[2025-10-31 22:29:52] [STDERR] 2025-10-31 22:29:52,780 - LokiExporter.loki-exporter - INFO - Loki exporter worker initialized (loki_url=http://localhost:3100, batch_size=100, poll_interval=5, leader_key={shard:0}:global:loki_exporter:leader)
[2025-10-31 22:29:52] [STDERR] 2025-10-31 22:29:52,780 - LokiExporter.loki-exporter - INFO - Loki exporter worker started (worker_id=loki-exporter)
[2025-10-31 22:29:52] [STDERR] 2025-10-31 22:29:52,780 - LokiExporter.loki-exporter - INFO - Starting leader election loop for loki-exporter
[2025-10-31 22:29:52] [STDERR] 2025-10-31 22:29:52,780 - LokiExporter.loki-exporter - INFO - Starting service registry heartbeat for loki-exporter
[2025-10-31 22:29:52] [STDERR] 2025-10-31 22:29:52,783 - gleitzeit.core.leader_election - ERROR - Error getting current leader: 'str' object has no attribute 'decode'
[2025-10-31 22:29:52] [STDERR] 2025-10-31 22:29:52,784 - gleitzeit.core.leader_election - INFO - Worker loki-exporter became leader for {shard:0}:global:loki_exporter:leader
[2025-10-31 22:29:52] [STDERR] 2025-10-31 22:29:52,784 - LokiExporter.loki-exporter - INFO - 🎖️  LokiExporter loki-exporter BECAME LEADER
[2025-10-31 22:29:57] [STDERR] 2025-10-31 22:29:57,825 - LokiExporter.loki-exporter - ERROR - Failed to export logs to Loki: Cannot connect to host localhost:3100 ssl:default [Multiple exceptions: [Errno 61] Connect call failed ('::1', 3100, 0, 0), [Errno 61] Connect call failed ('127.0.0.1', 3100)]
[2025-10-31 22:29:57] [STDERR] Traceback (most recent call last):
[2025-10-31 22:29:57] [STDERR]   File "/opt/homebrew/Caskroom/miniconda/base/lib/python3.11/site-packages/aiohttp/connector.py", line 1268, in _wrap_create_connection
[2025-10-31 22:29:57] [STDERR]     sock = await aiohappyeyeballs.start_connection(
[2025-10-31 22:29:57] [STDERR]            ^^^^^^^^^^^^^^^^^^^^^^^^^^^^^^^^^^^^^^^^
[2025-10-31 22:29:57] [STDERR]   File "/opt/homebrew/Caskroom/miniconda/base/lib/python3.11/site-packages/aiohappyeyeballs/impl.py", line 141, in start_connection
[2025-10-31 22:29:57] [STDERR]     raise OSError(first_errno, msg)
[2025-10-31 22:29:57] [STDERR] ConnectionRefusedError: [Errno 61] Multiple exceptions: [Errno 61] Connect call failed ('::1', 3100, 0, 0), [Errno 61] Connect call failed ('127.0.0.1', 3100)
[2025-10-31 22:29:57] [STDERR] 
[2025-10-31 22:29:57] [STDERR] The above exception was the direct cause of the following exception:
[2025-10-31 22:29:57] [STDERR] 
[2025-10-31 22:29:57] [STDERR] Traceback (most recent call last):
[2025-10-31 22:29:57] [STDERR]   File "/Users/leifmarkthaler/github/gleitzeit 0.0.7/src/gleitzeit/workers/loki_exporter_worker.py", line 251, in export_logs_to_loki
[2025-10-31 22:29:57] [STDERR]     async with self.session.post(
[2025-10-31 22:29:57] [STDERR]   File "/opt/homebrew/Caskroom/miniconda/base/lib/python3.11/site-packages/aiohttp/client.py", line 1488, in __aenter__
[2025-10-31 22:29:57] [STDERR]     self._resp: _RetType = await self._coro
[2025-10-31 22:29:57] [STDERR]                            ^^^^^^^^^^^^^^^^
[2025-10-31 22:29:57] [STDERR]   File "/opt/homebrew/Caskroom/miniconda/base/lib/python3.11/site-packages/aiohttp/client.py", line 770, in _request
[2025-10-31 22:29:57] [STDERR]     resp = await handler(req)
[2025-10-31 22:29:57] [STDERR]            ^^^^^^^^^^^^^^^^^^
[2025-10-31 22:29:57] [STDERR]   File "/opt/homebrew/Caskroom/miniconda/base/lib/python3.11/site-packages/aiohttp/client.py", line 725, in _connect_and_send_request
[2025-10-31 22:29:57] [STDERR]     conn = await self._connector.connect(
[2025-10-31 22:29:57] [STDERR]            ^^^^^^^^^^^^^^^^^^^^^^^^^^^^^^
[2025-10-31 22:29:57] [STDERR]   File "/opt/homebrew/Caskroom/miniconda/base/lib/python3.11/site-packages/aiohttp/connector.py", line 642, in connect
[2025-10-31 22:29:57] [STDERR]     proto = await self._create_connection(req, traces, timeout)
[2025-10-31 22:29:57] [STDERR]             ^^^^^^^^^^^^^^^^^^^^^^^^^^^^^^^^^^^^^^^^^^^^^^^^^^^
[2025-10-31 22:29:57] [STDERR]   File "/opt/homebrew/Caskroom/miniconda/base/lib/python3.11/site-packages/aiohttp/connector.py", line 1209, in _create_connection
[2025-10-31 22:29:57] [STDERR]     _, proto = await self._create_direct_connection(req, traces, timeout)
[2025-10-31 22:29:57] [STDERR]                ^^^^^^^^^^^^^^^^^^^^^^^^^^^^^^^^^^^^^^^^^^^^^^^^^^^^^^^^^^
[2025-10-31 22:29:57] [STDERR]   File "/opt/homebrew/Caskroom/miniconda/base/lib/python3.11/site-packages/aiohttp/connector.py", line 1581, in _create_direct_connection
[2025-10-31 22:29:57] [STDERR]     raise last_exc
[2025-10-31 22:29:57] [STDERR]   File "/opt/homebrew/Caskroom/miniconda/base/lib/python3.11/site-packages/aiohttp/connector.py", line 1550, in _create_direct_connection
[2025-10-31 22:29:57] [STDERR]     transp, proto = await self._wrap_create_connection(
[2025-10-31 22:29:57] [STDERR]                     ^^^^^^^^^^^^^^^^^^^^^^^^^^^^^^^^^^^
[2025-10-31 22:29:57] [STDERR]   File "/opt/homebrew/Caskroom/miniconda/base/lib/python3.11/site-packages/aiohttp/connector.py", line 1291, in _wrap_create_connection
[2025-10-31 22:29:57] [STDERR]     raise client_error(req.connection_key, exc) from exc
[2025-10-31 22:29:57] [STDERR] aiohttp.client_exceptions.ClientConnectorError: Cannot connect to host localhost:3100 ssl:default [Multiple exceptions: [Errno 61] Connect call failed ('::1', 3100, 0, 0), [Errno 61] Connect call failed ('127.0.0.1', 3100)]
[2025-10-31 22:30:02] [STDERR] 2025-10-31 22:30:02,860 - LokiExporter.loki-exporter - ERROR - Failed to export logs to Loki: Cannot connect to host localhost:3100 ssl:default [Multiple exceptions: [Errno 61] Connect call failed ('127.0.0.1', 3100), [Errno 61] Connect call failed ('::1', 3100, 0, 0)]
[2025-10-31 22:30:02] [STDERR] Traceback (most recent call last):
[2025-10-31 22:30:02] [STDERR]   File "/opt/homebrew/Caskroom/miniconda/base/lib/python3.11/site-packages/aiohttp/connector.py", line 1268, in _wrap_create_connection
[2025-10-31 22:30:02] [STDERR]     sock = await aiohappyeyeballs.start_connection(
[2025-10-31 22:30:02] [STDERR]            ^^^^^^^^^^^^^^^^^^^^^^^^^^^^^^^^^^^^^^^^
[2025-10-31 22:30:02] [STDERR]   File "/opt/homebrew/Caskroom/miniconda/base/lib/python3.11/site-packages/aiohappyeyeballs/impl.py", line 141, in start_connection
[2025-10-31 22:30:02] [STDERR]     raise OSError(first_errno, msg)
[2025-10-31 22:30:02] [STDERR] ConnectionRefusedError: [Errno 61] Multiple exceptions: [Errno 61] Connect call failed ('127.0.0.1', 3100), [Errno 61] Connect call failed ('::1', 3100, 0, 0)
[2025-10-31 22:30:02] [STDERR] 
[2025-10-31 22:30:02] [STDERR] The above exception was the direct cause of the following exception:
[2025-10-31 22:30:02] [STDERR] 
[2025-10-31 22:30:02] [STDERR] Traceback (most recent call last):
[2025-10-31 22:30:02] [STDERR]   File "/Users/leifmarkthaler/github/gleitzeit 0.0.7/src/gleitzeit/workers/loki_exporter_worker.py", line 251, in export_logs_to_loki
[2025-10-31 22:30:02] [STDERR]     async with self.session.post(
[2025-10-31 22:30:02] [STDERR]   File "/opt/homebrew/Caskroom/miniconda/base/lib/python3.11/site-packages/aiohttp/client.py", line 1488, in __aenter__
[2025-10-31 22:30:02] [STDERR]     self._resp: _RetType = await self._coro
[2025-10-31 22:30:02] [STDERR]                            ^^^^^^^^^^^^^^^^
[2025-10-31 22:30:02] [STDERR]   File "/opt/homebrew/Caskroom/miniconda/base/lib/python3.11/site-packages/aiohttp/client.py", line 770, in _request
[2025-10-31 22:30:02] [STDERR]     resp = await handler(req)
[2025-10-31 22:30:02] [STDERR]            ^^^^^^^^^^^^^^^^^^
[2025-10-31 22:30:02] [STDERR]   File "/opt/homebrew/Caskroom/miniconda/base/lib/python3.11/site-packages/aiohttp/client.py", line 725, in _connect_and_send_request
[2025-10-31 22:30:02] [STDERR]     conn = await self._connector.connect(
[2025-10-31 22:30:02] [STDERR]            ^^^^^^^^^^^^^^^^^^^^^^^^^^^^^^
[2025-10-31 22:30:02] [STDERR]   File "/opt/homebrew/Caskroom/miniconda/base/lib/python3.11/site-packages/aiohttp/connector.py", line 642, in connect
[2025-10-31 22:30:02] [STDERR]     proto = await self._create_connection(req, traces, timeout)
[2025-10-31 22:30:02] [STDERR]             ^^^^^^^^^^^^^^^^^^^^^^^^^^^^^^^^^^^^^^^^^^^^^^^^^^^
[2025-10-31 22:30:02] [STDERR]   File "/opt/homebrew/Caskroom/miniconda/base/lib/python3.11/site-packages/aiohttp/connector.py", line 1209, in _create_connection
[2025-10-31 22:30:02] [STDERR]     _, proto = await self._create_direct_connection(req, traces, timeout)
[2025-10-31 22:30:02] [STDERR]                ^^^^^^^^^^^^^^^^^^^^^^^^^^^^^^^^^^^^^^^^^^^^^^^^^^^^^^^^^^
[2025-10-31 22:30:02] [STDERR]   File "/opt/homebrew/Caskroom/miniconda/base/lib/python3.11/site-packages/aiohttp/connector.py", line 1581, in _create_direct_connection
[2025-10-31 22:30:02] [STDERR]     raise last_exc
[2025-10-31 22:30:02] [STDERR]   File "/opt/homebrew/Caskroom/miniconda/base/lib/python3.11/site-packages/aiohttp/connector.py", line 1550, in _create_direct_connection
[2025-10-31 22:30:02] [STDERR]     transp, proto = await self._wrap_create_connection(
[2025-10-31 22:30:02] [STDERR]                     ^^^^^^^^^^^^^^^^^^^^^^^^^^^^^^^^^^^
[2025-10-31 22:30:02] [STDERR]   File "/opt/homebrew/Caskroom/miniconda/base/lib/python3.11/site-packages/aiohttp/connector.py", line 1291, in _wrap_create_connection
[2025-10-31 22:30:02] [STDERR]     raise client_error(req.connection_key, exc) from exc
[2025-10-31 22:30:02] [STDERR] aiohttp.client_exceptions.ClientConnectorError: Cannot connect to host localhost:3100 ssl:default [Multiple exceptions: [Errno 61] Connect call failed ('127.0.0.1', 3100), [Errno 61] Connect call failed ('::1', 3100, 0, 0)]
[2025-10-31 22:30:07] [STDERR] 2025-10-31 22:30:07,912 - LokiExporter.loki-exporter - ERROR - Failed to export logs to Loki: Cannot connect to host localhost:3100 ssl:default [Multiple exceptions: [Errno 61] Connect call failed ('::1', 3100, 0, 0), [Errno 61] Connect call failed ('127.0.0.1', 3100)]
[2025-10-31 22:30:07] [STDERR] Traceback (most recent call last):
[2025-10-31 22:30:07] [STDERR]   File "/opt/homebrew/Caskroom/miniconda/base/lib/python3.11/site-packages/aiohttp/connector.py", line 1268, in _wrap_create_connection
[2025-10-31 22:30:07] [STDERR]     sock = await aiohappyeyeballs.start_connection(
[2025-10-31 22:30:07] [STDERR]            ^^^^^^^^^^^^^^^^^^^^^^^^^^^^^^^^^^^^^^^^
[2025-10-31 22:30:07] [STDERR]   File "/opt/homebrew/Caskroom/miniconda/base/lib/python3.11/site-packages/aiohappyeyeballs/impl.py", line 141, in start_connection
[2025-10-31 22:30:07] [STDERR]     raise OSError(first_errno, msg)
[2025-10-31 22:30:07] [STDERR] ConnectionRefusedError: [Errno 61] Multiple exceptions: [Errno 61] Connect call failed ('::1', 3100, 0, 0), [Errno 61] Connect call failed ('127.0.0.1', 3100)
[2025-10-31 22:30:07] [STDERR] 
[2025-10-31 22:30:07] [STDERR] The above exception was the direct cause of the following exception:
[2025-10-31 22:30:07] [STDERR] 
[2025-10-31 22:30:07] [STDERR] Traceback (most recent call last):
[2025-10-31 22:30:07] [STDERR]   File "/Users/leifmarkthaler/github/gleitzeit 0.0.7/src/gleitzeit/workers/loki_exporter_worker.py", line 251, in export_logs_to_loki
[2025-10-31 22:30:07] [STDERR]     async with self.session.post(
[2025-10-31 22:30:07] [STDERR]   File "/opt/homebrew/Caskroom/miniconda/base/lib/python3.11/site-packages/aiohttp/client.py", line 1488, in __aenter__
[2025-10-31 22:30:07] [STDERR]     self._resp: _RetType = await self._coro
[2025-10-31 22:30:07] [STDERR]                            ^^^^^^^^^^^^^^^^
[2025-10-31 22:30:07] [STDERR]   File "/opt/homebrew/Caskroom/miniconda/base/lib/python3.11/site-packages/aiohttp/client.py", line 770, in _request
[2025-10-31 22:30:07] [STDERR]     resp = await handler(req)
[2025-10-31 22:30:07] [STDERR]            ^^^^^^^^^^^^^^^^^^
[2025-10-31 22:30:07] [STDERR]   File "/opt/homebrew/Caskroom/miniconda/base/lib/python3.11/site-packages/aiohttp/client.py", line 725, in _connect_and_send_request
[2025-10-31 22:30:07] [STDERR]     conn = await self._connector.connect(
[2025-10-31 22:30:07] [STDERR]            ^^^^^^^^^^^^^^^^^^^^^^^^^^^^^^
[2025-10-31 22:30:07] [STDERR]   File "/opt/homebrew/Caskroom/miniconda/base/lib/python3.11/site-packages/aiohttp/connector.py", line 642, in connect
[2025-10-31 22:30:07] [STDERR]     proto = await self._create_connection(req, traces, timeout)
[2025-10-31 22:30:07] [STDERR]             ^^^^^^^^^^^^^^^^^^^^^^^^^^^^^^^^^^^^^^^^^^^^^^^^^^^
[2025-10-31 22:30:07] [STDERR]   File "/opt/homebrew/Caskroom/miniconda/base/lib/python3.11/site-packages/aiohttp/connector.py", line 1209, in _create_connection
[2025-10-31 22:30:07] [STDERR]     _, proto = await self._create_direct_connection(req, traces, timeout)
[2025-10-31 22:30:07] [STDERR]                ^^^^^^^^^^^^^^^^^^^^^^^^^^^^^^^^^^^^^^^^^^^^^^^^^^^^^^^^^^
[2025-10-31 22:30:07] [STDERR]   File "/opt/homebrew/Caskroom/miniconda/base/lib/python3.11/site-packages/aiohttp/connector.py", line 1581, in _create_direct_connection
[2025-10-31 22:30:07] [STDERR]     raise last_exc
[2025-10-31 22:30:07] [STDERR]   File "/opt/homebrew/Caskroom/miniconda/base/lib/python3.11/site-packages/aiohttp/connector.py", line 1550, in _create_direct_connection
[2025-10-31 22:30:07] [STDERR]     transp, proto = await self._wrap_create_connection(
[2025-10-31 22:30:07] [STDERR]                     ^^^^^^^^^^^^^^^^^^^^^^^^^^^^^^^^^^^
[2025-10-31 22:30:07] [STDERR]   File "/opt/homebrew/Caskroom/miniconda/base/lib/python3.11/site-packages/aiohttp/connector.py", line 1291, in _wrap_create_connection
[2025-10-31 22:30:07] [STDERR]     raise client_error(req.connection_key, exc) from exc
[2025-10-31 22:30:07] [STDERR] aiohttp.client_exceptions.ClientConnectorError: Cannot connect to host localhost:3100 ssl:default [Multiple exceptions: [Errno 61] Connect call failed ('::1', 3100, 0, 0), [Errno 61] Connect call failed ('127.0.0.1', 3100)]
[2025-10-31 22:30:12] [STDERR] 2025-10-31 22:30:12,939 - LokiExporter.loki-exporter - ERROR - Failed to export logs to Loki: Cannot connect to host localhost:3100 ssl:default [Multiple exceptions: [Errno 61] Connect call failed ('127.0.0.1', 3100), [Errno 61] Connect call failed ('::1', 3100, 0, 0)]
[2025-10-31 22:30:12] [STDERR] Traceback (most recent call last):
[2025-10-31 22:30:12] [STDERR]   File "/opt/homebrew/Caskroom/miniconda/base/lib/python3.11/site-packages/aiohttp/connector.py", line 1268, in _wrap_create_connection
[2025-10-31 22:30:12] [STDERR]     sock = await aiohappyeyeballs.start_connection(
[2025-10-31 22:30:12] [STDERR]            ^^^^^^^^^^^^^^^^^^^^^^^^^^^^^^^^^^^^^^^^
[2025-10-31 22:30:12] [STDERR]   File "/opt/homebrew/Caskroom/miniconda/base/lib/python3.11/site-packages/aiohappyeyeballs/impl.py", line 141, in start_connection
[2025-10-31 22:30:12] [STDERR]     raise OSError(first_errno, msg)
[2025-10-31 22:30:12] [STDERR] ConnectionRefusedError: [Errno 61] Multiple exceptions: [Errno 61] Connect call failed ('127.0.0.1', 3100), [Errno 61] Connect call failed ('::1', 3100, 0, 0)
[2025-10-31 22:30:12] [STDERR] 
[2025-10-31 22:30:12] [STDERR] The above exception was the direct cause of the following exception:
[2025-10-31 22:30:12] [STDERR] 
[2025-10-31 22:30:12] [STDERR] Traceback (most recent call last):
[2025-10-31 22:30:12] [STDERR]   File "/Users/leifmarkthaler/github/gleitzeit 0.0.7/src/gleitzeit/workers/loki_exporter_worker.py", line 251, in export_logs_to_loki
[2025-10-31 22:30:12] [STDERR]     async with self.session.post(
[2025-10-31 22:30:12] [STDERR]   File "/opt/homebrew/Caskroom/miniconda/base/lib/python3.11/site-packages/aiohttp/client.py", line 1488, in __aenter__
[2025-10-31 22:30:12] [STDERR]     self._resp: _RetType = await self._coro
[2025-10-31 22:30:12] [STDERR]                            ^^^^^^^^^^^^^^^^
[2025-10-31 22:30:12] [STDERR]   File "/opt/homebrew/Caskroom/miniconda/base/lib/python3.11/site-packages/aiohttp/client.py", line 770, in _request
[2025-10-31 22:30:12] [STDERR]     resp = await handler(req)
[2025-10-31 22:30:12] [STDERR]            ^^^^^^^^^^^^^^^^^^
[2025-10-31 22:30:12] [STDERR]   File "/opt/homebrew/Caskroom/miniconda/base/lib/python3.11/site-packages/aiohttp/client.py", line 725, in _connect_and_send_request
[2025-10-31 22:30:12] [STDERR]     conn = await self._connector.connect(
[2025-10-31 22:30:12] [STDERR]            ^^^^^^^^^^^^^^^^^^^^^^^^^^^^^^
[2025-10-31 22:30:12] [STDERR]   File "/opt/homebrew/Caskroom/miniconda/base/lib/python3.11/site-packages/aiohttp/connector.py", line 642, in connect
[2025-10-31 22:30:12] [STDERR]     proto = await self._create_connection(req, traces, timeout)
[2025-10-31 22:30:12] [STDERR]             ^^^^^^^^^^^^^^^^^^^^^^^^^^^^^^^^^^^^^^^^^^^^^^^^^^^
[2025-10-31 22:30:12] [STDERR]   File "/opt/homebrew/Caskroom/miniconda/base/lib/python3.11/site-packages/aiohttp/connector.py", line 1209, in _create_connection
[2025-10-31 22:30:12] [STDERR]     _, proto = await self._create_direct_connection(req, traces, timeout)
[2025-10-31 22:30:12] [STDERR]                ^^^^^^^^^^^^^^^^^^^^^^^^^^^^^^^^^^^^^^^^^^^^^^^^^^^^^^^^^^
[2025-10-31 22:30:12] [STDERR]   File "/opt/homebrew/Caskroom/miniconda/base/lib/python3.11/site-packages/aiohttp/connector.py", line 1581, in _create_direct_connection
[2025-10-31 22:30:12] [STDERR]     raise last_exc
[2025-10-31 22:30:12] [STDERR]   File "/opt/homebrew/Caskroom/miniconda/base/lib/python3.11/site-packages/aiohttp/connector.py", line 1550, in _create_direct_connection
[2025-10-31 22:30:12] [STDERR]     transp, proto = await self._wrap_create_connection(
[2025-10-31 22:30:12] [STDERR]                     ^^^^^^^^^^^^^^^^^^^^^^^^^^^^^^^^^^^
[2025-10-31 22:30:12] [STDERR]   File "/opt/homebrew/Caskroom/miniconda/base/lib/python3.11/site-packages/aiohttp/connector.py", line 1291, in _wrap_create_connection
[2025-10-31 22:30:12] [STDERR]     raise client_error(req.connection_key, exc) from exc
[2025-10-31 22:30:12] [STDERR] aiohttp.client_exceptions.ClientConnectorError: Cannot connect to host localhost:3100 ssl:default [Multiple exceptions: [Errno 61] Connect call failed ('127.0.0.1', 3100), [Errno 61] Connect call failed ('::1', 3100, 0, 0)]
[2025-10-31 22:30:17] [STDERR] 2025-10-31 22:30:17,971 - LokiExporter.loki-exporter - ERROR - Failed to export logs to Loki: Cannot connect to host localhost:3100 ssl:default [Multiple exceptions: [Errno 61] Connect call failed ('::1', 3100, 0, 0), [Errno 61] Connect call failed ('127.0.0.1', 3100)]
[2025-10-31 22:30:17] [STDERR] Traceback (most recent call last):
[2025-10-31 22:30:17] [STDERR]   File "/opt/homebrew/Caskroom/miniconda/base/lib/python3.11/site-packages/aiohttp/connector.py", line 1268, in _wrap_create_connection
[2025-10-31 22:30:17] [STDERR]     sock = await aiohappyeyeballs.start_connection(
[2025-10-31 22:30:17] [STDERR]            ^^^^^^^^^^^^^^^^^^^^^^^^^^^^^^^^^^^^^^^^
[2025-10-31 22:30:17] [STDERR]   File "/opt/homebrew/Caskroom/miniconda/base/lib/python3.11/site-packages/aiohappyeyeballs/impl.py", line 141, in start_connection
[2025-10-31 22:30:17] [STDERR]     raise OSError(first_errno, msg)
[2025-10-31 22:30:17] [STDERR] ConnectionRefusedError: [Errno 61] Multiple exceptions: [Errno 61] Connect call failed ('::1', 3100, 0, 0), [Errno 61] Connect call failed ('127.0.0.1', 3100)
[2025-10-31 22:30:17] [STDERR] 
[2025-10-31 22:30:17] [STDERR] The above exception was the direct cause of the following exception:
[2025-10-31 22:30:17] [STDERR] 
[2025-10-31 22:30:17] [STDERR] Traceback (most recent call last):
[2025-10-31 22:30:17] [STDERR]   File "/Users/leifmarkthaler/github/gleitzeit 0.0.7/src/gleitzeit/workers/loki_exporter_worker.py", line 251, in export_logs_to_loki
[2025-10-31 22:30:17] [STDERR]     async with self.session.post(
[2025-10-31 22:30:17] [STDERR]   File "/opt/homebrew/Caskroom/miniconda/base/lib/python3.11/site-packages/aiohttp/client.py", line 1488, in __aenter__
[2025-10-31 22:30:17] [STDERR]     self._resp: _RetType = await self._coro
[2025-10-31 22:30:17] [STDERR]                            ^^^^^^^^^^^^^^^^
[2025-10-31 22:30:17] [STDERR]   File "/opt/homebrew/Caskroom/miniconda/base/lib/python3.11/site-packages/aiohttp/client.py", line 770, in _request
[2025-10-31 22:30:17] [STDERR]     resp = await handler(req)
[2025-10-31 22:30:17] [STDERR]            ^^^^^^^^^^^^^^^^^^
[2025-10-31 22:30:17] [STDERR]   File "/opt/homebrew/Caskroom/miniconda/base/lib/python3.11/site-packages/aiohttp/client.py", line 725, in _connect_and_send_request
[2025-10-31 22:30:17] [STDERR]     conn = await self._connector.connect(
[2025-10-31 22:30:17] [STDERR]            ^^^^^^^^^^^^^^^^^^^^^^^^^^^^^^
[2025-10-31 22:30:17] [STDERR]   File "/opt/homebrew/Caskroom/miniconda/base/lib/python3.11/site-packages/aiohttp/connector.py", line 642, in connect
[2025-10-31 22:30:17] [STDERR]     proto = await self._create_connection(req, traces, timeout)
[2025-10-31 22:30:17] [STDERR]             ^^^^^^^^^^^^^^^^^^^^^^^^^^^^^^^^^^^^^^^^^^^^^^^^^^^
[2025-10-31 22:30:17] [STDERR]   File "/opt/homebrew/Caskroom/miniconda/base/lib/python3.11/site-packages/aiohttp/connector.py", line 1209, in _create_connection
[2025-10-31 22:30:17] [STDERR]     _, proto = await self._create_direct_connection(req, traces, timeout)
[2025-10-31 22:30:17] [STDERR]                ^^^^^^^^^^^^^^^^^^^^^^^^^^^^^^^^^^^^^^^^^^^^^^^^^^^^^^^^^^
[2025-10-31 22:30:17] [STDERR]   File "/opt/homebrew/Caskroom/miniconda/base/lib/python3.11/site-packages/aiohttp/connector.py", line 1581, in _create_direct_connection
[2025-10-31 22:30:17] [STDERR]     raise last_exc
[2025-10-31 22:30:17] [STDERR]   File "/opt/homebrew/Caskroom/miniconda/base/lib/python3.11/site-packages/aiohttp/connector.py", line 1550, in _create_direct_connection
[2025-10-31 22:30:17] [STDERR]     transp, proto = await self._wrap_create_connection(
[2025-10-31 22:30:17] [STDERR]                     ^^^^^^^^^^^^^^^^^^^^^^^^^^^^^^^^^^^
[2025-10-31 22:30:17] [STDERR]   File "/opt/homebrew/Caskroom/miniconda/base/lib/python3.11/site-packages/aiohttp/connector.py", line 1291, in _wrap_create_connection
[2025-10-31 22:30:17] [STDERR]     raise client_error(req.connection_key, exc) from exc
[2025-10-31 22:30:17] [STDERR] aiohttp.client_exceptions.ClientConnectorError: Cannot connect to host localhost:3100 ssl:default [Multiple exceptions: [Errno 61] Connect call failed ('::1', 3100, 0, 0), [Errno 61] Connect call failed ('127.0.0.1', 3100)]
[2025-10-31 22:30:23] [STDERR] 2025-10-31 22:30:23,008 - LokiExporter.loki-exporter - ERROR - Failed to export logs to Loki: Cannot connect to host localhost:3100 ssl:default [Multiple exceptions: [Errno 61] Connect call failed ('127.0.0.1', 3100), [Errno 61] Connect call failed ('::1', 3100, 0, 0)]
[2025-10-31 22:30:23] [STDERR] Traceback (most recent call last):
[2025-10-31 22:30:23] [STDERR]   File "/opt/homebrew/Caskroom/miniconda/base/lib/python3.11/site-packages/aiohttp/connector.py", line 1268, in _wrap_create_connection
[2025-10-31 22:30:23] [STDERR]     sock = await aiohappyeyeballs.start_connection(
[2025-10-31 22:30:23] [STDERR]            ^^^^^^^^^^^^^^^^^^^^^^^^^^^^^^^^^^^^^^^^
[2025-10-31 22:30:23] [STDERR]   File "/opt/homebrew/Caskroom/miniconda/base/lib/python3.11/site-packages/aiohappyeyeballs/impl.py", line 141, in start_connection
[2025-10-31 22:30:23] [STDERR]     raise OSError(first_errno, msg)
[2025-10-31 22:30:23] [STDERR] ConnectionRefusedError: [Errno 61] Multiple exceptions: [Errno 61] Connect call failed ('127.0.0.1', 3100), [Errno 61] Connect call failed ('::1', 3100, 0, 0)
[2025-10-31 22:30:23] [STDERR] 
[2025-10-31 22:30:23] [STDERR] The above exception was the direct cause of the following exception:
[2025-10-31 22:30:23] [STDERR] 
[2025-10-31 22:30:23] [STDERR] Traceback (most recent call last):
[2025-10-31 22:30:23] [STDERR]   File "/Users/leifmarkthaler/github/gleitzeit 0.0.7/src/gleitzeit/workers/loki_exporter_worker.py", line 251, in export_logs_to_loki
[2025-10-31 22:30:23] [STDERR]     async with self.session.post(
[2025-10-31 22:30:23] [STDERR]   File "/opt/homebrew/Caskroom/miniconda/base/lib/python3.11/site-packages/aiohttp/client.py", line 1488, in __aenter__
[2025-10-31 22:30:23] [STDERR]     self._resp: _RetType = await self._coro
[2025-10-31 22:30:23] [STDERR]                            ^^^^^^^^^^^^^^^^
[2025-10-31 22:30:23] [STDERR]   File "/opt/homebrew/Caskroom/miniconda/base/lib/python3.11/site-packages/aiohttp/client.py", line 770, in _request
[2025-10-31 22:30:23] [STDERR]     resp = await handler(req)
[2025-10-31 22:30:23] [STDERR]            ^^^^^^^^^^^^^^^^^^
[2025-10-31 22:30:23] [STDERR]   File "/opt/homebrew/Caskroom/miniconda/base/lib/python3.11/site-packages/aiohttp/client.py", line 725, in _connect_and_send_request
[2025-10-31 22:30:23] [STDERR]     conn = await self._connector.connect(
[2025-10-31 22:30:23] [STDERR]            ^^^^^^^^^^^^^^^^^^^^^^^^^^^^^^
[2025-10-31 22:30:23] [STDERR]   File "/opt/homebrew/Caskroom/miniconda/base/lib/python3.11/site-packages/aiohttp/connector.py", line 642, in connect
[2025-10-31 22:30:23] [STDERR]     proto = await self._create_connection(req, traces, timeout)
[2025-10-31 22:30:23] [STDERR]             ^^^^^^^^^^^^^^^^^^^^^^^^^^^^^^^^^^^^^^^^^^^^^^^^^^^
[2025-10-31 22:30:23] [STDERR]   File "/opt/homebrew/Caskroom/miniconda/base/lib/python3.11/site-packages/aiohttp/connector.py", line 1209, in _create_connection
[2025-10-31 22:30:23] [STDERR]     _, proto = await self._create_direct_connection(req, traces, timeout)
[2025-10-31 22:30:23] [STDERR]                ^^^^^^^^^^^^^^^^^^^^^^^^^^^^^^^^^^^^^^^^^^^^^^^^^^^^^^^^^^
[2025-10-31 22:30:23] [STDERR]   File "/opt/homebrew/Caskroom/miniconda/base/lib/python3.11/site-packages/aiohttp/connector.py", line 1581, in _create_direct_connection
[2025-10-31 22:30:23] [STDERR]     raise last_exc
[2025-10-31 22:30:23] [STDERR]   File "/opt/homebrew/Caskroom/miniconda/base/lib/python3.11/site-packages/aiohttp/connector.py", line 1550, in _create_direct_connection
[2025-10-31 22:30:23] [STDERR]     transp, proto = await self._wrap_create_connection(
[2025-10-31 22:30:23] [STDERR]                     ^^^^^^^^^^^^^^^^^^^^^^^^^^^^^^^^^^^
[2025-10-31 22:30:23] [STDERR]   File "/opt/homebrew/Caskroom/miniconda/base/lib/python3.11/site-packages/aiohttp/connector.py", line 1291, in _wrap_create_connection
[2025-10-31 22:30:23] [STDERR]     raise client_error(req.connection_key, exc) from exc
[2025-10-31 22:30:23] [STDERR] aiohttp.client_exceptions.ClientConnectorError: Cannot connect to host localhost:3100 ssl:default [Multiple exceptions: [Errno 61] Connect call failed ('127.0.0.1', 3100), [Errno 61] Connect call failed ('::1', 3100, 0, 0)]
[2025-10-31 22:30:28] [STDERR] 2025-10-31 22:30:28,043 - LokiExporter.loki-exporter - ERROR - Failed to export logs to Loki: Cannot connect to host localhost:3100 ssl:default [Multiple exceptions: [Errno 61] Connect call failed ('::1', 3100, 0, 0), [Errno 61] Connect call failed ('127.0.0.1', 3100)]
[2025-10-31 22:30:28] [STDERR] Traceback (most recent call last):
[2025-10-31 22:30:28] [STDERR]   File "/opt/homebrew/Caskroom/miniconda/base/lib/python3.11/site-packages/aiohttp/connector.py", line 1268, in _wrap_create_connection
[2025-10-31 22:30:28] [STDERR]     sock = await aiohappyeyeballs.start_connection(
[2025-10-31 22:30:28] [STDERR]            ^^^^^^^^^^^^^^^^^^^^^^^^^^^^^^^^^^^^^^^^
[2025-10-31 22:30:28] [STDERR]   File "/opt/homebrew/Caskroom/miniconda/base/lib/python3.11/site-packages/aiohappyeyeballs/impl.py", line 141, in start_connection
[2025-10-31 22:30:28] [STDERR]     raise OSError(first_errno, msg)
[2025-10-31 22:30:28] [STDERR] ConnectionRefusedError: [Errno 61] Multiple exceptions: [Errno 61] Connect call failed ('::1', 3100, 0, 0), [Errno 61] Connect call failed ('127.0.0.1', 3100)
[2025-10-31 22:30:28] [STDERR] 
[2025-10-31 22:30:28] [STDERR] The above exception was the direct cause of the following exception:
[2025-10-31 22:30:28] [STDERR] 
[2025-10-31 22:30:28] [STDERR] Traceback (most recent call last):
[2025-10-31 22:30:28] [STDERR]   File "/Users/leifmarkthaler/github/gleitzeit 0.0.7/src/gleitzeit/workers/loki_exporter_worker.py", line 251, in export_logs_to_loki
[2025-10-31 22:30:28] [STDERR]     async with self.session.post(
[2025-10-31 22:30:28] [STDERR]   File "/opt/homebrew/Caskroom/miniconda/base/lib/python3.11/site-packages/aiohttp/client.py", line 1488, in __aenter__
[2025-10-31 22:30:28] [STDERR]     self._resp: _RetType = await self._coro
[2025-10-31 22:30:28] [STDERR]                            ^^^^^^^^^^^^^^^^
[2025-10-31 22:30:28] [STDERR]   File "/opt/homebrew/Caskroom/miniconda/base/lib/python3.11/site-packages/aiohttp/client.py", line 770, in _request
[2025-10-31 22:30:28] [STDERR]     resp = await handler(req)
[2025-10-31 22:30:28] [STDERR]            ^^^^^^^^^^^^^^^^^^
[2025-10-31 22:30:28] [STDERR]   File "/opt/homebrew/Caskroom/miniconda/base/lib/python3.11/site-packages/aiohttp/client.py", line 725, in _connect_and_send_request
[2025-10-31 22:30:28] [STDERR]     conn = await self._connector.connect(
[2025-10-31 22:30:28] [STDERR]            ^^^^^^^^^^^^^^^^^^^^^^^^^^^^^^
[2025-10-31 22:30:28] [STDERR]   File "/opt/homebrew/Caskroom/miniconda/base/lib/python3.11/site-packages/aiohttp/connector.py", line 642, in connect
[2025-10-31 22:30:28] [STDERR]     proto = await self._create_connection(req, traces, timeout)
[2025-10-31 22:30:28] [STDERR]             ^^^^^^^^^^^^^^^^^^^^^^^^^^^^^^^^^^^^^^^^^^^^^^^^^^^
[2025-10-31 22:30:28] [STDERR]   File "/opt/homebrew/Caskroom/miniconda/base/lib/python3.11/site-packages/aiohttp/connector.py", line 1209, in _create_connection
[2025-10-31 22:30:28] [STDERR]     _, proto = await self._create_direct_connection(req, traces, timeout)
[2025-10-31 22:30:28] [STDERR]                ^^^^^^^^^^^^^^^^^^^^^^^^^^^^^^^^^^^^^^^^^^^^^^^^^^^^^^^^^^
[2025-10-31 22:30:28] [STDERR]   File "/opt/homebrew/Caskroom/miniconda/base/lib/python3.11/site-packages/aiohttp/connector.py", line 1581, in _create_direct_connection
[2025-10-31 22:30:28] [STDERR]     raise last_exc
[2025-10-31 22:30:28] [STDERR]   File "/opt/homebrew/Caskroom/miniconda/base/lib/python3.11/site-packages/aiohttp/connector.py", line 1550, in _create_direct_connection
[2025-10-31 22:30:28] [STDERR]     transp, proto = await self._wrap_create_connection(
[2025-10-31 22:30:28] [STDERR]                     ^^^^^^^^^^^^^^^^^^^^^^^^^^^^^^^^^^^
[2025-10-31 22:30:28] [STDERR]   File "/opt/homebrew/Caskroom/miniconda/base/lib/python3.11/site-packages/aiohttp/connector.py", line 1291, in _wrap_create_connection
[2025-10-31 22:30:28] [STDERR]     raise client_error(req.connection_key, exc) from exc
[2025-10-31 22:30:28] [STDERR] aiohttp.client_exceptions.ClientConnectorError: Cannot connect to host localhost:3100 ssl:default [Multiple exceptions: [Errno 61] Connect call failed ('::1', 3100, 0, 0), [Errno 61] Connect call failed ('127.0.0.1', 3100)]
[2025-10-31 22:30:33] [STDERR] 2025-10-31 22:30:33,076 - LokiExporter.loki-exporter - ERROR - Failed to export logs to Loki: Cannot connect to host localhost:3100 ssl:default [Multiple exceptions: [Errno 61] Connect call failed ('127.0.0.1', 3100), [Errno 61] Connect call failed ('::1', 3100, 0, 0)]
[2025-10-31 22:30:33] [STDERR] Traceback (most recent call last):
[2025-10-31 22:30:33] [STDERR]   File "/opt/homebrew/Caskroom/miniconda/base/lib/python3.11/site-packages/aiohttp/connector.py", line 1268, in _wrap_create_connection
[2025-10-31 22:30:33] [STDERR]     sock = await aiohappyeyeballs.start_connection(
[2025-10-31 22:30:33] [STDERR]            ^^^^^^^^^^^^^^^^^^^^^^^^^^^^^^^^^^^^^^^^
[2025-10-31 22:30:33] [STDERR]   File "/opt/homebrew/Caskroom/miniconda/base/lib/python3.11/site-packages/aiohappyeyeballs/impl.py", line 141, in start_connection
[2025-10-31 22:30:33] [STDERR]     raise OSError(first_errno, msg)
[2025-10-31 22:30:33] [STDERR] ConnectionRefusedError: [Errno 61] Multiple exceptions: [Errno 61] Connect call failed ('127.0.0.1', 3100), [Errno 61] Connect call failed ('::1', 3100, 0, 0)
[2025-10-31 22:30:33] [STDERR] 
[2025-10-31 22:30:33] [STDERR] The above exception was the direct cause of the following exception:
[2025-10-31 22:30:33] [STDERR] 
[2025-10-31 22:30:33] [STDERR] Traceback (most recent call last):
[2025-10-31 22:30:33] [STDERR]   File "/Users/leifmarkthaler/github/gleitzeit 0.0.7/src/gleitzeit/workers/loki_exporter_worker.py", line 251, in export_logs_to_loki
[2025-10-31 22:30:33] [STDERR]     async with self.session.post(
[2025-10-31 22:30:33] [STDERR]   File "/opt/homebrew/Caskroom/miniconda/base/lib/python3.11/site-packages/aiohttp/client.py", line 1488, in __aenter__
[2025-10-31 22:30:33] [STDERR]     self._resp: _RetType = await self._coro
[2025-10-31 22:30:33] [STDERR]                            ^^^^^^^^^^^^^^^^
[2025-10-31 22:30:33] [STDERR]   File "/opt/homebrew/Caskroom/miniconda/base/lib/python3.11/site-packages/aiohttp/client.py", line 770, in _request
[2025-10-31 22:30:33] [STDERR]     resp = await handler(req)
[2025-10-31 22:30:33] [STDERR]            ^^^^^^^^^^^^^^^^^^
[2025-10-31 22:30:33] [STDERR]   File "/opt/homebrew/Caskroom/miniconda/base/lib/python3.11/site-packages/aiohttp/client.py", line 725, in _connect_and_send_request
[2025-10-31 22:30:33] [STDERR]     conn = await self._connector.connect(
[2025-10-31 22:30:33] [STDERR]            ^^^^^^^^^^^^^^^^^^^^^^^^^^^^^^
[2025-10-31 22:30:33] [STDERR]   File "/opt/homebrew/Caskroom/miniconda/base/lib/python3.11/site-packages/aiohttp/connector.py", line 642, in connect
[2025-10-31 22:30:33] [STDERR]     proto = await self._create_connection(req, traces, timeout)
[2025-10-31 22:30:33] [STDERR]             ^^^^^^^^^^^^^^^^^^^^^^^^^^^^^^^^^^^^^^^^^^^^^^^^^^^
[2025-10-31 22:30:33] [STDERR]   File "/opt/homebrew/Caskroom/miniconda/base/lib/python3.11/site-packages/aiohttp/connector.py", line 1209, in _create_connection
[2025-10-31 22:30:33] [STDERR]     _, proto = await self._create_direct_connection(req, traces, timeout)
[2025-10-31 22:30:33] [STDERR]                ^^^^^^^^^^^^^^^^^^^^^^^^^^^^^^^^^^^^^^^^^^^^^^^^^^^^^^^^^^
[2025-10-31 22:30:33] [STDERR]   File "/opt/homebrew/Caskroom/miniconda/base/lib/python3.11/site-packages/aiohttp/connector.py", line 1581, in _create_direct_connection
[2025-10-31 22:30:33] [STDERR]     raise last_exc
[2025-10-31 22:30:33] [STDERR]   File "/opt/homebrew/Caskroom/miniconda/base/lib/python3.11/site-packages/aiohttp/connector.py", line 1550, in _create_direct_connection
[2025-10-31 22:30:33] [STDERR]     transp, proto = await self._wrap_create_connection(
[2025-10-31 22:30:33] [STDERR]                     ^^^^^^^^^^^^^^^^^^^^^^^^^^^^^^^^^^^
[2025-10-31 22:30:33] [STDERR]   File "/opt/homebrew/Caskroom/miniconda/base/lib/python3.11/site-packages/aiohttp/connector.py", line 1291, in _wrap_create_connection
[2025-10-31 22:30:33] [STDERR]     raise client_error(req.connection_key, exc) from exc
[2025-10-31 22:30:33] [STDERR] aiohttp.client_exceptions.ClientConnectorError: Cannot connect to host localhost:3100 ssl:default [Multiple exceptions: [Errno 61] Connect call failed ('127.0.0.1', 3100), [Errno 61] Connect call failed ('::1', 3100, 0, 0)]
[2025-10-31 22:30:38] [STDERR] 2025-10-31 22:30:38,104 - LokiExporter.loki-exporter - ERROR - Failed to export logs to Loki: Cannot connect to host localhost:3100 ssl:default [Multiple exceptions: [Errno 61] Connect call failed ('::1', 3100, 0, 0), [Errno 61] Connect call failed ('127.0.0.1', 3100)]
[2025-10-31 22:30:38] [STDERR] Traceback (most recent call last):
[2025-10-31 22:30:38] [STDERR]   File "/opt/homebrew/Caskroom/miniconda/base/lib/python3.11/site-packages/aiohttp/connector.py", line 1268, in _wrap_create_connection
[2025-10-31 22:30:38] [STDERR]     sock = await aiohappyeyeballs.start_connection(
[2025-10-31 22:30:38] [STDERR]            ^^^^^^^^^^^^^^^^^^^^^^^^^^^^^^^^^^^^^^^^
[2025-10-31 22:30:38] [STDERR]   File "/opt/homebrew/Caskroom/miniconda/base/lib/python3.11/site-packages/aiohappyeyeballs/impl.py", line 141, in start_connection
[2025-10-31 22:30:38] [STDERR]     raise OSError(first_errno, msg)
[2025-10-31 22:30:38] [STDERR] ConnectionRefusedError: [Errno 61] Multiple exceptions: [Errno 61] Connect call failed ('::1', 3100, 0, 0), [Errno 61] Connect call failed ('127.0.0.1', 3100)
[2025-10-31 22:30:38] [STDERR] 
[2025-10-31 22:30:38] [STDERR] The above exception was the direct cause of the following exception:
[2025-10-31 22:30:38] [STDERR] 
[2025-10-31 22:30:38] [STDERR] Traceback (most recent call last):
[2025-10-31 22:30:38] [STDERR]   File "/Users/leifmarkthaler/github/gleitzeit 0.0.7/src/gleitzeit/workers/loki_exporter_worker.py", line 251, in export_logs_to_loki
[2025-10-31 22:30:38] [STDERR]     async with self.session.post(
[2025-10-31 22:30:38] [STDERR]   File "/opt/homebrew/Caskroom/miniconda/base/lib/python3.11/site-packages/aiohttp/client.py", line 1488, in __aenter__
[2025-10-31 22:30:38] [STDERR]     self._resp: _RetType = await self._coro
[2025-10-31 22:30:38] [STDERR]                            ^^^^^^^^^^^^^^^^
[2025-10-31 22:30:38] [STDERR]   File "/opt/homebrew/Caskroom/miniconda/base/lib/python3.11/site-packages/aiohttp/client.py", line 770, in _request
[2025-10-31 22:30:38] [STDERR]     resp = await handler(req)
[2025-10-31 22:30:38] [STDERR]            ^^^^^^^^^^^^^^^^^^
[2025-10-31 22:30:38] [STDERR]   File "/opt/homebrew/Caskroom/miniconda/base/lib/python3.11/site-packages/aiohttp/client.py", line 725, in _connect_and_send_request
[2025-10-31 22:30:38] [STDERR]     conn = await self._connector.connect(
[2025-10-31 22:30:38] [STDERR]            ^^^^^^^^^^^^^^^^^^^^^^^^^^^^^^
[2025-10-31 22:30:38] [STDERR]   File "/opt/homebrew/Caskroom/miniconda/base/lib/python3.11/site-packages/aiohttp/connector.py", line 642, in connect
[2025-10-31 22:30:38] [STDERR]     proto = await self._create_connection(req, traces, timeout)
[2025-10-31 22:30:38] [STDERR]             ^^^^^^^^^^^^^^^^^^^^^^^^^^^^^^^^^^^^^^^^^^^^^^^^^^^
[2025-10-31 22:30:38] [STDERR]   File "/opt/homebrew/Caskroom/miniconda/base/lib/python3.11/site-packages/aiohttp/connector.py", line 1209, in _create_connection
[2025-10-31 22:30:38] [STDERR]     _, proto = await self._create_direct_connection(req, traces, timeout)
[2025-10-31 22:30:38] [STDERR]                ^^^^^^^^^^^^^^^^^^^^^^^^^^^^^^^^^^^^^^^^^^^^^^^^^^^^^^^^^^
[2025-10-31 22:30:38] [STDERR]   File "/opt/homebrew/Caskroom/miniconda/base/lib/python3.11/site-packages/aiohttp/connector.py", line 1581, in _create_direct_connection
[2025-10-31 22:30:38] [STDERR]     raise last_exc
[2025-10-31 22:30:38] [STDERR]   File "/opt/homebrew/Caskroom/miniconda/base/lib/python3.11/site-packages/aiohttp/connector.py", line 1550, in _create_direct_connection
[2025-10-31 22:30:38] [STDERR]     transp, proto = await self._wrap_create_connection(
[2025-10-31 22:30:38] [STDERR]                     ^^^^^^^^^^^^^^^^^^^^^^^^^^^^^^^^^^^
[2025-10-31 22:30:38] [STDERR]   File "/opt/homebrew/Caskroom/miniconda/base/lib/python3.11/site-packages/aiohttp/connector.py", line 1291, in _wrap_create_connection
[2025-10-31 22:30:38] [STDERR]     raise client_error(req.connection_key, exc) from exc
[2025-10-31 22:30:38] [STDERR] aiohttp.client_exceptions.ClientConnectorError: Cannot connect to host localhost:3100 ssl:default [Multiple exceptions: [Errno 61] Connect call failed ('::1', 3100, 0, 0), [Errno 61] Connect call failed ('127.0.0.1', 3100)]
[2025-10-31 22:30:43] [STDERR] 2025-10-31 22:30:43,134 - LokiExporter.loki-exporter - ERROR - Failed to export logs to Loki: Cannot connect to host localhost:3100 ssl:default [Multiple exceptions: [Errno 61] Connect call failed ('127.0.0.1', 3100), [Errno 61] Connect call failed ('::1', 3100, 0, 0)]
[2025-10-31 22:30:43] [STDERR] Traceback (most recent call last):
[2025-10-31 22:30:43] [STDERR]   File "/opt/homebrew/Caskroom/miniconda/base/lib/python3.11/site-packages/aiohttp/connector.py", line 1268, in _wrap_create_connection
[2025-10-31 22:30:43] [STDERR]     sock = await aiohappyeyeballs.start_connection(
[2025-10-31 22:30:43] [STDERR]            ^^^^^^^^^^^^^^^^^^^^^^^^^^^^^^^^^^^^^^^^
[2025-10-31 22:30:43] [STDERR]   File "/opt/homebrew/Caskroom/miniconda/base/lib/python3.11/site-packages/aiohappyeyeballs/impl.py", line 141, in start_connection
[2025-10-31 22:30:43] [STDERR]     raise OSError(first_errno, msg)
[2025-10-31 22:30:43] [STDERR] ConnectionRefusedError: [Errno 61] Multiple exceptions: [Errno 61] Connect call failed ('127.0.0.1', 3100), [Errno 61] Connect call failed ('::1', 3100, 0, 0)
[2025-10-31 22:30:43] [STDERR] 
[2025-10-31 22:30:43] [STDERR] The above exception was the direct cause of the following exception:
[2025-10-31 22:30:43] [STDERR] 
[2025-10-31 22:30:43] [STDERR] Traceback (most recent call last):
[2025-10-31 22:30:43] [STDERR]   File "/Users/leifmarkthaler/github/gleitzeit 0.0.7/src/gleitzeit/workers/loki_exporter_worker.py", line 251, in export_logs_to_loki
[2025-10-31 22:30:43] [STDERR]     async with self.session.post(
[2025-10-31 22:30:43] [STDERR]   File "/opt/homebrew/Caskroom/miniconda/base/lib/python3.11/site-packages/aiohttp/client.py", line 1488, in __aenter__
[2025-10-31 22:30:43] [STDERR]     self._resp: _RetType = await self._coro
[2025-10-31 22:30:43] [STDERR]                            ^^^^^^^^^^^^^^^^
[2025-10-31 22:30:43] [STDERR]   File "/opt/homebrew/Caskroom/miniconda/base/lib/python3.11/site-packages/aiohttp/client.py", line 770, in _request
[2025-10-31 22:30:43] [STDERR]     resp = await handler(req)
[2025-10-31 22:30:43] [STDERR]            ^^^^^^^^^^^^^^^^^^
[2025-10-31 22:30:43] [STDERR]   File "/opt/homebrew/Caskroom/miniconda/base/lib/python3.11/site-packages/aiohttp/client.py", line 725, in _connect_and_send_request
[2025-10-31 22:30:43] [STDERR]     conn = await self._connector.connect(
[2025-10-31 22:30:43] [STDERR]            ^^^^^^^^^^^^^^^^^^^^^^^^^^^^^^
[2025-10-31 22:30:43] [STDERR]   File "/opt/homebrew/Caskroom/miniconda/base/lib/python3.11/site-packages/aiohttp/connector.py", line 642, in connect
[2025-10-31 22:30:43] [STDERR]     proto = await self._create_connection(req, traces, timeout)
[2025-10-31 22:30:43] [STDERR]             ^^^^^^^^^^^^^^^^^^^^^^^^^^^^^^^^^^^^^^^^^^^^^^^^^^^
[2025-10-31 22:30:43] [STDERR]   File "/opt/homebrew/Caskroom/miniconda/base/lib/python3.11/site-packages/aiohttp/connector.py", line 1209, in _create_connection
[2025-10-31 22:30:43] [STDERR]     _, proto = await self._create_direct_connection(req, traces, timeout)
[2025-10-31 22:30:43] [STDERR]                ^^^^^^^^^^^^^^^^^^^^^^^^^^^^^^^^^^^^^^^^^^^^^^^^^^^^^^^^^^
[2025-10-31 22:30:43] [STDERR]   File "/opt/homebrew/Caskroom/miniconda/base/lib/python3.11/site-packages/aiohttp/connector.py", line 1581, in _create_direct_connection
[2025-10-31 22:30:43] [STDERR]     raise last_exc
[2025-10-31 22:30:43] [STDERR]   File "/opt/homebrew/Caskroom/miniconda/base/lib/python3.11/site-packages/aiohttp/connector.py", line 1550, in _create_direct_connection
[2025-10-31 22:30:43] [STDERR]     transp, proto = await self._wrap_create_connection(
[2025-10-31 22:30:43] [STDERR]                     ^^^^^^^^^^^^^^^^^^^^^^^^^^^^^^^^^^^
[2025-10-31 22:30:43] [STDERR]   File "/opt/homebrew/Caskroom/miniconda/base/lib/python3.11/site-packages/aiohttp/connector.py", line 1291, in _wrap_create_connection
[2025-10-31 22:30:43] [STDERR]     raise client_error(req.connection_key, exc) from exc
[2025-10-31 22:30:43] [STDERR] aiohttp.client_exceptions.ClientConnectorError: Cannot connect to host localhost:3100 ssl:default [Multiple exceptions: [Errno 61] Connect call failed ('127.0.0.1', 3100), [Errno 61] Connect call failed ('::1', 3100, 0, 0)]
[2025-10-31 22:30:48] [STDERR] 2025-10-31 22:30:48,167 - LokiExporter.loki-exporter - ERROR - Failed to export logs to Loki: Cannot connect to host localhost:3100 ssl:default [Multiple exceptions: [Errno 61] Connect call failed ('::1', 3100, 0, 0), [Errno 61] Connect call failed ('127.0.0.1', 3100)]
[2025-10-31 22:30:48] [STDERR] Traceback (most recent call last):
[2025-10-31 22:30:48] [STDERR]   File "/opt/homebrew/Caskroom/miniconda/base/lib/python3.11/site-packages/aiohttp/connector.py", line 1268, in _wrap_create_connection
[2025-10-31 22:30:48] [STDERR]     sock = await aiohappyeyeballs.start_connection(
[2025-10-31 22:30:48] [STDERR]            ^^^^^^^^^^^^^^^^^^^^^^^^^^^^^^^^^^^^^^^^
[2025-10-31 22:30:48] [STDERR]   File "/opt/homebrew/Caskroom/miniconda/base/lib/python3.11/site-packages/aiohappyeyeballs/impl.py", line 141, in start_connection
[2025-10-31 22:30:48] [STDERR]     raise OSError(first_errno, msg)
[2025-10-31 22:30:48] [STDERR] ConnectionRefusedError: [Errno 61] Multiple exceptions: [Errno 61] Connect call failed ('::1', 3100, 0, 0), [Errno 61] Connect call failed ('127.0.0.1', 3100)
[2025-10-31 22:30:48] [STDERR] 
[2025-10-31 22:30:48] [STDERR] The above exception was the direct cause of the following exception:
[2025-10-31 22:30:48] [STDERR] 
[2025-10-31 22:30:48] [STDERR] Traceback (most recent call last):
[2025-10-31 22:30:48] [STDERR]   File "/Users/leifmarkthaler/github/gleitzeit 0.0.7/src/gleitzeit/workers/loki_exporter_worker.py", line 251, in export_logs_to_loki
[2025-10-31 22:30:48] [STDERR]     async with self.session.post(
[2025-10-31 22:30:48] [STDERR]   File "/opt/homebrew/Caskroom/miniconda/base/lib/python3.11/site-packages/aiohttp/client.py", line 1488, in __aenter__
[2025-10-31 22:30:48] [STDERR]     self._resp: _RetType = await self._coro
[2025-10-31 22:30:48] [STDERR]                            ^^^^^^^^^^^^^^^^
[2025-10-31 22:30:48] [STDERR]   File "/opt/homebrew/Caskroom/miniconda/base/lib/python3.11/site-packages/aiohttp/client.py", line 770, in _request
[2025-10-31 22:30:48] [STDERR]     resp = await handler(req)
[2025-10-31 22:30:48] [STDERR]            ^^^^^^^^^^^^^^^^^^
[2025-10-31 22:30:48] [STDERR]   File "/opt/homebrew/Caskroom/miniconda/base/lib/python3.11/site-packages/aiohttp/client.py", line 725, in _connect_and_send_request
[2025-10-31 22:30:48] [STDERR]     conn = await self._connector.connect(
[2025-10-31 22:30:48] [STDERR]            ^^^^^^^^^^^^^^^^^^^^^^^^^^^^^^
[2025-10-31 22:30:48] [STDERR]   File "/opt/homebrew/Caskroom/miniconda/base/lib/python3.11/site-packages/aiohttp/connector.py", line 642, in connect
[2025-10-31 22:30:48] [STDERR]     proto = await self._create_connection(req, traces, timeout)
[2025-10-31 22:30:48] [STDERR]             ^^^^^^^^^^^^^^^^^^^^^^^^^^^^^^^^^^^^^^^^^^^^^^^^^^^
[2025-10-31 22:30:48] [STDERR]   File "/opt/homebrew/Caskroom/miniconda/base/lib/python3.11/site-packages/aiohttp/connector.py", line 1209, in _create_connection
[2025-10-31 22:30:48] [STDERR]     _, proto = await self._create_direct_connection(req, traces, timeout)
[2025-10-31 22:30:48] [STDERR]                ^^^^^^^^^^^^^^^^^^^^^^^^^^^^^^^^^^^^^^^^^^^^^^^^^^^^^^^^^^
[2025-10-31 22:30:48] [STDERR]   File "/opt/homebrew/Caskroom/miniconda/base/lib/python3.11/site-packages/aiohttp/connector.py", line 1581, in _create_direct_connection
[2025-10-31 22:30:48] [STDERR]     raise last_exc
[2025-10-31 22:30:48] [STDERR]   File "/opt/homebrew/Caskroom/miniconda/base/lib/python3.11/site-packages/aiohttp/connector.py", line 1550, in _create_direct_connection
[2025-10-31 22:30:48] [STDERR]     transp, proto = await self._wrap_create_connection(
[2025-10-31 22:30:48] [STDERR]                     ^^^^^^^^^^^^^^^^^^^^^^^^^^^^^^^^^^^
[2025-10-31 22:30:48] [STDERR]   File "/opt/homebrew/Caskroom/miniconda/base/lib/python3.11/site-packages/aiohttp/connector.py", line 1291, in _wrap_create_connection
[2025-10-31 22:30:48] [STDERR]     raise client_error(req.connection_key, exc) from exc
[2025-10-31 22:30:48] [STDERR] aiohttp.client_exceptions.ClientConnectorError: Cannot connect to host localhost:3100 ssl:default [Multiple exceptions: [Errno 61] Connect call failed ('::1', 3100, 0, 0), [Errno 61] Connect call failed ('127.0.0.1', 3100)]
[2025-10-31 22:30:53] [STDERR] 2025-10-31 22:30:53,199 - LokiExporter.loki-exporter - ERROR - Failed to export logs to Loki: Cannot connect to host localhost:3100 ssl:default [Multiple exceptions: [Errno 61] Connect call failed ('127.0.0.1', 3100), [Errno 61] Connect call failed ('::1', 3100, 0, 0)]
[2025-10-31 22:30:53] [STDERR] Traceback (most recent call last):
[2025-10-31 22:30:53] [STDERR]   File "/opt/homebrew/Caskroom/miniconda/base/lib/python3.11/site-packages/aiohttp/connector.py", line 1268, in _wrap_create_connection
[2025-10-31 22:30:53] [STDERR]     sock = await aiohappyeyeballs.start_connection(
[2025-10-31 22:30:53] [STDERR]            ^^^^^^^^^^^^^^^^^^^^^^^^^^^^^^^^^^^^^^^^
[2025-10-31 22:30:53] [STDERR]   File "/opt/homebrew/Caskroom/miniconda/base/lib/python3.11/site-packages/aiohappyeyeballs/impl.py", line 141, in start_connection
[2025-10-31 22:30:53] [STDERR]     raise OSError(first_errno, msg)
[2025-10-31 22:30:53] [STDERR] ConnectionRefusedError: [Errno 61] Multiple exceptions: [Errno 61] Connect call failed ('127.0.0.1', 3100), [Errno 61] Connect call failed ('::1', 3100, 0, 0)
[2025-10-31 22:30:53] [STDERR] 
[2025-10-31 22:30:53] [STDERR] The above exception was the direct cause of the following exception:
[2025-10-31 22:30:53] [STDERR] 
[2025-10-31 22:30:53] [STDERR] Traceback (most recent call last):
[2025-10-31 22:30:53] [STDERR]   File "/Users/leifmarkthaler/github/gleitzeit 0.0.7/src/gleitzeit/workers/loki_exporter_worker.py", line 251, in export_logs_to_loki
[2025-10-31 22:30:53] [STDERR]     async with self.session.post(
[2025-10-31 22:30:53] [STDERR]   File "/opt/homebrew/Caskroom/miniconda/base/lib/python3.11/site-packages/aiohttp/client.py", line 1488, in __aenter__
[2025-10-31 22:30:53] [STDERR]     self._resp: _RetType = await self._coro
[2025-10-31 22:30:53] [STDERR]                            ^^^^^^^^^^^^^^^^
[2025-10-31 22:30:53] [STDERR]   File "/opt/homebrew/Caskroom/miniconda/base/lib/python3.11/site-packages/aiohttp/client.py", line 770, in _request
[2025-10-31 22:30:53] [STDERR]     resp = await handler(req)
[2025-10-31 22:30:53] [STDERR]            ^^^^^^^^^^^^^^^^^^
[2025-10-31 22:30:53] [STDERR]   File "/opt/homebrew/Caskroom/miniconda/base/lib/python3.11/site-packages/aiohttp/client.py", line 725, in _connect_and_send_request
[2025-10-31 22:30:53] [STDERR]     conn = await self._connector.connect(
[2025-10-31 22:30:53] [STDERR]            ^^^^^^^^^^^^^^^^^^^^^^^^^^^^^^
[2025-10-31 22:30:53] [STDERR]   File "/opt/homebrew/Caskroom/miniconda/base/lib/python3.11/site-packages/aiohttp/connector.py", line 642, in connect
[2025-10-31 22:30:53] [STDERR]     proto = await self._create_connection(req, traces, timeout)
[2025-10-31 22:30:53] [STDERR]             ^^^^^^^^^^^^^^^^^^^^^^^^^^^^^^^^^^^^^^^^^^^^^^^^^^^
[2025-10-31 22:30:53] [STDERR]   File "/opt/homebrew/Caskroom/miniconda/base/lib/python3.11/site-packages/aiohttp/connector.py", line 1209, in _create_connection
[2025-10-31 22:30:53] [STDERR]     _, proto = await self._create_direct_connection(req, traces, timeout)
[2025-10-31 22:30:53] [STDERR]                ^^^^^^^^^^^^^^^^^^^^^^^^^^^^^^^^^^^^^^^^^^^^^^^^^^^^^^^^^^
[2025-10-31 22:30:53] [STDERR]   File "/opt/homebrew/Caskroom/miniconda/base/lib/python3.11/site-packages/aiohttp/connector.py", line 1581, in _create_direct_connection
[2025-10-31 22:30:53] [STDERR]     raise last_exc
[2025-10-31 22:30:53] [STDERR]   File "/opt/homebrew/Caskroom/miniconda/base/lib/python3.11/site-packages/aiohttp/connector.py", line 1550, in _create_direct_connection
[2025-10-31 22:30:53] [STDERR]     transp, proto = await self._wrap_create_connection(
[2025-10-31 22:30:53] [STDERR]                     ^^^^^^^^^^^^^^^^^^^^^^^^^^^^^^^^^^^
[2025-10-31 22:30:53] [STDERR]   File "/opt/homebrew/Caskroom/miniconda/base/lib/python3.11/site-packages/aiohttp/connector.py", line 1291, in _wrap_create_connection
[2025-10-31 22:30:53] [STDERR]     raise client_error(req.connection_key, exc) from exc
[2025-10-31 22:30:53] [STDERR] aiohttp.client_exceptions.ClientConnectorError: Cannot connect to host localhost:3100 ssl:default [Multiple exceptions: [Errno 61] Connect call failed ('127.0.0.1', 3100), [Errno 61] Connect call failed ('::1', 3100, 0, 0)]
[2025-10-31 22:30:58] [STDERR] 2025-10-31 22:30:58,232 - LokiExporter.loki-exporter - ERROR - Failed to export logs to Loki: Cannot connect to host localhost:3100 ssl:default [Multiple exceptions: [Errno 61] Connect call failed ('::1', 3100, 0, 0), [Errno 61] Connect call failed ('127.0.0.1', 3100)]
[2025-10-31 22:30:58] [STDERR] Traceback (most recent call last):
[2025-10-31 22:30:58] [STDERR]   File "/opt/homebrew/Caskroom/miniconda/base/lib/python3.11/site-packages/aiohttp/connector.py", line 1268, in _wrap_create_connection
[2025-10-31 22:30:58] [STDERR]     sock = await aiohappyeyeballs.start_connection(
[2025-10-31 22:30:58] [STDERR]            ^^^^^^^^^^^^^^^^^^^^^^^^^^^^^^^^^^^^^^^^
[2025-10-31 22:30:58] [STDERR]   File "/opt/homebrew/Caskroom/miniconda/base/lib/python3.11/site-packages/aiohappyeyeballs/impl.py", line 141, in start_connection
[2025-10-31 22:30:58] [STDERR]     raise OSError(first_errno, msg)
[2025-10-31 22:30:58] [STDERR] ConnectionRefusedError: [Errno 61] Multiple exceptions: [Errno 61] Connect call failed ('::1', 3100, 0, 0), [Errno 61] Connect call failed ('127.0.0.1', 3100)
[2025-10-31 22:30:58] [STDERR] 
[2025-10-31 22:30:58] [STDERR] The above exception was the direct cause of the following exception:
[2025-10-31 22:30:58] [STDERR] 
[2025-10-31 22:30:58] [STDERR] Traceback (most recent call last):
[2025-10-31 22:30:58] [STDERR]   File "/Users/leifmarkthaler/github/gleitzeit 0.0.7/src/gleitzeit/workers/loki_exporter_worker.py", line 251, in export_logs_to_loki
[2025-10-31 22:30:58] [STDERR]     async with self.session.post(
[2025-10-31 22:30:58] [STDERR]   File "/opt/homebrew/Caskroom/miniconda/base/lib/python3.11/site-packages/aiohttp/client.py", line 1488, in __aenter__
[2025-10-31 22:30:58] [STDERR]     self._resp: _RetType = await self._coro
[2025-10-31 22:30:58] [STDERR]                            ^^^^^^^^^^^^^^^^
[2025-10-31 22:30:58] [STDERR]   File "/opt/homebrew/Caskroom/miniconda/base/lib/python3.11/site-packages/aiohttp/client.py", line 770, in _request
[2025-10-31 22:30:58] [STDERR]     resp = await handler(req)
[2025-10-31 22:30:58] [STDERR]            ^^^^^^^^^^^^^^^^^^
[2025-10-31 22:30:58] [STDERR]   File "/opt/homebrew/Caskroom/miniconda/base/lib/python3.11/site-packages/aiohttp/client.py", line 725, in _connect_and_send_request
[2025-10-31 22:30:58] [STDERR]     conn = await self._connector.connect(
[2025-10-31 22:30:58] [STDERR]            ^^^^^^^^^^^^^^^^^^^^^^^^^^^^^^
[2025-10-31 22:30:58] [STDERR]   File "/opt/homebrew/Caskroom/miniconda/base/lib/python3.11/site-packages/aiohttp/connector.py", line 642, in connect
[2025-10-31 22:30:58] [STDERR]     proto = await self._create_connection(req, traces, timeout)
[2025-10-31 22:30:58] [STDERR]             ^^^^^^^^^^^^^^^^^^^^^^^^^^^^^^^^^^^^^^^^^^^^^^^^^^^
[2025-10-31 22:30:58] [STDERR]   File "/opt/homebrew/Caskroom/miniconda/base/lib/python3.11/site-packages/aiohttp/connector.py", line 1209, in _create_connection
[2025-10-31 22:30:58] [STDERR]     _, proto = await self._create_direct_connection(req, traces, timeout)
[2025-10-31 22:30:58] [STDERR]                ^^^^^^^^^^^^^^^^^^^^^^^^^^^^^^^^^^^^^^^^^^^^^^^^^^^^^^^^^^
[2025-10-31 22:30:58] [STDERR]   File "/opt/homebrew/Caskroom/miniconda/base/lib/python3.11/site-packages/aiohttp/connector.py", line 1581, in _create_direct_connection
[2025-10-31 22:30:58] [STDERR]     raise last_exc
[2025-10-31 22:30:58] [STDERR]   File "/opt/homebrew/Caskroom/miniconda/base/lib/python3.11/site-packages/aiohttp/connector.py", line 1550, in _create_direct_connection
[2025-10-31 22:30:58] [STDERR]     transp, proto = await self._wrap_create_connection(
[2025-10-31 22:30:58] [STDERR]                     ^^^^^^^^^^^^^^^^^^^^^^^^^^^^^^^^^^^
[2025-10-31 22:30:58] [STDERR]   File "/opt/homebrew/Caskroom/miniconda/base/lib/python3.11/site-packages/aiohttp/connector.py", line 1291, in _wrap_create_connection
[2025-10-31 22:30:58] [STDERR]     raise client_error(req.connection_key, exc) from exc
[2025-10-31 22:30:58] [STDERR] aiohttp.client_exceptions.ClientConnectorError: Cannot connect to host localhost:3100 ssl:default [Multiple exceptions: [Errno 61] Connect call failed ('::1', 3100, 0, 0), [Errno 61] Connect call failed ('127.0.0.1', 3100)]
[2025-10-31 22:31:03] [STDERR] 2025-10-31 22:31:03,266 - LokiExporter.loki-exporter - ERROR - Failed to export logs to Loki: Cannot connect to host localhost:3100 ssl:default [Multiple exceptions: [Errno 61] Connect call failed ('127.0.0.1', 3100), [Errno 61] Connect call failed ('::1', 3100, 0, 0)]
[2025-10-31 22:31:03] [STDERR] Traceback (most recent call last):
[2025-10-31 22:31:03] [STDERR]   File "/opt/homebrew/Caskroom/miniconda/base/lib/python3.11/site-packages/aiohttp/connector.py", line 1268, in _wrap_create_connection
[2025-10-31 22:31:03] [STDERR]     sock = await aiohappyeyeballs.start_connection(
[2025-10-31 22:31:03] [STDERR]            ^^^^^^^^^^^^^^^^^^^^^^^^^^^^^^^^^^^^^^^^
[2025-10-31 22:31:03] [STDERR]   File "/opt/homebrew/Caskroom/miniconda/base/lib/python3.11/site-packages/aiohappyeyeballs/impl.py", line 141, in start_connection
[2025-10-31 22:31:03] [STDERR]     raise OSError(first_errno, msg)
[2025-10-31 22:31:03] [STDERR] ConnectionRefusedError: [Errno 61] Multiple exceptions: [Errno 61] Connect call failed ('127.0.0.1', 3100), [Errno 61] Connect call failed ('::1', 3100, 0, 0)
[2025-10-31 22:31:03] [STDERR] 
[2025-10-31 22:31:03] [STDERR] The above exception was the direct cause of the following exception:
[2025-10-31 22:31:03] [STDERR] 
[2025-10-31 22:31:03] [STDERR] Traceback (most recent call last):
[2025-10-31 22:31:03] [STDERR]   File "/Users/leifmarkthaler/github/gleitzeit 0.0.7/src/gleitzeit/workers/loki_exporter_worker.py", line 251, in export_logs_to_loki
[2025-10-31 22:31:03] [STDERR]     async with self.session.post(
[2025-10-31 22:31:03] [STDERR]   File "/opt/homebrew/Caskroom/miniconda/base/lib/python3.11/site-packages/aiohttp/client.py", line 1488, in __aenter__
[2025-10-31 22:31:03] [STDERR]     self._resp: _RetType = await self._coro
[2025-10-31 22:31:03] [STDERR]                            ^^^^^^^^^^^^^^^^
[2025-10-31 22:31:03] [STDERR]   File "/opt/homebrew/Caskroom/miniconda/base/lib/python3.11/site-packages/aiohttp/client.py", line 770, in _request
[2025-10-31 22:31:03] [STDERR]     resp = await handler(req)
[2025-10-31 22:31:03] [STDERR]            ^^^^^^^^^^^^^^^^^^
[2025-10-31 22:31:03] [STDERR]   File "/opt/homebrew/Caskroom/miniconda/base/lib/python3.11/site-packages/aiohttp/client.py", line 725, in _connect_and_send_request
[2025-10-31 22:31:03] [STDERR]     conn = await self._connector.connect(
[2025-10-31 22:31:03] [STDERR]            ^^^^^^^^^^^^^^^^^^^^^^^^^^^^^^
[2025-10-31 22:31:03] [STDERR]   File "/opt/homebrew/Caskroom/miniconda/base/lib/python3.11/site-packages/aiohttp/connector.py", line 642, in connect
[2025-10-31 22:31:03] [STDERR]     proto = await self._create_connection(req, traces, timeout)
[2025-10-31 22:31:03] [STDERR]             ^^^^^^^^^^^^^^^^^^^^^^^^^^^^^^^^^^^^^^^^^^^^^^^^^^^
[2025-10-31 22:31:03] [STDERR]   File "/opt/homebrew/Caskroom/miniconda/base/lib/python3.11/site-packages/aiohttp/connector.py", line 1209, in _create_connection
[2025-10-31 22:31:03] [STDERR]     _, proto = await self._create_direct_connection(req, traces, timeout)
[2025-10-31 22:31:03] [STDERR]                ^^^^^^^^^^^^^^^^^^^^^^^^^^^^^^^^^^^^^^^^^^^^^^^^^^^^^^^^^^
[2025-10-31 22:31:03] [STDERR]   File "/opt/homebrew/Caskroom/miniconda/base/lib/python3.11/site-packages/aiohttp/connector.py", line 1581, in _create_direct_connection
[2025-10-31 22:31:03] [STDERR]     raise last_exc
[2025-10-31 22:31:03] [STDERR]   File "/opt/homebrew/Caskroom/miniconda/base/lib/python3.11/site-packages/aiohttp/connector.py", line 1550, in _create_direct_connection
[2025-10-31 22:31:03] [STDERR]     transp, proto = await self._wrap_create_connection(
[2025-10-31 22:31:03] [STDERR]                     ^^^^^^^^^^^^^^^^^^^^^^^^^^^^^^^^^^^
[2025-10-31 22:31:03] [STDERR]   File "/opt/homebrew/Caskroom/miniconda/base/lib/python3.11/site-packages/aiohttp/connector.py", line 1291, in _wrap_create_connection
[2025-10-31 22:31:03] [STDERR]     raise client_error(req.connection_key, exc) from exc
[2025-10-31 22:31:03] [STDERR] aiohttp.client_exceptions.ClientConnectorError: Cannot connect to host localhost:3100 ssl:default [Multiple exceptions: [Errno 61] Connect call failed ('127.0.0.1', 3100), [Errno 61] Connect call failed ('::1', 3100, 0, 0)]
[2025-10-31 22:31:08] [STDERR] 2025-10-31 22:31:08,300 - LokiExporter.loki-exporter - ERROR - Failed to export logs to Loki: Cannot connect to host localhost:3100 ssl:default [Multiple exceptions: [Errno 61] Connect call failed ('::1', 3100, 0, 0), [Errno 61] Connect call failed ('127.0.0.1', 3100)]
[2025-10-31 22:31:08] [STDERR] Traceback (most recent call last):
[2025-10-31 22:31:08] [STDERR]   File "/opt/homebrew/Caskroom/miniconda/base/lib/python3.11/site-packages/aiohttp/connector.py", line 1268, in _wrap_create_connection
[2025-10-31 22:31:08] [STDERR]     sock = await aiohappyeyeballs.start_connection(
[2025-10-31 22:31:08] [STDERR]            ^^^^^^^^^^^^^^^^^^^^^^^^^^^^^^^^^^^^^^^^
[2025-10-31 22:31:08] [STDERR]   File "/opt/homebrew/Caskroom/miniconda/base/lib/python3.11/site-packages/aiohappyeyeballs/impl.py", line 141, in start_connection
[2025-10-31 22:31:08] [STDERR]     raise OSError(first_errno, msg)
[2025-10-31 22:31:08] [STDERR] ConnectionRefusedError: [Errno 61] Multiple exceptions: [Errno 61] Connect call failed ('::1', 3100, 0, 0), [Errno 61] Connect call failed ('127.0.0.1', 3100)
[2025-10-31 22:31:08] [STDERR] 
[2025-10-31 22:31:08] [STDERR] The above exception was the direct cause of the following exception:
[2025-10-31 22:31:08] [STDERR] 
[2025-10-31 22:31:08] [STDERR] Traceback (most recent call last):
[2025-10-31 22:31:08] [STDERR]   File "/Users/leifmarkthaler/github/gleitzeit 0.0.7/src/gleitzeit/workers/loki_exporter_worker.py", line 251, in export_logs_to_loki
[2025-10-31 22:31:08] [STDERR]     async with self.session.post(
[2025-10-31 22:31:08] [STDERR]   File "/opt/homebrew/Caskroom/miniconda/base/lib/python3.11/site-packages/aiohttp/client.py", line 1488, in __aenter__
[2025-10-31 22:31:08] [STDERR]     self._resp: _RetType = await self._coro
[2025-10-31 22:31:08] [STDERR]                            ^^^^^^^^^^^^^^^^
[2025-10-31 22:31:08] [STDERR]   File "/opt/homebrew/Caskroom/miniconda/base/lib/python3.11/site-packages/aiohttp/client.py", line 770, in _request
[2025-10-31 22:31:08] [STDERR]     resp = await handler(req)
[2025-10-31 22:31:08] [STDERR]            ^^^^^^^^^^^^^^^^^^
[2025-10-31 22:31:08] [STDERR]   File "/opt/homebrew/Caskroom/miniconda/base/lib/python3.11/site-packages/aiohttp/client.py", line 725, in _connect_and_send_request
[2025-10-31 22:31:08] [STDERR]     conn = await self._connector.connect(
[2025-10-31 22:31:08] [STDERR]            ^^^^^^^^^^^^^^^^^^^^^^^^^^^^^^
[2025-10-31 22:31:08] [STDERR]   File "/opt/homebrew/Caskroom/miniconda/base/lib/python3.11/site-packages/aiohttp/connector.py", line 642, in connect
[2025-10-31 22:31:08] [STDERR]     proto = await self._create_connection(req, traces, timeout)
[2025-10-31 22:31:08] [STDERR]             ^^^^^^^^^^^^^^^^^^^^^^^^^^^^^^^^^^^^^^^^^^^^^^^^^^^
[2025-10-31 22:31:08] [STDERR]   File "/opt/homebrew/Caskroom/miniconda/base/lib/python3.11/site-packages/aiohttp/connector.py", line 1209, in _create_connection
[2025-10-31 22:31:08] [STDERR]     _, proto = await self._create_direct_connection(req, traces, timeout)
[2025-10-31 22:31:08] [STDERR]                ^^^^^^^^^^^^^^^^^^^^^^^^^^^^^^^^^^^^^^^^^^^^^^^^^^^^^^^^^^
[2025-10-31 22:31:08] [STDERR]   File "/opt/homebrew/Caskroom/miniconda/base/lib/python3.11/site-packages/aiohttp/connector.py", line 1581, in _create_direct_connection
[2025-10-31 22:31:08] [STDERR]     raise last_exc
[2025-10-31 22:31:08] [STDERR]   File "/opt/homebrew/Caskroom/miniconda/base/lib/python3.11/site-packages/aiohttp/connector.py", line 1550, in _create_direct_connection
[2025-10-31 22:31:08] [STDERR]     transp, proto = await self._wrap_create_connection(
[2025-10-31 22:31:08] [STDERR]                     ^^^^^^^^^^^^^^^^^^^^^^^^^^^^^^^^^^^
[2025-10-31 22:31:08] [STDERR]   File "/opt/homebrew/Caskroom/miniconda/base/lib/python3.11/site-packages/aiohttp/connector.py", line 1291, in _wrap_create_connection
[2025-10-31 22:31:08] [STDERR]     raise client_error(req.connection_key, exc) from exc
[2025-10-31 22:31:08] [STDERR] aiohttp.client_exceptions.ClientConnectorError: Cannot connect to host localhost:3100 ssl:default [Multiple exceptions: [Errno 61] Connect call failed ('::1', 3100, 0, 0), [Errno 61] Connect call failed ('127.0.0.1', 3100)]
[2025-10-31 22:31:13] [STDERR] 2025-10-31 22:31:13,327 - LokiExporter.loki-exporter - ERROR - Failed to export logs to Loki: Cannot connect to host localhost:3100 ssl:default [Multiple exceptions: [Errno 61] Connect call failed ('127.0.0.1', 3100), [Errno 61] Connect call failed ('::1', 3100, 0, 0)]
[2025-10-31 22:31:13] [STDERR] Traceback (most recent call last):
[2025-10-31 22:31:13] [STDERR]   File "/opt/homebrew/Caskroom/miniconda/base/lib/python3.11/site-packages/aiohttp/connector.py", line 1268, in _wrap_create_connection
[2025-10-31 22:31:13] [STDERR]     sock = await aiohappyeyeballs.start_connection(
[2025-10-31 22:31:13] [STDERR]            ^^^^^^^^^^^^^^^^^^^^^^^^^^^^^^^^^^^^^^^^
[2025-10-31 22:31:13] [STDERR]   File "/opt/homebrew/Caskroom/miniconda/base/lib/python3.11/site-packages/aiohappyeyeballs/impl.py", line 141, in start_connection
[2025-10-31 22:31:13] [STDERR]     raise OSError(first_errno, msg)
[2025-10-31 22:31:13] [STDERR] ConnectionRefusedError: [Errno 61] Multiple exceptions: [Errno 61] Connect call failed ('127.0.0.1', 3100), [Errno 61] Connect call failed ('::1', 3100, 0, 0)
[2025-10-31 22:31:13] [STDERR] 
[2025-10-31 22:31:13] [STDERR] The above exception was the direct cause of the following exception:
[2025-10-31 22:31:13] [STDERR] 
[2025-10-31 22:31:13] [STDERR] Traceback (most recent call last):
[2025-10-31 22:31:13] [STDERR]   File "/Users/leifmarkthaler/github/gleitzeit 0.0.7/src/gleitzeit/workers/loki_exporter_worker.py", line 251, in export_logs_to_loki
[2025-10-31 22:31:13] [STDERR]     async with self.session.post(
[2025-10-31 22:31:13] [STDERR]   File "/opt/homebrew/Caskroom/miniconda/base/lib/python3.11/site-packages/aiohttp/client.py", line 1488, in __aenter__
[2025-10-31 22:31:13] [STDERR]     self._resp: _RetType = await self._coro
[2025-10-31 22:31:13] [STDERR]                            ^^^^^^^^^^^^^^^^
[2025-10-31 22:31:13] [STDERR]   File "/opt/homebrew/Caskroom/miniconda/base/lib/python3.11/site-packages/aiohttp/client.py", line 770, in _request
[2025-10-31 22:31:13] [STDERR]     resp = await handler(req)
[2025-10-31 22:31:13] [STDERR]            ^^^^^^^^^^^^^^^^^^
[2025-10-31 22:31:13] [STDERR]   File "/opt/homebrew/Caskroom/miniconda/base/lib/python3.11/site-packages/aiohttp/client.py", line 725, in _connect_and_send_request
[2025-10-31 22:31:13] [STDERR]     conn = await self._connector.connect(
[2025-10-31 22:31:13] [STDERR]            ^^^^^^^^^^^^^^^^^^^^^^^^^^^^^^
[2025-10-31 22:31:13] [STDERR]   File "/opt/homebrew/Caskroom/miniconda/base/lib/python3.11/site-packages/aiohttp/connector.py", line 642, in connect
[2025-10-31 22:31:13] [STDERR]     proto = await self._create_connection(req, traces, timeout)
[2025-10-31 22:31:13] [STDERR]             ^^^^^^^^^^^^^^^^^^^^^^^^^^^^^^^^^^^^^^^^^^^^^^^^^^^
[2025-10-31 22:31:13] [STDERR]   File "/opt/homebrew/Caskroom/miniconda/base/lib/python3.11/site-packages/aiohttp/connector.py", line 1209, in _create_connection
[2025-10-31 22:31:13] [STDERR]     _, proto = await self._create_direct_connection(req, traces, timeout)
[2025-10-31 22:31:13] [STDERR]                ^^^^^^^^^^^^^^^^^^^^^^^^^^^^^^^^^^^^^^^^^^^^^^^^^^^^^^^^^^
[2025-10-31 22:31:13] [STDERR]   File "/opt/homebrew/Caskroom/miniconda/base/lib/python3.11/site-packages/aiohttp/connector.py", line 1581, in _create_direct_connection
[2025-10-31 22:31:13] [STDERR]     raise last_exc
[2025-10-31 22:31:13] [STDERR]   File "/opt/homebrew/Caskroom/miniconda/base/lib/python3.11/site-packages/aiohttp/connector.py", line 1550, in _create_direct_connection
[2025-10-31 22:31:13] [STDERR]     transp, proto = await self._wrap_create_connection(
[2025-10-31 22:31:13] [STDERR]                     ^^^^^^^^^^^^^^^^^^^^^^^^^^^^^^^^^^^
[2025-10-31 22:31:13] [STDERR]   File "/opt/homebrew/Caskroom/miniconda/base/lib/python3.11/site-packages/aiohttp/connector.py", line 1291, in _wrap_create_connection
[2025-10-31 22:31:13] [STDERR]     raise client_error(req.connection_key, exc) from exc
[2025-10-31 22:31:13] [STDERR] aiohttp.client_exceptions.ClientConnectorError: Cannot connect to host localhost:3100 ssl:default [Multiple exceptions: [Errno 61] Connect call failed ('127.0.0.1', 3100), [Errno 61] Connect call failed ('::1', 3100, 0, 0)]
[2025-10-31 22:31:18] [STDERR] 2025-10-31 22:31:18,358 - LokiExporter.loki-exporter - ERROR - Failed to export logs to Loki: Cannot connect to host localhost:3100 ssl:default [Multiple exceptions: [Errno 61] Connect call failed ('::1', 3100, 0, 0), [Errno 61] Connect call failed ('127.0.0.1', 3100)]
[2025-10-31 22:31:18] [STDERR] Traceback (most recent call last):
[2025-10-31 22:31:18] [STDERR]   File "/opt/homebrew/Caskroom/miniconda/base/lib/python3.11/site-packages/aiohttp/connector.py", line 1268, in _wrap_create_connection
[2025-10-31 22:31:18] [STDERR]     sock = await aiohappyeyeballs.start_connection(
[2025-10-31 22:31:18] [STDERR]            ^^^^^^^^^^^^^^^^^^^^^^^^^^^^^^^^^^^^^^^^
[2025-10-31 22:31:18] [STDERR]   File "/opt/homebrew/Caskroom/miniconda/base/lib/python3.11/site-packages/aiohappyeyeballs/impl.py", line 141, in start_connection
[2025-10-31 22:31:18] [STDERR]     raise OSError(first_errno, msg)
[2025-10-31 22:31:18] [STDERR] ConnectionRefusedError: [Errno 61] Multiple exceptions: [Errno 61] Connect call failed ('::1', 3100, 0, 0), [Errno 61] Connect call failed ('127.0.0.1', 3100)
[2025-10-31 22:31:18] [STDERR] 
[2025-10-31 22:31:18] [STDERR] The above exception was the direct cause of the following exception:
[2025-10-31 22:31:18] [STDERR] 
[2025-10-31 22:31:18] [STDERR] Traceback (most recent call last):
[2025-10-31 22:31:18] [STDERR]   File "/Users/leifmarkthaler/github/gleitzeit 0.0.7/src/gleitzeit/workers/loki_exporter_worker.py", line 251, in export_logs_to_loki
[2025-10-31 22:31:18] [STDERR]     async with self.session.post(
[2025-10-31 22:31:18] [STDERR]   File "/opt/homebrew/Caskroom/miniconda/base/lib/python3.11/site-packages/aiohttp/client.py", line 1488, in __aenter__
[2025-10-31 22:31:18] [STDERR]     self._resp: _RetType = await self._coro
[2025-10-31 22:31:18] [STDERR]                            ^^^^^^^^^^^^^^^^
[2025-10-31 22:31:18] [STDERR]   File "/opt/homebrew/Caskroom/miniconda/base/lib/python3.11/site-packages/aiohttp/client.py", line 770, in _request
[2025-10-31 22:31:18] [STDERR]     resp = await handler(req)
[2025-10-31 22:31:18] [STDERR]            ^^^^^^^^^^^^^^^^^^
[2025-10-31 22:31:18] [STDERR]   File "/opt/homebrew/Caskroom/miniconda/base/lib/python3.11/site-packages/aiohttp/client.py", line 725, in _connect_and_send_request
[2025-10-31 22:31:18] [STDERR]     conn = await self._connector.connect(
[2025-10-31 22:31:18] [STDERR]            ^^^^^^^^^^^^^^^^^^^^^^^^^^^^^^
[2025-10-31 22:31:18] [STDERR]   File "/opt/homebrew/Caskroom/miniconda/base/lib/python3.11/site-packages/aiohttp/connector.py", line 642, in connect
[2025-10-31 22:31:18] [STDERR]     proto = await self._create_connection(req, traces, timeout)
[2025-10-31 22:31:18] [STDERR]             ^^^^^^^^^^^^^^^^^^^^^^^^^^^^^^^^^^^^^^^^^^^^^^^^^^^
[2025-10-31 22:31:18] [STDERR]   File "/opt/homebrew/Caskroom/miniconda/base/lib/python3.11/site-packages/aiohttp/connector.py", line 1209, in _create_connection
[2025-10-31 22:31:18] [STDERR]     _, proto = await self._create_direct_connection(req, traces, timeout)
[2025-10-31 22:31:18] [STDERR]                ^^^^^^^^^^^^^^^^^^^^^^^^^^^^^^^^^^^^^^^^^^^^^^^^^^^^^^^^^^
[2025-10-31 22:31:18] [STDERR]   File "/opt/homebrew/Caskroom/miniconda/base/lib/python3.11/site-packages/aiohttp/connector.py", line 1581, in _create_direct_connection
[2025-10-31 22:31:18] [STDERR]     raise last_exc
[2025-10-31 22:31:18] [STDERR]   File "/opt/homebrew/Caskroom/miniconda/base/lib/python3.11/site-packages/aiohttp/connector.py", line 1550, in _create_direct_connection
[2025-10-31 22:31:18] [STDERR]     transp, proto = await self._wrap_create_connection(
[2025-10-31 22:31:18] [STDERR]                     ^^^^^^^^^^^^^^^^^^^^^^^^^^^^^^^^^^^
[2025-10-31 22:31:18] [STDERR]   File "/opt/homebrew/Caskroom/miniconda/base/lib/python3.11/site-packages/aiohttp/connector.py", line 1291, in _wrap_create_connection
[2025-10-31 22:31:18] [STDERR]     raise client_error(req.connection_key, exc) from exc
[2025-10-31 22:31:18] [STDERR] aiohttp.client_exceptions.ClientConnectorError: Cannot connect to host localhost:3100 ssl:default [Multiple exceptions: [Errno 61] Connect call failed ('::1', 3100, 0, 0), [Errno 61] Connect call failed ('127.0.0.1', 3100)]
[2025-10-31 22:31:23] [STDERR] 2025-10-31 22:31:23,400 - LokiExporter.loki-exporter - ERROR - Failed to export logs to Loki: Cannot connect to host localhost:3100 ssl:default [Multiple exceptions: [Errno 61] Connect call failed ('127.0.0.1', 3100), [Errno 61] Connect call failed ('::1', 3100, 0, 0)]
[2025-10-31 22:31:23] [STDERR] Traceback (most recent call last):
[2025-10-31 22:31:23] [STDERR]   File "/opt/homebrew/Caskroom/miniconda/base/lib/python3.11/site-packages/aiohttp/connector.py", line 1268, in _wrap_create_connection
[2025-10-31 22:31:23] [STDERR]     sock = await aiohappyeyeballs.start_connection(
[2025-10-31 22:31:23] [STDERR]            ^^^^^^^^^^^^^^^^^^^^^^^^^^^^^^^^^^^^^^^^
[2025-10-31 22:31:23] [STDERR]   File "/opt/homebrew/Caskroom/miniconda/base/lib/python3.11/site-packages/aiohappyeyeballs/impl.py", line 141, in start_connection
[2025-10-31 22:31:23] [STDERR]     raise OSError(first_errno, msg)
[2025-10-31 22:31:23] [STDERR] ConnectionRefusedError: [Errno 61] Multiple exceptions: [Errno 61] Connect call failed ('127.0.0.1', 3100), [Errno 61] Connect call failed ('::1', 3100, 0, 0)
[2025-10-31 22:31:23] [STDERR] 
[2025-10-31 22:31:23] [STDERR] The above exception was the direct cause of the following exception:
[2025-10-31 22:31:23] [STDERR] 
[2025-10-31 22:31:23] [STDERR] Traceback (most recent call last):
[2025-10-31 22:31:23] [STDERR]   File "/Users/leifmarkthaler/github/gleitzeit 0.0.7/src/gleitzeit/workers/loki_exporter_worker.py", line 251, in export_logs_to_loki
[2025-10-31 22:31:23] [STDERR]     async with self.session.post(
[2025-10-31 22:31:23] [STDERR]   File "/opt/homebrew/Caskroom/miniconda/base/lib/python3.11/site-packages/aiohttp/client.py", line 1488, in __aenter__
[2025-10-31 22:31:23] [STDERR]     self._resp: _RetType = await self._coro
[2025-10-31 22:31:23] [STDERR]                            ^^^^^^^^^^^^^^^^
[2025-10-31 22:31:23] [STDERR]   File "/opt/homebrew/Caskroom/miniconda/base/lib/python3.11/site-packages/aiohttp/client.py", line 770, in _request
[2025-10-31 22:31:23] [STDERR]     resp = await handler(req)
[2025-10-31 22:31:23] [STDERR]            ^^^^^^^^^^^^^^^^^^
[2025-10-31 22:31:23] [STDERR]   File "/opt/homebrew/Caskroom/miniconda/base/lib/python3.11/site-packages/aiohttp/client.py", line 725, in _connect_and_send_request
[2025-10-31 22:31:23] [STDERR]     conn = await self._connector.connect(
[2025-10-31 22:31:23] [STDERR]            ^^^^^^^^^^^^^^^^^^^^^^^^^^^^^^
[2025-10-31 22:31:23] [STDERR]   File "/opt/homebrew/Caskroom/miniconda/base/lib/python3.11/site-packages/aiohttp/connector.py", line 642, in connect
[2025-10-31 22:31:23] [STDERR]     proto = await self._create_connection(req, traces, timeout)
[2025-10-31 22:31:23] [STDERR]             ^^^^^^^^^^^^^^^^^^^^^^^^^^^^^^^^^^^^^^^^^^^^^^^^^^^
[2025-10-31 22:31:23] [STDERR]   File "/opt/homebrew/Caskroom/miniconda/base/lib/python3.11/site-packages/aiohttp/connector.py", line 1209, in _create_connection
[2025-10-31 22:31:23] [STDERR]     _, proto = await self._create_direct_connection(req, traces, timeout)
[2025-10-31 22:31:23] [STDERR]                ^^^^^^^^^^^^^^^^^^^^^^^^^^^^^^^^^^^^^^^^^^^^^^^^^^^^^^^^^^
[2025-10-31 22:31:23] [STDERR]   File "/opt/homebrew/Caskroom/miniconda/base/lib/python3.11/site-packages/aiohttp/connector.py", line 1581, in _create_direct_connection
[2025-10-31 22:31:23] [STDERR]     raise last_exc
[2025-10-31 22:31:23] [STDERR]   File "/opt/homebrew/Caskroom/miniconda/base/lib/python3.11/site-packages/aiohttp/connector.py", line 1550, in _create_direct_connection
[2025-10-31 22:31:23] [STDERR]     transp, proto = await self._wrap_create_connection(
[2025-10-31 22:31:23] [STDERR]                     ^^^^^^^^^^^^^^^^^^^^^^^^^^^^^^^^^^^
[2025-10-31 22:31:23] [STDERR]   File "/opt/homebrew/Caskroom/miniconda/base/lib/python3.11/site-packages/aiohttp/connector.py", line 1291, in _wrap_create_connection
[2025-10-31 22:31:23] [STDERR]     raise client_error(req.connection_key, exc) from exc
[2025-10-31 22:31:23] [STDERR] aiohttp.client_exceptions.ClientConnectorError: Cannot connect to host localhost:3100 ssl:default [Multiple exceptions: [Errno 61] Connect call failed ('127.0.0.1', 3100), [Errno 61] Connect call failed ('::1', 3100, 0, 0)]
[2025-10-31 22:31:28] [STDERR] 2025-10-31 22:31:28,441 - LokiExporter.loki-exporter - ERROR - Failed to export logs to Loki: Cannot connect to host localhost:3100 ssl:default [Multiple exceptions: [Errno 61] Connect call failed ('::1', 3100, 0, 0), [Errno 61] Connect call failed ('127.0.0.1', 3100)]
[2025-10-31 22:31:28] [STDERR] Traceback (most recent call last):
[2025-10-31 22:31:28] [STDERR]   File "/opt/homebrew/Caskroom/miniconda/base/lib/python3.11/site-packages/aiohttp/connector.py", line 1268, in _wrap_create_connection
[2025-10-31 22:31:28] [STDERR]     sock = await aiohappyeyeballs.start_connection(
[2025-10-31 22:31:28] [STDERR]            ^^^^^^^^^^^^^^^^^^^^^^^^^^^^^^^^^^^^^^^^
[2025-10-31 22:31:28] [STDERR]   File "/opt/homebrew/Caskroom/miniconda/base/lib/python3.11/site-packages/aiohappyeyeballs/impl.py", line 141, in start_connection
[2025-10-31 22:31:28] [STDERR]     raise OSError(first_errno, msg)
[2025-10-31 22:31:28] [STDERR] ConnectionRefusedError: [Errno 61] Multiple exceptions: [Errno 61] Connect call failed ('::1', 3100, 0, 0), [Errno 61] Connect call failed ('127.0.0.1', 3100)
[2025-10-31 22:31:28] [STDERR] 
[2025-10-31 22:31:28] [STDERR] The above exception was the direct cause of the following exception:
[2025-10-31 22:31:28] [STDERR] 
[2025-10-31 22:31:28] [STDERR] Traceback (most recent call last):
[2025-10-31 22:31:28] [STDERR]   File "/Users/leifmarkthaler/github/gleitzeit 0.0.7/src/gleitzeit/workers/loki_exporter_worker.py", line 251, in export_logs_to_loki
[2025-10-31 22:31:28] [STDERR]     async with self.session.post(
[2025-10-31 22:31:28] [STDERR]   File "/opt/homebrew/Caskroom/miniconda/base/lib/python3.11/site-packages/aiohttp/client.py", line 1488, in __aenter__
[2025-10-31 22:31:28] [STDERR]     self._resp: _RetType = await self._coro
[2025-10-31 22:31:28] [STDERR]                            ^^^^^^^^^^^^^^^^
[2025-10-31 22:31:28] [STDERR]   File "/opt/homebrew/Caskroom/miniconda/base/lib/python3.11/site-packages/aiohttp/client.py", line 770, in _request
[2025-10-31 22:31:28] [STDERR]     resp = await handler(req)
[2025-10-31 22:31:28] [STDERR]            ^^^^^^^^^^^^^^^^^^
[2025-10-31 22:31:28] [STDERR]   File "/opt/homebrew/Caskroom/miniconda/base/lib/python3.11/site-packages/aiohttp/client.py", line 725, in _connect_and_send_request
[2025-10-31 22:31:28] [STDERR]     conn = await self._connector.connect(
[2025-10-31 22:31:28] [STDERR]            ^^^^^^^^^^^^^^^^^^^^^^^^^^^^^^
[2025-10-31 22:31:28] [STDERR]   File "/opt/homebrew/Caskroom/miniconda/base/lib/python3.11/site-packages/aiohttp/connector.py", line 642, in connect
[2025-10-31 22:31:28] [STDERR]     proto = await self._create_connection(req, traces, timeout)
[2025-10-31 22:31:28] [STDERR]             ^^^^^^^^^^^^^^^^^^^^^^^^^^^^^^^^^^^^^^^^^^^^^^^^^^^
[2025-10-31 22:31:28] [STDERR]   File "/opt/homebrew/Caskroom/miniconda/base/lib/python3.11/site-packages/aiohttp/connector.py", line 1209, in _create_connection
[2025-10-31 22:31:28] [STDERR]     _, proto = await self._create_direct_connection(req, traces, timeout)
[2025-10-31 22:31:28] [STDERR]                ^^^^^^^^^^^^^^^^^^^^^^^^^^^^^^^^^^^^^^^^^^^^^^^^^^^^^^^^^^
[2025-10-31 22:31:28] [STDERR]   File "/opt/homebrew/Caskroom/miniconda/base/lib/python3.11/site-packages/aiohttp/connector.py", line 1581, in _create_direct_connection
[2025-10-31 22:31:28] [STDERR]     raise last_exc
[2025-10-31 22:31:28] [STDERR]   File "/opt/homebrew/Caskroom/miniconda/base/lib/python3.11/site-packages/aiohttp/connector.py", line 1550, in _create_direct_connection
[2025-10-31 22:31:28] [STDERR]     transp, proto = await self._wrap_create_connection(
[2025-10-31 22:31:28] [STDERR]                     ^^^^^^^^^^^^^^^^^^^^^^^^^^^^^^^^^^^
[2025-10-31 22:31:28] [STDERR]   File "/opt/homebrew/Caskroom/miniconda/base/lib/python3.11/site-packages/aiohttp/connector.py", line 1291, in _wrap_create_connection
[2025-10-31 22:31:28] [STDERR]     raise client_error(req.connection_key, exc) from exc
[2025-10-31 22:31:28] [STDERR] aiohttp.client_exceptions.ClientConnectorError: Cannot connect to host localhost:3100 ssl:default [Multiple exceptions: [Errno 61] Connect call failed ('::1', 3100, 0, 0), [Errno 61] Connect call failed ('127.0.0.1', 3100)]
[2025-10-31 22:31:33] [STDERR] 2025-10-31 22:31:33,478 - LokiExporter.loki-exporter - ERROR - Failed to export logs to Loki: Cannot connect to host localhost:3100 ssl:default [Multiple exceptions: [Errno 61] Connect call failed ('127.0.0.1', 3100), [Errno 61] Connect call failed ('::1', 3100, 0, 0)]
[2025-10-31 22:31:33] [STDERR] Traceback (most recent call last):
[2025-10-31 22:31:33] [STDERR]   File "/opt/homebrew/Caskroom/miniconda/base/lib/python3.11/site-packages/aiohttp/connector.py", line 1268, in _wrap_create_connection
[2025-10-31 22:31:33] [STDERR]     sock = await aiohappyeyeballs.start_connection(
[2025-10-31 22:31:33] [STDERR]            ^^^^^^^^^^^^^^^^^^^^^^^^^^^^^^^^^^^^^^^^
[2025-10-31 22:31:33] [STDERR]   File "/opt/homebrew/Caskroom/miniconda/base/lib/python3.11/site-packages/aiohappyeyeballs/impl.py", line 141, in start_connection
[2025-10-31 22:31:33] [STDERR]     raise OSError(first_errno, msg)
[2025-10-31 22:31:33] [STDERR] ConnectionRefusedError: [Errno 61] Multiple exceptions: [Errno 61] Connect call failed ('127.0.0.1', 3100), [Errno 61] Connect call failed ('::1', 3100, 0, 0)
[2025-10-31 22:31:33] [STDERR] 
[2025-10-31 22:31:33] [STDERR] The above exception was the direct cause of the following exception:
[2025-10-31 22:31:33] [STDERR] 
[2025-10-31 22:31:33] [STDERR] Traceback (most recent call last):
[2025-10-31 22:31:33] [STDERR]   File "/Users/leifmarkthaler/github/gleitzeit 0.0.7/src/gleitzeit/workers/loki_exporter_worker.py", line 251, in export_logs_to_loki
[2025-10-31 22:31:33] [STDERR]     async with self.session.post(
[2025-10-31 22:31:33] [STDERR]   File "/opt/homebrew/Caskroom/miniconda/base/lib/python3.11/site-packages/aiohttp/client.py", line 1488, in __aenter__
[2025-10-31 22:31:33] [STDERR]     self._resp: _RetType = await self._coro
[2025-10-31 22:31:33] [STDERR]                            ^^^^^^^^^^^^^^^^
[2025-10-31 22:31:33] [STDERR]   File "/opt/homebrew/Caskroom/miniconda/base/lib/python3.11/site-packages/aiohttp/client.py", line 770, in _request
[2025-10-31 22:31:33] [STDERR]     resp = await handler(req)
[2025-10-31 22:31:33] [STDERR]            ^^^^^^^^^^^^^^^^^^
[2025-10-31 22:31:33] [STDERR]   File "/opt/homebrew/Caskroom/miniconda/base/lib/python3.11/site-packages/aiohttp/client.py", line 725, in _connect_and_send_request
[2025-10-31 22:31:33] [STDERR]     conn = await self._connector.connect(
[2025-10-31 22:31:33] [STDERR]            ^^^^^^^^^^^^^^^^^^^^^^^^^^^^^^
[2025-10-31 22:31:33] [STDERR]   File "/opt/homebrew/Caskroom/miniconda/base/lib/python3.11/site-packages/aiohttp/connector.py", line 642, in connect
[2025-10-31 22:31:33] [STDERR]     proto = await self._create_connection(req, traces, timeout)
[2025-10-31 22:31:33] [STDERR]             ^^^^^^^^^^^^^^^^^^^^^^^^^^^^^^^^^^^^^^^^^^^^^^^^^^^
[2025-10-31 22:31:33] [STDERR]   File "/opt/homebrew/Caskroom/miniconda/base/lib/python3.11/site-packages/aiohttp/connector.py", line 1209, in _create_connection
[2025-10-31 22:31:33] [STDERR]     _, proto = await self._create_direct_connection(req, traces, timeout)
[2025-10-31 22:31:33] [STDERR]                ^^^^^^^^^^^^^^^^^^^^^^^^^^^^^^^^^^^^^^^^^^^^^^^^^^^^^^^^^^
[2025-10-31 22:31:33] [STDERR]   File "/opt/homebrew/Caskroom/miniconda/base/lib/python3.11/site-packages/aiohttp/connector.py", line 1581, in _create_direct_connection
[2025-10-31 22:31:33] [STDERR]     raise last_exc
[2025-10-31 22:31:33] [STDERR]   File "/opt/homebrew/Caskroom/miniconda/base/lib/python3.11/site-packages/aiohttp/connector.py", line 1550, in _create_direct_connection
[2025-10-31 22:31:33] [STDERR]     transp, proto = await self._wrap_create_connection(
[2025-10-31 22:31:33] [STDERR]                     ^^^^^^^^^^^^^^^^^^^^^^^^^^^^^^^^^^^
[2025-10-31 22:31:33] [STDERR]   File "/opt/homebrew/Caskroom/miniconda/base/lib/python3.11/site-packages/aiohttp/connector.py", line 1291, in _wrap_create_connection
[2025-10-31 22:31:33] [STDERR]     raise client_error(req.connection_key, exc) from exc
[2025-10-31 22:31:33] [STDERR] aiohttp.client_exceptions.ClientConnectorError: Cannot connect to host localhost:3100 ssl:default [Multiple exceptions: [Errno 61] Connect call failed ('127.0.0.1', 3100), [Errno 61] Connect call failed ('::1', 3100, 0, 0)]
[2025-10-31 22:31:38] [STDERR] 2025-10-31 22:31:38,516 - LokiExporter.loki-exporter - ERROR - Failed to export logs to Loki: Cannot connect to host localhost:3100 ssl:default [Multiple exceptions: [Errno 61] Connect call failed ('::1', 3100, 0, 0), [Errno 61] Connect call failed ('127.0.0.1', 3100)]
[2025-10-31 22:31:38] [STDERR] Traceback (most recent call last):
[2025-10-31 22:31:38] [STDERR]   File "/opt/homebrew/Caskroom/miniconda/base/lib/python3.11/site-packages/aiohttp/connector.py", line 1268, in _wrap_create_connection
[2025-10-31 22:31:38] [STDERR]     sock = await aiohappyeyeballs.start_connection(
[2025-10-31 22:31:38] [STDERR]            ^^^^^^^^^^^^^^^^^^^^^^^^^^^^^^^^^^^^^^^^
[2025-10-31 22:31:38] [STDERR]   File "/opt/homebrew/Caskroom/miniconda/base/lib/python3.11/site-packages/aiohappyeyeballs/impl.py", line 141, in start_connection
[2025-10-31 22:31:38] [STDERR]     raise OSError(first_errno, msg)
[2025-10-31 22:31:38] [STDERR] ConnectionRefusedError: [Errno 61] Multiple exceptions: [Errno 61] Connect call failed ('::1', 3100, 0, 0), [Errno 61] Connect call failed ('127.0.0.1', 3100)
[2025-10-31 22:31:38] [STDERR] 
[2025-10-31 22:31:38] [STDERR] The above exception was the direct cause of the following exception:
[2025-10-31 22:31:38] [STDERR] 
[2025-10-31 22:31:38] [STDERR] Traceback (most recent call last):
[2025-10-31 22:31:38] [STDERR]   File "/Users/leifmarkthaler/github/gleitzeit 0.0.7/src/gleitzeit/workers/loki_exporter_worker.py", line 251, in export_logs_to_loki
[2025-10-31 22:31:38] [STDERR]     async with self.session.post(
[2025-10-31 22:31:38] [STDERR]   File "/opt/homebrew/Caskroom/miniconda/base/lib/python3.11/site-packages/aiohttp/client.py", line 1488, in __aenter__
[2025-10-31 22:31:38] [STDERR]     self._resp: _RetType = await self._coro
[2025-10-31 22:31:38] [STDERR]                            ^^^^^^^^^^^^^^^^
[2025-10-31 22:31:38] [STDERR]   File "/opt/homebrew/Caskroom/miniconda/base/lib/python3.11/site-packages/aiohttp/client.py", line 770, in _request
[2025-10-31 22:31:38] [STDERR]     resp = await handler(req)
[2025-10-31 22:31:38] [STDERR]            ^^^^^^^^^^^^^^^^^^
[2025-10-31 22:31:38] [STDERR]   File "/opt/homebrew/Caskroom/miniconda/base/lib/python3.11/site-packages/aiohttp/client.py", line 725, in _connect_and_send_request
[2025-10-31 22:31:38] [STDERR]     conn = await self._connector.connect(
[2025-10-31 22:31:38] [STDERR]            ^^^^^^^^^^^^^^^^^^^^^^^^^^^^^^
[2025-10-31 22:31:38] [STDERR]   File "/opt/homebrew/Caskroom/miniconda/base/lib/python3.11/site-packages/aiohttp/connector.py", line 642, in connect
[2025-10-31 22:31:38] [STDERR]     proto = await self._create_connection(req, traces, timeout)
[2025-10-31 22:31:38] [STDERR]             ^^^^^^^^^^^^^^^^^^^^^^^^^^^^^^^^^^^^^^^^^^^^^^^^^^^
[2025-10-31 22:31:38] [STDERR]   File "/opt/homebrew/Caskroom/miniconda/base/lib/python3.11/site-packages/aiohttp/connector.py", line 1209, in _create_connection
[2025-10-31 22:31:38] [STDERR]     _, proto = await self._create_direct_connection(req, traces, timeout)
[2025-10-31 22:31:38] [STDERR]                ^^^^^^^^^^^^^^^^^^^^^^^^^^^^^^^^^^^^^^^^^^^^^^^^^^^^^^^^^^
[2025-10-31 22:31:38] [STDERR]   File "/opt/homebrew/Caskroom/miniconda/base/lib/python3.11/site-packages/aiohttp/connector.py", line 1581, in _create_direct_connection
[2025-10-31 22:31:38] [STDERR]     raise last_exc
[2025-10-31 22:31:38] [STDERR]   File "/opt/homebrew/Caskroom/miniconda/base/lib/python3.11/site-packages/aiohttp/connector.py", line 1550, in _create_direct_connection
[2025-10-31 22:31:38] [STDERR]     transp, proto = await self._wrap_create_connection(
[2025-10-31 22:31:38] [STDERR]                     ^^^^^^^^^^^^^^^^^^^^^^^^^^^^^^^^^^^
[2025-10-31 22:31:38] [STDERR]   File "/opt/homebrew/Caskroom/miniconda/base/lib/python3.11/site-packages/aiohttp/connector.py", line 1291, in _wrap_create_connection
[2025-10-31 22:31:38] [STDERR]     raise client_error(req.connection_key, exc) from exc
[2025-10-31 22:31:38] [STDERR] aiohttp.client_exceptions.ClientConnectorError: Cannot connect to host localhost:3100 ssl:default [Multiple exceptions: [Errno 61] Connect call failed ('::1', 3100, 0, 0), [Errno 61] Connect call failed ('127.0.0.1', 3100)]
[2025-10-31 22:31:43] [STDERR] 2025-10-31 22:31:43,554 - LokiExporter.loki-exporter - ERROR - Failed to export logs to Loki: Cannot connect to host localhost:3100 ssl:default [Multiple exceptions: [Errno 61] Connect call failed ('127.0.0.1', 3100), [Errno 61] Connect call failed ('::1', 3100, 0, 0)]
[2025-10-31 22:31:43] [STDERR] Traceback (most recent call last):
[2025-10-31 22:31:43] [STDERR]   File "/opt/homebrew/Caskroom/miniconda/base/lib/python3.11/site-packages/aiohttp/connector.py", line 1268, in _wrap_create_connection
[2025-10-31 22:31:43] [STDERR]     sock = await aiohappyeyeballs.start_connection(
[2025-10-31 22:31:43] [STDERR]            ^^^^^^^^^^^^^^^^^^^^^^^^^^^^^^^^^^^^^^^^
[2025-10-31 22:31:43] [STDERR]   File "/opt/homebrew/Caskroom/miniconda/base/lib/python3.11/site-packages/aiohappyeyeballs/impl.py", line 141, in start_connection
[2025-10-31 22:31:43] [STDERR]     raise OSError(first_errno, msg)
[2025-10-31 22:31:43] [STDERR] ConnectionRefusedError: [Errno 61] Multiple exceptions: [Errno 61] Connect call failed ('127.0.0.1', 3100), [Errno 61] Connect call failed ('::1', 3100, 0, 0)
[2025-10-31 22:31:43] [STDERR] 
[2025-10-31 22:31:43] [STDERR] The above exception was the direct cause of the following exception:
[2025-10-31 22:31:43] [STDERR] 
[2025-10-31 22:31:43] [STDERR] Traceback (most recent call last):
[2025-10-31 22:31:43] [STDERR]   File "/Users/leifmarkthaler/github/gleitzeit 0.0.7/src/gleitzeit/workers/loki_exporter_worker.py", line 251, in export_logs_to_loki
[2025-10-31 22:31:43] [STDERR]     async with self.session.post(
[2025-10-31 22:31:43] [STDERR]   File "/opt/homebrew/Caskroom/miniconda/base/lib/python3.11/site-packages/aiohttp/client.py", line 1488, in __aenter__
[2025-10-31 22:31:43] [STDERR]     self._resp: _RetType = await self._coro
[2025-10-31 22:31:43] [STDERR]                            ^^^^^^^^^^^^^^^^
[2025-10-31 22:31:43] [STDERR]   File "/opt/homebrew/Caskroom/miniconda/base/lib/python3.11/site-packages/aiohttp/client.py", line 770, in _request
[2025-10-31 22:31:43] [STDERR]     resp = await handler(req)
[2025-10-31 22:31:43] [STDERR]            ^^^^^^^^^^^^^^^^^^
[2025-10-31 22:31:43] [STDERR]   File "/opt/homebrew/Caskroom/miniconda/base/lib/python3.11/site-packages/aiohttp/client.py", line 725, in _connect_and_send_request
[2025-10-31 22:31:43] [STDERR]     conn = await self._connector.connect(
[2025-10-31 22:31:43] [STDERR]            ^^^^^^^^^^^^^^^^^^^^^^^^^^^^^^
[2025-10-31 22:31:43] [STDERR]   File "/opt/homebrew/Caskroom/miniconda/base/lib/python3.11/site-packages/aiohttp/connector.py", line 642, in connect
[2025-10-31 22:31:43] [STDERR]     proto = await self._create_connection(req, traces, timeout)
[2025-10-31 22:31:43] [STDERR]             ^^^^^^^^^^^^^^^^^^^^^^^^^^^^^^^^^^^^^^^^^^^^^^^^^^^
[2025-10-31 22:31:43] [STDERR]   File "/opt/homebrew/Caskroom/miniconda/base/lib/python3.11/site-packages/aiohttp/connector.py", line 1209, in _create_connection
[2025-10-31 22:31:43] [STDERR]     _, proto = await self._create_direct_connection(req, traces, timeout)
[2025-10-31 22:31:43] [STDERR]                ^^^^^^^^^^^^^^^^^^^^^^^^^^^^^^^^^^^^^^^^^^^^^^^^^^^^^^^^^^
[2025-10-31 22:31:43] [STDERR]   File "/opt/homebrew/Caskroom/miniconda/base/lib/python3.11/site-packages/aiohttp/connector.py", line 1581, in _create_direct_connection
[2025-10-31 22:31:43] [STDERR]     raise last_exc
[2025-10-31 22:31:43] [STDERR]   File "/opt/homebrew/Caskroom/miniconda/base/lib/python3.11/site-packages/aiohttp/connector.py", line 1550, in _create_direct_connection
[2025-10-31 22:31:43] [STDERR]     transp, proto = await self._wrap_create_connection(
[2025-10-31 22:31:43] [STDERR]                     ^^^^^^^^^^^^^^^^^^^^^^^^^^^^^^^^^^^
[2025-10-31 22:31:43] [STDERR]   File "/opt/homebrew/Caskroom/miniconda/base/lib/python3.11/site-packages/aiohttp/connector.py", line 1291, in _wrap_create_connection
[2025-10-31 22:31:43] [STDERR]     raise client_error(req.connection_key, exc) from exc
[2025-10-31 22:31:43] [STDERR] aiohttp.client_exceptions.ClientConnectorError: Cannot connect to host localhost:3100 ssl:default [Multiple exceptions: [Errno 61] Connect call failed ('127.0.0.1', 3100), [Errno 61] Connect call failed ('::1', 3100, 0, 0)]
[2025-10-31 22:31:48] [STDERR] 2025-10-31 22:31:48,594 - LokiExporter.loki-exporter - ERROR - Failed to export logs to Loki: Cannot connect to host localhost:3100 ssl:default [Multiple exceptions: [Errno 61] Connect call failed ('::1', 3100, 0, 0), [Errno 61] Connect call failed ('127.0.0.1', 3100)]
[2025-10-31 22:31:48] [STDERR] Traceback (most recent call last):
[2025-10-31 22:31:48] [STDERR]   File "/opt/homebrew/Caskroom/miniconda/base/lib/python3.11/site-packages/aiohttp/connector.py", line 1268, in _wrap_create_connection
[2025-10-31 22:31:48] [STDERR]     sock = await aiohappyeyeballs.start_connection(
[2025-10-31 22:31:48] [STDERR]            ^^^^^^^^^^^^^^^^^^^^^^^^^^^^^^^^^^^^^^^^
[2025-10-31 22:31:48] [STDERR]   File "/opt/homebrew/Caskroom/miniconda/base/lib/python3.11/site-packages/aiohappyeyeballs/impl.py", line 141, in start_connection
[2025-10-31 22:31:48] [STDERR]     raise OSError(first_errno, msg)
[2025-10-31 22:31:48] [STDERR] ConnectionRefusedError: [Errno 61] Multiple exceptions: [Errno 61] Connect call failed ('::1', 3100, 0, 0), [Errno 61] Connect call failed ('127.0.0.1', 3100)
[2025-10-31 22:31:48] [STDERR] 
[2025-10-31 22:31:48] [STDERR] The above exception was the direct cause of the following exception:
[2025-10-31 22:31:48] [STDERR] 
[2025-10-31 22:31:48] [STDERR] Traceback (most recent call last):
[2025-10-31 22:31:48] [STDERR]   File "/Users/leifmarkthaler/github/gleitzeit 0.0.7/src/gleitzeit/workers/loki_exporter_worker.py", line 251, in export_logs_to_loki
[2025-10-31 22:31:48] [STDERR]     async with self.session.post(
[2025-10-31 22:31:48] [STDERR]   File "/opt/homebrew/Caskroom/miniconda/base/lib/python3.11/site-packages/aiohttp/client.py", line 1488, in __aenter__
[2025-10-31 22:31:48] [STDERR]     self._resp: _RetType = await self._coro
[2025-10-31 22:31:48] [STDERR]                            ^^^^^^^^^^^^^^^^
[2025-10-31 22:31:48] [STDERR]   File "/opt/homebrew/Caskroom/miniconda/base/lib/python3.11/site-packages/aiohttp/client.py", line 770, in _request
[2025-10-31 22:31:48] [STDERR]     resp = await handler(req)
[2025-10-31 22:31:48] [STDERR]            ^^^^^^^^^^^^^^^^^^
[2025-10-31 22:31:48] [STDERR]   File "/opt/homebrew/Caskroom/miniconda/base/lib/python3.11/site-packages/aiohttp/client.py", line 725, in _connect_and_send_request
[2025-10-31 22:31:48] [STDERR]     conn = await self._connector.connect(
[2025-10-31 22:31:48] [STDERR]            ^^^^^^^^^^^^^^^^^^^^^^^^^^^^^^
[2025-10-31 22:31:48] [STDERR]   File "/opt/homebrew/Caskroom/miniconda/base/lib/python3.11/site-packages/aiohttp/connector.py", line 642, in connect
[2025-10-31 22:31:48] [STDERR]     proto = await self._create_connection(req, traces, timeout)
[2025-10-31 22:31:48] [STDERR]             ^^^^^^^^^^^^^^^^^^^^^^^^^^^^^^^^^^^^^^^^^^^^^^^^^^^
[2025-10-31 22:31:48] [STDERR]   File "/opt/homebrew/Caskroom/miniconda/base/lib/python3.11/site-packages/aiohttp/connector.py", line 1209, in _create_connection
[2025-10-31 22:31:48] [STDERR]     _, proto = await self._create_direct_connection(req, traces, timeout)
[2025-10-31 22:31:48] [STDERR]                ^^^^^^^^^^^^^^^^^^^^^^^^^^^^^^^^^^^^^^^^^^^^^^^^^^^^^^^^^^
[2025-10-31 22:31:48] [STDERR]   File "/opt/homebrew/Caskroom/miniconda/base/lib/python3.11/site-packages/aiohttp/connector.py", line 1581, in _create_direct_connection
[2025-10-31 22:31:48] [STDERR]     raise last_exc
[2025-10-31 22:31:48] [STDERR]   File "/opt/homebrew/Caskroom/miniconda/base/lib/python3.11/site-packages/aiohttp/connector.py", line 1550, in _create_direct_connection
[2025-10-31 22:31:48] [STDERR]     transp, proto = await self._wrap_create_connection(
[2025-10-31 22:31:48] [STDERR]                     ^^^^^^^^^^^^^^^^^^^^^^^^^^^^^^^^^^^
[2025-10-31 22:31:48] [STDERR]   File "/opt/homebrew/Caskroom/miniconda/base/lib/python3.11/site-packages/aiohttp/connector.py", line 1291, in _wrap_create_connection
[2025-10-31 22:31:48] [STDERR]     raise client_error(req.connection_key, exc) from exc
[2025-10-31 22:31:48] [STDERR] aiohttp.client_exceptions.ClientConnectorError: Cannot connect to host localhost:3100 ssl:default [Multiple exceptions: [Errno 61] Connect call failed ('::1', 3100, 0, 0), [Errno 61] Connect call failed ('127.0.0.1', 3100)]
[2025-10-31 22:31:53] [STDERR] 2025-10-31 22:31:53,633 - LokiExporter.loki-exporter - ERROR - Failed to export logs to Loki: Cannot connect to host localhost:3100 ssl:default [Multiple exceptions: [Errno 61] Connect call failed ('127.0.0.1', 3100), [Errno 61] Connect call failed ('::1', 3100, 0, 0)]
[2025-10-31 22:31:53] [STDERR] Traceback (most recent call last):
[2025-10-31 22:31:53] [STDERR]   File "/opt/homebrew/Caskroom/miniconda/base/lib/python3.11/site-packages/aiohttp/connector.py", line 1268, in _wrap_create_connection
[2025-10-31 22:31:53] [STDERR]     sock = await aiohappyeyeballs.start_connection(
[2025-10-31 22:31:53] [STDERR]            ^^^^^^^^^^^^^^^^^^^^^^^^^^^^^^^^^^^^^^^^
[2025-10-31 22:31:53] [STDERR]   File "/opt/homebrew/Caskroom/miniconda/base/lib/python3.11/site-packages/aiohappyeyeballs/impl.py", line 141, in start_connection
[2025-10-31 22:31:53] [STDERR]     raise OSError(first_errno, msg)
[2025-10-31 22:31:53] [STDERR] ConnectionRefusedError: [Errno 61] Multiple exceptions: [Errno 61] Connect call failed ('127.0.0.1', 3100), [Errno 61] Connect call failed ('::1', 3100, 0, 0)
[2025-10-31 22:31:53] [STDERR] 
[2025-10-31 22:31:53] [STDERR] The above exception was the direct cause of the following exception:
[2025-10-31 22:31:53] [STDERR] 
[2025-10-31 22:31:53] [STDERR] Traceback (most recent call last):
[2025-10-31 22:31:53] [STDERR]   File "/Users/leifmarkthaler/github/gleitzeit 0.0.7/src/gleitzeit/workers/loki_exporter_worker.py", line 251, in export_logs_to_loki
[2025-10-31 22:31:53] [STDERR]     async with self.session.post(
[2025-10-31 22:31:53] [STDERR]   File "/opt/homebrew/Caskroom/miniconda/base/lib/python3.11/site-packages/aiohttp/client.py", line 1488, in __aenter__
[2025-10-31 22:31:53] [STDERR]     self._resp: _RetType = await self._coro
[2025-10-31 22:31:53] [STDERR]                            ^^^^^^^^^^^^^^^^
[2025-10-31 22:31:53] [STDERR]   File "/opt/homebrew/Caskroom/miniconda/base/lib/python3.11/site-packages/aiohttp/client.py", line 770, in _request
[2025-10-31 22:31:53] [STDERR]     resp = await handler(req)
[2025-10-31 22:31:53] [STDERR]            ^^^^^^^^^^^^^^^^^^
[2025-10-31 22:31:53] [STDERR]   File "/opt/homebrew/Caskroom/miniconda/base/lib/python3.11/site-packages/aiohttp/client.py", line 725, in _connect_and_send_request
[2025-10-31 22:31:53] [STDERR]     conn = await self._connector.connect(
[2025-10-31 22:31:53] [STDERR]            ^^^^^^^^^^^^^^^^^^^^^^^^^^^^^^
[2025-10-31 22:31:53] [STDERR]   File "/opt/homebrew/Caskroom/miniconda/base/lib/python3.11/site-packages/aiohttp/connector.py", line 642, in connect
[2025-10-31 22:31:53] [STDERR]     proto = await self._create_connection(req, traces, timeout)
[2025-10-31 22:31:53] [STDERR]             ^^^^^^^^^^^^^^^^^^^^^^^^^^^^^^^^^^^^^^^^^^^^^^^^^^^
[2025-10-31 22:31:53] [STDERR]   File "/opt/homebrew/Caskroom/miniconda/base/lib/python3.11/site-packages/aiohttp/connector.py", line 1209, in _create_connection
[2025-10-31 22:31:53] [STDERR]     _, proto = await self._create_direct_connection(req, traces, timeout)
[2025-10-31 22:31:53] [STDERR]                ^^^^^^^^^^^^^^^^^^^^^^^^^^^^^^^^^^^^^^^^^^^^^^^^^^^^^^^^^^
[2025-10-31 22:31:53] [STDERR]   File "/opt/homebrew/Caskroom/miniconda/base/lib/python3.11/site-packages/aiohttp/connector.py", line 1581, in _create_direct_connection
[2025-10-31 22:31:53] [STDERR]     raise last_exc
[2025-10-31 22:31:53] [STDERR]   File "/opt/homebrew/Caskroom/miniconda/base/lib/python3.11/site-packages/aiohttp/connector.py", line 1550, in _create_direct_connection
[2025-10-31 22:31:53] [STDERR]     transp, proto = await self._wrap_create_connection(
[2025-10-31 22:31:53] [STDERR]                     ^^^^^^^^^^^^^^^^^^^^^^^^^^^^^^^^^^^
[2025-10-31 22:31:53] [STDERR]   File "/opt/homebrew/Caskroom/miniconda/base/lib/python3.11/site-packages/aiohttp/connector.py", line 1291, in _wrap_create_connection
[2025-10-31 22:31:53] [STDERR]     raise client_error(req.connection_key, exc) from exc
[2025-10-31 22:31:53] [STDERR] aiohttp.client_exceptions.ClientConnectorError: Cannot connect to host localhost:3100 ssl:default [Multiple exceptions: [Errno 61] Connect call failed ('127.0.0.1', 3100), [Errno 61] Connect call failed ('::1', 3100, 0, 0)]
[2025-10-31 22:31:58] [STDERR] 2025-10-31 22:31:58,671 - LokiExporter.loki-exporter - ERROR - Failed to export logs to Loki: Cannot connect to host localhost:3100 ssl:default [Multiple exceptions: [Errno 61] Connect call failed ('::1', 3100, 0, 0), [Errno 61] Connect call failed ('127.0.0.1', 3100)]
[2025-10-31 22:31:58] [STDERR] Traceback (most recent call last):
[2025-10-31 22:31:58] [STDERR]   File "/opt/homebrew/Caskroom/miniconda/base/lib/python3.11/site-packages/aiohttp/connector.py", line 1268, in _wrap_create_connection
[2025-10-31 22:31:58] [STDERR]     sock = await aiohappyeyeballs.start_connection(
[2025-10-31 22:31:58] [STDERR]            ^^^^^^^^^^^^^^^^^^^^^^^^^^^^^^^^^^^^^^^^
[2025-10-31 22:31:58] [STDERR]   File "/opt/homebrew/Caskroom/miniconda/base/lib/python3.11/site-packages/aiohappyeyeballs/impl.py", line 141, in start_connection
[2025-10-31 22:31:58] [STDERR]     raise OSError(first_errno, msg)
[2025-10-31 22:31:58] [STDERR] ConnectionRefusedError: [Errno 61] Multiple exceptions: [Errno 61] Connect call failed ('::1', 3100, 0, 0), [Errno 61] Connect call failed ('127.0.0.1', 3100)
[2025-10-31 22:31:58] [STDERR] 
[2025-10-31 22:31:58] [STDERR] The above exception was the direct cause of the following exception:
[2025-10-31 22:31:58] [STDERR] 
[2025-10-31 22:31:58] [STDERR] Traceback (most recent call last):
[2025-10-31 22:31:58] [STDERR]   File "/Users/leifmarkthaler/github/gleitzeit 0.0.7/src/gleitzeit/workers/loki_exporter_worker.py", line 251, in export_logs_to_loki
[2025-10-31 22:31:58] [STDERR]     async with self.session.post(
[2025-10-31 22:31:58] [STDERR]   File "/opt/homebrew/Caskroom/miniconda/base/lib/python3.11/site-packages/aiohttp/client.py", line 1488, in __aenter__
[2025-10-31 22:31:58] [STDERR]     self._resp: _RetType = await self._coro
[2025-10-31 22:31:58] [STDERR]                            ^^^^^^^^^^^^^^^^
[2025-10-31 22:31:58] [STDERR]   File "/opt/homebrew/Caskroom/miniconda/base/lib/python3.11/site-packages/aiohttp/client.py", line 770, in _request
[2025-10-31 22:31:58] [STDERR]     resp = await handler(req)
[2025-10-31 22:31:58] [STDERR]            ^^^^^^^^^^^^^^^^^^
[2025-10-31 22:31:58] [STDERR]   File "/opt/homebrew/Caskroom/miniconda/base/lib/python3.11/site-packages/aiohttp/client.py", line 725, in _connect_and_send_request
[2025-10-31 22:31:58] [STDERR]     conn = await self._connector.connect(
[2025-10-31 22:31:58] [STDERR]            ^^^^^^^^^^^^^^^^^^^^^^^^^^^^^^
[2025-10-31 22:31:58] [STDERR]   File "/opt/homebrew/Caskroom/miniconda/base/lib/python3.11/site-packages/aiohttp/connector.py", line 642, in connect
[2025-10-31 22:31:58] [STDERR]     proto = await self._create_connection(req, traces, timeout)
[2025-10-31 22:31:58] [STDERR]             ^^^^^^^^^^^^^^^^^^^^^^^^^^^^^^^^^^^^^^^^^^^^^^^^^^^
[2025-10-31 22:31:58] [STDERR]   File "/opt/homebrew/Caskroom/miniconda/base/lib/python3.11/site-packages/aiohttp/connector.py", line 1209, in _create_connection
[2025-10-31 22:31:58] [STDERR]     _, proto = await self._create_direct_connection(req, traces, timeout)
[2025-10-31 22:31:58] [STDERR]                ^^^^^^^^^^^^^^^^^^^^^^^^^^^^^^^^^^^^^^^^^^^^^^^^^^^^^^^^^^
[2025-10-31 22:31:58] [STDERR]   File "/opt/homebrew/Caskroom/miniconda/base/lib/python3.11/site-packages/aiohttp/connector.py", line 1581, in _create_direct_connection
[2025-10-31 22:31:58] [STDERR]     raise last_exc
[2025-10-31 22:31:58] [STDERR]   File "/opt/homebrew/Caskroom/miniconda/base/lib/python3.11/site-packages/aiohttp/connector.py", line 1550, in _create_direct_connection
[2025-10-31 22:31:58] [STDERR]     transp, proto = await self._wrap_create_connection(
[2025-10-31 22:31:58] [STDERR]                     ^^^^^^^^^^^^^^^^^^^^^^^^^^^^^^^^^^^
[2025-10-31 22:31:58] [STDERR]   File "/opt/homebrew/Caskroom/miniconda/base/lib/python3.11/site-packages/aiohttp/connector.py", line 1291, in _wrap_create_connection
[2025-10-31 22:31:58] [STDERR]     raise client_error(req.connection_key, exc) from exc
[2025-10-31 22:31:58] [STDERR] aiohttp.client_exceptions.ClientConnectorError: Cannot connect to host localhost:3100 ssl:default [Multiple exceptions: [Errno 61] Connect call failed ('::1', 3100, 0, 0), [Errno 61] Connect call failed ('127.0.0.1', 3100)]
[2025-10-31 22:32:03] [STDERR] 2025-10-31 22:32:03,712 - LokiExporter.loki-exporter - ERROR - Failed to export logs to Loki: Cannot connect to host localhost:3100 ssl:default [Multiple exceptions: [Errno 61] Connect call failed ('127.0.0.1', 3100), [Errno 61] Connect call failed ('::1', 3100, 0, 0)]
[2025-10-31 22:32:03] [STDERR] Traceback (most recent call last):
[2025-10-31 22:32:03] [STDERR]   File "/opt/homebrew/Caskroom/miniconda/base/lib/python3.11/site-packages/aiohttp/connector.py", line 1268, in _wrap_create_connection
[2025-10-31 22:32:03] [STDERR]     sock = await aiohappyeyeballs.start_connection(
[2025-10-31 22:32:03] [STDERR]            ^^^^^^^^^^^^^^^^^^^^^^^^^^^^^^^^^^^^^^^^
[2025-10-31 22:32:03] [STDERR]   File "/opt/homebrew/Caskroom/miniconda/base/lib/python3.11/site-packages/aiohappyeyeballs/impl.py", line 141, in start_connection
[2025-10-31 22:32:03] [STDERR]     raise OSError(first_errno, msg)
[2025-10-31 22:32:03] [STDERR] ConnectionRefusedError: [Errno 61] Multiple exceptions: [Errno 61] Connect call failed ('127.0.0.1', 3100), [Errno 61] Connect call failed ('::1', 3100, 0, 0)
[2025-10-31 22:32:03] [STDERR] 
[2025-10-31 22:32:03] [STDERR] The above exception was the direct cause of the following exception:
[2025-10-31 22:32:03] [STDERR] 
[2025-10-31 22:32:03] [STDERR] Traceback (most recent call last):
[2025-10-31 22:32:03] [STDERR]   File "/Users/leifmarkthaler/github/gleitzeit 0.0.7/src/gleitzeit/workers/loki_exporter_worker.py", line 251, in export_logs_to_loki
[2025-10-31 22:32:03] [STDERR]     async with self.session.post(
[2025-10-31 22:32:03] [STDERR]   File "/opt/homebrew/Caskroom/miniconda/base/lib/python3.11/site-packages/aiohttp/client.py", line 1488, in __aenter__
[2025-10-31 22:32:03] [STDERR]     self._resp: _RetType = await self._coro
[2025-10-31 22:32:03] [STDERR]                            ^^^^^^^^^^^^^^^^
[2025-10-31 22:32:03] [STDERR]   File "/opt/homebrew/Caskroom/miniconda/base/lib/python3.11/site-packages/aiohttp/client.py", line 770, in _request
[2025-10-31 22:32:03] [STDERR]     resp = await handler(req)
[2025-10-31 22:32:03] [STDERR]            ^^^^^^^^^^^^^^^^^^
[2025-10-31 22:32:03] [STDERR]   File "/opt/homebrew/Caskroom/miniconda/base/lib/python3.11/site-packages/aiohttp/client.py", line 725, in _connect_and_send_request
[2025-10-31 22:32:03] [STDERR]     conn = await self._connector.connect(
[2025-10-31 22:32:03] [STDERR]            ^^^^^^^^^^^^^^^^^^^^^^^^^^^^^^
[2025-10-31 22:32:03] [STDERR]   File "/opt/homebrew/Caskroom/miniconda/base/lib/python3.11/site-packages/aiohttp/connector.py", line 642, in connect
[2025-10-31 22:32:03] [STDERR]     proto = await self._create_connection(req, traces, timeout)
[2025-10-31 22:32:03] [STDERR]             ^^^^^^^^^^^^^^^^^^^^^^^^^^^^^^^^^^^^^^^^^^^^^^^^^^^
[2025-10-31 22:32:03] [STDERR]   File "/opt/homebrew/Caskroom/miniconda/base/lib/python3.11/site-packages/aiohttp/connector.py", line 1209, in _create_connection
[2025-10-31 22:32:03] [STDERR]     _, proto = await self._create_direct_connection(req, traces, timeout)
[2025-10-31 22:32:03] [STDERR]                ^^^^^^^^^^^^^^^^^^^^^^^^^^^^^^^^^^^^^^^^^^^^^^^^^^^^^^^^^^
[2025-10-31 22:32:03] [STDERR]   File "/opt/homebrew/Caskroom/miniconda/base/lib/python3.11/site-packages/aiohttp/connector.py", line 1581, in _create_direct_connection
[2025-10-31 22:32:03] [STDERR]     raise last_exc
[2025-10-31 22:32:03] [STDERR]   File "/opt/homebrew/Caskroom/miniconda/base/lib/python3.11/site-packages/aiohttp/connector.py", line 1550, in _create_direct_connection
[2025-10-31 22:32:03] [STDERR]     transp, proto = await self._wrap_create_connection(
[2025-10-31 22:32:03] [STDERR]                     ^^^^^^^^^^^^^^^^^^^^^^^^^^^^^^^^^^^
[2025-10-31 22:32:03] [STDERR]   File "/opt/homebrew/Caskroom/miniconda/base/lib/python3.11/site-packages/aiohttp/connector.py", line 1291, in _wrap_create_connection
[2025-10-31 22:32:03] [STDERR]     raise client_error(req.connection_key, exc) from exc
[2025-10-31 22:32:03] [STDERR] aiohttp.client_exceptions.ClientConnectorError: Cannot connect to host localhost:3100 ssl:default [Multiple exceptions: [Errno 61] Connect call failed ('127.0.0.1', 3100), [Errno 61] Connect call failed ('::1', 3100, 0, 0)]
[2025-10-31 22:32:08] [STDERR] 2025-10-31 22:32:08,744 - LokiExporter.loki-exporter - ERROR - Failed to export logs to Loki: Cannot connect to host localhost:3100 ssl:default [Multiple exceptions: [Errno 61] Connect call failed ('::1', 3100, 0, 0), [Errno 61] Connect call failed ('127.0.0.1', 3100)]
[2025-10-31 22:32:08] [STDERR] Traceback (most recent call last):
[2025-10-31 22:32:08] [STDERR]   File "/opt/homebrew/Caskroom/miniconda/base/lib/python3.11/site-packages/aiohttp/connector.py", line 1268, in _wrap_create_connection
[2025-10-31 22:32:08] [STDERR]     sock = await aiohappyeyeballs.start_connection(
[2025-10-31 22:32:08] [STDERR]            ^^^^^^^^^^^^^^^^^^^^^^^^^^^^^^^^^^^^^^^^
[2025-10-31 22:32:08] [STDERR]   File "/opt/homebrew/Caskroom/miniconda/base/lib/python3.11/site-packages/aiohappyeyeballs/impl.py", line 141, in start_connection
[2025-10-31 22:32:08] [STDERR]     raise OSError(first_errno, msg)
[2025-10-31 22:32:08] [STDERR] ConnectionRefusedError: [Errno 61] Multiple exceptions: [Errno 61] Connect call failed ('::1', 3100, 0, 0), [Errno 61] Connect call failed ('127.0.0.1', 3100)
[2025-10-31 22:32:08] [STDERR] 
[2025-10-31 22:32:08] [STDERR] The above exception was the direct cause of the following exception:
[2025-10-31 22:32:08] [STDERR] 
[2025-10-31 22:32:08] [STDERR] Traceback (most recent call last):
[2025-10-31 22:32:08] [STDERR]   File "/Users/leifmarkthaler/github/gleitzeit 0.0.7/src/gleitzeit/workers/loki_exporter_worker.py", line 251, in export_logs_to_loki
[2025-10-31 22:32:08] [STDERR]     async with self.session.post(
[2025-10-31 22:32:08] [STDERR]   File "/opt/homebrew/Caskroom/miniconda/base/lib/python3.11/site-packages/aiohttp/client.py", line 1488, in __aenter__
[2025-10-31 22:32:08] [STDERR]     self._resp: _RetType = await self._coro
[2025-10-31 22:32:08] [STDERR]                            ^^^^^^^^^^^^^^^^
[2025-10-31 22:32:08] [STDERR]   File "/opt/homebrew/Caskroom/miniconda/base/lib/python3.11/site-packages/aiohttp/client.py", line 770, in _request
[2025-10-31 22:32:08] [STDERR]     resp = await handler(req)
[2025-10-31 22:32:08] [STDERR]            ^^^^^^^^^^^^^^^^^^
[2025-10-31 22:32:08] [STDERR]   File "/opt/homebrew/Caskroom/miniconda/base/lib/python3.11/site-packages/aiohttp/client.py", line 725, in _connect_and_send_request
[2025-10-31 22:32:08] [STDERR]     conn = await self._connector.connect(
[2025-10-31 22:32:08] [STDERR]            ^^^^^^^^^^^^^^^^^^^^^^^^^^^^^^
[2025-10-31 22:32:08] [STDERR]   File "/opt/homebrew/Caskroom/miniconda/base/lib/python3.11/site-packages/aiohttp/connector.py", line 642, in connect
[2025-10-31 22:32:08] [STDERR]     proto = await self._create_connection(req, traces, timeout)
[2025-10-31 22:32:08] [STDERR]             ^^^^^^^^^^^^^^^^^^^^^^^^^^^^^^^^^^^^^^^^^^^^^^^^^^^
[2025-10-31 22:32:08] [STDERR]   File "/opt/homebrew/Caskroom/miniconda/base/lib/python3.11/site-packages/aiohttp/connector.py", line 1209, in _create_connection
[2025-10-31 22:32:08] [STDERR]     _, proto = await self._create_direct_connection(req, traces, timeout)
[2025-10-31 22:32:08] [STDERR]                ^^^^^^^^^^^^^^^^^^^^^^^^^^^^^^^^^^^^^^^^^^^^^^^^^^^^^^^^^^
[2025-10-31 22:32:08] [STDERR]   File "/opt/homebrew/Caskroom/miniconda/base/lib/python3.11/site-packages/aiohttp/connector.py", line 1581, in _create_direct_connection
[2025-10-31 22:32:08] [STDERR]     raise last_exc
[2025-10-31 22:32:08] [STDERR]   File "/opt/homebrew/Caskroom/miniconda/base/lib/python3.11/site-packages/aiohttp/connector.py", line 1550, in _create_direct_connection
[2025-10-31 22:32:08] [STDERR]     transp, proto = await self._wrap_create_connection(
[2025-10-31 22:32:08] [STDERR]                     ^^^^^^^^^^^^^^^^^^^^^^^^^^^^^^^^^^^
[2025-10-31 22:32:08] [STDERR]   File "/opt/homebrew/Caskroom/miniconda/base/lib/python3.11/site-packages/aiohttp/connector.py", line 1291, in _wrap_create_connection
[2025-10-31 22:32:08] [STDERR]     raise client_error(req.connection_key, exc) from exc
[2025-10-31 22:32:08] [STDERR] aiohttp.client_exceptions.ClientConnectorError: Cannot connect to host localhost:3100 ssl:default [Multiple exceptions: [Errno 61] Connect call failed ('::1', 3100, 0, 0), [Errno 61] Connect call failed ('127.0.0.1', 3100)]
[2025-10-31 22:32:13] [STDERR] 2025-10-31 22:32:13,783 - LokiExporter.loki-exporter - ERROR - Failed to export logs to Loki: Cannot connect to host localhost:3100 ssl:default [Multiple exceptions: [Errno 61] Connect call failed ('127.0.0.1', 3100), [Errno 61] Connect call failed ('::1', 3100, 0, 0)]
[2025-10-31 22:32:13] [STDERR] Traceback (most recent call last):
[2025-10-31 22:32:13] [STDERR]   File "/opt/homebrew/Caskroom/miniconda/base/lib/python3.11/site-packages/aiohttp/connector.py", line 1268, in _wrap_create_connection
[2025-10-31 22:32:13] [STDERR]     sock = await aiohappyeyeballs.start_connection(
[2025-10-31 22:32:13] [STDERR]            ^^^^^^^^^^^^^^^^^^^^^^^^^^^^^^^^^^^^^^^^
[2025-10-31 22:32:13] [STDERR]   File "/opt/homebrew/Caskroom/miniconda/base/lib/python3.11/site-packages/aiohappyeyeballs/impl.py", line 141, in start_connection
[2025-10-31 22:32:13] [STDERR]     raise OSError(first_errno, msg)
[2025-10-31 22:32:13] [STDERR] ConnectionRefusedError: [Errno 61] Multiple exceptions: [Errno 61] Connect call failed ('127.0.0.1', 3100), [Errno 61] Connect call failed ('::1', 3100, 0, 0)
[2025-10-31 22:32:13] [STDERR] 
[2025-10-31 22:32:13] [STDERR] The above exception was the direct cause of the following exception:
[2025-10-31 22:32:13] [STDERR] 
[2025-10-31 22:32:13] [STDERR] Traceback (most recent call last):
[2025-10-31 22:32:13] [STDERR]   File "/Users/leifmarkthaler/github/gleitzeit 0.0.7/src/gleitzeit/workers/loki_exporter_worker.py", line 251, in export_logs_to_loki
[2025-10-31 22:32:13] [STDERR]     async with self.session.post(
[2025-10-31 22:32:13] [STDERR]   File "/opt/homebrew/Caskroom/miniconda/base/lib/python3.11/site-packages/aiohttp/client.py", line 1488, in __aenter__
[2025-10-31 22:32:13] [STDERR]     self._resp: _RetType = await self._coro
[2025-10-31 22:32:13] [STDERR]                            ^^^^^^^^^^^^^^^^
[2025-10-31 22:32:13] [STDERR]   File "/opt/homebrew/Caskroom/miniconda/base/lib/python3.11/site-packages/aiohttp/client.py", line 770, in _request
[2025-10-31 22:32:13] [STDERR]     resp = await handler(req)
[2025-10-31 22:32:13] [STDERR]            ^^^^^^^^^^^^^^^^^^
[2025-10-31 22:32:13] [STDERR]   File "/opt/homebrew/Caskroom/miniconda/base/lib/python3.11/site-packages/aiohttp/client.py", line 725, in _connect_and_send_request
[2025-10-31 22:32:13] [STDERR]     conn = await self._connector.connect(
[2025-10-31 22:32:13] [STDERR]            ^^^^^^^^^^^^^^^^^^^^^^^^^^^^^^
[2025-10-31 22:32:13] [STDERR]   File "/opt/homebrew/Caskroom/miniconda/base/lib/python3.11/site-packages/aiohttp/connector.py", line 642, in connect
[2025-10-31 22:32:13] [STDERR]     proto = await self._create_connection(req, traces, timeout)
[2025-10-31 22:32:13] [STDERR]             ^^^^^^^^^^^^^^^^^^^^^^^^^^^^^^^^^^^^^^^^^^^^^^^^^^^
[2025-10-31 22:32:13] [STDERR]   File "/opt/homebrew/Caskroom/miniconda/base/lib/python3.11/site-packages/aiohttp/connector.py", line 1209, in _create_connection
[2025-10-31 22:32:13] [STDERR]     _, proto = await self._create_direct_connection(req, traces, timeout)
[2025-10-31 22:32:13] [STDERR]                ^^^^^^^^^^^^^^^^^^^^^^^^^^^^^^^^^^^^^^^^^^^^^^^^^^^^^^^^^^
[2025-10-31 22:32:13] [STDERR]   File "/opt/homebrew/Caskroom/miniconda/base/lib/python3.11/site-packages/aiohttp/connector.py", line 1581, in _create_direct_connection
[2025-10-31 22:32:13] [STDERR]     raise last_exc
[2025-10-31 22:32:13] [STDERR]   File "/opt/homebrew/Caskroom/miniconda/base/lib/python3.11/site-packages/aiohttp/connector.py", line 1550, in _create_direct_connection
[2025-10-31 22:32:13] [STDERR]     transp, proto = await self._wrap_create_connection(
[2025-10-31 22:32:13] [STDERR]                     ^^^^^^^^^^^^^^^^^^^^^^^^^^^^^^^^^^^
[2025-10-31 22:32:13] [STDERR]   File "/opt/homebrew/Caskroom/miniconda/base/lib/python3.11/site-packages/aiohttp/connector.py", line 1291, in _wrap_create_connection
[2025-10-31 22:32:13] [STDERR]     raise client_error(req.connection_key, exc) from exc
[2025-10-31 22:32:13] [STDERR] aiohttp.client_exceptions.ClientConnectorError: Cannot connect to host localhost:3100 ssl:default [Multiple exceptions: [Errno 61] Connect call failed ('127.0.0.1', 3100), [Errno 61] Connect call failed ('::1', 3100, 0, 0)]
[2025-10-31 22:32:18] [STDERR] 2025-10-31 22:32:18,821 - LokiExporter.loki-exporter - ERROR - Failed to export logs to Loki: Cannot connect to host localhost:3100 ssl:default [Multiple exceptions: [Errno 61] Connect call failed ('::1', 3100, 0, 0), [Errno 61] Connect call failed ('127.0.0.1', 3100)]
[2025-10-31 22:32:18] [STDERR] Traceback (most recent call last):
[2025-10-31 22:32:18] [STDERR]   File "/opt/homebrew/Caskroom/miniconda/base/lib/python3.11/site-packages/aiohttp/connector.py", line 1268, in _wrap_create_connection
[2025-10-31 22:32:18] [STDERR]     sock = await aiohappyeyeballs.start_connection(
[2025-10-31 22:32:18] [STDERR]            ^^^^^^^^^^^^^^^^^^^^^^^^^^^^^^^^^^^^^^^^
[2025-10-31 22:32:18] [STDERR]   File "/opt/homebrew/Caskroom/miniconda/base/lib/python3.11/site-packages/aiohappyeyeballs/impl.py", line 141, in start_connection
[2025-10-31 22:32:18] [STDERR]     raise OSError(first_errno, msg)
[2025-10-31 22:32:18] [STDERR] ConnectionRefusedError: [Errno 61] Multiple exceptions: [Errno 61] Connect call failed ('::1', 3100, 0, 0), [Errno 61] Connect call failed ('127.0.0.1', 3100)
[2025-10-31 22:32:18] [STDERR] 
[2025-10-31 22:32:18] [STDERR] The above exception was the direct cause of the following exception:
[2025-10-31 22:32:18] [STDERR] 
[2025-10-31 22:32:18] [STDERR] Traceback (most recent call last):
[2025-10-31 22:32:18] [STDERR]   File "/Users/leifmarkthaler/github/gleitzeit 0.0.7/src/gleitzeit/workers/loki_exporter_worker.py", line 251, in export_logs_to_loki
[2025-10-31 22:32:18] [STDERR]     async with self.session.post(
[2025-10-31 22:32:18] [STDERR]   File "/opt/homebrew/Caskroom/miniconda/base/lib/python3.11/site-packages/aiohttp/client.py", line 1488, in __aenter__
[2025-10-31 22:32:18] [STDERR]     self._resp: _RetType = await self._coro
[2025-10-31 22:32:18] [STDERR]                            ^^^^^^^^^^^^^^^^
[2025-10-31 22:32:18] [STDERR]   File "/opt/homebrew/Caskroom/miniconda/base/lib/python3.11/site-packages/aiohttp/client.py", line 770, in _request
[2025-10-31 22:32:18] [STDERR]     resp = await handler(req)
[2025-10-31 22:32:18] [STDERR]            ^^^^^^^^^^^^^^^^^^
[2025-10-31 22:32:18] [STDERR]   File "/opt/homebrew/Caskroom/miniconda/base/lib/python3.11/site-packages/aiohttp/client.py", line 725, in _connect_and_send_request
[2025-10-31 22:32:18] [STDERR]     conn = await self._connector.connect(
[2025-10-31 22:32:18] [STDERR]            ^^^^^^^^^^^^^^^^^^^^^^^^^^^^^^
[2025-10-31 22:32:18] [STDERR]   File "/opt/homebrew/Caskroom/miniconda/base/lib/python3.11/site-packages/aiohttp/connector.py", line 642, in connect
[2025-10-31 22:32:18] [STDERR]     proto = await self._create_connection(req, traces, timeout)
[2025-10-31 22:32:18] [STDERR]             ^^^^^^^^^^^^^^^^^^^^^^^^^^^^^^^^^^^^^^^^^^^^^^^^^^^
[2025-10-31 22:32:18] [STDERR]   File "/opt/homebrew/Caskroom/miniconda/base/lib/python3.11/site-packages/aiohttp/connector.py", line 1209, in _create_connection
[2025-10-31 22:32:18] [STDERR]     _, proto = await self._create_direct_connection(req, traces, timeout)
[2025-10-31 22:32:18] [STDERR]                ^^^^^^^^^^^^^^^^^^^^^^^^^^^^^^^^^^^^^^^^^^^^^^^^^^^^^^^^^^
[2025-10-31 22:32:18] [STDERR]   File "/opt/homebrew/Caskroom/miniconda/base/lib/python3.11/site-packages/aiohttp/connector.py", line 1581, in _create_direct_connection
[2025-10-31 22:32:18] [STDERR]     raise last_exc
[2025-10-31 22:32:18] [STDERR]   File "/opt/homebrew/Caskroom/miniconda/base/lib/python3.11/site-packages/aiohttp/connector.py", line 1550, in _create_direct_connection
[2025-10-31 22:32:18] [STDERR]     transp, proto = await self._wrap_create_connection(
[2025-10-31 22:32:18] [STDERR]                     ^^^^^^^^^^^^^^^^^^^^^^^^^^^^^^^^^^^
[2025-10-31 22:32:18] [STDERR]   File "/opt/homebrew/Caskroom/miniconda/base/lib/python3.11/site-packages/aiohttp/connector.py", line 1291, in _wrap_create_connection
[2025-10-31 22:32:18] [STDERR]     raise client_error(req.connection_key, exc) from exc
[2025-10-31 22:32:18] [STDERR] aiohttp.client_exceptions.ClientConnectorError: Cannot connect to host localhost:3100 ssl:default [Multiple exceptions: [Errno 61] Connect call failed ('::1', 3100, 0, 0), [Errno 61] Connect call failed ('127.0.0.1', 3100)]
[2025-10-31 22:32:23] [STDERR] 2025-10-31 22:32:23,858 - LokiExporter.loki-exporter - ERROR - Failed to export logs to Loki: Cannot connect to host localhost:3100 ssl:default [Multiple exceptions: [Errno 61] Connect call failed ('127.0.0.1', 3100), [Errno 61] Connect call failed ('::1', 3100, 0, 0)]
[2025-10-31 22:32:23] [STDERR] Traceback (most recent call last):
[2025-10-31 22:32:23] [STDERR]   File "/opt/homebrew/Caskroom/miniconda/base/lib/python3.11/site-packages/aiohttp/connector.py", line 1268, in _wrap_create_connection
[2025-10-31 22:32:23] [STDERR]     sock = await aiohappyeyeballs.start_connection(
[2025-10-31 22:32:23] [STDERR]            ^^^^^^^^^^^^^^^^^^^^^^^^^^^^^^^^^^^^^^^^
[2025-10-31 22:32:23] [STDERR]   File "/opt/homebrew/Caskroom/miniconda/base/lib/python3.11/site-packages/aiohappyeyeballs/impl.py", line 141, in start_connection
[2025-10-31 22:32:23] [STDERR]     raise OSError(first_errno, msg)
[2025-10-31 22:32:23] [STDERR] ConnectionRefusedError: [Errno 61] Multiple exceptions: [Errno 61] Connect call failed ('127.0.0.1', 3100), [Errno 61] Connect call failed ('::1', 3100, 0, 0)
[2025-10-31 22:32:23] [STDERR] 
[2025-10-31 22:32:23] [STDERR] The above exception was the direct cause of the following exception:
[2025-10-31 22:32:23] [STDERR] 
[2025-10-31 22:32:23] [STDERR] Traceback (most recent call last):
[2025-10-31 22:32:23] [STDERR]   File "/Users/leifmarkthaler/github/gleitzeit 0.0.7/src/gleitzeit/workers/loki_exporter_worker.py", line 251, in export_logs_to_loki
[2025-10-31 22:32:23] [STDERR]     async with self.session.post(
[2025-10-31 22:32:23] [STDERR]   File "/opt/homebrew/Caskroom/miniconda/base/lib/python3.11/site-packages/aiohttp/client.py", line 1488, in __aenter__
[2025-10-31 22:32:23] [STDERR]     self._resp: _RetType = await self._coro
[2025-10-31 22:32:23] [STDERR]                            ^^^^^^^^^^^^^^^^
[2025-10-31 22:32:23] [STDERR]   File "/opt/homebrew/Caskroom/miniconda/base/lib/python3.11/site-packages/aiohttp/client.py", line 770, in _request
[2025-10-31 22:32:23] [STDERR]     resp = await handler(req)
[2025-10-31 22:32:23] [STDERR]            ^^^^^^^^^^^^^^^^^^
[2025-10-31 22:32:23] [STDERR]   File "/opt/homebrew/Caskroom/miniconda/base/lib/python3.11/site-packages/aiohttp/client.py", line 725, in _connect_and_send_request
[2025-10-31 22:32:23] [STDERR]     conn = await self._connector.connect(
[2025-10-31 22:32:23] [STDERR]            ^^^^^^^^^^^^^^^^^^^^^^^^^^^^^^
[2025-10-31 22:32:23] [STDERR]   File "/opt/homebrew/Caskroom/miniconda/base/lib/python3.11/site-packages/aiohttp/connector.py", line 642, in connect
[2025-10-31 22:32:23] [STDERR]     proto = await self._create_connection(req, traces, timeout)
[2025-10-31 22:32:23] [STDERR]             ^^^^^^^^^^^^^^^^^^^^^^^^^^^^^^^^^^^^^^^^^^^^^^^^^^^
[2025-10-31 22:32:23] [STDERR]   File "/opt/homebrew/Caskroom/miniconda/base/lib/python3.11/site-packages/aiohttp/connector.py", line 1209, in _create_connection
[2025-10-31 22:32:23] [STDERR]     _, proto = await self._create_direct_connection(req, traces, timeout)
[2025-10-31 22:32:23] [STDERR]                ^^^^^^^^^^^^^^^^^^^^^^^^^^^^^^^^^^^^^^^^^^^^^^^^^^^^^^^^^^
[2025-10-31 22:32:23] [STDERR]   File "/opt/homebrew/Caskroom/miniconda/base/lib/python3.11/site-packages/aiohttp/connector.py", line 1581, in _create_direct_connection
[2025-10-31 22:32:23] [STDERR]     raise last_exc
[2025-10-31 22:32:23] [STDERR]   File "/opt/homebrew/Caskroom/miniconda/base/lib/python3.11/site-packages/aiohttp/connector.py", line 1550, in _create_direct_connection
[2025-10-31 22:32:23] [STDERR]     transp, proto = await self._wrap_create_connection(
[2025-10-31 22:32:23] [STDERR]                     ^^^^^^^^^^^^^^^^^^^^^^^^^^^^^^^^^^^
[2025-10-31 22:32:23] [STDERR]   File "/opt/homebrew/Caskroom/miniconda/base/lib/python3.11/site-packages/aiohttp/connector.py", line 1291, in _wrap_create_connection
[2025-10-31 22:32:23] [STDERR]     raise client_error(req.connection_key, exc) from exc
[2025-10-31 22:32:23] [STDERR] aiohttp.client_exceptions.ClientConnectorError: Cannot connect to host localhost:3100 ssl:default [Multiple exceptions: [Errno 61] Connect call failed ('127.0.0.1', 3100), [Errno 61] Connect call failed ('::1', 3100, 0, 0)]
[2025-10-31 22:32:28] [STDERR] 2025-10-31 22:32:28,901 - LokiExporter.loki-exporter - ERROR - Failed to export logs to Loki: Cannot connect to host localhost:3100 ssl:default [Multiple exceptions: [Errno 61] Connect call failed ('::1', 3100, 0, 0), [Errno 61] Connect call failed ('127.0.0.1', 3100)]
[2025-10-31 22:32:28] [STDERR] Traceback (most recent call last):
[2025-10-31 22:32:28] [STDERR]   File "/opt/homebrew/Caskroom/miniconda/base/lib/python3.11/site-packages/aiohttp/connector.py", line 1268, in _wrap_create_connection
[2025-10-31 22:32:28] [STDERR]     sock = await aiohappyeyeballs.start_connection(
[2025-10-31 22:32:28] [STDERR]            ^^^^^^^^^^^^^^^^^^^^^^^^^^^^^^^^^^^^^^^^
[2025-10-31 22:32:28] [STDERR]   File "/opt/homebrew/Caskroom/miniconda/base/lib/python3.11/site-packages/aiohappyeyeballs/impl.py", line 141, in start_connection
[2025-10-31 22:32:28] [STDERR]     raise OSError(first_errno, msg)
[2025-10-31 22:32:28] [STDERR] ConnectionRefusedError: [Errno 61] Multiple exceptions: [Errno 61] Connect call failed ('::1', 3100, 0, 0), [Errno 61] Connect call failed ('127.0.0.1', 3100)
[2025-10-31 22:32:28] [STDERR] 
[2025-10-31 22:32:28] [STDERR] The above exception was the direct cause of the following exception:
[2025-10-31 22:32:28] [STDERR] 
[2025-10-31 22:32:28] [STDERR] Traceback (most recent call last):
[2025-10-31 22:32:28] [STDERR]   File "/Users/leifmarkthaler/github/gleitzeit 0.0.7/src/gleitzeit/workers/loki_exporter_worker.py", line 251, in export_logs_to_loki
[2025-10-31 22:32:28] [STDERR]     async with self.session.post(
[2025-10-31 22:32:28] [STDERR]   File "/opt/homebrew/Caskroom/miniconda/base/lib/python3.11/site-packages/aiohttp/client.py", line 1488, in __aenter__
[2025-10-31 22:32:28] [STDERR]     self._resp: _RetType = await self._coro
[2025-10-31 22:32:28] [STDERR]                            ^^^^^^^^^^^^^^^^
[2025-10-31 22:32:28] [STDERR]   File "/opt/homebrew/Caskroom/miniconda/base/lib/python3.11/site-packages/aiohttp/client.py", line 770, in _request
[2025-10-31 22:32:28] [STDERR]     resp = await handler(req)
[2025-10-31 22:32:28] [STDERR]            ^^^^^^^^^^^^^^^^^^
[2025-10-31 22:32:28] [STDERR]   File "/opt/homebrew/Caskroom/miniconda/base/lib/python3.11/site-packages/aiohttp/client.py", line 725, in _connect_and_send_request
[2025-10-31 22:32:28] [STDERR]     conn = await self._connector.connect(
[2025-10-31 22:32:28] [STDERR]            ^^^^^^^^^^^^^^^^^^^^^^^^^^^^^^
[2025-10-31 22:32:28] [STDERR]   File "/opt/homebrew/Caskroom/miniconda/base/lib/python3.11/site-packages/aiohttp/connector.py", line 642, in connect
[2025-10-31 22:32:28] [STDERR]     proto = await self._create_connection(req, traces, timeout)
[2025-10-31 22:32:28] [STDERR]             ^^^^^^^^^^^^^^^^^^^^^^^^^^^^^^^^^^^^^^^^^^^^^^^^^^^
[2025-10-31 22:32:28] [STDERR]   File "/opt/homebrew/Caskroom/miniconda/base/lib/python3.11/site-packages/aiohttp/connector.py", line 1209, in _create_connection
[2025-10-31 22:32:28] [STDERR]     _, proto = await self._create_direct_connection(req, traces, timeout)
[2025-10-31 22:32:28] [STDERR]                ^^^^^^^^^^^^^^^^^^^^^^^^^^^^^^^^^^^^^^^^^^^^^^^^^^^^^^^^^^
[2025-10-31 22:32:28] [STDERR]   File "/opt/homebrew/Caskroom/miniconda/base/lib/python3.11/site-packages/aiohttp/connector.py", line 1581, in _create_direct_connection
[2025-10-31 22:32:28] [STDERR]     raise last_exc
[2025-10-31 22:32:28] [STDERR]   File "/opt/homebrew/Caskroom/miniconda/base/lib/python3.11/site-packages/aiohttp/connector.py", line 1550, in _create_direct_connection
[2025-10-31 22:32:28] [STDERR]     transp, proto = await self._wrap_create_connection(
[2025-10-31 22:32:28] [STDERR]                     ^^^^^^^^^^^^^^^^^^^^^^^^^^^^^^^^^^^
[2025-10-31 22:32:28] [STDERR]   File "/opt/homebrew/Caskroom/miniconda/base/lib/python3.11/site-packages/aiohttp/connector.py", line 1291, in _wrap_create_connection
[2025-10-31 22:32:28] [STDERR]     raise client_error(req.connection_key, exc) from exc
[2025-10-31 22:32:28] [STDERR] aiohttp.client_exceptions.ClientConnectorError: Cannot connect to host localhost:3100 ssl:default [Multiple exceptions: [Errno 61] Connect call failed ('::1', 3100, 0, 0), [Errno 61] Connect call failed ('127.0.0.1', 3100)]
[2025-10-31 22:32:33] [STDERR] 2025-10-31 22:32:33,943 - LokiExporter.loki-exporter - ERROR - Failed to export logs to Loki: Cannot connect to host localhost:3100 ssl:default [Multiple exceptions: [Errno 61] Connect call failed ('127.0.0.1', 3100), [Errno 61] Connect call failed ('::1', 3100, 0, 0)]
[2025-10-31 22:32:33] [STDERR] Traceback (most recent call last):
[2025-10-31 22:32:33] [STDERR]   File "/opt/homebrew/Caskroom/miniconda/base/lib/python3.11/site-packages/aiohttp/connector.py", line 1268, in _wrap_create_connection
[2025-10-31 22:32:33] [STDERR]     sock = await aiohappyeyeballs.start_connection(
[2025-10-31 22:32:33] [STDERR]            ^^^^^^^^^^^^^^^^^^^^^^^^^^^^^^^^^^^^^^^^
[2025-10-31 22:32:33] [STDERR]   File "/opt/homebrew/Caskroom/miniconda/base/lib/python3.11/site-packages/aiohappyeyeballs/impl.py", line 141, in start_connection
[2025-10-31 22:32:33] [STDERR]     raise OSError(first_errno, msg)
[2025-10-31 22:32:33] [STDERR] ConnectionRefusedError: [Errno 61] Multiple exceptions: [Errno 61] Connect call failed ('127.0.0.1', 3100), [Errno 61] Connect call failed ('::1', 3100, 0, 0)
[2025-10-31 22:32:33] [STDERR] 
[2025-10-31 22:32:33] [STDERR] The above exception was the direct cause of the following exception:
[2025-10-31 22:32:33] [STDERR] 
[2025-10-31 22:32:33] [STDERR] Traceback (most recent call last):
[2025-10-31 22:32:33] [STDERR]   File "/Users/leifmarkthaler/github/gleitzeit 0.0.7/src/gleitzeit/workers/loki_exporter_worker.py", line 251, in export_logs_to_loki
[2025-10-31 22:32:33] [STDERR]     async with self.session.post(
[2025-10-31 22:32:33] [STDERR]   File "/opt/homebrew/Caskroom/miniconda/base/lib/python3.11/site-packages/aiohttp/client.py", line 1488, in __aenter__
[2025-10-31 22:32:33] [STDERR]     self._resp: _RetType = await self._coro
[2025-10-31 22:32:33] [STDERR]                            ^^^^^^^^^^^^^^^^
[2025-10-31 22:32:33] [STDERR]   File "/opt/homebrew/Caskroom/miniconda/base/lib/python3.11/site-packages/aiohttp/client.py", line 770, in _request
[2025-10-31 22:32:33] [STDERR]     resp = await handler(req)
[2025-10-31 22:32:33] [STDERR]            ^^^^^^^^^^^^^^^^^^
[2025-10-31 22:32:33] [STDERR]   File "/opt/homebrew/Caskroom/miniconda/base/lib/python3.11/site-packages/aiohttp/client.py", line 725, in _connect_and_send_request
[2025-10-31 22:32:33] [STDERR]     conn = await self._connector.connect(
[2025-10-31 22:32:33] [STDERR]            ^^^^^^^^^^^^^^^^^^^^^^^^^^^^^^
[2025-10-31 22:32:33] [STDERR]   File "/opt/homebrew/Caskroom/miniconda/base/lib/python3.11/site-packages/aiohttp/connector.py", line 642, in connect
[2025-10-31 22:32:33] [STDERR]     proto = await self._create_connection(req, traces, timeout)
[2025-10-31 22:32:33] [STDERR]             ^^^^^^^^^^^^^^^^^^^^^^^^^^^^^^^^^^^^^^^^^^^^^^^^^^^
[2025-10-31 22:32:33] [STDERR]   File "/opt/homebrew/Caskroom/miniconda/base/lib/python3.11/site-packages/aiohttp/connector.py", line 1209, in _create_connection
[2025-10-31 22:32:33] [STDERR]     _, proto = await self._create_direct_connection(req, traces, timeout)
[2025-10-31 22:32:33] [STDERR]                ^^^^^^^^^^^^^^^^^^^^^^^^^^^^^^^^^^^^^^^^^^^^^^^^^^^^^^^^^^
[2025-10-31 22:32:33] [STDERR]   File "/opt/homebrew/Caskroom/miniconda/base/lib/python3.11/site-packages/aiohttp/connector.py", line 1581, in _create_direct_connection
[2025-10-31 22:32:33] [STDERR]     raise last_exc
[2025-10-31 22:32:33] [STDERR]   File "/opt/homebrew/Caskroom/miniconda/base/lib/python3.11/site-packages/aiohttp/connector.py", line 1550, in _create_direct_connection
[2025-10-31 22:32:33] [STDERR]     transp, proto = await self._wrap_create_connection(
[2025-10-31 22:32:33] [STDERR]                     ^^^^^^^^^^^^^^^^^^^^^^^^^^^^^^^^^^^
[2025-10-31 22:32:33] [STDERR]   File "/opt/homebrew/Caskroom/miniconda/base/lib/python3.11/site-packages/aiohttp/connector.py", line 1291, in _wrap_create_connection
[2025-10-31 22:32:33] [STDERR]     raise client_error(req.connection_key, exc) from exc
[2025-10-31 22:32:33] [STDERR] aiohttp.client_exceptions.ClientConnectorError: Cannot connect to host localhost:3100 ssl:default [Multiple exceptions: [Errno 61] Connect call failed ('127.0.0.1', 3100), [Errno 61] Connect call failed ('::1', 3100, 0, 0)]
[2025-10-31 22:32:38] [STDERR] 2025-10-31 22:32:38,985 - LokiExporter.loki-exporter - ERROR - Failed to export logs to Loki: Cannot connect to host localhost:3100 ssl:default [Multiple exceptions: [Errno 61] Connect call failed ('::1', 3100, 0, 0), [Errno 61] Connect call failed ('127.0.0.1', 3100)]
[2025-10-31 22:32:38] [STDERR] Traceback (most recent call last):
[2025-10-31 22:32:38] [STDERR]   File "/opt/homebrew/Caskroom/miniconda/base/lib/python3.11/site-packages/aiohttp/connector.py", line 1268, in _wrap_create_connection
[2025-10-31 22:32:38] [STDERR]     sock = await aiohappyeyeballs.start_connection(
[2025-10-31 22:32:38] [STDERR]            ^^^^^^^^^^^^^^^^^^^^^^^^^^^^^^^^^^^^^^^^
[2025-10-31 22:32:38] [STDERR]   File "/opt/homebrew/Caskroom/miniconda/base/lib/python3.11/site-packages/aiohappyeyeballs/impl.py", line 141, in start_connection
[2025-10-31 22:32:38] [STDERR]     raise OSError(first_errno, msg)
[2025-10-31 22:32:38] [STDERR] ConnectionRefusedError: [Errno 61] Multiple exceptions: [Errno 61] Connect call failed ('::1', 3100, 0, 0), [Errno 61] Connect call failed ('127.0.0.1', 3100)
[2025-10-31 22:32:38] [STDERR] 
[2025-10-31 22:32:38] [STDERR] The above exception was the direct cause of the following exception:
[2025-10-31 22:32:38] [STDERR] 
[2025-10-31 22:32:38] [STDERR] Traceback (most recent call last):
[2025-10-31 22:32:38] [STDERR]   File "/Users/leifmarkthaler/github/gleitzeit 0.0.7/src/gleitzeit/workers/loki_exporter_worker.py", line 251, in export_logs_to_loki
[2025-10-31 22:32:38] [STDERR]     async with self.session.post(
[2025-10-31 22:32:38] [STDERR]   File "/opt/homebrew/Caskroom/miniconda/base/lib/python3.11/site-packages/aiohttp/client.py", line 1488, in __aenter__
[2025-10-31 22:32:38] [STDERR]     self._resp: _RetType = await self._coro
[2025-10-31 22:32:38] [STDERR]                            ^^^^^^^^^^^^^^^^
[2025-10-31 22:32:38] [STDERR]   File "/opt/homebrew/Caskroom/miniconda/base/lib/python3.11/site-packages/aiohttp/client.py", line 770, in _request
[2025-10-31 22:32:38] [STDERR]     resp = await handler(req)
[2025-10-31 22:32:38] [STDERR]            ^^^^^^^^^^^^^^^^^^
[2025-10-31 22:32:38] [STDERR]   File "/opt/homebrew/Caskroom/miniconda/base/lib/python3.11/site-packages/aiohttp/client.py", line 725, in _connect_and_send_request
[2025-10-31 22:32:38] [STDERR]     conn = await self._connector.connect(
[2025-10-31 22:32:38] [STDERR]            ^^^^^^^^^^^^^^^^^^^^^^^^^^^^^^
[2025-10-31 22:32:38] [STDERR]   File "/opt/homebrew/Caskroom/miniconda/base/lib/python3.11/site-packages/aiohttp/connector.py", line 642, in connect
[2025-10-31 22:32:38] [STDERR]     proto = await self._create_connection(req, traces, timeout)
[2025-10-31 22:32:38] [STDERR]             ^^^^^^^^^^^^^^^^^^^^^^^^^^^^^^^^^^^^^^^^^^^^^^^^^^^
[2025-10-31 22:32:38] [STDERR]   File "/opt/homebrew/Caskroom/miniconda/base/lib/python3.11/site-packages/aiohttp/connector.py", line 1209, in _create_connection
[2025-10-31 22:32:38] [STDERR]     _, proto = await self._create_direct_connection(req, traces, timeout)
[2025-10-31 22:32:38] [STDERR]                ^^^^^^^^^^^^^^^^^^^^^^^^^^^^^^^^^^^^^^^^^^^^^^^^^^^^^^^^^^
[2025-10-31 22:32:38] [STDERR]   File "/opt/homebrew/Caskroom/miniconda/base/lib/python3.11/site-packages/aiohttp/connector.py", line 1581, in _create_direct_connection
[2025-10-31 22:32:38] [STDERR]     raise last_exc
[2025-10-31 22:32:38] [STDERR]   File "/opt/homebrew/Caskroom/miniconda/base/lib/python3.11/site-packages/aiohttp/connector.py", line 1550, in _create_direct_connection
[2025-10-31 22:32:38] [STDERR]     transp, proto = await self._wrap_create_connection(
[2025-10-31 22:32:38] [STDERR]                     ^^^^^^^^^^^^^^^^^^^^^^^^^^^^^^^^^^^
[2025-10-31 22:32:38] [STDERR]   File "/opt/homebrew/Caskroom/miniconda/base/lib/python3.11/site-packages/aiohttp/connector.py", line 1291, in _wrap_create_connection
[2025-10-31 22:32:38] [STDERR]     raise client_error(req.connection_key, exc) from exc
[2025-10-31 22:32:38] [STDERR] aiohttp.client_exceptions.ClientConnectorError: Cannot connect to host localhost:3100 ssl:default [Multiple exceptions: [Errno 61] Connect call failed ('::1', 3100, 0, 0), [Errno 61] Connect call failed ('127.0.0.1', 3100)]
[2025-10-31 22:32:44] [STDERR] 2025-10-31 22:32:44,025 - LokiExporter.loki-exporter - ERROR - Failed to export logs to Loki: Cannot connect to host localhost:3100 ssl:default [Multiple exceptions: [Errno 61] Connect call failed ('127.0.0.1', 3100), [Errno 61] Connect call failed ('::1', 3100, 0, 0)]
[2025-10-31 22:32:44] [STDERR] Traceback (most recent call last):
[2025-10-31 22:32:44] [STDERR]   File "/opt/homebrew/Caskroom/miniconda/base/lib/python3.11/site-packages/aiohttp/connector.py", line 1268, in _wrap_create_connection
[2025-10-31 22:32:44] [STDERR]     sock = await aiohappyeyeballs.start_connection(
[2025-10-31 22:32:44] [STDERR]            ^^^^^^^^^^^^^^^^^^^^^^^^^^^^^^^^^^^^^^^^
[2025-10-31 22:32:44] [STDERR]   File "/opt/homebrew/Caskroom/miniconda/base/lib/python3.11/site-packages/aiohappyeyeballs/impl.py", line 141, in start_connection
[2025-10-31 22:32:44] [STDERR]     raise OSError(first_errno, msg)
[2025-10-31 22:32:44] [STDERR] ConnectionRefusedError: [Errno 61] Multiple exceptions: [Errno 61] Connect call failed ('127.0.0.1', 3100), [Errno 61] Connect call failed ('::1', 3100, 0, 0)
[2025-10-31 22:32:44] [STDERR] 
[2025-10-31 22:32:44] [STDERR] The above exception was the direct cause of the following exception:
[2025-10-31 22:32:44] [STDERR] 
[2025-10-31 22:32:44] [STDERR] Traceback (most recent call last):
[2025-10-31 22:32:44] [STDERR]   File "/Users/leifmarkthaler/github/gleitzeit 0.0.7/src/gleitzeit/workers/loki_exporter_worker.py", line 251, in export_logs_to_loki
[2025-10-31 22:32:44] [STDERR]     async with self.session.post(
[2025-10-31 22:32:44] [STDERR]   File "/opt/homebrew/Caskroom/miniconda/base/lib/python3.11/site-packages/aiohttp/client.py", line 1488, in __aenter__
[2025-10-31 22:32:44] [STDERR]     self._resp: _RetType = await self._coro
[2025-10-31 22:32:44] [STDERR]                            ^^^^^^^^^^^^^^^^
[2025-10-31 22:32:44] [STDERR]   File "/opt/homebrew/Caskroom/miniconda/base/lib/python3.11/site-packages/aiohttp/client.py", line 770, in _request
[2025-10-31 22:32:44] [STDERR]     resp = await handler(req)
[2025-10-31 22:32:44] [STDERR]            ^^^^^^^^^^^^^^^^^^
[2025-10-31 22:32:44] [STDERR]   File "/opt/homebrew/Caskroom/miniconda/base/lib/python3.11/site-packages/aiohttp/client.py", line 725, in _connect_and_send_request
[2025-10-31 22:32:44] [STDERR]     conn = await self._connector.connect(
[2025-10-31 22:32:44] [STDERR]            ^^^^^^^^^^^^^^^^^^^^^^^^^^^^^^
[2025-10-31 22:32:44] [STDERR]   File "/opt/homebrew/Caskroom/miniconda/base/lib/python3.11/site-packages/aiohttp/connector.py", line 642, in connect
[2025-10-31 22:32:44] [STDERR]     proto = await self._create_connection(req, traces, timeout)
[2025-10-31 22:32:44] [STDERR]             ^^^^^^^^^^^^^^^^^^^^^^^^^^^^^^^^^^^^^^^^^^^^^^^^^^^
[2025-10-31 22:32:44] [STDERR]   File "/opt/homebrew/Caskroom/miniconda/base/lib/python3.11/site-packages/aiohttp/connector.py", line 1209, in _create_connection
[2025-10-31 22:32:44] [STDERR]     _, proto = await self._create_direct_connection(req, traces, timeout)
[2025-10-31 22:32:44] [STDERR]                ^^^^^^^^^^^^^^^^^^^^^^^^^^^^^^^^^^^^^^^^^^^^^^^^^^^^^^^^^^
[2025-10-31 22:32:44] [STDERR]   File "/opt/homebrew/Caskroom/miniconda/base/lib/python3.11/site-packages/aiohttp/connector.py", line 1581, in _create_direct_connection
[2025-10-31 22:32:44] [STDERR]     raise last_exc
[2025-10-31 22:32:44] [STDERR]   File "/opt/homebrew/Caskroom/miniconda/base/lib/python3.11/site-packages/aiohttp/connector.py", line 1550, in _create_direct_connection
[2025-10-31 22:32:44] [STDERR]     transp, proto = await self._wrap_create_connection(
[2025-10-31 22:32:44] [STDERR]                     ^^^^^^^^^^^^^^^^^^^^^^^^^^^^^^^^^^^
[2025-10-31 22:32:44] [STDERR]   File "/opt/homebrew/Caskroom/miniconda/base/lib/python3.11/site-packages/aiohttp/connector.py", line 1291, in _wrap_create_connection
[2025-10-31 22:32:44] [STDERR]     raise client_error(req.connection_key, exc) from exc
[2025-10-31 22:32:44] [STDERR] aiohttp.client_exceptions.ClientConnectorError: Cannot connect to host localhost:3100 ssl:default [Multiple exceptions: [Errno 61] Connect call failed ('127.0.0.1', 3100), [Errno 61] Connect call failed ('::1', 3100, 0, 0)]
[2025-10-31 22:32:49] [STDERR] 2025-10-31 22:32:49,084 - LokiExporter.loki-exporter - ERROR - Failed to export logs to Loki: Cannot connect to host localhost:3100 ssl:default [Multiple exceptions: [Errno 61] Connect call failed ('::1', 3100, 0, 0), [Errno 61] Connect call failed ('127.0.0.1', 3100)]
[2025-10-31 22:32:49] [STDERR] Traceback (most recent call last):
[2025-10-31 22:32:49] [STDERR]   File "/opt/homebrew/Caskroom/miniconda/base/lib/python3.11/site-packages/aiohttp/connector.py", line 1268, in _wrap_create_connection
[2025-10-31 22:32:49] [STDERR]     sock = await aiohappyeyeballs.start_connection(
[2025-10-31 22:32:49] [STDERR]            ^^^^^^^^^^^^^^^^^^^^^^^^^^^^^^^^^^^^^^^^
[2025-10-31 22:32:49] [STDERR]   File "/opt/homebrew/Caskroom/miniconda/base/lib/python3.11/site-packages/aiohappyeyeballs/impl.py", line 141, in start_connection
[2025-10-31 22:32:49] [STDERR]     raise OSError(first_errno, msg)
[2025-10-31 22:32:49] [STDERR] ConnectionRefusedError: [Errno 61] Multiple exceptions: [Errno 61] Connect call failed ('::1', 3100, 0, 0), [Errno 61] Connect call failed ('127.0.0.1', 3100)
[2025-10-31 22:32:49] [STDERR] 
[2025-10-31 22:32:49] [STDERR] The above exception was the direct cause of the following exception:
[2025-10-31 22:32:49] [STDERR] 
[2025-10-31 22:32:49] [STDERR] Traceback (most recent call last):
[2025-10-31 22:32:49] [STDERR]   File "/Users/leifmarkthaler/github/gleitzeit 0.0.7/src/gleitzeit/workers/loki_exporter_worker.py", line 251, in export_logs_to_loki
[2025-10-31 22:32:49] [STDERR]     async with self.session.post(
[2025-10-31 22:32:49] [STDERR]   File "/opt/homebrew/Caskroom/miniconda/base/lib/python3.11/site-packages/aiohttp/client.py", line 1488, in __aenter__
[2025-10-31 22:32:49] [STDERR]     self._resp: _RetType = await self._coro
[2025-10-31 22:32:49] [STDERR]                            ^^^^^^^^^^^^^^^^
[2025-10-31 22:32:49] [STDERR]   File "/opt/homebrew/Caskroom/miniconda/base/lib/python3.11/site-packages/aiohttp/client.py", line 770, in _request
[2025-10-31 22:32:49] [STDERR]     resp = await handler(req)
[2025-10-31 22:32:49] [STDERR]            ^^^^^^^^^^^^^^^^^^
[2025-10-31 22:32:49] [STDERR]   File "/opt/homebrew/Caskroom/miniconda/base/lib/python3.11/site-packages/aiohttp/client.py", line 725, in _connect_and_send_request
[2025-10-31 22:32:49] [STDERR]     conn = await self._connector.connect(
[2025-10-31 22:32:49] [STDERR]            ^^^^^^^^^^^^^^^^^^^^^^^^^^^^^^
[2025-10-31 22:32:49] [STDERR]   File "/opt/homebrew/Caskroom/miniconda/base/lib/python3.11/site-packages/aiohttp/connector.py", line 642, in connect
[2025-10-31 22:32:49] [STDERR]     proto = await self._create_connection(req, traces, timeout)
[2025-10-31 22:32:49] [STDERR]             ^^^^^^^^^^^^^^^^^^^^^^^^^^^^^^^^^^^^^^^^^^^^^^^^^^^
[2025-10-31 22:32:49] [STDERR]   File "/opt/homebrew/Caskroom/miniconda/base/lib/python3.11/site-packages/aiohttp/connector.py", line 1209, in _create_connection
[2025-10-31 22:32:49] [STDERR]     _, proto = await self._create_direct_connection(req, traces, timeout)
[2025-10-31 22:32:49] [STDERR]                ^^^^^^^^^^^^^^^^^^^^^^^^^^^^^^^^^^^^^^^^^^^^^^^^^^^^^^^^^^
[2025-10-31 22:32:49] [STDERR]   File "/opt/homebrew/Caskroom/miniconda/base/lib/python3.11/site-packages/aiohttp/connector.py", line 1581, in _create_direct_connection
[2025-10-31 22:32:49] [STDERR]     raise last_exc
[2025-10-31 22:32:49] [STDERR]   File "/opt/homebrew/Caskroom/miniconda/base/lib/python3.11/site-packages/aiohttp/connector.py", line 1550, in _create_direct_connection
[2025-10-31 22:32:49] [STDERR]     transp, proto = await self._wrap_create_connection(
[2025-10-31 22:32:49] [STDERR]                     ^^^^^^^^^^^^^^^^^^^^^^^^^^^^^^^^^^^
[2025-10-31 22:32:49] [STDERR]   File "/opt/homebrew/Caskroom/miniconda/base/lib/python3.11/site-packages/aiohttp/connector.py", line 1291, in _wrap_create_connection
[2025-10-31 22:32:49] [STDERR]     raise client_error(req.connection_key, exc) from exc
[2025-10-31 22:32:49] [STDERR] aiohttp.client_exceptions.ClientConnectorError: Cannot connect to host localhost:3100 ssl:default [Multiple exceptions: [Errno 61] Connect call failed ('::1', 3100, 0, 0), [Errno 61] Connect call failed ('127.0.0.1', 3100)]
[2025-10-31 22:32:54] [STDERR] 2025-10-31 22:32:54,125 - LokiExporter.loki-exporter - ERROR - Failed to export logs to Loki: Cannot connect to host localhost:3100 ssl:default [Multiple exceptions: [Errno 61] Connect call failed ('127.0.0.1', 3100), [Errno 61] Connect call failed ('::1', 3100, 0, 0)]
[2025-10-31 22:32:54] [STDERR] Traceback (most recent call last):
[2025-10-31 22:32:54] [STDERR]   File "/opt/homebrew/Caskroom/miniconda/base/lib/python3.11/site-packages/aiohttp/connector.py", line 1268, in _wrap_create_connection
[2025-10-31 22:32:54] [STDERR]     sock = await aiohappyeyeballs.start_connection(
[2025-10-31 22:32:54] [STDERR]            ^^^^^^^^^^^^^^^^^^^^^^^^^^^^^^^^^^^^^^^^
[2025-10-31 22:32:54] [STDERR]   File "/opt/homebrew/Caskroom/miniconda/base/lib/python3.11/site-packages/aiohappyeyeballs/impl.py", line 141, in start_connection
[2025-10-31 22:32:54] [STDERR]     raise OSError(first_errno, msg)
[2025-10-31 22:32:54] [STDERR] ConnectionRefusedError: [Errno 61] Multiple exceptions: [Errno 61] Connect call failed ('127.0.0.1', 3100), [Errno 61] Connect call failed ('::1', 3100, 0, 0)
[2025-10-31 22:32:54] [STDERR] 
[2025-10-31 22:32:54] [STDERR] The above exception was the direct cause of the following exception:
[2025-10-31 22:32:54] [STDERR] 
[2025-10-31 22:32:54] [STDERR] Traceback (most recent call last):
[2025-10-31 22:32:54] [STDERR]   File "/Users/leifmarkthaler/github/gleitzeit 0.0.7/src/gleitzeit/workers/loki_exporter_worker.py", line 251, in export_logs_to_loki
[2025-10-31 22:32:54] [STDERR]     async with self.session.post(
[2025-10-31 22:32:54] [STDERR]   File "/opt/homebrew/Caskroom/miniconda/base/lib/python3.11/site-packages/aiohttp/client.py", line 1488, in __aenter__
[2025-10-31 22:32:54] [STDERR]     self._resp: _RetType = await self._coro
[2025-10-31 22:32:54] [STDERR]                            ^^^^^^^^^^^^^^^^
[2025-10-31 22:32:54] [STDERR]   File "/opt/homebrew/Caskroom/miniconda/base/lib/python3.11/site-packages/aiohttp/client.py", line 770, in _request
[2025-10-31 22:32:54] [STDERR]     resp = await handler(req)
[2025-10-31 22:32:54] [STDERR]            ^^^^^^^^^^^^^^^^^^
[2025-10-31 22:32:54] [STDERR]   File "/opt/homebrew/Caskroom/miniconda/base/lib/python3.11/site-packages/aiohttp/client.py", line 725, in _connect_and_send_request
[2025-10-31 22:32:54] [STDERR]     conn = await self._connector.connect(
[2025-10-31 22:32:54] [STDERR]            ^^^^^^^^^^^^^^^^^^^^^^^^^^^^^^
[2025-10-31 22:32:54] [STDERR]   File "/opt/homebrew/Caskroom/miniconda/base/lib/python3.11/site-packages/aiohttp/connector.py", line 642, in connect
[2025-10-31 22:32:54] [STDERR]     proto = await self._create_connection(req, traces, timeout)
[2025-10-31 22:32:54] [STDERR]             ^^^^^^^^^^^^^^^^^^^^^^^^^^^^^^^^^^^^^^^^^^^^^^^^^^^
[2025-10-31 22:32:54] [STDERR]   File "/opt/homebrew/Caskroom/miniconda/base/lib/python3.11/site-packages/aiohttp/connector.py", line 1209, in _create_connection
[2025-10-31 22:32:54] [STDERR]     _, proto = await self._create_direct_connection(req, traces, timeout)
[2025-10-31 22:32:54] [STDERR]                ^^^^^^^^^^^^^^^^^^^^^^^^^^^^^^^^^^^^^^^^^^^^^^^^^^^^^^^^^^
[2025-10-31 22:32:54] [STDERR]   File "/opt/homebrew/Caskroom/miniconda/base/lib/python3.11/site-packages/aiohttp/connector.py", line 1581, in _create_direct_connection
[2025-10-31 22:32:54] [STDERR]     raise last_exc
[2025-10-31 22:32:54] [STDERR]   File "/opt/homebrew/Caskroom/miniconda/base/lib/python3.11/site-packages/aiohttp/connector.py", line 1550, in _create_direct_connection
[2025-10-31 22:32:54] [STDERR]     transp, proto = await self._wrap_create_connection(
[2025-10-31 22:32:54] [STDERR]                     ^^^^^^^^^^^^^^^^^^^^^^^^^^^^^^^^^^^
[2025-10-31 22:32:54] [STDERR]   File "/opt/homebrew/Caskroom/miniconda/base/lib/python3.11/site-packages/aiohttp/connector.py", line 1291, in _wrap_create_connection
[2025-10-31 22:32:54] [STDERR]     raise client_error(req.connection_key, exc) from exc
[2025-10-31 22:32:54] [STDERR] aiohttp.client_exceptions.ClientConnectorError: Cannot connect to host localhost:3100 ssl:default [Multiple exceptions: [Errno 61] Connect call failed ('127.0.0.1', 3100), [Errno 61] Connect call failed ('::1', 3100, 0, 0)]
[2025-10-31 22:32:59] [STDERR] 2025-10-31 22:32:59,161 - LokiExporter.loki-exporter - ERROR - Failed to export logs to Loki: Cannot connect to host localhost:3100 ssl:default [Multiple exceptions: [Errno 61] Connect call failed ('::1', 3100, 0, 0), [Errno 61] Connect call failed ('127.0.0.1', 3100)]
[2025-10-31 22:32:59] [STDERR] Traceback (most recent call last):
[2025-10-31 22:32:59] [STDERR]   File "/opt/homebrew/Caskroom/miniconda/base/lib/python3.11/site-packages/aiohttp/connector.py", line 1268, in _wrap_create_connection
[2025-10-31 22:32:59] [STDERR]     sock = await aiohappyeyeballs.start_connection(
[2025-10-31 22:32:59] [STDERR]            ^^^^^^^^^^^^^^^^^^^^^^^^^^^^^^^^^^^^^^^^
[2025-10-31 22:32:59] [STDERR]   File "/opt/homebrew/Caskroom/miniconda/base/lib/python3.11/site-packages/aiohappyeyeballs/impl.py", line 141, in start_connection
[2025-10-31 22:32:59] [STDERR]     raise OSError(first_errno, msg)
[2025-10-31 22:32:59] [STDERR] ConnectionRefusedError: [Errno 61] Multiple exceptions: [Errno 61] Connect call failed ('::1', 3100, 0, 0), [Errno 61] Connect call failed ('127.0.0.1', 3100)
[2025-10-31 22:32:59] [STDERR] 
[2025-10-31 22:32:59] [STDERR] The above exception was the direct cause of the following exception:
[2025-10-31 22:32:59] [STDERR] 
[2025-10-31 22:32:59] [STDERR] Traceback (most recent call last):
[2025-10-31 22:32:59] [STDERR]   File "/Users/leifmarkthaler/github/gleitzeit 0.0.7/src/gleitzeit/workers/loki_exporter_worker.py", line 251, in export_logs_to_loki
[2025-10-31 22:32:59] [STDERR]     async with self.session.post(
[2025-10-31 22:32:59] [STDERR]   File "/opt/homebrew/Caskroom/miniconda/base/lib/python3.11/site-packages/aiohttp/client.py", line 1488, in __aenter__
[2025-10-31 22:32:59] [STDERR]     self._resp: _RetType = await self._coro
[2025-10-31 22:32:59] [STDERR]                            ^^^^^^^^^^^^^^^^
[2025-10-31 22:32:59] [STDERR]   File "/opt/homebrew/Caskroom/miniconda/base/lib/python3.11/site-packages/aiohttp/client.py", line 770, in _request
[2025-10-31 22:32:59] [STDERR]     resp = await handler(req)
[2025-10-31 22:32:59] [STDERR]            ^^^^^^^^^^^^^^^^^^
[2025-10-31 22:32:59] [STDERR]   File "/opt/homebrew/Caskroom/miniconda/base/lib/python3.11/site-packages/aiohttp/client.py", line 725, in _connect_and_send_request
[2025-10-31 22:32:59] [STDERR]     conn = await self._connector.connect(
[2025-10-31 22:32:59] [STDERR]            ^^^^^^^^^^^^^^^^^^^^^^^^^^^^^^
[2025-10-31 22:32:59] [STDERR]   File "/opt/homebrew/Caskroom/miniconda/base/lib/python3.11/site-packages/aiohttp/connector.py", line 642, in connect
[2025-10-31 22:32:59] [STDERR]     proto = await self._create_connection(req, traces, timeout)
[2025-10-31 22:32:59] [STDERR]             ^^^^^^^^^^^^^^^^^^^^^^^^^^^^^^^^^^^^^^^^^^^^^^^^^^^
[2025-10-31 22:32:59] [STDERR]   File "/opt/homebrew/Caskroom/miniconda/base/lib/python3.11/site-packages/aiohttp/connector.py", line 1209, in _create_connection
[2025-10-31 22:32:59] [STDERR]     _, proto = await self._create_direct_connection(req, traces, timeout)
[2025-10-31 22:32:59] [STDERR]                ^^^^^^^^^^^^^^^^^^^^^^^^^^^^^^^^^^^^^^^^^^^^^^^^^^^^^^^^^^
[2025-10-31 22:32:59] [STDERR]   File "/opt/homebrew/Caskroom/miniconda/base/lib/python3.11/site-packages/aiohttp/connector.py", line 1581, in _create_direct_connection
[2025-10-31 22:32:59] [STDERR]     raise last_exc
[2025-10-31 22:32:59] [STDERR]   File "/opt/homebrew/Caskroom/miniconda/base/lib/python3.11/site-packages/aiohttp/connector.py", line 1550, in _create_direct_connection
[2025-10-31 22:32:59] [STDERR]     transp, proto = await self._wrap_create_connection(
[2025-10-31 22:32:59] [STDERR]                     ^^^^^^^^^^^^^^^^^^^^^^^^^^^^^^^^^^^
[2025-10-31 22:32:59] [STDERR]   File "/opt/homebrew/Caskroom/miniconda/base/lib/python3.11/site-packages/aiohttp/connector.py", line 1291, in _wrap_create_connection
[2025-10-31 22:32:59] [STDERR]     raise client_error(req.connection_key, exc) from exc
[2025-10-31 22:32:59] [STDERR] aiohttp.client_exceptions.ClientConnectorError: Cannot connect to host localhost:3100 ssl:default [Multiple exceptions: [Errno 61] Connect call failed ('::1', 3100, 0, 0), [Errno 61] Connect call failed ('127.0.0.1', 3100)]
[2025-10-31 22:33:04] [STDERR] 2025-10-31 22:33:04,194 - LokiExporter.loki-exporter - ERROR - Failed to export logs to Loki: Cannot connect to host localhost:3100 ssl:default [Multiple exceptions: [Errno 61] Connect call failed ('127.0.0.1', 3100), [Errno 61] Connect call failed ('::1', 3100, 0, 0)]
[2025-10-31 22:33:04] [STDERR] Traceback (most recent call last):
[2025-10-31 22:33:04] [STDERR]   File "/opt/homebrew/Caskroom/miniconda/base/lib/python3.11/site-packages/aiohttp/connector.py", line 1268, in _wrap_create_connection
[2025-10-31 22:33:04] [STDERR]     sock = await aiohappyeyeballs.start_connection(
[2025-10-31 22:33:04] [STDERR]            ^^^^^^^^^^^^^^^^^^^^^^^^^^^^^^^^^^^^^^^^
[2025-10-31 22:33:04] [STDERR]   File "/opt/homebrew/Caskroom/miniconda/base/lib/python3.11/site-packages/aiohappyeyeballs/impl.py", line 141, in start_connection
[2025-10-31 22:33:04] [STDERR]     raise OSError(first_errno, msg)
[2025-10-31 22:33:04] [STDERR] ConnectionRefusedError: [Errno 61] Multiple exceptions: [Errno 61] Connect call failed ('127.0.0.1', 3100), [Errno 61] Connect call failed ('::1', 3100, 0, 0)
[2025-10-31 22:33:04] [STDERR] 
[2025-10-31 22:33:04] [STDERR] The above exception was the direct cause of the following exception:
[2025-10-31 22:33:04] [STDERR] 
[2025-10-31 22:33:04] [STDERR] Traceback (most recent call last):
[2025-10-31 22:33:04] [STDERR]   File "/Users/leifmarkthaler/github/gleitzeit 0.0.7/src/gleitzeit/workers/loki_exporter_worker.py", line 251, in export_logs_to_loki
[2025-10-31 22:33:04] [STDERR]     async with self.session.post(
[2025-10-31 22:33:04] [STDERR]   File "/opt/homebrew/Caskroom/miniconda/base/lib/python3.11/site-packages/aiohttp/client.py", line 1488, in __aenter__
[2025-10-31 22:33:04] [STDERR]     self._resp: _RetType = await self._coro
[2025-10-31 22:33:04] [STDERR]                            ^^^^^^^^^^^^^^^^
[2025-10-31 22:33:04] [STDERR]   File "/opt/homebrew/Caskroom/miniconda/base/lib/python3.11/site-packages/aiohttp/client.py", line 770, in _request
[2025-10-31 22:33:04] [STDERR]     resp = await handler(req)
[2025-10-31 22:33:04] [STDERR]            ^^^^^^^^^^^^^^^^^^
[2025-10-31 22:33:04] [STDERR]   File "/opt/homebrew/Caskroom/miniconda/base/lib/python3.11/site-packages/aiohttp/client.py", line 725, in _connect_and_send_request
[2025-10-31 22:33:04] [STDERR]     conn = await self._connector.connect(
[2025-10-31 22:33:04] [STDERR]            ^^^^^^^^^^^^^^^^^^^^^^^^^^^^^^
[2025-10-31 22:33:04] [STDERR]   File "/opt/homebrew/Caskroom/miniconda/base/lib/python3.11/site-packages/aiohttp/connector.py", line 642, in connect
[2025-10-31 22:33:04] [STDERR]     proto = await self._create_connection(req, traces, timeout)
[2025-10-31 22:33:04] [STDERR]             ^^^^^^^^^^^^^^^^^^^^^^^^^^^^^^^^^^^^^^^^^^^^^^^^^^^
[2025-10-31 22:33:04] [STDERR]   File "/opt/homebrew/Caskroom/miniconda/base/lib/python3.11/site-packages/aiohttp/connector.py", line 1209, in _create_connection
[2025-10-31 22:33:04] [STDERR]     _, proto = await self._create_direct_connection(req, traces, timeout)
[2025-10-31 22:33:04] [STDERR]                ^^^^^^^^^^^^^^^^^^^^^^^^^^^^^^^^^^^^^^^^^^^^^^^^^^^^^^^^^^
[2025-10-31 22:33:04] [STDERR]   File "/opt/homebrew/Caskroom/miniconda/base/lib/python3.11/site-packages/aiohttp/connector.py", line 1581, in _create_direct_connection
[2025-10-31 22:33:04] [STDERR]     raise last_exc
[2025-10-31 22:33:04] [STDERR]   File "/opt/homebrew/Caskroom/miniconda/base/lib/python3.11/site-packages/aiohttp/connector.py", line 1550, in _create_direct_connection
[2025-10-31 22:33:04] [STDERR]     transp, proto = await self._wrap_create_connection(
[2025-10-31 22:33:04] [STDERR]                     ^^^^^^^^^^^^^^^^^^^^^^^^^^^^^^^^^^^
[2025-10-31 22:33:04] [STDERR]   File "/opt/homebrew/Caskroom/miniconda/base/lib/python3.11/site-packages/aiohttp/connector.py", line 1291, in _wrap_create_connection
[2025-10-31 22:33:04] [STDERR]     raise client_error(req.connection_key, exc) from exc
[2025-10-31 22:33:04] [STDERR] aiohttp.client_exceptions.ClientConnectorError: Cannot connect to host localhost:3100 ssl:default [Multiple exceptions: [Errno 61] Connect call failed ('127.0.0.1', 3100), [Errno 61] Connect call failed ('::1', 3100, 0, 0)]
[2025-10-31 22:33:09] [STDERR] 2025-10-31 22:33:09,234 - LokiExporter.loki-exporter - ERROR - Failed to export logs to Loki: Cannot connect to host localhost:3100 ssl:default [Multiple exceptions: [Errno 61] Connect call failed ('::1', 3100, 0, 0), [Errno 61] Connect call failed ('127.0.0.1', 3100)]
[2025-10-31 22:33:09] [STDERR] Traceback (most recent call last):
[2025-10-31 22:33:09] [STDERR]   File "/opt/homebrew/Caskroom/miniconda/base/lib/python3.11/site-packages/aiohttp/connector.py", line 1268, in _wrap_create_connection
[2025-10-31 22:33:09] [STDERR]     sock = await aiohappyeyeballs.start_connection(
[2025-10-31 22:33:09] [STDERR]            ^^^^^^^^^^^^^^^^^^^^^^^^^^^^^^^^^^^^^^^^
[2025-10-31 22:33:09] [STDERR]   File "/opt/homebrew/Caskroom/miniconda/base/lib/python3.11/site-packages/aiohappyeyeballs/impl.py", line 141, in start_connection
[2025-10-31 22:33:09] [STDERR]     raise OSError(first_errno, msg)
[2025-10-31 22:33:09] [STDERR] ConnectionRefusedError: [Errno 61] Multiple exceptions: [Errno 61] Connect call failed ('::1', 3100, 0, 0), [Errno 61] Connect call failed ('127.0.0.1', 3100)
[2025-10-31 22:33:09] [STDERR] 
[2025-10-31 22:33:09] [STDERR] The above exception was the direct cause of the following exception:
[2025-10-31 22:33:09] [STDERR] 
[2025-10-31 22:33:09] [STDERR] Traceback (most recent call last):
[2025-10-31 22:33:09] [STDERR]   File "/Users/leifmarkthaler/github/gleitzeit 0.0.7/src/gleitzeit/workers/loki_exporter_worker.py", line 251, in export_logs_to_loki
[2025-10-31 22:33:09] [STDERR]     async with self.session.post(
[2025-10-31 22:33:09] [STDERR]   File "/opt/homebrew/Caskroom/miniconda/base/lib/python3.11/site-packages/aiohttp/client.py", line 1488, in __aenter__
[2025-10-31 22:33:09] [STDERR]     self._resp: _RetType = await self._coro
[2025-10-31 22:33:09] [STDERR]                            ^^^^^^^^^^^^^^^^
[2025-10-31 22:33:09] [STDERR]   File "/opt/homebrew/Caskroom/miniconda/base/lib/python3.11/site-packages/aiohttp/client.py", line 770, in _request
[2025-10-31 22:33:09] [STDERR]     resp = await handler(req)
[2025-10-31 22:33:09] [STDERR]            ^^^^^^^^^^^^^^^^^^
[2025-10-31 22:33:09] [STDERR]   File "/opt/homebrew/Caskroom/miniconda/base/lib/python3.11/site-packages/aiohttp/client.py", line 725, in _connect_and_send_request
[2025-10-31 22:33:09] [STDERR]     conn = await self._connector.connect(
[2025-10-31 22:33:09] [STDERR]            ^^^^^^^^^^^^^^^^^^^^^^^^^^^^^^
[2025-10-31 22:33:09] [STDERR]   File "/opt/homebrew/Caskroom/miniconda/base/lib/python3.11/site-packages/aiohttp/connector.py", line 642, in connect
[2025-10-31 22:33:09] [STDERR]     proto = await self._create_connection(req, traces, timeout)
[2025-10-31 22:33:09] [STDERR]             ^^^^^^^^^^^^^^^^^^^^^^^^^^^^^^^^^^^^^^^^^^^^^^^^^^^
[2025-10-31 22:33:09] [STDERR]   File "/opt/homebrew/Caskroom/miniconda/base/lib/python3.11/site-packages/aiohttp/connector.py", line 1209, in _create_connection
[2025-10-31 22:33:09] [STDERR]     _, proto = await self._create_direct_connection(req, traces, timeout)
[2025-10-31 22:33:09] [STDERR]                ^^^^^^^^^^^^^^^^^^^^^^^^^^^^^^^^^^^^^^^^^^^^^^^^^^^^^^^^^^
[2025-10-31 22:33:09] [STDERR]   File "/opt/homebrew/Caskroom/miniconda/base/lib/python3.11/site-packages/aiohttp/connector.py", line 1581, in _create_direct_connection
[2025-10-31 22:33:09] [STDERR]     raise last_exc
[2025-10-31 22:33:09] [STDERR]   File "/opt/homebrew/Caskroom/miniconda/base/lib/python3.11/site-packages/aiohttp/connector.py", line 1550, in _create_direct_connection
[2025-10-31 22:33:09] [STDERR]     transp, proto = await self._wrap_create_connection(
[2025-10-31 22:33:09] [STDERR]                     ^^^^^^^^^^^^^^^^^^^^^^^^^^^^^^^^^^^
[2025-10-31 22:33:09] [STDERR]   File "/opt/homebrew/Caskroom/miniconda/base/lib/python3.11/site-packages/aiohttp/connector.py", line 1291, in _wrap_create_connection
[2025-10-31 22:33:09] [STDERR]     raise client_error(req.connection_key, exc) from exc
[2025-10-31 22:33:09] [STDERR] aiohttp.client_exceptions.ClientConnectorError: Cannot connect to host localhost:3100 ssl:default [Multiple exceptions: [Errno 61] Connect call failed ('::1', 3100, 0, 0), [Errno 61] Connect call failed ('127.0.0.1', 3100)]
[2025-10-31 22:33:14] [STDERR] 2025-10-31 22:33:14,275 - LokiExporter.loki-exporter - ERROR - Failed to export logs to Loki: Cannot connect to host localhost:3100 ssl:default [Multiple exceptions: [Errno 61] Connect call failed ('127.0.0.1', 3100), [Errno 61] Connect call failed ('::1', 3100, 0, 0)]
[2025-10-31 22:33:14] [STDERR] Traceback (most recent call last):
[2025-10-31 22:33:14] [STDERR]   File "/opt/homebrew/Caskroom/miniconda/base/lib/python3.11/site-packages/aiohttp/connector.py", line 1268, in _wrap_create_connection
[2025-10-31 22:33:14] [STDERR]     sock = await aiohappyeyeballs.start_connection(
[2025-10-31 22:33:14] [STDERR]            ^^^^^^^^^^^^^^^^^^^^^^^^^^^^^^^^^^^^^^^^
[2025-10-31 22:33:14] [STDERR]   File "/opt/homebrew/Caskroom/miniconda/base/lib/python3.11/site-packages/aiohappyeyeballs/impl.py", line 141, in start_connection
[2025-10-31 22:33:14] [STDERR]     raise OSError(first_errno, msg)
[2025-10-31 22:33:14] [STDERR] ConnectionRefusedError: [Errno 61] Multiple exceptions: [Errno 61] Connect call failed ('127.0.0.1', 3100), [Errno 61] Connect call failed ('::1', 3100, 0, 0)
[2025-10-31 22:33:14] [STDERR] 
[2025-10-31 22:33:14] [STDERR] The above exception was the direct cause of the following exception:
[2025-10-31 22:33:14] [STDERR] 
[2025-10-31 22:33:14] [STDERR] Traceback (most recent call last):
[2025-10-31 22:33:14] [STDERR]   File "/Users/leifmarkthaler/github/gleitzeit 0.0.7/src/gleitzeit/workers/loki_exporter_worker.py", line 251, in export_logs_to_loki
[2025-10-31 22:33:14] [STDERR]     async with self.session.post(
[2025-10-31 22:33:14] [STDERR]   File "/opt/homebrew/Caskroom/miniconda/base/lib/python3.11/site-packages/aiohttp/client.py", line 1488, in __aenter__
[2025-10-31 22:33:14] [STDERR]     self._resp: _RetType = await self._coro
[2025-10-31 22:33:14] [STDERR]                            ^^^^^^^^^^^^^^^^
[2025-10-31 22:33:14] [STDERR]   File "/opt/homebrew/Caskroom/miniconda/base/lib/python3.11/site-packages/aiohttp/client.py", line 770, in _request
[2025-10-31 22:33:14] [STDERR]     resp = await handler(req)
[2025-10-31 22:33:14] [STDERR]            ^^^^^^^^^^^^^^^^^^
[2025-10-31 22:33:14] [STDERR]   File "/opt/homebrew/Caskroom/miniconda/base/lib/python3.11/site-packages/aiohttp/client.py", line 725, in _connect_and_send_request
[2025-10-31 22:33:14] [STDERR]     conn = await self._connector.connect(
[2025-10-31 22:33:14] [STDERR]            ^^^^^^^^^^^^^^^^^^^^^^^^^^^^^^
[2025-10-31 22:33:14] [STDERR]   File "/opt/homebrew/Caskroom/miniconda/base/lib/python3.11/site-packages/aiohttp/connector.py", line 642, in connect
[2025-10-31 22:33:14] [STDERR]     proto = await self._create_connection(req, traces, timeout)
[2025-10-31 22:33:14] [STDERR]             ^^^^^^^^^^^^^^^^^^^^^^^^^^^^^^^^^^^^^^^^^^^^^^^^^^^
[2025-10-31 22:33:14] [STDERR]   File "/opt/homebrew/Caskroom/miniconda/base/lib/python3.11/site-packages/aiohttp/connector.py", line 1209, in _create_connection
[2025-10-31 22:33:14] [STDERR]     _, proto = await self._create_direct_connection(req, traces, timeout)
[2025-10-31 22:33:14] [STDERR]                ^^^^^^^^^^^^^^^^^^^^^^^^^^^^^^^^^^^^^^^^^^^^^^^^^^^^^^^^^^
[2025-10-31 22:33:14] [STDERR]   File "/opt/homebrew/Caskroom/miniconda/base/lib/python3.11/site-packages/aiohttp/connector.py", line 1581, in _create_direct_connection
[2025-10-31 22:33:14] [STDERR]     raise last_exc
[2025-10-31 22:33:14] [STDERR]   File "/opt/homebrew/Caskroom/miniconda/base/lib/python3.11/site-packages/aiohttp/connector.py", line 1550, in _create_direct_connection
[2025-10-31 22:33:14] [STDERR]     transp, proto = await self._wrap_create_connection(
[2025-10-31 22:33:14] [STDERR]                     ^^^^^^^^^^^^^^^^^^^^^^^^^^^^^^^^^^^
[2025-10-31 22:33:14] [STDERR]   File "/opt/homebrew/Caskroom/miniconda/base/lib/python3.11/site-packages/aiohttp/connector.py", line 1291, in _wrap_create_connection
[2025-10-31 22:33:14] [STDERR]     raise client_error(req.connection_key, exc) from exc
[2025-10-31 22:33:14] [STDERR] aiohttp.client_exceptions.ClientConnectorError: Cannot connect to host localhost:3100 ssl:default [Multiple exceptions: [Errno 61] Connect call failed ('127.0.0.1', 3100), [Errno 61] Connect call failed ('::1', 3100, 0, 0)]
[2025-10-31 22:33:19] [STDERR] 2025-10-31 22:33:19,314 - LokiExporter.loki-exporter - ERROR - Failed to export logs to Loki: Cannot connect to host localhost:3100 ssl:default [Multiple exceptions: [Errno 61] Connect call failed ('::1', 3100, 0, 0), [Errno 61] Connect call failed ('127.0.0.1', 3100)]
[2025-10-31 22:33:19] [STDERR] Traceback (most recent call last):
[2025-10-31 22:33:19] [STDERR]   File "/opt/homebrew/Caskroom/miniconda/base/lib/python3.11/site-packages/aiohttp/connector.py", line 1268, in _wrap_create_connection
[2025-10-31 22:33:19] [STDERR]     sock = await aiohappyeyeballs.start_connection(
[2025-10-31 22:33:19] [STDERR]            ^^^^^^^^^^^^^^^^^^^^^^^^^^^^^^^^^^^^^^^^
[2025-10-31 22:33:19] [STDERR]   File "/opt/homebrew/Caskroom/miniconda/base/lib/python3.11/site-packages/aiohappyeyeballs/impl.py", line 141, in start_connection
[2025-10-31 22:33:19] [STDERR]     raise OSError(first_errno, msg)
[2025-10-31 22:33:19] [STDERR] ConnectionRefusedError: [Errno 61] Multiple exceptions: [Errno 61] Connect call failed ('::1', 3100, 0, 0), [Errno 61] Connect call failed ('127.0.0.1', 3100)
[2025-10-31 22:33:19] [STDERR] 
[2025-10-31 22:33:19] [STDERR] The above exception was the direct cause of the following exception:
[2025-10-31 22:33:19] [STDERR] 
[2025-10-31 22:33:19] [STDERR] Traceback (most recent call last):
[2025-10-31 22:33:19] [STDERR]   File "/Users/leifmarkthaler/github/gleitzeit 0.0.7/src/gleitzeit/workers/loki_exporter_worker.py", line 251, in export_logs_to_loki
[2025-10-31 22:33:19] [STDERR]     async with self.session.post(
[2025-10-31 22:33:19] [STDERR]   File "/opt/homebrew/Caskroom/miniconda/base/lib/python3.11/site-packages/aiohttp/client.py", line 1488, in __aenter__
[2025-10-31 22:33:19] [STDERR]     self._resp: _RetType = await self._coro
[2025-10-31 22:33:19] [STDERR]                            ^^^^^^^^^^^^^^^^
[2025-10-31 22:33:19] [STDERR]   File "/opt/homebrew/Caskroom/miniconda/base/lib/python3.11/site-packages/aiohttp/client.py", line 770, in _request
[2025-10-31 22:33:19] [STDERR]     resp = await handler(req)
[2025-10-31 22:33:19] [STDERR]            ^^^^^^^^^^^^^^^^^^
[2025-10-31 22:33:19] [STDERR]   File "/opt/homebrew/Caskroom/miniconda/base/lib/python3.11/site-packages/aiohttp/client.py", line 725, in _connect_and_send_request
[2025-10-31 22:33:19] [STDERR]     conn = await self._connector.connect(
[2025-10-31 22:33:19] [STDERR]            ^^^^^^^^^^^^^^^^^^^^^^^^^^^^^^
[2025-10-31 22:33:19] [STDERR]   File "/opt/homebrew/Caskroom/miniconda/base/lib/python3.11/site-packages/aiohttp/connector.py", line 642, in connect
[2025-10-31 22:33:19] [STDERR]     proto = await self._create_connection(req, traces, timeout)
[2025-10-31 22:33:19] [STDERR]             ^^^^^^^^^^^^^^^^^^^^^^^^^^^^^^^^^^^^^^^^^^^^^^^^^^^
[2025-10-31 22:33:19] [STDERR]   File "/opt/homebrew/Caskroom/miniconda/base/lib/python3.11/site-packages/aiohttp/connector.py", line 1209, in _create_connection
[2025-10-31 22:33:19] [STDERR]     _, proto = await self._create_direct_connection(req, traces, timeout)
[2025-10-31 22:33:19] [STDERR]                ^^^^^^^^^^^^^^^^^^^^^^^^^^^^^^^^^^^^^^^^^^^^^^^^^^^^^^^^^^
[2025-10-31 22:33:19] [STDERR]   File "/opt/homebrew/Caskroom/miniconda/base/lib/python3.11/site-packages/aiohttp/connector.py", line 1581, in _create_direct_connection
[2025-10-31 22:33:19] [STDERR]     raise last_exc
[2025-10-31 22:33:19] [STDERR]   File "/opt/homebrew/Caskroom/miniconda/base/lib/python3.11/site-packages/aiohttp/connector.py", line 1550, in _create_direct_connection
[2025-10-31 22:33:19] [STDERR]     transp, proto = await self._wrap_create_connection(
[2025-10-31 22:33:19] [STDERR]                     ^^^^^^^^^^^^^^^^^^^^^^^^^^^^^^^^^^^
[2025-10-31 22:33:19] [STDERR]   File "/opt/homebrew/Caskroom/miniconda/base/lib/python3.11/site-packages/aiohttp/connector.py", line 1291, in _wrap_create_connection
[2025-10-31 22:33:19] [STDERR]     raise client_error(req.connection_key, exc) from exc
[2025-10-31 22:33:19] [STDERR] aiohttp.client_exceptions.ClientConnectorError: Cannot connect to host localhost:3100 ssl:default [Multiple exceptions: [Errno 61] Connect call failed ('::1', 3100, 0, 0), [Errno 61] Connect call failed ('127.0.0.1', 3100)]
[2025-10-31 22:33:24] [STDERR] 2025-10-31 22:33:24,358 - LokiExporter.loki-exporter - ERROR - Failed to export logs to Loki: Cannot connect to host localhost:3100 ssl:default [Multiple exceptions: [Errno 61] Connect call failed ('127.0.0.1', 3100), [Errno 61] Connect call failed ('::1', 3100, 0, 0)]
[2025-10-31 22:33:24] [STDERR] Traceback (most recent call last):
[2025-10-31 22:33:24] [STDERR]   File "/opt/homebrew/Caskroom/miniconda/base/lib/python3.11/site-packages/aiohttp/connector.py", line 1268, in _wrap_create_connection
[2025-10-31 22:33:24] [STDERR]     sock = await aiohappyeyeballs.start_connection(
[2025-10-31 22:33:24] [STDERR]            ^^^^^^^^^^^^^^^^^^^^^^^^^^^^^^^^^^^^^^^^
[2025-10-31 22:33:24] [STDERR]   File "/opt/homebrew/Caskroom/miniconda/base/lib/python3.11/site-packages/aiohappyeyeballs/impl.py", line 141, in start_connection
[2025-10-31 22:33:24] [STDERR]     raise OSError(first_errno, msg)
[2025-10-31 22:33:24] [STDERR] ConnectionRefusedError: [Errno 61] Multiple exceptions: [Errno 61] Connect call failed ('127.0.0.1', 3100), [Errno 61] Connect call failed ('::1', 3100, 0, 0)
[2025-10-31 22:33:24] [STDERR] 
[2025-10-31 22:33:24] [STDERR] The above exception was the direct cause of the following exception:
[2025-10-31 22:33:24] [STDERR] 
[2025-10-31 22:33:24] [STDERR] Traceback (most recent call last):
[2025-10-31 22:33:24] [STDERR]   File "/Users/leifmarkthaler/github/gleitzeit 0.0.7/src/gleitzeit/workers/loki_exporter_worker.py", line 251, in export_logs_to_loki
[2025-10-31 22:33:24] [STDERR]     async with self.session.post(
[2025-10-31 22:33:24] [STDERR]   File "/opt/homebrew/Caskroom/miniconda/base/lib/python3.11/site-packages/aiohttp/client.py", line 1488, in __aenter__
[2025-10-31 22:33:24] [STDERR]     self._resp: _RetType = await self._coro
[2025-10-31 22:33:24] [STDERR]                            ^^^^^^^^^^^^^^^^
[2025-10-31 22:33:24] [STDERR]   File "/opt/homebrew/Caskroom/miniconda/base/lib/python3.11/site-packages/aiohttp/client.py", line 770, in _request
[2025-10-31 22:33:24] [STDERR]     resp = await handler(req)
[2025-10-31 22:33:24] [STDERR]            ^^^^^^^^^^^^^^^^^^
[2025-10-31 22:33:24] [STDERR]   File "/opt/homebrew/Caskroom/miniconda/base/lib/python3.11/site-packages/aiohttp/client.py", line 725, in _connect_and_send_request
[2025-10-31 22:33:24] [STDERR]     conn = await self._connector.connect(
[2025-10-31 22:33:24] [STDERR]            ^^^^^^^^^^^^^^^^^^^^^^^^^^^^^^
[2025-10-31 22:33:24] [STDERR]   File "/opt/homebrew/Caskroom/miniconda/base/lib/python3.11/site-packages/aiohttp/connector.py", line 642, in connect
[2025-10-31 22:33:24] [STDERR]     proto = await self._create_connection(req, traces, timeout)
[2025-10-31 22:33:24] [STDERR]             ^^^^^^^^^^^^^^^^^^^^^^^^^^^^^^^^^^^^^^^^^^^^^^^^^^^
[2025-10-31 22:33:24] [STDERR]   File "/opt/homebrew/Caskroom/miniconda/base/lib/python3.11/site-packages/aiohttp/connector.py", line 1209, in _create_connection
[2025-10-31 22:33:24] [STDERR]     _, proto = await self._create_direct_connection(req, traces, timeout)
[2025-10-31 22:33:24] [STDERR]                ^^^^^^^^^^^^^^^^^^^^^^^^^^^^^^^^^^^^^^^^^^^^^^^^^^^^^^^^^^
[2025-10-31 22:33:24] [STDERR]   File "/opt/homebrew/Caskroom/miniconda/base/lib/python3.11/site-packages/aiohttp/connector.py", line 1581, in _create_direct_connection
[2025-10-31 22:33:24] [STDERR]     raise last_exc
[2025-10-31 22:33:24] [STDERR]   File "/opt/homebrew/Caskroom/miniconda/base/lib/python3.11/site-packages/aiohttp/connector.py", line 1550, in _create_direct_connection
[2025-10-31 22:33:24] [STDERR]     transp, proto = await self._wrap_create_connection(
[2025-10-31 22:33:24] [STDERR]                     ^^^^^^^^^^^^^^^^^^^^^^^^^^^^^^^^^^^
[2025-10-31 22:33:24] [STDERR]   File "/opt/homebrew/Caskroom/miniconda/base/lib/python3.11/site-packages/aiohttp/connector.py", line 1291, in _wrap_create_connection
[2025-10-31 22:33:24] [STDERR]     raise client_error(req.connection_key, exc) from exc
[2025-10-31 22:33:24] [STDERR] aiohttp.client_exceptions.ClientConnectorError: Cannot connect to host localhost:3100 ssl:default [Multiple exceptions: [Errno 61] Connect call failed ('127.0.0.1', 3100), [Errno 61] Connect call failed ('::1', 3100, 0, 0)]
[2025-10-31 22:33:29] [STDERR] 2025-10-31 22:33:29,399 - LokiExporter.loki-exporter - ERROR - Failed to export logs to Loki: Cannot connect to host localhost:3100 ssl:default [Multiple exceptions: [Errno 61] Connect call failed ('::1', 3100, 0, 0), [Errno 61] Connect call failed ('127.0.0.1', 3100)]
[2025-10-31 22:33:29] [STDERR] Traceback (most recent call last):
[2025-10-31 22:33:29] [STDERR]   File "/opt/homebrew/Caskroom/miniconda/base/lib/python3.11/site-packages/aiohttp/connector.py", line 1268, in _wrap_create_connection
[2025-10-31 22:33:29] [STDERR]     sock = await aiohappyeyeballs.start_connection(
[2025-10-31 22:33:29] [STDERR]            ^^^^^^^^^^^^^^^^^^^^^^^^^^^^^^^^^^^^^^^^
[2025-10-31 22:33:29] [STDERR]   File "/opt/homebrew/Caskroom/miniconda/base/lib/python3.11/site-packages/aiohappyeyeballs/impl.py", line 141, in start_connection
[2025-10-31 22:33:29] [STDERR]     raise OSError(first_errno, msg)
[2025-10-31 22:33:29] [STDERR] ConnectionRefusedError: [Errno 61] Multiple exceptions: [Errno 61] Connect call failed ('::1', 3100, 0, 0), [Errno 61] Connect call failed ('127.0.0.1', 3100)
[2025-10-31 22:33:29] [STDERR] 
[2025-10-31 22:33:29] [STDERR] The above exception was the direct cause of the following exception:
[2025-10-31 22:33:29] [STDERR] 
[2025-10-31 22:33:29] [STDERR] Traceback (most recent call last):
[2025-10-31 22:33:29] [STDERR]   File "/Users/leifmarkthaler/github/gleitzeit 0.0.7/src/gleitzeit/workers/loki_exporter_worker.py", line 251, in export_logs_to_loki
[2025-10-31 22:33:29] [STDERR]     async with self.session.post(
[2025-10-31 22:33:29] [STDERR]   File "/opt/homebrew/Caskroom/miniconda/base/lib/python3.11/site-packages/aiohttp/client.py", line 1488, in __aenter__
[2025-10-31 22:33:29] [STDERR]     self._resp: _RetType = await self._coro
[2025-10-31 22:33:29] [STDERR]                            ^^^^^^^^^^^^^^^^
[2025-10-31 22:33:29] [STDERR]   File "/opt/homebrew/Caskroom/miniconda/base/lib/python3.11/site-packages/aiohttp/client.py", line 770, in _request
[2025-10-31 22:33:29] [STDERR]     resp = await handler(req)
[2025-10-31 22:33:29] [STDERR]            ^^^^^^^^^^^^^^^^^^
[2025-10-31 22:33:29] [STDERR]   File "/opt/homebrew/Caskroom/miniconda/base/lib/python3.11/site-packages/aiohttp/client.py", line 725, in _connect_and_send_request
[2025-10-31 22:33:29] [STDERR]     conn = await self._connector.connect(
[2025-10-31 22:33:29] [STDERR]            ^^^^^^^^^^^^^^^^^^^^^^^^^^^^^^
[2025-10-31 22:33:29] [STDERR]   File "/opt/homebrew/Caskroom/miniconda/base/lib/python3.11/site-packages/aiohttp/connector.py", line 642, in connect
[2025-10-31 22:33:29] [STDERR]     proto = await self._create_connection(req, traces, timeout)
[2025-10-31 22:33:29] [STDERR]             ^^^^^^^^^^^^^^^^^^^^^^^^^^^^^^^^^^^^^^^^^^^^^^^^^^^
[2025-10-31 22:33:29] [STDERR]   File "/opt/homebrew/Caskroom/miniconda/base/lib/python3.11/site-packages/aiohttp/connector.py", line 1209, in _create_connection
[2025-10-31 22:33:29] [STDERR]     _, proto = await self._create_direct_connection(req, traces, timeout)
[2025-10-31 22:33:29] [STDERR]                ^^^^^^^^^^^^^^^^^^^^^^^^^^^^^^^^^^^^^^^^^^^^^^^^^^^^^^^^^^
[2025-10-31 22:33:29] [STDERR]   File "/opt/homebrew/Caskroom/miniconda/base/lib/python3.11/site-packages/aiohttp/connector.py", line 1581, in _create_direct_connection
[2025-10-31 22:33:29] [STDERR]     raise last_exc
[2025-10-31 22:33:29] [STDERR]   File "/opt/homebrew/Caskroom/miniconda/base/lib/python3.11/site-packages/aiohttp/connector.py", line 1550, in _create_direct_connection
[2025-10-31 22:33:29] [STDERR]     transp, proto = await self._wrap_create_connection(
[2025-10-31 22:33:29] [STDERR]                     ^^^^^^^^^^^^^^^^^^^^^^^^^^^^^^^^^^^
[2025-10-31 22:33:29] [STDERR]   File "/opt/homebrew/Caskroom/miniconda/base/lib/python3.11/site-packages/aiohttp/connector.py", line 1291, in _wrap_create_connection
[2025-10-31 22:33:29] [STDERR]     raise client_error(req.connection_key, exc) from exc
[2025-10-31 22:33:29] [STDERR] aiohttp.client_exceptions.ClientConnectorError: Cannot connect to host localhost:3100 ssl:default [Multiple exceptions: [Errno 61] Connect call failed ('::1', 3100, 0, 0), [Errno 61] Connect call failed ('127.0.0.1', 3100)]
[2025-10-31 22:33:34] [STDERR] 2025-10-31 22:33:34,429 - LokiExporter.loki-exporter - ERROR - Failed to export logs to Loki: Cannot connect to host localhost:3100 ssl:default [Multiple exceptions: [Errno 61] Connect call failed ('127.0.0.1', 3100), [Errno 61] Connect call failed ('::1', 3100, 0, 0)]
[2025-10-31 22:33:34] [STDERR] Traceback (most recent call last):
[2025-10-31 22:33:34] [STDERR]   File "/opt/homebrew/Caskroom/miniconda/base/lib/python3.11/site-packages/aiohttp/connector.py", line 1268, in _wrap_create_connection
[2025-10-31 22:33:34] [STDERR]     sock = await aiohappyeyeballs.start_connection(
[2025-10-31 22:33:34] [STDERR]            ^^^^^^^^^^^^^^^^^^^^^^^^^^^^^^^^^^^^^^^^
[2025-10-31 22:33:34] [STDERR]   File "/opt/homebrew/Caskroom/miniconda/base/lib/python3.11/site-packages/aiohappyeyeballs/impl.py", line 141, in start_connection
[2025-10-31 22:33:34] [STDERR]     raise OSError(first_errno, msg)
[2025-10-31 22:33:34] [STDERR] ConnectionRefusedError: [Errno 61] Multiple exceptions: [Errno 61] Connect call failed ('127.0.0.1', 3100), [Errno 61] Connect call failed ('::1', 3100, 0, 0)
[2025-10-31 22:33:34] [STDERR] 
[2025-10-31 22:33:34] [STDERR] The above exception was the direct cause of the following exception:
[2025-10-31 22:33:34] [STDERR] 
[2025-10-31 22:33:34] [STDERR] Traceback (most recent call last):
[2025-10-31 22:33:34] [STDERR]   File "/Users/leifmarkthaler/github/gleitzeit 0.0.7/src/gleitzeit/workers/loki_exporter_worker.py", line 251, in export_logs_to_loki
[2025-10-31 22:33:34] [STDERR]     async with self.session.post(
[2025-10-31 22:33:34] [STDERR]   File "/opt/homebrew/Caskroom/miniconda/base/lib/python3.11/site-packages/aiohttp/client.py", line 1488, in __aenter__
[2025-10-31 22:33:34] [STDERR]     self._resp: _RetType = await self._coro
[2025-10-31 22:33:34] [STDERR]                            ^^^^^^^^^^^^^^^^
[2025-10-31 22:33:34] [STDERR]   File "/opt/homebrew/Caskroom/miniconda/base/lib/python3.11/site-packages/aiohttp/client.py", line 770, in _request
[2025-10-31 22:33:34] [STDERR]     resp = await handler(req)
[2025-10-31 22:33:34] [STDERR]            ^^^^^^^^^^^^^^^^^^
[2025-10-31 22:33:34] [STDERR]   File "/opt/homebrew/Caskroom/miniconda/base/lib/python3.11/site-packages/aiohttp/client.py", line 725, in _connect_and_send_request
[2025-10-31 22:33:34] [STDERR]     conn = await self._connector.connect(
[2025-10-31 22:33:34] [STDERR]            ^^^^^^^^^^^^^^^^^^^^^^^^^^^^^^
[2025-10-31 22:33:34] [STDERR]   File "/opt/homebrew/Caskroom/miniconda/base/lib/python3.11/site-packages/aiohttp/connector.py", line 642, in connect
[2025-10-31 22:33:34] [STDERR]     proto = await self._create_connection(req, traces, timeout)
[2025-10-31 22:33:34] [STDERR]             ^^^^^^^^^^^^^^^^^^^^^^^^^^^^^^^^^^^^^^^^^^^^^^^^^^^
[2025-10-31 22:33:34] [STDERR]   File "/opt/homebrew/Caskroom/miniconda/base/lib/python3.11/site-packages/aiohttp/connector.py", line 1209, in _create_connection
[2025-10-31 22:33:34] [STDERR]     _, proto = await self._create_direct_connection(req, traces, timeout)
[2025-10-31 22:33:34] [STDERR]                ^^^^^^^^^^^^^^^^^^^^^^^^^^^^^^^^^^^^^^^^^^^^^^^^^^^^^^^^^^
[2025-10-31 22:33:34] [STDERR]   File "/opt/homebrew/Caskroom/miniconda/base/lib/python3.11/site-packages/aiohttp/connector.py", line 1581, in _create_direct_connection
[2025-10-31 22:33:34] [STDERR]     raise last_exc
[2025-10-31 22:33:34] [STDERR]   File "/opt/homebrew/Caskroom/miniconda/base/lib/python3.11/site-packages/aiohttp/connector.py", line 1550, in _create_direct_connection
[2025-10-31 22:33:34] [STDERR]     transp, proto = await self._wrap_create_connection(
[2025-10-31 22:33:34] [STDERR]                     ^^^^^^^^^^^^^^^^^^^^^^^^^^^^^^^^^^^
[2025-10-31 22:33:34] [STDERR]   File "/opt/homebrew/Caskroom/miniconda/base/lib/python3.11/site-packages/aiohttp/connector.py", line 1291, in _wrap_create_connection
[2025-10-31 22:33:34] [STDERR]     raise client_error(req.connection_key, exc) from exc
[2025-10-31 22:33:34] [STDERR] aiohttp.client_exceptions.ClientConnectorError: Cannot connect to host localhost:3100 ssl:default [Multiple exceptions: [Errno 61] Connect call failed ('127.0.0.1', 3100), [Errno 61] Connect call failed ('::1', 3100, 0, 0)]
[2025-10-31 22:33:39] [STDERR] 2025-10-31 22:33:39,469 - LokiExporter.loki-exporter - ERROR - Failed to export logs to Loki: Cannot connect to host localhost:3100 ssl:default [Multiple exceptions: [Errno 61] Connect call failed ('::1', 3100, 0, 0), [Errno 61] Connect call failed ('127.0.0.1', 3100)]
[2025-10-31 22:33:39] [STDERR] Traceback (most recent call last):
[2025-10-31 22:33:39] [STDERR]   File "/opt/homebrew/Caskroom/miniconda/base/lib/python3.11/site-packages/aiohttp/connector.py", line 1268, in _wrap_create_connection
[2025-10-31 22:33:39] [STDERR]     sock = await aiohappyeyeballs.start_connection(
[2025-10-31 22:33:39] [STDERR]            ^^^^^^^^^^^^^^^^^^^^^^^^^^^^^^^^^^^^^^^^
[2025-10-31 22:33:39] [STDERR]   File "/opt/homebrew/Caskroom/miniconda/base/lib/python3.11/site-packages/aiohappyeyeballs/impl.py", line 141, in start_connection
[2025-10-31 22:33:39] [STDERR]     raise OSError(first_errno, msg)
[2025-10-31 22:33:39] [STDERR] ConnectionRefusedError: [Errno 61] Multiple exceptions: [Errno 61] Connect call failed ('::1', 3100, 0, 0), [Errno 61] Connect call failed ('127.0.0.1', 3100)
[2025-10-31 22:33:39] [STDERR] 
[2025-10-31 22:33:39] [STDERR] The above exception was the direct cause of the following exception:
[2025-10-31 22:33:39] [STDERR] 
[2025-10-31 22:33:39] [STDERR] Traceback (most recent call last):
[2025-10-31 22:33:39] [STDERR]   File "/Users/leifmarkthaler/github/gleitzeit 0.0.7/src/gleitzeit/workers/loki_exporter_worker.py", line 251, in export_logs_to_loki
[2025-10-31 22:33:39] [STDERR]     async with self.session.post(
[2025-10-31 22:33:39] [STDERR]   File "/opt/homebrew/Caskroom/miniconda/base/lib/python3.11/site-packages/aiohttp/client.py", line 1488, in __aenter__
[2025-10-31 22:33:39] [STDERR]     self._resp: _RetType = await self._coro
[2025-10-31 22:33:39] [STDERR]                            ^^^^^^^^^^^^^^^^
[2025-10-31 22:33:39] [STDERR]   File "/opt/homebrew/Caskroom/miniconda/base/lib/python3.11/site-packages/aiohttp/client.py", line 770, in _request
[2025-10-31 22:33:39] [STDERR]     resp = await handler(req)
[2025-10-31 22:33:39] [STDERR]            ^^^^^^^^^^^^^^^^^^
[2025-10-31 22:33:39] [STDERR]   File "/opt/homebrew/Caskroom/miniconda/base/lib/python3.11/site-packages/aiohttp/client.py", line 725, in _connect_and_send_request
[2025-10-31 22:33:39] [STDERR]     conn = await self._connector.connect(
[2025-10-31 22:33:39] [STDERR]            ^^^^^^^^^^^^^^^^^^^^^^^^^^^^^^
[2025-10-31 22:33:39] [STDERR]   File "/opt/homebrew/Caskroom/miniconda/base/lib/python3.11/site-packages/aiohttp/connector.py", line 642, in connect
[2025-10-31 22:33:39] [STDERR]     proto = await self._create_connection(req, traces, timeout)
[2025-10-31 22:33:39] [STDERR]             ^^^^^^^^^^^^^^^^^^^^^^^^^^^^^^^^^^^^^^^^^^^^^^^^^^^
[2025-10-31 22:33:39] [STDERR]   File "/opt/homebrew/Caskroom/miniconda/base/lib/python3.11/site-packages/aiohttp/connector.py", line 1209, in _create_connection
[2025-10-31 22:33:39] [STDERR]     _, proto = await self._create_direct_connection(req, traces, timeout)
[2025-10-31 22:33:39] [STDERR]                ^^^^^^^^^^^^^^^^^^^^^^^^^^^^^^^^^^^^^^^^^^^^^^^^^^^^^^^^^^
[2025-10-31 22:33:39] [STDERR]   File "/opt/homebrew/Caskroom/miniconda/base/lib/python3.11/site-packages/aiohttp/connector.py", line 1581, in _create_direct_connection
[2025-10-31 22:33:39] [STDERR]     raise last_exc
[2025-10-31 22:33:39] [STDERR]   File "/opt/homebrew/Caskroom/miniconda/base/lib/python3.11/site-packages/aiohttp/connector.py", line 1550, in _create_direct_connection
[2025-10-31 22:33:39] [STDERR]     transp, proto = await self._wrap_create_connection(
[2025-10-31 22:33:39] [STDERR]                     ^^^^^^^^^^^^^^^^^^^^^^^^^^^^^^^^^^^
[2025-10-31 22:33:39] [STDERR]   File "/opt/homebrew/Caskroom/miniconda/base/lib/python3.11/site-packages/aiohttp/connector.py", line 1291, in _wrap_create_connection
[2025-10-31 22:33:39] [STDERR]     raise client_error(req.connection_key, exc) from exc
[2025-10-31 22:33:39] [STDERR] aiohttp.client_exceptions.ClientConnectorError: Cannot connect to host localhost:3100 ssl:default [Multiple exceptions: [Errno 61] Connect call failed ('::1', 3100, 0, 0), [Errno 61] Connect call failed ('127.0.0.1', 3100)]
[2025-10-31 22:33:44] [STDERR] 2025-10-31 22:33:44,507 - LokiExporter.loki-exporter - ERROR - Failed to export logs to Loki: Cannot connect to host localhost:3100 ssl:default [Multiple exceptions: [Errno 61] Connect call failed ('127.0.0.1', 3100), [Errno 61] Connect call failed ('::1', 3100, 0, 0)]
[2025-10-31 22:33:44] [STDERR] Traceback (most recent call last):
[2025-10-31 22:33:44] [STDERR]   File "/opt/homebrew/Caskroom/miniconda/base/lib/python3.11/site-packages/aiohttp/connector.py", line 1268, in _wrap_create_connection
[2025-10-31 22:33:44] [STDERR]     sock = await aiohappyeyeballs.start_connection(
[2025-10-31 22:33:44] [STDERR]            ^^^^^^^^^^^^^^^^^^^^^^^^^^^^^^^^^^^^^^^^
[2025-10-31 22:33:44] [STDERR]   File "/opt/homebrew/Caskroom/miniconda/base/lib/python3.11/site-packages/aiohappyeyeballs/impl.py", line 141, in start_connection
[2025-10-31 22:33:44] [STDERR]     raise OSError(first_errno, msg)
[2025-10-31 22:33:44] [STDERR] ConnectionRefusedError: [Errno 61] Multiple exceptions: [Errno 61] Connect call failed ('127.0.0.1', 3100), [Errno 61] Connect call failed ('::1', 3100, 0, 0)
[2025-10-31 22:33:44] [STDERR] 
[2025-10-31 22:33:44] [STDERR] The above exception was the direct cause of the following exception:
[2025-10-31 22:33:44] [STDERR] 
[2025-10-31 22:33:44] [STDERR] Traceback (most recent call last):
[2025-10-31 22:33:44] [STDERR]   File "/Users/leifmarkthaler/github/gleitzeit 0.0.7/src/gleitzeit/workers/loki_exporter_worker.py", line 251, in export_logs_to_loki
[2025-10-31 22:33:44] [STDERR]     async with self.session.post(
[2025-10-31 22:33:44] [STDERR]   File "/opt/homebrew/Caskroom/miniconda/base/lib/python3.11/site-packages/aiohttp/client.py", line 1488, in __aenter__
[2025-10-31 22:33:44] [STDERR]     self._resp: _RetType = await self._coro
[2025-10-31 22:33:44] [STDERR]                            ^^^^^^^^^^^^^^^^
[2025-10-31 22:33:44] [STDERR]   File "/opt/homebrew/Caskroom/miniconda/base/lib/python3.11/site-packages/aiohttp/client.py", line 770, in _request
[2025-10-31 22:33:44] [STDERR]     resp = await handler(req)
[2025-10-31 22:33:44] [STDERR]            ^^^^^^^^^^^^^^^^^^
[2025-10-31 22:33:44] [STDERR]   File "/opt/homebrew/Caskroom/miniconda/base/lib/python3.11/site-packages/aiohttp/client.py", line 725, in _connect_and_send_request
[2025-10-31 22:33:44] [STDERR]     conn = await self._connector.connect(
[2025-10-31 22:33:44] [STDERR]            ^^^^^^^^^^^^^^^^^^^^^^^^^^^^^^
[2025-10-31 22:33:44] [STDERR]   File "/opt/homebrew/Caskroom/miniconda/base/lib/python3.11/site-packages/aiohttp/connector.py", line 642, in connect
[2025-10-31 22:33:44] [STDERR]     proto = await self._create_connection(req, traces, timeout)
[2025-10-31 22:33:44] [STDERR]             ^^^^^^^^^^^^^^^^^^^^^^^^^^^^^^^^^^^^^^^^^^^^^^^^^^^
[2025-10-31 22:33:44] [STDERR]   File "/opt/homebrew/Caskroom/miniconda/base/lib/python3.11/site-packages/aiohttp/connector.py", line 1209, in _create_connection
[2025-10-31 22:33:44] [STDERR]     _, proto = await self._create_direct_connection(req, traces, timeout)
[2025-10-31 22:33:44] [STDERR]                ^^^^^^^^^^^^^^^^^^^^^^^^^^^^^^^^^^^^^^^^^^^^^^^^^^^^^^^^^^
[2025-10-31 22:33:44] [STDERR]   File "/opt/homebrew/Caskroom/miniconda/base/lib/python3.11/site-packages/aiohttp/connector.py", line 1581, in _create_direct_connection
[2025-10-31 22:33:44] [STDERR]     raise last_exc
[2025-10-31 22:33:44] [STDERR]   File "/opt/homebrew/Caskroom/miniconda/base/lib/python3.11/site-packages/aiohttp/connector.py", line 1550, in _create_direct_connection
[2025-10-31 22:33:44] [STDERR]     transp, proto = await self._wrap_create_connection(
[2025-10-31 22:33:44] [STDERR]                     ^^^^^^^^^^^^^^^^^^^^^^^^^^^^^^^^^^^
[2025-10-31 22:33:44] [STDERR]   File "/opt/homebrew/Caskroom/miniconda/base/lib/python3.11/site-packages/aiohttp/connector.py", line 1291, in _wrap_create_connection
[2025-10-31 22:33:44] [STDERR]     raise client_error(req.connection_key, exc) from exc
[2025-10-31 22:33:44] [STDERR] aiohttp.client_exceptions.ClientConnectorError: Cannot connect to host localhost:3100 ssl:default [Multiple exceptions: [Errno 61] Connect call failed ('127.0.0.1', 3100), [Errno 61] Connect call failed ('::1', 3100, 0, 0)]
[2025-10-31 22:33:49] [STDERR] 2025-10-31 22:33:49,541 - LokiExporter.loki-exporter - ERROR - Failed to export logs to Loki: Cannot connect to host localhost:3100 ssl:default [Multiple exceptions: [Errno 61] Connect call failed ('::1', 3100, 0, 0), [Errno 61] Connect call failed ('127.0.0.1', 3100)]
[2025-10-31 22:33:49] [STDERR] Traceback (most recent call last):
[2025-10-31 22:33:49] [STDERR]   File "/opt/homebrew/Caskroom/miniconda/base/lib/python3.11/site-packages/aiohttp/connector.py", line 1268, in _wrap_create_connection
[2025-10-31 22:33:49] [STDERR]     sock = await aiohappyeyeballs.start_connection(
[2025-10-31 22:33:49] [STDERR]            ^^^^^^^^^^^^^^^^^^^^^^^^^^^^^^^^^^^^^^^^
[2025-10-31 22:33:49] [STDERR]   File "/opt/homebrew/Caskroom/miniconda/base/lib/python3.11/site-packages/aiohappyeyeballs/impl.py", line 141, in start_connection
[2025-10-31 22:33:49] [STDERR]     raise OSError(first_errno, msg)
[2025-10-31 22:33:49] [STDERR] ConnectionRefusedError: [Errno 61] Multiple exceptions: [Errno 61] Connect call failed ('::1', 3100, 0, 0), [Errno 61] Connect call failed ('127.0.0.1', 3100)
[2025-10-31 22:33:49] [STDERR] 
[2025-10-31 22:33:49] [STDERR] The above exception was the direct cause of the following exception:
[2025-10-31 22:33:49] [STDERR] 
[2025-10-31 22:33:49] [STDERR] Traceback (most recent call last):
[2025-10-31 22:33:49] [STDERR]   File "/Users/leifmarkthaler/github/gleitzeit 0.0.7/src/gleitzeit/workers/loki_exporter_worker.py", line 251, in export_logs_to_loki
[2025-10-31 22:33:49] [STDERR]     async with self.session.post(
[2025-10-31 22:33:49] [STDERR]   File "/opt/homebrew/Caskroom/miniconda/base/lib/python3.11/site-packages/aiohttp/client.py", line 1488, in __aenter__
[2025-10-31 22:33:49] [STDERR]     self._resp: _RetType = await self._coro
[2025-10-31 22:33:49] [STDERR]                            ^^^^^^^^^^^^^^^^
[2025-10-31 22:33:49] [STDERR]   File "/opt/homebrew/Caskroom/miniconda/base/lib/python3.11/site-packages/aiohttp/client.py", line 770, in _request
[2025-10-31 22:33:49] [STDERR]     resp = await handler(req)
[2025-10-31 22:33:49] [STDERR]            ^^^^^^^^^^^^^^^^^^
[2025-10-31 22:33:49] [STDERR]   File "/opt/homebrew/Caskroom/miniconda/base/lib/python3.11/site-packages/aiohttp/client.py", line 725, in _connect_and_send_request
[2025-10-31 22:33:49] [STDERR]     conn = await self._connector.connect(
[2025-10-31 22:33:49] [STDERR]            ^^^^^^^^^^^^^^^^^^^^^^^^^^^^^^
[2025-10-31 22:33:49] [STDERR]   File "/opt/homebrew/Caskroom/miniconda/base/lib/python3.11/site-packages/aiohttp/connector.py", line 642, in connect
[2025-10-31 22:33:49] [STDERR]     proto = await self._create_connection(req, traces, timeout)
[2025-10-31 22:33:49] [STDERR]             ^^^^^^^^^^^^^^^^^^^^^^^^^^^^^^^^^^^^^^^^^^^^^^^^^^^
[2025-10-31 22:33:49] [STDERR]   File "/opt/homebrew/Caskroom/miniconda/base/lib/python3.11/site-packages/aiohttp/connector.py", line 1209, in _create_connection
[2025-10-31 22:33:49] [STDERR]     _, proto = await self._create_direct_connection(req, traces, timeout)
[2025-10-31 22:33:49] [STDERR]                ^^^^^^^^^^^^^^^^^^^^^^^^^^^^^^^^^^^^^^^^^^^^^^^^^^^^^^^^^^
[2025-10-31 22:33:49] [STDERR]   File "/opt/homebrew/Caskroom/miniconda/base/lib/python3.11/site-packages/aiohttp/connector.py", line 1581, in _create_direct_connection
[2025-10-31 22:33:49] [STDERR]     raise last_exc
[2025-10-31 22:33:49] [STDERR]   File "/opt/homebrew/Caskroom/miniconda/base/lib/python3.11/site-packages/aiohttp/connector.py", line 1550, in _create_direct_connection
[2025-10-31 22:33:49] [STDERR]     transp, proto = await self._wrap_create_connection(
[2025-10-31 22:33:49] [STDERR]                     ^^^^^^^^^^^^^^^^^^^^^^^^^^^^^^^^^^^
[2025-10-31 22:33:49] [STDERR]   File "/opt/homebrew/Caskroom/miniconda/base/lib/python3.11/site-packages/aiohttp/connector.py", line 1291, in _wrap_create_connection
[2025-10-31 22:33:49] [STDERR]     raise client_error(req.connection_key, exc) from exc
[2025-10-31 22:33:49] [STDERR] aiohttp.client_exceptions.ClientConnectorError: Cannot connect to host localhost:3100 ssl:default [Multiple exceptions: [Errno 61] Connect call failed ('::1', 3100, 0, 0), [Errno 61] Connect call failed ('127.0.0.1', 3100)]
[2025-10-31 22:33:54] [STDERR] 2025-10-31 22:33:54,578 - LokiExporter.loki-exporter - ERROR - Failed to export logs to Loki: Cannot connect to host localhost:3100 ssl:default [Multiple exceptions: [Errno 61] Connect call failed ('127.0.0.1', 3100), [Errno 61] Connect call failed ('::1', 3100, 0, 0)]
[2025-10-31 22:33:54] [STDERR] Traceback (most recent call last):
[2025-10-31 22:33:54] [STDERR]   File "/opt/homebrew/Caskroom/miniconda/base/lib/python3.11/site-packages/aiohttp/connector.py", line 1268, in _wrap_create_connection
[2025-10-31 22:33:54] [STDERR]     sock = await aiohappyeyeballs.start_connection(
[2025-10-31 22:33:54] [STDERR]            ^^^^^^^^^^^^^^^^^^^^^^^^^^^^^^^^^^^^^^^^
[2025-10-31 22:33:54] [STDERR]   File "/opt/homebrew/Caskroom/miniconda/base/lib/python3.11/site-packages/aiohappyeyeballs/impl.py", line 141, in start_connection
[2025-10-31 22:33:54] [STDERR]     raise OSError(first_errno, msg)
[2025-10-31 22:33:54] [STDERR] ConnectionRefusedError: [Errno 61] Multiple exceptions: [Errno 61] Connect call failed ('127.0.0.1', 3100), [Errno 61] Connect call failed ('::1', 3100, 0, 0)
[2025-10-31 22:33:54] [STDERR] 
[2025-10-31 22:33:54] [STDERR] The above exception was the direct cause of the following exception:
[2025-10-31 22:33:54] [STDERR] 
[2025-10-31 22:33:54] [STDERR] Traceback (most recent call last):
[2025-10-31 22:33:54] [STDERR]   File "/Users/leifmarkthaler/github/gleitzeit 0.0.7/src/gleitzeit/workers/loki_exporter_worker.py", line 251, in export_logs_to_loki
[2025-10-31 22:33:54] [STDERR]     async with self.session.post(
[2025-10-31 22:33:54] [STDERR]   File "/opt/homebrew/Caskroom/miniconda/base/lib/python3.11/site-packages/aiohttp/client.py", line 1488, in __aenter__
[2025-10-31 22:33:54] [STDERR]     self._resp: _RetType = await self._coro
[2025-10-31 22:33:54] [STDERR]                            ^^^^^^^^^^^^^^^^
[2025-10-31 22:33:54] [STDERR]   File "/opt/homebrew/Caskroom/miniconda/base/lib/python3.11/site-packages/aiohttp/client.py", line 770, in _request
[2025-10-31 22:33:54] [STDERR]     resp = await handler(req)
[2025-10-31 22:33:54] [STDERR]            ^^^^^^^^^^^^^^^^^^
[2025-10-31 22:33:54] [STDERR]   File "/opt/homebrew/Caskroom/miniconda/base/lib/python3.11/site-packages/aiohttp/client.py", line 725, in _connect_and_send_request
[2025-10-31 22:33:54] [STDERR]     conn = await self._connector.connect(
[2025-10-31 22:33:54] [STDERR]            ^^^^^^^^^^^^^^^^^^^^^^^^^^^^^^
[2025-10-31 22:33:54] [STDERR]   File "/opt/homebrew/Caskroom/miniconda/base/lib/python3.11/site-packages/aiohttp/connector.py", line 642, in connect
[2025-10-31 22:33:54] [STDERR]     proto = await self._create_connection(req, traces, timeout)
[2025-10-31 22:33:54] [STDERR]             ^^^^^^^^^^^^^^^^^^^^^^^^^^^^^^^^^^^^^^^^^^^^^^^^^^^
[2025-10-31 22:33:54] [STDERR]   File "/opt/homebrew/Caskroom/miniconda/base/lib/python3.11/site-packages/aiohttp/connector.py", line 1209, in _create_connection
[2025-10-31 22:33:54] [STDERR]     _, proto = await self._create_direct_connection(req, traces, timeout)
[2025-10-31 22:33:54] [STDERR]                ^^^^^^^^^^^^^^^^^^^^^^^^^^^^^^^^^^^^^^^^^^^^^^^^^^^^^^^^^^
[2025-10-31 22:33:54] [STDERR]   File "/opt/homebrew/Caskroom/miniconda/base/lib/python3.11/site-packages/aiohttp/connector.py", line 1581, in _create_direct_connection
[2025-10-31 22:33:54] [STDERR]     raise last_exc
[2025-10-31 22:33:54] [STDERR]   File "/opt/homebrew/Caskroom/miniconda/base/lib/python3.11/site-packages/aiohttp/connector.py", line 1550, in _create_direct_connection
[2025-10-31 22:33:54] [STDERR]     transp, proto = await self._wrap_create_connection(
[2025-10-31 22:33:54] [STDERR]                     ^^^^^^^^^^^^^^^^^^^^^^^^^^^^^^^^^^^
[2025-10-31 22:33:54] [STDERR]   File "/opt/homebrew/Caskroom/miniconda/base/lib/python3.11/site-packages/aiohttp/connector.py", line 1291, in _wrap_create_connection
[2025-10-31 22:33:54] [STDERR]     raise client_error(req.connection_key, exc) from exc
[2025-10-31 22:33:54] [STDERR] aiohttp.client_exceptions.ClientConnectorError: Cannot connect to host localhost:3100 ssl:default [Multiple exceptions: [Errno 61] Connect call failed ('127.0.0.1', 3100), [Errno 61] Connect call failed ('::1', 3100, 0, 0)]
[2025-10-31 22:33:59] [STDERR] 2025-10-31 22:33:59,619 - LokiExporter.loki-exporter - ERROR - Failed to export logs to Loki: Cannot connect to host localhost:3100 ssl:default [Multiple exceptions: [Errno 61] Connect call failed ('::1', 3100, 0, 0), [Errno 61] Connect call failed ('127.0.0.1', 3100)]
[2025-10-31 22:33:59] [STDERR] Traceback (most recent call last):
[2025-10-31 22:33:59] [STDERR]   File "/opt/homebrew/Caskroom/miniconda/base/lib/python3.11/site-packages/aiohttp/connector.py", line 1268, in _wrap_create_connection
[2025-10-31 22:33:59] [STDERR]     sock = await aiohappyeyeballs.start_connection(
[2025-10-31 22:33:59] [STDERR]            ^^^^^^^^^^^^^^^^^^^^^^^^^^^^^^^^^^^^^^^^
[2025-10-31 22:33:59] [STDERR]   File "/opt/homebrew/Caskroom/miniconda/base/lib/python3.11/site-packages/aiohappyeyeballs/impl.py", line 141, in start_connection
[2025-10-31 22:33:59] [STDERR]     raise OSError(first_errno, msg)
[2025-10-31 22:33:59] [STDERR] ConnectionRefusedError: [Errno 61] Multiple exceptions: [Errno 61] Connect call failed ('::1', 3100, 0, 0), [Errno 61] Connect call failed ('127.0.0.1', 3100)
[2025-10-31 22:33:59] [STDERR] 
[2025-10-31 22:33:59] [STDERR] The above exception was the direct cause of the following exception:
[2025-10-31 22:33:59] [STDERR] 
[2025-10-31 22:33:59] [STDERR] Traceback (most recent call last):
[2025-10-31 22:33:59] [STDERR]   File "/Users/leifmarkthaler/github/gleitzeit 0.0.7/src/gleitzeit/workers/loki_exporter_worker.py", line 251, in export_logs_to_loki
[2025-10-31 22:33:59] [STDERR]     async with self.session.post(
[2025-10-31 22:33:59] [STDERR]   File "/opt/homebrew/Caskroom/miniconda/base/lib/python3.11/site-packages/aiohttp/client.py", line 1488, in __aenter__
[2025-10-31 22:33:59] [STDERR]     self._resp: _RetType = await self._coro
[2025-10-31 22:33:59] [STDERR]                            ^^^^^^^^^^^^^^^^
[2025-10-31 22:33:59] [STDERR]   File "/opt/homebrew/Caskroom/miniconda/base/lib/python3.11/site-packages/aiohttp/client.py", line 770, in _request
[2025-10-31 22:33:59] [STDERR]     resp = await handler(req)
[2025-10-31 22:33:59] [STDERR]            ^^^^^^^^^^^^^^^^^^
[2025-10-31 22:33:59] [STDERR]   File "/opt/homebrew/Caskroom/miniconda/base/lib/python3.11/site-packages/aiohttp/client.py", line 725, in _connect_and_send_request
[2025-10-31 22:33:59] [STDERR]     conn = await self._connector.connect(
[2025-10-31 22:33:59] [STDERR]            ^^^^^^^^^^^^^^^^^^^^^^^^^^^^^^
[2025-10-31 22:33:59] [STDERR]   File "/opt/homebrew/Caskroom/miniconda/base/lib/python3.11/site-packages/aiohttp/connector.py", line 642, in connect
[2025-10-31 22:33:59] [STDERR]     proto = await self._create_connection(req, traces, timeout)
[2025-10-31 22:33:59] [STDERR]             ^^^^^^^^^^^^^^^^^^^^^^^^^^^^^^^^^^^^^^^^^^^^^^^^^^^
[2025-10-31 22:33:59] [STDERR]   File "/opt/homebrew/Caskroom/miniconda/base/lib/python3.11/site-packages/aiohttp/connector.py", line 1209, in _create_connection
[2025-10-31 22:33:59] [STDERR]     _, proto = await self._create_direct_connection(req, traces, timeout)
[2025-10-31 22:33:59] [STDERR]                ^^^^^^^^^^^^^^^^^^^^^^^^^^^^^^^^^^^^^^^^^^^^^^^^^^^^^^^^^^
[2025-10-31 22:33:59] [STDERR]   File "/opt/homebrew/Caskroom/miniconda/base/lib/python3.11/site-packages/aiohttp/connector.py", line 1581, in _create_direct_connection
[2025-10-31 22:33:59] [STDERR]     raise last_exc
[2025-10-31 22:33:59] [STDERR]   File "/opt/homebrew/Caskroom/miniconda/base/lib/python3.11/site-packages/aiohttp/connector.py", line 1550, in _create_direct_connection
[2025-10-31 22:33:59] [STDERR]     transp, proto = await self._wrap_create_connection(
[2025-10-31 22:33:59] [STDERR]                     ^^^^^^^^^^^^^^^^^^^^^^^^^^^^^^^^^^^
[2025-10-31 22:33:59] [STDERR]   File "/opt/homebrew/Caskroom/miniconda/base/lib/python3.11/site-packages/aiohttp/connector.py", line 1291, in _wrap_create_connection
[2025-10-31 22:33:59] [STDERR]     raise client_error(req.connection_key, exc) from exc
[2025-10-31 22:33:59] [STDERR] aiohttp.client_exceptions.ClientConnectorError: Cannot connect to host localhost:3100 ssl:default [Multiple exceptions: [Errno 61] Connect call failed ('::1', 3100, 0, 0), [Errno 61] Connect call failed ('127.0.0.1', 3100)]
[2025-10-31 22:34:04] [STDERR] 2025-10-31 22:34:04,658 - LokiExporter.loki-exporter - ERROR - Failed to export logs to Loki: Cannot connect to host localhost:3100 ssl:default [Multiple exceptions: [Errno 61] Connect call failed ('127.0.0.1', 3100), [Errno 61] Connect call failed ('::1', 3100, 0, 0)]
[2025-10-31 22:34:04] [STDERR] Traceback (most recent call last):
[2025-10-31 22:34:04] [STDERR]   File "/opt/homebrew/Caskroom/miniconda/base/lib/python3.11/site-packages/aiohttp/connector.py", line 1268, in _wrap_create_connection
[2025-10-31 22:34:04] [STDERR]     sock = await aiohappyeyeballs.start_connection(
[2025-10-31 22:34:04] [STDERR]            ^^^^^^^^^^^^^^^^^^^^^^^^^^^^^^^^^^^^^^^^
[2025-10-31 22:34:04] [STDERR]   File "/opt/homebrew/Caskroom/miniconda/base/lib/python3.11/site-packages/aiohappyeyeballs/impl.py", line 141, in start_connection
[2025-10-31 22:34:04] [STDERR]     raise OSError(first_errno, msg)
[2025-10-31 22:34:04] [STDERR] ConnectionRefusedError: [Errno 61] Multiple exceptions: [Errno 61] Connect call failed ('127.0.0.1', 3100), [Errno 61] Connect call failed ('::1', 3100, 0, 0)
[2025-10-31 22:34:04] [STDERR] 
[2025-10-31 22:34:04] [STDERR] The above exception was the direct cause of the following exception:
[2025-10-31 22:34:04] [STDERR] 
[2025-10-31 22:34:04] [STDERR] Traceback (most recent call last):
[2025-10-31 22:34:04] [STDERR]   File "/Users/leifmarkthaler/github/gleitzeit 0.0.7/src/gleitzeit/workers/loki_exporter_worker.py", line 251, in export_logs_to_loki
[2025-10-31 22:34:04] [STDERR]     async with self.session.post(
[2025-10-31 22:34:04] [STDERR]   File "/opt/homebrew/Caskroom/miniconda/base/lib/python3.11/site-packages/aiohttp/client.py", line 1488, in __aenter__
[2025-10-31 22:34:04] [STDERR]     self._resp: _RetType = await self._coro
[2025-10-31 22:34:04] [STDERR]                            ^^^^^^^^^^^^^^^^
[2025-10-31 22:34:04] [STDERR]   File "/opt/homebrew/Caskroom/miniconda/base/lib/python3.11/site-packages/aiohttp/client.py", line 770, in _request
[2025-10-31 22:34:04] [STDERR]     resp = await handler(req)
[2025-10-31 22:34:04] [STDERR]            ^^^^^^^^^^^^^^^^^^
[2025-10-31 22:34:04] [STDERR]   File "/opt/homebrew/Caskroom/miniconda/base/lib/python3.11/site-packages/aiohttp/client.py", line 725, in _connect_and_send_request
[2025-10-31 22:34:04] [STDERR]     conn = await self._connector.connect(
[2025-10-31 22:34:04] [STDERR]            ^^^^^^^^^^^^^^^^^^^^^^^^^^^^^^
[2025-10-31 22:34:04] [STDERR]   File "/opt/homebrew/Caskroom/miniconda/base/lib/python3.11/site-packages/aiohttp/connector.py", line 642, in connect
[2025-10-31 22:34:04] [STDERR]     proto = await self._create_connection(req, traces, timeout)
[2025-10-31 22:34:04] [STDERR]             ^^^^^^^^^^^^^^^^^^^^^^^^^^^^^^^^^^^^^^^^^^^^^^^^^^^
[2025-10-31 22:34:04] [STDERR]   File "/opt/homebrew/Caskroom/miniconda/base/lib/python3.11/site-packages/aiohttp/connector.py", line 1209, in _create_connection
[2025-10-31 22:34:04] [STDERR]     _, proto = await self._create_direct_connection(req, traces, timeout)
[2025-10-31 22:34:04] [STDERR]                ^^^^^^^^^^^^^^^^^^^^^^^^^^^^^^^^^^^^^^^^^^^^^^^^^^^^^^^^^^
[2025-10-31 22:34:04] [STDERR]   File "/opt/homebrew/Caskroom/miniconda/base/lib/python3.11/site-packages/aiohttp/connector.py", line 1581, in _create_direct_connection
[2025-10-31 22:34:04] [STDERR]     raise last_exc
[2025-10-31 22:34:04] [STDERR]   File "/opt/homebrew/Caskroom/miniconda/base/lib/python3.11/site-packages/aiohttp/connector.py", line 1550, in _create_direct_connection
[2025-10-31 22:34:04] [STDERR]     transp, proto = await self._wrap_create_connection(
[2025-10-31 22:34:04] [STDERR]                     ^^^^^^^^^^^^^^^^^^^^^^^^^^^^^^^^^^^
[2025-10-31 22:34:04] [STDERR]   File "/opt/homebrew/Caskroom/miniconda/base/lib/python3.11/site-packages/aiohttp/connector.py", line 1291, in _wrap_create_connection
[2025-10-31 22:34:04] [STDERR]     raise client_error(req.connection_key, exc) from exc
[2025-10-31 22:34:04] [STDERR] aiohttp.client_exceptions.ClientConnectorError: Cannot connect to host localhost:3100 ssl:default [Multiple exceptions: [Errno 61] Connect call failed ('127.0.0.1', 3100), [Errno 61] Connect call failed ('::1', 3100, 0, 0)]
[2025-10-31 22:34:09] [STDERR] 2025-10-31 22:34:09,698 - LokiExporter.loki-exporter - ERROR - Failed to export logs to Loki: Cannot connect to host localhost:3100 ssl:default [Multiple exceptions: [Errno 61] Connect call failed ('::1', 3100, 0, 0), [Errno 61] Connect call failed ('127.0.0.1', 3100)]
[2025-10-31 22:34:09] [STDERR] Traceback (most recent call last):
[2025-10-31 22:34:09] [STDERR]   File "/opt/homebrew/Caskroom/miniconda/base/lib/python3.11/site-packages/aiohttp/connector.py", line 1268, in _wrap_create_connection
[2025-10-31 22:34:09] [STDERR]     sock = await aiohappyeyeballs.start_connection(
[2025-10-31 22:34:09] [STDERR]            ^^^^^^^^^^^^^^^^^^^^^^^^^^^^^^^^^^^^^^^^
[2025-10-31 22:34:09] [STDERR]   File "/opt/homebrew/Caskroom/miniconda/base/lib/python3.11/site-packages/aiohappyeyeballs/impl.py", line 141, in start_connection
[2025-10-31 22:34:09] [STDERR]     raise OSError(first_errno, msg)
[2025-10-31 22:34:09] [STDERR] ConnectionRefusedError: [Errno 61] Multiple exceptions: [Errno 61] Connect call failed ('::1', 3100, 0, 0), [Errno 61] Connect call failed ('127.0.0.1', 3100)
[2025-10-31 22:34:09] [STDERR] 
[2025-10-31 22:34:09] [STDERR] The above exception was the direct cause of the following exception:
[2025-10-31 22:34:09] [STDERR] 
[2025-10-31 22:34:09] [STDERR] Traceback (most recent call last):
[2025-10-31 22:34:09] [STDERR]   File "/Users/leifmarkthaler/github/gleitzeit 0.0.7/src/gleitzeit/workers/loki_exporter_worker.py", line 251, in export_logs_to_loki
[2025-10-31 22:34:09] [STDERR]     async with self.session.post(
[2025-10-31 22:34:09] [STDERR]   File "/opt/homebrew/Caskroom/miniconda/base/lib/python3.11/site-packages/aiohttp/client.py", line 1488, in __aenter__
[2025-10-31 22:34:09] [STDERR]     self._resp: _RetType = await self._coro
[2025-10-31 22:34:09] [STDERR]                            ^^^^^^^^^^^^^^^^
[2025-10-31 22:34:09] [STDERR]   File "/opt/homebrew/Caskroom/miniconda/base/lib/python3.11/site-packages/aiohttp/client.py", line 770, in _request
[2025-10-31 22:34:09] [STDERR]     resp = await handler(req)
[2025-10-31 22:34:09] [STDERR]            ^^^^^^^^^^^^^^^^^^
[2025-10-31 22:34:09] [STDERR]   File "/opt/homebrew/Caskroom/miniconda/base/lib/python3.11/site-packages/aiohttp/client.py", line 725, in _connect_and_send_request
[2025-10-31 22:34:09] [STDERR]     conn = await self._connector.connect(
[2025-10-31 22:34:09] [STDERR]            ^^^^^^^^^^^^^^^^^^^^^^^^^^^^^^
[2025-10-31 22:34:09] [STDERR]   File "/opt/homebrew/Caskroom/miniconda/base/lib/python3.11/site-packages/aiohttp/connector.py", line 642, in connect
[2025-10-31 22:34:09] [STDERR]     proto = await self._create_connection(req, traces, timeout)
[2025-10-31 22:34:09] [STDERR]             ^^^^^^^^^^^^^^^^^^^^^^^^^^^^^^^^^^^^^^^^^^^^^^^^^^^
[2025-10-31 22:34:09] [STDERR]   File "/opt/homebrew/Caskroom/miniconda/base/lib/python3.11/site-packages/aiohttp/connector.py", line 1209, in _create_connection
[2025-10-31 22:34:09] [STDERR]     _, proto = await self._create_direct_connection(req, traces, timeout)
[2025-10-31 22:34:09] [STDERR]                ^^^^^^^^^^^^^^^^^^^^^^^^^^^^^^^^^^^^^^^^^^^^^^^^^^^^^^^^^^
[2025-10-31 22:34:09] [STDERR]   File "/opt/homebrew/Caskroom/miniconda/base/lib/python3.11/site-packages/aiohttp/connector.py", line 1581, in _create_direct_connection
[2025-10-31 22:34:09] [STDERR]     raise last_exc
[2025-10-31 22:34:09] [STDERR]   File "/opt/homebrew/Caskroom/miniconda/base/lib/python3.11/site-packages/aiohttp/connector.py", line 1550, in _create_direct_connection
[2025-10-31 22:34:09] [STDERR]     transp, proto = await self._wrap_create_connection(
[2025-10-31 22:34:09] [STDERR]                     ^^^^^^^^^^^^^^^^^^^^^^^^^^^^^^^^^^^
[2025-10-31 22:34:09] [STDERR]   File "/opt/homebrew/Caskroom/miniconda/base/lib/python3.11/site-packages/aiohttp/connector.py", line 1291, in _wrap_create_connection
[2025-10-31 22:34:09] [STDERR]     raise client_error(req.connection_key, exc) from exc
[2025-10-31 22:34:09] [STDERR] aiohttp.client_exceptions.ClientConnectorError: Cannot connect to host localhost:3100 ssl:default [Multiple exceptions: [Errno 61] Connect call failed ('::1', 3100, 0, 0), [Errno 61] Connect call failed ('127.0.0.1', 3100)]
[2025-10-31 22:34:14] [STDERR] 2025-10-31 22:34:14,737 - LokiExporter.loki-exporter - ERROR - Failed to export logs to Loki: Cannot connect to host localhost:3100 ssl:default [Multiple exceptions: [Errno 61] Connect call failed ('127.0.0.1', 3100), [Errno 61] Connect call failed ('::1', 3100, 0, 0)]
[2025-10-31 22:34:14] [STDERR] Traceback (most recent call last):
[2025-10-31 22:34:14] [STDERR]   File "/opt/homebrew/Caskroom/miniconda/base/lib/python3.11/site-packages/aiohttp/connector.py", line 1268, in _wrap_create_connection
[2025-10-31 22:34:14] [STDERR]     sock = await aiohappyeyeballs.start_connection(
[2025-10-31 22:34:14] [STDERR]            ^^^^^^^^^^^^^^^^^^^^^^^^^^^^^^^^^^^^^^^^
[2025-10-31 22:34:14] [STDERR]   File "/opt/homebrew/Caskroom/miniconda/base/lib/python3.11/site-packages/aiohappyeyeballs/impl.py", line 141, in start_connection
[2025-10-31 22:34:14] [STDERR]     raise OSError(first_errno, msg)
[2025-10-31 22:34:14] [STDERR] ConnectionRefusedError: [Errno 61] Multiple exceptions: [Errno 61] Connect call failed ('127.0.0.1', 3100), [Errno 61] Connect call failed ('::1', 3100, 0, 0)
[2025-10-31 22:34:14] [STDERR] 
[2025-10-31 22:34:14] [STDERR] The above exception was the direct cause of the following exception:
[2025-10-31 22:34:14] [STDERR] 
[2025-10-31 22:34:14] [STDERR] Traceback (most recent call last):
[2025-10-31 22:34:14] [STDERR]   File "/Users/leifmarkthaler/github/gleitzeit 0.0.7/src/gleitzeit/workers/loki_exporter_worker.py", line 251, in export_logs_to_loki
[2025-10-31 22:34:14] [STDERR]     async with self.session.post(
[2025-10-31 22:34:14] [STDERR]   File "/opt/homebrew/Caskroom/miniconda/base/lib/python3.11/site-packages/aiohttp/client.py", line 1488, in __aenter__
[2025-10-31 22:34:14] [STDERR]     self._resp: _RetType = await self._coro
[2025-10-31 22:34:14] [STDERR]                            ^^^^^^^^^^^^^^^^
[2025-10-31 22:34:14] [STDERR]   File "/opt/homebrew/Caskroom/miniconda/base/lib/python3.11/site-packages/aiohttp/client.py", line 770, in _request
[2025-10-31 22:34:14] [STDERR]     resp = await handler(req)
[2025-10-31 22:34:14] [STDERR]            ^^^^^^^^^^^^^^^^^^
[2025-10-31 22:34:14] [STDERR]   File "/opt/homebrew/Caskroom/miniconda/base/lib/python3.11/site-packages/aiohttp/client.py", line 725, in _connect_and_send_request
[2025-10-31 22:34:14] [STDERR]     conn = await self._connector.connect(
[2025-10-31 22:34:14] [STDERR]            ^^^^^^^^^^^^^^^^^^^^^^^^^^^^^^
[2025-10-31 22:34:14] [STDERR]   File "/opt/homebrew/Caskroom/miniconda/base/lib/python3.11/site-packages/aiohttp/connector.py", line 642, in connect
[2025-10-31 22:34:14] [STDERR]     proto = await self._create_connection(req, traces, timeout)
[2025-10-31 22:34:14] [STDERR]             ^^^^^^^^^^^^^^^^^^^^^^^^^^^^^^^^^^^^^^^^^^^^^^^^^^^
[2025-10-31 22:34:14] [STDERR]   File "/opt/homebrew/Caskroom/miniconda/base/lib/python3.11/site-packages/aiohttp/connector.py", line 1209, in _create_connection
[2025-10-31 22:34:14] [STDERR]     _, proto = await self._create_direct_connection(req, traces, timeout)
[2025-10-31 22:34:14] [STDERR]                ^^^^^^^^^^^^^^^^^^^^^^^^^^^^^^^^^^^^^^^^^^^^^^^^^^^^^^^^^^
[2025-10-31 22:34:14] [STDERR]   File "/opt/homebrew/Caskroom/miniconda/base/lib/python3.11/site-packages/aiohttp/connector.py", line 1581, in _create_direct_connection
[2025-10-31 22:34:14] [STDERR]     raise last_exc
[2025-10-31 22:34:14] [STDERR]   File "/opt/homebrew/Caskroom/miniconda/base/lib/python3.11/site-packages/aiohttp/connector.py", line 1550, in _create_direct_connection
[2025-10-31 22:34:14] [STDERR]     transp, proto = await self._wrap_create_connection(
[2025-10-31 22:34:14] [STDERR]                     ^^^^^^^^^^^^^^^^^^^^^^^^^^^^^^^^^^^
[2025-10-31 22:34:14] [STDERR]   File "/opt/homebrew/Caskroom/miniconda/base/lib/python3.11/site-packages/aiohttp/connector.py", line 1291, in _wrap_create_connection
[2025-10-31 22:34:14] [STDERR]     raise client_error(req.connection_key, exc) from exc
[2025-10-31 22:34:14] [STDERR] aiohttp.client_exceptions.ClientConnectorError: Cannot connect to host localhost:3100 ssl:default [Multiple exceptions: [Errno 61] Connect call failed ('127.0.0.1', 3100), [Errno 61] Connect call failed ('::1', 3100, 0, 0)]
[2025-10-31 22:34:19] [STDERR] 2025-10-31 22:34:19,769 - LokiExporter.loki-exporter - ERROR - Failed to export logs to Loki: Cannot connect to host localhost:3100 ssl:default [Multiple exceptions: [Errno 61] Connect call failed ('::1', 3100, 0, 0), [Errno 61] Connect call failed ('127.0.0.1', 3100)]
[2025-10-31 22:34:19] [STDERR] Traceback (most recent call last):
[2025-10-31 22:34:19] [STDERR]   File "/opt/homebrew/Caskroom/miniconda/base/lib/python3.11/site-packages/aiohttp/connector.py", line 1268, in _wrap_create_connection
[2025-10-31 22:34:19] [STDERR]     sock = await aiohappyeyeballs.start_connection(
[2025-10-31 22:34:19] [STDERR]            ^^^^^^^^^^^^^^^^^^^^^^^^^^^^^^^^^^^^^^^^
[2025-10-31 22:34:19] [STDERR]   File "/opt/homebrew/Caskroom/miniconda/base/lib/python3.11/site-packages/aiohappyeyeballs/impl.py", line 141, in start_connection
[2025-10-31 22:34:19] [STDERR]     raise OSError(first_errno, msg)
[2025-10-31 22:34:19] [STDERR] ConnectionRefusedError: [Errno 61] Multiple exceptions: [Errno 61] Connect call failed ('::1', 3100, 0, 0), [Errno 61] Connect call failed ('127.0.0.1', 3100)
[2025-10-31 22:34:19] [STDERR] 
[2025-10-31 22:34:19] [STDERR] The above exception was the direct cause of the following exception:
[2025-10-31 22:34:19] [STDERR] 
[2025-10-31 22:34:19] [STDERR] Traceback (most recent call last):
[2025-10-31 22:34:19] [STDERR]   File "/Users/leifmarkthaler/github/gleitzeit 0.0.7/src/gleitzeit/workers/loki_exporter_worker.py", line 251, in export_logs_to_loki
[2025-10-31 22:34:19] [STDERR]     async with self.session.post(
[2025-10-31 22:34:19] [STDERR]   File "/opt/homebrew/Caskroom/miniconda/base/lib/python3.11/site-packages/aiohttp/client.py", line 1488, in __aenter__
[2025-10-31 22:34:19] [STDERR]     self._resp: _RetType = await self._coro
[2025-10-31 22:34:19] [STDERR]                            ^^^^^^^^^^^^^^^^
[2025-10-31 22:34:19] [STDERR]   File "/opt/homebrew/Caskroom/miniconda/base/lib/python3.11/site-packages/aiohttp/client.py", line 770, in _request
[2025-10-31 22:34:19] [STDERR]     resp = await handler(req)
[2025-10-31 22:34:19] [STDERR]            ^^^^^^^^^^^^^^^^^^
[2025-10-31 22:34:19] [STDERR]   File "/opt/homebrew/Caskroom/miniconda/base/lib/python3.11/site-packages/aiohttp/client.py", line 725, in _connect_and_send_request
[2025-10-31 22:34:19] [STDERR]     conn = await self._connector.connect(
[2025-10-31 22:34:19] [STDERR]            ^^^^^^^^^^^^^^^^^^^^^^^^^^^^^^
[2025-10-31 22:34:19] [STDERR]   File "/opt/homebrew/Caskroom/miniconda/base/lib/python3.11/site-packages/aiohttp/connector.py", line 642, in connect
[2025-10-31 22:34:19] [STDERR]     proto = await self._create_connection(req, traces, timeout)
[2025-10-31 22:34:19] [STDERR]             ^^^^^^^^^^^^^^^^^^^^^^^^^^^^^^^^^^^^^^^^^^^^^^^^^^^
[2025-10-31 22:34:19] [STDERR]   File "/opt/homebrew/Caskroom/miniconda/base/lib/python3.11/site-packages/aiohttp/connector.py", line 1209, in _create_connection
[2025-10-31 22:34:19] [STDERR]     _, proto = await self._create_direct_connection(req, traces, timeout)
[2025-10-31 22:34:19] [STDERR]                ^^^^^^^^^^^^^^^^^^^^^^^^^^^^^^^^^^^^^^^^^^^^^^^^^^^^^^^^^^
[2025-10-31 22:34:19] [STDERR]   File "/opt/homebrew/Caskroom/miniconda/base/lib/python3.11/site-packages/aiohttp/connector.py", line 1581, in _create_direct_connection
[2025-10-31 22:34:19] [STDERR]     raise last_exc
[2025-10-31 22:34:19] [STDERR]   File "/opt/homebrew/Caskroom/miniconda/base/lib/python3.11/site-packages/aiohttp/connector.py", line 1550, in _create_direct_connection
[2025-10-31 22:34:19] [STDERR]     transp, proto = await self._wrap_create_connection(
[2025-10-31 22:34:19] [STDERR]                     ^^^^^^^^^^^^^^^^^^^^^^^^^^^^^^^^^^^
[2025-10-31 22:34:19] [STDERR]   File "/opt/homebrew/Caskroom/miniconda/base/lib/python3.11/site-packages/aiohttp/connector.py", line 1291, in _wrap_create_connection
[2025-10-31 22:34:19] [STDERR]     raise client_error(req.connection_key, exc) from exc
[2025-10-31 22:34:19] [STDERR] aiohttp.client_exceptions.ClientConnectorError: Cannot connect to host localhost:3100 ssl:default [Multiple exceptions: [Errno 61] Connect call failed ('::1', 3100, 0, 0), [Errno 61] Connect call failed ('127.0.0.1', 3100)]
[2025-10-31 22:34:24] [STDERR] 2025-10-31 22:34:24,810 - LokiExporter.loki-exporter - ERROR - Failed to export logs to Loki: Cannot connect to host localhost:3100 ssl:default [Multiple exceptions: [Errno 61] Connect call failed ('127.0.0.1', 3100), [Errno 61] Connect call failed ('::1', 3100, 0, 0)]
[2025-10-31 22:34:24] [STDERR] Traceback (most recent call last):
[2025-10-31 22:34:24] [STDERR]   File "/opt/homebrew/Caskroom/miniconda/base/lib/python3.11/site-packages/aiohttp/connector.py", line 1268, in _wrap_create_connection
[2025-10-31 22:34:24] [STDERR]     sock = await aiohappyeyeballs.start_connection(
[2025-10-31 22:34:24] [STDERR]            ^^^^^^^^^^^^^^^^^^^^^^^^^^^^^^^^^^^^^^^^
[2025-10-31 22:34:24] [STDERR]   File "/opt/homebrew/Caskroom/miniconda/base/lib/python3.11/site-packages/aiohappyeyeballs/impl.py", line 141, in start_connection
[2025-10-31 22:34:24] [STDERR]     raise OSError(first_errno, msg)
[2025-10-31 22:34:24] [STDERR] ConnectionRefusedError: [Errno 61] Multiple exceptions: [Errno 61] Connect call failed ('127.0.0.1', 3100), [Errno 61] Connect call failed ('::1', 3100, 0, 0)
[2025-10-31 22:34:24] [STDERR] 
[2025-10-31 22:34:24] [STDERR] The above exception was the direct cause of the following exception:
[2025-10-31 22:34:24] [STDERR] 
[2025-10-31 22:34:24] [STDERR] Traceback (most recent call last):
[2025-10-31 22:34:24] [STDERR]   File "/Users/leifmarkthaler/github/gleitzeit 0.0.7/src/gleitzeit/workers/loki_exporter_worker.py", line 251, in export_logs_to_loki
[2025-10-31 22:34:24] [STDERR]     async with self.session.post(
[2025-10-31 22:34:24] [STDERR]   File "/opt/homebrew/Caskroom/miniconda/base/lib/python3.11/site-packages/aiohttp/client.py", line 1488, in __aenter__
[2025-10-31 22:34:24] [STDERR]     self._resp: _RetType = await self._coro
[2025-10-31 22:34:24] [STDERR]                            ^^^^^^^^^^^^^^^^
[2025-10-31 22:34:24] [STDERR]   File "/opt/homebrew/Caskroom/miniconda/base/lib/python3.11/site-packages/aiohttp/client.py", line 770, in _request
[2025-10-31 22:34:24] [STDERR]     resp = await handler(req)
[2025-10-31 22:34:24] [STDERR]            ^^^^^^^^^^^^^^^^^^
[2025-10-31 22:34:24] [STDERR]   File "/opt/homebrew/Caskroom/miniconda/base/lib/python3.11/site-packages/aiohttp/client.py", line 725, in _connect_and_send_request
[2025-10-31 22:34:24] [STDERR]     conn = await self._connector.connect(
[2025-10-31 22:34:24] [STDERR]            ^^^^^^^^^^^^^^^^^^^^^^^^^^^^^^
[2025-10-31 22:34:24] [STDERR]   File "/opt/homebrew/Caskroom/miniconda/base/lib/python3.11/site-packages/aiohttp/connector.py", line 642, in connect
[2025-10-31 22:34:24] [STDERR]     proto = await self._create_connection(req, traces, timeout)
[2025-10-31 22:34:24] [STDERR]             ^^^^^^^^^^^^^^^^^^^^^^^^^^^^^^^^^^^^^^^^^^^^^^^^^^^
[2025-10-31 22:34:24] [STDERR]   File "/opt/homebrew/Caskroom/miniconda/base/lib/python3.11/site-packages/aiohttp/connector.py", line 1209, in _create_connection
[2025-10-31 22:34:24] [STDERR]     _, proto = await self._create_direct_connection(req, traces, timeout)
[2025-10-31 22:34:24] [STDERR]                ^^^^^^^^^^^^^^^^^^^^^^^^^^^^^^^^^^^^^^^^^^^^^^^^^^^^^^^^^^
[2025-10-31 22:34:24] [STDERR]   File "/opt/homebrew/Caskroom/miniconda/base/lib/python3.11/site-packages/aiohttp/connector.py", line 1581, in _create_direct_connection
[2025-10-31 22:34:24] [STDERR]     raise last_exc
[2025-10-31 22:34:24] [STDERR]   File "/opt/homebrew/Caskroom/miniconda/base/lib/python3.11/site-packages/aiohttp/connector.py", line 1550, in _create_direct_connection
[2025-10-31 22:34:24] [STDERR]     transp, proto = await self._wrap_create_connection(
[2025-10-31 22:34:24] [STDERR]                     ^^^^^^^^^^^^^^^^^^^^^^^^^^^^^^^^^^^
[2025-10-31 22:34:24] [STDERR]   File "/opt/homebrew/Caskroom/miniconda/base/lib/python3.11/site-packages/aiohttp/connector.py", line 1291, in _wrap_create_connection
[2025-10-31 22:34:24] [STDERR]     raise client_error(req.connection_key, exc) from exc
[2025-10-31 22:34:24] [STDERR] aiohttp.client_exceptions.ClientConnectorError: Cannot connect to host localhost:3100 ssl:default [Multiple exceptions: [Errno 61] Connect call failed ('127.0.0.1', 3100), [Errno 61] Connect call failed ('::1', 3100, 0, 0)]
[2025-10-31 22:34:29] [STDERR] 2025-10-31 22:34:29,845 - LokiExporter.loki-exporter - ERROR - Failed to export logs to Loki: Cannot connect to host localhost:3100 ssl:default [Multiple exceptions: [Errno 61] Connect call failed ('::1', 3100, 0, 0), [Errno 61] Connect call failed ('127.0.0.1', 3100)]
[2025-10-31 22:34:29] [STDERR] Traceback (most recent call last):
[2025-10-31 22:34:29] [STDERR]   File "/opt/homebrew/Caskroom/miniconda/base/lib/python3.11/site-packages/aiohttp/connector.py", line 1268, in _wrap_create_connection
[2025-10-31 22:34:29] [STDERR]     sock = await aiohappyeyeballs.start_connection(
[2025-10-31 22:34:29] [STDERR]            ^^^^^^^^^^^^^^^^^^^^^^^^^^^^^^^^^^^^^^^^
[2025-10-31 22:34:29] [STDERR]   File "/opt/homebrew/Caskroom/miniconda/base/lib/python3.11/site-packages/aiohappyeyeballs/impl.py", line 141, in start_connection
[2025-10-31 22:34:29] [STDERR]     raise OSError(first_errno, msg)
[2025-10-31 22:34:29] [STDERR] ConnectionRefusedError: [Errno 61] Multiple exceptions: [Errno 61] Connect call failed ('::1', 3100, 0, 0), [Errno 61] Connect call failed ('127.0.0.1', 3100)
[2025-10-31 22:34:29] [STDERR] 
[2025-10-31 22:34:29] [STDERR] The above exception was the direct cause of the following exception:
[2025-10-31 22:34:29] [STDERR] 
[2025-10-31 22:34:29] [STDERR] Traceback (most recent call last):
[2025-10-31 22:34:29] [STDERR]   File "/Users/leifmarkthaler/github/gleitzeit 0.0.7/src/gleitzeit/workers/loki_exporter_worker.py", line 251, in export_logs_to_loki
[2025-10-31 22:34:29] [STDERR]     async with self.session.post(
[2025-10-31 22:34:29] [STDERR]   File "/opt/homebrew/Caskroom/miniconda/base/lib/python3.11/site-packages/aiohttp/client.py", line 1488, in __aenter__
[2025-10-31 22:34:29] [STDERR]     self._resp: _RetType = await self._coro
[2025-10-31 22:34:29] [STDERR]                            ^^^^^^^^^^^^^^^^
[2025-10-31 22:34:29] [STDERR]   File "/opt/homebrew/Caskroom/miniconda/base/lib/python3.11/site-packages/aiohttp/client.py", line 770, in _request
[2025-10-31 22:34:29] [STDERR]     resp = await handler(req)
[2025-10-31 22:34:29] [STDERR]            ^^^^^^^^^^^^^^^^^^
[2025-10-31 22:34:29] [STDERR]   File "/opt/homebrew/Caskroom/miniconda/base/lib/python3.11/site-packages/aiohttp/client.py", line 725, in _connect_and_send_request
[2025-10-31 22:34:29] [STDERR]     conn = await self._connector.connect(
[2025-10-31 22:34:29] [STDERR]            ^^^^^^^^^^^^^^^^^^^^^^^^^^^^^^
[2025-10-31 22:34:29] [STDERR]   File "/opt/homebrew/Caskroom/miniconda/base/lib/python3.11/site-packages/aiohttp/connector.py", line 642, in connect
[2025-10-31 22:34:29] [STDERR]     proto = await self._create_connection(req, traces, timeout)
[2025-10-31 22:34:29] [STDERR]             ^^^^^^^^^^^^^^^^^^^^^^^^^^^^^^^^^^^^^^^^^^^^^^^^^^^
[2025-10-31 22:34:29] [STDERR]   File "/opt/homebrew/Caskroom/miniconda/base/lib/python3.11/site-packages/aiohttp/connector.py", line 1209, in _create_connection
[2025-10-31 22:34:29] [STDERR]     _, proto = await self._create_direct_connection(req, traces, timeout)
[2025-10-31 22:34:29] [STDERR]                ^^^^^^^^^^^^^^^^^^^^^^^^^^^^^^^^^^^^^^^^^^^^^^^^^^^^^^^^^^
[2025-10-31 22:34:29] [STDERR]   File "/opt/homebrew/Caskroom/miniconda/base/lib/python3.11/site-packages/aiohttp/connector.py", line 1581, in _create_direct_connection
[2025-10-31 22:34:29] [STDERR]     raise last_exc
[2025-10-31 22:34:29] [STDERR]   File "/opt/homebrew/Caskroom/miniconda/base/lib/python3.11/site-packages/aiohttp/connector.py", line 1550, in _create_direct_connection
[2025-10-31 22:34:29] [STDERR]     transp, proto = await self._wrap_create_connection(
[2025-10-31 22:34:29] [STDERR]                     ^^^^^^^^^^^^^^^^^^^^^^^^^^^^^^^^^^^
[2025-10-31 22:34:29] [STDERR]   File "/opt/homebrew/Caskroom/miniconda/base/lib/python3.11/site-packages/aiohttp/connector.py", line 1291, in _wrap_create_connection
[2025-10-31 22:34:29] [STDERR]     raise client_error(req.connection_key, exc) from exc
[2025-10-31 22:34:29] [STDERR] aiohttp.client_exceptions.ClientConnectorError: Cannot connect to host localhost:3100 ssl:default [Multiple exceptions: [Errno 61] Connect call failed ('::1', 3100, 0, 0), [Errno 61] Connect call failed ('127.0.0.1', 3100)]
[2025-10-31 22:34:34] [STDERR] 2025-10-31 22:34:34,875 - LokiExporter.loki-exporter - ERROR - Failed to export logs to Loki: Cannot connect to host localhost:3100 ssl:default [Multiple exceptions: [Errno 61] Connect call failed ('127.0.0.1', 3100), [Errno 61] Connect call failed ('::1', 3100, 0, 0)]
[2025-10-31 22:34:34] [STDERR] Traceback (most recent call last):
[2025-10-31 22:34:34] [STDERR]   File "/opt/homebrew/Caskroom/miniconda/base/lib/python3.11/site-packages/aiohttp/connector.py", line 1268, in _wrap_create_connection
[2025-10-31 22:34:34] [STDERR]     sock = await aiohappyeyeballs.start_connection(
[2025-10-31 22:34:34] [STDERR]            ^^^^^^^^^^^^^^^^^^^^^^^^^^^^^^^^^^^^^^^^
[2025-10-31 22:34:34] [STDERR]   File "/opt/homebrew/Caskroom/miniconda/base/lib/python3.11/site-packages/aiohappyeyeballs/impl.py", line 141, in start_connection
[2025-10-31 22:34:34] [STDERR]     raise OSError(first_errno, msg)
[2025-10-31 22:34:34] [STDERR] ConnectionRefusedError: [Errno 61] Multiple exceptions: [Errno 61] Connect call failed ('127.0.0.1', 3100), [Errno 61] Connect call failed ('::1', 3100, 0, 0)
[2025-10-31 22:34:34] [STDERR] 
[2025-10-31 22:34:34] [STDERR] The above exception was the direct cause of the following exception:
[2025-10-31 22:34:34] [STDERR] 
[2025-10-31 22:34:34] [STDERR] Traceback (most recent call last):
[2025-10-31 22:34:34] [STDERR]   File "/Users/leifmarkthaler/github/gleitzeit 0.0.7/src/gleitzeit/workers/loki_exporter_worker.py", line 251, in export_logs_to_loki
[2025-10-31 22:34:34] [STDERR]     async with self.session.post(
[2025-10-31 22:34:34] [STDERR]   File "/opt/homebrew/Caskroom/miniconda/base/lib/python3.11/site-packages/aiohttp/client.py", line 1488, in __aenter__
[2025-10-31 22:34:34] [STDERR]     self._resp: _RetType = await self._coro
[2025-10-31 22:34:34] [STDERR]                            ^^^^^^^^^^^^^^^^
[2025-10-31 22:34:34] [STDERR]   File "/opt/homebrew/Caskroom/miniconda/base/lib/python3.11/site-packages/aiohttp/client.py", line 770, in _request
[2025-10-31 22:34:34] [STDERR]     resp = await handler(req)
[2025-10-31 22:34:34] [STDERR]            ^^^^^^^^^^^^^^^^^^
[2025-10-31 22:34:34] [STDERR]   File "/opt/homebrew/Caskroom/miniconda/base/lib/python3.11/site-packages/aiohttp/client.py", line 725, in _connect_and_send_request
[2025-10-31 22:34:34] [STDERR]     conn = await self._connector.connect(
[2025-10-31 22:34:34] [STDERR]            ^^^^^^^^^^^^^^^^^^^^^^^^^^^^^^
[2025-10-31 22:34:34] [STDERR]   File "/opt/homebrew/Caskroom/miniconda/base/lib/python3.11/site-packages/aiohttp/connector.py", line 642, in connect
[2025-10-31 22:34:34] [STDERR]     proto = await self._create_connection(req, traces, timeout)
[2025-10-31 22:34:34] [STDERR]             ^^^^^^^^^^^^^^^^^^^^^^^^^^^^^^^^^^^^^^^^^^^^^^^^^^^
[2025-10-31 22:34:34] [STDERR]   File "/opt/homebrew/Caskroom/miniconda/base/lib/python3.11/site-packages/aiohttp/connector.py", line 1209, in _create_connection
[2025-10-31 22:34:34] [STDERR]     _, proto = await self._create_direct_connection(req, traces, timeout)
[2025-10-31 22:34:34] [STDERR]                ^^^^^^^^^^^^^^^^^^^^^^^^^^^^^^^^^^^^^^^^^^^^^^^^^^^^^^^^^^
[2025-10-31 22:34:34] [STDERR]   File "/opt/homebrew/Caskroom/miniconda/base/lib/python3.11/site-packages/aiohttp/connector.py", line 1581, in _create_direct_connection
[2025-10-31 22:34:34] [STDERR]     raise last_exc
[2025-10-31 22:34:34] [STDERR]   File "/opt/homebrew/Caskroom/miniconda/base/lib/python3.11/site-packages/aiohttp/connector.py", line 1550, in _create_direct_connection
[2025-10-31 22:34:34] [STDERR]     transp, proto = await self._wrap_create_connection(
[2025-10-31 22:34:34] [STDERR]                     ^^^^^^^^^^^^^^^^^^^^^^^^^^^^^^^^^^^
[2025-10-31 22:34:34] [STDERR]   File "/opt/homebrew/Caskroom/miniconda/base/lib/python3.11/site-packages/aiohttp/connector.py", line 1291, in _wrap_create_connection
[2025-10-31 22:34:34] [STDERR]     raise client_error(req.connection_key, exc) from exc
[2025-10-31 22:34:34] [STDERR] aiohttp.client_exceptions.ClientConnectorError: Cannot connect to host localhost:3100 ssl:default [Multiple exceptions: [Errno 61] Connect call failed ('127.0.0.1', 3100), [Errno 61] Connect call failed ('::1', 3100, 0, 0)]
[2025-10-31 22:34:39] [STDERR] 2025-10-31 22:34:39,911 - LokiExporter.loki-exporter - ERROR - Failed to export logs to Loki: Cannot connect to host localhost:3100 ssl:default [Multiple exceptions: [Errno 61] Connect call failed ('::1', 3100, 0, 0), [Errno 61] Connect call failed ('127.0.0.1', 3100)]
[2025-10-31 22:34:39] [STDERR] Traceback (most recent call last):
[2025-10-31 22:34:39] [STDERR]   File "/opt/homebrew/Caskroom/miniconda/base/lib/python3.11/site-packages/aiohttp/connector.py", line 1268, in _wrap_create_connection
[2025-10-31 22:34:39] [STDERR]     sock = await aiohappyeyeballs.start_connection(
[2025-10-31 22:34:39] [STDERR]            ^^^^^^^^^^^^^^^^^^^^^^^^^^^^^^^^^^^^^^^^
[2025-10-31 22:34:39] [STDERR]   File "/opt/homebrew/Caskroom/miniconda/base/lib/python3.11/site-packages/aiohappyeyeballs/impl.py", line 141, in start_connection
[2025-10-31 22:34:39] [STDERR]     raise OSError(first_errno, msg)
[2025-10-31 22:34:39] [STDERR] ConnectionRefusedError: [Errno 61] Multiple exceptions: [Errno 61] Connect call failed ('::1', 3100, 0, 0), [Errno 61] Connect call failed ('127.0.0.1', 3100)
[2025-10-31 22:34:39] [STDERR] 
[2025-10-31 22:34:39] [STDERR] The above exception was the direct cause of the following exception:
[2025-10-31 22:34:39] [STDERR] 
[2025-10-31 22:34:39] [STDERR] Traceback (most recent call last):
[2025-10-31 22:34:39] [STDERR]   File "/Users/leifmarkthaler/github/gleitzeit 0.0.7/src/gleitzeit/workers/loki_exporter_worker.py", line 251, in export_logs_to_loki
[2025-10-31 22:34:39] [STDERR]     async with self.session.post(
[2025-10-31 22:34:39] [STDERR]   File "/opt/homebrew/Caskroom/miniconda/base/lib/python3.11/site-packages/aiohttp/client.py", line 1488, in __aenter__
[2025-10-31 22:34:39] [STDERR]     self._resp: _RetType = await self._coro
[2025-10-31 22:34:39] [STDERR]                            ^^^^^^^^^^^^^^^^
[2025-10-31 22:34:39] [STDERR]   File "/opt/homebrew/Caskroom/miniconda/base/lib/python3.11/site-packages/aiohttp/client.py", line 770, in _request
[2025-10-31 22:34:39] [STDERR]     resp = await handler(req)
[2025-10-31 22:34:39] [STDERR]            ^^^^^^^^^^^^^^^^^^
[2025-10-31 22:34:39] [STDERR]   File "/opt/homebrew/Caskroom/miniconda/base/lib/python3.11/site-packages/aiohttp/client.py", line 725, in _connect_and_send_request
[2025-10-31 22:34:39] [STDERR]     conn = await self._connector.connect(
[2025-10-31 22:34:39] [STDERR]            ^^^^^^^^^^^^^^^^^^^^^^^^^^^^^^
[2025-10-31 22:34:39] [STDERR]   File "/opt/homebrew/Caskroom/miniconda/base/lib/python3.11/site-packages/aiohttp/connector.py", line 642, in connect
[2025-10-31 22:34:39] [STDERR]     proto = await self._create_connection(req, traces, timeout)
[2025-10-31 22:34:39] [STDERR]             ^^^^^^^^^^^^^^^^^^^^^^^^^^^^^^^^^^^^^^^^^^^^^^^^^^^
[2025-10-31 22:34:39] [STDERR]   File "/opt/homebrew/Caskroom/miniconda/base/lib/python3.11/site-packages/aiohttp/connector.py", line 1209, in _create_connection
[2025-10-31 22:34:39] [STDERR]     _, proto = await self._create_direct_connection(req, traces, timeout)
[2025-10-31 22:34:39] [STDERR]                ^^^^^^^^^^^^^^^^^^^^^^^^^^^^^^^^^^^^^^^^^^^^^^^^^^^^^^^^^^
[2025-10-31 22:34:39] [STDERR]   File "/opt/homebrew/Caskroom/miniconda/base/lib/python3.11/site-packages/aiohttp/connector.py", line 1581, in _create_direct_connection
[2025-10-31 22:34:39] [STDERR]     raise last_exc
[2025-10-31 22:34:39] [STDERR]   File "/opt/homebrew/Caskroom/miniconda/base/lib/python3.11/site-packages/aiohttp/connector.py", line 1550, in _create_direct_connection
[2025-10-31 22:34:39] [STDERR]     transp, proto = await self._wrap_create_connection(
[2025-10-31 22:34:39] [STDERR]                     ^^^^^^^^^^^^^^^^^^^^^^^^^^^^^^^^^^^
[2025-10-31 22:34:39] [STDERR]   File "/opt/homebrew/Caskroom/miniconda/base/lib/python3.11/site-packages/aiohttp/connector.py", line 1291, in _wrap_create_connection
[2025-10-31 22:34:39] [STDERR]     raise client_error(req.connection_key, exc) from exc
[2025-10-31 22:34:39] [STDERR] aiohttp.client_exceptions.ClientConnectorError: Cannot connect to host localhost:3100 ssl:default [Multiple exceptions: [Errno 61] Connect call failed ('::1', 3100, 0, 0), [Errno 61] Connect call failed ('127.0.0.1', 3100)]
[2025-10-31 22:34:44] [STDERR] 2025-10-31 22:34:44,947 - LokiExporter.loki-exporter - ERROR - Failed to export logs to Loki: Cannot connect to host localhost:3100 ssl:default [Multiple exceptions: [Errno 61] Connect call failed ('127.0.0.1', 3100), [Errno 61] Connect call failed ('::1', 3100, 0, 0)]
[2025-10-31 22:34:44] [STDERR] Traceback (most recent call last):
[2025-10-31 22:34:44] [STDERR]   File "/opt/homebrew/Caskroom/miniconda/base/lib/python3.11/site-packages/aiohttp/connector.py", line 1268, in _wrap_create_connection
[2025-10-31 22:34:44] [STDERR]     sock = await aiohappyeyeballs.start_connection(
[2025-10-31 22:34:44] [STDERR]            ^^^^^^^^^^^^^^^^^^^^^^^^^^^^^^^^^^^^^^^^
[2025-10-31 22:34:44] [STDERR]   File "/opt/homebrew/Caskroom/miniconda/base/lib/python3.11/site-packages/aiohappyeyeballs/impl.py", line 141, in start_connection
[2025-10-31 22:34:44] [STDERR]     raise OSError(first_errno, msg)
[2025-10-31 22:34:44] [STDERR] ConnectionRefusedError: [Errno 61] Multiple exceptions: [Errno 61] Connect call failed ('127.0.0.1', 3100), [Errno 61] Connect call failed ('::1', 3100, 0, 0)
[2025-10-31 22:34:44] [STDERR] 
[2025-10-31 22:34:44] [STDERR] The above exception was the direct cause of the following exception:
[2025-10-31 22:34:44] [STDERR] 
[2025-10-31 22:34:44] [STDERR] Traceback (most recent call last):
[2025-10-31 22:34:44] [STDERR]   File "/Users/leifmarkthaler/github/gleitzeit 0.0.7/src/gleitzeit/workers/loki_exporter_worker.py", line 251, in export_logs_to_loki
[2025-10-31 22:34:44] [STDERR]     async with self.session.post(
[2025-10-31 22:34:44] [STDERR]   File "/opt/homebrew/Caskroom/miniconda/base/lib/python3.11/site-packages/aiohttp/client.py", line 1488, in __aenter__
[2025-10-31 22:34:44] [STDERR]     self._resp: _RetType = await self._coro
[2025-10-31 22:34:44] [STDERR]                            ^^^^^^^^^^^^^^^^
[2025-10-31 22:34:44] [STDERR]   File "/opt/homebrew/Caskroom/miniconda/base/lib/python3.11/site-packages/aiohttp/client.py", line 770, in _request
[2025-10-31 22:34:44] [STDERR]     resp = await handler(req)
[2025-10-31 22:34:44] [STDERR]            ^^^^^^^^^^^^^^^^^^
[2025-10-31 22:34:44] [STDERR]   File "/opt/homebrew/Caskroom/miniconda/base/lib/python3.11/site-packages/aiohttp/client.py", line 725, in _connect_and_send_request
[2025-10-31 22:34:44] [STDERR]     conn = await self._connector.connect(
[2025-10-31 22:34:44] [STDERR]            ^^^^^^^^^^^^^^^^^^^^^^^^^^^^^^
[2025-10-31 22:34:44] [STDERR]   File "/opt/homebrew/Caskroom/miniconda/base/lib/python3.11/site-packages/aiohttp/connector.py", line 642, in connect
[2025-10-31 22:34:44] [STDERR]     proto = await self._create_connection(req, traces, timeout)
[2025-10-31 22:34:44] [STDERR]             ^^^^^^^^^^^^^^^^^^^^^^^^^^^^^^^^^^^^^^^^^^^^^^^^^^^
[2025-10-31 22:34:44] [STDERR]   File "/opt/homebrew/Caskroom/miniconda/base/lib/python3.11/site-packages/aiohttp/connector.py", line 1209, in _create_connection
[2025-10-31 22:34:44] [STDERR]     _, proto = await self._create_direct_connection(req, traces, timeout)
[2025-10-31 22:34:44] [STDERR]                ^^^^^^^^^^^^^^^^^^^^^^^^^^^^^^^^^^^^^^^^^^^^^^^^^^^^^^^^^^
[2025-10-31 22:34:44] [STDERR]   File "/opt/homebrew/Caskroom/miniconda/base/lib/python3.11/site-packages/aiohttp/connector.py", line 1581, in _create_direct_connection
[2025-10-31 22:34:44] [STDERR]     raise last_exc
[2025-10-31 22:34:44] [STDERR]   File "/opt/homebrew/Caskroom/miniconda/base/lib/python3.11/site-packages/aiohttp/connector.py", line 1550, in _create_direct_connection
[2025-10-31 22:34:44] [STDERR]     transp, proto = await self._wrap_create_connection(
[2025-10-31 22:34:44] [STDERR]                     ^^^^^^^^^^^^^^^^^^^^^^^^^^^^^^^^^^^
[2025-10-31 22:34:44] [STDERR]   File "/opt/homebrew/Caskroom/miniconda/base/lib/python3.11/site-packages/aiohttp/connector.py", line 1291, in _wrap_create_connection
[2025-10-31 22:34:44] [STDERR]     raise client_error(req.connection_key, exc) from exc
[2025-10-31 22:34:44] [STDERR] aiohttp.client_exceptions.ClientConnectorError: Cannot connect to host localhost:3100 ssl:default [Multiple exceptions: [Errno 61] Connect call failed ('127.0.0.1', 3100), [Errno 61] Connect call failed ('::1', 3100, 0, 0)]
[2025-10-31 22:34:49] [STDERR] 2025-10-31 22:34:49,976 - LokiExporter.loki-exporter - ERROR - Failed to export logs to Loki: Cannot connect to host localhost:3100 ssl:default [Multiple exceptions: [Errno 61] Connect call failed ('::1', 3100, 0, 0), [Errno 61] Connect call failed ('127.0.0.1', 3100)]
[2025-10-31 22:34:49] [STDERR] Traceback (most recent call last):
[2025-10-31 22:34:49] [STDERR]   File "/opt/homebrew/Caskroom/miniconda/base/lib/python3.11/site-packages/aiohttp/connector.py", line 1268, in _wrap_create_connection
[2025-10-31 22:34:49] [STDERR]     sock = await aiohappyeyeballs.start_connection(
[2025-10-31 22:34:49] [STDERR]            ^^^^^^^^^^^^^^^^^^^^^^^^^^^^^^^^^^^^^^^^
[2025-10-31 22:34:49] [STDERR]   File "/opt/homebrew/Caskroom/miniconda/base/lib/python3.11/site-packages/aiohappyeyeballs/impl.py", line 141, in start_connection
[2025-10-31 22:34:49] [STDERR]     raise OSError(first_errno, msg)
[2025-10-31 22:34:49] [STDERR] ConnectionRefusedError: [Errno 61] Multiple exceptions: [Errno 61] Connect call failed ('::1', 3100, 0, 0), [Errno 61] Connect call failed ('127.0.0.1', 3100)
[2025-10-31 22:34:49] [STDERR] 
[2025-10-31 22:34:49] [STDERR] The above exception was the direct cause of the following exception:
[2025-10-31 22:34:49] [STDERR] 
[2025-10-31 22:34:49] [STDERR] Traceback (most recent call last):
[2025-10-31 22:34:49] [STDERR]   File "/Users/leifmarkthaler/github/gleitzeit 0.0.7/src/gleitzeit/workers/loki_exporter_worker.py", line 251, in export_logs_to_loki
[2025-10-31 22:34:49] [STDERR]     async with self.session.post(
[2025-10-31 22:34:49] [STDERR]   File "/opt/homebrew/Caskroom/miniconda/base/lib/python3.11/site-packages/aiohttp/client.py", line 1488, in __aenter__
[2025-10-31 22:34:49] [STDERR]     self._resp: _RetType = await self._coro
[2025-10-31 22:34:49] [STDERR]                            ^^^^^^^^^^^^^^^^
[2025-10-31 22:34:49] [STDERR]   File "/opt/homebrew/Caskroom/miniconda/base/lib/python3.11/site-packages/aiohttp/client.py", line 770, in _request
[2025-10-31 22:34:49] [STDERR]     resp = await handler(req)
[2025-10-31 22:34:49] [STDERR]            ^^^^^^^^^^^^^^^^^^
[2025-10-31 22:34:49] [STDERR]   File "/opt/homebrew/Caskroom/miniconda/base/lib/python3.11/site-packages/aiohttp/client.py", line 725, in _connect_and_send_request
[2025-10-31 22:34:49] [STDERR]     conn = await self._connector.connect(
[2025-10-31 22:34:49] [STDERR]            ^^^^^^^^^^^^^^^^^^^^^^^^^^^^^^
[2025-10-31 22:34:49] [STDERR]   File "/opt/homebrew/Caskroom/miniconda/base/lib/python3.11/site-packages/aiohttp/connector.py", line 642, in connect
[2025-10-31 22:34:49] [STDERR]     proto = await self._create_connection(req, traces, timeout)
[2025-10-31 22:34:49] [STDERR]             ^^^^^^^^^^^^^^^^^^^^^^^^^^^^^^^^^^^^^^^^^^^^^^^^^^^
[2025-10-31 22:34:49] [STDERR]   File "/opt/homebrew/Caskroom/miniconda/base/lib/python3.11/site-packages/aiohttp/connector.py", line 1209, in _create_connection
[2025-10-31 22:34:49] [STDERR]     _, proto = await self._create_direct_connection(req, traces, timeout)
[2025-10-31 22:34:49] [STDERR]                ^^^^^^^^^^^^^^^^^^^^^^^^^^^^^^^^^^^^^^^^^^^^^^^^^^^^^^^^^^
[2025-10-31 22:34:49] [STDERR]   File "/opt/homebrew/Caskroom/miniconda/base/lib/python3.11/site-packages/aiohttp/connector.py", line 1581, in _create_direct_connection
[2025-10-31 22:34:49] [STDERR]     raise last_exc
[2025-10-31 22:34:49] [STDERR]   File "/opt/homebrew/Caskroom/miniconda/base/lib/python3.11/site-packages/aiohttp/connector.py", line 1550, in _create_direct_connection
[2025-10-31 22:34:49] [STDERR]     transp, proto = await self._wrap_create_connection(
[2025-10-31 22:34:49] [STDERR]                     ^^^^^^^^^^^^^^^^^^^^^^^^^^^^^^^^^^^
[2025-10-31 22:34:49] [STDERR]   File "/opt/homebrew/Caskroom/miniconda/base/lib/python3.11/site-packages/aiohttp/connector.py", line 1291, in _wrap_create_connection
[2025-10-31 22:34:49] [STDERR]     raise client_error(req.connection_key, exc) from exc
[2025-10-31 22:34:49] [STDERR] aiohttp.client_exceptions.ClientConnectorError: Cannot connect to host localhost:3100 ssl:default [Multiple exceptions: [Errno 61] Connect call failed ('::1', 3100, 0, 0), [Errno 61] Connect call failed ('127.0.0.1', 3100)]
[2025-10-31 22:34:55] [STDERR] 2025-10-31 22:34:55,016 - LokiExporter.loki-exporter - ERROR - Failed to export logs to Loki: Cannot connect to host localhost:3100 ssl:default [Multiple exceptions: [Errno 61] Connect call failed ('127.0.0.1', 3100), [Errno 61] Connect call failed ('::1', 3100, 0, 0)]
[2025-10-31 22:34:55] [STDERR] Traceback (most recent call last):
[2025-10-31 22:34:55] [STDERR]   File "/opt/homebrew/Caskroom/miniconda/base/lib/python3.11/site-packages/aiohttp/connector.py", line 1268, in _wrap_create_connection
[2025-10-31 22:34:55] [STDERR]     sock = await aiohappyeyeballs.start_connection(
[2025-10-31 22:34:55] [STDERR]            ^^^^^^^^^^^^^^^^^^^^^^^^^^^^^^^^^^^^^^^^
[2025-10-31 22:34:55] [STDERR]   File "/opt/homebrew/Caskroom/miniconda/base/lib/python3.11/site-packages/aiohappyeyeballs/impl.py", line 141, in start_connection
[2025-10-31 22:34:55] [STDERR]     raise OSError(first_errno, msg)
[2025-10-31 22:34:55] [STDERR] ConnectionRefusedError: [Errno 61] Multiple exceptions: [Errno 61] Connect call failed ('127.0.0.1', 3100), [Errno 61] Connect call failed ('::1', 3100, 0, 0)
[2025-10-31 22:34:55] [STDERR] 
[2025-10-31 22:34:55] [STDERR] The above exception was the direct cause of the following exception:
[2025-10-31 22:34:55] [STDERR] 
[2025-10-31 22:34:55] [STDERR] Traceback (most recent call last):
[2025-10-31 22:34:55] [STDERR]   File "/Users/leifmarkthaler/github/gleitzeit 0.0.7/src/gleitzeit/workers/loki_exporter_worker.py", line 251, in export_logs_to_loki
[2025-10-31 22:34:55] [STDERR]     async with self.session.post(
[2025-10-31 22:34:55] [STDERR]   File "/opt/homebrew/Caskroom/miniconda/base/lib/python3.11/site-packages/aiohttp/client.py", line 1488, in __aenter__
[2025-10-31 22:34:55] [STDERR]     self._resp: _RetType = await self._coro
[2025-10-31 22:34:55] [STDERR]                            ^^^^^^^^^^^^^^^^
[2025-10-31 22:34:55] [STDERR]   File "/opt/homebrew/Caskroom/miniconda/base/lib/python3.11/site-packages/aiohttp/client.py", line 770, in _request
[2025-10-31 22:34:55] [STDERR]     resp = await handler(req)
[2025-10-31 22:34:55] [STDERR]            ^^^^^^^^^^^^^^^^^^
[2025-10-31 22:34:55] [STDERR]   File "/opt/homebrew/Caskroom/miniconda/base/lib/python3.11/site-packages/aiohttp/client.py", line 725, in _connect_and_send_request
[2025-10-31 22:34:55] [STDERR]     conn = await self._connector.connect(
[2025-10-31 22:34:55] [STDERR]            ^^^^^^^^^^^^^^^^^^^^^^^^^^^^^^
[2025-10-31 22:34:55] [STDERR]   File "/opt/homebrew/Caskroom/miniconda/base/lib/python3.11/site-packages/aiohttp/connector.py", line 642, in connect
[2025-10-31 22:34:55] [STDERR]     proto = await self._create_connection(req, traces, timeout)
[2025-10-31 22:34:55] [STDERR]             ^^^^^^^^^^^^^^^^^^^^^^^^^^^^^^^^^^^^^^^^^^^^^^^^^^^
[2025-10-31 22:34:55] [STDERR]   File "/opt/homebrew/Caskroom/miniconda/base/lib/python3.11/site-packages/aiohttp/connector.py", line 1209, in _create_connection
[2025-10-31 22:34:55] [STDERR]     _, proto = await self._create_direct_connection(req, traces, timeout)
[2025-10-31 22:34:55] [STDERR]                ^^^^^^^^^^^^^^^^^^^^^^^^^^^^^^^^^^^^^^^^^^^^^^^^^^^^^^^^^^
[2025-10-31 22:34:55] [STDERR]   File "/opt/homebrew/Caskroom/miniconda/base/lib/python3.11/site-packages/aiohttp/connector.py", line 1581, in _create_direct_connection
[2025-10-31 22:34:55] [STDERR]     raise last_exc
[2025-10-31 22:34:55] [STDERR]   File "/opt/homebrew/Caskroom/miniconda/base/lib/python3.11/site-packages/aiohttp/connector.py", line 1550, in _create_direct_connection
[2025-10-31 22:34:55] [STDERR]     transp, proto = await self._wrap_create_connection(
[2025-10-31 22:34:55] [STDERR]                     ^^^^^^^^^^^^^^^^^^^^^^^^^^^^^^^^^^^
[2025-10-31 22:34:55] [STDERR]   File "/opt/homebrew/Caskroom/miniconda/base/lib/python3.11/site-packages/aiohttp/connector.py", line 1291, in _wrap_create_connection
[2025-10-31 22:34:55] [STDERR]     raise client_error(req.connection_key, exc) from exc
[2025-10-31 22:34:55] [STDERR] aiohttp.client_exceptions.ClientConnectorError: Cannot connect to host localhost:3100 ssl:default [Multiple exceptions: [Errno 61] Connect call failed ('127.0.0.1', 3100), [Errno 61] Connect call failed ('::1', 3100, 0, 0)]
[2025-10-31 22:35:00] [STDERR] 2025-10-31 22:35:00,058 - LokiExporter.loki-exporter - ERROR - Failed to export logs to Loki: Cannot connect to host localhost:3100 ssl:default [Multiple exceptions: [Errno 61] Connect call failed ('::1', 3100, 0, 0), [Errno 61] Connect call failed ('127.0.0.1', 3100)]
[2025-10-31 22:35:00] [STDERR] Traceback (most recent call last):
[2025-10-31 22:35:00] [STDERR]   File "/opt/homebrew/Caskroom/miniconda/base/lib/python3.11/site-packages/aiohttp/connector.py", line 1268, in _wrap_create_connection
[2025-10-31 22:35:00] [STDERR]     sock = await aiohappyeyeballs.start_connection(
[2025-10-31 22:35:00] [STDERR]            ^^^^^^^^^^^^^^^^^^^^^^^^^^^^^^^^^^^^^^^^
[2025-10-31 22:35:00] [STDERR]   File "/opt/homebrew/Caskroom/miniconda/base/lib/python3.11/site-packages/aiohappyeyeballs/impl.py", line 141, in start_connection
[2025-10-31 22:35:00] [STDERR]     raise OSError(first_errno, msg)
[2025-10-31 22:35:00] [STDERR] ConnectionRefusedError: [Errno 61] Multiple exceptions: [Errno 61] Connect call failed ('::1', 3100, 0, 0), [Errno 61] Connect call failed ('127.0.0.1', 3100)
[2025-10-31 22:35:00] [STDERR] 
[2025-10-31 22:35:00] [STDERR] The above exception was the direct cause of the following exception:
[2025-10-31 22:35:00] [STDERR] 
[2025-10-31 22:35:00] [STDERR] Traceback (most recent call last):
[2025-10-31 22:35:00] [STDERR]   File "/Users/leifmarkthaler/github/gleitzeit 0.0.7/src/gleitzeit/workers/loki_exporter_worker.py", line 251, in export_logs_to_loki
[2025-10-31 22:35:00] [STDERR]     async with self.session.post(
[2025-10-31 22:35:00] [STDERR]   File "/opt/homebrew/Caskroom/miniconda/base/lib/python3.11/site-packages/aiohttp/client.py", line 1488, in __aenter__
[2025-10-31 22:35:00] [STDERR]     self._resp: _RetType = await self._coro
[2025-10-31 22:35:00] [STDERR]                            ^^^^^^^^^^^^^^^^
[2025-10-31 22:35:00] [STDERR]   File "/opt/homebrew/Caskroom/miniconda/base/lib/python3.11/site-packages/aiohttp/client.py", line 770, in _request
[2025-10-31 22:35:00] [STDERR]     resp = await handler(req)
[2025-10-31 22:35:00] [STDERR]            ^^^^^^^^^^^^^^^^^^
[2025-10-31 22:35:00] [STDERR]   File "/opt/homebrew/Caskroom/miniconda/base/lib/python3.11/site-packages/aiohttp/client.py", line 725, in _connect_and_send_request
[2025-10-31 22:35:00] [STDERR]     conn = await self._connector.connect(
[2025-10-31 22:35:00] [STDERR]            ^^^^^^^^^^^^^^^^^^^^^^^^^^^^^^
[2025-10-31 22:35:00] [STDERR]   File "/opt/homebrew/Caskroom/miniconda/base/lib/python3.11/site-packages/aiohttp/connector.py", line 642, in connect
[2025-10-31 22:35:00] [STDERR]     proto = await self._create_connection(req, traces, timeout)
[2025-10-31 22:35:00] [STDERR]             ^^^^^^^^^^^^^^^^^^^^^^^^^^^^^^^^^^^^^^^^^^^^^^^^^^^
[2025-10-31 22:35:00] [STDERR]   File "/opt/homebrew/Caskroom/miniconda/base/lib/python3.11/site-packages/aiohttp/connector.py", line 1209, in _create_connection
[2025-10-31 22:35:00] [STDERR]     _, proto = await self._create_direct_connection(req, traces, timeout)
[2025-10-31 22:35:00] [STDERR]                ^^^^^^^^^^^^^^^^^^^^^^^^^^^^^^^^^^^^^^^^^^^^^^^^^^^^^^^^^^
[2025-10-31 22:35:00] [STDERR]   File "/opt/homebrew/Caskroom/miniconda/base/lib/python3.11/site-packages/aiohttp/connector.py", line 1581, in _create_direct_connection
[2025-10-31 22:35:00] [STDERR]     raise last_exc
[2025-10-31 22:35:00] [STDERR]   File "/opt/homebrew/Caskroom/miniconda/base/lib/python3.11/site-packages/aiohttp/connector.py", line 1550, in _create_direct_connection
[2025-10-31 22:35:00] [STDERR]     transp, proto = await self._wrap_create_connection(
[2025-10-31 22:35:00] [STDERR]                     ^^^^^^^^^^^^^^^^^^^^^^^^^^^^^^^^^^^
[2025-10-31 22:35:00] [STDERR]   File "/opt/homebrew/Caskroom/miniconda/base/lib/python3.11/site-packages/aiohttp/connector.py", line 1291, in _wrap_create_connection
[2025-10-31 22:35:00] [STDERR]     raise client_error(req.connection_key, exc) from exc
[2025-10-31 22:35:00] [STDERR] aiohttp.client_exceptions.ClientConnectorError: Cannot connect to host localhost:3100 ssl:default [Multiple exceptions: [Errno 61] Connect call failed ('::1', 3100, 0, 0), [Errno 61] Connect call failed ('127.0.0.1', 3100)]
[2025-10-31 22:35:05] [STDERR] 2025-10-31 22:35:05,098 - LokiExporter.loki-exporter - ERROR - Failed to export logs to Loki: Cannot connect to host localhost:3100 ssl:default [Multiple exceptions: [Errno 61] Connect call failed ('127.0.0.1', 3100), [Errno 61] Connect call failed ('::1', 3100, 0, 0)]
[2025-10-31 22:35:05] [STDERR] Traceback (most recent call last):
[2025-10-31 22:35:05] [STDERR]   File "/opt/homebrew/Caskroom/miniconda/base/lib/python3.11/site-packages/aiohttp/connector.py", line 1268, in _wrap_create_connection
[2025-10-31 22:35:05] [STDERR]     sock = await aiohappyeyeballs.start_connection(
[2025-10-31 22:35:05] [STDERR]            ^^^^^^^^^^^^^^^^^^^^^^^^^^^^^^^^^^^^^^^^
[2025-10-31 22:35:05] [STDERR]   File "/opt/homebrew/Caskroom/miniconda/base/lib/python3.11/site-packages/aiohappyeyeballs/impl.py", line 141, in start_connection
[2025-10-31 22:35:05] [STDERR]     raise OSError(first_errno, msg)
[2025-10-31 22:35:05] [STDERR] ConnectionRefusedError: [Errno 61] Multiple exceptions: [Errno 61] Connect call failed ('127.0.0.1', 3100), [Errno 61] Connect call failed ('::1', 3100, 0, 0)
[2025-10-31 22:35:05] [STDERR] 
[2025-10-31 22:35:05] [STDERR] The above exception was the direct cause of the following exception:
[2025-10-31 22:35:05] [STDERR] 
[2025-10-31 22:35:05] [STDERR] Traceback (most recent call last):
[2025-10-31 22:35:05] [STDERR]   File "/Users/leifmarkthaler/github/gleitzeit 0.0.7/src/gleitzeit/workers/loki_exporter_worker.py", line 251, in export_logs_to_loki
[2025-10-31 22:35:05] [STDERR]     async with self.session.post(
[2025-10-31 22:35:05] [STDERR]   File "/opt/homebrew/Caskroom/miniconda/base/lib/python3.11/site-packages/aiohttp/client.py", line 1488, in __aenter__
[2025-10-31 22:35:05] [STDERR]     self._resp: _RetType = await self._coro
[2025-10-31 22:35:05] [STDERR]                            ^^^^^^^^^^^^^^^^
[2025-10-31 22:35:05] [STDERR]   File "/opt/homebrew/Caskroom/miniconda/base/lib/python3.11/site-packages/aiohttp/client.py", line 770, in _request
[2025-10-31 22:35:05] [STDERR]     resp = await handler(req)
[2025-10-31 22:35:05] [STDERR]            ^^^^^^^^^^^^^^^^^^
[2025-10-31 22:35:05] [STDERR]   File "/opt/homebrew/Caskroom/miniconda/base/lib/python3.11/site-packages/aiohttp/client.py", line 725, in _connect_and_send_request
[2025-10-31 22:35:05] [STDERR]     conn = await self._connector.connect(
[2025-10-31 22:35:05] [STDERR]            ^^^^^^^^^^^^^^^^^^^^^^^^^^^^^^
[2025-10-31 22:35:05] [STDERR]   File "/opt/homebrew/Caskroom/miniconda/base/lib/python3.11/site-packages/aiohttp/connector.py", line 642, in connect
[2025-10-31 22:35:05] [STDERR]     proto = await self._create_connection(req, traces, timeout)
[2025-10-31 22:35:05] [STDERR]             ^^^^^^^^^^^^^^^^^^^^^^^^^^^^^^^^^^^^^^^^^^^^^^^^^^^
[2025-10-31 22:35:05] [STDERR]   File "/opt/homebrew/Caskroom/miniconda/base/lib/python3.11/site-packages/aiohttp/connector.py", line 1209, in _create_connection
[2025-10-31 22:35:05] [STDERR]     _, proto = await self._create_direct_connection(req, traces, timeout)
[2025-10-31 22:35:05] [STDERR]                ^^^^^^^^^^^^^^^^^^^^^^^^^^^^^^^^^^^^^^^^^^^^^^^^^^^^^^^^^^
[2025-10-31 22:35:05] [STDERR]   File "/opt/homebrew/Caskroom/miniconda/base/lib/python3.11/site-packages/aiohttp/connector.py", line 1581, in _create_direct_connection
[2025-10-31 22:35:05] [STDERR]     raise last_exc
[2025-10-31 22:35:05] [STDERR]   File "/opt/homebrew/Caskroom/miniconda/base/lib/python3.11/site-packages/aiohttp/connector.py", line 1550, in _create_direct_connection
[2025-10-31 22:35:05] [STDERR]     transp, proto = await self._wrap_create_connection(
[2025-10-31 22:35:05] [STDERR]                     ^^^^^^^^^^^^^^^^^^^^^^^^^^^^^^^^^^^
[2025-10-31 22:35:05] [STDERR]   File "/opt/homebrew/Caskroom/miniconda/base/lib/python3.11/site-packages/aiohttp/connector.py", line 1291, in _wrap_create_connection
[2025-10-31 22:35:05] [STDERR]     raise client_error(req.connection_key, exc) from exc
[2025-10-31 22:35:05] [STDERR] aiohttp.client_exceptions.ClientConnectorError: Cannot connect to host localhost:3100 ssl:default [Multiple exceptions: [Errno 61] Connect call failed ('127.0.0.1', 3100), [Errno 61] Connect call failed ('::1', 3100, 0, 0)]
[2025-10-31 22:35:10] [STDERR] 2025-10-31 22:35:10,139 - LokiExporter.loki-exporter - ERROR - Failed to export logs to Loki: Cannot connect to host localhost:3100 ssl:default [Multiple exceptions: [Errno 61] Connect call failed ('::1', 3100, 0, 0), [Errno 61] Connect call failed ('127.0.0.1', 3100)]
[2025-10-31 22:35:10] [STDERR] Traceback (most recent call last):
[2025-10-31 22:35:10] [STDERR]   File "/opt/homebrew/Caskroom/miniconda/base/lib/python3.11/site-packages/aiohttp/connector.py", line 1268, in _wrap_create_connection
[2025-10-31 22:35:10] [STDERR]     sock = await aiohappyeyeballs.start_connection(
[2025-10-31 22:35:10] [STDERR]            ^^^^^^^^^^^^^^^^^^^^^^^^^^^^^^^^^^^^^^^^
[2025-10-31 22:35:10] [STDERR]   File "/opt/homebrew/Caskroom/miniconda/base/lib/python3.11/site-packages/aiohappyeyeballs/impl.py", line 141, in start_connection
[2025-10-31 22:35:10] [STDERR]     raise OSError(first_errno, msg)
[2025-10-31 22:35:10] [STDERR] ConnectionRefusedError: [Errno 61] Multiple exceptions: [Errno 61] Connect call failed ('::1', 3100, 0, 0), [Errno 61] Connect call failed ('127.0.0.1', 3100)
[2025-10-31 22:35:10] [STDERR] 
[2025-10-31 22:35:10] [STDERR] The above exception was the direct cause of the following exception:
[2025-10-31 22:35:10] [STDERR] 
[2025-10-31 22:35:10] [STDERR] Traceback (most recent call last):
[2025-10-31 22:35:10] [STDERR]   File "/Users/leifmarkthaler/github/gleitzeit 0.0.7/src/gleitzeit/workers/loki_exporter_worker.py", line 251, in export_logs_to_loki
[2025-10-31 22:35:10] [STDERR]     async with self.session.post(
[2025-10-31 22:35:10] [STDERR]   File "/opt/homebrew/Caskroom/miniconda/base/lib/python3.11/site-packages/aiohttp/client.py", line 1488, in __aenter__
[2025-10-31 22:35:10] [STDERR]     self._resp: _RetType = await self._coro
[2025-10-31 22:35:10] [STDERR]                            ^^^^^^^^^^^^^^^^
[2025-10-31 22:35:10] [STDERR]   File "/opt/homebrew/Caskroom/miniconda/base/lib/python3.11/site-packages/aiohttp/client.py", line 770, in _request
[2025-10-31 22:35:10] [STDERR]     resp = await handler(req)
[2025-10-31 22:35:10] [STDERR]            ^^^^^^^^^^^^^^^^^^
[2025-10-31 22:35:10] [STDERR]   File "/opt/homebrew/Caskroom/miniconda/base/lib/python3.11/site-packages/aiohttp/client.py", line 725, in _connect_and_send_request
[2025-10-31 22:35:10] [STDERR]     conn = await self._connector.connect(
[2025-10-31 22:35:10] [STDERR]            ^^^^^^^^^^^^^^^^^^^^^^^^^^^^^^
[2025-10-31 22:35:10] [STDERR]   File "/opt/homebrew/Caskroom/miniconda/base/lib/python3.11/site-packages/aiohttp/connector.py", line 642, in connect
[2025-10-31 22:35:10] [STDERR]     proto = await self._create_connection(req, traces, timeout)
[2025-10-31 22:35:10] [STDERR]             ^^^^^^^^^^^^^^^^^^^^^^^^^^^^^^^^^^^^^^^^^^^^^^^^^^^
[2025-10-31 22:35:10] [STDERR]   File "/opt/homebrew/Caskroom/miniconda/base/lib/python3.11/site-packages/aiohttp/connector.py", line 1209, in _create_connection
[2025-10-31 22:35:10] [STDERR]     _, proto = await self._create_direct_connection(req, traces, timeout)
[2025-10-31 22:35:10] [STDERR]                ^^^^^^^^^^^^^^^^^^^^^^^^^^^^^^^^^^^^^^^^^^^^^^^^^^^^^^^^^^
[2025-10-31 22:35:10] [STDERR]   File "/opt/homebrew/Caskroom/miniconda/base/lib/python3.11/site-packages/aiohttp/connector.py", line 1581, in _create_direct_connection
[2025-10-31 22:35:10] [STDERR]     raise last_exc
[2025-10-31 22:35:10] [STDERR]   File "/opt/homebrew/Caskroom/miniconda/base/lib/python3.11/site-packages/aiohttp/connector.py", line 1550, in _create_direct_connection
[2025-10-31 22:35:10] [STDERR]     transp, proto = await self._wrap_create_connection(
[2025-10-31 22:35:10] [STDERR]                     ^^^^^^^^^^^^^^^^^^^^^^^^^^^^^^^^^^^
[2025-10-31 22:35:10] [STDERR]   File "/opt/homebrew/Caskroom/miniconda/base/lib/python3.11/site-packages/aiohttp/connector.py", line 1291, in _wrap_create_connection
[2025-10-31 22:35:10] [STDERR]     raise client_error(req.connection_key, exc) from exc
[2025-10-31 22:35:10] [STDERR] aiohttp.client_exceptions.ClientConnectorError: Cannot connect to host localhost:3100 ssl:default [Multiple exceptions: [Errno 61] Connect call failed ('::1', 3100, 0, 0), [Errno 61] Connect call failed ('127.0.0.1', 3100)]
[2025-10-31 22:35:15] [STDERR] 2025-10-31 22:35:15,162 - LokiExporter.loki-exporter - ERROR - Failed to export logs to Loki: Cannot connect to host localhost:3100 ssl:default [Multiple exceptions: [Errno 61] Connect call failed ('127.0.0.1', 3100), [Errno 61] Connect call failed ('::1', 3100, 0, 0)]
[2025-10-31 22:35:15] [STDERR] Traceback (most recent call last):
[2025-10-31 22:35:15] [STDERR]   File "/opt/homebrew/Caskroom/miniconda/base/lib/python3.11/site-packages/aiohttp/connector.py", line 1268, in _wrap_create_connection
[2025-10-31 22:35:15] [STDERR]     sock = await aiohappyeyeballs.start_connection(
[2025-10-31 22:35:15] [STDERR]            ^^^^^^^^^^^^^^^^^^^^^^^^^^^^^^^^^^^^^^^^
[2025-10-31 22:35:15] [STDERR]   File "/opt/homebrew/Caskroom/miniconda/base/lib/python3.11/site-packages/aiohappyeyeballs/impl.py", line 141, in start_connection
[2025-10-31 22:35:15] [STDERR]     raise OSError(first_errno, msg)
[2025-10-31 22:35:15] [STDERR] ConnectionRefusedError: [Errno 61] Multiple exceptions: [Errno 61] Connect call failed ('127.0.0.1', 3100), [Errno 61] Connect call failed ('::1', 3100, 0, 0)
[2025-10-31 22:35:15] [STDERR] 
[2025-10-31 22:35:15] [STDERR] The above exception was the direct cause of the following exception:
[2025-10-31 22:35:15] [STDERR] 
[2025-10-31 22:35:15] [STDERR] Traceback (most recent call last):
[2025-10-31 22:35:15] [STDERR]   File "/Users/leifmarkthaler/github/gleitzeit 0.0.7/src/gleitzeit/workers/loki_exporter_worker.py", line 251, in export_logs_to_loki
[2025-10-31 22:35:15] [STDERR]     async with self.session.post(
[2025-10-31 22:35:15] [STDERR]   File "/opt/homebrew/Caskroom/miniconda/base/lib/python3.11/site-packages/aiohttp/client.py", line 1488, in __aenter__
[2025-10-31 22:35:15] [STDERR]     self._resp: _RetType = await self._coro
[2025-10-31 22:35:15] [STDERR]                            ^^^^^^^^^^^^^^^^
[2025-10-31 22:35:15] [STDERR]   File "/opt/homebrew/Caskroom/miniconda/base/lib/python3.11/site-packages/aiohttp/client.py", line 770, in _request
[2025-10-31 22:35:15] [STDERR]     resp = await handler(req)
[2025-10-31 22:35:15] [STDERR]            ^^^^^^^^^^^^^^^^^^
[2025-10-31 22:35:15] [STDERR]   File "/opt/homebrew/Caskroom/miniconda/base/lib/python3.11/site-packages/aiohttp/client.py", line 725, in _connect_and_send_request
[2025-10-31 22:35:15] [STDERR]     conn = await self._connector.connect(
[2025-10-31 22:35:15] [STDERR]            ^^^^^^^^^^^^^^^^^^^^^^^^^^^^^^
[2025-10-31 22:35:15] [STDERR]   File "/opt/homebrew/Caskroom/miniconda/base/lib/python3.11/site-packages/aiohttp/connector.py", line 642, in connect
[2025-10-31 22:35:15] [STDERR]     proto = await self._create_connection(req, traces, timeout)
[2025-10-31 22:35:15] [STDERR]             ^^^^^^^^^^^^^^^^^^^^^^^^^^^^^^^^^^^^^^^^^^^^^^^^^^^
[2025-10-31 22:35:15] [STDERR]   File "/opt/homebrew/Caskroom/miniconda/base/lib/python3.11/site-packages/aiohttp/connector.py", line 1209, in _create_connection
[2025-10-31 22:35:15] [STDERR]     _, proto = await self._create_direct_connection(req, traces, timeout)
[2025-10-31 22:35:15] [STDERR]                ^^^^^^^^^^^^^^^^^^^^^^^^^^^^^^^^^^^^^^^^^^^^^^^^^^^^^^^^^^
[2025-10-31 22:35:15] [STDERR]   File "/opt/homebrew/Caskroom/miniconda/base/lib/python3.11/site-packages/aiohttp/connector.py", line 1581, in _create_direct_connection
[2025-10-31 22:35:15] [STDERR]     raise last_exc
[2025-10-31 22:35:15] [STDERR]   File "/opt/homebrew/Caskroom/miniconda/base/lib/python3.11/site-packages/aiohttp/connector.py", line 1550, in _create_direct_connection
[2025-10-31 22:35:15] [STDERR]     transp, proto = await self._wrap_create_connection(
[2025-10-31 22:35:15] [STDERR]                     ^^^^^^^^^^^^^^^^^^^^^^^^^^^^^^^^^^^
[2025-10-31 22:35:15] [STDERR]   File "/opt/homebrew/Caskroom/miniconda/base/lib/python3.11/site-packages/aiohttp/connector.py", line 1291, in _wrap_create_connection
[2025-10-31 22:35:15] [STDERR]     raise client_error(req.connection_key, exc) from exc
[2025-10-31 22:35:15] [STDERR] aiohttp.client_exceptions.ClientConnectorError: Cannot connect to host localhost:3100 ssl:default [Multiple exceptions: [Errno 61] Connect call failed ('127.0.0.1', 3100), [Errno 61] Connect call failed ('::1', 3100, 0, 0)]
[2025-10-31 22:35:20] [STDERR] 2025-10-31 22:35:20,198 - LokiExporter.loki-exporter - ERROR - Failed to export logs to Loki: Cannot connect to host localhost:3100 ssl:default [Multiple exceptions: [Errno 61] Connect call failed ('::1', 3100, 0, 0), [Errno 61] Connect call failed ('127.0.0.1', 3100)]
[2025-10-31 22:35:20] [STDERR] Traceback (most recent call last):
[2025-10-31 22:35:20] [STDERR]   File "/opt/homebrew/Caskroom/miniconda/base/lib/python3.11/site-packages/aiohttp/connector.py", line 1268, in _wrap_create_connection
[2025-10-31 22:35:20] [STDERR]     sock = await aiohappyeyeballs.start_connection(
[2025-10-31 22:35:20] [STDERR]            ^^^^^^^^^^^^^^^^^^^^^^^^^^^^^^^^^^^^^^^^
[2025-10-31 22:35:20] [STDERR]   File "/opt/homebrew/Caskroom/miniconda/base/lib/python3.11/site-packages/aiohappyeyeballs/impl.py", line 141, in start_connection
[2025-10-31 22:35:20] [STDERR]     raise OSError(first_errno, msg)
[2025-10-31 22:35:20] [STDERR] ConnectionRefusedError: [Errno 61] Multiple exceptions: [Errno 61] Connect call failed ('::1', 3100, 0, 0), [Errno 61] Connect call failed ('127.0.0.1', 3100)
[2025-10-31 22:35:20] [STDERR] 
[2025-10-31 22:35:20] [STDERR] The above exception was the direct cause of the following exception:
[2025-10-31 22:35:20] [STDERR] 
[2025-10-31 22:35:20] [STDERR] Traceback (most recent call last):
[2025-10-31 22:35:20] [STDERR]   File "/Users/leifmarkthaler/github/gleitzeit 0.0.7/src/gleitzeit/workers/loki_exporter_worker.py", line 251, in export_logs_to_loki
[2025-10-31 22:35:20] [STDERR]     async with self.session.post(
[2025-10-31 22:35:20] [STDERR]   File "/opt/homebrew/Caskroom/miniconda/base/lib/python3.11/site-packages/aiohttp/client.py", line 1488, in __aenter__
[2025-10-31 22:35:20] [STDERR]     self._resp: _RetType = await self._coro
[2025-10-31 22:35:20] [STDERR]                            ^^^^^^^^^^^^^^^^
[2025-10-31 22:35:20] [STDERR]   File "/opt/homebrew/Caskroom/miniconda/base/lib/python3.11/site-packages/aiohttp/client.py", line 770, in _request
[2025-10-31 22:35:20] [STDERR]     resp = await handler(req)
[2025-10-31 22:35:20] [STDERR]            ^^^^^^^^^^^^^^^^^^
[2025-10-31 22:35:20] [STDERR]   File "/opt/homebrew/Caskroom/miniconda/base/lib/python3.11/site-packages/aiohttp/client.py", line 725, in _connect_and_send_request
[2025-10-31 22:35:20] [STDERR]     conn = await self._connector.connect(
[2025-10-31 22:35:20] [STDERR]            ^^^^^^^^^^^^^^^^^^^^^^^^^^^^^^
[2025-10-31 22:35:20] [STDERR]   File "/opt/homebrew/Caskroom/miniconda/base/lib/python3.11/site-packages/aiohttp/connector.py", line 642, in connect
[2025-10-31 22:35:20] [STDERR]     proto = await self._create_connection(req, traces, timeout)
[2025-10-31 22:35:20] [STDERR]             ^^^^^^^^^^^^^^^^^^^^^^^^^^^^^^^^^^^^^^^^^^^^^^^^^^^
[2025-10-31 22:35:20] [STDERR]   File "/opt/homebrew/Caskroom/miniconda/base/lib/python3.11/site-packages/aiohttp/connector.py", line 1209, in _create_connection
[2025-10-31 22:35:20] [STDERR]     _, proto = await self._create_direct_connection(req, traces, timeout)
[2025-10-31 22:35:20] [STDERR]                ^^^^^^^^^^^^^^^^^^^^^^^^^^^^^^^^^^^^^^^^^^^^^^^^^^^^^^^^^^
[2025-10-31 22:35:20] [STDERR]   File "/opt/homebrew/Caskroom/miniconda/base/lib/python3.11/site-packages/aiohttp/connector.py", line 1581, in _create_direct_connection
[2025-10-31 22:35:20] [STDERR]     raise last_exc
[2025-10-31 22:35:20] [STDERR]   File "/opt/homebrew/Caskroom/miniconda/base/lib/python3.11/site-packages/aiohttp/connector.py", line 1550, in _create_direct_connection
[2025-10-31 22:35:20] [STDERR]     transp, proto = await self._wrap_create_connection(
[2025-10-31 22:35:20] [STDERR]                     ^^^^^^^^^^^^^^^^^^^^^^^^^^^^^^^^^^^
[2025-10-31 22:35:20] [STDERR]   File "/opt/homebrew/Caskroom/miniconda/base/lib/python3.11/site-packages/aiohttp/connector.py", line 1291, in _wrap_create_connection
[2025-10-31 22:35:20] [STDERR]     raise client_error(req.connection_key, exc) from exc
[2025-10-31 22:35:20] [STDERR] aiohttp.client_exceptions.ClientConnectorError: Cannot connect to host localhost:3100 ssl:default [Multiple exceptions: [Errno 61] Connect call failed ('::1', 3100, 0, 0), [Errno 61] Connect call failed ('127.0.0.1', 3100)]
[2025-10-31 22:35:25] [STDERR] 2025-10-31 22:35:25,237 - LokiExporter.loki-exporter - ERROR - Failed to export logs to Loki: Cannot connect to host localhost:3100 ssl:default [Multiple exceptions: [Errno 61] Connect call failed ('127.0.0.1', 3100), [Errno 61] Connect call failed ('::1', 3100, 0, 0)]
[2025-10-31 22:35:25] [STDERR] Traceback (most recent call last):
[2025-10-31 22:35:25] [STDERR]   File "/opt/homebrew/Caskroom/miniconda/base/lib/python3.11/site-packages/aiohttp/connector.py", line 1268, in _wrap_create_connection
[2025-10-31 22:35:25] [STDERR]     sock = await aiohappyeyeballs.start_connection(
[2025-10-31 22:35:25] [STDERR]            ^^^^^^^^^^^^^^^^^^^^^^^^^^^^^^^^^^^^^^^^
[2025-10-31 22:35:25] [STDERR]   File "/opt/homebrew/Caskroom/miniconda/base/lib/python3.11/site-packages/aiohappyeyeballs/impl.py", line 141, in start_connection
[2025-10-31 22:35:25] [STDERR]     raise OSError(first_errno, msg)
[2025-10-31 22:35:25] [STDERR] ConnectionRefusedError: [Errno 61] Multiple exceptions: [Errno 61] Connect call failed ('127.0.0.1', 3100), [Errno 61] Connect call failed ('::1', 3100, 0, 0)
[2025-10-31 22:35:25] [STDERR] 
[2025-10-31 22:35:25] [STDERR] The above exception was the direct cause of the following exception:
[2025-10-31 22:35:25] [STDERR] 
[2025-10-31 22:35:25] [STDERR] Traceback (most recent call last):
[2025-10-31 22:35:25] [STDERR]   File "/Users/leifmarkthaler/github/gleitzeit 0.0.7/src/gleitzeit/workers/loki_exporter_worker.py", line 251, in export_logs_to_loki
[2025-10-31 22:35:25] [STDERR]     async with self.session.post(
[2025-10-31 22:35:25] [STDERR]   File "/opt/homebrew/Caskroom/miniconda/base/lib/python3.11/site-packages/aiohttp/client.py", line 1488, in __aenter__
[2025-10-31 22:35:25] [STDERR]     self._resp: _RetType = await self._coro
[2025-10-31 22:35:25] [STDERR]                            ^^^^^^^^^^^^^^^^
[2025-10-31 22:35:25] [STDERR]   File "/opt/homebrew/Caskroom/miniconda/base/lib/python3.11/site-packages/aiohttp/client.py", line 770, in _request
[2025-10-31 22:35:25] [STDERR]     resp = await handler(req)
[2025-10-31 22:35:25] [STDERR]            ^^^^^^^^^^^^^^^^^^
[2025-10-31 22:35:25] [STDERR]   File "/opt/homebrew/Caskroom/miniconda/base/lib/python3.11/site-packages/aiohttp/client.py", line 725, in _connect_and_send_request
[2025-10-31 22:35:25] [STDERR]     conn = await self._connector.connect(
[2025-10-31 22:35:25] [STDERR]            ^^^^^^^^^^^^^^^^^^^^^^^^^^^^^^
[2025-10-31 22:35:25] [STDERR]   File "/opt/homebrew/Caskroom/miniconda/base/lib/python3.11/site-packages/aiohttp/connector.py", line 642, in connect
[2025-10-31 22:35:25] [STDERR]     proto = await self._create_connection(req, traces, timeout)
[2025-10-31 22:35:25] [STDERR]             ^^^^^^^^^^^^^^^^^^^^^^^^^^^^^^^^^^^^^^^^^^^^^^^^^^^
[2025-10-31 22:35:25] [STDERR]   File "/opt/homebrew/Caskroom/miniconda/base/lib/python3.11/site-packages/aiohttp/connector.py", line 1209, in _create_connection
[2025-10-31 22:35:25] [STDERR]     _, proto = await self._create_direct_connection(req, traces, timeout)
[2025-10-31 22:35:25] [STDERR]                ^^^^^^^^^^^^^^^^^^^^^^^^^^^^^^^^^^^^^^^^^^^^^^^^^^^^^^^^^^
[2025-10-31 22:35:25] [STDERR]   File "/opt/homebrew/Caskroom/miniconda/base/lib/python3.11/site-packages/aiohttp/connector.py", line 1581, in _create_direct_connection
[2025-10-31 22:35:25] [STDERR]     raise last_exc
[2025-10-31 22:35:25] [STDERR]   File "/opt/homebrew/Caskroom/miniconda/base/lib/python3.11/site-packages/aiohttp/connector.py", line 1550, in _create_direct_connection
[2025-10-31 22:35:25] [STDERR]     transp, proto = await self._wrap_create_connection(
[2025-10-31 22:35:25] [STDERR]                     ^^^^^^^^^^^^^^^^^^^^^^^^^^^^^^^^^^^
[2025-10-31 22:35:25] [STDERR]   File "/opt/homebrew/Caskroom/miniconda/base/lib/python3.11/site-packages/aiohttp/connector.py", line 1291, in _wrap_create_connection
[2025-10-31 22:35:25] [STDERR]     raise client_error(req.connection_key, exc) from exc
[2025-10-31 22:35:25] [STDERR] aiohttp.client_exceptions.ClientConnectorError: Cannot connect to host localhost:3100 ssl:default [Multiple exceptions: [Errno 61] Connect call failed ('127.0.0.1', 3100), [Errno 61] Connect call failed ('::1', 3100, 0, 0)]
[2025-10-31 22:35:30] [STDERR] 2025-10-31 22:35:30,264 - LokiExporter.loki-exporter - ERROR - Failed to export logs to Loki: Cannot connect to host localhost:3100 ssl:default [Multiple exceptions: [Errno 61] Connect call failed ('::1', 3100, 0, 0), [Errno 61] Connect call failed ('127.0.0.1', 3100)]
[2025-10-31 22:35:30] [STDERR] Traceback (most recent call last):
[2025-10-31 22:35:30] [STDERR]   File "/opt/homebrew/Caskroom/miniconda/base/lib/python3.11/site-packages/aiohttp/connector.py", line 1268, in _wrap_create_connection
[2025-10-31 22:35:30] [STDERR]     sock = await aiohappyeyeballs.start_connection(
[2025-10-31 22:35:30] [STDERR]            ^^^^^^^^^^^^^^^^^^^^^^^^^^^^^^^^^^^^^^^^
[2025-10-31 22:35:30] [STDERR]   File "/opt/homebrew/Caskroom/miniconda/base/lib/python3.11/site-packages/aiohappyeyeballs/impl.py", line 141, in start_connection
[2025-10-31 22:35:30] [STDERR]     raise OSError(first_errno, msg)
[2025-10-31 22:35:30] [STDERR] ConnectionRefusedError: [Errno 61] Multiple exceptions: [Errno 61] Connect call failed ('::1', 3100, 0, 0), [Errno 61] Connect call failed ('127.0.0.1', 3100)
[2025-10-31 22:35:30] [STDERR] 
[2025-10-31 22:35:30] [STDERR] The above exception was the direct cause of the following exception:
[2025-10-31 22:35:30] [STDERR] 
[2025-10-31 22:35:30] [STDERR] Traceback (most recent call last):
[2025-10-31 22:35:30] [STDERR]   File "/Users/leifmarkthaler/github/gleitzeit 0.0.7/src/gleitzeit/workers/loki_exporter_worker.py", line 251, in export_logs_to_loki
[2025-10-31 22:35:30] [STDERR]     async with self.session.post(
[2025-10-31 22:35:30] [STDERR]   File "/opt/homebrew/Caskroom/miniconda/base/lib/python3.11/site-packages/aiohttp/client.py", line 1488, in __aenter__
[2025-10-31 22:35:30] [STDERR]     self._resp: _RetType = await self._coro
[2025-10-31 22:35:30] [STDERR]                            ^^^^^^^^^^^^^^^^
[2025-10-31 22:35:30] [STDERR]   File "/opt/homebrew/Caskroom/miniconda/base/lib/python3.11/site-packages/aiohttp/client.py", line 770, in _request
[2025-10-31 22:35:30] [STDERR]     resp = await handler(req)
[2025-10-31 22:35:30] [STDERR]            ^^^^^^^^^^^^^^^^^^
[2025-10-31 22:35:30] [STDERR]   File "/opt/homebrew/Caskroom/miniconda/base/lib/python3.11/site-packages/aiohttp/client.py", line 725, in _connect_and_send_request
[2025-10-31 22:35:30] [STDERR]     conn = await self._connector.connect(
[2025-10-31 22:35:30] [STDERR]            ^^^^^^^^^^^^^^^^^^^^^^^^^^^^^^
[2025-10-31 22:35:30] [STDERR]   File "/opt/homebrew/Caskroom/miniconda/base/lib/python3.11/site-packages/aiohttp/connector.py", line 642, in connect
[2025-10-31 22:35:30] [STDERR]     proto = await self._create_connection(req, traces, timeout)
[2025-10-31 22:35:30] [STDERR]             ^^^^^^^^^^^^^^^^^^^^^^^^^^^^^^^^^^^^^^^^^^^^^^^^^^^
[2025-10-31 22:35:30] [STDERR]   File "/opt/homebrew/Caskroom/miniconda/base/lib/python3.11/site-packages/aiohttp/connector.py", line 1209, in _create_connection
[2025-10-31 22:35:30] [STDERR]     _, proto = await self._create_direct_connection(req, traces, timeout)
[2025-10-31 22:35:30] [STDERR]                ^^^^^^^^^^^^^^^^^^^^^^^^^^^^^^^^^^^^^^^^^^^^^^^^^^^^^^^^^^
[2025-10-31 22:35:30] [STDERR]   File "/opt/homebrew/Caskroom/miniconda/base/lib/python3.11/site-packages/aiohttp/connector.py", line 1581, in _create_direct_connection
[2025-10-31 22:35:30] [STDERR]     raise last_exc
[2025-10-31 22:35:30] [STDERR]   File "/opt/homebrew/Caskroom/miniconda/base/lib/python3.11/site-packages/aiohttp/connector.py", line 1550, in _create_direct_connection
[2025-10-31 22:35:30] [STDERR]     transp, proto = await self._wrap_create_connection(
[2025-10-31 22:35:30] [STDERR]                     ^^^^^^^^^^^^^^^^^^^^^^^^^^^^^^^^^^^
[2025-10-31 22:35:30] [STDERR]   File "/opt/homebrew/Caskroom/miniconda/base/lib/python3.11/site-packages/aiohttp/connector.py", line 1291, in _wrap_create_connection
[2025-10-31 22:35:30] [STDERR]     raise client_error(req.connection_key, exc) from exc
[2025-10-31 22:35:30] [STDERR] aiohttp.client_exceptions.ClientConnectorError: Cannot connect to host localhost:3100 ssl:default [Multiple exceptions: [Errno 61] Connect call failed ('::1', 3100, 0, 0), [Errno 61] Connect call failed ('127.0.0.1', 3100)]
[2025-10-31 22:35:35] [STDERR] 2025-10-31 22:35:35,303 - LokiExporter.loki-exporter - ERROR - Failed to export logs to Loki: Cannot connect to host localhost:3100 ssl:default [Multiple exceptions: [Errno 61] Connect call failed ('127.0.0.1', 3100), [Errno 61] Connect call failed ('::1', 3100, 0, 0)]
[2025-10-31 22:35:35] [STDERR] Traceback (most recent call last):
[2025-10-31 22:35:35] [STDERR]   File "/opt/homebrew/Caskroom/miniconda/base/lib/python3.11/site-packages/aiohttp/connector.py", line 1268, in _wrap_create_connection
[2025-10-31 22:35:35] [STDERR]     sock = await aiohappyeyeballs.start_connection(
[2025-10-31 22:35:35] [STDERR]            ^^^^^^^^^^^^^^^^^^^^^^^^^^^^^^^^^^^^^^^^
[2025-10-31 22:35:35] [STDERR]   File "/opt/homebrew/Caskroom/miniconda/base/lib/python3.11/site-packages/aiohappyeyeballs/impl.py", line 141, in start_connection
[2025-10-31 22:35:35] [STDERR]     raise OSError(first_errno, msg)
[2025-10-31 22:35:35] [STDERR] ConnectionRefusedError: [Errno 61] Multiple exceptions: [Errno 61] Connect call failed ('127.0.0.1', 3100), [Errno 61] Connect call failed ('::1', 3100, 0, 0)
[2025-10-31 22:35:35] [STDERR] 
[2025-10-31 22:35:35] [STDERR] The above exception was the direct cause of the following exception:
[2025-10-31 22:35:35] [STDERR] 
[2025-10-31 22:35:35] [STDERR] Traceback (most recent call last):
[2025-10-31 22:35:35] [STDERR]   File "/Users/leifmarkthaler/github/gleitzeit 0.0.7/src/gleitzeit/workers/loki_exporter_worker.py", line 251, in export_logs_to_loki
[2025-10-31 22:35:35] [STDERR]     async with self.session.post(
[2025-10-31 22:35:35] [STDERR]   File "/opt/homebrew/Caskroom/miniconda/base/lib/python3.11/site-packages/aiohttp/client.py", line 1488, in __aenter__
[2025-10-31 22:35:35] [STDERR]     self._resp: _RetType = await self._coro
[2025-10-31 22:35:35] [STDERR]                            ^^^^^^^^^^^^^^^^
[2025-10-31 22:35:35] [STDERR]   File "/opt/homebrew/Caskroom/miniconda/base/lib/python3.11/site-packages/aiohttp/client.py", line 770, in _request
[2025-10-31 22:35:35] [STDERR]     resp = await handler(req)
[2025-10-31 22:35:35] [STDERR]            ^^^^^^^^^^^^^^^^^^
[2025-10-31 22:35:35] [STDERR]   File "/opt/homebrew/Caskroom/miniconda/base/lib/python3.11/site-packages/aiohttp/client.py", line 725, in _connect_and_send_request
[2025-10-31 22:35:35] [STDERR]     conn = await self._connector.connect(
[2025-10-31 22:35:35] [STDERR]            ^^^^^^^^^^^^^^^^^^^^^^^^^^^^^^
[2025-10-31 22:35:35] [STDERR]   File "/opt/homebrew/Caskroom/miniconda/base/lib/python3.11/site-packages/aiohttp/connector.py", line 642, in connect
[2025-10-31 22:35:35] [STDERR]     proto = await self._create_connection(req, traces, timeout)
[2025-10-31 22:35:35] [STDERR]             ^^^^^^^^^^^^^^^^^^^^^^^^^^^^^^^^^^^^^^^^^^^^^^^^^^^
[2025-10-31 22:35:35] [STDERR]   File "/opt/homebrew/Caskroom/miniconda/base/lib/python3.11/site-packages/aiohttp/connector.py", line 1209, in _create_connection
[2025-10-31 22:35:35] [STDERR]     _, proto = await self._create_direct_connection(req, traces, timeout)
[2025-10-31 22:35:35] [STDERR]                ^^^^^^^^^^^^^^^^^^^^^^^^^^^^^^^^^^^^^^^^^^^^^^^^^^^^^^^^^^
[2025-10-31 22:35:35] [STDERR]   File "/opt/homebrew/Caskroom/miniconda/base/lib/python3.11/site-packages/aiohttp/connector.py", line 1581, in _create_direct_connection
[2025-10-31 22:35:35] [STDERR]     raise last_exc
[2025-10-31 22:35:35] [STDERR]   File "/opt/homebrew/Caskroom/miniconda/base/lib/python3.11/site-packages/aiohttp/connector.py", line 1550, in _create_direct_connection
[2025-10-31 22:35:35] [STDERR]     transp, proto = await self._wrap_create_connection(
[2025-10-31 22:35:35] [STDERR]                     ^^^^^^^^^^^^^^^^^^^^^^^^^^^^^^^^^^^
[2025-10-31 22:35:35] [STDERR]   File "/opt/homebrew/Caskroom/miniconda/base/lib/python3.11/site-packages/aiohttp/connector.py", line 1291, in _wrap_create_connection
[2025-10-31 22:35:35] [STDERR]     raise client_error(req.connection_key, exc) from exc
[2025-10-31 22:35:35] [STDERR] aiohttp.client_exceptions.ClientConnectorError: Cannot connect to host localhost:3100 ssl:default [Multiple exceptions: [Errno 61] Connect call failed ('127.0.0.1', 3100), [Errno 61] Connect call failed ('::1', 3100, 0, 0)]
[2025-10-31 22:35:40] [STDERR] 2025-10-31 22:35:40,345 - LokiExporter.loki-exporter - ERROR - Failed to export logs to Loki: Cannot connect to host localhost:3100 ssl:default [Multiple exceptions: [Errno 61] Connect call failed ('::1', 3100, 0, 0), [Errno 61] Connect call failed ('127.0.0.1', 3100)]
[2025-10-31 22:35:40] [STDERR] Traceback (most recent call last):
[2025-10-31 22:35:40] [STDERR]   File "/opt/homebrew/Caskroom/miniconda/base/lib/python3.11/site-packages/aiohttp/connector.py", line 1268, in _wrap_create_connection
[2025-10-31 22:35:40] [STDERR]     sock = await aiohappyeyeballs.start_connection(
[2025-10-31 22:35:40] [STDERR]            ^^^^^^^^^^^^^^^^^^^^^^^^^^^^^^^^^^^^^^^^
[2025-10-31 22:35:40] [STDERR]   File "/opt/homebrew/Caskroom/miniconda/base/lib/python3.11/site-packages/aiohappyeyeballs/impl.py", line 141, in start_connection
[2025-10-31 22:35:40] [STDERR]     raise OSError(first_errno, msg)
[2025-10-31 22:35:40] [STDERR] ConnectionRefusedError: [Errno 61] Multiple exceptions: [Errno 61] Connect call failed ('::1', 3100, 0, 0), [Errno 61] Connect call failed ('127.0.0.1', 3100)
[2025-10-31 22:35:40] [STDERR] 
[2025-10-31 22:35:40] [STDERR] The above exception was the direct cause of the following exception:
[2025-10-31 22:35:40] [STDERR] 
[2025-10-31 22:35:40] [STDERR] Traceback (most recent call last):
[2025-10-31 22:35:40] [STDERR]   File "/Users/leifmarkthaler/github/gleitzeit 0.0.7/src/gleitzeit/workers/loki_exporter_worker.py", line 251, in export_logs_to_loki
[2025-10-31 22:35:40] [STDERR]     async with self.session.post(
[2025-10-31 22:35:40] [STDERR]   File "/opt/homebrew/Caskroom/miniconda/base/lib/python3.11/site-packages/aiohttp/client.py", line 1488, in __aenter__
[2025-10-31 22:35:40] [STDERR]     self._resp: _RetType = await self._coro
[2025-10-31 22:35:40] [STDERR]                            ^^^^^^^^^^^^^^^^
[2025-10-31 22:35:40] [STDERR]   File "/opt/homebrew/Caskroom/miniconda/base/lib/python3.11/site-packages/aiohttp/client.py", line 770, in _request
[2025-10-31 22:35:40] [STDERR]     resp = await handler(req)
[2025-10-31 22:35:40] [STDERR]            ^^^^^^^^^^^^^^^^^^
[2025-10-31 22:35:40] [STDERR]   File "/opt/homebrew/Caskroom/miniconda/base/lib/python3.11/site-packages/aiohttp/client.py", line 725, in _connect_and_send_request
[2025-10-31 22:35:40] [STDERR]     conn = await self._connector.connect(
[2025-10-31 22:35:40] [STDERR]            ^^^^^^^^^^^^^^^^^^^^^^^^^^^^^^
[2025-10-31 22:35:40] [STDERR]   File "/opt/homebrew/Caskroom/miniconda/base/lib/python3.11/site-packages/aiohttp/connector.py", line 642, in connect
[2025-10-31 22:35:40] [STDERR]     proto = await self._create_connection(req, traces, timeout)
[2025-10-31 22:35:40] [STDERR]             ^^^^^^^^^^^^^^^^^^^^^^^^^^^^^^^^^^^^^^^^^^^^^^^^^^^
[2025-10-31 22:35:40] [STDERR]   File "/opt/homebrew/Caskroom/miniconda/base/lib/python3.11/site-packages/aiohttp/connector.py", line 1209, in _create_connection
[2025-10-31 22:35:40] [STDERR]     _, proto = await self._create_direct_connection(req, traces, timeout)
[2025-10-31 22:35:40] [STDERR]                ^^^^^^^^^^^^^^^^^^^^^^^^^^^^^^^^^^^^^^^^^^^^^^^^^^^^^^^^^^
[2025-10-31 22:35:40] [STDERR]   File "/opt/homebrew/Caskroom/miniconda/base/lib/python3.11/site-packages/aiohttp/connector.py", line 1581, in _create_direct_connection
[2025-10-31 22:35:40] [STDERR]     raise last_exc
[2025-10-31 22:35:40] [STDERR]   File "/opt/homebrew/Caskroom/miniconda/base/lib/python3.11/site-packages/aiohttp/connector.py", line 1550, in _create_direct_connection
[2025-10-31 22:35:40] [STDERR]     transp, proto = await self._wrap_create_connection(
[2025-10-31 22:35:40] [STDERR]                     ^^^^^^^^^^^^^^^^^^^^^^^^^^^^^^^^^^^
[2025-10-31 22:35:40] [STDERR]   File "/opt/homebrew/Caskroom/miniconda/base/lib/python3.11/site-packages/aiohttp/connector.py", line 1291, in _wrap_create_connection
[2025-10-31 22:35:40] [STDERR]     raise client_error(req.connection_key, exc) from exc
[2025-10-31 22:35:40] [STDERR] aiohttp.client_exceptions.ClientConnectorError: Cannot connect to host localhost:3100 ssl:default [Multiple exceptions: [Errno 61] Connect call failed ('::1', 3100, 0, 0), [Errno 61] Connect call failed ('127.0.0.1', 3100)]
[2025-10-31 22:35:45] [STDERR] 2025-10-31 22:35:45,380 - LokiExporter.loki-exporter - ERROR - Failed to export logs to Loki: Cannot connect to host localhost:3100 ssl:default [Multiple exceptions: [Errno 61] Connect call failed ('127.0.0.1', 3100), [Errno 61] Connect call failed ('::1', 3100, 0, 0)]
[2025-10-31 22:35:45] [STDERR] Traceback (most recent call last):
[2025-10-31 22:35:45] [STDERR]   File "/opt/homebrew/Caskroom/miniconda/base/lib/python3.11/site-packages/aiohttp/connector.py", line 1268, in _wrap_create_connection
[2025-10-31 22:35:45] [STDERR]     sock = await aiohappyeyeballs.start_connection(
[2025-10-31 22:35:45] [STDERR]            ^^^^^^^^^^^^^^^^^^^^^^^^^^^^^^^^^^^^^^^^
[2025-10-31 22:35:45] [STDERR]   File "/opt/homebrew/Caskroom/miniconda/base/lib/python3.11/site-packages/aiohappyeyeballs/impl.py", line 141, in start_connection
[2025-10-31 22:35:45] [STDERR]     raise OSError(first_errno, msg)
[2025-10-31 22:35:45] [STDERR] ConnectionRefusedError: [Errno 61] Multiple exceptions: [Errno 61] Connect call failed ('127.0.0.1', 3100), [Errno 61] Connect call failed ('::1', 3100, 0, 0)
[2025-10-31 22:35:45] [STDERR] 
[2025-10-31 22:35:45] [STDERR] The above exception was the direct cause of the following exception:
[2025-10-31 22:35:45] [STDERR] 
[2025-10-31 22:35:45] [STDERR] Traceback (most recent call last):
[2025-10-31 22:35:45] [STDERR]   File "/Users/leifmarkthaler/github/gleitzeit 0.0.7/src/gleitzeit/workers/loki_exporter_worker.py", line 251, in export_logs_to_loki
[2025-10-31 22:35:45] [STDERR]     async with self.session.post(
[2025-10-31 22:35:45] [STDERR]   File "/opt/homebrew/Caskroom/miniconda/base/lib/python3.11/site-packages/aiohttp/client.py", line 1488, in __aenter__
[2025-10-31 22:35:45] [STDERR]     self._resp: _RetType = await self._coro
[2025-10-31 22:35:45] [STDERR]                            ^^^^^^^^^^^^^^^^
[2025-10-31 22:35:45] [STDERR]   File "/opt/homebrew/Caskroom/miniconda/base/lib/python3.11/site-packages/aiohttp/client.py", line 770, in _request
[2025-10-31 22:35:45] [STDERR]     resp = await handler(req)
[2025-10-31 22:35:45] [STDERR]            ^^^^^^^^^^^^^^^^^^
[2025-10-31 22:35:45] [STDERR]   File "/opt/homebrew/Caskroom/miniconda/base/lib/python3.11/site-packages/aiohttp/client.py", line 725, in _connect_and_send_request
[2025-10-31 22:35:45] [STDERR]     conn = await self._connector.connect(
[2025-10-31 22:35:45] [STDERR]            ^^^^^^^^^^^^^^^^^^^^^^^^^^^^^^
[2025-10-31 22:35:45] [STDERR]   File "/opt/homebrew/Caskroom/miniconda/base/lib/python3.11/site-packages/aiohttp/connector.py", line 642, in connect
[2025-10-31 22:35:45] [STDERR]     proto = await self._create_connection(req, traces, timeout)
[2025-10-31 22:35:45] [STDERR]             ^^^^^^^^^^^^^^^^^^^^^^^^^^^^^^^^^^^^^^^^^^^^^^^^^^^
[2025-10-31 22:35:45] [STDERR]   File "/opt/homebrew/Caskroom/miniconda/base/lib/python3.11/site-packages/aiohttp/connector.py", line 1209, in _create_connection
[2025-10-31 22:35:45] [STDERR]     _, proto = await self._create_direct_connection(req, traces, timeout)
[2025-10-31 22:35:45] [STDERR]                ^^^^^^^^^^^^^^^^^^^^^^^^^^^^^^^^^^^^^^^^^^^^^^^^^^^^^^^^^^
[2025-10-31 22:35:45] [STDERR]   File "/opt/homebrew/Caskroom/miniconda/base/lib/python3.11/site-packages/aiohttp/connector.py", line 1581, in _create_direct_connection
[2025-10-31 22:35:45] [STDERR]     raise last_exc
[2025-10-31 22:35:45] [STDERR]   File "/opt/homebrew/Caskroom/miniconda/base/lib/python3.11/site-packages/aiohttp/connector.py", line 1550, in _create_direct_connection
[2025-10-31 22:35:45] [STDERR]     transp, proto = await self._wrap_create_connection(
[2025-10-31 22:35:45] [STDERR]                     ^^^^^^^^^^^^^^^^^^^^^^^^^^^^^^^^^^^
[2025-10-31 22:35:45] [STDERR]   File "/opt/homebrew/Caskroom/miniconda/base/lib/python3.11/site-packages/aiohttp/connector.py", line 1291, in _wrap_create_connection
[2025-10-31 22:35:45] [STDERR]     raise client_error(req.connection_key, exc) from exc
[2025-10-31 22:35:45] [STDERR] aiohttp.client_exceptions.ClientConnectorError: Cannot connect to host localhost:3100 ssl:default [Multiple exceptions: [Errno 61] Connect call failed ('127.0.0.1', 3100), [Errno 61] Connect call failed ('::1', 3100, 0, 0)]
[2025-10-31 22:35:50] [STDERR] 2025-10-31 22:35:50,422 - LokiExporter.loki-exporter - ERROR - Failed to export logs to Loki: Cannot connect to host localhost:3100 ssl:default [Multiple exceptions: [Errno 61] Connect call failed ('::1', 3100, 0, 0), [Errno 61] Connect call failed ('127.0.0.1', 3100)]
[2025-10-31 22:35:50] [STDERR] Traceback (most recent call last):
[2025-10-31 22:35:50] [STDERR]   File "/opt/homebrew/Caskroom/miniconda/base/lib/python3.11/site-packages/aiohttp/connector.py", line 1268, in _wrap_create_connection
[2025-10-31 22:35:50] [STDERR]     sock = await aiohappyeyeballs.start_connection(
[2025-10-31 22:35:50] [STDERR]            ^^^^^^^^^^^^^^^^^^^^^^^^^^^^^^^^^^^^^^^^
[2025-10-31 22:35:50] [STDERR]   File "/opt/homebrew/Caskroom/miniconda/base/lib/python3.11/site-packages/aiohappyeyeballs/impl.py", line 141, in start_connection
[2025-10-31 22:35:50] [STDERR]     raise OSError(first_errno, msg)
[2025-10-31 22:35:50] [STDERR] ConnectionRefusedError: [Errno 61] Multiple exceptions: [Errno 61] Connect call failed ('::1', 3100, 0, 0), [Errno 61] Connect call failed ('127.0.0.1', 3100)
[2025-10-31 22:35:50] [STDERR] 
[2025-10-31 22:35:50] [STDERR] The above exception was the direct cause of the following exception:
[2025-10-31 22:35:50] [STDERR] 
[2025-10-31 22:35:50] [STDERR] Traceback (most recent call last):
[2025-10-31 22:35:50] [STDERR]   File "/Users/leifmarkthaler/github/gleitzeit 0.0.7/src/gleitzeit/workers/loki_exporter_worker.py", line 251, in export_logs_to_loki
[2025-10-31 22:35:50] [STDERR]     async with self.session.post(
[2025-10-31 22:35:50] [STDERR]   File "/opt/homebrew/Caskroom/miniconda/base/lib/python3.11/site-packages/aiohttp/client.py", line 1488, in __aenter__
[2025-10-31 22:35:50] [STDERR]     self._resp: _RetType = await self._coro
[2025-10-31 22:35:50] [STDERR]                            ^^^^^^^^^^^^^^^^
[2025-10-31 22:35:50] [STDERR]   File "/opt/homebrew/Caskroom/miniconda/base/lib/python3.11/site-packages/aiohttp/client.py", line 770, in _request
[2025-10-31 22:35:50] [STDERR]     resp = await handler(req)
[2025-10-31 22:35:50] [STDERR]            ^^^^^^^^^^^^^^^^^^
[2025-10-31 22:35:50] [STDERR]   File "/opt/homebrew/Caskroom/miniconda/base/lib/python3.11/site-packages/aiohttp/client.py", line 725, in _connect_and_send_request
[2025-10-31 22:35:50] [STDERR]     conn = await self._connector.connect(
[2025-10-31 22:35:50] [STDERR]            ^^^^^^^^^^^^^^^^^^^^^^^^^^^^^^
[2025-10-31 22:35:50] [STDERR]   File "/opt/homebrew/Caskroom/miniconda/base/lib/python3.11/site-packages/aiohttp/connector.py", line 642, in connect
[2025-10-31 22:35:50] [STDERR]     proto = await self._create_connection(req, traces, timeout)
[2025-10-31 22:35:50] [STDERR]             ^^^^^^^^^^^^^^^^^^^^^^^^^^^^^^^^^^^^^^^^^^^^^^^^^^^
[2025-10-31 22:35:50] [STDERR]   File "/opt/homebrew/Caskroom/miniconda/base/lib/python3.11/site-packages/aiohttp/connector.py", line 1209, in _create_connection
[2025-10-31 22:35:50] [STDERR]     _, proto = await self._create_direct_connection(req, traces, timeout)
[2025-10-31 22:35:50] [STDERR]                ^^^^^^^^^^^^^^^^^^^^^^^^^^^^^^^^^^^^^^^^^^^^^^^^^^^^^^^^^^
[2025-10-31 22:35:50] [STDERR]   File "/opt/homebrew/Caskroom/miniconda/base/lib/python3.11/site-packages/aiohttp/connector.py", line 1581, in _create_direct_connection
[2025-10-31 22:35:50] [STDERR]     raise last_exc
[2025-10-31 22:35:50] [STDERR]   File "/opt/homebrew/Caskroom/miniconda/base/lib/python3.11/site-packages/aiohttp/connector.py", line 1550, in _create_direct_connection
[2025-10-31 22:35:50] [STDERR]     transp, proto = await self._wrap_create_connection(
[2025-10-31 22:35:50] [STDERR]                     ^^^^^^^^^^^^^^^^^^^^^^^^^^^^^^^^^^^
[2025-10-31 22:35:50] [STDERR]   File "/opt/homebrew/Caskroom/miniconda/base/lib/python3.11/site-packages/aiohttp/connector.py", line 1291, in _wrap_create_connection
[2025-10-31 22:35:50] [STDERR]     raise client_error(req.connection_key, exc) from exc
[2025-10-31 22:35:50] [STDERR] aiohttp.client_exceptions.ClientConnectorError: Cannot connect to host localhost:3100 ssl:default [Multiple exceptions: [Errno 61] Connect call failed ('::1', 3100, 0, 0), [Errno 61] Connect call failed ('127.0.0.1', 3100)]
[2025-10-31 22:35:55] [STDERR] 2025-10-31 22:35:55,457 - LokiExporter.loki-exporter - ERROR - Failed to export logs to Loki: Cannot connect to host localhost:3100 ssl:default [Multiple exceptions: [Errno 61] Connect call failed ('127.0.0.1', 3100), [Errno 61] Connect call failed ('::1', 3100, 0, 0)]
[2025-10-31 22:35:55] [STDERR] Traceback (most recent call last):
[2025-10-31 22:35:55] [STDERR]   File "/opt/homebrew/Caskroom/miniconda/base/lib/python3.11/site-packages/aiohttp/connector.py", line 1268, in _wrap_create_connection
[2025-10-31 22:35:55] [STDERR]     sock = await aiohappyeyeballs.start_connection(
[2025-10-31 22:35:55] [STDERR]            ^^^^^^^^^^^^^^^^^^^^^^^^^^^^^^^^^^^^^^^^
[2025-10-31 22:35:55] [STDERR]   File "/opt/homebrew/Caskroom/miniconda/base/lib/python3.11/site-packages/aiohappyeyeballs/impl.py", line 141, in start_connection
[2025-10-31 22:35:55] [STDERR]     raise OSError(first_errno, msg)
[2025-10-31 22:35:55] [STDERR] ConnectionRefusedError: [Errno 61] Multiple exceptions: [Errno 61] Connect call failed ('127.0.0.1', 3100), [Errno 61] Connect call failed ('::1', 3100, 0, 0)
[2025-10-31 22:35:55] [STDERR] 
[2025-10-31 22:35:55] [STDERR] The above exception was the direct cause of the following exception:
[2025-10-31 22:35:55] [STDERR] 
[2025-10-31 22:35:55] [STDERR] Traceback (most recent call last):
[2025-10-31 22:35:55] [STDERR]   File "/Users/leifmarkthaler/github/gleitzeit 0.0.7/src/gleitzeit/workers/loki_exporter_worker.py", line 251, in export_logs_to_loki
[2025-10-31 22:35:55] [STDERR]     async with self.session.post(
[2025-10-31 22:35:55] [STDERR]   File "/opt/homebrew/Caskroom/miniconda/base/lib/python3.11/site-packages/aiohttp/client.py", line 1488, in __aenter__
[2025-10-31 22:35:55] [STDERR]     self._resp: _RetType = await self._coro
[2025-10-31 22:35:55] [STDERR]                            ^^^^^^^^^^^^^^^^
[2025-10-31 22:35:55] [STDERR]   File "/opt/homebrew/Caskroom/miniconda/base/lib/python3.11/site-packages/aiohttp/client.py", line 770, in _request
[2025-10-31 22:35:55] [STDERR]     resp = await handler(req)
[2025-10-31 22:35:55] [STDERR]            ^^^^^^^^^^^^^^^^^^
[2025-10-31 22:35:55] [STDERR]   File "/opt/homebrew/Caskroom/miniconda/base/lib/python3.11/site-packages/aiohttp/client.py", line 725, in _connect_and_send_request
[2025-10-31 22:35:55] [STDERR]     conn = await self._connector.connect(
[2025-10-31 22:35:55] [STDERR]            ^^^^^^^^^^^^^^^^^^^^^^^^^^^^^^
[2025-10-31 22:35:55] [STDERR]   File "/opt/homebrew/Caskroom/miniconda/base/lib/python3.11/site-packages/aiohttp/connector.py", line 642, in connect
[2025-10-31 22:35:55] [STDERR]     proto = await self._create_connection(req, traces, timeout)
[2025-10-31 22:35:55] [STDERR]             ^^^^^^^^^^^^^^^^^^^^^^^^^^^^^^^^^^^^^^^^^^^^^^^^^^^
[2025-10-31 22:35:55] [STDERR]   File "/opt/homebrew/Caskroom/miniconda/base/lib/python3.11/site-packages/aiohttp/connector.py", line 1209, in _create_connection
[2025-10-31 22:35:55] [STDERR]     _, proto = await self._create_direct_connection(req, traces, timeout)
[2025-10-31 22:35:55] [STDERR]                ^^^^^^^^^^^^^^^^^^^^^^^^^^^^^^^^^^^^^^^^^^^^^^^^^^^^^^^^^^
[2025-10-31 22:35:55] [STDERR]   File "/opt/homebrew/Caskroom/miniconda/base/lib/python3.11/site-packages/aiohttp/connector.py", line 1581, in _create_direct_connection
[2025-10-31 22:35:55] [STDERR]     raise last_exc
[2025-10-31 22:35:55] [STDERR]   File "/opt/homebrew/Caskroom/miniconda/base/lib/python3.11/site-packages/aiohttp/connector.py", line 1550, in _create_direct_connection
[2025-10-31 22:35:55] [STDERR]     transp, proto = await self._wrap_create_connection(
[2025-10-31 22:35:55] [STDERR]                     ^^^^^^^^^^^^^^^^^^^^^^^^^^^^^^^^^^^
[2025-10-31 22:35:55] [STDERR]   File "/opt/homebrew/Caskroom/miniconda/base/lib/python3.11/site-packages/aiohttp/connector.py", line 1291, in _wrap_create_connection
[2025-10-31 22:35:55] [STDERR]     raise client_error(req.connection_key, exc) from exc
[2025-10-31 22:35:55] [STDERR] aiohttp.client_exceptions.ClientConnectorError: Cannot connect to host localhost:3100 ssl:default [Multiple exceptions: [Errno 61] Connect call failed ('127.0.0.1', 3100), [Errno 61] Connect call failed ('::1', 3100, 0, 0)]
[2025-10-31 22:36:00] [STDERR] 2025-10-31 22:36:00,495 - LokiExporter.loki-exporter - ERROR - Failed to export logs to Loki: Cannot connect to host localhost:3100 ssl:default [Multiple exceptions: [Errno 61] Connect call failed ('::1', 3100, 0, 0), [Errno 61] Connect call failed ('127.0.0.1', 3100)]
[2025-10-31 22:36:00] [STDERR] Traceback (most recent call last):
[2025-10-31 22:36:00] [STDERR]   File "/opt/homebrew/Caskroom/miniconda/base/lib/python3.11/site-packages/aiohttp/connector.py", line 1268, in _wrap_create_connection
[2025-10-31 22:36:00] [STDERR]     sock = await aiohappyeyeballs.start_connection(
[2025-10-31 22:36:00] [STDERR]            ^^^^^^^^^^^^^^^^^^^^^^^^^^^^^^^^^^^^^^^^
[2025-10-31 22:36:00] [STDERR]   File "/opt/homebrew/Caskroom/miniconda/base/lib/python3.11/site-packages/aiohappyeyeballs/impl.py", line 141, in start_connection
[2025-10-31 22:36:00] [STDERR]     raise OSError(first_errno, msg)
[2025-10-31 22:36:00] [STDERR] ConnectionRefusedError: [Errno 61] Multiple exceptions: [Errno 61] Connect call failed ('::1', 3100, 0, 0), [Errno 61] Connect call failed ('127.0.0.1', 3100)
[2025-10-31 22:36:00] [STDERR] 
[2025-10-31 22:36:00] [STDERR] The above exception was the direct cause of the following exception:
[2025-10-31 22:36:00] [STDERR] 
[2025-10-31 22:36:00] [STDERR] Traceback (most recent call last):
[2025-10-31 22:36:00] [STDERR]   File "/Users/leifmarkthaler/github/gleitzeit 0.0.7/src/gleitzeit/workers/loki_exporter_worker.py", line 251, in export_logs_to_loki
[2025-10-31 22:36:00] [STDERR]     async with self.session.post(
[2025-10-31 22:36:00] [STDERR]   File "/opt/homebrew/Caskroom/miniconda/base/lib/python3.11/site-packages/aiohttp/client.py", line 1488, in __aenter__
[2025-10-31 22:36:00] [STDERR]     self._resp: _RetType = await self._coro
[2025-10-31 22:36:00] [STDERR]                            ^^^^^^^^^^^^^^^^
[2025-10-31 22:36:00] [STDERR]   File "/opt/homebrew/Caskroom/miniconda/base/lib/python3.11/site-packages/aiohttp/client.py", line 770, in _request
[2025-10-31 22:36:00] [STDERR]     resp = await handler(req)
[2025-10-31 22:36:00] [STDERR]            ^^^^^^^^^^^^^^^^^^
[2025-10-31 22:36:00] [STDERR]   File "/opt/homebrew/Caskroom/miniconda/base/lib/python3.11/site-packages/aiohttp/client.py", line 725, in _connect_and_send_request
[2025-10-31 22:36:00] [STDERR]     conn = await self._connector.connect(
[2025-10-31 22:36:00] [STDERR]            ^^^^^^^^^^^^^^^^^^^^^^^^^^^^^^
[2025-10-31 22:36:00] [STDERR]   File "/opt/homebrew/Caskroom/miniconda/base/lib/python3.11/site-packages/aiohttp/connector.py", line 642, in connect
[2025-10-31 22:36:00] [STDERR]     proto = await self._create_connection(req, traces, timeout)
[2025-10-31 22:36:00] [STDERR]             ^^^^^^^^^^^^^^^^^^^^^^^^^^^^^^^^^^^^^^^^^^^^^^^^^^^
[2025-10-31 22:36:00] [STDERR]   File "/opt/homebrew/Caskroom/miniconda/base/lib/python3.11/site-packages/aiohttp/connector.py", line 1209, in _create_connection
[2025-10-31 22:36:00] [STDERR]     _, proto = await self._create_direct_connection(req, traces, timeout)
[2025-10-31 22:36:00] [STDERR]                ^^^^^^^^^^^^^^^^^^^^^^^^^^^^^^^^^^^^^^^^^^^^^^^^^^^^^^^^^^
[2025-10-31 22:36:00] [STDERR]   File "/opt/homebrew/Caskroom/miniconda/base/lib/python3.11/site-packages/aiohttp/connector.py", line 1581, in _create_direct_connection
[2025-10-31 22:36:00] [STDERR]     raise last_exc
[2025-10-31 22:36:00] [STDERR]   File "/opt/homebrew/Caskroom/miniconda/base/lib/python3.11/site-packages/aiohttp/connector.py", line 1550, in _create_direct_connection
[2025-10-31 22:36:00] [STDERR]     transp, proto = await self._wrap_create_connection(
[2025-10-31 22:36:00] [STDERR]                     ^^^^^^^^^^^^^^^^^^^^^^^^^^^^^^^^^^^
[2025-10-31 22:36:00] [STDERR]   File "/opt/homebrew/Caskroom/miniconda/base/lib/python3.11/site-packages/aiohttp/connector.py", line 1291, in _wrap_create_connection
[2025-10-31 22:36:00] [STDERR]     raise client_error(req.connection_key, exc) from exc
[2025-10-31 22:36:00] [STDERR] aiohttp.client_exceptions.ClientConnectorError: Cannot connect to host localhost:3100 ssl:default [Multiple exceptions: [Errno 61] Connect call failed ('::1', 3100, 0, 0), [Errno 61] Connect call failed ('127.0.0.1', 3100)]
[2025-10-31 22:36:05] [STDERR] 2025-10-31 22:36:05,535 - LokiExporter.loki-exporter - ERROR - Failed to export logs to Loki: Cannot connect to host localhost:3100 ssl:default [Multiple exceptions: [Errno 61] Connect call failed ('127.0.0.1', 3100), [Errno 61] Connect call failed ('::1', 3100, 0, 0)]
[2025-10-31 22:36:05] [STDERR] Traceback (most recent call last):
[2025-10-31 22:36:05] [STDERR]   File "/opt/homebrew/Caskroom/miniconda/base/lib/python3.11/site-packages/aiohttp/connector.py", line 1268, in _wrap_create_connection
[2025-10-31 22:36:05] [STDERR]     sock = await aiohappyeyeballs.start_connection(
[2025-10-31 22:36:05] [STDERR]            ^^^^^^^^^^^^^^^^^^^^^^^^^^^^^^^^^^^^^^^^
[2025-10-31 22:36:05] [STDERR]   File "/opt/homebrew/Caskroom/miniconda/base/lib/python3.11/site-packages/aiohappyeyeballs/impl.py", line 141, in start_connection
[2025-10-31 22:36:05] [STDERR]     raise OSError(first_errno, msg)
[2025-10-31 22:36:05] [STDERR] ConnectionRefusedError: [Errno 61] Multiple exceptions: [Errno 61] Connect call failed ('127.0.0.1', 3100), [Errno 61] Connect call failed ('::1', 3100, 0, 0)
[2025-10-31 22:36:05] [STDERR] 
[2025-10-31 22:36:05] [STDERR] The above exception was the direct cause of the following exception:
[2025-10-31 22:36:05] [STDERR] 
[2025-10-31 22:36:05] [STDERR] Traceback (most recent call last):
[2025-10-31 22:36:05] [STDERR]   File "/Users/leifmarkthaler/github/gleitzeit 0.0.7/src/gleitzeit/workers/loki_exporter_worker.py", line 251, in export_logs_to_loki
[2025-10-31 22:36:05] [STDERR]     async with self.session.post(
[2025-10-31 22:36:05] [STDERR]   File "/opt/homebrew/Caskroom/miniconda/base/lib/python3.11/site-packages/aiohttp/client.py", line 1488, in __aenter__
[2025-10-31 22:36:05] [STDERR]     self._resp: _RetType = await self._coro
[2025-10-31 22:36:05] [STDERR]                            ^^^^^^^^^^^^^^^^
[2025-10-31 22:36:05] [STDERR]   File "/opt/homebrew/Caskroom/miniconda/base/lib/python3.11/site-packages/aiohttp/client.py", line 770, in _request
[2025-10-31 22:36:05] [STDERR]     resp = await handler(req)
[2025-10-31 22:36:05] [STDERR]            ^^^^^^^^^^^^^^^^^^
[2025-10-31 22:36:05] [STDERR]   File "/opt/homebrew/Caskroom/miniconda/base/lib/python3.11/site-packages/aiohttp/client.py", line 725, in _connect_and_send_request
[2025-10-31 22:36:05] [STDERR]     conn = await self._connector.connect(
[2025-10-31 22:36:05] [STDERR]            ^^^^^^^^^^^^^^^^^^^^^^^^^^^^^^
[2025-10-31 22:36:05] [STDERR]   File "/opt/homebrew/Caskroom/miniconda/base/lib/python3.11/site-packages/aiohttp/connector.py", line 642, in connect
[2025-10-31 22:36:05] [STDERR]     proto = await self._create_connection(req, traces, timeout)
[2025-10-31 22:36:05] [STDERR]             ^^^^^^^^^^^^^^^^^^^^^^^^^^^^^^^^^^^^^^^^^^^^^^^^^^^
[2025-10-31 22:36:05] [STDERR]   File "/opt/homebrew/Caskroom/miniconda/base/lib/python3.11/site-packages/aiohttp/connector.py", line 1209, in _create_connection
[2025-10-31 22:36:05] [STDERR]     _, proto = await self._create_direct_connection(req, traces, timeout)
[2025-10-31 22:36:05] [STDERR]                ^^^^^^^^^^^^^^^^^^^^^^^^^^^^^^^^^^^^^^^^^^^^^^^^^^^^^^^^^^
[2025-10-31 22:36:05] [STDERR]   File "/opt/homebrew/Caskroom/miniconda/base/lib/python3.11/site-packages/aiohttp/connector.py", line 1581, in _create_direct_connection
[2025-10-31 22:36:05] [STDERR]     raise last_exc
[2025-10-31 22:36:05] [STDERR]   File "/opt/homebrew/Caskroom/miniconda/base/lib/python3.11/site-packages/aiohttp/connector.py", line 1550, in _create_direct_connection
[2025-10-31 22:36:05] [STDERR]     transp, proto = await self._wrap_create_connection(
[2025-10-31 22:36:05] [STDERR]                     ^^^^^^^^^^^^^^^^^^^^^^^^^^^^^^^^^^^
[2025-10-31 22:36:05] [STDERR]   File "/opt/homebrew/Caskroom/miniconda/base/lib/python3.11/site-packages/aiohttp/connector.py", line 1291, in _wrap_create_connection
[2025-10-31 22:36:05] [STDERR]     raise client_error(req.connection_key, exc) from exc
[2025-10-31 22:36:05] [STDERR] aiohttp.client_exceptions.ClientConnectorError: Cannot connect to host localhost:3100 ssl:default [Multiple exceptions: [Errno 61] Connect call failed ('127.0.0.1', 3100), [Errno 61] Connect call failed ('::1', 3100, 0, 0)]
[2025-10-31 22:36:10] [STDERR] 2025-10-31 22:36:10,575 - LokiExporter.loki-exporter - ERROR - Failed to export logs to Loki: Cannot connect to host localhost:3100 ssl:default [Multiple exceptions: [Errno 61] Connect call failed ('::1', 3100, 0, 0), [Errno 61] Connect call failed ('127.0.0.1', 3100)]
[2025-10-31 22:36:10] [STDERR] Traceback (most recent call last):
[2025-10-31 22:36:10] [STDERR]   File "/opt/homebrew/Caskroom/miniconda/base/lib/python3.11/site-packages/aiohttp/connector.py", line 1268, in _wrap_create_connection
[2025-10-31 22:36:10] [STDERR]     sock = await aiohappyeyeballs.start_connection(
[2025-10-31 22:36:10] [STDERR]            ^^^^^^^^^^^^^^^^^^^^^^^^^^^^^^^^^^^^^^^^
[2025-10-31 22:36:10] [STDERR]   File "/opt/homebrew/Caskroom/miniconda/base/lib/python3.11/site-packages/aiohappyeyeballs/impl.py", line 141, in start_connection
[2025-10-31 22:36:10] [STDERR]     raise OSError(first_errno, msg)
[2025-10-31 22:36:10] [STDERR] ConnectionRefusedError: [Errno 61] Multiple exceptions: [Errno 61] Connect call failed ('::1', 3100, 0, 0), [Errno 61] Connect call failed ('127.0.0.1', 3100)
[2025-10-31 22:36:10] [STDERR] 
[2025-10-31 22:36:10] [STDERR] The above exception was the direct cause of the following exception:
[2025-10-31 22:36:10] [STDERR] 
[2025-10-31 22:36:10] [STDERR] Traceback (most recent call last):
[2025-10-31 22:36:10] [STDERR]   File "/Users/leifmarkthaler/github/gleitzeit 0.0.7/src/gleitzeit/workers/loki_exporter_worker.py", line 251, in export_logs_to_loki
[2025-10-31 22:36:10] [STDERR]     async with self.session.post(
[2025-10-31 22:36:10] [STDERR]   File "/opt/homebrew/Caskroom/miniconda/base/lib/python3.11/site-packages/aiohttp/client.py", line 1488, in __aenter__
[2025-10-31 22:36:10] [STDERR]     self._resp: _RetType = await self._coro
[2025-10-31 22:36:10] [STDERR]                            ^^^^^^^^^^^^^^^^
[2025-10-31 22:36:10] [STDERR]   File "/opt/homebrew/Caskroom/miniconda/base/lib/python3.11/site-packages/aiohttp/client.py", line 770, in _request
[2025-10-31 22:36:10] [STDERR]     resp = await handler(req)
[2025-10-31 22:36:10] [STDERR]            ^^^^^^^^^^^^^^^^^^
[2025-10-31 22:36:10] [STDERR]   File "/opt/homebrew/Caskroom/miniconda/base/lib/python3.11/site-packages/aiohttp/client.py", line 725, in _connect_and_send_request
[2025-10-31 22:36:10] [STDERR]     conn = await self._connector.connect(
[2025-10-31 22:36:10] [STDERR]            ^^^^^^^^^^^^^^^^^^^^^^^^^^^^^^
[2025-10-31 22:36:10] [STDERR]   File "/opt/homebrew/Caskroom/miniconda/base/lib/python3.11/site-packages/aiohttp/connector.py", line 642, in connect
[2025-10-31 22:36:10] [STDERR]     proto = await self._create_connection(req, traces, timeout)
[2025-10-31 22:36:10] [STDERR]             ^^^^^^^^^^^^^^^^^^^^^^^^^^^^^^^^^^^^^^^^^^^^^^^^^^^
[2025-10-31 22:36:10] [STDERR]   File "/opt/homebrew/Caskroom/miniconda/base/lib/python3.11/site-packages/aiohttp/connector.py", line 1209, in _create_connection
[2025-10-31 22:36:10] [STDERR]     _, proto = await self._create_direct_connection(req, traces, timeout)
[2025-10-31 22:36:10] [STDERR]                ^^^^^^^^^^^^^^^^^^^^^^^^^^^^^^^^^^^^^^^^^^^^^^^^^^^^^^^^^^
[2025-10-31 22:36:10] [STDERR]   File "/opt/homebrew/Caskroom/miniconda/base/lib/python3.11/site-packages/aiohttp/connector.py", line 1581, in _create_direct_connection
[2025-10-31 22:36:10] [STDERR]     raise last_exc
[2025-10-31 22:36:10] [STDERR]   File "/opt/homebrew/Caskroom/miniconda/base/lib/python3.11/site-packages/aiohttp/connector.py", line 1550, in _create_direct_connection
[2025-10-31 22:36:10] [STDERR]     transp, proto = await self._wrap_create_connection(
[2025-10-31 22:36:10] [STDERR]                     ^^^^^^^^^^^^^^^^^^^^^^^^^^^^^^^^^^^
[2025-10-31 22:36:10] [STDERR]   File "/opt/homebrew/Caskroom/miniconda/base/lib/python3.11/site-packages/aiohttp/connector.py", line 1291, in _wrap_create_connection
[2025-10-31 22:36:10] [STDERR]     raise client_error(req.connection_key, exc) from exc
[2025-10-31 22:36:10] [STDERR] aiohttp.client_exceptions.ClientConnectorError: Cannot connect to host localhost:3100 ssl:default [Multiple exceptions: [Errno 61] Connect call failed ('::1', 3100, 0, 0), [Errno 61] Connect call failed ('127.0.0.1', 3100)]
[2025-10-31 22:36:15] [STDERR] 2025-10-31 22:36:15,653 - LokiExporter.loki-exporter - ERROR - Failed to export logs to Loki: Cannot connect to host localhost:3100 ssl:default [Multiple exceptions: [Errno 61] Connect call failed ('127.0.0.1', 3100), [Errno 61] Connect call failed ('::1', 3100, 0, 0)]
[2025-10-31 22:36:15] [STDERR] Traceback (most recent call last):
[2025-10-31 22:36:15] [STDERR]   File "/opt/homebrew/Caskroom/miniconda/base/lib/python3.11/site-packages/aiohttp/connector.py", line 1268, in _wrap_create_connection
[2025-10-31 22:36:15] [STDERR]     sock = await aiohappyeyeballs.start_connection(
[2025-10-31 22:36:15] [STDERR]            ^^^^^^^^^^^^^^^^^^^^^^^^^^^^^^^^^^^^^^^^
[2025-10-31 22:36:15] [STDERR]   File "/opt/homebrew/Caskroom/miniconda/base/lib/python3.11/site-packages/aiohappyeyeballs/impl.py", line 141, in start_connection
[2025-10-31 22:36:15] [STDERR]     raise OSError(first_errno, msg)
[2025-10-31 22:36:15] [STDERR] ConnectionRefusedError: [Errno 61] Multiple exceptions: [Errno 61] Connect call failed ('127.0.0.1', 3100), [Errno 61] Connect call failed ('::1', 3100, 0, 0)
[2025-10-31 22:36:15] [STDERR] 
[2025-10-31 22:36:15] [STDERR] The above exception was the direct cause of the following exception:
[2025-10-31 22:36:15] [STDERR] 
[2025-10-31 22:36:15] [STDERR] Traceback (most recent call last):
[2025-10-31 22:36:15] [STDERR]   File "/Users/leifmarkthaler/github/gleitzeit 0.0.7/src/gleitzeit/workers/loki_exporter_worker.py", line 251, in export_logs_to_loki
[2025-10-31 22:36:15] [STDERR]     async with self.session.post(
[2025-10-31 22:36:15] [STDERR]   File "/opt/homebrew/Caskroom/miniconda/base/lib/python3.11/site-packages/aiohttp/client.py", line 1488, in __aenter__
[2025-10-31 22:36:15] [STDERR]     self._resp: _RetType = await self._coro
[2025-10-31 22:36:15] [STDERR]                            ^^^^^^^^^^^^^^^^
[2025-10-31 22:36:15] [STDERR]   File "/opt/homebrew/Caskroom/miniconda/base/lib/python3.11/site-packages/aiohttp/client.py", line 770, in _request
[2025-10-31 22:36:15] [STDERR]     resp = await handler(req)
[2025-10-31 22:36:15] [STDERR]            ^^^^^^^^^^^^^^^^^^
[2025-10-31 22:36:15] [STDERR]   File "/opt/homebrew/Caskroom/miniconda/base/lib/python3.11/site-packages/aiohttp/client.py", line 725, in _connect_and_send_request
[2025-10-31 22:36:15] [STDERR]     conn = await self._connector.connect(
[2025-10-31 22:36:15] [STDERR]            ^^^^^^^^^^^^^^^^^^^^^^^^^^^^^^
[2025-10-31 22:36:15] [STDERR]   File "/opt/homebrew/Caskroom/miniconda/base/lib/python3.11/site-packages/aiohttp/connector.py", line 642, in connect
[2025-10-31 22:36:15] [STDERR]     proto = await self._create_connection(req, traces, timeout)
[2025-10-31 22:36:15] [STDERR]             ^^^^^^^^^^^^^^^^^^^^^^^^^^^^^^^^^^^^^^^^^^^^^^^^^^^
[2025-10-31 22:36:15] [STDERR]   File "/opt/homebrew/Caskroom/miniconda/base/lib/python3.11/site-packages/aiohttp/connector.py", line 1209, in _create_connection
[2025-10-31 22:36:15] [STDERR]     _, proto = await self._create_direct_connection(req, traces, timeout)
[2025-10-31 22:36:15] [STDERR]                ^^^^^^^^^^^^^^^^^^^^^^^^^^^^^^^^^^^^^^^^^^^^^^^^^^^^^^^^^^
[2025-10-31 22:36:15] [STDERR]   File "/opt/homebrew/Caskroom/miniconda/base/lib/python3.11/site-packages/aiohttp/connector.py", line 1581, in _create_direct_connection
[2025-10-31 22:36:15] [STDERR]     raise last_exc
[2025-10-31 22:36:15] [STDERR]   File "/opt/homebrew/Caskroom/miniconda/base/lib/python3.11/site-packages/aiohttp/connector.py", line 1550, in _create_direct_connection
[2025-10-31 22:36:15] [STDERR]     transp, proto = await self._wrap_create_connection(
[2025-10-31 22:36:15] [STDERR]                     ^^^^^^^^^^^^^^^^^^^^^^^^^^^^^^^^^^^
[2025-10-31 22:36:15] [STDERR]   File "/opt/homebrew/Caskroom/miniconda/base/lib/python3.11/site-packages/aiohttp/connector.py", line 1291, in _wrap_create_connection
[2025-10-31 22:36:15] [STDERR]     raise client_error(req.connection_key, exc) from exc
[2025-10-31 22:36:15] [STDERR] aiohttp.client_exceptions.ClientConnectorError: Cannot connect to host localhost:3100 ssl:default [Multiple exceptions: [Errno 61] Connect call failed ('127.0.0.1', 3100), [Errno 61] Connect call failed ('::1', 3100, 0, 0)]
[2025-10-31 22:36:20] [STDERR] 2025-10-31 22:36:20,687 - LokiExporter.loki-exporter - ERROR - Failed to export logs to Loki: Cannot connect to host localhost:3100 ssl:default [Multiple exceptions: [Errno 61] Connect call failed ('::1', 3100, 0, 0), [Errno 61] Connect call failed ('127.0.0.1', 3100)]
[2025-10-31 22:36:20] [STDERR] Traceback (most recent call last):
[2025-10-31 22:36:20] [STDERR]   File "/opt/homebrew/Caskroom/miniconda/base/lib/python3.11/site-packages/aiohttp/connector.py", line 1268, in _wrap_create_connection
[2025-10-31 22:36:20] [STDERR]     sock = await aiohappyeyeballs.start_connection(
[2025-10-31 22:36:20] [STDERR]            ^^^^^^^^^^^^^^^^^^^^^^^^^^^^^^^^^^^^^^^^
[2025-10-31 22:36:20] [STDERR]   File "/opt/homebrew/Caskroom/miniconda/base/lib/python3.11/site-packages/aiohappyeyeballs/impl.py", line 141, in start_connection
[2025-10-31 22:36:20] [STDERR]     raise OSError(first_errno, msg)
[2025-10-31 22:36:20] [STDERR] ConnectionRefusedError: [Errno 61] Multiple exceptions: [Errno 61] Connect call failed ('::1', 3100, 0, 0), [Errno 61] Connect call failed ('127.0.0.1', 3100)
[2025-10-31 22:36:20] [STDERR] 
[2025-10-31 22:36:20] [STDERR] The above exception was the direct cause of the following exception:
[2025-10-31 22:36:20] [STDERR] 
[2025-10-31 22:36:20] [STDERR] Traceback (most recent call last):
[2025-10-31 22:36:20] [STDERR]   File "/Users/leifmarkthaler/github/gleitzeit 0.0.7/src/gleitzeit/workers/loki_exporter_worker.py", line 251, in export_logs_to_loki
[2025-10-31 22:36:20] [STDERR]     async with self.session.post(
[2025-10-31 22:36:20] [STDERR]   File "/opt/homebrew/Caskroom/miniconda/base/lib/python3.11/site-packages/aiohttp/client.py", line 1488, in __aenter__
[2025-10-31 22:36:20] [STDERR]     self._resp: _RetType = await self._coro
[2025-10-31 22:36:20] [STDERR]                            ^^^^^^^^^^^^^^^^
[2025-10-31 22:36:20] [STDERR]   File "/opt/homebrew/Caskroom/miniconda/base/lib/python3.11/site-packages/aiohttp/client.py", line 770, in _request
[2025-10-31 22:36:20] [STDERR]     resp = await handler(req)
[2025-10-31 22:36:20] [STDERR]            ^^^^^^^^^^^^^^^^^^
[2025-10-31 22:36:20] [STDERR]   File "/opt/homebrew/Caskroom/miniconda/base/lib/python3.11/site-packages/aiohttp/client.py", line 725, in _connect_and_send_request
[2025-10-31 22:36:20] [STDERR]     conn = await self._connector.connect(
[2025-10-31 22:36:20] [STDERR]            ^^^^^^^^^^^^^^^^^^^^^^^^^^^^^^
[2025-10-31 22:36:20] [STDERR]   File "/opt/homebrew/Caskroom/miniconda/base/lib/python3.11/site-packages/aiohttp/connector.py", line 642, in connect
[2025-10-31 22:36:20] [STDERR]     proto = await self._create_connection(req, traces, timeout)
[2025-10-31 22:36:20] [STDERR]             ^^^^^^^^^^^^^^^^^^^^^^^^^^^^^^^^^^^^^^^^^^^^^^^^^^^
[2025-10-31 22:36:20] [STDERR]   File "/opt/homebrew/Caskroom/miniconda/base/lib/python3.11/site-packages/aiohttp/connector.py", line 1209, in _create_connection
[2025-10-31 22:36:20] [STDERR]     _, proto = await self._create_direct_connection(req, traces, timeout)
[2025-10-31 22:36:20] [STDERR]                ^^^^^^^^^^^^^^^^^^^^^^^^^^^^^^^^^^^^^^^^^^^^^^^^^^^^^^^^^^
[2025-10-31 22:36:20] [STDERR]   File "/opt/homebrew/Caskroom/miniconda/base/lib/python3.11/site-packages/aiohttp/connector.py", line 1581, in _create_direct_connection
[2025-10-31 22:36:20] [STDERR]     raise last_exc
[2025-10-31 22:36:20] [STDERR]   File "/opt/homebrew/Caskroom/miniconda/base/lib/python3.11/site-packages/aiohttp/connector.py", line 1550, in _create_direct_connection
[2025-10-31 22:36:20] [STDERR]     transp, proto = await self._wrap_create_connection(
[2025-10-31 22:36:20] [STDERR]                     ^^^^^^^^^^^^^^^^^^^^^^^^^^^^^^^^^^^
[2025-10-31 22:36:20] [STDERR]   File "/opt/homebrew/Caskroom/miniconda/base/lib/python3.11/site-packages/aiohttp/connector.py", line 1291, in _wrap_create_connection
[2025-10-31 22:36:20] [STDERR]     raise client_error(req.connection_key, exc) from exc
[2025-10-31 22:36:20] [STDERR] aiohttp.client_exceptions.ClientConnectorError: Cannot connect to host localhost:3100 ssl:default [Multiple exceptions: [Errno 61] Connect call failed ('::1', 3100, 0, 0), [Errno 61] Connect call failed ('127.0.0.1', 3100)]
[2025-10-31 22:36:25] [STDERR] 2025-10-31 22:36:25,720 - LokiExporter.loki-exporter - ERROR - Failed to export logs to Loki: Cannot connect to host localhost:3100 ssl:default [Multiple exceptions: [Errno 61] Connect call failed ('127.0.0.1', 3100), [Errno 61] Connect call failed ('::1', 3100, 0, 0)]
[2025-10-31 22:36:25] [STDERR] Traceback (most recent call last):
[2025-10-31 22:36:25] [STDERR]   File "/opt/homebrew/Caskroom/miniconda/base/lib/python3.11/site-packages/aiohttp/connector.py", line 1268, in _wrap_create_connection
[2025-10-31 22:36:25] [STDERR]     sock = await aiohappyeyeballs.start_connection(
[2025-10-31 22:36:25] [STDERR]            ^^^^^^^^^^^^^^^^^^^^^^^^^^^^^^^^^^^^^^^^
[2025-10-31 22:36:25] [STDERR]   File "/opt/homebrew/Caskroom/miniconda/base/lib/python3.11/site-packages/aiohappyeyeballs/impl.py", line 141, in start_connection
[2025-10-31 22:36:25] [STDERR]     raise OSError(first_errno, msg)
[2025-10-31 22:36:25] [STDERR] ConnectionRefusedError: [Errno 61] Multiple exceptions: [Errno 61] Connect call failed ('127.0.0.1', 3100), [Errno 61] Connect call failed ('::1', 3100, 0, 0)
[2025-10-31 22:36:25] [STDERR] 
[2025-10-31 22:36:25] [STDERR] The above exception was the direct cause of the following exception:
[2025-10-31 22:36:25] [STDERR] 
[2025-10-31 22:36:25] [STDERR] Traceback (most recent call last):
[2025-10-31 22:36:25] [STDERR]   File "/Users/leifmarkthaler/github/gleitzeit 0.0.7/src/gleitzeit/workers/loki_exporter_worker.py", line 251, in export_logs_to_loki
[2025-10-31 22:36:25] [STDERR]     async with self.session.post(
[2025-10-31 22:36:25] [STDERR]   File "/opt/homebrew/Caskroom/miniconda/base/lib/python3.11/site-packages/aiohttp/client.py", line 1488, in __aenter__
[2025-10-31 22:36:25] [STDERR]     self._resp: _RetType = await self._coro
[2025-10-31 22:36:25] [STDERR]                            ^^^^^^^^^^^^^^^^
[2025-10-31 22:36:25] [STDERR]   File "/opt/homebrew/Caskroom/miniconda/base/lib/python3.11/site-packages/aiohttp/client.py", line 770, in _request
[2025-10-31 22:36:25] [STDERR]     resp = await handler(req)
[2025-10-31 22:36:25] [STDERR]            ^^^^^^^^^^^^^^^^^^
[2025-10-31 22:36:25] [STDERR]   File "/opt/homebrew/Caskroom/miniconda/base/lib/python3.11/site-packages/aiohttp/client.py", line 725, in _connect_and_send_request
[2025-10-31 22:36:25] [STDERR]     conn = await self._connector.connect(
[2025-10-31 22:36:25] [STDERR]            ^^^^^^^^^^^^^^^^^^^^^^^^^^^^^^
[2025-10-31 22:36:25] [STDERR]   File "/opt/homebrew/Caskroom/miniconda/base/lib/python3.11/site-packages/aiohttp/connector.py", line 642, in connect
[2025-10-31 22:36:25] [STDERR]     proto = await self._create_connection(req, traces, timeout)
[2025-10-31 22:36:25] [STDERR]             ^^^^^^^^^^^^^^^^^^^^^^^^^^^^^^^^^^^^^^^^^^^^^^^^^^^
[2025-10-31 22:36:25] [STDERR]   File "/opt/homebrew/Caskroom/miniconda/base/lib/python3.11/site-packages/aiohttp/connector.py", line 1209, in _create_connection
[2025-10-31 22:36:25] [STDERR]     _, proto = await self._create_direct_connection(req, traces, timeout)
[2025-10-31 22:36:25] [STDERR]                ^^^^^^^^^^^^^^^^^^^^^^^^^^^^^^^^^^^^^^^^^^^^^^^^^^^^^^^^^^
[2025-10-31 22:36:25] [STDERR]   File "/opt/homebrew/Caskroom/miniconda/base/lib/python3.11/site-packages/aiohttp/connector.py", line 1581, in _create_direct_connection
[2025-10-31 22:36:25] [STDERR]     raise last_exc
[2025-10-31 22:36:25] [STDERR]   File "/opt/homebrew/Caskroom/miniconda/base/lib/python3.11/site-packages/aiohttp/connector.py", line 1550, in _create_direct_connection
[2025-10-31 22:36:25] [STDERR]     transp, proto = await self._wrap_create_connection(
[2025-10-31 22:36:25] [STDERR]                     ^^^^^^^^^^^^^^^^^^^^^^^^^^^^^^^^^^^
[2025-10-31 22:36:25] [STDERR]   File "/opt/homebrew/Caskroom/miniconda/base/lib/python3.11/site-packages/aiohttp/connector.py", line 1291, in _wrap_create_connection
[2025-10-31 22:36:25] [STDERR]     raise client_error(req.connection_key, exc) from exc
[2025-10-31 22:36:25] [STDERR] aiohttp.client_exceptions.ClientConnectorError: Cannot connect to host localhost:3100 ssl:default [Multiple exceptions: [Errno 61] Connect call failed ('127.0.0.1', 3100), [Errno 61] Connect call failed ('::1', 3100, 0, 0)]
[2025-10-31 22:36:30] [STDERR] 2025-10-31 22:36:30,759 - LokiExporter.loki-exporter - ERROR - Failed to export logs to Loki: Cannot connect to host localhost:3100 ssl:default [Multiple exceptions: [Errno 61] Connect call failed ('::1', 3100, 0, 0), [Errno 61] Connect call failed ('127.0.0.1', 3100)]
[2025-10-31 22:36:30] [STDERR] Traceback (most recent call last):
[2025-10-31 22:36:30] [STDERR]   File "/opt/homebrew/Caskroom/miniconda/base/lib/python3.11/site-packages/aiohttp/connector.py", line 1268, in _wrap_create_connection
[2025-10-31 22:36:30] [STDERR]     sock = await aiohappyeyeballs.start_connection(
[2025-10-31 22:36:30] [STDERR]            ^^^^^^^^^^^^^^^^^^^^^^^^^^^^^^^^^^^^^^^^
[2025-10-31 22:36:30] [STDERR]   File "/opt/homebrew/Caskroom/miniconda/base/lib/python3.11/site-packages/aiohappyeyeballs/impl.py", line 141, in start_connection
[2025-10-31 22:36:30] [STDERR]     raise OSError(first_errno, msg)
[2025-10-31 22:36:30] [STDERR] ConnectionRefusedError: [Errno 61] Multiple exceptions: [Errno 61] Connect call failed ('::1', 3100, 0, 0), [Errno 61] Connect call failed ('127.0.0.1', 3100)
[2025-10-31 22:36:30] [STDERR] 
[2025-10-31 22:36:30] [STDERR] The above exception was the direct cause of the following exception:
[2025-10-31 22:36:30] [STDERR] 
[2025-10-31 22:36:30] [STDERR] Traceback (most recent call last):
[2025-10-31 22:36:30] [STDERR]   File "/Users/leifmarkthaler/github/gleitzeit 0.0.7/src/gleitzeit/workers/loki_exporter_worker.py", line 251, in export_logs_to_loki
[2025-10-31 22:36:30] [STDERR]     async with self.session.post(
[2025-10-31 22:36:30] [STDERR]   File "/opt/homebrew/Caskroom/miniconda/base/lib/python3.11/site-packages/aiohttp/client.py", line 1488, in __aenter__
[2025-10-31 22:36:30] [STDERR]     self._resp: _RetType = await self._coro
[2025-10-31 22:36:30] [STDERR]                            ^^^^^^^^^^^^^^^^
[2025-10-31 22:36:30] [STDERR]   File "/opt/homebrew/Caskroom/miniconda/base/lib/python3.11/site-packages/aiohttp/client.py", line 770, in _request
[2025-10-31 22:36:30] [STDERR]     resp = await handler(req)
[2025-10-31 22:36:30] [STDERR]            ^^^^^^^^^^^^^^^^^^
[2025-10-31 22:36:30] [STDERR]   File "/opt/homebrew/Caskroom/miniconda/base/lib/python3.11/site-packages/aiohttp/client.py", line 725, in _connect_and_send_request
[2025-10-31 22:36:30] [STDERR]     conn = await self._connector.connect(
[2025-10-31 22:36:30] [STDERR]            ^^^^^^^^^^^^^^^^^^^^^^^^^^^^^^
[2025-10-31 22:36:30] [STDERR]   File "/opt/homebrew/Caskroom/miniconda/base/lib/python3.11/site-packages/aiohttp/connector.py", line 642, in connect
[2025-10-31 22:36:30] [STDERR]     proto = await self._create_connection(req, traces, timeout)
[2025-10-31 22:36:30] [STDERR]             ^^^^^^^^^^^^^^^^^^^^^^^^^^^^^^^^^^^^^^^^^^^^^^^^^^^
[2025-10-31 22:36:30] [STDERR]   File "/opt/homebrew/Caskroom/miniconda/base/lib/python3.11/site-packages/aiohttp/connector.py", line 1209, in _create_connection
[2025-10-31 22:36:30] [STDERR]     _, proto = await self._create_direct_connection(req, traces, timeout)
[2025-10-31 22:36:30] [STDERR]                ^^^^^^^^^^^^^^^^^^^^^^^^^^^^^^^^^^^^^^^^^^^^^^^^^^^^^^^^^^
[2025-10-31 22:36:30] [STDERR]   File "/opt/homebrew/Caskroom/miniconda/base/lib/python3.11/site-packages/aiohttp/connector.py", line 1581, in _create_direct_connection
[2025-10-31 22:36:30] [STDERR]     raise last_exc
[2025-10-31 22:36:30] [STDERR]   File "/opt/homebrew/Caskroom/miniconda/base/lib/python3.11/site-packages/aiohttp/connector.py", line 1550, in _create_direct_connection
[2025-10-31 22:36:30] [STDERR]     transp, proto = await self._wrap_create_connection(
[2025-10-31 22:36:30] [STDERR]                     ^^^^^^^^^^^^^^^^^^^^^^^^^^^^^^^^^^^
[2025-10-31 22:36:30] [STDERR]   File "/opt/homebrew/Caskroom/miniconda/base/lib/python3.11/site-packages/aiohttp/connector.py", line 1291, in _wrap_create_connection
[2025-10-31 22:36:30] [STDERR]     raise client_error(req.connection_key, exc) from exc
[2025-10-31 22:36:30] [STDERR] aiohttp.client_exceptions.ClientConnectorError: Cannot connect to host localhost:3100 ssl:default [Multiple exceptions: [Errno 61] Connect call failed ('::1', 3100, 0, 0), [Errno 61] Connect call failed ('127.0.0.1', 3100)]
[2025-10-31 22:36:35] [STDERR] 2025-10-31 22:36:35,789 - LokiExporter.loki-exporter - ERROR - Failed to export logs to Loki: Cannot connect to host localhost:3100 ssl:default [Multiple exceptions: [Errno 61] Connect call failed ('127.0.0.1', 3100), [Errno 61] Connect call failed ('::1', 3100, 0, 0)]
[2025-10-31 22:36:35] [STDERR] Traceback (most recent call last):
[2025-10-31 22:36:35] [STDERR]   File "/opt/homebrew/Caskroom/miniconda/base/lib/python3.11/site-packages/aiohttp/connector.py", line 1268, in _wrap_create_connection
[2025-10-31 22:36:35] [STDERR]     sock = await aiohappyeyeballs.start_connection(
[2025-10-31 22:36:35] [STDERR]            ^^^^^^^^^^^^^^^^^^^^^^^^^^^^^^^^^^^^^^^^
[2025-10-31 22:36:35] [STDERR]   File "/opt/homebrew/Caskroom/miniconda/base/lib/python3.11/site-packages/aiohappyeyeballs/impl.py", line 141, in start_connection
[2025-10-31 22:36:35] [STDERR]     raise OSError(first_errno, msg)
[2025-10-31 22:36:35] [STDERR] ConnectionRefusedError: [Errno 61] Multiple exceptions: [Errno 61] Connect call failed ('127.0.0.1', 3100), [Errno 61] Connect call failed ('::1', 3100, 0, 0)
[2025-10-31 22:36:35] [STDERR] 
[2025-10-31 22:36:35] [STDERR] The above exception was the direct cause of the following exception:
[2025-10-31 22:36:35] [STDERR] 
[2025-10-31 22:36:35] [STDERR] Traceback (most recent call last):
[2025-10-31 22:36:35] [STDERR]   File "/Users/leifmarkthaler/github/gleitzeit 0.0.7/src/gleitzeit/workers/loki_exporter_worker.py", line 251, in export_logs_to_loki
[2025-10-31 22:36:35] [STDERR]     async with self.session.post(
[2025-10-31 22:36:35] [STDERR]   File "/opt/homebrew/Caskroom/miniconda/base/lib/python3.11/site-packages/aiohttp/client.py", line 1488, in __aenter__
[2025-10-31 22:36:35] [STDERR]     self._resp: _RetType = await self._coro
[2025-10-31 22:36:35] [STDERR]                            ^^^^^^^^^^^^^^^^
[2025-10-31 22:36:35] [STDERR]   File "/opt/homebrew/Caskroom/miniconda/base/lib/python3.11/site-packages/aiohttp/client.py", line 770, in _request
[2025-10-31 22:36:35] [STDERR]     resp = await handler(req)
[2025-10-31 22:36:35] [STDERR]            ^^^^^^^^^^^^^^^^^^
[2025-10-31 22:36:35] [STDERR]   File "/opt/homebrew/Caskroom/miniconda/base/lib/python3.11/site-packages/aiohttp/client.py", line 725, in _connect_and_send_request
[2025-10-31 22:36:35] [STDERR]     conn = await self._connector.connect(
[2025-10-31 22:36:35] [STDERR]            ^^^^^^^^^^^^^^^^^^^^^^^^^^^^^^
[2025-10-31 22:36:35] [STDERR]   File "/opt/homebrew/Caskroom/miniconda/base/lib/python3.11/site-packages/aiohttp/connector.py", line 642, in connect
[2025-10-31 22:36:35] [STDERR]     proto = await self._create_connection(req, traces, timeout)
[2025-10-31 22:36:35] [STDERR]             ^^^^^^^^^^^^^^^^^^^^^^^^^^^^^^^^^^^^^^^^^^^^^^^^^^^
[2025-10-31 22:36:35] [STDERR]   File "/opt/homebrew/Caskroom/miniconda/base/lib/python3.11/site-packages/aiohttp/connector.py", line 1209, in _create_connection
[2025-10-31 22:36:35] [STDERR]     _, proto = await self._create_direct_connection(req, traces, timeout)
[2025-10-31 22:36:35] [STDERR]                ^^^^^^^^^^^^^^^^^^^^^^^^^^^^^^^^^^^^^^^^^^^^^^^^^^^^^^^^^^
[2025-10-31 22:36:35] [STDERR]   File "/opt/homebrew/Caskroom/miniconda/base/lib/python3.11/site-packages/aiohttp/connector.py", line 1581, in _create_direct_connection
[2025-10-31 22:36:35] [STDERR]     raise last_exc
[2025-10-31 22:36:35] [STDERR]   File "/opt/homebrew/Caskroom/miniconda/base/lib/python3.11/site-packages/aiohttp/connector.py", line 1550, in _create_direct_connection
[2025-10-31 22:36:35] [STDERR]     transp, proto = await self._wrap_create_connection(
[2025-10-31 22:36:35] [STDERR]                     ^^^^^^^^^^^^^^^^^^^^^^^^^^^^^^^^^^^
[2025-10-31 22:36:35] [STDERR]   File "/opt/homebrew/Caskroom/miniconda/base/lib/python3.11/site-packages/aiohttp/connector.py", line 1291, in _wrap_create_connection
[2025-10-31 22:36:35] [STDERR]     raise client_error(req.connection_key, exc) from exc
[2025-10-31 22:36:35] [STDERR] aiohttp.client_exceptions.ClientConnectorError: Cannot connect to host localhost:3100 ssl:default [Multiple exceptions: [Errno 61] Connect call failed ('127.0.0.1', 3100), [Errno 61] Connect call failed ('::1', 3100, 0, 0)]
[2025-10-31 22:36:40] [STDERR] 2025-10-31 22:36:40,818 - LokiExporter.loki-exporter - ERROR - Failed to export logs to Loki: Cannot connect to host localhost:3100 ssl:default [Multiple exceptions: [Errno 61] Connect call failed ('::1', 3100, 0, 0), [Errno 61] Connect call failed ('127.0.0.1', 3100)]
[2025-10-31 22:36:40] [STDERR] Traceback (most recent call last):
[2025-10-31 22:36:40] [STDERR]   File "/opt/homebrew/Caskroom/miniconda/base/lib/python3.11/site-packages/aiohttp/connector.py", line 1268, in _wrap_create_connection
[2025-10-31 22:36:40] [STDERR]     sock = await aiohappyeyeballs.start_connection(
[2025-10-31 22:36:40] [STDERR]            ^^^^^^^^^^^^^^^^^^^^^^^^^^^^^^^^^^^^^^^^
[2025-10-31 22:36:40] [STDERR]   File "/opt/homebrew/Caskroom/miniconda/base/lib/python3.11/site-packages/aiohappyeyeballs/impl.py", line 141, in start_connection
[2025-10-31 22:36:40] [STDERR]     raise OSError(first_errno, msg)
[2025-10-31 22:36:40] [STDERR] ConnectionRefusedError: [Errno 61] Multiple exceptions: [Errno 61] Connect call failed ('::1', 3100, 0, 0), [Errno 61] Connect call failed ('127.0.0.1', 3100)
[2025-10-31 22:36:40] [STDERR] 
[2025-10-31 22:36:40] [STDERR] The above exception was the direct cause of the following exception:
[2025-10-31 22:36:40] [STDERR] 
[2025-10-31 22:36:40] [STDERR] Traceback (most recent call last):
[2025-10-31 22:36:40] [STDERR]   File "/Users/leifmarkthaler/github/gleitzeit 0.0.7/src/gleitzeit/workers/loki_exporter_worker.py", line 251, in export_logs_to_loki
[2025-10-31 22:36:40] [STDERR]     async with self.session.post(
[2025-10-31 22:36:40] [STDERR]   File "/opt/homebrew/Caskroom/miniconda/base/lib/python3.11/site-packages/aiohttp/client.py", line 1488, in __aenter__
[2025-10-31 22:36:40] [STDERR]     self._resp: _RetType = await self._coro
[2025-10-31 22:36:40] [STDERR]                            ^^^^^^^^^^^^^^^^
[2025-10-31 22:36:40] [STDERR]   File "/opt/homebrew/Caskroom/miniconda/base/lib/python3.11/site-packages/aiohttp/client.py", line 770, in _request
[2025-10-31 22:36:40] [STDERR]     resp = await handler(req)
[2025-10-31 22:36:40] [STDERR]            ^^^^^^^^^^^^^^^^^^
[2025-10-31 22:36:40] [STDERR]   File "/opt/homebrew/Caskroom/miniconda/base/lib/python3.11/site-packages/aiohttp/client.py", line 725, in _connect_and_send_request
[2025-10-31 22:36:40] [STDERR]     conn = await self._connector.connect(
[2025-10-31 22:36:40] [STDERR]            ^^^^^^^^^^^^^^^^^^^^^^^^^^^^^^
[2025-10-31 22:36:40] [STDERR]   File "/opt/homebrew/Caskroom/miniconda/base/lib/python3.11/site-packages/aiohttp/connector.py", line 642, in connect
[2025-10-31 22:36:40] [STDERR]     proto = await self._create_connection(req, traces, timeout)
[2025-10-31 22:36:40] [STDERR]             ^^^^^^^^^^^^^^^^^^^^^^^^^^^^^^^^^^^^^^^^^^^^^^^^^^^
[2025-10-31 22:36:40] [STDERR]   File "/opt/homebrew/Caskroom/miniconda/base/lib/python3.11/site-packages/aiohttp/connector.py", line 1209, in _create_connection
[2025-10-31 22:36:40] [STDERR]     _, proto = await self._create_direct_connection(req, traces, timeout)
[2025-10-31 22:36:40] [STDERR]                ^^^^^^^^^^^^^^^^^^^^^^^^^^^^^^^^^^^^^^^^^^^^^^^^^^^^^^^^^^
[2025-10-31 22:36:40] [STDERR]   File "/opt/homebrew/Caskroom/miniconda/base/lib/python3.11/site-packages/aiohttp/connector.py", line 1581, in _create_direct_connection
[2025-10-31 22:36:40] [STDERR]     raise last_exc
[2025-10-31 22:36:40] [STDERR]   File "/opt/homebrew/Caskroom/miniconda/base/lib/python3.11/site-packages/aiohttp/connector.py", line 1550, in _create_direct_connection
[2025-10-31 22:36:40] [STDERR]     transp, proto = await self._wrap_create_connection(
[2025-10-31 22:36:40] [STDERR]                     ^^^^^^^^^^^^^^^^^^^^^^^^^^^^^^^^^^^
[2025-10-31 22:36:40] [STDERR]   File "/opt/homebrew/Caskroom/miniconda/base/lib/python3.11/site-packages/aiohttp/connector.py", line 1291, in _wrap_create_connection
[2025-10-31 22:36:40] [STDERR]     raise client_error(req.connection_key, exc) from exc
[2025-10-31 22:36:40] [STDERR] aiohttp.client_exceptions.ClientConnectorError: Cannot connect to host localhost:3100 ssl:default [Multiple exceptions: [Errno 61] Connect call failed ('::1', 3100, 0, 0), [Errno 61] Connect call failed ('127.0.0.1', 3100)]
[2025-10-31 22:36:45] [STDERR] 2025-10-31 22:36:45,847 - LokiExporter.loki-exporter - ERROR - Failed to export logs to Loki: Cannot connect to host localhost:3100 ssl:default [Multiple exceptions: [Errno 61] Connect call failed ('127.0.0.1', 3100), [Errno 61] Connect call failed ('::1', 3100, 0, 0)]
[2025-10-31 22:36:45] [STDERR] Traceback (most recent call last):
[2025-10-31 22:36:45] [STDERR]   File "/opt/homebrew/Caskroom/miniconda/base/lib/python3.11/site-packages/aiohttp/connector.py", line 1268, in _wrap_create_connection
[2025-10-31 22:36:45] [STDERR]     sock = await aiohappyeyeballs.start_connection(
[2025-10-31 22:36:45] [STDERR]            ^^^^^^^^^^^^^^^^^^^^^^^^^^^^^^^^^^^^^^^^
[2025-10-31 22:36:45] [STDERR]   File "/opt/homebrew/Caskroom/miniconda/base/lib/python3.11/site-packages/aiohappyeyeballs/impl.py", line 141, in start_connection
[2025-10-31 22:36:45] [STDERR]     raise OSError(first_errno, msg)
[2025-10-31 22:36:45] [STDERR] ConnectionRefusedError: [Errno 61] Multiple exceptions: [Errno 61] Connect call failed ('127.0.0.1', 3100), [Errno 61] Connect call failed ('::1', 3100, 0, 0)
[2025-10-31 22:36:45] [STDERR] 
[2025-10-31 22:36:45] [STDERR] The above exception was the direct cause of the following exception:
[2025-10-31 22:36:45] [STDERR] 
[2025-10-31 22:36:45] [STDERR] Traceback (most recent call last):
[2025-10-31 22:36:45] [STDERR]   File "/Users/leifmarkthaler/github/gleitzeit 0.0.7/src/gleitzeit/workers/loki_exporter_worker.py", line 251, in export_logs_to_loki
[2025-10-31 22:36:45] [STDERR]     async with self.session.post(
[2025-10-31 22:36:45] [STDERR]   File "/opt/homebrew/Caskroom/miniconda/base/lib/python3.11/site-packages/aiohttp/client.py", line 1488, in __aenter__
[2025-10-31 22:36:45] [STDERR]     self._resp: _RetType = await self._coro
[2025-10-31 22:36:45] [STDERR]                            ^^^^^^^^^^^^^^^^
[2025-10-31 22:36:45] [STDERR]   File "/opt/homebrew/Caskroom/miniconda/base/lib/python3.11/site-packages/aiohttp/client.py", line 770, in _request
[2025-10-31 22:36:45] [STDERR]     resp = await handler(req)
[2025-10-31 22:36:45] [STDERR]            ^^^^^^^^^^^^^^^^^^
[2025-10-31 22:36:45] [STDERR]   File "/opt/homebrew/Caskroom/miniconda/base/lib/python3.11/site-packages/aiohttp/client.py", line 725, in _connect_and_send_request
[2025-10-31 22:36:45] [STDERR]     conn = await self._connector.connect(
[2025-10-31 22:36:45] [STDERR]            ^^^^^^^^^^^^^^^^^^^^^^^^^^^^^^
[2025-10-31 22:36:45] [STDERR]   File "/opt/homebrew/Caskroom/miniconda/base/lib/python3.11/site-packages/aiohttp/connector.py", line 642, in connect
[2025-10-31 22:36:45] [STDERR]     proto = await self._create_connection(req, traces, timeout)
[2025-10-31 22:36:45] [STDERR]             ^^^^^^^^^^^^^^^^^^^^^^^^^^^^^^^^^^^^^^^^^^^^^^^^^^^
[2025-10-31 22:36:45] [STDERR]   File "/opt/homebrew/Caskroom/miniconda/base/lib/python3.11/site-packages/aiohttp/connector.py", line 1209, in _create_connection
[2025-10-31 22:36:45] [STDERR]     _, proto = await self._create_direct_connection(req, traces, timeout)
[2025-10-31 22:36:45] [STDERR]                ^^^^^^^^^^^^^^^^^^^^^^^^^^^^^^^^^^^^^^^^^^^^^^^^^^^^^^^^^^
[2025-10-31 22:36:45] [STDERR]   File "/opt/homebrew/Caskroom/miniconda/base/lib/python3.11/site-packages/aiohttp/connector.py", line 1581, in _create_direct_connection
[2025-10-31 22:36:45] [STDERR]     raise last_exc
[2025-10-31 22:36:45] [STDERR]   File "/opt/homebrew/Caskroom/miniconda/base/lib/python3.11/site-packages/aiohttp/connector.py", line 1550, in _create_direct_connection
[2025-10-31 22:36:45] [STDERR]     transp, proto = await self._wrap_create_connection(
[2025-10-31 22:36:45] [STDERR]                     ^^^^^^^^^^^^^^^^^^^^^^^^^^^^^^^^^^^
[2025-10-31 22:36:45] [STDERR]   File "/opt/homebrew/Caskroom/miniconda/base/lib/python3.11/site-packages/aiohttp/connector.py", line 1291, in _wrap_create_connection
[2025-10-31 22:36:45] [STDERR]     raise client_error(req.connection_key, exc) from exc
[2025-10-31 22:36:45] [STDERR] aiohttp.client_exceptions.ClientConnectorError: Cannot connect to host localhost:3100 ssl:default [Multiple exceptions: [Errno 61] Connect call failed ('127.0.0.1', 3100), [Errno 61] Connect call failed ('::1', 3100, 0, 0)]
[2025-10-31 22:36:50] [STDERR] 2025-10-31 22:36:50,875 - LokiExporter.loki-exporter - ERROR - Failed to export logs to Loki: Cannot connect to host localhost:3100 ssl:default [Multiple exceptions: [Errno 61] Connect call failed ('::1', 3100, 0, 0), [Errno 61] Connect call failed ('127.0.0.1', 3100)]
[2025-10-31 22:36:50] [STDERR] Traceback (most recent call last):
[2025-10-31 22:36:50] [STDERR]   File "/opt/homebrew/Caskroom/miniconda/base/lib/python3.11/site-packages/aiohttp/connector.py", line 1268, in _wrap_create_connection
[2025-10-31 22:36:50] [STDERR]     sock = await aiohappyeyeballs.start_connection(
[2025-10-31 22:36:50] [STDERR]            ^^^^^^^^^^^^^^^^^^^^^^^^^^^^^^^^^^^^^^^^
[2025-10-31 22:36:50] [STDERR]   File "/opt/homebrew/Caskroom/miniconda/base/lib/python3.11/site-packages/aiohappyeyeballs/impl.py", line 141, in start_connection
[2025-10-31 22:36:50] [STDERR]     raise OSError(first_errno, msg)
[2025-10-31 22:36:50] [STDERR] ConnectionRefusedError: [Errno 61] Multiple exceptions: [Errno 61] Connect call failed ('::1', 3100, 0, 0), [Errno 61] Connect call failed ('127.0.0.1', 3100)
[2025-10-31 22:36:50] [STDERR] 
[2025-10-31 22:36:50] [STDERR] The above exception was the direct cause of the following exception:
[2025-10-31 22:36:50] [STDERR] 
[2025-10-31 22:36:50] [STDERR] Traceback (most recent call last):
[2025-10-31 22:36:50] [STDERR]   File "/Users/leifmarkthaler/github/gleitzeit 0.0.7/src/gleitzeit/workers/loki_exporter_worker.py", line 251, in export_logs_to_loki
[2025-10-31 22:36:50] [STDERR]     async with self.session.post(
[2025-10-31 22:36:50] [STDERR]   File "/opt/homebrew/Caskroom/miniconda/base/lib/python3.11/site-packages/aiohttp/client.py", line 1488, in __aenter__
[2025-10-31 22:36:50] [STDERR]     self._resp: _RetType = await self._coro
[2025-10-31 22:36:50] [STDERR]                            ^^^^^^^^^^^^^^^^
[2025-10-31 22:36:50] [STDERR]   File "/opt/homebrew/Caskroom/miniconda/base/lib/python3.11/site-packages/aiohttp/client.py", line 770, in _request
[2025-10-31 22:36:50] [STDERR]     resp = await handler(req)
[2025-10-31 22:36:50] [STDERR]            ^^^^^^^^^^^^^^^^^^
[2025-10-31 22:36:50] [STDERR]   File "/opt/homebrew/Caskroom/miniconda/base/lib/python3.11/site-packages/aiohttp/client.py", line 725, in _connect_and_send_request
[2025-10-31 22:36:50] [STDERR]     conn = await self._connector.connect(
[2025-10-31 22:36:50] [STDERR]            ^^^^^^^^^^^^^^^^^^^^^^^^^^^^^^
[2025-10-31 22:36:50] [STDERR]   File "/opt/homebrew/Caskroom/miniconda/base/lib/python3.11/site-packages/aiohttp/connector.py", line 642, in connect
[2025-10-31 22:36:50] [STDERR]     proto = await self._create_connection(req, traces, timeout)
[2025-10-31 22:36:50] [STDERR]             ^^^^^^^^^^^^^^^^^^^^^^^^^^^^^^^^^^^^^^^^^^^^^^^^^^^
[2025-10-31 22:36:50] [STDERR]   File "/opt/homebrew/Caskroom/miniconda/base/lib/python3.11/site-packages/aiohttp/connector.py", line 1209, in _create_connection
[2025-10-31 22:36:50] [STDERR]     _, proto = await self._create_direct_connection(req, traces, timeout)
[2025-10-31 22:36:50] [STDERR]                ^^^^^^^^^^^^^^^^^^^^^^^^^^^^^^^^^^^^^^^^^^^^^^^^^^^^^^^^^^
[2025-10-31 22:36:50] [STDERR]   File "/opt/homebrew/Caskroom/miniconda/base/lib/python3.11/site-packages/aiohttp/connector.py", line 1581, in _create_direct_connection
[2025-10-31 22:36:50] [STDERR]     raise last_exc
[2025-10-31 22:36:50] [STDERR]   File "/opt/homebrew/Caskroom/miniconda/base/lib/python3.11/site-packages/aiohttp/connector.py", line 1550, in _create_direct_connection
[2025-10-31 22:36:50] [STDERR]     transp, proto = await self._wrap_create_connection(
[2025-10-31 22:36:50] [STDERR]                     ^^^^^^^^^^^^^^^^^^^^^^^^^^^^^^^^^^^
[2025-10-31 22:36:50] [STDERR]   File "/opt/homebrew/Caskroom/miniconda/base/lib/python3.11/site-packages/aiohttp/connector.py", line 1291, in _wrap_create_connection
[2025-10-31 22:36:50] [STDERR]     raise client_error(req.connection_key, exc) from exc
[2025-10-31 22:36:50] [STDERR] aiohttp.client_exceptions.ClientConnectorError: Cannot connect to host localhost:3100 ssl:default [Multiple exceptions: [Errno 61] Connect call failed ('::1', 3100, 0, 0), [Errno 61] Connect call failed ('127.0.0.1', 3100)]
[2025-10-31 22:36:55] [STDERR] 2025-10-31 22:36:55,903 - LokiExporter.loki-exporter - ERROR - Failed to export logs to Loki: Cannot connect to host localhost:3100 ssl:default [Multiple exceptions: [Errno 61] Connect call failed ('127.0.0.1', 3100), [Errno 61] Connect call failed ('::1', 3100, 0, 0)]
[2025-10-31 22:36:55] [STDERR] Traceback (most recent call last):
[2025-10-31 22:36:55] [STDERR]   File "/opt/homebrew/Caskroom/miniconda/base/lib/python3.11/site-packages/aiohttp/connector.py", line 1268, in _wrap_create_connection
[2025-10-31 22:36:55] [STDERR]     sock = await aiohappyeyeballs.start_connection(
[2025-10-31 22:36:55] [STDERR]            ^^^^^^^^^^^^^^^^^^^^^^^^^^^^^^^^^^^^^^^^
[2025-10-31 22:36:55] [STDERR]   File "/opt/homebrew/Caskroom/miniconda/base/lib/python3.11/site-packages/aiohappyeyeballs/impl.py", line 141, in start_connection
[2025-10-31 22:36:55] [STDERR]     raise OSError(first_errno, msg)
[2025-10-31 22:36:55] [STDERR] ConnectionRefusedError: [Errno 61] Multiple exceptions: [Errno 61] Connect call failed ('127.0.0.1', 3100), [Errno 61] Connect call failed ('::1', 3100, 0, 0)
[2025-10-31 22:36:55] [STDERR] 
[2025-10-31 22:36:55] [STDERR] The above exception was the direct cause of the following exception:
[2025-10-31 22:36:55] [STDERR] 
[2025-10-31 22:36:55] [STDERR] Traceback (most recent call last):
[2025-10-31 22:36:55] [STDERR]   File "/Users/leifmarkthaler/github/gleitzeit 0.0.7/src/gleitzeit/workers/loki_exporter_worker.py", line 251, in export_logs_to_loki
[2025-10-31 22:36:55] [STDERR]     async with self.session.post(
[2025-10-31 22:36:55] [STDERR]   File "/opt/homebrew/Caskroom/miniconda/base/lib/python3.11/site-packages/aiohttp/client.py", line 1488, in __aenter__
[2025-10-31 22:36:55] [STDERR]     self._resp: _RetType = await self._coro
[2025-10-31 22:36:55] [STDERR]                            ^^^^^^^^^^^^^^^^
[2025-10-31 22:36:55] [STDERR]   File "/opt/homebrew/Caskroom/miniconda/base/lib/python3.11/site-packages/aiohttp/client.py", line 770, in _request
[2025-10-31 22:36:55] [STDERR]     resp = await handler(req)
[2025-10-31 22:36:55] [STDERR]            ^^^^^^^^^^^^^^^^^^
[2025-10-31 22:36:55] [STDERR]   File "/opt/homebrew/Caskroom/miniconda/base/lib/python3.11/site-packages/aiohttp/client.py", line 725, in _connect_and_send_request
[2025-10-31 22:36:55] [STDERR]     conn = await self._connector.connect(
[2025-10-31 22:36:55] [STDERR]            ^^^^^^^^^^^^^^^^^^^^^^^^^^^^^^
[2025-10-31 22:36:55] [STDERR]   File "/opt/homebrew/Caskroom/miniconda/base/lib/python3.11/site-packages/aiohttp/connector.py", line 642, in connect
[2025-10-31 22:36:55] [STDERR]     proto = await self._create_connection(req, traces, timeout)
[2025-10-31 22:36:55] [STDERR]             ^^^^^^^^^^^^^^^^^^^^^^^^^^^^^^^^^^^^^^^^^^^^^^^^^^^
[2025-10-31 22:36:55] [STDERR]   File "/opt/homebrew/Caskroom/miniconda/base/lib/python3.11/site-packages/aiohttp/connector.py", line 1209, in _create_connection
[2025-10-31 22:36:55] [STDERR]     _, proto = await self._create_direct_connection(req, traces, timeout)
[2025-10-31 22:36:55] [STDERR]                ^^^^^^^^^^^^^^^^^^^^^^^^^^^^^^^^^^^^^^^^^^^^^^^^^^^^^^^^^^
[2025-10-31 22:36:55] [STDERR]   File "/opt/homebrew/Caskroom/miniconda/base/lib/python3.11/site-packages/aiohttp/connector.py", line 1581, in _create_direct_connection
[2025-10-31 22:36:55] [STDERR]     raise last_exc
[2025-10-31 22:36:55] [STDERR]   File "/opt/homebrew/Caskroom/miniconda/base/lib/python3.11/site-packages/aiohttp/connector.py", line 1550, in _create_direct_connection
[2025-10-31 22:36:55] [STDERR]     transp, proto = await self._wrap_create_connection(
[2025-10-31 22:36:55] [STDERR]                     ^^^^^^^^^^^^^^^^^^^^^^^^^^^^^^^^^^^
[2025-10-31 22:36:55] [STDERR]   File "/opt/homebrew/Caskroom/miniconda/base/lib/python3.11/site-packages/aiohttp/connector.py", line 1291, in _wrap_create_connection
[2025-10-31 22:36:55] [STDERR]     raise client_error(req.connection_key, exc) from exc
[2025-10-31 22:36:55] [STDERR] aiohttp.client_exceptions.ClientConnectorError: Cannot connect to host localhost:3100 ssl:default [Multiple exceptions: [Errno 61] Connect call failed ('127.0.0.1', 3100), [Errno 61] Connect call failed ('::1', 3100, 0, 0)]
[2025-10-31 22:37:00] [STDERR] 2025-10-31 22:37:00,931 - LokiExporter.loki-exporter - ERROR - Failed to export logs to Loki: Cannot connect to host localhost:3100 ssl:default [Multiple exceptions: [Errno 61] Connect call failed ('::1', 3100, 0, 0), [Errno 61] Connect call failed ('127.0.0.1', 3100)]
[2025-10-31 22:37:00] [STDERR] Traceback (most recent call last):
[2025-10-31 22:37:00] [STDERR]   File "/opt/homebrew/Caskroom/miniconda/base/lib/python3.11/site-packages/aiohttp/connector.py", line 1268, in _wrap_create_connection
[2025-10-31 22:37:00] [STDERR]     sock = await aiohappyeyeballs.start_connection(
[2025-10-31 22:37:00] [STDERR]            ^^^^^^^^^^^^^^^^^^^^^^^^^^^^^^^^^^^^^^^^
[2025-10-31 22:37:00] [STDERR]   File "/opt/homebrew/Caskroom/miniconda/base/lib/python3.11/site-packages/aiohappyeyeballs/impl.py", line 141, in start_connection
[2025-10-31 22:37:00] [STDERR]     raise OSError(first_errno, msg)
[2025-10-31 22:37:00] [STDERR] ConnectionRefusedError: [Errno 61] Multiple exceptions: [Errno 61] Connect call failed ('::1', 3100, 0, 0), [Errno 61] Connect call failed ('127.0.0.1', 3100)
[2025-10-31 22:37:00] [STDERR] 
[2025-10-31 22:37:00] [STDERR] The above exception was the direct cause of the following exception:
[2025-10-31 22:37:00] [STDERR] 
[2025-10-31 22:37:00] [STDERR] Traceback (most recent call last):
[2025-10-31 22:37:00] [STDERR]   File "/Users/leifmarkthaler/github/gleitzeit 0.0.7/src/gleitzeit/workers/loki_exporter_worker.py", line 251, in export_logs_to_loki
[2025-10-31 22:37:00] [STDERR]     async with self.session.post(
[2025-10-31 22:37:00] [STDERR]   File "/opt/homebrew/Caskroom/miniconda/base/lib/python3.11/site-packages/aiohttp/client.py", line 1488, in __aenter__
[2025-10-31 22:37:00] [STDERR]     self._resp: _RetType = await self._coro
[2025-10-31 22:37:00] [STDERR]                            ^^^^^^^^^^^^^^^^
[2025-10-31 22:37:00] [STDERR]   File "/opt/homebrew/Caskroom/miniconda/base/lib/python3.11/site-packages/aiohttp/client.py", line 770, in _request
[2025-10-31 22:37:00] [STDERR]     resp = await handler(req)
[2025-10-31 22:37:00] [STDERR]            ^^^^^^^^^^^^^^^^^^
[2025-10-31 22:37:00] [STDERR]   File "/opt/homebrew/Caskroom/miniconda/base/lib/python3.11/site-packages/aiohttp/client.py", line 725, in _connect_and_send_request
[2025-10-31 22:37:00] [STDERR]     conn = await self._connector.connect(
[2025-10-31 22:37:00] [STDERR]            ^^^^^^^^^^^^^^^^^^^^^^^^^^^^^^
[2025-10-31 22:37:00] [STDERR]   File "/opt/homebrew/Caskroom/miniconda/base/lib/python3.11/site-packages/aiohttp/connector.py", line 642, in connect
[2025-10-31 22:37:00] [STDERR]     proto = await self._create_connection(req, traces, timeout)
[2025-10-31 22:37:00] [STDERR]             ^^^^^^^^^^^^^^^^^^^^^^^^^^^^^^^^^^^^^^^^^^^^^^^^^^^
[2025-10-31 22:37:00] [STDERR]   File "/opt/homebrew/Caskroom/miniconda/base/lib/python3.11/site-packages/aiohttp/connector.py", line 1209, in _create_connection
[2025-10-31 22:37:00] [STDERR]     _, proto = await self._create_direct_connection(req, traces, timeout)
[2025-10-31 22:37:00] [STDERR]                ^^^^^^^^^^^^^^^^^^^^^^^^^^^^^^^^^^^^^^^^^^^^^^^^^^^^^^^^^^
[2025-10-31 22:37:00] [STDERR]   File "/opt/homebrew/Caskroom/miniconda/base/lib/python3.11/site-packages/aiohttp/connector.py", line 1581, in _create_direct_connection
[2025-10-31 22:37:00] [STDERR]     raise last_exc
[2025-10-31 22:37:00] [STDERR]   File "/opt/homebrew/Caskroom/miniconda/base/lib/python3.11/site-packages/aiohttp/connector.py", line 1550, in _create_direct_connection
[2025-10-31 22:37:00] [STDERR]     transp, proto = await self._wrap_create_connection(
[2025-10-31 22:37:00] [STDERR]                     ^^^^^^^^^^^^^^^^^^^^^^^^^^^^^^^^^^^
[2025-10-31 22:37:00] [STDERR]   File "/opt/homebrew/Caskroom/miniconda/base/lib/python3.11/site-packages/aiohttp/connector.py", line 1291, in _wrap_create_connection
[2025-10-31 22:37:00] [STDERR]     raise client_error(req.connection_key, exc) from exc
[2025-10-31 22:37:00] [STDERR] aiohttp.client_exceptions.ClientConnectorError: Cannot connect to host localhost:3100 ssl:default [Multiple exceptions: [Errno 61] Connect call failed ('::1', 3100, 0, 0), [Errno 61] Connect call failed ('127.0.0.1', 3100)]
[2025-10-31 22:37:05] [STDERR] 2025-10-31 22:37:05,972 - LokiExporter.loki-exporter - ERROR - Failed to export logs to Loki: Cannot connect to host localhost:3100 ssl:default [Multiple exceptions: [Errno 61] Connect call failed ('127.0.0.1', 3100), [Errno 61] Connect call failed ('::1', 3100, 0, 0)]
[2025-10-31 22:37:05] [STDERR] Traceback (most recent call last):
[2025-10-31 22:37:05] [STDERR]   File "/opt/homebrew/Caskroom/miniconda/base/lib/python3.11/site-packages/aiohttp/connector.py", line 1268, in _wrap_create_connection
[2025-10-31 22:37:05] [STDERR]     sock = await aiohappyeyeballs.start_connection(
[2025-10-31 22:37:05] [STDERR]            ^^^^^^^^^^^^^^^^^^^^^^^^^^^^^^^^^^^^^^^^
[2025-10-31 22:37:05] [STDERR]   File "/opt/homebrew/Caskroom/miniconda/base/lib/python3.11/site-packages/aiohappyeyeballs/impl.py", line 141, in start_connection
[2025-10-31 22:37:05] [STDERR]     raise OSError(first_errno, msg)
[2025-10-31 22:37:05] [STDERR] ConnectionRefusedError: [Errno 61] Multiple exceptions: [Errno 61] Connect call failed ('127.0.0.1', 3100), [Errno 61] Connect call failed ('::1', 3100, 0, 0)
[2025-10-31 22:37:05] [STDERR] 
[2025-10-31 22:37:05] [STDERR] The above exception was the direct cause of the following exception:
[2025-10-31 22:37:05] [STDERR] 
[2025-10-31 22:37:05] [STDERR] Traceback (most recent call last):
[2025-10-31 22:37:05] [STDERR]   File "/Users/leifmarkthaler/github/gleitzeit 0.0.7/src/gleitzeit/workers/loki_exporter_worker.py", line 251, in export_logs_to_loki
[2025-10-31 22:37:05] [STDERR]     async with self.session.post(
[2025-10-31 22:37:05] [STDERR]   File "/opt/homebrew/Caskroom/miniconda/base/lib/python3.11/site-packages/aiohttp/client.py", line 1488, in __aenter__
[2025-10-31 22:37:05] [STDERR]     self._resp: _RetType = await self._coro
[2025-10-31 22:37:05] [STDERR]                            ^^^^^^^^^^^^^^^^
[2025-10-31 22:37:05] [STDERR]   File "/opt/homebrew/Caskroom/miniconda/base/lib/python3.11/site-packages/aiohttp/client.py", line 770, in _request
[2025-10-31 22:37:05] [STDERR]     resp = await handler(req)
[2025-10-31 22:37:05] [STDERR]            ^^^^^^^^^^^^^^^^^^
[2025-10-31 22:37:05] [STDERR]   File "/opt/homebrew/Caskroom/miniconda/base/lib/python3.11/site-packages/aiohttp/client.py", line 725, in _connect_and_send_request
[2025-10-31 22:37:05] [STDERR]     conn = await self._connector.connect(
[2025-10-31 22:37:05] [STDERR]            ^^^^^^^^^^^^^^^^^^^^^^^^^^^^^^
[2025-10-31 22:37:05] [STDERR]   File "/opt/homebrew/Caskroom/miniconda/base/lib/python3.11/site-packages/aiohttp/connector.py", line 642, in connect
[2025-10-31 22:37:05] [STDERR]     proto = await self._create_connection(req, traces, timeout)
[2025-10-31 22:37:05] [STDERR]             ^^^^^^^^^^^^^^^^^^^^^^^^^^^^^^^^^^^^^^^^^^^^^^^^^^^
[2025-10-31 22:37:05] [STDERR]   File "/opt/homebrew/Caskroom/miniconda/base/lib/python3.11/site-packages/aiohttp/connector.py", line 1209, in _create_connection
[2025-10-31 22:37:05] [STDERR]     _, proto = await self._create_direct_connection(req, traces, timeout)
[2025-10-31 22:37:05] [STDERR]                ^^^^^^^^^^^^^^^^^^^^^^^^^^^^^^^^^^^^^^^^^^^^^^^^^^^^^^^^^^
[2025-10-31 22:37:05] [STDERR]   File "/opt/homebrew/Caskroom/miniconda/base/lib/python3.11/site-packages/aiohttp/connector.py", line 1581, in _create_direct_connection
[2025-10-31 22:37:05] [STDERR]     raise last_exc
[2025-10-31 22:37:05] [STDERR]   File "/opt/homebrew/Caskroom/miniconda/base/lib/python3.11/site-packages/aiohttp/connector.py", line 1550, in _create_direct_connection
[2025-10-31 22:37:05] [STDERR]     transp, proto = await self._wrap_create_connection(
[2025-10-31 22:37:05] [STDERR]                     ^^^^^^^^^^^^^^^^^^^^^^^^^^^^^^^^^^^
[2025-10-31 22:37:05] [STDERR]   File "/opt/homebrew/Caskroom/miniconda/base/lib/python3.11/site-packages/aiohttp/connector.py", line 1291, in _wrap_create_connection
[2025-10-31 22:37:05] [STDERR]     raise client_error(req.connection_key, exc) from exc
[2025-10-31 22:37:05] [STDERR] aiohttp.client_exceptions.ClientConnectorError: Cannot connect to host localhost:3100 ssl:default [Multiple exceptions: [Errno 61] Connect call failed ('127.0.0.1', 3100), [Errno 61] Connect call failed ('::1', 3100, 0, 0)]
[2025-10-31 22:37:11] [STDERR] 2025-10-31 22:37:11,008 - LokiExporter.loki-exporter - ERROR - Failed to export logs to Loki: Cannot connect to host localhost:3100 ssl:default [Multiple exceptions: [Errno 61] Connect call failed ('::1', 3100, 0, 0), [Errno 61] Connect call failed ('127.0.0.1', 3100)]
[2025-10-31 22:37:11] [STDERR] Traceback (most recent call last):
[2025-10-31 22:37:11] [STDERR]   File "/opt/homebrew/Caskroom/miniconda/base/lib/python3.11/site-packages/aiohttp/connector.py", line 1268, in _wrap_create_connection
[2025-10-31 22:37:11] [STDERR]     sock = await aiohappyeyeballs.start_connection(
[2025-10-31 22:37:11] [STDERR]            ^^^^^^^^^^^^^^^^^^^^^^^^^^^^^^^^^^^^^^^^
[2025-10-31 22:37:11] [STDERR]   File "/opt/homebrew/Caskroom/miniconda/base/lib/python3.11/site-packages/aiohappyeyeballs/impl.py", line 141, in start_connection
[2025-10-31 22:37:11] [STDERR]     raise OSError(first_errno, msg)
[2025-10-31 22:37:11] [STDERR] ConnectionRefusedError: [Errno 61] Multiple exceptions: [Errno 61] Connect call failed ('::1', 3100, 0, 0), [Errno 61] Connect call failed ('127.0.0.1', 3100)
[2025-10-31 22:37:11] [STDERR] 
[2025-10-31 22:37:11] [STDERR] The above exception was the direct cause of the following exception:
[2025-10-31 22:37:11] [STDERR] 
[2025-10-31 22:37:11] [STDERR] Traceback (most recent call last):
[2025-10-31 22:37:11] [STDERR]   File "/Users/leifmarkthaler/github/gleitzeit 0.0.7/src/gleitzeit/workers/loki_exporter_worker.py", line 251, in export_logs_to_loki
[2025-10-31 22:37:11] [STDERR]     async with self.session.post(
[2025-10-31 22:37:11] [STDERR]   File "/opt/homebrew/Caskroom/miniconda/base/lib/python3.11/site-packages/aiohttp/client.py", line 1488, in __aenter__
[2025-10-31 22:37:11] [STDERR]     self._resp: _RetType = await self._coro
[2025-10-31 22:37:11] [STDERR]                            ^^^^^^^^^^^^^^^^
[2025-10-31 22:37:11] [STDERR]   File "/opt/homebrew/Caskroom/miniconda/base/lib/python3.11/site-packages/aiohttp/client.py", line 770, in _request
[2025-10-31 22:37:11] [STDERR]     resp = await handler(req)
[2025-10-31 22:37:11] [STDERR]            ^^^^^^^^^^^^^^^^^^
[2025-10-31 22:37:11] [STDERR]   File "/opt/homebrew/Caskroom/miniconda/base/lib/python3.11/site-packages/aiohttp/client.py", line 725, in _connect_and_send_request
[2025-10-31 22:37:11] [STDERR]     conn = await self._connector.connect(
[2025-10-31 22:37:11] [STDERR]            ^^^^^^^^^^^^^^^^^^^^^^^^^^^^^^
[2025-10-31 22:37:11] [STDERR]   File "/opt/homebrew/Caskroom/miniconda/base/lib/python3.11/site-packages/aiohttp/connector.py", line 642, in connect
[2025-10-31 22:37:11] [STDERR]     proto = await self._create_connection(req, traces, timeout)
[2025-10-31 22:37:11] [STDERR]             ^^^^^^^^^^^^^^^^^^^^^^^^^^^^^^^^^^^^^^^^^^^^^^^^^^^
[2025-10-31 22:37:11] [STDERR]   File "/opt/homebrew/Caskroom/miniconda/base/lib/python3.11/site-packages/aiohttp/connector.py", line 1209, in _create_connection
[2025-10-31 22:37:11] [STDERR]     _, proto = await self._create_direct_connection(req, traces, timeout)
[2025-10-31 22:37:11] [STDERR]                ^^^^^^^^^^^^^^^^^^^^^^^^^^^^^^^^^^^^^^^^^^^^^^^^^^^^^^^^^^
[2025-10-31 22:37:11] [STDERR]   File "/opt/homebrew/Caskroom/miniconda/base/lib/python3.11/site-packages/aiohttp/connector.py", line 1581, in _create_direct_connection
[2025-10-31 22:37:11] [STDERR]     raise last_exc
[2025-10-31 22:37:11] [STDERR]   File "/opt/homebrew/Caskroom/miniconda/base/lib/python3.11/site-packages/aiohttp/connector.py", line 1550, in _create_direct_connection
[2025-10-31 22:37:11] [STDERR]     transp, proto = await self._wrap_create_connection(
[2025-10-31 22:37:11] [STDERR]                     ^^^^^^^^^^^^^^^^^^^^^^^^^^^^^^^^^^^
[2025-10-31 22:37:11] [STDERR]   File "/opt/homebrew/Caskroom/miniconda/base/lib/python3.11/site-packages/aiohttp/connector.py", line 1291, in _wrap_create_connection
[2025-10-31 22:37:11] [STDERR]     raise client_error(req.connection_key, exc) from exc
[2025-10-31 22:37:11] [STDERR] aiohttp.client_exceptions.ClientConnectorError: Cannot connect to host localhost:3100 ssl:default [Multiple exceptions: [Errno 61] Connect call failed ('::1', 3100, 0, 0), [Errno 61] Connect call failed ('127.0.0.1', 3100)]
[2025-10-31 22:37:16] [STDERR] 2025-10-31 22:37:16,042 - LokiExporter.loki-exporter - ERROR - Failed to export logs to Loki: Cannot connect to host localhost:3100 ssl:default [Multiple exceptions: [Errno 61] Connect call failed ('127.0.0.1', 3100), [Errno 61] Connect call failed ('::1', 3100, 0, 0)]
[2025-10-31 22:37:16] [STDERR] Traceback (most recent call last):
[2025-10-31 22:37:16] [STDERR]   File "/opt/homebrew/Caskroom/miniconda/base/lib/python3.11/site-packages/aiohttp/connector.py", line 1268, in _wrap_create_connection
[2025-10-31 22:37:16] [STDERR]     sock = await aiohappyeyeballs.start_connection(
[2025-10-31 22:37:16] [STDERR]            ^^^^^^^^^^^^^^^^^^^^^^^^^^^^^^^^^^^^^^^^
[2025-10-31 22:37:16] [STDERR]   File "/opt/homebrew/Caskroom/miniconda/base/lib/python3.11/site-packages/aiohappyeyeballs/impl.py", line 141, in start_connection
[2025-10-31 22:37:16] [STDERR]     raise OSError(first_errno, msg)
[2025-10-31 22:37:16] [STDERR] ConnectionRefusedError: [Errno 61] Multiple exceptions: [Errno 61] Connect call failed ('127.0.0.1', 3100), [Errno 61] Connect call failed ('::1', 3100, 0, 0)
[2025-10-31 22:37:16] [STDERR] 
[2025-10-31 22:37:16] [STDERR] The above exception was the direct cause of the following exception:
[2025-10-31 22:37:16] [STDERR] 
[2025-10-31 22:37:16] [STDERR] Traceback (most recent call last):
[2025-10-31 22:37:16] [STDERR]   File "/Users/leifmarkthaler/github/gleitzeit 0.0.7/src/gleitzeit/workers/loki_exporter_worker.py", line 251, in export_logs_to_loki
[2025-10-31 22:37:16] [STDERR]     async with self.session.post(
[2025-10-31 22:37:16] [STDERR]   File "/opt/homebrew/Caskroom/miniconda/base/lib/python3.11/site-packages/aiohttp/client.py", line 1488, in __aenter__
[2025-10-31 22:37:16] [STDERR]     self._resp: _RetType = await self._coro
[2025-10-31 22:37:16] [STDERR]                            ^^^^^^^^^^^^^^^^
[2025-10-31 22:37:16] [STDERR]   File "/opt/homebrew/Caskroom/miniconda/base/lib/python3.11/site-packages/aiohttp/client.py", line 770, in _request
[2025-10-31 22:37:16] [STDERR]     resp = await handler(req)
[2025-10-31 22:37:16] [STDERR]            ^^^^^^^^^^^^^^^^^^
[2025-10-31 22:37:16] [STDERR]   File "/opt/homebrew/Caskroom/miniconda/base/lib/python3.11/site-packages/aiohttp/client.py", line 725, in _connect_and_send_request
[2025-10-31 22:37:16] [STDERR]     conn = await self._connector.connect(
[2025-10-31 22:37:16] [STDERR]            ^^^^^^^^^^^^^^^^^^^^^^^^^^^^^^
[2025-10-31 22:37:16] [STDERR]   File "/opt/homebrew/Caskroom/miniconda/base/lib/python3.11/site-packages/aiohttp/connector.py", line 642, in connect
[2025-10-31 22:37:16] [STDERR]     proto = await self._create_connection(req, traces, timeout)
[2025-10-31 22:37:16] [STDERR]             ^^^^^^^^^^^^^^^^^^^^^^^^^^^^^^^^^^^^^^^^^^^^^^^^^^^
[2025-10-31 22:37:16] [STDERR]   File "/opt/homebrew/Caskroom/miniconda/base/lib/python3.11/site-packages/aiohttp/connector.py", line 1209, in _create_connection
[2025-10-31 22:37:16] [STDERR]     _, proto = await self._create_direct_connection(req, traces, timeout)
[2025-10-31 22:37:16] [STDERR]                ^^^^^^^^^^^^^^^^^^^^^^^^^^^^^^^^^^^^^^^^^^^^^^^^^^^^^^^^^^
[2025-10-31 22:37:16] [STDERR]   File "/opt/homebrew/Caskroom/miniconda/base/lib/python3.11/site-packages/aiohttp/connector.py", line 1581, in _create_direct_connection
[2025-10-31 22:37:16] [STDERR]     raise last_exc
[2025-10-31 22:37:16] [STDERR]   File "/opt/homebrew/Caskroom/miniconda/base/lib/python3.11/site-packages/aiohttp/connector.py", line 1550, in _create_direct_connection
[2025-10-31 22:37:16] [STDERR]     transp, proto = await self._wrap_create_connection(
[2025-10-31 22:37:16] [STDERR]                     ^^^^^^^^^^^^^^^^^^^^^^^^^^^^^^^^^^^
[2025-10-31 22:37:16] [STDERR]   File "/opt/homebrew/Caskroom/miniconda/base/lib/python3.11/site-packages/aiohttp/connector.py", line 1291, in _wrap_create_connection
[2025-10-31 22:37:16] [STDERR]     raise client_error(req.connection_key, exc) from exc
[2025-10-31 22:37:16] [STDERR] aiohttp.client_exceptions.ClientConnectorError: Cannot connect to host localhost:3100 ssl:default [Multiple exceptions: [Errno 61] Connect call failed ('127.0.0.1', 3100), [Errno 61] Connect call failed ('::1', 3100, 0, 0)]
[2025-10-31 22:37:21] [STDERR] 2025-10-31 22:37:21,077 - LokiExporter.loki-exporter - ERROR - Failed to export logs to Loki: Cannot connect to host localhost:3100 ssl:default [Multiple exceptions: [Errno 61] Connect call failed ('::1', 3100, 0, 0), [Errno 61] Connect call failed ('127.0.0.1', 3100)]
[2025-10-31 22:37:21] [STDERR] Traceback (most recent call last):
[2025-10-31 22:37:21] [STDERR]   File "/opt/homebrew/Caskroom/miniconda/base/lib/python3.11/site-packages/aiohttp/connector.py", line 1268, in _wrap_create_connection
[2025-10-31 22:37:21] [STDERR]     sock = await aiohappyeyeballs.start_connection(
[2025-10-31 22:37:21] [STDERR]            ^^^^^^^^^^^^^^^^^^^^^^^^^^^^^^^^^^^^^^^^
[2025-10-31 22:37:21] [STDERR]   File "/opt/homebrew/Caskroom/miniconda/base/lib/python3.11/site-packages/aiohappyeyeballs/impl.py", line 141, in start_connection
[2025-10-31 22:37:21] [STDERR]     raise OSError(first_errno, msg)
[2025-10-31 22:37:21] [STDERR] ConnectionRefusedError: [Errno 61] Multiple exceptions: [Errno 61] Connect call failed ('::1', 3100, 0, 0), [Errno 61] Connect call failed ('127.0.0.1', 3100)
[2025-10-31 22:37:21] [STDERR] 
[2025-10-31 22:37:21] [STDERR] The above exception was the direct cause of the following exception:
[2025-10-31 22:37:21] [STDERR] 
[2025-10-31 22:37:21] [STDERR] Traceback (most recent call last):
[2025-10-31 22:37:21] [STDERR]   File "/Users/leifmarkthaler/github/gleitzeit 0.0.7/src/gleitzeit/workers/loki_exporter_worker.py", line 251, in export_logs_to_loki
[2025-10-31 22:37:21] [STDERR]     async with self.session.post(
[2025-10-31 22:37:21] [STDERR]   File "/opt/homebrew/Caskroom/miniconda/base/lib/python3.11/site-packages/aiohttp/client.py", line 1488, in __aenter__
[2025-10-31 22:37:21] [STDERR]     self._resp: _RetType = await self._coro
[2025-10-31 22:37:21] [STDERR]                            ^^^^^^^^^^^^^^^^
[2025-10-31 22:37:21] [STDERR]   File "/opt/homebrew/Caskroom/miniconda/base/lib/python3.11/site-packages/aiohttp/client.py", line 770, in _request
[2025-10-31 22:37:21] [STDERR]     resp = await handler(req)
[2025-10-31 22:37:21] [STDERR]            ^^^^^^^^^^^^^^^^^^
[2025-10-31 22:37:21] [STDERR]   File "/opt/homebrew/Caskroom/miniconda/base/lib/python3.11/site-packages/aiohttp/client.py", line 725, in _connect_and_send_request
[2025-10-31 22:37:21] [STDERR]     conn = await self._connector.connect(
[2025-10-31 22:37:21] [STDERR]            ^^^^^^^^^^^^^^^^^^^^^^^^^^^^^^
[2025-10-31 22:37:21] [STDERR]   File "/opt/homebrew/Caskroom/miniconda/base/lib/python3.11/site-packages/aiohttp/connector.py", line 642, in connect
[2025-10-31 22:37:21] [STDERR]     proto = await self._create_connection(req, traces, timeout)
[2025-10-31 22:37:21] [STDERR]             ^^^^^^^^^^^^^^^^^^^^^^^^^^^^^^^^^^^^^^^^^^^^^^^^^^^
[2025-10-31 22:37:21] [STDERR]   File "/opt/homebrew/Caskroom/miniconda/base/lib/python3.11/site-packages/aiohttp/connector.py", line 1209, in _create_connection
[2025-10-31 22:37:21] [STDERR]     _, proto = await self._create_direct_connection(req, traces, timeout)
[2025-10-31 22:37:21] [STDERR]                ^^^^^^^^^^^^^^^^^^^^^^^^^^^^^^^^^^^^^^^^^^^^^^^^^^^^^^^^^^
[2025-10-31 22:37:21] [STDERR]   File "/opt/homebrew/Caskroom/miniconda/base/lib/python3.11/site-packages/aiohttp/connector.py", line 1581, in _create_direct_connection
[2025-10-31 22:37:21] [STDERR]     raise last_exc
[2025-10-31 22:37:21] [STDERR]   File "/opt/homebrew/Caskroom/miniconda/base/lib/python3.11/site-packages/aiohttp/connector.py", line 1550, in _create_direct_connection
[2025-10-31 22:37:21] [STDERR]     transp, proto = await self._wrap_create_connection(
[2025-10-31 22:37:21] [STDERR]                     ^^^^^^^^^^^^^^^^^^^^^^^^^^^^^^^^^^^
[2025-10-31 22:37:21] [STDERR]   File "/opt/homebrew/Caskroom/miniconda/base/lib/python3.11/site-packages/aiohttp/connector.py", line 1291, in _wrap_create_connection
[2025-10-31 22:37:21] [STDERR]     raise client_error(req.connection_key, exc) from exc
[2025-10-31 22:37:21] [STDERR] aiohttp.client_exceptions.ClientConnectorError: Cannot connect to host localhost:3100 ssl:default [Multiple exceptions: [Errno 61] Connect call failed ('::1', 3100, 0, 0), [Errno 61] Connect call failed ('127.0.0.1', 3100)]
[2025-10-31 22:37:26] [STDERR] 2025-10-31 22:37:26,112 - LokiExporter.loki-exporter - ERROR - Failed to export logs to Loki: Cannot connect to host localhost:3100 ssl:default [Multiple exceptions: [Errno 61] Connect call failed ('127.0.0.1', 3100), [Errno 61] Connect call failed ('::1', 3100, 0, 0)]
[2025-10-31 22:37:26] [STDERR] Traceback (most recent call last):
[2025-10-31 22:37:26] [STDERR]   File "/opt/homebrew/Caskroom/miniconda/base/lib/python3.11/site-packages/aiohttp/connector.py", line 1268, in _wrap_create_connection
[2025-10-31 22:37:26] [STDERR]     sock = await aiohappyeyeballs.start_connection(
[2025-10-31 22:37:26] [STDERR]            ^^^^^^^^^^^^^^^^^^^^^^^^^^^^^^^^^^^^^^^^
[2025-10-31 22:37:26] [STDERR]   File "/opt/homebrew/Caskroom/miniconda/base/lib/python3.11/site-packages/aiohappyeyeballs/impl.py", line 141, in start_connection
[2025-10-31 22:37:26] [STDERR]     raise OSError(first_errno, msg)
[2025-10-31 22:37:26] [STDERR] ConnectionRefusedError: [Errno 61] Multiple exceptions: [Errno 61] Connect call failed ('127.0.0.1', 3100), [Errno 61] Connect call failed ('::1', 3100, 0, 0)
[2025-10-31 22:37:26] [STDERR] 
[2025-10-31 22:37:26] [STDERR] The above exception was the direct cause of the following exception:
[2025-10-31 22:37:26] [STDERR] 
[2025-10-31 22:37:26] [STDERR] Traceback (most recent call last):
[2025-10-31 22:37:26] [STDERR]   File "/Users/leifmarkthaler/github/gleitzeit 0.0.7/src/gleitzeit/workers/loki_exporter_worker.py", line 251, in export_logs_to_loki
[2025-10-31 22:37:26] [STDERR]     async with self.session.post(
[2025-10-31 22:37:26] [STDERR]   File "/opt/homebrew/Caskroom/miniconda/base/lib/python3.11/site-packages/aiohttp/client.py", line 1488, in __aenter__
[2025-10-31 22:37:26] [STDERR]     self._resp: _RetType = await self._coro
[2025-10-31 22:37:26] [STDERR]                            ^^^^^^^^^^^^^^^^
[2025-10-31 22:37:26] [STDERR]   File "/opt/homebrew/Caskroom/miniconda/base/lib/python3.11/site-packages/aiohttp/client.py", line 770, in _request
[2025-10-31 22:37:26] [STDERR]     resp = await handler(req)
[2025-10-31 22:37:26] [STDERR]            ^^^^^^^^^^^^^^^^^^
[2025-10-31 22:37:26] [STDERR]   File "/opt/homebrew/Caskroom/miniconda/base/lib/python3.11/site-packages/aiohttp/client.py", line 725, in _connect_and_send_request
[2025-10-31 22:37:26] [STDERR]     conn = await self._connector.connect(
[2025-10-31 22:37:26] [STDERR]            ^^^^^^^^^^^^^^^^^^^^^^^^^^^^^^
[2025-10-31 22:37:26] [STDERR]   File "/opt/homebrew/Caskroom/miniconda/base/lib/python3.11/site-packages/aiohttp/connector.py", line 642, in connect
[2025-10-31 22:37:26] [STDERR]     proto = await self._create_connection(req, traces, timeout)
[2025-10-31 22:37:26] [STDERR]             ^^^^^^^^^^^^^^^^^^^^^^^^^^^^^^^^^^^^^^^^^^^^^^^^^^^
[2025-10-31 22:37:26] [STDERR]   File "/opt/homebrew/Caskroom/miniconda/base/lib/python3.11/site-packages/aiohttp/connector.py", line 1209, in _create_connection
[2025-10-31 22:37:26] [STDERR]     _, proto = await self._create_direct_connection(req, traces, timeout)
[2025-10-31 22:37:26] [STDERR]                ^^^^^^^^^^^^^^^^^^^^^^^^^^^^^^^^^^^^^^^^^^^^^^^^^^^^^^^^^^
[2025-10-31 22:37:26] [STDERR]   File "/opt/homebrew/Caskroom/miniconda/base/lib/python3.11/site-packages/aiohttp/connector.py", line 1581, in _create_direct_connection
[2025-10-31 22:37:26] [STDERR]     raise last_exc
[2025-10-31 22:37:26] [STDERR]   File "/opt/homebrew/Caskroom/miniconda/base/lib/python3.11/site-packages/aiohttp/connector.py", line 1550, in _create_direct_connection
[2025-10-31 22:37:26] [STDERR]     transp, proto = await self._wrap_create_connection(
[2025-10-31 22:37:26] [STDERR]                     ^^^^^^^^^^^^^^^^^^^^^^^^^^^^^^^^^^^
[2025-10-31 22:37:26] [STDERR]   File "/opt/homebrew/Caskroom/miniconda/base/lib/python3.11/site-packages/aiohttp/connector.py", line 1291, in _wrap_create_connection
[2025-10-31 22:37:26] [STDERR]     raise client_error(req.connection_key, exc) from exc
[2025-10-31 22:37:26] [STDERR] aiohttp.client_exceptions.ClientConnectorError: Cannot connect to host localhost:3100 ssl:default [Multiple exceptions: [Errno 61] Connect call failed ('127.0.0.1', 3100), [Errno 61] Connect call failed ('::1', 3100, 0, 0)]
[2025-10-31 22:37:31] [STDERR] 2025-10-31 22:37:31,154 - LokiExporter.loki-exporter - ERROR - Failed to export logs to Loki: Cannot connect to host localhost:3100 ssl:default [Multiple exceptions: [Errno 61] Connect call failed ('::1', 3100, 0, 0), [Errno 61] Connect call failed ('127.0.0.1', 3100)]
[2025-10-31 22:37:31] [STDERR] Traceback (most recent call last):
[2025-10-31 22:37:31] [STDERR]   File "/opt/homebrew/Caskroom/miniconda/base/lib/python3.11/site-packages/aiohttp/connector.py", line 1268, in _wrap_create_connection
[2025-10-31 22:37:31] [STDERR]     sock = await aiohappyeyeballs.start_connection(
[2025-10-31 22:37:31] [STDERR]            ^^^^^^^^^^^^^^^^^^^^^^^^^^^^^^^^^^^^^^^^
[2025-10-31 22:37:31] [STDERR]   File "/opt/homebrew/Caskroom/miniconda/base/lib/python3.11/site-packages/aiohappyeyeballs/impl.py", line 141, in start_connection
[2025-10-31 22:37:31] [STDERR]     raise OSError(first_errno, msg)
[2025-10-31 22:37:31] [STDERR] ConnectionRefusedError: [Errno 61] Multiple exceptions: [Errno 61] Connect call failed ('::1', 3100, 0, 0), [Errno 61] Connect call failed ('127.0.0.1', 3100)
[2025-10-31 22:37:31] [STDERR] 
[2025-10-31 22:37:31] [STDERR] The above exception was the direct cause of the following exception:
[2025-10-31 22:37:31] [STDERR] 
[2025-10-31 22:37:31] [STDERR] Traceback (most recent call last):
[2025-10-31 22:37:31] [STDERR]   File "/Users/leifmarkthaler/github/gleitzeit 0.0.7/src/gleitzeit/workers/loki_exporter_worker.py", line 251, in export_logs_to_loki
[2025-10-31 22:37:31] [STDERR]     async with self.session.post(
[2025-10-31 22:37:31] [STDERR]   File "/opt/homebrew/Caskroom/miniconda/base/lib/python3.11/site-packages/aiohttp/client.py", line 1488, in __aenter__
[2025-10-31 22:37:31] [STDERR]     self._resp: _RetType = await self._coro
[2025-10-31 22:37:31] [STDERR]                            ^^^^^^^^^^^^^^^^
[2025-10-31 22:37:31] [STDERR]   File "/opt/homebrew/Caskroom/miniconda/base/lib/python3.11/site-packages/aiohttp/client.py", line 770, in _request
[2025-10-31 22:37:31] [STDERR]     resp = await handler(req)
[2025-10-31 22:37:31] [STDERR]            ^^^^^^^^^^^^^^^^^^
[2025-10-31 22:37:31] [STDERR]   File "/opt/homebrew/Caskroom/miniconda/base/lib/python3.11/site-packages/aiohttp/client.py", line 725, in _connect_and_send_request
[2025-10-31 22:37:31] [STDERR]     conn = await self._connector.connect(
[2025-10-31 22:37:31] [STDERR]            ^^^^^^^^^^^^^^^^^^^^^^^^^^^^^^
[2025-10-31 22:37:31] [STDERR]   File "/opt/homebrew/Caskroom/miniconda/base/lib/python3.11/site-packages/aiohttp/connector.py", line 642, in connect
[2025-10-31 22:37:31] [STDERR]     proto = await self._create_connection(req, traces, timeout)
[2025-10-31 22:37:31] [STDERR]             ^^^^^^^^^^^^^^^^^^^^^^^^^^^^^^^^^^^^^^^^^^^^^^^^^^^
[2025-10-31 22:37:31] [STDERR]   File "/opt/homebrew/Caskroom/miniconda/base/lib/python3.11/site-packages/aiohttp/connector.py", line 1209, in _create_connection
[2025-10-31 22:37:31] [STDERR]     _, proto = await self._create_direct_connection(req, traces, timeout)
[2025-10-31 22:37:31] [STDERR]                ^^^^^^^^^^^^^^^^^^^^^^^^^^^^^^^^^^^^^^^^^^^^^^^^^^^^^^^^^^
[2025-10-31 22:37:31] [STDERR]   File "/opt/homebrew/Caskroom/miniconda/base/lib/python3.11/site-packages/aiohttp/connector.py", line 1581, in _create_direct_connection
[2025-10-31 22:37:31] [STDERR]     raise last_exc
[2025-10-31 22:37:31] [STDERR]   File "/opt/homebrew/Caskroom/miniconda/base/lib/python3.11/site-packages/aiohttp/connector.py", line 1550, in _create_direct_connection
[2025-10-31 22:37:31] [STDERR]     transp, proto = await self._wrap_create_connection(
[2025-10-31 22:37:31] [STDERR]                     ^^^^^^^^^^^^^^^^^^^^^^^^^^^^^^^^^^^
[2025-10-31 22:37:31] [STDERR]   File "/opt/homebrew/Caskroom/miniconda/base/lib/python3.11/site-packages/aiohttp/connector.py", line 1291, in _wrap_create_connection
[2025-10-31 22:37:31] [STDERR]     raise client_error(req.connection_key, exc) from exc
[2025-10-31 22:37:31] [STDERR] aiohttp.client_exceptions.ClientConnectorError: Cannot connect to host localhost:3100 ssl:default [Multiple exceptions: [Errno 61] Connect call failed ('::1', 3100, 0, 0), [Errno 61] Connect call failed ('127.0.0.1', 3100)]
[2025-10-31 22:37:36] [STDERR] 2025-10-31 22:37:36,191 - LokiExporter.loki-exporter - ERROR - Failed to export logs to Loki: Cannot connect to host localhost:3100 ssl:default [Multiple exceptions: [Errno 61] Connect call failed ('127.0.0.1', 3100), [Errno 61] Connect call failed ('::1', 3100, 0, 0)]
[2025-10-31 22:37:36] [STDERR] Traceback (most recent call last):
[2025-10-31 22:37:36] [STDERR]   File "/opt/homebrew/Caskroom/miniconda/base/lib/python3.11/site-packages/aiohttp/connector.py", line 1268, in _wrap_create_connection
[2025-10-31 22:37:36] [STDERR]     sock = await aiohappyeyeballs.start_connection(
[2025-10-31 22:37:36] [STDERR]            ^^^^^^^^^^^^^^^^^^^^^^^^^^^^^^^^^^^^^^^^
[2025-10-31 22:37:36] [STDERR]   File "/opt/homebrew/Caskroom/miniconda/base/lib/python3.11/site-packages/aiohappyeyeballs/impl.py", line 141, in start_connection
[2025-10-31 22:37:36] [STDERR]     raise OSError(first_errno, msg)
[2025-10-31 22:37:36] [STDERR] ConnectionRefusedError: [Errno 61] Multiple exceptions: [Errno 61] Connect call failed ('127.0.0.1', 3100), [Errno 61] Connect call failed ('::1', 3100, 0, 0)
[2025-10-31 22:37:36] [STDERR] 
[2025-10-31 22:37:36] [STDERR] The above exception was the direct cause of the following exception:
[2025-10-31 22:37:36] [STDERR] 
[2025-10-31 22:37:36] [STDERR] Traceback (most recent call last):
[2025-10-31 22:37:36] [STDERR]   File "/Users/leifmarkthaler/github/gleitzeit 0.0.7/src/gleitzeit/workers/loki_exporter_worker.py", line 251, in export_logs_to_loki
[2025-10-31 22:37:36] [STDERR]     async with self.session.post(
[2025-10-31 22:37:36] [STDERR]   File "/opt/homebrew/Caskroom/miniconda/base/lib/python3.11/site-packages/aiohttp/client.py", line 1488, in __aenter__
[2025-10-31 22:37:36] [STDERR]     self._resp: _RetType = await self._coro
[2025-10-31 22:37:36] [STDERR]                            ^^^^^^^^^^^^^^^^
[2025-10-31 22:37:36] [STDERR]   File "/opt/homebrew/Caskroom/miniconda/base/lib/python3.11/site-packages/aiohttp/client.py", line 770, in _request
[2025-10-31 22:37:36] [STDERR]     resp = await handler(req)
[2025-10-31 22:37:36] [STDERR]            ^^^^^^^^^^^^^^^^^^
[2025-10-31 22:37:36] [STDERR]   File "/opt/homebrew/Caskroom/miniconda/base/lib/python3.11/site-packages/aiohttp/client.py", line 725, in _connect_and_send_request
[2025-10-31 22:37:36] [STDERR]     conn = await self._connector.connect(
[2025-10-31 22:37:36] [STDERR]            ^^^^^^^^^^^^^^^^^^^^^^^^^^^^^^
[2025-10-31 22:37:36] [STDERR]   File "/opt/homebrew/Caskroom/miniconda/base/lib/python3.11/site-packages/aiohttp/connector.py", line 642, in connect
[2025-10-31 22:37:36] [STDERR]     proto = await self._create_connection(req, traces, timeout)
[2025-10-31 22:37:36] [STDERR]             ^^^^^^^^^^^^^^^^^^^^^^^^^^^^^^^^^^^^^^^^^^^^^^^^^^^
[2025-10-31 22:37:36] [STDERR]   File "/opt/homebrew/Caskroom/miniconda/base/lib/python3.11/site-packages/aiohttp/connector.py", line 1209, in _create_connection
[2025-10-31 22:37:36] [STDERR]     _, proto = await self._create_direct_connection(req, traces, timeout)
[2025-10-31 22:37:36] [STDERR]                ^^^^^^^^^^^^^^^^^^^^^^^^^^^^^^^^^^^^^^^^^^^^^^^^^^^^^^^^^^
[2025-10-31 22:37:36] [STDERR]   File "/opt/homebrew/Caskroom/miniconda/base/lib/python3.11/site-packages/aiohttp/connector.py", line 1581, in _create_direct_connection
[2025-10-31 22:37:36] [STDERR]     raise last_exc
[2025-10-31 22:37:36] [STDERR]   File "/opt/homebrew/Caskroom/miniconda/base/lib/python3.11/site-packages/aiohttp/connector.py", line 1550, in _create_direct_connection
[2025-10-31 22:37:36] [STDERR]     transp, proto = await self._wrap_create_connection(
[2025-10-31 22:37:36] [STDERR]                     ^^^^^^^^^^^^^^^^^^^^^^^^^^^^^^^^^^^
[2025-10-31 22:37:36] [STDERR]   File "/opt/homebrew/Caskroom/miniconda/base/lib/python3.11/site-packages/aiohttp/connector.py", line 1291, in _wrap_create_connection
[2025-10-31 22:37:36] [STDERR]     raise client_error(req.connection_key, exc) from exc
[2025-10-31 22:37:36] [STDERR] aiohttp.client_exceptions.ClientConnectorError: Cannot connect to host localhost:3100 ssl:default [Multiple exceptions: [Errno 61] Connect call failed ('127.0.0.1', 3100), [Errno 61] Connect call failed ('::1', 3100, 0, 0)]
[2025-10-31 22:37:41] [STDERR] 2025-10-31 22:37:41,231 - LokiExporter.loki-exporter - ERROR - Failed to export logs to Loki: Cannot connect to host localhost:3100 ssl:default [Multiple exceptions: [Errno 61] Connect call failed ('::1', 3100, 0, 0), [Errno 61] Connect call failed ('127.0.0.1', 3100)]
[2025-10-31 22:37:41] [STDERR] Traceback (most recent call last):
[2025-10-31 22:37:41] [STDERR]   File "/opt/homebrew/Caskroom/miniconda/base/lib/python3.11/site-packages/aiohttp/connector.py", line 1268, in _wrap_create_connection
[2025-10-31 22:37:41] [STDERR]     sock = await aiohappyeyeballs.start_connection(
[2025-10-31 22:37:41] [STDERR]            ^^^^^^^^^^^^^^^^^^^^^^^^^^^^^^^^^^^^^^^^
[2025-10-31 22:37:41] [STDERR]   File "/opt/homebrew/Caskroom/miniconda/base/lib/python3.11/site-packages/aiohappyeyeballs/impl.py", line 141, in start_connection
[2025-10-31 22:37:41] [STDERR]     raise OSError(first_errno, msg)
[2025-10-31 22:37:41] [STDERR] ConnectionRefusedError: [Errno 61] Multiple exceptions: [Errno 61] Connect call failed ('::1', 3100, 0, 0), [Errno 61] Connect call failed ('127.0.0.1', 3100)
[2025-10-31 22:37:41] [STDERR] 
[2025-10-31 22:37:41] [STDERR] The above exception was the direct cause of the following exception:
[2025-10-31 22:37:41] [STDERR] 
[2025-10-31 22:37:41] [STDERR] Traceback (most recent call last):
[2025-10-31 22:37:41] [STDERR]   File "/Users/leifmarkthaler/github/gleitzeit 0.0.7/src/gleitzeit/workers/loki_exporter_worker.py", line 251, in export_logs_to_loki
[2025-10-31 22:37:41] [STDERR]     async with self.session.post(
[2025-10-31 22:37:41] [STDERR]   File "/opt/homebrew/Caskroom/miniconda/base/lib/python3.11/site-packages/aiohttp/client.py", line 1488, in __aenter__
[2025-10-31 22:37:41] [STDERR]     self._resp: _RetType = await self._coro
[2025-10-31 22:37:41] [STDERR]                            ^^^^^^^^^^^^^^^^
[2025-10-31 22:37:41] [STDERR]   File "/opt/homebrew/Caskroom/miniconda/base/lib/python3.11/site-packages/aiohttp/client.py", line 770, in _request
[2025-10-31 22:37:41] [STDERR]     resp = await handler(req)
[2025-10-31 22:37:41] [STDERR]            ^^^^^^^^^^^^^^^^^^
[2025-10-31 22:37:41] [STDERR]   File "/opt/homebrew/Caskroom/miniconda/base/lib/python3.11/site-packages/aiohttp/client.py", line 725, in _connect_and_send_request
[2025-10-31 22:37:41] [STDERR]     conn = await self._connector.connect(
[2025-10-31 22:37:41] [STDERR]            ^^^^^^^^^^^^^^^^^^^^^^^^^^^^^^
[2025-10-31 22:37:41] [STDERR]   File "/opt/homebrew/Caskroom/miniconda/base/lib/python3.11/site-packages/aiohttp/connector.py", line 642, in connect
[2025-10-31 22:37:41] [STDERR]     proto = await self._create_connection(req, traces, timeout)
[2025-10-31 22:37:41] [STDERR]             ^^^^^^^^^^^^^^^^^^^^^^^^^^^^^^^^^^^^^^^^^^^^^^^^^^^
[2025-10-31 22:37:41] [STDERR]   File "/opt/homebrew/Caskroom/miniconda/base/lib/python3.11/site-packages/aiohttp/connector.py", line 1209, in _create_connection
[2025-10-31 22:37:41] [STDERR]     _, proto = await self._create_direct_connection(req, traces, timeout)
[2025-10-31 22:37:41] [STDERR]                ^^^^^^^^^^^^^^^^^^^^^^^^^^^^^^^^^^^^^^^^^^^^^^^^^^^^^^^^^^
[2025-10-31 22:37:41] [STDERR]   File "/opt/homebrew/Caskroom/miniconda/base/lib/python3.11/site-packages/aiohttp/connector.py", line 1581, in _create_direct_connection
[2025-10-31 22:37:41] [STDERR]     raise last_exc
[2025-10-31 22:37:41] [STDERR]   File "/opt/homebrew/Caskroom/miniconda/base/lib/python3.11/site-packages/aiohttp/connector.py", line 1550, in _create_direct_connection
[2025-10-31 22:37:41] [STDERR]     transp, proto = await self._wrap_create_connection(
[2025-10-31 22:37:41] [STDERR]                     ^^^^^^^^^^^^^^^^^^^^^^^^^^^^^^^^^^^
[2025-10-31 22:37:41] [STDERR]   File "/opt/homebrew/Caskroom/miniconda/base/lib/python3.11/site-packages/aiohttp/connector.py", line 1291, in _wrap_create_connection
[2025-10-31 22:37:41] [STDERR]     raise client_error(req.connection_key, exc) from exc
[2025-10-31 22:37:41] [STDERR] aiohttp.client_exceptions.ClientConnectorError: Cannot connect to host localhost:3100 ssl:default [Multiple exceptions: [Errno 61] Connect call failed ('::1', 3100, 0, 0), [Errno 61] Connect call failed ('127.0.0.1', 3100)]
[2025-10-31 22:37:46] [STDERR] 2025-10-31 22:37:46,269 - LokiExporter.loki-exporter - ERROR - Failed to export logs to Loki: Cannot connect to host localhost:3100 ssl:default [Multiple exceptions: [Errno 61] Connect call failed ('127.0.0.1', 3100), [Errno 61] Connect call failed ('::1', 3100, 0, 0)]
[2025-10-31 22:37:46] [STDERR] Traceback (most recent call last):
[2025-10-31 22:37:46] [STDERR]   File "/opt/homebrew/Caskroom/miniconda/base/lib/python3.11/site-packages/aiohttp/connector.py", line 1268, in _wrap_create_connection
[2025-10-31 22:37:46] [STDERR]     sock = await aiohappyeyeballs.start_connection(
[2025-10-31 22:37:46] [STDERR]            ^^^^^^^^^^^^^^^^^^^^^^^^^^^^^^^^^^^^^^^^
[2025-10-31 22:37:46] [STDERR]   File "/opt/homebrew/Caskroom/miniconda/base/lib/python3.11/site-packages/aiohappyeyeballs/impl.py", line 141, in start_connection
[2025-10-31 22:37:46] [STDERR]     raise OSError(first_errno, msg)
[2025-10-31 22:37:46] [STDERR] ConnectionRefusedError: [Errno 61] Multiple exceptions: [Errno 61] Connect call failed ('127.0.0.1', 3100), [Errno 61] Connect call failed ('::1', 3100, 0, 0)
[2025-10-31 22:37:46] [STDERR] 
[2025-10-31 22:37:46] [STDERR] The above exception was the direct cause of the following exception:
[2025-10-31 22:37:46] [STDERR] 
[2025-10-31 22:37:46] [STDERR] Traceback (most recent call last):
[2025-10-31 22:37:46] [STDERR]   File "/Users/leifmarkthaler/github/gleitzeit 0.0.7/src/gleitzeit/workers/loki_exporter_worker.py", line 251, in export_logs_to_loki
[2025-10-31 22:37:46] [STDERR]     async with self.session.post(
[2025-10-31 22:37:46] [STDERR]   File "/opt/homebrew/Caskroom/miniconda/base/lib/python3.11/site-packages/aiohttp/client.py", line 1488, in __aenter__
[2025-10-31 22:37:46] [STDERR]     self._resp: _RetType = await self._coro
[2025-10-31 22:37:46] [STDERR]                            ^^^^^^^^^^^^^^^^
[2025-10-31 22:37:46] [STDERR]   File "/opt/homebrew/Caskroom/miniconda/base/lib/python3.11/site-packages/aiohttp/client.py", line 770, in _request
[2025-10-31 22:37:46] [STDERR]     resp = await handler(req)
[2025-10-31 22:37:46] [STDERR]            ^^^^^^^^^^^^^^^^^^
[2025-10-31 22:37:46] [STDERR]   File "/opt/homebrew/Caskroom/miniconda/base/lib/python3.11/site-packages/aiohttp/client.py", line 725, in _connect_and_send_request
[2025-10-31 22:37:46] [STDERR]     conn = await self._connector.connect(
[2025-10-31 22:37:46] [STDERR]            ^^^^^^^^^^^^^^^^^^^^^^^^^^^^^^
[2025-10-31 22:37:46] [STDERR]   File "/opt/homebrew/Caskroom/miniconda/base/lib/python3.11/site-packages/aiohttp/connector.py", line 642, in connect
[2025-10-31 22:37:46] [STDERR]     proto = await self._create_connection(req, traces, timeout)
[2025-10-31 22:37:46] [STDERR]             ^^^^^^^^^^^^^^^^^^^^^^^^^^^^^^^^^^^^^^^^^^^^^^^^^^^
[2025-10-31 22:37:46] [STDERR]   File "/opt/homebrew/Caskroom/miniconda/base/lib/python3.11/site-packages/aiohttp/connector.py", line 1209, in _create_connection
[2025-10-31 22:37:46] [STDERR]     _, proto = await self._create_direct_connection(req, traces, timeout)
[2025-10-31 22:37:46] [STDERR]                ^^^^^^^^^^^^^^^^^^^^^^^^^^^^^^^^^^^^^^^^^^^^^^^^^^^^^^^^^^
[2025-10-31 22:37:46] [STDERR]   File "/opt/homebrew/Caskroom/miniconda/base/lib/python3.11/site-packages/aiohttp/connector.py", line 1581, in _create_direct_connection
[2025-10-31 22:37:46] [STDERR]     raise last_exc
[2025-10-31 22:37:46] [STDERR]   File "/opt/homebrew/Caskroom/miniconda/base/lib/python3.11/site-packages/aiohttp/connector.py", line 1550, in _create_direct_connection
[2025-10-31 22:37:46] [STDERR]     transp, proto = await self._wrap_create_connection(
[2025-10-31 22:37:46] [STDERR]                     ^^^^^^^^^^^^^^^^^^^^^^^^^^^^^^^^^^^
[2025-10-31 22:37:46] [STDERR]   File "/opt/homebrew/Caskroom/miniconda/base/lib/python3.11/site-packages/aiohttp/connector.py", line 1291, in _wrap_create_connection
[2025-10-31 22:37:46] [STDERR]     raise client_error(req.connection_key, exc) from exc
[2025-10-31 22:37:46] [STDERR] aiohttp.client_exceptions.ClientConnectorError: Cannot connect to host localhost:3100 ssl:default [Multiple exceptions: [Errno 61] Connect call failed ('127.0.0.1', 3100), [Errno 61] Connect call failed ('::1', 3100, 0, 0)]
[2025-10-31 22:37:51] [STDERR] 2025-10-31 22:37:51,310 - LokiExporter.loki-exporter - ERROR - Failed to export logs to Loki: Cannot connect to host localhost:3100 ssl:default [Multiple exceptions: [Errno 61] Connect call failed ('::1', 3100, 0, 0), [Errno 61] Connect call failed ('127.0.0.1', 3100)]
[2025-10-31 22:37:51] [STDERR] Traceback (most recent call last):
[2025-10-31 22:37:51] [STDERR]   File "/opt/homebrew/Caskroom/miniconda/base/lib/python3.11/site-packages/aiohttp/connector.py", line 1268, in _wrap_create_connection
[2025-10-31 22:37:51] [STDERR]     sock = await aiohappyeyeballs.start_connection(
[2025-10-31 22:37:51] [STDERR]            ^^^^^^^^^^^^^^^^^^^^^^^^^^^^^^^^^^^^^^^^
[2025-10-31 22:37:51] [STDERR]   File "/opt/homebrew/Caskroom/miniconda/base/lib/python3.11/site-packages/aiohappyeyeballs/impl.py", line 141, in start_connection
[2025-10-31 22:37:51] [STDERR]     raise OSError(first_errno, msg)
[2025-10-31 22:37:51] [STDERR] ConnectionRefusedError: [Errno 61] Multiple exceptions: [Errno 61] Connect call failed ('::1', 3100, 0, 0), [Errno 61] Connect call failed ('127.0.0.1', 3100)
[2025-10-31 22:37:51] [STDERR] 
[2025-10-31 22:37:51] [STDERR] The above exception was the direct cause of the following exception:
[2025-10-31 22:37:51] [STDERR] 
[2025-10-31 22:37:51] [STDERR] Traceback (most recent call last):
[2025-10-31 22:37:51] [STDERR]   File "/Users/leifmarkthaler/github/gleitzeit 0.0.7/src/gleitzeit/workers/loki_exporter_worker.py", line 251, in export_logs_to_loki
[2025-10-31 22:37:51] [STDERR]     async with self.session.post(
[2025-10-31 22:37:51] [STDERR]   File "/opt/homebrew/Caskroom/miniconda/base/lib/python3.11/site-packages/aiohttp/client.py", line 1488, in __aenter__
[2025-10-31 22:37:51] [STDERR]     self._resp: _RetType = await self._coro
[2025-10-31 22:37:51] [STDERR]                            ^^^^^^^^^^^^^^^^
[2025-10-31 22:37:51] [STDERR]   File "/opt/homebrew/Caskroom/miniconda/base/lib/python3.11/site-packages/aiohttp/client.py", line 770, in _request
[2025-10-31 22:37:51] [STDERR]     resp = await handler(req)
[2025-10-31 22:37:51] [STDERR]            ^^^^^^^^^^^^^^^^^^
[2025-10-31 22:37:51] [STDERR]   File "/opt/homebrew/Caskroom/miniconda/base/lib/python3.11/site-packages/aiohttp/client.py", line 725, in _connect_and_send_request
[2025-10-31 22:37:51] [STDERR]     conn = await self._connector.connect(
[2025-10-31 22:37:51] [STDERR]            ^^^^^^^^^^^^^^^^^^^^^^^^^^^^^^
[2025-10-31 22:37:51] [STDERR]   File "/opt/homebrew/Caskroom/miniconda/base/lib/python3.11/site-packages/aiohttp/connector.py", line 642, in connect
[2025-10-31 22:37:51] [STDERR]     proto = await self._create_connection(req, traces, timeout)
[2025-10-31 22:37:51] [STDERR]             ^^^^^^^^^^^^^^^^^^^^^^^^^^^^^^^^^^^^^^^^^^^^^^^^^^^
[2025-10-31 22:37:51] [STDERR]   File "/opt/homebrew/Caskroom/miniconda/base/lib/python3.11/site-packages/aiohttp/connector.py", line 1209, in _create_connection
[2025-10-31 22:37:51] [STDERR]     _, proto = await self._create_direct_connection(req, traces, timeout)
[2025-10-31 22:37:51] [STDERR]                ^^^^^^^^^^^^^^^^^^^^^^^^^^^^^^^^^^^^^^^^^^^^^^^^^^^^^^^^^^
[2025-10-31 22:37:51] [STDERR]   File "/opt/homebrew/Caskroom/miniconda/base/lib/python3.11/site-packages/aiohttp/connector.py", line 1581, in _create_direct_connection
[2025-10-31 22:37:51] [STDERR]     raise last_exc
[2025-10-31 22:37:51] [STDERR]   File "/opt/homebrew/Caskroom/miniconda/base/lib/python3.11/site-packages/aiohttp/connector.py", line 1550, in _create_direct_connection
[2025-10-31 22:37:51] [STDERR]     transp, proto = await self._wrap_create_connection(
[2025-10-31 22:37:51] [STDERR]                     ^^^^^^^^^^^^^^^^^^^^^^^^^^^^^^^^^^^
[2025-10-31 22:37:51] [STDERR]   File "/opt/homebrew/Caskroom/miniconda/base/lib/python3.11/site-packages/aiohttp/connector.py", line 1291, in _wrap_create_connection
[2025-10-31 22:37:51] [STDERR]     raise client_error(req.connection_key, exc) from exc
[2025-10-31 22:37:51] [STDERR] aiohttp.client_exceptions.ClientConnectorError: Cannot connect to host localhost:3100 ssl:default [Multiple exceptions: [Errno 61] Connect call failed ('::1', 3100, 0, 0), [Errno 61] Connect call failed ('127.0.0.1', 3100)]
[2025-10-31 22:37:56] [STDERR] 2025-10-31 22:37:56,350 - LokiExporter.loki-exporter - ERROR - Failed to export logs to Loki: Cannot connect to host localhost:3100 ssl:default [Multiple exceptions: [Errno 61] Connect call failed ('127.0.0.1', 3100), [Errno 61] Connect call failed ('::1', 3100, 0, 0)]
[2025-10-31 22:37:56] [STDERR] Traceback (most recent call last):
[2025-10-31 22:37:56] [STDERR]   File "/opt/homebrew/Caskroom/miniconda/base/lib/python3.11/site-packages/aiohttp/connector.py", line 1268, in _wrap_create_connection
[2025-10-31 22:37:56] [STDERR]     sock = await aiohappyeyeballs.start_connection(
[2025-10-31 22:37:56] [STDERR]            ^^^^^^^^^^^^^^^^^^^^^^^^^^^^^^^^^^^^^^^^
[2025-10-31 22:37:56] [STDERR]   File "/opt/homebrew/Caskroom/miniconda/base/lib/python3.11/site-packages/aiohappyeyeballs/impl.py", line 141, in start_connection
[2025-10-31 22:37:56] [STDERR]     raise OSError(first_errno, msg)
[2025-10-31 22:37:56] [STDERR] ConnectionRefusedError: [Errno 61] Multiple exceptions: [Errno 61] Connect call failed ('127.0.0.1', 3100), [Errno 61] Connect call failed ('::1', 3100, 0, 0)
[2025-10-31 22:37:56] [STDERR] 
[2025-10-31 22:37:56] [STDERR] The above exception was the direct cause of the following exception:
[2025-10-31 22:37:56] [STDERR] 
[2025-10-31 22:37:56] [STDERR] Traceback (most recent call last):
[2025-10-31 22:37:56] [STDERR]   File "/Users/leifmarkthaler/github/gleitzeit 0.0.7/src/gleitzeit/workers/loki_exporter_worker.py", line 251, in export_logs_to_loki
[2025-10-31 22:37:56] [STDERR]     async with self.session.post(
[2025-10-31 22:37:56] [STDERR]   File "/opt/homebrew/Caskroom/miniconda/base/lib/python3.11/site-packages/aiohttp/client.py", line 1488, in __aenter__
[2025-10-31 22:37:56] [STDERR]     self._resp: _RetType = await self._coro
[2025-10-31 22:37:56] [STDERR]                            ^^^^^^^^^^^^^^^^
[2025-10-31 22:37:56] [STDERR]   File "/opt/homebrew/Caskroom/miniconda/base/lib/python3.11/site-packages/aiohttp/client.py", line 770, in _request
[2025-10-31 22:37:56] [STDERR]     resp = await handler(req)
[2025-10-31 22:37:56] [STDERR]            ^^^^^^^^^^^^^^^^^^
[2025-10-31 22:37:56] [STDERR]   File "/opt/homebrew/Caskroom/miniconda/base/lib/python3.11/site-packages/aiohttp/client.py", line 725, in _connect_and_send_request
[2025-10-31 22:37:56] [STDERR]     conn = await self._connector.connect(
[2025-10-31 22:37:56] [STDERR]            ^^^^^^^^^^^^^^^^^^^^^^^^^^^^^^
[2025-10-31 22:37:56] [STDERR]   File "/opt/homebrew/Caskroom/miniconda/base/lib/python3.11/site-packages/aiohttp/connector.py", line 642, in connect
[2025-10-31 22:37:56] [STDERR]     proto = await self._create_connection(req, traces, timeout)
[2025-10-31 22:37:56] [STDERR]             ^^^^^^^^^^^^^^^^^^^^^^^^^^^^^^^^^^^^^^^^^^^^^^^^^^^
[2025-10-31 22:37:56] [STDERR]   File "/opt/homebrew/Caskroom/miniconda/base/lib/python3.11/site-packages/aiohttp/connector.py", line 1209, in _create_connection
[2025-10-31 22:37:56] [STDERR]     _, proto = await self._create_direct_connection(req, traces, timeout)
[2025-10-31 22:37:56] [STDERR]                ^^^^^^^^^^^^^^^^^^^^^^^^^^^^^^^^^^^^^^^^^^^^^^^^^^^^^^^^^^
[2025-10-31 22:37:56] [STDERR]   File "/opt/homebrew/Caskroom/miniconda/base/lib/python3.11/site-packages/aiohttp/connector.py", line 1581, in _create_direct_connection
[2025-10-31 22:37:56] [STDERR]     raise last_exc
[2025-10-31 22:37:56] [STDERR]   File "/opt/homebrew/Caskroom/miniconda/base/lib/python3.11/site-packages/aiohttp/connector.py", line 1550, in _create_direct_connection
[2025-10-31 22:37:56] [STDERR]     transp, proto = await self._wrap_create_connection(
[2025-10-31 22:37:56] [STDERR]                     ^^^^^^^^^^^^^^^^^^^^^^^^^^^^^^^^^^^
[2025-10-31 22:37:56] [STDERR]   File "/opt/homebrew/Caskroom/miniconda/base/lib/python3.11/site-packages/aiohttp/connector.py", line 1291, in _wrap_create_connection
[2025-10-31 22:37:56] [STDERR]     raise client_error(req.connection_key, exc) from exc
[2025-10-31 22:37:56] [STDERR] aiohttp.client_exceptions.ClientConnectorError: Cannot connect to host localhost:3100 ssl:default [Multiple exceptions: [Errno 61] Connect call failed ('127.0.0.1', 3100), [Errno 61] Connect call failed ('::1', 3100, 0, 0)]
[2025-10-31 22:38:01] [STDERR] 2025-10-31 22:38:01,392 - LokiExporter.loki-exporter - ERROR - Failed to export logs to Loki: Cannot connect to host localhost:3100 ssl:default [Multiple exceptions: [Errno 61] Connect call failed ('::1', 3100, 0, 0), [Errno 61] Connect call failed ('127.0.0.1', 3100)]
[2025-10-31 22:38:01] [STDERR] Traceback (most recent call last):
[2025-10-31 22:38:01] [STDERR]   File "/opt/homebrew/Caskroom/miniconda/base/lib/python3.11/site-packages/aiohttp/connector.py", line 1268, in _wrap_create_connection
[2025-10-31 22:38:01] [STDERR]     sock = await aiohappyeyeballs.start_connection(
[2025-10-31 22:38:01] [STDERR]            ^^^^^^^^^^^^^^^^^^^^^^^^^^^^^^^^^^^^^^^^
[2025-10-31 22:38:01] [STDERR]   File "/opt/homebrew/Caskroom/miniconda/base/lib/python3.11/site-packages/aiohappyeyeballs/impl.py", line 141, in start_connection
[2025-10-31 22:38:01] [STDERR]     raise OSError(first_errno, msg)
[2025-10-31 22:38:01] [STDERR] ConnectionRefusedError: [Errno 61] Multiple exceptions: [Errno 61] Connect call failed ('::1', 3100, 0, 0), [Errno 61] Connect call failed ('127.0.0.1', 3100)
[2025-10-31 22:38:01] [STDERR] 
[2025-10-31 22:38:01] [STDERR] The above exception was the direct cause of the following exception:
[2025-10-31 22:38:01] [STDERR] 
[2025-10-31 22:38:01] [STDERR] Traceback (most recent call last):
[2025-10-31 22:38:01] [STDERR]   File "/Users/leifmarkthaler/github/gleitzeit 0.0.7/src/gleitzeit/workers/loki_exporter_worker.py", line 251, in export_logs_to_loki
[2025-10-31 22:38:01] [STDERR]     async with self.session.post(
[2025-10-31 22:38:01] [STDERR]   File "/opt/homebrew/Caskroom/miniconda/base/lib/python3.11/site-packages/aiohttp/client.py", line 1488, in __aenter__
[2025-10-31 22:38:01] [STDERR]     self._resp: _RetType = await self._coro
[2025-10-31 22:38:01] [STDERR]                            ^^^^^^^^^^^^^^^^
[2025-10-31 22:38:01] [STDERR]   File "/opt/homebrew/Caskroom/miniconda/base/lib/python3.11/site-packages/aiohttp/client.py", line 770, in _request
[2025-10-31 22:38:01] [STDERR]     resp = await handler(req)
[2025-10-31 22:38:01] [STDERR]            ^^^^^^^^^^^^^^^^^^
[2025-10-31 22:38:01] [STDERR]   File "/opt/homebrew/Caskroom/miniconda/base/lib/python3.11/site-packages/aiohttp/client.py", line 725, in _connect_and_send_request
[2025-10-31 22:38:01] [STDERR]     conn = await self._connector.connect(
[2025-10-31 22:38:01] [STDERR]            ^^^^^^^^^^^^^^^^^^^^^^^^^^^^^^
[2025-10-31 22:38:01] [STDERR]   File "/opt/homebrew/Caskroom/miniconda/base/lib/python3.11/site-packages/aiohttp/connector.py", line 642, in connect
[2025-10-31 22:38:01] [STDERR]     proto = await self._create_connection(req, traces, timeout)
[2025-10-31 22:38:01] [STDERR]             ^^^^^^^^^^^^^^^^^^^^^^^^^^^^^^^^^^^^^^^^^^^^^^^^^^^
[2025-10-31 22:38:01] [STDERR]   File "/opt/homebrew/Caskroom/miniconda/base/lib/python3.11/site-packages/aiohttp/connector.py", line 1209, in _create_connection
[2025-10-31 22:38:01] [STDERR]     _, proto = await self._create_direct_connection(req, traces, timeout)
[2025-10-31 22:38:01] [STDERR]                ^^^^^^^^^^^^^^^^^^^^^^^^^^^^^^^^^^^^^^^^^^^^^^^^^^^^^^^^^^
[2025-10-31 22:38:01] [STDERR]   File "/opt/homebrew/Caskroom/miniconda/base/lib/python3.11/site-packages/aiohttp/connector.py", line 1581, in _create_direct_connection
[2025-10-31 22:38:01] [STDERR]     raise last_exc
[2025-10-31 22:38:01] [STDERR]   File "/opt/homebrew/Caskroom/miniconda/base/lib/python3.11/site-packages/aiohttp/connector.py", line 1550, in _create_direct_connection
[2025-10-31 22:38:01] [STDERR]     transp, proto = await self._wrap_create_connection(
[2025-10-31 22:38:01] [STDERR]                     ^^^^^^^^^^^^^^^^^^^^^^^^^^^^^^^^^^^
[2025-10-31 22:38:01] [STDERR]   File "/opt/homebrew/Caskroom/miniconda/base/lib/python3.11/site-packages/aiohttp/connector.py", line 1291, in _wrap_create_connection
[2025-10-31 22:38:01] [STDERR]     raise client_error(req.connection_key, exc) from exc
[2025-10-31 22:38:01] [STDERR] aiohttp.client_exceptions.ClientConnectorError: Cannot connect to host localhost:3100 ssl:default [Multiple exceptions: [Errno 61] Connect call failed ('::1', 3100, 0, 0), [Errno 61] Connect call failed ('127.0.0.1', 3100)]
[2025-10-31 22:38:06] [STDERR] 2025-10-31 22:38:06,431 - LokiExporter.loki-exporter - ERROR - Failed to export logs to Loki: Cannot connect to host localhost:3100 ssl:default [Multiple exceptions: [Errno 61] Connect call failed ('127.0.0.1', 3100), [Errno 61] Connect call failed ('::1', 3100, 0, 0)]
[2025-10-31 22:38:06] [STDERR] Traceback (most recent call last):
[2025-10-31 22:38:06] [STDERR]   File "/opt/homebrew/Caskroom/miniconda/base/lib/python3.11/site-packages/aiohttp/connector.py", line 1268, in _wrap_create_connection
[2025-10-31 22:38:06] [STDERR]     sock = await aiohappyeyeballs.start_connection(
[2025-10-31 22:38:06] [STDERR]            ^^^^^^^^^^^^^^^^^^^^^^^^^^^^^^^^^^^^^^^^
[2025-10-31 22:38:06] [STDERR]   File "/opt/homebrew/Caskroom/miniconda/base/lib/python3.11/site-packages/aiohappyeyeballs/impl.py", line 141, in start_connection
[2025-10-31 22:38:06] [STDERR]     raise OSError(first_errno, msg)
[2025-10-31 22:38:06] [STDERR] ConnectionRefusedError: [Errno 61] Multiple exceptions: [Errno 61] Connect call failed ('127.0.0.1', 3100), [Errno 61] Connect call failed ('::1', 3100, 0, 0)
[2025-10-31 22:38:06] [STDERR] 
[2025-10-31 22:38:06] [STDERR] The above exception was the direct cause of the following exception:
[2025-10-31 22:38:06] [STDERR] 
[2025-10-31 22:38:06] [STDERR] Traceback (most recent call last):
[2025-10-31 22:38:06] [STDERR]   File "/Users/leifmarkthaler/github/gleitzeit 0.0.7/src/gleitzeit/workers/loki_exporter_worker.py", line 251, in export_logs_to_loki
[2025-10-31 22:38:06] [STDERR]     async with self.session.post(
[2025-10-31 22:38:06] [STDERR]   File "/opt/homebrew/Caskroom/miniconda/base/lib/python3.11/site-packages/aiohttp/client.py", line 1488, in __aenter__
[2025-10-31 22:38:06] [STDERR]     self._resp: _RetType = await self._coro
[2025-10-31 22:38:06] [STDERR]                            ^^^^^^^^^^^^^^^^
[2025-10-31 22:38:06] [STDERR]   File "/opt/homebrew/Caskroom/miniconda/base/lib/python3.11/site-packages/aiohttp/client.py", line 770, in _request
[2025-10-31 22:38:06] [STDERR]     resp = await handler(req)
[2025-10-31 22:38:06] [STDERR]            ^^^^^^^^^^^^^^^^^^
[2025-10-31 22:38:06] [STDERR]   File "/opt/homebrew/Caskroom/miniconda/base/lib/python3.11/site-packages/aiohttp/client.py", line 725, in _connect_and_send_request
[2025-10-31 22:38:06] [STDERR]     conn = await self._connector.connect(
[2025-10-31 22:38:06] [STDERR]            ^^^^^^^^^^^^^^^^^^^^^^^^^^^^^^
[2025-10-31 22:38:06] [STDERR]   File "/opt/homebrew/Caskroom/miniconda/base/lib/python3.11/site-packages/aiohttp/connector.py", line 642, in connect
[2025-10-31 22:38:06] [STDERR]     proto = await self._create_connection(req, traces, timeout)
[2025-10-31 22:38:06] [STDERR]             ^^^^^^^^^^^^^^^^^^^^^^^^^^^^^^^^^^^^^^^^^^^^^^^^^^^
[2025-10-31 22:38:06] [STDERR]   File "/opt/homebrew/Caskroom/miniconda/base/lib/python3.11/site-packages/aiohttp/connector.py", line 1209, in _create_connection
[2025-10-31 22:38:06] [STDERR]     _, proto = await self._create_direct_connection(req, traces, timeout)
[2025-10-31 22:38:06] [STDERR]                ^^^^^^^^^^^^^^^^^^^^^^^^^^^^^^^^^^^^^^^^^^^^^^^^^^^^^^^^^^
[2025-10-31 22:38:06] [STDERR]   File "/opt/homebrew/Caskroom/miniconda/base/lib/python3.11/site-packages/aiohttp/connector.py", line 1581, in _create_direct_connection
[2025-10-31 22:38:06] [STDERR]     raise last_exc
[2025-10-31 22:38:06] [STDERR]   File "/opt/homebrew/Caskroom/miniconda/base/lib/python3.11/site-packages/aiohttp/connector.py", line 1550, in _create_direct_connection
[2025-10-31 22:38:06] [STDERR]     transp, proto = await self._wrap_create_connection(
[2025-10-31 22:38:06] [STDERR]                     ^^^^^^^^^^^^^^^^^^^^^^^^^^^^^^^^^^^
[2025-10-31 22:38:06] [STDERR]   File "/opt/homebrew/Caskroom/miniconda/base/lib/python3.11/site-packages/aiohttp/connector.py", line 1291, in _wrap_create_connection
[2025-10-31 22:38:06] [STDERR]     raise client_error(req.connection_key, exc) from exc
[2025-10-31 22:38:06] [STDERR] aiohttp.client_exceptions.ClientConnectorError: Cannot connect to host localhost:3100 ssl:default [Multiple exceptions: [Errno 61] Connect call failed ('127.0.0.1', 3100), [Errno 61] Connect call failed ('::1', 3100, 0, 0)]
[2025-10-31 22:38:11] [STDERR] 2025-10-31 22:38:11,465 - LokiExporter.loki-exporter - ERROR - Failed to export logs to Loki: Cannot connect to host localhost:3100 ssl:default [Multiple exceptions: [Errno 61] Connect call failed ('::1', 3100, 0, 0), [Errno 61] Connect call failed ('127.0.0.1', 3100)]
[2025-10-31 22:38:11] [STDERR] Traceback (most recent call last):
[2025-10-31 22:38:11] [STDERR]   File "/opt/homebrew/Caskroom/miniconda/base/lib/python3.11/site-packages/aiohttp/connector.py", line 1268, in _wrap_create_connection
[2025-10-31 22:38:11] [STDERR]     sock = await aiohappyeyeballs.start_connection(
[2025-10-31 22:38:11] [STDERR]            ^^^^^^^^^^^^^^^^^^^^^^^^^^^^^^^^^^^^^^^^
[2025-10-31 22:38:11] [STDERR]   File "/opt/homebrew/Caskroom/miniconda/base/lib/python3.11/site-packages/aiohappyeyeballs/impl.py", line 141, in start_connection
[2025-10-31 22:38:11] [STDERR]     raise OSError(first_errno, msg)
[2025-10-31 22:38:11] [STDERR] ConnectionRefusedError: [Errno 61] Multiple exceptions: [Errno 61] Connect call failed ('::1', 3100, 0, 0), [Errno 61] Connect call failed ('127.0.0.1', 3100)
[2025-10-31 22:38:11] [STDERR] 
[2025-10-31 22:38:11] [STDERR] The above exception was the direct cause of the following exception:
[2025-10-31 22:38:11] [STDERR] 
[2025-10-31 22:38:11] [STDERR] Traceback (most recent call last):
[2025-10-31 22:38:11] [STDERR]   File "/Users/leifmarkthaler/github/gleitzeit 0.0.7/src/gleitzeit/workers/loki_exporter_worker.py", line 251, in export_logs_to_loki
[2025-10-31 22:38:11] [STDERR]     async with self.session.post(
[2025-10-31 22:38:11] [STDERR]   File "/opt/homebrew/Caskroom/miniconda/base/lib/python3.11/site-packages/aiohttp/client.py", line 1488, in __aenter__
[2025-10-31 22:38:11] [STDERR]     self._resp: _RetType = await self._coro
[2025-10-31 22:38:11] [STDERR]                            ^^^^^^^^^^^^^^^^
[2025-10-31 22:38:11] [STDERR]   File "/opt/homebrew/Caskroom/miniconda/base/lib/python3.11/site-packages/aiohttp/client.py", line 770, in _request
[2025-10-31 22:38:11] [STDERR]     resp = await handler(req)
[2025-10-31 22:38:11] [STDERR]            ^^^^^^^^^^^^^^^^^^
[2025-10-31 22:38:11] [STDERR]   File "/opt/homebrew/Caskroom/miniconda/base/lib/python3.11/site-packages/aiohttp/client.py", line 725, in _connect_and_send_request
[2025-10-31 22:38:11] [STDERR]     conn = await self._connector.connect(
[2025-10-31 22:38:11] [STDERR]            ^^^^^^^^^^^^^^^^^^^^^^^^^^^^^^
[2025-10-31 22:38:11] [STDERR]   File "/opt/homebrew/Caskroom/miniconda/base/lib/python3.11/site-packages/aiohttp/connector.py", line 642, in connect
[2025-10-31 22:38:11] [STDERR]     proto = await self._create_connection(req, traces, timeout)
[2025-10-31 22:38:11] [STDERR]             ^^^^^^^^^^^^^^^^^^^^^^^^^^^^^^^^^^^^^^^^^^^^^^^^^^^
[2025-10-31 22:38:11] [STDERR]   File "/opt/homebrew/Caskroom/miniconda/base/lib/python3.11/site-packages/aiohttp/connector.py", line 1209, in _create_connection
[2025-10-31 22:38:11] [STDERR]     _, proto = await self._create_direct_connection(req, traces, timeout)
[2025-10-31 22:38:11] [STDERR]                ^^^^^^^^^^^^^^^^^^^^^^^^^^^^^^^^^^^^^^^^^^^^^^^^^^^^^^^^^^
[2025-10-31 22:38:11] [STDERR]   File "/opt/homebrew/Caskroom/miniconda/base/lib/python3.11/site-packages/aiohttp/connector.py", line 1581, in _create_direct_connection
[2025-10-31 22:38:11] [STDERR]     raise last_exc
[2025-10-31 22:38:11] [STDERR]   File "/opt/homebrew/Caskroom/miniconda/base/lib/python3.11/site-packages/aiohttp/connector.py", line 1550, in _create_direct_connection
[2025-10-31 22:38:11] [STDERR]     transp, proto = await self._wrap_create_connection(
[2025-10-31 22:38:11] [STDERR]                     ^^^^^^^^^^^^^^^^^^^^^^^^^^^^^^^^^^^
[2025-10-31 22:38:11] [STDERR]   File "/opt/homebrew/Caskroom/miniconda/base/lib/python3.11/site-packages/aiohttp/connector.py", line 1291, in _wrap_create_connection
[2025-10-31 22:38:11] [STDERR]     raise client_error(req.connection_key, exc) from exc
[2025-10-31 22:38:11] [STDERR] aiohttp.client_exceptions.ClientConnectorError: Cannot connect to host localhost:3100 ssl:default [Multiple exceptions: [Errno 61] Connect call failed ('::1', 3100, 0, 0), [Errno 61] Connect call failed ('127.0.0.1', 3100)]
[2025-10-31 22:38:16] [STDERR] 2025-10-31 22:38:16,496 - LokiExporter.loki-exporter - ERROR - Failed to export logs to Loki: Cannot connect to host localhost:3100 ssl:default [Multiple exceptions: [Errno 61] Connect call failed ('127.0.0.1', 3100), [Errno 61] Connect call failed ('::1', 3100, 0, 0)]
[2025-10-31 22:38:16] [STDERR] Traceback (most recent call last):
[2025-10-31 22:38:16] [STDERR]   File "/opt/homebrew/Caskroom/miniconda/base/lib/python3.11/site-packages/aiohttp/connector.py", line 1268, in _wrap_create_connection
[2025-10-31 22:38:16] [STDERR]     sock = await aiohappyeyeballs.start_connection(
[2025-10-31 22:38:16] [STDERR]            ^^^^^^^^^^^^^^^^^^^^^^^^^^^^^^^^^^^^^^^^
[2025-10-31 22:38:16] [STDERR]   File "/opt/homebrew/Caskroom/miniconda/base/lib/python3.11/site-packages/aiohappyeyeballs/impl.py", line 141, in start_connection
[2025-10-31 22:38:16] [STDERR]     raise OSError(first_errno, msg)
[2025-10-31 22:38:16] [STDERR] ConnectionRefusedError: [Errno 61] Multiple exceptions: [Errno 61] Connect call failed ('127.0.0.1', 3100), [Errno 61] Connect call failed ('::1', 3100, 0, 0)
[2025-10-31 22:38:16] [STDERR] 
[2025-10-31 22:38:16] [STDERR] The above exception was the direct cause of the following exception:
[2025-10-31 22:38:16] [STDERR] 
[2025-10-31 22:38:16] [STDERR] Traceback (most recent call last):
[2025-10-31 22:38:16] [STDERR]   File "/Users/leifmarkthaler/github/gleitzeit 0.0.7/src/gleitzeit/workers/loki_exporter_worker.py", line 251, in export_logs_to_loki
[2025-10-31 22:38:16] [STDERR]     async with self.session.post(
[2025-10-31 22:38:16] [STDERR]   File "/opt/homebrew/Caskroom/miniconda/base/lib/python3.11/site-packages/aiohttp/client.py", line 1488, in __aenter__
[2025-10-31 22:38:16] [STDERR]     self._resp: _RetType = await self._coro
[2025-10-31 22:38:16] [STDERR]                            ^^^^^^^^^^^^^^^^
[2025-10-31 22:38:16] [STDERR]   File "/opt/homebrew/Caskroom/miniconda/base/lib/python3.11/site-packages/aiohttp/client.py", line 770, in _request
[2025-10-31 22:38:16] [STDERR]     resp = await handler(req)
[2025-10-31 22:38:16] [STDERR]            ^^^^^^^^^^^^^^^^^^
[2025-10-31 22:38:16] [STDERR]   File "/opt/homebrew/Caskroom/miniconda/base/lib/python3.11/site-packages/aiohttp/client.py", line 725, in _connect_and_send_request
[2025-10-31 22:38:16] [STDERR]     conn = await self._connector.connect(
[2025-10-31 22:38:16] [STDERR]            ^^^^^^^^^^^^^^^^^^^^^^^^^^^^^^
[2025-10-31 22:38:16] [STDERR]   File "/opt/homebrew/Caskroom/miniconda/base/lib/python3.11/site-packages/aiohttp/connector.py", line 642, in connect
[2025-10-31 22:38:16] [STDERR]     proto = await self._create_connection(req, traces, timeout)
[2025-10-31 22:38:16] [STDERR]             ^^^^^^^^^^^^^^^^^^^^^^^^^^^^^^^^^^^^^^^^^^^^^^^^^^^
[2025-10-31 22:38:16] [STDERR]   File "/opt/homebrew/Caskroom/miniconda/base/lib/python3.11/site-packages/aiohttp/connector.py", line 1209, in _create_connection
[2025-10-31 22:38:16] [STDERR]     _, proto = await self._create_direct_connection(req, traces, timeout)
[2025-10-31 22:38:16] [STDERR]                ^^^^^^^^^^^^^^^^^^^^^^^^^^^^^^^^^^^^^^^^^^^^^^^^^^^^^^^^^^
[2025-10-31 22:38:16] [STDERR]   File "/opt/homebrew/Caskroom/miniconda/base/lib/python3.11/site-packages/aiohttp/connector.py", line 1581, in _create_direct_connection
[2025-10-31 22:38:16] [STDERR]     raise last_exc
[2025-10-31 22:38:16] [STDERR]   File "/opt/homebrew/Caskroom/miniconda/base/lib/python3.11/site-packages/aiohttp/connector.py", line 1550, in _create_direct_connection
[2025-10-31 22:38:16] [STDERR]     transp, proto = await self._wrap_create_connection(
[2025-10-31 22:38:16] [STDERR]                     ^^^^^^^^^^^^^^^^^^^^^^^^^^^^^^^^^^^
[2025-10-31 22:38:16] [STDERR]   File "/opt/homebrew/Caskroom/miniconda/base/lib/python3.11/site-packages/aiohttp/connector.py", line 1291, in _wrap_create_connection
[2025-10-31 22:38:16] [STDERR]     raise client_error(req.connection_key, exc) from exc
[2025-10-31 22:38:16] [STDERR] aiohttp.client_exceptions.ClientConnectorError: Cannot connect to host localhost:3100 ssl:default [Multiple exceptions: [Errno 61] Connect call failed ('127.0.0.1', 3100), [Errno 61] Connect call failed ('::1', 3100, 0, 0)]
[2025-10-31 22:38:21] [STDERR] 2025-10-31 22:38:21,531 - LokiExporter.loki-exporter - ERROR - Failed to export logs to Loki: Cannot connect to host localhost:3100 ssl:default [Multiple exceptions: [Errno 61] Connect call failed ('::1', 3100, 0, 0), [Errno 61] Connect call failed ('127.0.0.1', 3100)]
[2025-10-31 22:38:21] [STDERR] Traceback (most recent call last):
[2025-10-31 22:38:21] [STDERR]   File "/opt/homebrew/Caskroom/miniconda/base/lib/python3.11/site-packages/aiohttp/connector.py", line 1268, in _wrap_create_connection
[2025-10-31 22:38:21] [STDERR]     sock = await aiohappyeyeballs.start_connection(
[2025-10-31 22:38:21] [STDERR]            ^^^^^^^^^^^^^^^^^^^^^^^^^^^^^^^^^^^^^^^^
[2025-10-31 22:38:21] [STDERR]   File "/opt/homebrew/Caskroom/miniconda/base/lib/python3.11/site-packages/aiohappyeyeballs/impl.py", line 141, in start_connection
[2025-10-31 22:38:21] [STDERR]     raise OSError(first_errno, msg)
[2025-10-31 22:38:21] [STDERR] ConnectionRefusedError: [Errno 61] Multiple exceptions: [Errno 61] Connect call failed ('::1', 3100, 0, 0), [Errno 61] Connect call failed ('127.0.0.1', 3100)
[2025-10-31 22:38:21] [STDERR] 
[2025-10-31 22:38:21] [STDERR] The above exception was the direct cause of the following exception:
[2025-10-31 22:38:21] [STDERR] 
[2025-10-31 22:38:21] [STDERR] Traceback (most recent call last):
[2025-10-31 22:38:21] [STDERR]   File "/Users/leifmarkthaler/github/gleitzeit 0.0.7/src/gleitzeit/workers/loki_exporter_worker.py", line 251, in export_logs_to_loki
[2025-10-31 22:38:21] [STDERR]     async with self.session.post(
[2025-10-31 22:38:21] [STDERR]   File "/opt/homebrew/Caskroom/miniconda/base/lib/python3.11/site-packages/aiohttp/client.py", line 1488, in __aenter__
[2025-10-31 22:38:21] [STDERR]     self._resp: _RetType = await self._coro
[2025-10-31 22:38:21] [STDERR]                            ^^^^^^^^^^^^^^^^
[2025-10-31 22:38:21] [STDERR]   File "/opt/homebrew/Caskroom/miniconda/base/lib/python3.11/site-packages/aiohttp/client.py", line 770, in _request
[2025-10-31 22:38:21] [STDERR]     resp = await handler(req)
[2025-10-31 22:38:21] [STDERR]            ^^^^^^^^^^^^^^^^^^
[2025-10-31 22:38:21] [STDERR]   File "/opt/homebrew/Caskroom/miniconda/base/lib/python3.11/site-packages/aiohttp/client.py", line 725, in _connect_and_send_request
[2025-10-31 22:38:21] [STDERR]     conn = await self._connector.connect(
[2025-10-31 22:38:21] [STDERR]            ^^^^^^^^^^^^^^^^^^^^^^^^^^^^^^
[2025-10-31 22:38:21] [STDERR]   File "/opt/homebrew/Caskroom/miniconda/base/lib/python3.11/site-packages/aiohttp/connector.py", line 642, in connect
[2025-10-31 22:38:21] [STDERR]     proto = await self._create_connection(req, traces, timeout)
[2025-10-31 22:38:21] [STDERR]             ^^^^^^^^^^^^^^^^^^^^^^^^^^^^^^^^^^^^^^^^^^^^^^^^^^^
[2025-10-31 22:38:21] [STDERR]   File "/opt/homebrew/Caskroom/miniconda/base/lib/python3.11/site-packages/aiohttp/connector.py", line 1209, in _create_connection
[2025-10-31 22:38:21] [STDERR]     _, proto = await self._create_direct_connection(req, traces, timeout)
[2025-10-31 22:38:21] [STDERR]                ^^^^^^^^^^^^^^^^^^^^^^^^^^^^^^^^^^^^^^^^^^^^^^^^^^^^^^^^^^
[2025-10-31 22:38:21] [STDERR]   File "/opt/homebrew/Caskroom/miniconda/base/lib/python3.11/site-packages/aiohttp/connector.py", line 1581, in _create_direct_connection
[2025-10-31 22:38:21] [STDERR]     raise last_exc
[2025-10-31 22:38:21] [STDERR]   File "/opt/homebrew/Caskroom/miniconda/base/lib/python3.11/site-packages/aiohttp/connector.py", line 1550, in _create_direct_connection
[2025-10-31 22:38:21] [STDERR]     transp, proto = await self._wrap_create_connection(
[2025-10-31 22:38:21] [STDERR]                     ^^^^^^^^^^^^^^^^^^^^^^^^^^^^^^^^^^^
[2025-10-31 22:38:21] [STDERR]   File "/opt/homebrew/Caskroom/miniconda/base/lib/python3.11/site-packages/aiohttp/connector.py", line 1291, in _wrap_create_connection
[2025-10-31 22:38:21] [STDERR]     raise client_error(req.connection_key, exc) from exc
[2025-10-31 22:38:21] [STDERR] aiohttp.client_exceptions.ClientConnectorError: Cannot connect to host localhost:3100 ssl:default [Multiple exceptions: [Errno 61] Connect call failed ('::1', 3100, 0, 0), [Errno 61] Connect call failed ('127.0.0.1', 3100)]
[2025-10-31 22:38:26] [STDERR] 2025-10-31 22:38:26,564 - LokiExporter.loki-exporter - ERROR - Failed to export logs to Loki: Cannot connect to host localhost:3100 ssl:default [Multiple exceptions: [Errno 61] Connect call failed ('127.0.0.1', 3100), [Errno 61] Connect call failed ('::1', 3100, 0, 0)]
[2025-10-31 22:38:26] [STDERR] Traceback (most recent call last):
[2025-10-31 22:38:26] [STDERR]   File "/opt/homebrew/Caskroom/miniconda/base/lib/python3.11/site-packages/aiohttp/connector.py", line 1268, in _wrap_create_connection
[2025-10-31 22:38:26] [STDERR]     sock = await aiohappyeyeballs.start_connection(
[2025-10-31 22:38:26] [STDERR]            ^^^^^^^^^^^^^^^^^^^^^^^^^^^^^^^^^^^^^^^^
[2025-10-31 22:38:26] [STDERR]   File "/opt/homebrew/Caskroom/miniconda/base/lib/python3.11/site-packages/aiohappyeyeballs/impl.py", line 141, in start_connection
[2025-10-31 22:38:26] [STDERR]     raise OSError(first_errno, msg)
[2025-10-31 22:38:26] [STDERR] ConnectionRefusedError: [Errno 61] Multiple exceptions: [Errno 61] Connect call failed ('127.0.0.1', 3100), [Errno 61] Connect call failed ('::1', 3100, 0, 0)
[2025-10-31 22:38:26] [STDERR] 
[2025-10-31 22:38:26] [STDERR] The above exception was the direct cause of the following exception:
[2025-10-31 22:38:26] [STDERR] 
[2025-10-31 22:38:26] [STDERR] Traceback (most recent call last):
[2025-10-31 22:38:26] [STDERR]   File "/Users/leifmarkthaler/github/gleitzeit 0.0.7/src/gleitzeit/workers/loki_exporter_worker.py", line 251, in export_logs_to_loki
[2025-10-31 22:38:26] [STDERR]     async with self.session.post(
[2025-10-31 22:38:26] [STDERR]   File "/opt/homebrew/Caskroom/miniconda/base/lib/python3.11/site-packages/aiohttp/client.py", line 1488, in __aenter__
[2025-10-31 22:38:26] [STDERR]     self._resp: _RetType = await self._coro
[2025-10-31 22:38:26] [STDERR]                            ^^^^^^^^^^^^^^^^
[2025-10-31 22:38:26] [STDERR]   File "/opt/homebrew/Caskroom/miniconda/base/lib/python3.11/site-packages/aiohttp/client.py", line 770, in _request
[2025-10-31 22:38:26] [STDERR]     resp = await handler(req)
[2025-10-31 22:38:26] [STDERR]            ^^^^^^^^^^^^^^^^^^
[2025-10-31 22:38:26] [STDERR]   File "/opt/homebrew/Caskroom/miniconda/base/lib/python3.11/site-packages/aiohttp/client.py", line 725, in _connect_and_send_request
[2025-10-31 22:38:26] [STDERR]     conn = await self._connector.connect(
[2025-10-31 22:38:26] [STDERR]            ^^^^^^^^^^^^^^^^^^^^^^^^^^^^^^
[2025-10-31 22:38:26] [STDERR]   File "/opt/homebrew/Caskroom/miniconda/base/lib/python3.11/site-packages/aiohttp/connector.py", line 642, in connect
[2025-10-31 22:38:26] [STDERR]     proto = await self._create_connection(req, traces, timeout)
[2025-10-31 22:38:26] [STDERR]             ^^^^^^^^^^^^^^^^^^^^^^^^^^^^^^^^^^^^^^^^^^^^^^^^^^^
[2025-10-31 22:38:26] [STDERR]   File "/opt/homebrew/Caskroom/miniconda/base/lib/python3.11/site-packages/aiohttp/connector.py", line 1209, in _create_connection
[2025-10-31 22:38:26] [STDERR]     _, proto = await self._create_direct_connection(req, traces, timeout)
[2025-10-31 22:38:26] [STDERR]                ^^^^^^^^^^^^^^^^^^^^^^^^^^^^^^^^^^^^^^^^^^^^^^^^^^^^^^^^^^
[2025-10-31 22:38:26] [STDERR]   File "/opt/homebrew/Caskroom/miniconda/base/lib/python3.11/site-packages/aiohttp/connector.py", line 1581, in _create_direct_connection
[2025-10-31 22:38:26] [STDERR]     raise last_exc
[2025-10-31 22:38:26] [STDERR]   File "/opt/homebrew/Caskroom/miniconda/base/lib/python3.11/site-packages/aiohttp/connector.py", line 1550, in _create_direct_connection
[2025-10-31 22:38:26] [STDERR]     transp, proto = await self._wrap_create_connection(
[2025-10-31 22:38:26] [STDERR]                     ^^^^^^^^^^^^^^^^^^^^^^^^^^^^^^^^^^^
[2025-10-31 22:38:26] [STDERR]   File "/opt/homebrew/Caskroom/miniconda/base/lib/python3.11/site-packages/aiohttp/connector.py", line 1291, in _wrap_create_connection
[2025-10-31 22:38:26] [STDERR]     raise client_error(req.connection_key, exc) from exc
[2025-10-31 22:38:26] [STDERR] aiohttp.client_exceptions.ClientConnectorError: Cannot connect to host localhost:3100 ssl:default [Multiple exceptions: [Errno 61] Connect call failed ('127.0.0.1', 3100), [Errno 61] Connect call failed ('::1', 3100, 0, 0)]
[2025-10-31 22:38:31] [STDERR] 2025-10-31 22:38:31,598 - LokiExporter.loki-exporter - ERROR - Failed to export logs to Loki: Cannot connect to host localhost:3100 ssl:default [Multiple exceptions: [Errno 61] Connect call failed ('::1', 3100, 0, 0), [Errno 61] Connect call failed ('127.0.0.1', 3100)]
[2025-10-31 22:38:31] [STDERR] Traceback (most recent call last):
[2025-10-31 22:38:31] [STDERR]   File "/opt/homebrew/Caskroom/miniconda/base/lib/python3.11/site-packages/aiohttp/connector.py", line 1268, in _wrap_create_connection
[2025-10-31 22:38:31] [STDERR]     sock = await aiohappyeyeballs.start_connection(
[2025-10-31 22:38:31] [STDERR]            ^^^^^^^^^^^^^^^^^^^^^^^^^^^^^^^^^^^^^^^^
[2025-10-31 22:38:31] [STDERR]   File "/opt/homebrew/Caskroom/miniconda/base/lib/python3.11/site-packages/aiohappyeyeballs/impl.py", line 141, in start_connection
[2025-10-31 22:38:31] [STDERR]     raise OSError(first_errno, msg)
[2025-10-31 22:38:31] [STDERR] ConnectionRefusedError: [Errno 61] Multiple exceptions: [Errno 61] Connect call failed ('::1', 3100, 0, 0), [Errno 61] Connect call failed ('127.0.0.1', 3100)
[2025-10-31 22:38:31] [STDERR] 
[2025-10-31 22:38:31] [STDERR] The above exception was the direct cause of the following exception:
[2025-10-31 22:38:31] [STDERR] 
[2025-10-31 22:38:31] [STDERR] Traceback (most recent call last):
[2025-10-31 22:38:31] [STDERR]   File "/Users/leifmarkthaler/github/gleitzeit 0.0.7/src/gleitzeit/workers/loki_exporter_worker.py", line 251, in export_logs_to_loki
[2025-10-31 22:38:31] [STDERR]     async with self.session.post(
[2025-10-31 22:38:31] [STDERR]   File "/opt/homebrew/Caskroom/miniconda/base/lib/python3.11/site-packages/aiohttp/client.py", line 1488, in __aenter__
[2025-10-31 22:38:31] [STDERR]     self._resp: _RetType = await self._coro
[2025-10-31 22:38:31] [STDERR]                            ^^^^^^^^^^^^^^^^
[2025-10-31 22:38:31] [STDERR]   File "/opt/homebrew/Caskroom/miniconda/base/lib/python3.11/site-packages/aiohttp/client.py", line 770, in _request
[2025-10-31 22:38:31] [STDERR]     resp = await handler(req)
[2025-10-31 22:38:31] [STDERR]            ^^^^^^^^^^^^^^^^^^
[2025-10-31 22:38:31] [STDERR]   File "/opt/homebrew/Caskroom/miniconda/base/lib/python3.11/site-packages/aiohttp/client.py", line 725, in _connect_and_send_request
[2025-10-31 22:38:31] [STDERR]     conn = await self._connector.connect(
[2025-10-31 22:38:31] [STDERR]            ^^^^^^^^^^^^^^^^^^^^^^^^^^^^^^
[2025-10-31 22:38:31] [STDERR]   File "/opt/homebrew/Caskroom/miniconda/base/lib/python3.11/site-packages/aiohttp/connector.py", line 642, in connect
[2025-10-31 22:38:31] [STDERR]     proto = await self._create_connection(req, traces, timeout)
[2025-10-31 22:38:31] [STDERR]             ^^^^^^^^^^^^^^^^^^^^^^^^^^^^^^^^^^^^^^^^^^^^^^^^^^^
[2025-10-31 22:38:31] [STDERR]   File "/opt/homebrew/Caskroom/miniconda/base/lib/python3.11/site-packages/aiohttp/connector.py", line 1209, in _create_connection
[2025-10-31 22:38:31] [STDERR]     _, proto = await self._create_direct_connection(req, traces, timeout)
[2025-10-31 22:38:31] [STDERR]                ^^^^^^^^^^^^^^^^^^^^^^^^^^^^^^^^^^^^^^^^^^^^^^^^^^^^^^^^^^
[2025-10-31 22:38:31] [STDERR]   File "/opt/homebrew/Caskroom/miniconda/base/lib/python3.11/site-packages/aiohttp/connector.py", line 1581, in _create_direct_connection
[2025-10-31 22:38:31] [STDERR]     raise last_exc
[2025-10-31 22:38:31] [STDERR]   File "/opt/homebrew/Caskroom/miniconda/base/lib/python3.11/site-packages/aiohttp/connector.py", line 1550, in _create_direct_connection
[2025-10-31 22:38:31] [STDERR]     transp, proto = await self._wrap_create_connection(
[2025-10-31 22:38:31] [STDERR]                     ^^^^^^^^^^^^^^^^^^^^^^^^^^^^^^^^^^^
[2025-10-31 22:38:31] [STDERR]   File "/opt/homebrew/Caskroom/miniconda/base/lib/python3.11/site-packages/aiohttp/connector.py", line 1291, in _wrap_create_connection
[2025-10-31 22:38:31] [STDERR]     raise client_error(req.connection_key, exc) from exc
[2025-10-31 22:38:31] [STDERR] aiohttp.client_exceptions.ClientConnectorError: Cannot connect to host localhost:3100 ssl:default [Multiple exceptions: [Errno 61] Connect call failed ('::1', 3100, 0, 0), [Errno 61] Connect call failed ('127.0.0.1', 3100)]
[2025-10-31 22:38:36] [STDERR] 2025-10-31 22:38:36,630 - LokiExporter.loki-exporter - ERROR - Failed to export logs to Loki: Cannot connect to host localhost:3100 ssl:default [Multiple exceptions: [Errno 61] Connect call failed ('127.0.0.1', 3100), [Errno 61] Connect call failed ('::1', 3100, 0, 0)]
[2025-10-31 22:38:36] [STDERR] Traceback (most recent call last):
[2025-10-31 22:38:36] [STDERR]   File "/opt/homebrew/Caskroom/miniconda/base/lib/python3.11/site-packages/aiohttp/connector.py", line 1268, in _wrap_create_connection
[2025-10-31 22:38:36] [STDERR]     sock = await aiohappyeyeballs.start_connection(
[2025-10-31 22:38:36] [STDERR]            ^^^^^^^^^^^^^^^^^^^^^^^^^^^^^^^^^^^^^^^^
[2025-10-31 22:38:36] [STDERR]   File "/opt/homebrew/Caskroom/miniconda/base/lib/python3.11/site-packages/aiohappyeyeballs/impl.py", line 141, in start_connection
[2025-10-31 22:38:36] [STDERR]     raise OSError(first_errno, msg)
[2025-10-31 22:38:36] [STDERR] ConnectionRefusedError: [Errno 61] Multiple exceptions: [Errno 61] Connect call failed ('127.0.0.1', 3100), [Errno 61] Connect call failed ('::1', 3100, 0, 0)
[2025-10-31 22:38:36] [STDERR] 
[2025-10-31 22:38:36] [STDERR] The above exception was the direct cause of the following exception:
[2025-10-31 22:38:36] [STDERR] 
[2025-10-31 22:38:36] [STDERR] Traceback (most recent call last):
[2025-10-31 22:38:36] [STDERR]   File "/Users/leifmarkthaler/github/gleitzeit 0.0.7/src/gleitzeit/workers/loki_exporter_worker.py", line 251, in export_logs_to_loki
[2025-10-31 22:38:36] [STDERR]     async with self.session.post(
[2025-10-31 22:38:36] [STDERR]   File "/opt/homebrew/Caskroom/miniconda/base/lib/python3.11/site-packages/aiohttp/client.py", line 1488, in __aenter__
[2025-10-31 22:38:36] [STDERR]     self._resp: _RetType = await self._coro
[2025-10-31 22:38:36] [STDERR]                            ^^^^^^^^^^^^^^^^
[2025-10-31 22:38:36] [STDERR]   File "/opt/homebrew/Caskroom/miniconda/base/lib/python3.11/site-packages/aiohttp/client.py", line 770, in _request
[2025-10-31 22:38:36] [STDERR]     resp = await handler(req)
[2025-10-31 22:38:36] [STDERR]            ^^^^^^^^^^^^^^^^^^
[2025-10-31 22:38:36] [STDERR]   File "/opt/homebrew/Caskroom/miniconda/base/lib/python3.11/site-packages/aiohttp/client.py", line 725, in _connect_and_send_request
[2025-10-31 22:38:36] [STDERR]     conn = await self._connector.connect(
[2025-10-31 22:38:36] [STDERR]            ^^^^^^^^^^^^^^^^^^^^^^^^^^^^^^
[2025-10-31 22:38:36] [STDERR]   File "/opt/homebrew/Caskroom/miniconda/base/lib/python3.11/site-packages/aiohttp/connector.py", line 642, in connect
[2025-10-31 22:38:36] [STDERR]     proto = await self._create_connection(req, traces, timeout)
[2025-10-31 22:38:36] [STDERR]             ^^^^^^^^^^^^^^^^^^^^^^^^^^^^^^^^^^^^^^^^^^^^^^^^^^^
[2025-10-31 22:38:36] [STDERR]   File "/opt/homebrew/Caskroom/miniconda/base/lib/python3.11/site-packages/aiohttp/connector.py", line 1209, in _create_connection
[2025-10-31 22:38:36] [STDERR]     _, proto = await self._create_direct_connection(req, traces, timeout)
[2025-10-31 22:38:36] [STDERR]                ^^^^^^^^^^^^^^^^^^^^^^^^^^^^^^^^^^^^^^^^^^^^^^^^^^^^^^^^^^
[2025-10-31 22:38:36] [STDERR]   File "/opt/homebrew/Caskroom/miniconda/base/lib/python3.11/site-packages/aiohttp/connector.py", line 1581, in _create_direct_connection
[2025-10-31 22:38:36] [STDERR]     raise last_exc
[2025-10-31 22:38:36] [STDERR]   File "/opt/homebrew/Caskroom/miniconda/base/lib/python3.11/site-packages/aiohttp/connector.py", line 1550, in _create_direct_connection
[2025-10-31 22:38:36] [STDERR]     transp, proto = await self._wrap_create_connection(
[2025-10-31 22:38:36] [STDERR]                     ^^^^^^^^^^^^^^^^^^^^^^^^^^^^^^^^^^^
[2025-10-31 22:38:36] [STDERR]   File "/opt/homebrew/Caskroom/miniconda/base/lib/python3.11/site-packages/aiohttp/connector.py", line 1291, in _wrap_create_connection
[2025-10-31 22:38:36] [STDERR]     raise client_error(req.connection_key, exc) from exc
[2025-10-31 22:38:36] [STDERR] aiohttp.client_exceptions.ClientConnectorError: Cannot connect to host localhost:3100 ssl:default [Multiple exceptions: [Errno 61] Connect call failed ('127.0.0.1', 3100), [Errno 61] Connect call failed ('::1', 3100, 0, 0)]
[2025-10-31 22:38:41] [STDERR] 2025-10-31 22:38:41,658 - LokiExporter.loki-exporter - ERROR - Failed to export logs to Loki: Cannot connect to host localhost:3100 ssl:default [Multiple exceptions: [Errno 61] Connect call failed ('::1', 3100, 0, 0), [Errno 61] Connect call failed ('127.0.0.1', 3100)]
[2025-10-31 22:38:41] [STDERR] Traceback (most recent call last):
[2025-10-31 22:38:41] [STDERR]   File "/opt/homebrew/Caskroom/miniconda/base/lib/python3.11/site-packages/aiohttp/connector.py", line 1268, in _wrap_create_connection
[2025-10-31 22:38:41] [STDERR]     sock = await aiohappyeyeballs.start_connection(
[2025-10-31 22:38:41] [STDERR]            ^^^^^^^^^^^^^^^^^^^^^^^^^^^^^^^^^^^^^^^^
[2025-10-31 22:38:41] [STDERR]   File "/opt/homebrew/Caskroom/miniconda/base/lib/python3.11/site-packages/aiohappyeyeballs/impl.py", line 141, in start_connection
[2025-10-31 22:38:41] [STDERR]     raise OSError(first_errno, msg)
[2025-10-31 22:38:41] [STDERR] ConnectionRefusedError: [Errno 61] Multiple exceptions: [Errno 61] Connect call failed ('::1', 3100, 0, 0), [Errno 61] Connect call failed ('127.0.0.1', 3100)
[2025-10-31 22:38:41] [STDERR] 
[2025-10-31 22:38:41] [STDERR] The above exception was the direct cause of the following exception:
[2025-10-31 22:38:41] [STDERR] 
[2025-10-31 22:38:41] [STDERR] Traceback (most recent call last):
[2025-10-31 22:38:41] [STDERR]   File "/Users/leifmarkthaler/github/gleitzeit 0.0.7/src/gleitzeit/workers/loki_exporter_worker.py", line 251, in export_logs_to_loki
[2025-10-31 22:38:41] [STDERR]     async with self.session.post(
[2025-10-31 22:38:41] [STDERR]   File "/opt/homebrew/Caskroom/miniconda/base/lib/python3.11/site-packages/aiohttp/client.py", line 1488, in __aenter__
[2025-10-31 22:38:41] [STDERR]     self._resp: _RetType = await self._coro
[2025-10-31 22:38:41] [STDERR]                            ^^^^^^^^^^^^^^^^
[2025-10-31 22:38:41] [STDERR]   File "/opt/homebrew/Caskroom/miniconda/base/lib/python3.11/site-packages/aiohttp/client.py", line 770, in _request
[2025-10-31 22:38:41] [STDERR]     resp = await handler(req)
[2025-10-31 22:38:41] [STDERR]            ^^^^^^^^^^^^^^^^^^
[2025-10-31 22:38:41] [STDERR]   File "/opt/homebrew/Caskroom/miniconda/base/lib/python3.11/site-packages/aiohttp/client.py", line 725, in _connect_and_send_request
[2025-10-31 22:38:41] [STDERR]     conn = await self._connector.connect(
[2025-10-31 22:38:41] [STDERR]            ^^^^^^^^^^^^^^^^^^^^^^^^^^^^^^
[2025-10-31 22:38:41] [STDERR]   File "/opt/homebrew/Caskroom/miniconda/base/lib/python3.11/site-packages/aiohttp/connector.py", line 642, in connect
[2025-10-31 22:38:41] [STDERR]     proto = await self._create_connection(req, traces, timeout)
[2025-10-31 22:38:41] [STDERR]             ^^^^^^^^^^^^^^^^^^^^^^^^^^^^^^^^^^^^^^^^^^^^^^^^^^^
[2025-10-31 22:38:41] [STDERR]   File "/opt/homebrew/Caskroom/miniconda/base/lib/python3.11/site-packages/aiohttp/connector.py", line 1209, in _create_connection
[2025-10-31 22:38:41] [STDERR]     _, proto = await self._create_direct_connection(req, traces, timeout)
[2025-10-31 22:38:41] [STDERR]                ^^^^^^^^^^^^^^^^^^^^^^^^^^^^^^^^^^^^^^^^^^^^^^^^^^^^^^^^^^
[2025-10-31 22:38:41] [STDERR]   File "/opt/homebrew/Caskroom/miniconda/base/lib/python3.11/site-packages/aiohttp/connector.py", line 1581, in _create_direct_connection
[2025-10-31 22:38:41] [STDERR]     raise last_exc
[2025-10-31 22:38:41] [STDERR]   File "/opt/homebrew/Caskroom/miniconda/base/lib/python3.11/site-packages/aiohttp/connector.py", line 1550, in _create_direct_connection
[2025-10-31 22:38:41] [STDERR]     transp, proto = await self._wrap_create_connection(
[2025-10-31 22:38:41] [STDERR]                     ^^^^^^^^^^^^^^^^^^^^^^^^^^^^^^^^^^^
[2025-10-31 22:38:41] [STDERR]   File "/opt/homebrew/Caskroom/miniconda/base/lib/python3.11/site-packages/aiohttp/connector.py", line 1291, in _wrap_create_connection
[2025-10-31 22:38:41] [STDERR]     raise client_error(req.connection_key, exc) from exc
[2025-10-31 22:38:41] [STDERR] aiohttp.client_exceptions.ClientConnectorError: Cannot connect to host localhost:3100 ssl:default [Multiple exceptions: [Errno 61] Connect call failed ('::1', 3100, 0, 0), [Errno 61] Connect call failed ('127.0.0.1', 3100)]
[2025-10-31 22:38:46] [STDERR] 2025-10-31 22:38:46,693 - LokiExporter.loki-exporter - ERROR - Failed to export logs to Loki: Cannot connect to host localhost:3100 ssl:default [Multiple exceptions: [Errno 61] Connect call failed ('127.0.0.1', 3100), [Errno 61] Connect call failed ('::1', 3100, 0, 0)]
[2025-10-31 22:38:46] [STDERR] Traceback (most recent call last):
[2025-10-31 22:38:46] [STDERR]   File "/opt/homebrew/Caskroom/miniconda/base/lib/python3.11/site-packages/aiohttp/connector.py", line 1268, in _wrap_create_connection
[2025-10-31 22:38:46] [STDERR]     sock = await aiohappyeyeballs.start_connection(
[2025-10-31 22:38:46] [STDERR]            ^^^^^^^^^^^^^^^^^^^^^^^^^^^^^^^^^^^^^^^^
[2025-10-31 22:38:46] [STDERR]   File "/opt/homebrew/Caskroom/miniconda/base/lib/python3.11/site-packages/aiohappyeyeballs/impl.py", line 141, in start_connection
[2025-10-31 22:38:46] [STDERR]     raise OSError(first_errno, msg)
[2025-10-31 22:38:46] [STDERR] ConnectionRefusedError: [Errno 61] Multiple exceptions: [Errno 61] Connect call failed ('127.0.0.1', 3100), [Errno 61] Connect call failed ('::1', 3100, 0, 0)
[2025-10-31 22:38:46] [STDERR] 
[2025-10-31 22:38:46] [STDERR] The above exception was the direct cause of the following exception:
[2025-10-31 22:38:46] [STDERR] 
[2025-10-31 22:38:46] [STDERR] Traceback (most recent call last):
[2025-10-31 22:38:46] [STDERR]   File "/Users/leifmarkthaler/github/gleitzeit 0.0.7/src/gleitzeit/workers/loki_exporter_worker.py", line 251, in export_logs_to_loki
[2025-10-31 22:38:46] [STDERR]     async with self.session.post(
[2025-10-31 22:38:46] [STDERR]   File "/opt/homebrew/Caskroom/miniconda/base/lib/python3.11/site-packages/aiohttp/client.py", line 1488, in __aenter__
[2025-10-31 22:38:46] [STDERR]     self._resp: _RetType = await self._coro
[2025-10-31 22:38:46] [STDERR]                            ^^^^^^^^^^^^^^^^
[2025-10-31 22:38:46] [STDERR]   File "/opt/homebrew/Caskroom/miniconda/base/lib/python3.11/site-packages/aiohttp/client.py", line 770, in _request
[2025-10-31 22:38:46] [STDERR]     resp = await handler(req)
[2025-10-31 22:38:46] [STDERR]            ^^^^^^^^^^^^^^^^^^
[2025-10-31 22:38:46] [STDERR]   File "/opt/homebrew/Caskroom/miniconda/base/lib/python3.11/site-packages/aiohttp/client.py", line 725, in _connect_and_send_request
[2025-10-31 22:38:46] [STDERR]     conn = await self._connector.connect(
[2025-10-31 22:38:46] [STDERR]            ^^^^^^^^^^^^^^^^^^^^^^^^^^^^^^
[2025-10-31 22:38:46] [STDERR]   File "/opt/homebrew/Caskroom/miniconda/base/lib/python3.11/site-packages/aiohttp/connector.py", line 642, in connect
[2025-10-31 22:38:46] [STDERR]     proto = await self._create_connection(req, traces, timeout)
[2025-10-31 22:38:46] [STDERR]             ^^^^^^^^^^^^^^^^^^^^^^^^^^^^^^^^^^^^^^^^^^^^^^^^^^^
[2025-10-31 22:38:46] [STDERR]   File "/opt/homebrew/Caskroom/miniconda/base/lib/python3.11/site-packages/aiohttp/connector.py", line 1209, in _create_connection
[2025-10-31 22:38:46] [STDERR]     _, proto = await self._create_direct_connection(req, traces, timeout)
[2025-10-31 22:38:46] [STDERR]                ^^^^^^^^^^^^^^^^^^^^^^^^^^^^^^^^^^^^^^^^^^^^^^^^^^^^^^^^^^
[2025-10-31 22:38:46] [STDERR]   File "/opt/homebrew/Caskroom/miniconda/base/lib/python3.11/site-packages/aiohttp/connector.py", line 1581, in _create_direct_connection
[2025-10-31 22:38:46] [STDERR]     raise last_exc
[2025-10-31 22:38:46] [STDERR]   File "/opt/homebrew/Caskroom/miniconda/base/lib/python3.11/site-packages/aiohttp/connector.py", line 1550, in _create_direct_connection
[2025-10-31 22:38:46] [STDERR]     transp, proto = await self._wrap_create_connection(
[2025-10-31 22:38:46] [STDERR]                     ^^^^^^^^^^^^^^^^^^^^^^^^^^^^^^^^^^^
[2025-10-31 22:38:46] [STDERR]   File "/opt/homebrew/Caskroom/miniconda/base/lib/python3.11/site-packages/aiohttp/connector.py", line 1291, in _wrap_create_connection
[2025-10-31 22:38:46] [STDERR]     raise client_error(req.connection_key, exc) from exc
[2025-10-31 22:38:46] [STDERR] aiohttp.client_exceptions.ClientConnectorError: Cannot connect to host localhost:3100 ssl:default [Multiple exceptions: [Errno 61] Connect call failed ('127.0.0.1', 3100), [Errno 61] Connect call failed ('::1', 3100, 0, 0)]
[2025-10-31 22:38:51] [STDERR] 2025-10-31 22:38:51,728 - LokiExporter.loki-exporter - ERROR - Failed to export logs to Loki: Cannot connect to host localhost:3100 ssl:default [Multiple exceptions: [Errno 61] Connect call failed ('::1', 3100, 0, 0), [Errno 61] Connect call failed ('127.0.0.1', 3100)]
[2025-10-31 22:38:51] [STDERR] Traceback (most recent call last):
[2025-10-31 22:38:51] [STDERR]   File "/opt/homebrew/Caskroom/miniconda/base/lib/python3.11/site-packages/aiohttp/connector.py", line 1268, in _wrap_create_connection
[2025-10-31 22:38:51] [STDERR]     sock = await aiohappyeyeballs.start_connection(
[2025-10-31 22:38:51] [STDERR]            ^^^^^^^^^^^^^^^^^^^^^^^^^^^^^^^^^^^^^^^^
[2025-10-31 22:38:51] [STDERR]   File "/opt/homebrew/Caskroom/miniconda/base/lib/python3.11/site-packages/aiohappyeyeballs/impl.py", line 141, in start_connection
[2025-10-31 22:38:51] [STDERR]     raise OSError(first_errno, msg)
[2025-10-31 22:38:51] [STDERR] ConnectionRefusedError: [Errno 61] Multiple exceptions: [Errno 61] Connect call failed ('::1', 3100, 0, 0), [Errno 61] Connect call failed ('127.0.0.1', 3100)
[2025-10-31 22:38:51] [STDERR] 
[2025-10-31 22:38:51] [STDERR] The above exception was the direct cause of the following exception:
[2025-10-31 22:38:51] [STDERR] 
[2025-10-31 22:38:51] [STDERR] Traceback (most recent call last):
[2025-10-31 22:38:51] [STDERR]   File "/Users/leifmarkthaler/github/gleitzeit 0.0.7/src/gleitzeit/workers/loki_exporter_worker.py", line 251, in export_logs_to_loki
[2025-10-31 22:38:51] [STDERR]     async with self.session.post(
[2025-10-31 22:38:51] [STDERR]   File "/opt/homebrew/Caskroom/miniconda/base/lib/python3.11/site-packages/aiohttp/client.py", line 1488, in __aenter__
[2025-10-31 22:38:51] [STDERR]     self._resp: _RetType = await self._coro
[2025-10-31 22:38:51] [STDERR]                            ^^^^^^^^^^^^^^^^
[2025-10-31 22:38:51] [STDERR]   File "/opt/homebrew/Caskroom/miniconda/base/lib/python3.11/site-packages/aiohttp/client.py", line 770, in _request
[2025-10-31 22:38:51] [STDERR]     resp = await handler(req)
[2025-10-31 22:38:51] [STDERR]            ^^^^^^^^^^^^^^^^^^
[2025-10-31 22:38:51] [STDERR]   File "/opt/homebrew/Caskroom/miniconda/base/lib/python3.11/site-packages/aiohttp/client.py", line 725, in _connect_and_send_request
[2025-10-31 22:38:51] [STDERR]     conn = await self._connector.connect(
[2025-10-31 22:38:51] [STDERR]            ^^^^^^^^^^^^^^^^^^^^^^^^^^^^^^
[2025-10-31 22:38:51] [STDERR]   File "/opt/homebrew/Caskroom/miniconda/base/lib/python3.11/site-packages/aiohttp/connector.py", line 642, in connect
[2025-10-31 22:38:51] [STDERR]     proto = await self._create_connection(req, traces, timeout)
[2025-10-31 22:38:51] [STDERR]             ^^^^^^^^^^^^^^^^^^^^^^^^^^^^^^^^^^^^^^^^^^^^^^^^^^^
[2025-10-31 22:38:51] [STDERR]   File "/opt/homebrew/Caskroom/miniconda/base/lib/python3.11/site-packages/aiohttp/connector.py", line 1209, in _create_connection
[2025-10-31 22:38:51] [STDERR]     _, proto = await self._create_direct_connection(req, traces, timeout)
[2025-10-31 22:38:51] [STDERR]                ^^^^^^^^^^^^^^^^^^^^^^^^^^^^^^^^^^^^^^^^^^^^^^^^^^^^^^^^^^
[2025-10-31 22:38:51] [STDERR]   File "/opt/homebrew/Caskroom/miniconda/base/lib/python3.11/site-packages/aiohttp/connector.py", line 1581, in _create_direct_connection
[2025-10-31 22:38:51] [STDERR]     raise last_exc
[2025-10-31 22:38:51] [STDERR]   File "/opt/homebrew/Caskroom/miniconda/base/lib/python3.11/site-packages/aiohttp/connector.py", line 1550, in _create_direct_connection
[2025-10-31 22:38:51] [STDERR]     transp, proto = await self._wrap_create_connection(
[2025-10-31 22:38:51] [STDERR]                     ^^^^^^^^^^^^^^^^^^^^^^^^^^^^^^^^^^^
[2025-10-31 22:38:51] [STDERR]   File "/opt/homebrew/Caskroom/miniconda/base/lib/python3.11/site-packages/aiohttp/connector.py", line 1291, in _wrap_create_connection
[2025-10-31 22:38:51] [STDERR]     raise client_error(req.connection_key, exc) from exc
[2025-10-31 22:38:51] [STDERR] aiohttp.client_exceptions.ClientConnectorError: Cannot connect to host localhost:3100 ssl:default [Multiple exceptions: [Errno 61] Connect call failed ('::1', 3100, 0, 0), [Errno 61] Connect call failed ('127.0.0.1', 3100)]
[2025-10-31 22:38:56] [STDERR] 2025-10-31 22:38:56,764 - LokiExporter.loki-exporter - ERROR - Failed to export logs to Loki: Cannot connect to host localhost:3100 ssl:default [Multiple exceptions: [Errno 61] Connect call failed ('127.0.0.1', 3100), [Errno 61] Connect call failed ('::1', 3100, 0, 0)]
[2025-10-31 22:38:56] [STDERR] Traceback (most recent call last):
[2025-10-31 22:38:56] [STDERR]   File "/opt/homebrew/Caskroom/miniconda/base/lib/python3.11/site-packages/aiohttp/connector.py", line 1268, in _wrap_create_connection
[2025-10-31 22:38:56] [STDERR]     sock = await aiohappyeyeballs.start_connection(
[2025-10-31 22:38:56] [STDERR]            ^^^^^^^^^^^^^^^^^^^^^^^^^^^^^^^^^^^^^^^^
[2025-10-31 22:38:56] [STDERR]   File "/opt/homebrew/Caskroom/miniconda/base/lib/python3.11/site-packages/aiohappyeyeballs/impl.py", line 141, in start_connection
[2025-10-31 22:38:56] [STDERR]     raise OSError(first_errno, msg)
[2025-10-31 22:38:56] [STDERR] ConnectionRefusedError: [Errno 61] Multiple exceptions: [Errno 61] Connect call failed ('127.0.0.1', 3100), [Errno 61] Connect call failed ('::1', 3100, 0, 0)
[2025-10-31 22:38:56] [STDERR] 
[2025-10-31 22:38:56] [STDERR] The above exception was the direct cause of the following exception:
[2025-10-31 22:38:56] [STDERR] 
[2025-10-31 22:38:56] [STDERR] Traceback (most recent call last):
[2025-10-31 22:38:56] [STDERR]   File "/Users/leifmarkthaler/github/gleitzeit 0.0.7/src/gleitzeit/workers/loki_exporter_worker.py", line 251, in export_logs_to_loki
[2025-10-31 22:38:56] [STDERR]     async with self.session.post(
[2025-10-31 22:38:56] [STDERR]   File "/opt/homebrew/Caskroom/miniconda/base/lib/python3.11/site-packages/aiohttp/client.py", line 1488, in __aenter__
[2025-10-31 22:38:56] [STDERR]     self._resp: _RetType = await self._coro
[2025-10-31 22:38:56] [STDERR]                            ^^^^^^^^^^^^^^^^
[2025-10-31 22:38:56] [STDERR]   File "/opt/homebrew/Caskroom/miniconda/base/lib/python3.11/site-packages/aiohttp/client.py", line 770, in _request
[2025-10-31 22:38:56] [STDERR]     resp = await handler(req)
[2025-10-31 22:38:56] [STDERR]            ^^^^^^^^^^^^^^^^^^
[2025-10-31 22:38:56] [STDERR]   File "/opt/homebrew/Caskroom/miniconda/base/lib/python3.11/site-packages/aiohttp/client.py", line 725, in _connect_and_send_request
[2025-10-31 22:38:56] [STDERR]     conn = await self._connector.connect(
[2025-10-31 22:38:56] [STDERR]            ^^^^^^^^^^^^^^^^^^^^^^^^^^^^^^
[2025-10-31 22:38:56] [STDERR]   File "/opt/homebrew/Caskroom/miniconda/base/lib/python3.11/site-packages/aiohttp/connector.py", line 642, in connect
[2025-10-31 22:38:56] [STDERR]     proto = await self._create_connection(req, traces, timeout)
[2025-10-31 22:38:56] [STDERR]             ^^^^^^^^^^^^^^^^^^^^^^^^^^^^^^^^^^^^^^^^^^^^^^^^^^^
[2025-10-31 22:38:56] [STDERR]   File "/opt/homebrew/Caskroom/miniconda/base/lib/python3.11/site-packages/aiohttp/connector.py", line 1209, in _create_connection
[2025-10-31 22:38:56] [STDERR]     _, proto = await self._create_direct_connection(req, traces, timeout)
[2025-10-31 22:38:56] [STDERR]                ^^^^^^^^^^^^^^^^^^^^^^^^^^^^^^^^^^^^^^^^^^^^^^^^^^^^^^^^^^
[2025-10-31 22:38:56] [STDERR]   File "/opt/homebrew/Caskroom/miniconda/base/lib/python3.11/site-packages/aiohttp/connector.py", line 1581, in _create_direct_connection
[2025-10-31 22:38:56] [STDERR]     raise last_exc
[2025-10-31 22:38:56] [STDERR]   File "/opt/homebrew/Caskroom/miniconda/base/lib/python3.11/site-packages/aiohttp/connector.py", line 1550, in _create_direct_connection
[2025-10-31 22:38:56] [STDERR]     transp, proto = await self._wrap_create_connection(
[2025-10-31 22:38:56] [STDERR]                     ^^^^^^^^^^^^^^^^^^^^^^^^^^^^^^^^^^^
[2025-10-31 22:38:56] [STDERR]   File "/opt/homebrew/Caskroom/miniconda/base/lib/python3.11/site-packages/aiohttp/connector.py", line 1291, in _wrap_create_connection
[2025-10-31 22:38:56] [STDERR]     raise client_error(req.connection_key, exc) from exc
[2025-10-31 22:38:56] [STDERR] aiohttp.client_exceptions.ClientConnectorError: Cannot connect to host localhost:3100 ssl:default [Multiple exceptions: [Errno 61] Connect call failed ('127.0.0.1', 3100), [Errno 61] Connect call failed ('::1', 3100, 0, 0)]
[2025-10-31 22:39:01] [STDERR] 2025-10-31 22:39:01,801 - LokiExporter.loki-exporter - ERROR - Failed to export logs to Loki: Cannot connect to host localhost:3100 ssl:default [Multiple exceptions: [Errno 61] Connect call failed ('::1', 3100, 0, 0), [Errno 61] Connect call failed ('127.0.0.1', 3100)]
[2025-10-31 22:39:01] [STDERR] Traceback (most recent call last):
[2025-10-31 22:39:01] [STDERR]   File "/opt/homebrew/Caskroom/miniconda/base/lib/python3.11/site-packages/aiohttp/connector.py", line 1268, in _wrap_create_connection
[2025-10-31 22:39:01] [STDERR]     sock = await aiohappyeyeballs.start_connection(
[2025-10-31 22:39:01] [STDERR]            ^^^^^^^^^^^^^^^^^^^^^^^^^^^^^^^^^^^^^^^^
[2025-10-31 22:39:01] [STDERR]   File "/opt/homebrew/Caskroom/miniconda/base/lib/python3.11/site-packages/aiohappyeyeballs/impl.py", line 141, in start_connection
[2025-10-31 22:39:01] [STDERR]     raise OSError(first_errno, msg)
[2025-10-31 22:39:01] [STDERR] ConnectionRefusedError: [Errno 61] Multiple exceptions: [Errno 61] Connect call failed ('::1', 3100, 0, 0), [Errno 61] Connect call failed ('127.0.0.1', 3100)
[2025-10-31 22:39:01] [STDERR] 
[2025-10-31 22:39:01] [STDERR] The above exception was the direct cause of the following exception:
[2025-10-31 22:39:01] [STDERR] 
[2025-10-31 22:39:01] [STDERR] Traceback (most recent call last):
[2025-10-31 22:39:01] [STDERR]   File "/Users/leifmarkthaler/github/gleitzeit 0.0.7/src/gleitzeit/workers/loki_exporter_worker.py", line 251, in export_logs_to_loki
[2025-10-31 22:39:01] [STDERR]     async with self.session.post(
[2025-10-31 22:39:01] [STDERR]   File "/opt/homebrew/Caskroom/miniconda/base/lib/python3.11/site-packages/aiohttp/client.py", line 1488, in __aenter__
[2025-10-31 22:39:01] [STDERR]     self._resp: _RetType = await self._coro
[2025-10-31 22:39:01] [STDERR]                            ^^^^^^^^^^^^^^^^
[2025-10-31 22:39:01] [STDERR]   File "/opt/homebrew/Caskroom/miniconda/base/lib/python3.11/site-packages/aiohttp/client.py", line 770, in _request
[2025-10-31 22:39:01] [STDERR]     resp = await handler(req)
[2025-10-31 22:39:01] [STDERR]            ^^^^^^^^^^^^^^^^^^
[2025-10-31 22:39:01] [STDERR]   File "/opt/homebrew/Caskroom/miniconda/base/lib/python3.11/site-packages/aiohttp/client.py", line 725, in _connect_and_send_request
[2025-10-31 22:39:01] [STDERR]     conn = await self._connector.connect(
[2025-10-31 22:39:01] [STDERR]            ^^^^^^^^^^^^^^^^^^^^^^^^^^^^^^
[2025-10-31 22:39:01] [STDERR]   File "/opt/homebrew/Caskroom/miniconda/base/lib/python3.11/site-packages/aiohttp/connector.py", line 642, in connect
[2025-10-31 22:39:01] [STDERR]     proto = await self._create_connection(req, traces, timeout)
[2025-10-31 22:39:01] [STDERR]             ^^^^^^^^^^^^^^^^^^^^^^^^^^^^^^^^^^^^^^^^^^^^^^^^^^^
[2025-10-31 22:39:01] [STDERR]   File "/opt/homebrew/Caskroom/miniconda/base/lib/python3.11/site-packages/aiohttp/connector.py", line 1209, in _create_connection
[2025-10-31 22:39:01] [STDERR]     _, proto = await self._create_direct_connection(req, traces, timeout)
[2025-10-31 22:39:01] [STDERR]                ^^^^^^^^^^^^^^^^^^^^^^^^^^^^^^^^^^^^^^^^^^^^^^^^^^^^^^^^^^
[2025-10-31 22:39:01] [STDERR]   File "/opt/homebrew/Caskroom/miniconda/base/lib/python3.11/site-packages/aiohttp/connector.py", line 1581, in _create_direct_connection
[2025-10-31 22:39:01] [STDERR]     raise last_exc
[2025-10-31 22:39:01] [STDERR]   File "/opt/homebrew/Caskroom/miniconda/base/lib/python3.11/site-packages/aiohttp/connector.py", line 1550, in _create_direct_connection
[2025-10-31 22:39:01] [STDERR]     transp, proto = await self._wrap_create_connection(
[2025-10-31 22:39:01] [STDERR]                     ^^^^^^^^^^^^^^^^^^^^^^^^^^^^^^^^^^^
[2025-10-31 22:39:01] [STDERR]   File "/opt/homebrew/Caskroom/miniconda/base/lib/python3.11/site-packages/aiohttp/connector.py", line 1291, in _wrap_create_connection
[2025-10-31 22:39:01] [STDERR]     raise client_error(req.connection_key, exc) from exc
[2025-10-31 22:39:01] [STDERR] aiohttp.client_exceptions.ClientConnectorError: Cannot connect to host localhost:3100 ssl:default [Multiple exceptions: [Errno 61] Connect call failed ('::1', 3100, 0, 0), [Errno 61] Connect call failed ('127.0.0.1', 3100)]
[2025-10-31 22:39:06] [STDERR] 2025-10-31 22:39:06,836 - LokiExporter.loki-exporter - ERROR - Failed to export logs to Loki: Cannot connect to host localhost:3100 ssl:default [Multiple exceptions: [Errno 61] Connect call failed ('127.0.0.1', 3100), [Errno 61] Connect call failed ('::1', 3100, 0, 0)]
[2025-10-31 22:39:06] [STDERR] Traceback (most recent call last):
[2025-10-31 22:39:06] [STDERR]   File "/opt/homebrew/Caskroom/miniconda/base/lib/python3.11/site-packages/aiohttp/connector.py", line 1268, in _wrap_create_connection
[2025-10-31 22:39:06] [STDERR]     sock = await aiohappyeyeballs.start_connection(
[2025-10-31 22:39:06] [STDERR]            ^^^^^^^^^^^^^^^^^^^^^^^^^^^^^^^^^^^^^^^^
[2025-10-31 22:39:06] [STDERR]   File "/opt/homebrew/Caskroom/miniconda/base/lib/python3.11/site-packages/aiohappyeyeballs/impl.py", line 141, in start_connection
[2025-10-31 22:39:06] [STDERR]     raise OSError(first_errno, msg)
[2025-10-31 22:39:06] [STDERR] ConnectionRefusedError: [Errno 61] Multiple exceptions: [Errno 61] Connect call failed ('127.0.0.1', 3100), [Errno 61] Connect call failed ('::1', 3100, 0, 0)
[2025-10-31 22:39:06] [STDERR] 
[2025-10-31 22:39:06] [STDERR] The above exception was the direct cause of the following exception:
[2025-10-31 22:39:06] [STDERR] 
[2025-10-31 22:39:06] [STDERR] Traceback (most recent call last):
[2025-10-31 22:39:06] [STDERR]   File "/Users/leifmarkthaler/github/gleitzeit 0.0.7/src/gleitzeit/workers/loki_exporter_worker.py", line 251, in export_logs_to_loki
[2025-10-31 22:39:06] [STDERR]     async with self.session.post(
[2025-10-31 22:39:06] [STDERR]   File "/opt/homebrew/Caskroom/miniconda/base/lib/python3.11/site-packages/aiohttp/client.py", line 1488, in __aenter__
[2025-10-31 22:39:06] [STDERR]     self._resp: _RetType = await self._coro
[2025-10-31 22:39:06] [STDERR]                            ^^^^^^^^^^^^^^^^
[2025-10-31 22:39:06] [STDERR]   File "/opt/homebrew/Caskroom/miniconda/base/lib/python3.11/site-packages/aiohttp/client.py", line 770, in _request
[2025-10-31 22:39:06] [STDERR]     resp = await handler(req)
[2025-10-31 22:39:06] [STDERR]            ^^^^^^^^^^^^^^^^^^
[2025-10-31 22:39:06] [STDERR]   File "/opt/homebrew/Caskroom/miniconda/base/lib/python3.11/site-packages/aiohttp/client.py", line 725, in _connect_and_send_request
[2025-10-31 22:39:06] [STDERR]     conn = await self._connector.connect(
[2025-10-31 22:39:06] [STDERR]            ^^^^^^^^^^^^^^^^^^^^^^^^^^^^^^
[2025-10-31 22:39:06] [STDERR]   File "/opt/homebrew/Caskroom/miniconda/base/lib/python3.11/site-packages/aiohttp/connector.py", line 642, in connect
[2025-10-31 22:39:06] [STDERR]     proto = await self._create_connection(req, traces, timeout)
[2025-10-31 22:39:06] [STDERR]             ^^^^^^^^^^^^^^^^^^^^^^^^^^^^^^^^^^^^^^^^^^^^^^^^^^^
[2025-10-31 22:39:06] [STDERR]   File "/opt/homebrew/Caskroom/miniconda/base/lib/python3.11/site-packages/aiohttp/connector.py", line 1209, in _create_connection
[2025-10-31 22:39:06] [STDERR]     _, proto = await self._create_direct_connection(req, traces, timeout)
[2025-10-31 22:39:06] [STDERR]                ^^^^^^^^^^^^^^^^^^^^^^^^^^^^^^^^^^^^^^^^^^^^^^^^^^^^^^^^^^
[2025-10-31 22:39:06] [STDERR]   File "/opt/homebrew/Caskroom/miniconda/base/lib/python3.11/site-packages/aiohttp/connector.py", line 1581, in _create_direct_connection
[2025-10-31 22:39:06] [STDERR]     raise last_exc
[2025-10-31 22:39:06] [STDERR]   File "/opt/homebrew/Caskroom/miniconda/base/lib/python3.11/site-packages/aiohttp/connector.py", line 1550, in _create_direct_connection
[2025-10-31 22:39:06] [STDERR]     transp, proto = await self._wrap_create_connection(
[2025-10-31 22:39:06] [STDERR]                     ^^^^^^^^^^^^^^^^^^^^^^^^^^^^^^^^^^^
[2025-10-31 22:39:06] [STDERR]   File "/opt/homebrew/Caskroom/miniconda/base/lib/python3.11/site-packages/aiohttp/connector.py", line 1291, in _wrap_create_connection
[2025-10-31 22:39:06] [STDERR]     raise client_error(req.connection_key, exc) from exc
[2025-10-31 22:39:06] [STDERR] aiohttp.client_exceptions.ClientConnectorError: Cannot connect to host localhost:3100 ssl:default [Multiple exceptions: [Errno 61] Connect call failed ('127.0.0.1', 3100), [Errno 61] Connect call failed ('::1', 3100, 0, 0)]
[2025-10-31 22:39:11] [STDERR] 2025-10-31 22:39:11,894 - LokiExporter.loki-exporter - ERROR - Failed to export logs to Loki: Cannot connect to host localhost:3100 ssl:default [Multiple exceptions: [Errno 61] Connect call failed ('::1', 3100, 0, 0), [Errno 61] Connect call failed ('127.0.0.1', 3100)]
[2025-10-31 22:39:11] [STDERR] Traceback (most recent call last):
[2025-10-31 22:39:11] [STDERR]   File "/opt/homebrew/Caskroom/miniconda/base/lib/python3.11/site-packages/aiohttp/connector.py", line 1268, in _wrap_create_connection
[2025-10-31 22:39:11] [STDERR]     sock = await aiohappyeyeballs.start_connection(
[2025-10-31 22:39:11] [STDERR]            ^^^^^^^^^^^^^^^^^^^^^^^^^^^^^^^^^^^^^^^^
[2025-10-31 22:39:11] [STDERR]   File "/opt/homebrew/Caskroom/miniconda/base/lib/python3.11/site-packages/aiohappyeyeballs/impl.py", line 141, in start_connection
[2025-10-31 22:39:11] [STDERR]     raise OSError(first_errno, msg)
[2025-10-31 22:39:11] [STDERR] ConnectionRefusedError: [Errno 61] Multiple exceptions: [Errno 61] Connect call failed ('::1', 3100, 0, 0), [Errno 61] Connect call failed ('127.0.0.1', 3100)
[2025-10-31 22:39:11] [STDERR] 
[2025-10-31 22:39:11] [STDERR] The above exception was the direct cause of the following exception:
[2025-10-31 22:39:11] [STDERR] 
[2025-10-31 22:39:11] [STDERR] Traceback (most recent call last):
[2025-10-31 22:39:11] [STDERR]   File "/Users/leifmarkthaler/github/gleitzeit 0.0.7/src/gleitzeit/workers/loki_exporter_worker.py", line 251, in export_logs_to_loki
[2025-10-31 22:39:11] [STDERR]     async with self.session.post(
[2025-10-31 22:39:11] [STDERR]   File "/opt/homebrew/Caskroom/miniconda/base/lib/python3.11/site-packages/aiohttp/client.py", line 1488, in __aenter__
[2025-10-31 22:39:11] [STDERR]     self._resp: _RetType = await self._coro
[2025-10-31 22:39:11] [STDERR]                            ^^^^^^^^^^^^^^^^
[2025-10-31 22:39:11] [STDERR]   File "/opt/homebrew/Caskroom/miniconda/base/lib/python3.11/site-packages/aiohttp/client.py", line 770, in _request
[2025-10-31 22:39:11] [STDERR]     resp = await handler(req)
[2025-10-31 22:39:11] [STDERR]            ^^^^^^^^^^^^^^^^^^
[2025-10-31 22:39:11] [STDERR]   File "/opt/homebrew/Caskroom/miniconda/base/lib/python3.11/site-packages/aiohttp/client.py", line 725, in _connect_and_send_request
[2025-10-31 22:39:11] [STDERR]     conn = await self._connector.connect(
[2025-10-31 22:39:11] [STDERR]            ^^^^^^^^^^^^^^^^^^^^^^^^^^^^^^
[2025-10-31 22:39:11] [STDERR]   File "/opt/homebrew/Caskroom/miniconda/base/lib/python3.11/site-packages/aiohttp/connector.py", line 642, in connect
[2025-10-31 22:39:11] [STDERR]     proto = await self._create_connection(req, traces, timeout)
[2025-10-31 22:39:11] [STDERR]             ^^^^^^^^^^^^^^^^^^^^^^^^^^^^^^^^^^^^^^^^^^^^^^^^^^^
[2025-10-31 22:39:11] [STDERR]   File "/opt/homebrew/Caskroom/miniconda/base/lib/python3.11/site-packages/aiohttp/connector.py", line 1209, in _create_connection
[2025-10-31 22:39:11] [STDERR]     _, proto = await self._create_direct_connection(req, traces, timeout)
[2025-10-31 22:39:11] [STDERR]                ^^^^^^^^^^^^^^^^^^^^^^^^^^^^^^^^^^^^^^^^^^^^^^^^^^^^^^^^^^
[2025-10-31 22:39:11] [STDERR]   File "/opt/homebrew/Caskroom/miniconda/base/lib/python3.11/site-packages/aiohttp/connector.py", line 1581, in _create_direct_connection
[2025-10-31 22:39:11] [STDERR]     raise last_exc
[2025-10-31 22:39:11] [STDERR]   File "/opt/homebrew/Caskroom/miniconda/base/lib/python3.11/site-packages/aiohttp/connector.py", line 1550, in _create_direct_connection
[2025-10-31 22:39:11] [STDERR]     transp, proto = await self._wrap_create_connection(
[2025-10-31 22:39:11] [STDERR]                     ^^^^^^^^^^^^^^^^^^^^^^^^^^^^^^^^^^^
[2025-10-31 22:39:11] [STDERR]   File "/opt/homebrew/Caskroom/miniconda/base/lib/python3.11/site-packages/aiohttp/connector.py", line 1291, in _wrap_create_connection
[2025-10-31 22:39:11] [STDERR]     raise client_error(req.connection_key, exc) from exc
[2025-10-31 22:39:11] [STDERR] aiohttp.client_exceptions.ClientConnectorError: Cannot connect to host localhost:3100 ssl:default [Multiple exceptions: [Errno 61] Connect call failed ('::1', 3100, 0, 0), [Errno 61] Connect call failed ('127.0.0.1', 3100)]
[2025-10-31 22:55:14] [STDERR] 2025-10-31 22:55:14,679 - LokiExporter.loki-exporter - ERROR - Failed to export logs to Loki: Cannot connect to host localhost:3100 ssl:default [Multiple exceptions: [Errno 61] Connect call failed ('127.0.0.1', 3100), [Errno 61] Connect call failed ('::1', 3100, 0, 0)]
[2025-10-31 22:55:14] [STDERR] Traceback (most recent call last):
[2025-10-31 22:55:14] [STDERR]   File "/opt/homebrew/Caskroom/miniconda/base/lib/python3.11/site-packages/aiohttp/connector.py", line 1268, in _wrap_create_connection
[2025-10-31 22:55:14] [STDERR]     sock = await aiohappyeyeballs.start_connection(
[2025-10-31 22:55:14] [STDERR]            ^^^^^^^^^^^^^^^^^^^^^^^^^^^^^^^^^^^^^^^^
[2025-10-31 22:55:14] [STDERR]   File "/opt/homebrew/Caskroom/miniconda/base/lib/python3.11/site-packages/aiohappyeyeballs/impl.py", line 141, in start_connection
[2025-10-31 22:55:14] [STDERR]     raise OSError(first_errno, msg)
[2025-10-31 22:55:14] [STDERR] ConnectionRefusedError: [Errno 61] Multiple exceptions: [Errno 61] Connect call failed ('127.0.0.1', 3100), [Errno 61] Connect call failed ('::1', 3100, 0, 0)
[2025-10-31 22:55:14] [STDERR] 
[2025-10-31 22:55:14] [STDERR] The above exception was the direct cause of the following exception:
[2025-10-31 22:55:14] [STDERR] 
[2025-10-31 22:55:14] [STDERR] Traceback (most recent call last):
[2025-10-31 22:55:14] [STDERR]   File "/Users/leifmarkthaler/github/gleitzeit 0.0.7/src/gleitzeit/workers/loki_exporter_worker.py", line 251, in export_logs_to_loki
[2025-10-31 22:55:14] [STDERR]     async with self.session.post(
[2025-10-31 22:55:14] [STDERR]   File "/opt/homebrew/Caskroom/miniconda/base/lib/python3.11/site-packages/aiohttp/client.py", line 1488, in __aenter__
[2025-10-31 22:55:14] [STDERR]     self._resp: _RetType = await self._coro
[2025-10-31 22:55:14] [STDERR]                            ^^^^^^^^^^^^^^^^
[2025-10-31 22:55:14] [STDERR]   File "/opt/homebrew/Caskroom/miniconda/base/lib/python3.11/site-packages/aiohttp/client.py", line 770, in _request
[2025-10-31 22:55:14] [STDERR]     resp = await handler(req)
[2025-10-31 22:55:14] [STDERR]            ^^^^^^^^^^^^^^^^^^
[2025-10-31 22:55:14] [STDERR]   File "/opt/homebrew/Caskroom/miniconda/base/lib/python3.11/site-packages/aiohttp/client.py", line 725, in _connect_and_send_request
[2025-10-31 22:55:14] [STDERR]     conn = await self._connector.connect(
[2025-10-31 22:55:14] [STDERR]            ^^^^^^^^^^^^^^^^^^^^^^^^^^^^^^
[2025-10-31 22:55:14] [STDERR]   File "/opt/homebrew/Caskroom/miniconda/base/lib/python3.11/site-packages/aiohttp/connector.py", line 642, in connect
[2025-10-31 22:55:14] [STDERR]     proto = await self._create_connection(req, traces, timeout)
[2025-10-31 22:55:14] [STDERR]             ^^^^^^^^^^^^^^^^^^^^^^^^^^^^^^^^^^^^^^^^^^^^^^^^^^^
[2025-10-31 22:55:14] [STDERR]   File "/opt/homebrew/Caskroom/miniconda/base/lib/python3.11/site-packages/aiohttp/connector.py", line 1209, in _create_connection
[2025-10-31 22:55:14] [STDERR]     _, proto = await self._create_direct_connection(req, traces, timeout)
[2025-10-31 22:55:14] [STDERR]                ^^^^^^^^^^^^^^^^^^^^^^^^^^^^^^^^^^^^^^^^^^^^^^^^^^^^^^^^^^
[2025-10-31 22:55:14] [STDERR]   File "/opt/homebrew/Caskroom/miniconda/base/lib/python3.11/site-packages/aiohttp/connector.py", line 1581, in _create_direct_connection
[2025-10-31 22:55:14] [STDERR]     raise last_exc
[2025-10-31 22:55:14] [STDERR]   File "/opt/homebrew/Caskroom/miniconda/base/lib/python3.11/site-packages/aiohttp/connector.py", line 1550, in _create_direct_connection
[2025-10-31 22:55:14] [STDERR]     transp, proto = await self._wrap_create_connection(
[2025-10-31 22:55:14] [STDERR]                     ^^^^^^^^^^^^^^^^^^^^^^^^^^^^^^^^^^^
[2025-10-31 22:55:14] [STDERR]   File "/opt/homebrew/Caskroom/miniconda/base/lib/python3.11/site-packages/aiohttp/connector.py", line 1291, in _wrap_create_connection
[2025-10-31 22:55:14] [STDERR]     raise client_error(req.connection_key, exc) from exc
[2025-10-31 22:55:14] [STDERR] aiohttp.client_exceptions.ClientConnectorError: Cannot connect to host localhost:3100 ssl:default [Multiple exceptions: [Errno 61] Connect call failed ('127.0.0.1', 3100), [Errno 61] Connect call failed ('::1', 3100, 0, 0)]
[2025-10-31 23:12:18] [STDERR] 2025-10-31 23:12:18,484 - LokiExporter.loki-exporter - ERROR - Failed to export logs to Loki: Cannot connect to host localhost:3100 ssl:default [Multiple exceptions: [Errno 61] Connect call failed ('::1', 3100, 0, 0), [Errno 61] Connect call failed ('127.0.0.1', 3100)]
[2025-10-31 23:12:18] [STDERR] Traceback (most recent call last):
[2025-10-31 23:12:18] [STDERR]   File "/opt/homebrew/Caskroom/miniconda/base/lib/python3.11/site-packages/aiohttp/connector.py", line 1268, in _wrap_create_connection
[2025-10-31 23:12:18] [STDERR]     sock = await aiohappyeyeballs.start_connection(
[2025-10-31 23:12:18] [STDERR]            ^^^^^^^^^^^^^^^^^^^^^^^^^^^^^^^^^^^^^^^^
[2025-10-31 23:12:18] [STDERR]   File "/opt/homebrew/Caskroom/miniconda/base/lib/python3.11/site-packages/aiohappyeyeballs/impl.py", line 141, in start_connection
[2025-10-31 23:12:18] [STDERR]     raise OSError(first_errno, msg)
[2025-10-31 23:12:18] [STDERR] ConnectionRefusedError: [Errno 61] Multiple exceptions: [Errno 61] Connect call failed ('::1', 3100, 0, 0), [Errno 61] Connect call failed ('127.0.0.1', 3100)
[2025-10-31 23:12:18] [STDERR] 
[2025-10-31 23:12:18] [STDERR] The above exception was the direct cause of the following exception:
[2025-10-31 23:12:18] [STDERR] 
[2025-10-31 23:12:18] [STDERR] Traceback (most recent call last):
[2025-10-31 23:12:18] [STDERR]   File "/Users/leifmarkthaler/github/gleitzeit 0.0.7/src/gleitzeit/workers/loki_exporter_worker.py", line 251, in export_logs_to_loki
[2025-10-31 23:12:18] [STDERR]     async with self.session.post(
[2025-10-31 23:12:18] [STDERR]   File "/opt/homebrew/Caskroom/miniconda/base/lib/python3.11/site-packages/aiohttp/client.py", line 1488, in __aenter__
[2025-10-31 23:12:18] [STDERR]     self._resp: _RetType = await self._coro
[2025-10-31 23:12:18] [STDERR]                            ^^^^^^^^^^^^^^^^
[2025-10-31 23:12:18] [STDERR]   File "/opt/homebrew/Caskroom/miniconda/base/lib/python3.11/site-packages/aiohttp/client.py", line 770, in _request
[2025-10-31 23:12:18] [STDERR]     resp = await handler(req)
[2025-10-31 23:12:18] [STDERR]            ^^^^^^^^^^^^^^^^^^
[2025-10-31 23:12:18] [STDERR]   File "/opt/homebrew/Caskroom/miniconda/base/lib/python3.11/site-packages/aiohttp/client.py", line 725, in _connect_and_send_request
[2025-10-31 23:12:18] [STDERR]     conn = await self._connector.connect(
[2025-10-31 23:12:18] [STDERR]            ^^^^^^^^^^^^^^^^^^^^^^^^^^^^^^
[2025-10-31 23:12:18] [STDERR]   File "/opt/homebrew/Caskroom/miniconda/base/lib/python3.11/site-packages/aiohttp/connector.py", line 642, in connect
[2025-10-31 23:12:18] [STDERR]     proto = await self._create_connection(req, traces, timeout)
[2025-10-31 23:12:18] [STDERR]             ^^^^^^^^^^^^^^^^^^^^^^^^^^^^^^^^^^^^^^^^^^^^^^^^^^^
[2025-10-31 23:12:18] [STDERR]   File "/opt/homebrew/Caskroom/miniconda/base/lib/python3.11/site-packages/aiohttp/connector.py", line 1209, in _create_connection
[2025-10-31 23:12:18] [STDERR]     _, proto = await self._create_direct_connection(req, traces, timeout)
[2025-10-31 23:12:18] [STDERR]                ^^^^^^^^^^^^^^^^^^^^^^^^^^^^^^^^^^^^^^^^^^^^^^^^^^^^^^^^^^
[2025-10-31 23:12:18] [STDERR]   File "/opt/homebrew/Caskroom/miniconda/base/lib/python3.11/site-packages/aiohttp/connector.py", line 1581, in _create_direct_connection
[2025-10-31 23:12:18] [STDERR]     raise last_exc
[2025-10-31 23:12:18] [STDERR]   File "/opt/homebrew/Caskroom/miniconda/base/lib/python3.11/site-packages/aiohttp/connector.py", line 1550, in _create_direct_connection
[2025-10-31 23:12:18] [STDERR]     transp, proto = await self._wrap_create_connection(
[2025-10-31 23:12:18] [STDERR]                     ^^^^^^^^^^^^^^^^^^^^^^^^^^^^^^^^^^^
[2025-10-31 23:12:18] [STDERR]   File "/opt/homebrew/Caskroom/miniconda/base/lib/python3.11/site-packages/aiohttp/connector.py", line 1291, in _wrap_create_connection
[2025-10-31 23:12:18] [STDERR]     raise client_error(req.connection_key, exc) from exc
[2025-10-31 23:12:18] [STDERR] aiohttp.client_exceptions.ClientConnectorError: Cannot connect to host localhost:3100 ssl:default [Multiple exceptions: [Errno 61] Connect call failed ('::1', 3100, 0, 0), [Errno 61] Connect call failed ('127.0.0.1', 3100)]
[2025-10-31 23:28:26] [STDERR] 2025-10-31 23:28:26,276 - LokiExporter.loki-exporter - ERROR - Failed to export logs to Loki: Cannot connect to host localhost:3100 ssl:default [Multiple exceptions: [Errno 61] Connect call failed ('127.0.0.1', 3100), [Errno 61] Connect call failed ('::1', 3100, 0, 0)]
[2025-10-31 23:28:26] [STDERR] Traceback (most recent call last):
[2025-10-31 23:28:26] [STDERR]   File "/opt/homebrew/Caskroom/miniconda/base/lib/python3.11/site-packages/aiohttp/connector.py", line 1268, in _wrap_create_connection
[2025-10-31 23:28:26] [STDERR]     sock = await aiohappyeyeballs.start_connection(
[2025-10-31 23:28:26] [STDERR]            ^^^^^^^^^^^^^^^^^^^^^^^^^^^^^^^^^^^^^^^^
[2025-10-31 23:28:26] [STDERR]   File "/opt/homebrew/Caskroom/miniconda/base/lib/python3.11/site-packages/aiohappyeyeballs/impl.py", line 141, in start_connection
[2025-10-31 23:28:26] [STDERR]     raise OSError(first_errno, msg)
[2025-10-31 23:28:26] [STDERR] ConnectionRefusedError: [Errno 61] Multiple exceptions: [Errno 61] Connect call failed ('127.0.0.1', 3100), [Errno 61] Connect call failed ('::1', 3100, 0, 0)
[2025-10-31 23:28:26] [STDERR] 
[2025-10-31 23:28:26] [STDERR] The above exception was the direct cause of the following exception:
[2025-10-31 23:28:26] [STDERR] 
[2025-10-31 23:28:26] [STDERR] Traceback (most recent call last):
[2025-10-31 23:28:26] [STDERR]   File "/Users/leifmarkthaler/github/gleitzeit 0.0.7/src/gleitzeit/workers/loki_exporter_worker.py", line 251, in export_logs_to_loki
[2025-10-31 23:28:26] [STDERR]     async with self.session.post(
[2025-10-31 23:28:26] [STDERR]   File "/opt/homebrew/Caskroom/miniconda/base/lib/python3.11/site-packages/aiohttp/client.py", line 1488, in __aenter__
[2025-10-31 23:28:26] [STDERR]     self._resp: _RetType = await self._coro
[2025-10-31 23:28:26] [STDERR]                            ^^^^^^^^^^^^^^^^
[2025-10-31 23:28:26] [STDERR]   File "/opt/homebrew/Caskroom/miniconda/base/lib/python3.11/site-packages/aiohttp/client.py", line 770, in _request
[2025-10-31 23:28:26] [STDERR]     resp = await handler(req)
[2025-10-31 23:28:26] [STDERR]            ^^^^^^^^^^^^^^^^^^
[2025-10-31 23:28:26] [STDERR]   File "/opt/homebrew/Caskroom/miniconda/base/lib/python3.11/site-packages/aiohttp/client.py", line 725, in _connect_and_send_request
[2025-10-31 23:28:26] [STDERR]     conn = await self._connector.connect(
[2025-10-31 23:28:26] [STDERR]            ^^^^^^^^^^^^^^^^^^^^^^^^^^^^^^
[2025-10-31 23:28:26] [STDERR]   File "/opt/homebrew/Caskroom/miniconda/base/lib/python3.11/site-packages/aiohttp/connector.py", line 642, in connect
[2025-10-31 23:28:26] [STDERR]     proto = await self._create_connection(req, traces, timeout)
[2025-10-31 23:28:26] [STDERR]             ^^^^^^^^^^^^^^^^^^^^^^^^^^^^^^^^^^^^^^^^^^^^^^^^^^^
[2025-10-31 23:28:26] [STDERR]   File "/opt/homebrew/Caskroom/miniconda/base/lib/python3.11/site-packages/aiohttp/connector.py", line 1209, in _create_connection
[2025-10-31 23:28:26] [STDERR]     _, proto = await self._create_direct_connection(req, traces, timeout)
[2025-10-31 23:28:26] [STDERR]                ^^^^^^^^^^^^^^^^^^^^^^^^^^^^^^^^^^^^^^^^^^^^^^^^^^^^^^^^^^
[2025-10-31 23:28:26] [STDERR]   File "/opt/homebrew/Caskroom/miniconda/base/lib/python3.11/site-packages/aiohttp/connector.py", line 1581, in _create_direct_connection
[2025-10-31 23:28:26] [STDERR]     raise last_exc
[2025-10-31 23:28:26] [STDERR]   File "/opt/homebrew/Caskroom/miniconda/base/lib/python3.11/site-packages/aiohttp/connector.py", line 1550, in _create_direct_connection
[2025-10-31 23:28:26] [STDERR]     transp, proto = await self._wrap_create_connection(
[2025-10-31 23:28:26] [STDERR]                     ^^^^^^^^^^^^^^^^^^^^^^^^^^^^^^^^^^^
[2025-10-31 23:28:26] [STDERR]   File "/opt/homebrew/Caskroom/miniconda/base/lib/python3.11/site-packages/aiohttp/connector.py", line 1291, in _wrap_create_connection
[2025-10-31 23:28:26] [STDERR]     raise client_error(req.connection_key, exc) from exc
[2025-10-31 23:28:26] [STDERR] aiohttp.client_exceptions.ClientConnectorError: Cannot connect to host localhost:3100 ssl:default [Multiple exceptions: [Errno 61] Connect call failed ('127.0.0.1', 3100), [Errno 61] Connect call failed ('::1', 3100, 0, 0)]
[2025-10-31 23:45:25] [STDERR] 2025-10-31 23:45:25,888 - LokiExporter.loki-exporter - ERROR - Failed to export logs to Loki: Cannot connect to host localhost:3100 ssl:default [Multiple exceptions: [Errno 61] Connect call failed ('::1', 3100, 0, 0), [Errno 61] Connect call failed ('127.0.0.1', 3100)]
[2025-10-31 23:45:25] [STDERR] Traceback (most recent call last):
[2025-10-31 23:45:25] [STDERR]   File "/opt/homebrew/Caskroom/miniconda/base/lib/python3.11/site-packages/aiohttp/connector.py", line 1268, in _wrap_create_connection
[2025-10-31 23:45:25] [STDERR]     sock = await aiohappyeyeballs.start_connection(
[2025-10-31 23:45:25] [STDERR]            ^^^^^^^^^^^^^^^^^^^^^^^^^^^^^^^^^^^^^^^^
[2025-10-31 23:45:25] [STDERR]   File "/opt/homebrew/Caskroom/miniconda/base/lib/python3.11/site-packages/aiohappyeyeballs/impl.py", line 141, in start_connection
[2025-10-31 23:45:25] [STDERR]     raise OSError(first_errno, msg)
[2025-10-31 23:45:25] [STDERR] ConnectionRefusedError: [Errno 61] Multiple exceptions: [Errno 61] Connect call failed ('::1', 3100, 0, 0), [Errno 61] Connect call failed ('127.0.0.1', 3100)
[2025-10-31 23:45:25] [STDERR] 
[2025-10-31 23:45:25] [STDERR] The above exception was the direct cause of the following exception:
[2025-10-31 23:45:25] [STDERR] 
[2025-10-31 23:45:25] [STDERR] Traceback (most recent call last):
[2025-10-31 23:45:25] [STDERR]   File "/Users/leifmarkthaler/github/gleitzeit 0.0.7/src/gleitzeit/workers/loki_exporter_worker.py", line 251, in export_logs_to_loki
[2025-10-31 23:45:25] [STDERR]     async with self.session.post(
[2025-10-31 23:45:25] [STDERR]   File "/opt/homebrew/Caskroom/miniconda/base/lib/python3.11/site-packages/aiohttp/client.py", line 1488, in __aenter__
[2025-10-31 23:45:25] [STDERR]     self._resp: _RetType = await self._coro
[2025-10-31 23:45:25] [STDERR]                            ^^^^^^^^^^^^^^^^
[2025-10-31 23:45:25] [STDERR]   File "/opt/homebrew/Caskroom/miniconda/base/lib/python3.11/site-packages/aiohttp/client.py", line 770, in _request
[2025-10-31 23:45:25] [STDERR]     resp = await handler(req)
[2025-10-31 23:45:25] [STDERR]            ^^^^^^^^^^^^^^^^^^
[2025-10-31 23:45:25] [STDERR]   File "/opt/homebrew/Caskroom/miniconda/base/lib/python3.11/site-packages/aiohttp/client.py", line 725, in _connect_and_send_request
[2025-10-31 23:45:25] [STDERR]     conn = await self._connector.connect(
[2025-10-31 23:45:25] [STDERR]            ^^^^^^^^^^^^^^^^^^^^^^^^^^^^^^
[2025-10-31 23:45:25] [STDERR]   File "/opt/homebrew/Caskroom/miniconda/base/lib/python3.11/site-packages/aiohttp/connector.py", line 642, in connect
[2025-10-31 23:45:25] [STDERR]     proto = await self._create_connection(req, traces, timeout)
[2025-10-31 23:45:25] [STDERR]             ^^^^^^^^^^^^^^^^^^^^^^^^^^^^^^^^^^^^^^^^^^^^^^^^^^^
[2025-10-31 23:45:25] [STDERR]   File "/opt/homebrew/Caskroom/miniconda/base/lib/python3.11/site-packages/aiohttp/connector.py", line 1209, in _create_connection
[2025-10-31 23:45:25] [STDERR]     _, proto = await self._create_direct_connection(req, traces, timeout)
[2025-10-31 23:45:25] [STDERR]                ^^^^^^^^^^^^^^^^^^^^^^^^^^^^^^^^^^^^^^^^^^^^^^^^^^^^^^^^^^
[2025-10-31 23:45:25] [STDERR]   File "/opt/homebrew/Caskroom/miniconda/base/lib/python3.11/site-packages/aiohttp/connector.py", line 1581, in _create_direct_connection
[2025-10-31 23:45:25] [STDERR]     raise last_exc
[2025-10-31 23:45:25] [STDERR]   File "/opt/homebrew/Caskroom/miniconda/base/lib/python3.11/site-packages/aiohttp/connector.py", line 1550, in _create_direct_connection
[2025-10-31 23:45:25] [STDERR]     transp, proto = await self._wrap_create_connection(
[2025-10-31 23:45:25] [STDERR]                     ^^^^^^^^^^^^^^^^^^^^^^^^^^^^^^^^^^^
[2025-10-31 23:45:25] [STDERR]   File "/opt/homebrew/Caskroom/miniconda/base/lib/python3.11/site-packages/aiohttp/connector.py", line 1291, in _wrap_create_connection
[2025-10-31 23:45:25] [STDERR]     raise client_error(req.connection_key, exc) from exc
[2025-10-31 23:45:25] [STDERR] aiohttp.client_exceptions.ClientConnectorError: Cannot connect to host localhost:3100 ssl:default [Multiple exceptions: [Errno 61] Connect call failed ('::1', 3100, 0, 0), [Errno 61] Connect call failed ('127.0.0.1', 3100)]
[2025-11-01 00:03:12] [STDERR] 2025-11-01 00:03:12,699 - LokiExporter.loki-exporter - ERROR - Failed to export logs to Loki: Cannot connect to host localhost:3100 ssl:default [Multiple exceptions: [Errno 61] Connect call failed ('127.0.0.1', 3100), [Errno 61] Connect call failed ('::1', 3100, 0, 0)]
[2025-11-01 00:03:12] [STDERR] Traceback (most recent call last):
[2025-11-01 00:03:12] [STDERR]   File "/opt/homebrew/Caskroom/miniconda/base/lib/python3.11/site-packages/aiohttp/connector.py", line 1268, in _wrap_create_connection
[2025-11-01 00:03:12] [STDERR]     sock = await aiohappyeyeballs.start_connection(
[2025-11-01 00:03:12] [STDERR]            ^^^^^^^^^^^^^^^^^^^^^^^^^^^^^^^^^^^^^^^^
[2025-11-01 00:03:12] [STDERR]   File "/opt/homebrew/Caskroom/miniconda/base/lib/python3.11/site-packages/aiohappyeyeballs/impl.py", line 141, in start_connection
[2025-11-01 00:03:12] [STDERR]     raise OSError(first_errno, msg)
[2025-11-01 00:03:12] [STDERR] ConnectionRefusedError: [Errno 61] Multiple exceptions: [Errno 61] Connect call failed ('127.0.0.1', 3100), [Errno 61] Connect call failed ('::1', 3100, 0, 0)
[2025-11-01 00:03:12] [STDERR] 
[2025-11-01 00:03:12] [STDERR] The above exception was the direct cause of the following exception:
[2025-11-01 00:03:12] [STDERR] 
[2025-11-01 00:03:12] [STDERR] Traceback (most recent call last):
[2025-11-01 00:03:12] [STDERR]   File "/Users/leifmarkthaler/github/gleitzeit 0.0.7/src/gleitzeit/workers/loki_exporter_worker.py", line 251, in export_logs_to_loki
[2025-11-01 00:03:12] [STDERR]     async with self.session.post(
[2025-11-01 00:03:12] [STDERR]   File "/opt/homebrew/Caskroom/miniconda/base/lib/python3.11/site-packages/aiohttp/client.py", line 1488, in __aenter__
[2025-11-01 00:03:12] [STDERR]     self._resp: _RetType = await self._coro
[2025-11-01 00:03:12] [STDERR]                            ^^^^^^^^^^^^^^^^
[2025-11-01 00:03:12] [STDERR]   File "/opt/homebrew/Caskroom/miniconda/base/lib/python3.11/site-packages/aiohttp/client.py", line 770, in _request
[2025-11-01 00:03:12] [STDERR]     resp = await handler(req)
[2025-11-01 00:03:12] [STDERR]            ^^^^^^^^^^^^^^^^^^
[2025-11-01 00:03:12] [STDERR]   File "/opt/homebrew/Caskroom/miniconda/base/lib/python3.11/site-packages/aiohttp/client.py", line 725, in _connect_and_send_request
[2025-11-01 00:03:12] [STDERR]     conn = await self._connector.connect(
[2025-11-01 00:03:12] [STDERR]            ^^^^^^^^^^^^^^^^^^^^^^^^^^^^^^
[2025-11-01 00:03:12] [STDERR]   File "/opt/homebrew/Caskroom/miniconda/base/lib/python3.11/site-packages/aiohttp/connector.py", line 642, in connect
[2025-11-01 00:03:12] [STDERR]     proto = await self._create_connection(req, traces, timeout)
[2025-11-01 00:03:12] [STDERR]             ^^^^^^^^^^^^^^^^^^^^^^^^^^^^^^^^^^^^^^^^^^^^^^^^^^^
[2025-11-01 00:03:12] [STDERR]   File "/opt/homebrew/Caskroom/miniconda/base/lib/python3.11/site-packages/aiohttp/connector.py", line 1209, in _create_connection
[2025-11-01 00:03:12] [STDERR]     _, proto = await self._create_direct_connection(req, traces, timeout)
[2025-11-01 00:03:12] [STDERR]                ^^^^^^^^^^^^^^^^^^^^^^^^^^^^^^^^^^^^^^^^^^^^^^^^^^^^^^^^^^
[2025-11-01 00:03:12] [STDERR]   File "/opt/homebrew/Caskroom/miniconda/base/lib/python3.11/site-packages/aiohttp/connector.py", line 1581, in _create_direct_connection
[2025-11-01 00:03:12] [STDERR]     raise last_exc
[2025-11-01 00:03:12] [STDERR]   File "/opt/homebrew/Caskroom/miniconda/base/lib/python3.11/site-packages/aiohttp/connector.py", line 1550, in _create_direct_connection
[2025-11-01 00:03:12] [STDERR]     transp, proto = await self._wrap_create_connection(
[2025-11-01 00:03:12] [STDERR]                     ^^^^^^^^^^^^^^^^^^^^^^^^^^^^^^^^^^^
[2025-11-01 00:03:12] [STDERR]   File "/opt/homebrew/Caskroom/miniconda/base/lib/python3.11/site-packages/aiohttp/connector.py", line 1291, in _wrap_create_connection
[2025-11-01 00:03:12] [STDERR]     raise client_error(req.connection_key, exc) from exc
[2025-11-01 00:03:12] [STDERR] aiohttp.client_exceptions.ClientConnectorError: Cannot connect to host localhost:3100 ssl:default [Multiple exceptions: [Errno 61] Connect call failed ('127.0.0.1', 3100), [Errno 61] Connect call failed ('::1', 3100, 0, 0)]
[2025-11-01 00:10:54] [STDERR] 2025-11-01 00:10:54,500 - LokiExporter.loki-exporter - ERROR - Failed to export logs to Loki: Cannot connect to host localhost:3100 ssl:default [Multiple exceptions: [Errno 61] Connect call failed ('::1', 3100, 0, 0), [Errno 61] Connect call failed ('127.0.0.1', 3100)]
[2025-11-01 00:10:54] [STDERR] Traceback (most recent call last):
[2025-11-01 00:10:54] [STDERR]   File "/opt/homebrew/Caskroom/miniconda/base/lib/python3.11/site-packages/aiohttp/connector.py", line 1268, in _wrap_create_connection
[2025-11-01 00:10:54] [STDERR]     sock = await aiohappyeyeballs.start_connection(
[2025-11-01 00:10:54] [STDERR]            ^^^^^^^^^^^^^^^^^^^^^^^^^^^^^^^^^^^^^^^^
[2025-11-01 00:10:54] [STDERR]   File "/opt/homebrew/Caskroom/miniconda/base/lib/python3.11/site-packages/aiohappyeyeballs/impl.py", line 141, in start_connection
[2025-11-01 00:10:54] [STDERR]     raise OSError(first_errno, msg)
[2025-11-01 00:10:54] [STDERR] ConnectionRefusedError: [Errno 61] Multiple exceptions: [Errno 61] Connect call failed ('::1', 3100, 0, 0), [Errno 61] Connect call failed ('127.0.0.1', 3100)
[2025-11-01 00:10:54] [STDERR] 
[2025-11-01 00:10:54] [STDERR] The above exception was the direct cause of the following exception:
[2025-11-01 00:10:54] [STDERR] 
[2025-11-01 00:10:54] [STDERR] Traceback (most recent call last):
[2025-11-01 00:10:54] [STDERR]   File "/Users/leifmarkthaler/github/gleitzeit 0.0.7/src/gleitzeit/workers/loki_exporter_worker.py", line 251, in export_logs_to_loki
[2025-11-01 00:10:54] [STDERR]     async with self.session.post(
[2025-11-01 00:10:54] [STDERR]   File "/opt/homebrew/Caskroom/miniconda/base/lib/python3.11/site-packages/aiohttp/client.py", line 1488, in __aenter__
[2025-11-01 00:10:54] [STDERR]     self._resp: _RetType = await self._coro
[2025-11-01 00:10:54] [STDERR]                            ^^^^^^^^^^^^^^^^
[2025-11-01 00:10:54] [STDERR]   File "/opt/homebrew/Caskroom/miniconda/base/lib/python3.11/site-packages/aiohttp/client.py", line 770, in _request
[2025-11-01 00:10:54] [STDERR]     resp = await handler(req)
[2025-11-01 00:10:54] [STDERR]            ^^^^^^^^^^^^^^^^^^
[2025-11-01 00:10:54] [STDERR]   File "/opt/homebrew/Caskroom/miniconda/base/lib/python3.11/site-packages/aiohttp/client.py", line 725, in _connect_and_send_request
[2025-11-01 00:10:54] [STDERR]     conn = await self._connector.connect(
[2025-11-01 00:10:54] [STDERR]            ^^^^^^^^^^^^^^^^^^^^^^^^^^^^^^
[2025-11-01 00:10:54] [STDERR]   File "/opt/homebrew/Caskroom/miniconda/base/lib/python3.11/site-packages/aiohttp/connector.py", line 642, in connect
[2025-11-01 00:10:54] [STDERR]     proto = await self._create_connection(req, traces, timeout)
[2025-11-01 00:10:54] [STDERR]             ^^^^^^^^^^^^^^^^^^^^^^^^^^^^^^^^^^^^^^^^^^^^^^^^^^^
[2025-11-01 00:10:54] [STDERR]   File "/opt/homebrew/Caskroom/miniconda/base/lib/python3.11/site-packages/aiohttp/connector.py", line 1209, in _create_connection
[2025-11-01 00:10:54] [STDERR]     _, proto = await self._create_direct_connection(req, traces, timeout)
[2025-11-01 00:10:54] [STDERR]                ^^^^^^^^^^^^^^^^^^^^^^^^^^^^^^^^^^^^^^^^^^^^^^^^^^^^^^^^^^
[2025-11-01 00:10:54] [STDERR]   File "/opt/homebrew/Caskroom/miniconda/base/lib/python3.11/site-packages/aiohttp/connector.py", line 1581, in _create_direct_connection
[2025-11-01 00:10:54] [STDERR]     raise last_exc
[2025-11-01 00:10:54] [STDERR]   File "/opt/homebrew/Caskroom/miniconda/base/lib/python3.11/site-packages/aiohttp/connector.py", line 1550, in _create_direct_connection
[2025-11-01 00:10:54] [STDERR]     transp, proto = await self._wrap_create_connection(
[2025-11-01 00:10:54] [STDERR]                     ^^^^^^^^^^^^^^^^^^^^^^^^^^^^^^^^^^^
[2025-11-01 00:10:54] [STDERR]   File "/opt/homebrew/Caskroom/miniconda/base/lib/python3.11/site-packages/aiohttp/connector.py", line 1291, in _wrap_create_connection
[2025-11-01 00:10:54] [STDERR]     raise client_error(req.connection_key, exc) from exc
[2025-11-01 00:10:54] [STDERR] aiohttp.client_exceptions.ClientConnectorError: Cannot connect to host localhost:3100 ssl:default [Multiple exceptions: [Errno 61] Connect call failed ('::1', 3100, 0, 0), [Errno 61] Connect call failed ('127.0.0.1', 3100)]
[2025-11-01 00:10:59] [STDERR] 2025-11-01 00:10:59,538 - LokiExporter.loki-exporter - ERROR - Failed to export logs to Loki: Cannot connect to host localhost:3100 ssl:default [Multiple exceptions: [Errno 61] Connect call failed ('127.0.0.1', 3100), [Errno 61] Connect call failed ('::1', 3100, 0, 0)]
[2025-11-01 00:10:59] [STDERR] Traceback (most recent call last):
[2025-11-01 00:10:59] [STDERR]   File "/opt/homebrew/Caskroom/miniconda/base/lib/python3.11/site-packages/aiohttp/connector.py", line 1268, in _wrap_create_connection
[2025-11-01 00:10:59] [STDERR]     sock = await aiohappyeyeballs.start_connection(
[2025-11-01 00:10:59] [STDERR]            ^^^^^^^^^^^^^^^^^^^^^^^^^^^^^^^^^^^^^^^^
[2025-11-01 00:10:59] [STDERR]   File "/opt/homebrew/Caskroom/miniconda/base/lib/python3.11/site-packages/aiohappyeyeballs/impl.py", line 141, in start_connection
[2025-11-01 00:10:59] [STDERR]     raise OSError(first_errno, msg)
[2025-11-01 00:10:59] [STDERR] ConnectionRefusedError: [Errno 61] Multiple exceptions: [Errno 61] Connect call failed ('127.0.0.1', 3100), [Errno 61] Connect call failed ('::1', 3100, 0, 0)
[2025-11-01 00:10:59] [STDERR] 
[2025-11-01 00:10:59] [STDERR] The above exception was the direct cause of the following exception:
[2025-11-01 00:10:59] [STDERR] 
[2025-11-01 00:10:59] [STDERR] Traceback (most recent call last):
[2025-11-01 00:10:59] [STDERR]   File "/Users/leifmarkthaler/github/gleitzeit 0.0.7/src/gleitzeit/workers/loki_exporter_worker.py", line 251, in export_logs_to_loki
[2025-11-01 00:10:59] [STDERR]     async with self.session.post(
[2025-11-01 00:10:59] [STDERR]   File "/opt/homebrew/Caskroom/miniconda/base/lib/python3.11/site-packages/aiohttp/client.py", line 1488, in __aenter__
[2025-11-01 00:10:59] [STDERR]     self._resp: _RetType = await self._coro
[2025-11-01 00:10:59] [STDERR]                            ^^^^^^^^^^^^^^^^
[2025-11-01 00:10:59] [STDERR]   File "/opt/homebrew/Caskroom/miniconda/base/lib/python3.11/site-packages/aiohttp/client.py", line 770, in _request
[2025-11-01 00:10:59] [STDERR]     resp = await handler(req)
[2025-11-01 00:10:59] [STDERR]            ^^^^^^^^^^^^^^^^^^
[2025-11-01 00:10:59] [STDERR]   File "/opt/homebrew/Caskroom/miniconda/base/lib/python3.11/site-packages/aiohttp/client.py", line 725, in _connect_and_send_request
[2025-11-01 00:10:59] [STDERR]     conn = await self._connector.connect(
[2025-11-01 00:10:59] [STDERR]            ^^^^^^^^^^^^^^^^^^^^^^^^^^^^^^
[2025-11-01 00:10:59] [STDERR]   File "/opt/homebrew/Caskroom/miniconda/base/lib/python3.11/site-packages/aiohttp/connector.py", line 642, in connect
[2025-11-01 00:10:59] [STDERR]     proto = await self._create_connection(req, traces, timeout)
[2025-11-01 00:10:59] [STDERR]             ^^^^^^^^^^^^^^^^^^^^^^^^^^^^^^^^^^^^^^^^^^^^^^^^^^^
[2025-11-01 00:10:59] [STDERR]   File "/opt/homebrew/Caskroom/miniconda/base/lib/python3.11/site-packages/aiohttp/connector.py", line 1209, in _create_connection
[2025-11-01 00:10:59] [STDERR]     _, proto = await self._create_direct_connection(req, traces, timeout)
[2025-11-01 00:10:59] [STDERR]                ^^^^^^^^^^^^^^^^^^^^^^^^^^^^^^^^^^^^^^^^^^^^^^^^^^^^^^^^^^
[2025-11-01 00:10:59] [STDERR]   File "/opt/homebrew/Caskroom/miniconda/base/lib/python3.11/site-packages/aiohttp/connector.py", line 1581, in _create_direct_connection
[2025-11-01 00:10:59] [STDERR]     raise last_exc
[2025-11-01 00:10:59] [STDERR]   File "/opt/homebrew/Caskroom/miniconda/base/lib/python3.11/site-packages/aiohttp/connector.py", line 1550, in _create_direct_connection
[2025-11-01 00:10:59] [STDERR]     transp, proto = await self._wrap_create_connection(
[2025-11-01 00:10:59] [STDERR]                     ^^^^^^^^^^^^^^^^^^^^^^^^^^^^^^^^^^^
[2025-11-01 00:10:59] [STDERR]   File "/opt/homebrew/Caskroom/miniconda/base/lib/python3.11/site-packages/aiohttp/connector.py", line 1291, in _wrap_create_connection
[2025-11-01 00:10:59] [STDERR]     raise client_error(req.connection_key, exc) from exc
[2025-11-01 00:10:59] [STDERR] aiohttp.client_exceptions.ClientConnectorError: Cannot connect to host localhost:3100 ssl:default [Multiple exceptions: [Errno 61] Connect call failed ('127.0.0.1', 3100), [Errno 61] Connect call failed ('::1', 3100, 0, 0)]
[2025-11-01 00:11:04] [STDERR] 2025-11-01 00:11:04,582 - LokiExporter.loki-exporter - ERROR - Failed to export logs to Loki: Cannot connect to host localhost:3100 ssl:default [Multiple exceptions: [Errno 61] Connect call failed ('::1', 3100, 0, 0), [Errno 61] Connect call failed ('127.0.0.1', 3100)]
[2025-11-01 00:11:04] [STDERR] Traceback (most recent call last):
[2025-11-01 00:11:04] [STDERR]   File "/opt/homebrew/Caskroom/miniconda/base/lib/python3.11/site-packages/aiohttp/connector.py", line 1268, in _wrap_create_connection
[2025-11-01 00:11:04] [STDERR]     sock = await aiohappyeyeballs.start_connection(
[2025-11-01 00:11:04] [STDERR]            ^^^^^^^^^^^^^^^^^^^^^^^^^^^^^^^^^^^^^^^^
[2025-11-01 00:11:04] [STDERR]   File "/opt/homebrew/Caskroom/miniconda/base/lib/python3.11/site-packages/aiohappyeyeballs/impl.py", line 141, in start_connection
[2025-11-01 00:11:04] [STDERR]     raise OSError(first_errno, msg)
[2025-11-01 00:11:04] [STDERR] ConnectionRefusedError: [Errno 61] Multiple exceptions: [Errno 61] Connect call failed ('::1', 3100, 0, 0), [Errno 61] Connect call failed ('127.0.0.1', 3100)
[2025-11-01 00:11:04] [STDERR] 
[2025-11-01 00:11:04] [STDERR] The above exception was the direct cause of the following exception:
[2025-11-01 00:11:04] [STDERR] 
[2025-11-01 00:11:04] [STDERR] Traceback (most recent call last):
[2025-11-01 00:11:04] [STDERR]   File "/Users/leifmarkthaler/github/gleitzeit 0.0.7/src/gleitzeit/workers/loki_exporter_worker.py", line 251, in export_logs_to_loki
[2025-11-01 00:11:04] [STDERR]     async with self.session.post(
[2025-11-01 00:11:04] [STDERR]   File "/opt/homebrew/Caskroom/miniconda/base/lib/python3.11/site-packages/aiohttp/client.py", line 1488, in __aenter__
[2025-11-01 00:11:04] [STDERR]     self._resp: _RetType = await self._coro
[2025-11-01 00:11:04] [STDERR]                            ^^^^^^^^^^^^^^^^
[2025-11-01 00:11:04] [STDERR]   File "/opt/homebrew/Caskroom/miniconda/base/lib/python3.11/site-packages/aiohttp/client.py", line 770, in _request
[2025-11-01 00:11:04] [STDERR]     resp = await handler(req)
[2025-11-01 00:11:04] [STDERR]            ^^^^^^^^^^^^^^^^^^
[2025-11-01 00:11:04] [STDERR]   File "/opt/homebrew/Caskroom/miniconda/base/lib/python3.11/site-packages/aiohttp/client.py", line 725, in _connect_and_send_request
[2025-11-01 00:11:04] [STDERR]     conn = await self._connector.connect(
[2025-11-01 00:11:04] [STDERR]            ^^^^^^^^^^^^^^^^^^^^^^^^^^^^^^
[2025-11-01 00:11:04] [STDERR]   File "/opt/homebrew/Caskroom/miniconda/base/lib/python3.11/site-packages/aiohttp/connector.py", line 642, in connect
[2025-11-01 00:11:04] [STDERR]     proto = await self._create_connection(req, traces, timeout)
[2025-11-01 00:11:04] [STDERR]             ^^^^^^^^^^^^^^^^^^^^^^^^^^^^^^^^^^^^^^^^^^^^^^^^^^^
[2025-11-01 00:11:04] [STDERR]   File "/opt/homebrew/Caskroom/miniconda/base/lib/python3.11/site-packages/aiohttp/connector.py", line 1209, in _create_connection
[2025-11-01 00:11:04] [STDERR]     _, proto = await self._create_direct_connection(req, traces, timeout)
[2025-11-01 00:11:04] [STDERR]                ^^^^^^^^^^^^^^^^^^^^^^^^^^^^^^^^^^^^^^^^^^^^^^^^^^^^^^^^^^
[2025-11-01 00:11:04] [STDERR]   File "/opt/homebrew/Caskroom/miniconda/base/lib/python3.11/site-packages/aiohttp/connector.py", line 1581, in _create_direct_connection
[2025-11-01 00:11:04] [STDERR]     raise last_exc
[2025-11-01 00:11:04] [STDERR]   File "/opt/homebrew/Caskroom/miniconda/base/lib/python3.11/site-packages/aiohttp/connector.py", line 1550, in _create_direct_connection
[2025-11-01 00:11:04] [STDERR]     transp, proto = await self._wrap_create_connection(
[2025-11-01 00:11:04] [STDERR]                     ^^^^^^^^^^^^^^^^^^^^^^^^^^^^^^^^^^^
[2025-11-01 00:11:04] [STDERR]   File "/opt/homebrew/Caskroom/miniconda/base/lib/python3.11/site-packages/aiohttp/connector.py", line 1291, in _wrap_create_connection
[2025-11-01 00:11:04] [STDERR]     raise client_error(req.connection_key, exc) from exc
[2025-11-01 00:11:04] [STDERR] aiohttp.client_exceptions.ClientConnectorError: Cannot connect to host localhost:3100 ssl:default [Multiple exceptions: [Errno 61] Connect call failed ('::1', 3100, 0, 0), [Errno 61] Connect call failed ('127.0.0.1', 3100)]
[2025-11-01 00:11:09] [STDERR] 2025-11-01 00:11:09,615 - LokiExporter.loki-exporter - ERROR - Failed to export logs to Loki: Cannot connect to host localhost:3100 ssl:default [Multiple exceptions: [Errno 61] Connect call failed ('127.0.0.1', 3100), [Errno 61] Connect call failed ('::1', 3100, 0, 0)]
[2025-11-01 00:11:09] [STDERR] Traceback (most recent call last):
[2025-11-01 00:11:09] [STDERR]   File "/opt/homebrew/Caskroom/miniconda/base/lib/python3.11/site-packages/aiohttp/connector.py", line 1268, in _wrap_create_connection
[2025-11-01 00:11:09] [STDERR]     sock = await aiohappyeyeballs.start_connection(
[2025-11-01 00:11:09] [STDERR]            ^^^^^^^^^^^^^^^^^^^^^^^^^^^^^^^^^^^^^^^^
[2025-11-01 00:11:09] [STDERR]   File "/opt/homebrew/Caskroom/miniconda/base/lib/python3.11/site-packages/aiohappyeyeballs/impl.py", line 141, in start_connection
[2025-11-01 00:11:09] [STDERR]     raise OSError(first_errno, msg)
[2025-11-01 00:11:09] [STDERR] ConnectionRefusedError: [Errno 61] Multiple exceptions: [Errno 61] Connect call failed ('127.0.0.1', 3100), [Errno 61] Connect call failed ('::1', 3100, 0, 0)
[2025-11-01 00:11:09] [STDERR] 
[2025-11-01 00:11:09] [STDERR] The above exception was the direct cause of the following exception:
[2025-11-01 00:11:09] [STDERR] 
[2025-11-01 00:11:09] [STDERR] Traceback (most recent call last):
[2025-11-01 00:11:09] [STDERR]   File "/Users/leifmarkthaler/github/gleitzeit 0.0.7/src/gleitzeit/workers/loki_exporter_worker.py", line 251, in export_logs_to_loki
[2025-11-01 00:11:09] [STDERR]     async with self.session.post(
[2025-11-01 00:11:09] [STDERR]   File "/opt/homebrew/Caskroom/miniconda/base/lib/python3.11/site-packages/aiohttp/client.py", line 1488, in __aenter__
[2025-11-01 00:11:09] [STDERR]     self._resp: _RetType = await self._coro
[2025-11-01 00:11:09] [STDERR]                            ^^^^^^^^^^^^^^^^
[2025-11-01 00:11:09] [STDERR]   File "/opt/homebrew/Caskroom/miniconda/base/lib/python3.11/site-packages/aiohttp/client.py", line 770, in _request
[2025-11-01 00:11:09] [STDERR]     resp = await handler(req)
[2025-11-01 00:11:09] [STDERR]            ^^^^^^^^^^^^^^^^^^
[2025-11-01 00:11:09] [STDERR]   File "/opt/homebrew/Caskroom/miniconda/base/lib/python3.11/site-packages/aiohttp/client.py", line 725, in _connect_and_send_request
[2025-11-01 00:11:09] [STDERR]     conn = await self._connector.connect(
[2025-11-01 00:11:09] [STDERR]            ^^^^^^^^^^^^^^^^^^^^^^^^^^^^^^
[2025-11-01 00:11:09] [STDERR]   File "/opt/homebrew/Caskroom/miniconda/base/lib/python3.11/site-packages/aiohttp/connector.py", line 642, in connect
[2025-11-01 00:11:09] [STDERR]     proto = await self._create_connection(req, traces, timeout)
[2025-11-01 00:11:09] [STDERR]             ^^^^^^^^^^^^^^^^^^^^^^^^^^^^^^^^^^^^^^^^^^^^^^^^^^^
[2025-11-01 00:11:09] [STDERR]   File "/opt/homebrew/Caskroom/miniconda/base/lib/python3.11/site-packages/aiohttp/connector.py", line 1209, in _create_connection
[2025-11-01 00:11:09] [STDERR]     _, proto = await self._create_direct_connection(req, traces, timeout)
[2025-11-01 00:11:09] [STDERR]                ^^^^^^^^^^^^^^^^^^^^^^^^^^^^^^^^^^^^^^^^^^^^^^^^^^^^^^^^^^
[2025-11-01 00:11:09] [STDERR]   File "/opt/homebrew/Caskroom/miniconda/base/lib/python3.11/site-packages/aiohttp/connector.py", line 1581, in _create_direct_connection
[2025-11-01 00:11:09] [STDERR]     raise last_exc
[2025-11-01 00:11:09] [STDERR]   File "/opt/homebrew/Caskroom/miniconda/base/lib/python3.11/site-packages/aiohttp/connector.py", line 1550, in _create_direct_connection
[2025-11-01 00:11:09] [STDERR]     transp, proto = await self._wrap_create_connection(
[2025-11-01 00:11:09] [STDERR]                     ^^^^^^^^^^^^^^^^^^^^^^^^^^^^^^^^^^^
[2025-11-01 00:11:09] [STDERR]   File "/opt/homebrew/Caskroom/miniconda/base/lib/python3.11/site-packages/aiohttp/connector.py", line 1291, in _wrap_create_connection
[2025-11-01 00:11:09] [STDERR]     raise client_error(req.connection_key, exc) from exc
[2025-11-01 00:11:09] [STDERR] aiohttp.client_exceptions.ClientConnectorError: Cannot connect to host localhost:3100 ssl:default [Multiple exceptions: [Errno 61] Connect call failed ('127.0.0.1', 3100), [Errno 61] Connect call failed ('::1', 3100, 0, 0)]
[2025-11-01 00:27:51] [STDERR] 2025-11-01 00:27:51,554 - LokiExporter.loki-exporter - ERROR - Failed to export logs to Loki: Cannot connect to host localhost:3100 ssl:default [Multiple exceptions: [Errno 61] Connect call failed ('::1', 3100, 0, 0), [Errno 61] Connect call failed ('127.0.0.1', 3100)]
[2025-11-01 00:27:51] [STDERR] Traceback (most recent call last):
[2025-11-01 00:27:51] [STDERR]   File "/opt/homebrew/Caskroom/miniconda/base/lib/python3.11/site-packages/aiohttp/connector.py", line 1268, in _wrap_create_connection
[2025-11-01 00:27:51] [STDERR]     sock = await aiohappyeyeballs.start_connection(
[2025-11-01 00:27:51] [STDERR]            ^^^^^^^^^^^^^^^^^^^^^^^^^^^^^^^^^^^^^^^^
[2025-11-01 00:27:51] [STDERR]   File "/opt/homebrew/Caskroom/miniconda/base/lib/python3.11/site-packages/aiohappyeyeballs/impl.py", line 141, in start_connection
[2025-11-01 00:27:51] [STDERR]     raise OSError(first_errno, msg)
[2025-11-01 00:27:51] [STDERR] ConnectionRefusedError: [Errno 61] Multiple exceptions: [Errno 61] Connect call failed ('::1', 3100, 0, 0), [Errno 61] Connect call failed ('127.0.0.1', 3100)
[2025-11-01 00:27:51] [STDERR] 
[2025-11-01 00:27:51] [STDERR] The above exception was the direct cause of the following exception:
[2025-11-01 00:27:51] [STDERR] 
[2025-11-01 00:27:51] [STDERR] Traceback (most recent call last):
[2025-11-01 00:27:51] [STDERR]   File "/Users/leifmarkthaler/github/gleitzeit 0.0.7/src/gleitzeit/workers/loki_exporter_worker.py", line 251, in export_logs_to_loki
[2025-11-01 00:27:51] [STDERR]     async with self.session.post(
[2025-11-01 00:27:51] [STDERR]   File "/opt/homebrew/Caskroom/miniconda/base/lib/python3.11/site-packages/aiohttp/client.py", line 1488, in __aenter__
[2025-11-01 00:27:51] [STDERR]     self._resp: _RetType = await self._coro
[2025-11-01 00:27:51] [STDERR]                            ^^^^^^^^^^^^^^^^
[2025-11-01 00:27:51] [STDERR]   File "/opt/homebrew/Caskroom/miniconda/base/lib/python3.11/site-packages/aiohttp/client.py", line 770, in _request
[2025-11-01 00:27:51] [STDERR]     resp = await handler(req)
[2025-11-01 00:27:51] [STDERR]            ^^^^^^^^^^^^^^^^^^
[2025-11-01 00:27:51] [STDERR]   File "/opt/homebrew/Caskroom/miniconda/base/lib/python3.11/site-packages/aiohttp/client.py", line 725, in _connect_and_send_request
[2025-11-01 00:27:51] [STDERR]     conn = await self._connector.connect(
[2025-11-01 00:27:51] [STDERR]            ^^^^^^^^^^^^^^^^^^^^^^^^^^^^^^
[2025-11-01 00:27:51] [STDERR]   File "/opt/homebrew/Caskroom/miniconda/base/lib/python3.11/site-packages/aiohttp/connector.py", line 642, in connect
[2025-11-01 00:27:51] [STDERR]     proto = await self._create_connection(req, traces, timeout)
[2025-11-01 00:27:51] [STDERR]             ^^^^^^^^^^^^^^^^^^^^^^^^^^^^^^^^^^^^^^^^^^^^^^^^^^^
[2025-11-01 00:27:51] [STDERR]   File "/opt/homebrew/Caskroom/miniconda/base/lib/python3.11/site-packages/aiohttp/connector.py", line 1209, in _create_connection
[2025-11-01 00:27:51] [STDERR]     _, proto = await self._create_direct_connection(req, traces, timeout)
[2025-11-01 00:27:51] [STDERR]                ^^^^^^^^^^^^^^^^^^^^^^^^^^^^^^^^^^^^^^^^^^^^^^^^^^^^^^^^^^
[2025-11-01 00:27:51] [STDERR]   File "/opt/homebrew/Caskroom/miniconda/base/lib/python3.11/site-packages/aiohttp/connector.py", line 1581, in _create_direct_connection
[2025-11-01 00:27:51] [STDERR]     raise last_exc
[2025-11-01 00:27:51] [STDERR]   File "/opt/homebrew/Caskroom/miniconda/base/lib/python3.11/site-packages/aiohttp/connector.py", line 1550, in _create_direct_connection
[2025-11-01 00:27:51] [STDERR]     transp, proto = await self._wrap_create_connection(
[2025-11-01 00:27:51] [STDERR]                     ^^^^^^^^^^^^^^^^^^^^^^^^^^^^^^^^^^^
[2025-11-01 00:27:51] [STDERR]   File "/opt/homebrew/Caskroom/miniconda/base/lib/python3.11/site-packages/aiohttp/connector.py", line 1291, in _wrap_create_connection
[2025-11-01 00:27:51] [STDERR]     raise client_error(req.connection_key, exc) from exc
[2025-11-01 00:27:51] [STDERR] aiohttp.client_exceptions.ClientConnectorError: Cannot connect to host localhost:3100 ssl:default [Multiple exceptions: [Errno 61] Connect call failed ('::1', 3100, 0, 0), [Errno 61] Connect call failed ('127.0.0.1', 3100)]
[2025-11-01 00:40:08] [STDERR] 2025-11-01 00:40:08,343 - LokiExporter.loki-exporter - ERROR - Failed to export logs to Loki: Cannot connect to host localhost:3100 ssl:default [Multiple exceptions: [Errno 61] Connect call failed ('127.0.0.1', 3100), [Errno 61] Connect call failed ('::1', 3100, 0, 0)]
[2025-11-01 00:40:08] [STDERR] Traceback (most recent call last):
[2025-11-01 00:40:08] [STDERR]   File "/opt/homebrew/Caskroom/miniconda/base/lib/python3.11/site-packages/aiohttp/connector.py", line 1268, in _wrap_create_connection
[2025-11-01 00:40:08] [STDERR]     sock = await aiohappyeyeballs.start_connection(
[2025-11-01 00:40:08] [STDERR]            ^^^^^^^^^^^^^^^^^^^^^^^^^^^^^^^^^^^^^^^^
[2025-11-01 00:40:08] [STDERR]   File "/opt/homebrew/Caskroom/miniconda/base/lib/python3.11/site-packages/aiohappyeyeballs/impl.py", line 141, in start_connection
[2025-11-01 00:40:08] [STDERR]     raise OSError(first_errno, msg)
[2025-11-01 00:40:08] [STDERR] ConnectionRefusedError: [Errno 61] Multiple exceptions: [Errno 61] Connect call failed ('127.0.0.1', 3100), [Errno 61] Connect call failed ('::1', 3100, 0, 0)
[2025-11-01 00:40:08] [STDERR] 
[2025-11-01 00:40:08] [STDERR] The above exception was the direct cause of the following exception:
[2025-11-01 00:40:08] [STDERR] 
[2025-11-01 00:40:08] [STDERR] Traceback (most recent call last):
[2025-11-01 00:40:08] [STDERR]   File "/Users/leifmarkthaler/github/gleitzeit 0.0.7/src/gleitzeit/workers/loki_exporter_worker.py", line 251, in export_logs_to_loki
[2025-11-01 00:40:08] [STDERR]     async with self.session.post(
[2025-11-01 00:40:08] [STDERR]   File "/opt/homebrew/Caskroom/miniconda/base/lib/python3.11/site-packages/aiohttp/client.py", line 1488, in __aenter__
[2025-11-01 00:40:08] [STDERR]     self._resp: _RetType = await self._coro
[2025-11-01 00:40:08] [STDERR]                            ^^^^^^^^^^^^^^^^
[2025-11-01 00:40:08] [STDERR]   File "/opt/homebrew/Caskroom/miniconda/base/lib/python3.11/site-packages/aiohttp/client.py", line 770, in _request
[2025-11-01 00:40:08] [STDERR]     resp = await handler(req)
[2025-11-01 00:40:08] [STDERR]            ^^^^^^^^^^^^^^^^^^
[2025-11-01 00:40:08] [STDERR]   File "/opt/homebrew/Caskroom/miniconda/base/lib/python3.11/site-packages/aiohttp/client.py", line 725, in _connect_and_send_request
[2025-11-01 00:40:08] [STDERR]     conn = await self._connector.connect(
[2025-11-01 00:40:08] [STDERR]            ^^^^^^^^^^^^^^^^^^^^^^^^^^^^^^
[2025-11-01 00:40:08] [STDERR]   File "/opt/homebrew/Caskroom/miniconda/base/lib/python3.11/site-packages/aiohttp/connector.py", line 642, in connect
[2025-11-01 00:40:08] [STDERR]     proto = await self._create_connection(req, traces, timeout)
[2025-11-01 00:40:08] [STDERR]             ^^^^^^^^^^^^^^^^^^^^^^^^^^^^^^^^^^^^^^^^^^^^^^^^^^^
[2025-11-01 00:40:08] [STDERR]   File "/opt/homebrew/Caskroom/miniconda/base/lib/python3.11/site-packages/aiohttp/connector.py", line 1209, in _create_connection
[2025-11-01 00:40:08] [STDERR]     _, proto = await self._create_direct_connection(req, traces, timeout)
[2025-11-01 00:40:08] [STDERR]                ^^^^^^^^^^^^^^^^^^^^^^^^^^^^^^^^^^^^^^^^^^^^^^^^^^^^^^^^^^
[2025-11-01 00:40:08] [STDERR]   File "/opt/homebrew/Caskroom/miniconda/base/lib/python3.11/site-packages/aiohttp/connector.py", line 1581, in _create_direct_connection
[2025-11-01 00:40:08] [STDERR]     raise last_exc
[2025-11-01 00:40:08] [STDERR]   File "/opt/homebrew/Caskroom/miniconda/base/lib/python3.11/site-packages/aiohttp/connector.py", line 1550, in _create_direct_connection
[2025-11-01 00:40:08] [STDERR]     transp, proto = await self._wrap_create_connection(
[2025-11-01 00:40:08] [STDERR]                     ^^^^^^^^^^^^^^^^^^^^^^^^^^^^^^^^^^^
[2025-11-01 00:40:08] [STDERR]   File "/opt/homebrew/Caskroom/miniconda/base/lib/python3.11/site-packages/aiohttp/connector.py", line 1291, in _wrap_create_connection
[2025-11-01 00:40:08] [STDERR]     raise client_error(req.connection_key, exc) from exc
[2025-11-01 00:40:08] [STDERR] aiohttp.client_exceptions.ClientConnectorError: Cannot connect to host localhost:3100 ssl:default [Multiple exceptions: [Errno 61] Connect call failed ('127.0.0.1', 3100), [Errno 61] Connect call failed ('::1', 3100, 0, 0)]
[2025-11-01 00:40:13] [STDERR] 2025-11-01 00:40:13,386 - LokiExporter.loki-exporter - ERROR - Failed to export logs to Loki: Cannot connect to host localhost:3100 ssl:default [Multiple exceptions: [Errno 61] Connect call failed ('::1', 3100, 0, 0), [Errno 61] Connect call failed ('127.0.0.1', 3100)]
[2025-11-01 00:40:13] [STDERR] Traceback (most recent call last):
[2025-11-01 00:40:13] [STDERR]   File "/opt/homebrew/Caskroom/miniconda/base/lib/python3.11/site-packages/aiohttp/connector.py", line 1268, in _wrap_create_connection
[2025-11-01 00:40:13] [STDERR]     sock = await aiohappyeyeballs.start_connection(
[2025-11-01 00:40:13] [STDERR]            ^^^^^^^^^^^^^^^^^^^^^^^^^^^^^^^^^^^^^^^^
[2025-11-01 00:40:13] [STDERR]   File "/opt/homebrew/Caskroom/miniconda/base/lib/python3.11/site-packages/aiohappyeyeballs/impl.py", line 141, in start_connection
[2025-11-01 00:40:13] [STDERR]     raise OSError(first_errno, msg)
[2025-11-01 00:40:13] [STDERR] ConnectionRefusedError: [Errno 61] Multiple exceptions: [Errno 61] Connect call failed ('::1', 3100, 0, 0), [Errno 61] Connect call failed ('127.0.0.1', 3100)
[2025-11-01 00:40:13] [STDERR] 
[2025-11-01 00:40:13] [STDERR] The above exception was the direct cause of the following exception:
[2025-11-01 00:40:13] [STDERR] 
[2025-11-01 00:40:13] [STDERR] Traceback (most recent call last):
[2025-11-01 00:40:13] [STDERR]   File "/Users/leifmarkthaler/github/gleitzeit 0.0.7/src/gleitzeit/workers/loki_exporter_worker.py", line 251, in export_logs_to_loki
[2025-11-01 00:40:13] [STDERR]     async with self.session.post(
[2025-11-01 00:40:13] [STDERR]   File "/opt/homebrew/Caskroom/miniconda/base/lib/python3.11/site-packages/aiohttp/client.py", line 1488, in __aenter__
[2025-11-01 00:40:13] [STDERR]     self._resp: _RetType = await self._coro
[2025-11-01 00:40:13] [STDERR]                            ^^^^^^^^^^^^^^^^
[2025-11-01 00:40:13] [STDERR]   File "/opt/homebrew/Caskroom/miniconda/base/lib/python3.11/site-packages/aiohttp/client.py", line 770, in _request
[2025-11-01 00:40:13] [STDERR]     resp = await handler(req)
[2025-11-01 00:40:13] [STDERR]            ^^^^^^^^^^^^^^^^^^
[2025-11-01 00:40:13] [STDERR]   File "/opt/homebrew/Caskroom/miniconda/base/lib/python3.11/site-packages/aiohttp/client.py", line 725, in _connect_and_send_request
[2025-11-01 00:40:13] [STDERR]     conn = await self._connector.connect(
[2025-11-01 00:40:13] [STDERR]            ^^^^^^^^^^^^^^^^^^^^^^^^^^^^^^
[2025-11-01 00:40:13] [STDERR]   File "/opt/homebrew/Caskroom/miniconda/base/lib/python3.11/site-packages/aiohttp/connector.py", line 642, in connect
[2025-11-01 00:40:13] [STDERR]     proto = await self._create_connection(req, traces, timeout)
[2025-11-01 00:40:13] [STDERR]             ^^^^^^^^^^^^^^^^^^^^^^^^^^^^^^^^^^^^^^^^^^^^^^^^^^^
[2025-11-01 00:40:13] [STDERR]   File "/opt/homebrew/Caskroom/miniconda/base/lib/python3.11/site-packages/aiohttp/connector.py", line 1209, in _create_connection
[2025-11-01 00:40:13] [STDERR]     _, proto = await self._create_direct_connection(req, traces, timeout)
[2025-11-01 00:40:13] [STDERR]                ^^^^^^^^^^^^^^^^^^^^^^^^^^^^^^^^^^^^^^^^^^^^^^^^^^^^^^^^^^
[2025-11-01 00:40:13] [STDERR]   File "/opt/homebrew/Caskroom/miniconda/base/lib/python3.11/site-packages/aiohttp/connector.py", line 1581, in _create_direct_connection
[2025-11-01 00:40:13] [STDERR]     raise last_exc
[2025-11-01 00:40:13] [STDERR]   File "/opt/homebrew/Caskroom/miniconda/base/lib/python3.11/site-packages/aiohttp/connector.py", line 1550, in _create_direct_connection
[2025-11-01 00:40:13] [STDERR]     transp, proto = await self._wrap_create_connection(
[2025-11-01 00:40:13] [STDERR]                     ^^^^^^^^^^^^^^^^^^^^^^^^^^^^^^^^^^^
[2025-11-01 00:40:13] [STDERR]   File "/opt/homebrew/Caskroom/miniconda/base/lib/python3.11/site-packages/aiohttp/connector.py", line 1291, in _wrap_create_connection
[2025-11-01 00:40:13] [STDERR]     raise client_error(req.connection_key, exc) from exc
[2025-11-01 00:40:13] [STDERR] aiohttp.client_exceptions.ClientConnectorError: Cannot connect to host localhost:3100 ssl:default [Multiple exceptions: [Errno 61] Connect call failed ('::1', 3100, 0, 0), [Errno 61] Connect call failed ('127.0.0.1', 3100)]
[2025-11-01 00:40:18] [STDERR] 2025-11-01 00:40:18,425 - LokiExporter.loki-exporter - ERROR - Failed to export logs to Loki: Cannot connect to host localhost:3100 ssl:default [Multiple exceptions: [Errno 61] Connect call failed ('127.0.0.1', 3100), [Errno 61] Connect call failed ('::1', 3100, 0, 0)]
[2025-11-01 00:40:18] [STDERR] Traceback (most recent call last):
[2025-11-01 00:40:18] [STDERR]   File "/opt/homebrew/Caskroom/miniconda/base/lib/python3.11/site-packages/aiohttp/connector.py", line 1268, in _wrap_create_connection
[2025-11-01 00:40:18] [STDERR]     sock = await aiohappyeyeballs.start_connection(
[2025-11-01 00:40:18] [STDERR]            ^^^^^^^^^^^^^^^^^^^^^^^^^^^^^^^^^^^^^^^^
[2025-11-01 00:40:18] [STDERR]   File "/opt/homebrew/Caskroom/miniconda/base/lib/python3.11/site-packages/aiohappyeyeballs/impl.py", line 141, in start_connection
[2025-11-01 00:40:18] [STDERR]     raise OSError(first_errno, msg)
[2025-11-01 00:40:18] [STDERR] ConnectionRefusedError: [Errno 61] Multiple exceptions: [Errno 61] Connect call failed ('127.0.0.1', 3100), [Errno 61] Connect call failed ('::1', 3100, 0, 0)
[2025-11-01 00:40:18] [STDERR] 
[2025-11-01 00:40:18] [STDERR] The above exception was the direct cause of the following exception:
[2025-11-01 00:40:18] [STDERR] 
[2025-11-01 00:40:18] [STDERR] Traceback (most recent call last):
[2025-11-01 00:40:18] [STDERR]   File "/Users/leifmarkthaler/github/gleitzeit 0.0.7/src/gleitzeit/workers/loki_exporter_worker.py", line 251, in export_logs_to_loki
[2025-11-01 00:40:18] [STDERR]     async with self.session.post(
[2025-11-01 00:40:18] [STDERR]   File "/opt/homebrew/Caskroom/miniconda/base/lib/python3.11/site-packages/aiohttp/client.py", line 1488, in __aenter__
[2025-11-01 00:40:18] [STDERR]     self._resp: _RetType = await self._coro
[2025-11-01 00:40:18] [STDERR]                            ^^^^^^^^^^^^^^^^
[2025-11-01 00:40:18] [STDERR]   File "/opt/homebrew/Caskroom/miniconda/base/lib/python3.11/site-packages/aiohttp/client.py", line 770, in _request
[2025-11-01 00:40:18] [STDERR]     resp = await handler(req)
[2025-11-01 00:40:18] [STDERR]            ^^^^^^^^^^^^^^^^^^
[2025-11-01 00:40:18] [STDERR]   File "/opt/homebrew/Caskroom/miniconda/base/lib/python3.11/site-packages/aiohttp/client.py", line 725, in _connect_and_send_request
[2025-11-01 00:40:18] [STDERR]     conn = await self._connector.connect(
[2025-11-01 00:40:18] [STDERR]            ^^^^^^^^^^^^^^^^^^^^^^^^^^^^^^
[2025-11-01 00:40:18] [STDERR]   File "/opt/homebrew/Caskroom/miniconda/base/lib/python3.11/site-packages/aiohttp/connector.py", line 642, in connect
[2025-11-01 00:40:18] [STDERR]     proto = await self._create_connection(req, traces, timeout)
[2025-11-01 00:40:18] [STDERR]             ^^^^^^^^^^^^^^^^^^^^^^^^^^^^^^^^^^^^^^^^^^^^^^^^^^^
[2025-11-01 00:40:18] [STDERR]   File "/opt/homebrew/Caskroom/miniconda/base/lib/python3.11/site-packages/aiohttp/connector.py", line 1209, in _create_connection
[2025-11-01 00:40:18] [STDERR]     _, proto = await self._create_direct_connection(req, traces, timeout)
[2025-11-01 00:40:18] [STDERR]                ^^^^^^^^^^^^^^^^^^^^^^^^^^^^^^^^^^^^^^^^^^^^^^^^^^^^^^^^^^
[2025-11-01 00:40:18] [STDERR]   File "/opt/homebrew/Caskroom/miniconda/base/lib/python3.11/site-packages/aiohttp/connector.py", line 1581, in _create_direct_connection
[2025-11-01 00:40:18] [STDERR]     raise last_exc
[2025-11-01 00:40:18] [STDERR]   File "/opt/homebrew/Caskroom/miniconda/base/lib/python3.11/site-packages/aiohttp/connector.py", line 1550, in _create_direct_connection
[2025-11-01 00:40:18] [STDERR]     transp, proto = await self._wrap_create_connection(
[2025-11-01 00:40:18] [STDERR]                     ^^^^^^^^^^^^^^^^^^^^^^^^^^^^^^^^^^^
[2025-11-01 00:40:18] [STDERR]   File "/opt/homebrew/Caskroom/miniconda/base/lib/python3.11/site-packages/aiohttp/connector.py", line 1291, in _wrap_create_connection
[2025-11-01 00:40:18] [STDERR]     raise client_error(req.connection_key, exc) from exc
[2025-11-01 00:40:18] [STDERR] aiohttp.client_exceptions.ClientConnectorError: Cannot connect to host localhost:3100 ssl:default [Multiple exceptions: [Errno 61] Connect call failed ('127.0.0.1', 3100), [Errno 61] Connect call failed ('::1', 3100, 0, 0)]
[2025-11-01 00:40:23] [STDERR] 2025-11-01 00:40:23,469 - LokiExporter.loki-exporter - ERROR - Failed to export logs to Loki: Cannot connect to host localhost:3100 ssl:default [Multiple exceptions: [Errno 61] Connect call failed ('::1', 3100, 0, 0), [Errno 61] Connect call failed ('127.0.0.1', 3100)]
[2025-11-01 00:40:23] [STDERR] Traceback (most recent call last):
[2025-11-01 00:40:23] [STDERR]   File "/opt/homebrew/Caskroom/miniconda/base/lib/python3.11/site-packages/aiohttp/connector.py", line 1268, in _wrap_create_connection
[2025-11-01 00:40:23] [STDERR]     sock = await aiohappyeyeballs.start_connection(
[2025-11-01 00:40:23] [STDERR]            ^^^^^^^^^^^^^^^^^^^^^^^^^^^^^^^^^^^^^^^^
[2025-11-01 00:40:23] [STDERR]   File "/opt/homebrew/Caskroom/miniconda/base/lib/python3.11/site-packages/aiohappyeyeballs/impl.py", line 141, in start_connection
[2025-11-01 00:40:23] [STDERR]     raise OSError(first_errno, msg)
[2025-11-01 00:40:23] [STDERR] ConnectionRefusedError: [Errno 61] Multiple exceptions: [Errno 61] Connect call failed ('::1', 3100, 0, 0), [Errno 61] Connect call failed ('127.0.0.1', 3100)
[2025-11-01 00:40:23] [STDERR] 
[2025-11-01 00:40:23] [STDERR] The above exception was the direct cause of the following exception:
[2025-11-01 00:40:23] [STDERR] 
[2025-11-01 00:40:23] [STDERR] Traceback (most recent call last):
[2025-11-01 00:40:23] [STDERR]   File "/Users/leifmarkthaler/github/gleitzeit 0.0.7/src/gleitzeit/workers/loki_exporter_worker.py", line 251, in export_logs_to_loki
[2025-11-01 00:40:23] [STDERR]     async with self.session.post(
[2025-11-01 00:40:23] [STDERR]   File "/opt/homebrew/Caskroom/miniconda/base/lib/python3.11/site-packages/aiohttp/client.py", line 1488, in __aenter__
[2025-11-01 00:40:23] [STDERR]     self._resp: _RetType = await self._coro
[2025-11-01 00:40:23] [STDERR]                            ^^^^^^^^^^^^^^^^
[2025-11-01 00:40:23] [STDERR]   File "/opt/homebrew/Caskroom/miniconda/base/lib/python3.11/site-packages/aiohttp/client.py", line 770, in _request
[2025-11-01 00:40:23] [STDERR]     resp = await handler(req)
[2025-11-01 00:40:23] [STDERR]            ^^^^^^^^^^^^^^^^^^
[2025-11-01 00:40:23] [STDERR]   File "/opt/homebrew/Caskroom/miniconda/base/lib/python3.11/site-packages/aiohttp/client.py", line 725, in _connect_and_send_request
[2025-11-01 00:40:23] [STDERR]     conn = await self._connector.connect(
[2025-11-01 00:40:23] [STDERR]            ^^^^^^^^^^^^^^^^^^^^^^^^^^^^^^
[2025-11-01 00:40:23] [STDERR]   File "/opt/homebrew/Caskroom/miniconda/base/lib/python3.11/site-packages/aiohttp/connector.py", line 642, in connect
[2025-11-01 00:40:23] [STDERR]     proto = await self._create_connection(req, traces, timeout)
[2025-11-01 00:40:23] [STDERR]             ^^^^^^^^^^^^^^^^^^^^^^^^^^^^^^^^^^^^^^^^^^^^^^^^^^^
[2025-11-01 00:40:23] [STDERR]   File "/opt/homebrew/Caskroom/miniconda/base/lib/python3.11/site-packages/aiohttp/connector.py", line 1209, in _create_connection
[2025-11-01 00:40:23] [STDERR]     _, proto = await self._create_direct_connection(req, traces, timeout)
[2025-11-01 00:40:23] [STDERR]                ^^^^^^^^^^^^^^^^^^^^^^^^^^^^^^^^^^^^^^^^^^^^^^^^^^^^^^^^^^
[2025-11-01 00:40:23] [STDERR]   File "/opt/homebrew/Caskroom/miniconda/base/lib/python3.11/site-packages/aiohttp/connector.py", line 1581, in _create_direct_connection
[2025-11-01 00:40:23] [STDERR]     raise last_exc
[2025-11-01 00:40:23] [STDERR]   File "/opt/homebrew/Caskroom/miniconda/base/lib/python3.11/site-packages/aiohttp/connector.py", line 1550, in _create_direct_connection
[2025-11-01 00:40:23] [STDERR]     transp, proto = await self._wrap_create_connection(
[2025-11-01 00:40:23] [STDERR]                     ^^^^^^^^^^^^^^^^^^^^^^^^^^^^^^^^^^^
[2025-11-01 00:40:23] [STDERR]   File "/opt/homebrew/Caskroom/miniconda/base/lib/python3.11/site-packages/aiohttp/connector.py", line 1291, in _wrap_create_connection
[2025-11-01 00:40:23] [STDERR]     raise client_error(req.connection_key, exc) from exc
[2025-11-01 00:40:23] [STDERR] aiohttp.client_exceptions.ClientConnectorError: Cannot connect to host localhost:3100 ssl:default [Multiple exceptions: [Errno 61] Connect call failed ('::1', 3100, 0, 0), [Errno 61] Connect call failed ('127.0.0.1', 3100)]
[2025-11-01 00:56:17] [STDERR] 2025-11-01 00:56:17,414 - LokiExporter.loki-exporter - ERROR - Failed to export logs to Loki: Cannot connect to host localhost:3100 ssl:default [Multiple exceptions: [Errno 61] Connect call failed ('127.0.0.1', 3100), [Errno 61] Connect call failed ('::1', 3100, 0, 0)]
[2025-11-01 00:56:17] [STDERR] Traceback (most recent call last):
[2025-11-01 00:56:17] [STDERR]   File "/opt/homebrew/Caskroom/miniconda/base/lib/python3.11/site-packages/aiohttp/connector.py", line 1268, in _wrap_create_connection
[2025-11-01 00:56:17] [STDERR]     sock = await aiohappyeyeballs.start_connection(
[2025-11-01 00:56:17] [STDERR]            ^^^^^^^^^^^^^^^^^^^^^^^^^^^^^^^^^^^^^^^^
[2025-11-01 00:56:17] [STDERR]   File "/opt/homebrew/Caskroom/miniconda/base/lib/python3.11/site-packages/aiohappyeyeballs/impl.py", line 141, in start_connection
[2025-11-01 00:56:17] [STDERR]     raise OSError(first_errno, msg)
[2025-11-01 00:56:17] [STDERR] ConnectionRefusedError: [Errno 61] Multiple exceptions: [Errno 61] Connect call failed ('127.0.0.1', 3100), [Errno 61] Connect call failed ('::1', 3100, 0, 0)
[2025-11-01 00:56:17] [STDERR] 
[2025-11-01 00:56:17] [STDERR] The above exception was the direct cause of the following exception:
[2025-11-01 00:56:17] [STDERR] 
[2025-11-01 00:56:17] [STDERR] Traceback (most recent call last):
[2025-11-01 00:56:17] [STDERR]   File "/Users/leifmarkthaler/github/gleitzeit 0.0.7/src/gleitzeit/workers/loki_exporter_worker.py", line 251, in export_logs_to_loki
[2025-11-01 00:56:17] [STDERR]     async with self.session.post(
[2025-11-01 00:56:17] [STDERR]   File "/opt/homebrew/Caskroom/miniconda/base/lib/python3.11/site-packages/aiohttp/client.py", line 1488, in __aenter__
[2025-11-01 00:56:17] [STDERR]     self._resp: _RetType = await self._coro
[2025-11-01 00:56:17] [STDERR]                            ^^^^^^^^^^^^^^^^
[2025-11-01 00:56:17] [STDERR]   File "/opt/homebrew/Caskroom/miniconda/base/lib/python3.11/site-packages/aiohttp/client.py", line 770, in _request
[2025-11-01 00:56:17] [STDERR]     resp = await handler(req)
[2025-11-01 00:56:17] [STDERR]            ^^^^^^^^^^^^^^^^^^
[2025-11-01 00:56:17] [STDERR]   File "/opt/homebrew/Caskroom/miniconda/base/lib/python3.11/site-packages/aiohttp/client.py", line 725, in _connect_and_send_request
[2025-11-01 00:56:17] [STDERR]     conn = await self._connector.connect(
[2025-11-01 00:56:17] [STDERR]            ^^^^^^^^^^^^^^^^^^^^^^^^^^^^^^
[2025-11-01 00:56:17] [STDERR]   File "/opt/homebrew/Caskroom/miniconda/base/lib/python3.11/site-packages/aiohttp/connector.py", line 642, in connect
[2025-11-01 00:56:17] [STDERR]     proto = await self._create_connection(req, traces, timeout)
[2025-11-01 00:56:17] [STDERR]             ^^^^^^^^^^^^^^^^^^^^^^^^^^^^^^^^^^^^^^^^^^^^^^^^^^^
[2025-11-01 00:56:17] [STDERR]   File "/opt/homebrew/Caskroom/miniconda/base/lib/python3.11/site-packages/aiohttp/connector.py", line 1209, in _create_connection
[2025-11-01 00:56:17] [STDERR]     _, proto = await self._create_direct_connection(req, traces, timeout)
[2025-11-01 00:56:17] [STDERR]                ^^^^^^^^^^^^^^^^^^^^^^^^^^^^^^^^^^^^^^^^^^^^^^^^^^^^^^^^^^
[2025-11-01 00:56:17] [STDERR]   File "/opt/homebrew/Caskroom/miniconda/base/lib/python3.11/site-packages/aiohttp/connector.py", line 1581, in _create_direct_connection
[2025-11-01 00:56:17] [STDERR]     raise last_exc
[2025-11-01 00:56:17] [STDERR]   File "/opt/homebrew/Caskroom/miniconda/base/lib/python3.11/site-packages/aiohttp/connector.py", line 1550, in _create_direct_connection
[2025-11-01 00:56:17] [STDERR]     transp, proto = await self._wrap_create_connection(
[2025-11-01 00:56:17] [STDERR]                     ^^^^^^^^^^^^^^^^^^^^^^^^^^^^^^^^^^^
[2025-11-01 00:56:17] [STDERR]   File "/opt/homebrew/Caskroom/miniconda/base/lib/python3.11/site-packages/aiohttp/connector.py", line 1291, in _wrap_create_connection
[2025-11-01 00:56:17] [STDERR]     raise client_error(req.connection_key, exc) from exc
[2025-11-01 00:56:17] [STDERR] aiohttp.client_exceptions.ClientConnectorError: Cannot connect to host localhost:3100 ssl:default [Multiple exceptions: [Errno 61] Connect call failed ('127.0.0.1', 3100), [Errno 61] Connect call failed ('::1', 3100, 0, 0)]
[2025-11-01 01:13:22] [STDERR] 2025-11-01 01:13:22,228 - LokiExporter.loki-exporter - ERROR - Failed to export logs to Loki: Cannot connect to host localhost:3100 ssl:default [Multiple exceptions: [Errno 61] Connect call failed ('::1', 3100, 0, 0), [Errno 61] Connect call failed ('127.0.0.1', 3100)]
[2025-11-01 01:13:22] [STDERR] Traceback (most recent call last):
[2025-11-01 01:13:22] [STDERR]   File "/opt/homebrew/Caskroom/miniconda/base/lib/python3.11/site-packages/aiohttp/connector.py", line 1268, in _wrap_create_connection
[2025-11-01 01:13:22] [STDERR]     sock = await aiohappyeyeballs.start_connection(
[2025-11-01 01:13:22] [STDERR]            ^^^^^^^^^^^^^^^^^^^^^^^^^^^^^^^^^^^^^^^^
[2025-11-01 01:13:22] [STDERR]   File "/opt/homebrew/Caskroom/miniconda/base/lib/python3.11/site-packages/aiohappyeyeballs/impl.py", line 141, in start_connection
[2025-11-01 01:13:22] [STDERR]     raise OSError(first_errno, msg)
[2025-11-01 01:13:22] [STDERR] ConnectionRefusedError: [Errno 61] Multiple exceptions: [Errno 61] Connect call failed ('::1', 3100, 0, 0), [Errno 61] Connect call failed ('127.0.0.1', 3100)
[2025-11-01 01:13:22] [STDERR] 
[2025-11-01 01:13:22] [STDERR] The above exception was the direct cause of the following exception:
[2025-11-01 01:13:22] [STDERR] 
[2025-11-01 01:13:22] [STDERR] Traceback (most recent call last):
[2025-11-01 01:13:22] [STDERR]   File "/Users/leifmarkthaler/github/gleitzeit 0.0.7/src/gleitzeit/workers/loki_exporter_worker.py", line 251, in export_logs_to_loki
[2025-11-01 01:13:22] [STDERR]     async with self.session.post(
[2025-11-01 01:13:22] [STDERR]   File "/opt/homebrew/Caskroom/miniconda/base/lib/python3.11/site-packages/aiohttp/client.py", line 1488, in __aenter__
[2025-11-01 01:13:22] [STDERR]     self._resp: _RetType = await self._coro
[2025-11-01 01:13:22] [STDERR]                            ^^^^^^^^^^^^^^^^
[2025-11-01 01:13:22] [STDERR]   File "/opt/homebrew/Caskroom/miniconda/base/lib/python3.11/site-packages/aiohttp/client.py", line 770, in _request
[2025-11-01 01:13:22] [STDERR]     resp = await handler(req)
[2025-11-01 01:13:22] [STDERR]            ^^^^^^^^^^^^^^^^^^
[2025-11-01 01:13:22] [STDERR]   File "/opt/homebrew/Caskroom/miniconda/base/lib/python3.11/site-packages/aiohttp/client.py", line 725, in _connect_and_send_request
[2025-11-01 01:13:22] [STDERR]     conn = await self._connector.connect(
[2025-11-01 01:13:22] [STDERR]            ^^^^^^^^^^^^^^^^^^^^^^^^^^^^^^
[2025-11-01 01:13:22] [STDERR]   File "/opt/homebrew/Caskroom/miniconda/base/lib/python3.11/site-packages/aiohttp/connector.py", line 642, in connect
[2025-11-01 01:13:22] [STDERR]     proto = await self._create_connection(req, traces, timeout)
[2025-11-01 01:13:22] [STDERR]             ^^^^^^^^^^^^^^^^^^^^^^^^^^^^^^^^^^^^^^^^^^^^^^^^^^^
[2025-11-01 01:13:22] [STDERR]   File "/opt/homebrew/Caskroom/miniconda/base/lib/python3.11/site-packages/aiohttp/connector.py", line 1209, in _create_connection
[2025-11-01 01:13:22] [STDERR]     _, proto = await self._create_direct_connection(req, traces, timeout)
[2025-11-01 01:13:22] [STDERR]                ^^^^^^^^^^^^^^^^^^^^^^^^^^^^^^^^^^^^^^^^^^^^^^^^^^^^^^^^^^
[2025-11-01 01:13:22] [STDERR]   File "/opt/homebrew/Caskroom/miniconda/base/lib/python3.11/site-packages/aiohttp/connector.py", line 1581, in _create_direct_connection
[2025-11-01 01:13:22] [STDERR]     raise last_exc
[2025-11-01 01:13:22] [STDERR]   File "/opt/homebrew/Caskroom/miniconda/base/lib/python3.11/site-packages/aiohttp/connector.py", line 1550, in _create_direct_connection
[2025-11-01 01:13:22] [STDERR]     transp, proto = await self._wrap_create_connection(
[2025-11-01 01:13:22] [STDERR]                     ^^^^^^^^^^^^^^^^^^^^^^^^^^^^^^^^^^^
[2025-11-01 01:13:22] [STDERR]   File "/opt/homebrew/Caskroom/miniconda/base/lib/python3.11/site-packages/aiohttp/connector.py", line 1291, in _wrap_create_connection
[2025-11-01 01:13:22] [STDERR]     raise client_error(req.connection_key, exc) from exc
[2025-11-01 01:13:22] [STDERR] aiohttp.client_exceptions.ClientConnectorError: Cannot connect to host localhost:3100 ssl:default [Multiple exceptions: [Errno 61] Connect call failed ('::1', 3100, 0, 0), [Errno 61] Connect call failed ('127.0.0.1', 3100)]
[2025-11-01 01:29:57] [STDERR] 2025-11-01 01:29:57,084 - LokiExporter.loki-exporter - ERROR - Failed to export logs to Loki: Cannot connect to host localhost:3100 ssl:default [Multiple exceptions: [Errno 61] Connect call failed ('127.0.0.1', 3100), [Errno 61] Connect call failed ('::1', 3100, 0, 0)]
[2025-11-01 01:29:57] [STDERR] Traceback (most recent call last):
[2025-11-01 01:29:57] [STDERR]   File "/opt/homebrew/Caskroom/miniconda/base/lib/python3.11/site-packages/aiohttp/connector.py", line 1268, in _wrap_create_connection
[2025-11-01 01:29:57] [STDERR]     sock = await aiohappyeyeballs.start_connection(
[2025-11-01 01:29:57] [STDERR]            ^^^^^^^^^^^^^^^^^^^^^^^^^^^^^^^^^^^^^^^^
[2025-11-01 01:29:57] [STDERR]   File "/opt/homebrew/Caskroom/miniconda/base/lib/python3.11/site-packages/aiohappyeyeballs/impl.py", line 141, in start_connection
[2025-11-01 01:29:57] [STDERR]     raise OSError(first_errno, msg)
[2025-11-01 01:29:57] [STDERR] ConnectionRefusedError: [Errno 61] Multiple exceptions: [Errno 61] Connect call failed ('127.0.0.1', 3100), [Errno 61] Connect call failed ('::1', 3100, 0, 0)
[2025-11-01 01:29:57] [STDERR] 
[2025-11-01 01:29:57] [STDERR] The above exception was the direct cause of the following exception:
[2025-11-01 01:29:57] [STDERR] 
[2025-11-01 01:29:57] [STDERR] Traceback (most recent call last):
[2025-11-01 01:29:57] [STDERR]   File "/Users/leifmarkthaler/github/gleitzeit 0.0.7/src/gleitzeit/workers/loki_exporter_worker.py", line 251, in export_logs_to_loki
[2025-11-01 01:29:57] [STDERR]     async with self.session.post(
[2025-11-01 01:29:57] [STDERR]   File "/opt/homebrew/Caskroom/miniconda/base/lib/python3.11/site-packages/aiohttp/client.py", line 1488, in __aenter__
[2025-11-01 01:29:57] [STDERR]     self._resp: _RetType = await self._coro
[2025-11-01 01:29:57] [STDERR]                            ^^^^^^^^^^^^^^^^
[2025-11-01 01:29:57] [STDERR]   File "/opt/homebrew/Caskroom/miniconda/base/lib/python3.11/site-packages/aiohttp/client.py", line 770, in _request
[2025-11-01 01:29:57] [STDERR]     resp = await handler(req)
[2025-11-01 01:29:57] [STDERR]            ^^^^^^^^^^^^^^^^^^
[2025-11-01 01:29:57] [STDERR]   File "/opt/homebrew/Caskroom/miniconda/base/lib/python3.11/site-packages/aiohttp/client.py", line 725, in _connect_and_send_request
[2025-11-01 01:29:57] [STDERR]     conn = await self._connector.connect(
[2025-11-01 01:29:57] [STDERR]            ^^^^^^^^^^^^^^^^^^^^^^^^^^^^^^
[2025-11-01 01:29:57] [STDERR]   File "/opt/homebrew/Caskroom/miniconda/base/lib/python3.11/site-packages/aiohttp/connector.py", line 642, in connect
[2025-11-01 01:29:57] [STDERR]     proto = await self._create_connection(req, traces, timeout)
[2025-11-01 01:29:57] [STDERR]             ^^^^^^^^^^^^^^^^^^^^^^^^^^^^^^^^^^^^^^^^^^^^^^^^^^^
[2025-11-01 01:29:57] [STDERR]   File "/opt/homebrew/Caskroom/miniconda/base/lib/python3.11/site-packages/aiohttp/connector.py", line 1209, in _create_connection
[2025-11-01 01:29:57] [STDERR]     _, proto = await self._create_direct_connection(req, traces, timeout)
[2025-11-01 01:29:57] [STDERR]                ^^^^^^^^^^^^^^^^^^^^^^^^^^^^^^^^^^^^^^^^^^^^^^^^^^^^^^^^^^
[2025-11-01 01:29:57] [STDERR]   File "/opt/homebrew/Caskroom/miniconda/base/lib/python3.11/site-packages/aiohttp/connector.py", line 1581, in _create_direct_connection
[2025-11-01 01:29:57] [STDERR]     raise last_exc
[2025-11-01 01:29:57] [STDERR]   File "/opt/homebrew/Caskroom/miniconda/base/lib/python3.11/site-packages/aiohttp/connector.py", line 1550, in _create_direct_connection
[2025-11-01 01:29:57] [STDERR]     transp, proto = await self._wrap_create_connection(
[2025-11-01 01:29:57] [STDERR]                     ^^^^^^^^^^^^^^^^^^^^^^^^^^^^^^^^^^^
[2025-11-01 01:29:57] [STDERR]   File "/opt/homebrew/Caskroom/miniconda/base/lib/python3.11/site-packages/aiohttp/connector.py", line 1291, in _wrap_create_connection
[2025-11-01 01:29:57] [STDERR]     raise client_error(req.connection_key, exc) from exc
[2025-11-01 01:29:57] [STDERR] aiohttp.client_exceptions.ClientConnectorError: Cannot connect to host localhost:3100 ssl:default [Multiple exceptions: [Errno 61] Connect call failed ('127.0.0.1', 3100), [Errno 61] Connect call failed ('::1', 3100, 0, 0)]
[2025-11-01 01:30:01] [STDERR] 2025-11-01 01:30:01,883 - LokiExporter.loki-exporter - ERROR - Failed to export logs to Loki: Cannot connect to host localhost:3100 ssl:default [Multiple exceptions: [Errno 61] Connect call failed ('::1', 3100, 0, 0), [Errno 61] Connect call failed ('127.0.0.1', 3100)]
[2025-11-01 01:30:01] [STDERR] Traceback (most recent call last):
[2025-11-01 01:30:01] [STDERR]   File "/opt/homebrew/Caskroom/miniconda/base/lib/python3.11/site-packages/aiohttp/connector.py", line 1268, in _wrap_create_connection
[2025-11-01 01:30:01] [STDERR]     sock = await aiohappyeyeballs.start_connection(
[2025-11-01 01:30:01] [STDERR]            ^^^^^^^^^^^^^^^^^^^^^^^^^^^^^^^^^^^^^^^^
[2025-11-01 01:30:01] [STDERR]   File "/opt/homebrew/Caskroom/miniconda/base/lib/python3.11/site-packages/aiohappyeyeballs/impl.py", line 141, in start_connection
[2025-11-01 01:30:01] [STDERR]     raise OSError(first_errno, msg)
[2025-11-01 01:30:01] [STDERR] ConnectionRefusedError: [Errno 61] Multiple exceptions: [Errno 61] Connect call failed ('::1', 3100, 0, 0), [Errno 61] Connect call failed ('127.0.0.1', 3100)
[2025-11-01 01:30:01] [STDERR] 
[2025-11-01 01:30:01] [STDERR] The above exception was the direct cause of the following exception:
[2025-11-01 01:30:01] [STDERR] 
[2025-11-01 01:30:01] [STDERR] Traceback (most recent call last):
[2025-11-01 01:30:01] [STDERR]   File "/Users/leifmarkthaler/github/gleitzeit 0.0.7/src/gleitzeit/workers/loki_exporter_worker.py", line 251, in export_logs_to_loki
[2025-11-01 01:30:01] [STDERR]     async with self.session.post(
[2025-11-01 01:30:01] [STDERR]   File "/opt/homebrew/Caskroom/miniconda/base/lib/python3.11/site-packages/aiohttp/client.py", line 1488, in __aenter__
[2025-11-01 01:30:01] [STDERR]     self._resp: _RetType = await self._coro
[2025-11-01 01:30:01] [STDERR]                            ^^^^^^^^^^^^^^^^
[2025-11-01 01:30:01] [STDERR]   File "/opt/homebrew/Caskroom/miniconda/base/lib/python3.11/site-packages/aiohttp/client.py", line 770, in _request
[2025-11-01 01:30:01] [STDERR]     resp = await handler(req)
[2025-11-01 01:30:01] [STDERR]            ^^^^^^^^^^^^^^^^^^
[2025-11-01 01:30:01] [STDERR]   File "/opt/homebrew/Caskroom/miniconda/base/lib/python3.11/site-packages/aiohttp/client.py", line 725, in _connect_and_send_request
[2025-11-01 01:30:01] [STDERR]     conn = await self._connector.connect(
[2025-11-01 01:30:01] [STDERR]            ^^^^^^^^^^^^^^^^^^^^^^^^^^^^^^
[2025-11-01 01:30:01] [STDERR]   File "/opt/homebrew/Caskroom/miniconda/base/lib/python3.11/site-packages/aiohttp/connector.py", line 642, in connect
[2025-11-01 01:30:01] [STDERR]     proto = await self._create_connection(req, traces, timeout)
[2025-11-01 01:30:01] [STDERR]             ^^^^^^^^^^^^^^^^^^^^^^^^^^^^^^^^^^^^^^^^^^^^^^^^^^^
[2025-11-01 01:30:01] [STDERR]   File "/opt/homebrew/Caskroom/miniconda/base/lib/python3.11/site-packages/aiohttp/connector.py", line 1209, in _create_connection
[2025-11-01 01:30:01] [STDERR]     _, proto = await self._create_direct_connection(req, traces, timeout)
[2025-11-01 01:30:01] [STDERR]                ^^^^^^^^^^^^^^^^^^^^^^^^^^^^^^^^^^^^^^^^^^^^^^^^^^^^^^^^^^
[2025-11-01 01:30:01] [STDERR]   File "/opt/homebrew/Caskroom/miniconda/base/lib/python3.11/site-packages/aiohttp/connector.py", line 1581, in _create_direct_connection
[2025-11-01 01:30:01] [STDERR]     raise last_exc
[2025-11-01 01:30:01] [STDERR]   File "/opt/homebrew/Caskroom/miniconda/base/lib/python3.11/site-packages/aiohttp/connector.py", line 1550, in _create_direct_connection
[2025-11-01 01:30:01] [STDERR]     transp, proto = await self._wrap_create_connection(
[2025-11-01 01:30:01] [STDERR]                     ^^^^^^^^^^^^^^^^^^^^^^^^^^^^^^^^^^^
[2025-11-01 01:30:01] [STDERR]   File "/opt/homebrew/Caskroom/miniconda/base/lib/python3.11/site-packages/aiohttp/connector.py", line 1291, in _wrap_create_connection
[2025-11-01 01:30:01] [STDERR]     raise client_error(req.connection_key, exc) from exc
[2025-11-01 01:30:01] [STDERR] aiohttp.client_exceptions.ClientConnectorError: Cannot connect to host localhost:3100 ssl:default [Multiple exceptions: [Errno 61] Connect call failed ('::1', 3100, 0, 0), [Errno 61] Connect call failed ('127.0.0.1', 3100)]
[2025-11-01 01:30:06] [STDERR] 2025-11-01 01:30:06,923 - LokiExporter.loki-exporter - ERROR - Failed to export logs to Loki: Cannot connect to host localhost:3100 ssl:default [Multiple exceptions: [Errno 61] Connect call failed ('127.0.0.1', 3100), [Errno 61] Connect call failed ('::1', 3100, 0, 0)]
[2025-11-01 01:30:06] [STDERR] Traceback (most recent call last):
[2025-11-01 01:30:06] [STDERR]   File "/opt/homebrew/Caskroom/miniconda/base/lib/python3.11/site-packages/aiohttp/connector.py", line 1268, in _wrap_create_connection
[2025-11-01 01:30:06] [STDERR]     sock = await aiohappyeyeballs.start_connection(
[2025-11-01 01:30:06] [STDERR]            ^^^^^^^^^^^^^^^^^^^^^^^^^^^^^^^^^^^^^^^^
[2025-11-01 01:30:06] [STDERR]   File "/opt/homebrew/Caskroom/miniconda/base/lib/python3.11/site-packages/aiohappyeyeballs/impl.py", line 141, in start_connection
[2025-11-01 01:30:06] [STDERR]     raise OSError(first_errno, msg)
[2025-11-01 01:30:06] [STDERR] ConnectionRefusedError: [Errno 61] Multiple exceptions: [Errno 61] Connect call failed ('127.0.0.1', 3100), [Errno 61] Connect call failed ('::1', 3100, 0, 0)
[2025-11-01 01:30:06] [STDERR] 
[2025-11-01 01:30:06] [STDERR] The above exception was the direct cause of the following exception:
[2025-11-01 01:30:06] [STDERR] 
[2025-11-01 01:30:06] [STDERR] Traceback (most recent call last):
[2025-11-01 01:30:06] [STDERR]   File "/Users/leifmarkthaler/github/gleitzeit 0.0.7/src/gleitzeit/workers/loki_exporter_worker.py", line 251, in export_logs_to_loki
[2025-11-01 01:30:06] [STDERR]     async with self.session.post(
[2025-11-01 01:30:06] [STDERR]   File "/opt/homebrew/Caskroom/miniconda/base/lib/python3.11/site-packages/aiohttp/client.py", line 1488, in __aenter__
[2025-11-01 01:30:06] [STDERR]     self._resp: _RetType = await self._coro
[2025-11-01 01:30:06] [STDERR]                            ^^^^^^^^^^^^^^^^
[2025-11-01 01:30:06] [STDERR]   File "/opt/homebrew/Caskroom/miniconda/base/lib/python3.11/site-packages/aiohttp/client.py", line 770, in _request
[2025-11-01 01:30:06] [STDERR]     resp = await handler(req)
[2025-11-01 01:30:06] [STDERR]            ^^^^^^^^^^^^^^^^^^
[2025-11-01 01:30:06] [STDERR]   File "/opt/homebrew/Caskroom/miniconda/base/lib/python3.11/site-packages/aiohttp/client.py", line 725, in _connect_and_send_request
[2025-11-01 01:30:06] [STDERR]     conn = await self._connector.connect(
[2025-11-01 01:30:06] [STDERR]            ^^^^^^^^^^^^^^^^^^^^^^^^^^^^^^
[2025-11-01 01:30:06] [STDERR]   File "/opt/homebrew/Caskroom/miniconda/base/lib/python3.11/site-packages/aiohttp/connector.py", line 642, in connect
[2025-11-01 01:30:06] [STDERR]     proto = await self._create_connection(req, traces, timeout)
[2025-11-01 01:30:06] [STDERR]             ^^^^^^^^^^^^^^^^^^^^^^^^^^^^^^^^^^^^^^^^^^^^^^^^^^^
[2025-11-01 01:30:06] [STDERR]   File "/opt/homebrew/Caskroom/miniconda/base/lib/python3.11/site-packages/aiohttp/connector.py", line 1209, in _create_connection
[2025-11-01 01:30:06] [STDERR]     _, proto = await self._create_direct_connection(req, traces, timeout)
[2025-11-01 01:30:06] [STDERR]                ^^^^^^^^^^^^^^^^^^^^^^^^^^^^^^^^^^^^^^^^^^^^^^^^^^^^^^^^^^
[2025-11-01 01:30:06] [STDERR]   File "/opt/homebrew/Caskroom/miniconda/base/lib/python3.11/site-packages/aiohttp/connector.py", line 1581, in _create_direct_connection
[2025-11-01 01:30:06] [STDERR]     raise last_exc
[2025-11-01 01:30:06] [STDERR]   File "/opt/homebrew/Caskroom/miniconda/base/lib/python3.11/site-packages/aiohttp/connector.py", line 1550, in _create_direct_connection
[2025-11-01 01:30:06] [STDERR]     transp, proto = await self._wrap_create_connection(
[2025-11-01 01:30:06] [STDERR]                     ^^^^^^^^^^^^^^^^^^^^^^^^^^^^^^^^^^^
[2025-11-01 01:30:06] [STDERR]   File "/opt/homebrew/Caskroom/miniconda/base/lib/python3.11/site-packages/aiohttp/connector.py", line 1291, in _wrap_create_connection
[2025-11-01 01:30:06] [STDERR]     raise client_error(req.connection_key, exc) from exc
[2025-11-01 01:30:06] [STDERR] aiohttp.client_exceptions.ClientConnectorError: Cannot connect to host localhost:3100 ssl:default [Multiple exceptions: [Errno 61] Connect call failed ('127.0.0.1', 3100), [Errno 61] Connect call failed ('::1', 3100, 0, 0)]
[2025-11-01 01:30:11] [STDERR] 2025-11-01 01:30:11,965 - LokiExporter.loki-exporter - ERROR - Failed to export logs to Loki: Cannot connect to host localhost:3100 ssl:default [Multiple exceptions: [Errno 61] Connect call failed ('::1', 3100, 0, 0), [Errno 61] Connect call failed ('127.0.0.1', 3100)]
[2025-11-01 01:30:11] [STDERR] Traceback (most recent call last):
[2025-11-01 01:30:11] [STDERR]   File "/opt/homebrew/Caskroom/miniconda/base/lib/python3.11/site-packages/aiohttp/connector.py", line 1268, in _wrap_create_connection
[2025-11-01 01:30:11] [STDERR]     sock = await aiohappyeyeballs.start_connection(
[2025-11-01 01:30:11] [STDERR]            ^^^^^^^^^^^^^^^^^^^^^^^^^^^^^^^^^^^^^^^^
[2025-11-01 01:30:11] [STDERR]   File "/opt/homebrew/Caskroom/miniconda/base/lib/python3.11/site-packages/aiohappyeyeballs/impl.py", line 141, in start_connection
[2025-11-01 01:30:11] [STDERR]     raise OSError(first_errno, msg)
[2025-11-01 01:30:11] [STDERR] ConnectionRefusedError: [Errno 61] Multiple exceptions: [Errno 61] Connect call failed ('::1', 3100, 0, 0), [Errno 61] Connect call failed ('127.0.0.1', 3100)
[2025-11-01 01:30:11] [STDERR] 
[2025-11-01 01:30:11] [STDERR] The above exception was the direct cause of the following exception:
[2025-11-01 01:30:11] [STDERR] 
[2025-11-01 01:30:11] [STDERR] Traceback (most recent call last):
[2025-11-01 01:30:11] [STDERR]   File "/Users/leifmarkthaler/github/gleitzeit 0.0.7/src/gleitzeit/workers/loki_exporter_worker.py", line 251, in export_logs_to_loki
[2025-11-01 01:30:11] [STDERR]     async with self.session.post(
[2025-11-01 01:30:11] [STDERR]   File "/opt/homebrew/Caskroom/miniconda/base/lib/python3.11/site-packages/aiohttp/client.py", line 1488, in __aenter__
[2025-11-01 01:30:11] [STDERR]     self._resp: _RetType = await self._coro
[2025-11-01 01:30:11] [STDERR]                            ^^^^^^^^^^^^^^^^
[2025-11-01 01:30:11] [STDERR]   File "/opt/homebrew/Caskroom/miniconda/base/lib/python3.11/site-packages/aiohttp/client.py", line 770, in _request
[2025-11-01 01:30:11] [STDERR]     resp = await handler(req)
[2025-11-01 01:30:11] [STDERR]            ^^^^^^^^^^^^^^^^^^
[2025-11-01 01:30:11] [STDERR]   File "/opt/homebrew/Caskroom/miniconda/base/lib/python3.11/site-packages/aiohttp/client.py", line 725, in _connect_and_send_request
[2025-11-01 01:30:11] [STDERR]     conn = await self._connector.connect(
[2025-11-01 01:30:11] [STDERR]            ^^^^^^^^^^^^^^^^^^^^^^^^^^^^^^
[2025-11-01 01:30:11] [STDERR]   File "/opt/homebrew/Caskroom/miniconda/base/lib/python3.11/site-packages/aiohttp/connector.py", line 642, in connect
[2025-11-01 01:30:11] [STDERR]     proto = await self._create_connection(req, traces, timeout)
[2025-11-01 01:30:11] [STDERR]             ^^^^^^^^^^^^^^^^^^^^^^^^^^^^^^^^^^^^^^^^^^^^^^^^^^^
[2025-11-01 01:30:11] [STDERR]   File "/opt/homebrew/Caskroom/miniconda/base/lib/python3.11/site-packages/aiohttp/connector.py", line 1209, in _create_connection
[2025-11-01 01:30:11] [STDERR]     _, proto = await self._create_direct_connection(req, traces, timeout)
[2025-11-01 01:30:11] [STDERR]                ^^^^^^^^^^^^^^^^^^^^^^^^^^^^^^^^^^^^^^^^^^^^^^^^^^^^^^^^^^
[2025-11-01 01:30:11] [STDERR]   File "/opt/homebrew/Caskroom/miniconda/base/lib/python3.11/site-packages/aiohttp/connector.py", line 1581, in _create_direct_connection
[2025-11-01 01:30:11] [STDERR]     raise last_exc
[2025-11-01 01:30:11] [STDERR]   File "/opt/homebrew/Caskroom/miniconda/base/lib/python3.11/site-packages/aiohttp/connector.py", line 1550, in _create_direct_connection
[2025-11-01 01:30:11] [STDERR]     transp, proto = await self._wrap_create_connection(
[2025-11-01 01:30:11] [STDERR]                     ^^^^^^^^^^^^^^^^^^^^^^^^^^^^^^^^^^^
[2025-11-01 01:30:11] [STDERR]   File "/opt/homebrew/Caskroom/miniconda/base/lib/python3.11/site-packages/aiohttp/connector.py", line 1291, in _wrap_create_connection
[2025-11-01 01:30:11] [STDERR]     raise client_error(req.connection_key, exc) from exc
[2025-11-01 01:30:11] [STDERR] aiohttp.client_exceptions.ClientConnectorError: Cannot connect to host localhost:3100 ssl:default [Multiple exceptions: [Errno 61] Connect call failed ('::1', 3100, 0, 0), [Errno 61] Connect call failed ('127.0.0.1', 3100)]
[2025-11-01 01:30:17] [STDERR] 2025-11-01 01:30:17,009 - LokiExporter.loki-exporter - ERROR - Failed to export logs to Loki: Cannot connect to host localhost:3100 ssl:default [Multiple exceptions: [Errno 61] Connect call failed ('127.0.0.1', 3100), [Errno 61] Connect call failed ('::1', 3100, 0, 0)]
[2025-11-01 01:30:17] [STDERR] Traceback (most recent call last):
[2025-11-01 01:30:17] [STDERR]   File "/opt/homebrew/Caskroom/miniconda/base/lib/python3.11/site-packages/aiohttp/connector.py", line 1268, in _wrap_create_connection
[2025-11-01 01:30:17] [STDERR]     sock = await aiohappyeyeballs.start_connection(
[2025-11-01 01:30:17] [STDERR]            ^^^^^^^^^^^^^^^^^^^^^^^^^^^^^^^^^^^^^^^^
[2025-11-01 01:30:17] [STDERR]   File "/opt/homebrew/Caskroom/miniconda/base/lib/python3.11/site-packages/aiohappyeyeballs/impl.py", line 141, in start_connection
[2025-11-01 01:30:17] [STDERR]     raise OSError(first_errno, msg)
[2025-11-01 01:30:17] [STDERR] ConnectionRefusedError: [Errno 61] Multiple exceptions: [Errno 61] Connect call failed ('127.0.0.1', 3100), [Errno 61] Connect call failed ('::1', 3100, 0, 0)
[2025-11-01 01:30:17] [STDERR] 
[2025-11-01 01:30:17] [STDERR] The above exception was the direct cause of the following exception:
[2025-11-01 01:30:17] [STDERR] 
[2025-11-01 01:30:17] [STDERR] Traceback (most recent call last):
[2025-11-01 01:30:17] [STDERR]   File "/Users/leifmarkthaler/github/gleitzeit 0.0.7/src/gleitzeit/workers/loki_exporter_worker.py", line 251, in export_logs_to_loki
[2025-11-01 01:30:17] [STDERR]     async with self.session.post(
[2025-11-01 01:30:17] [STDERR]   File "/opt/homebrew/Caskroom/miniconda/base/lib/python3.11/site-packages/aiohttp/client.py", line 1488, in __aenter__
[2025-11-01 01:30:17] [STDERR]     self._resp: _RetType = await self._coro
[2025-11-01 01:30:17] [STDERR]                            ^^^^^^^^^^^^^^^^
[2025-11-01 01:30:17] [STDERR]   File "/opt/homebrew/Caskroom/miniconda/base/lib/python3.11/site-packages/aiohttp/client.py", line 770, in _request
[2025-11-01 01:30:17] [STDERR]     resp = await handler(req)
[2025-11-01 01:30:17] [STDERR]            ^^^^^^^^^^^^^^^^^^
[2025-11-01 01:30:17] [STDERR]   File "/opt/homebrew/Caskroom/miniconda/base/lib/python3.11/site-packages/aiohttp/client.py", line 725, in _connect_and_send_request
[2025-11-01 01:30:17] [STDERR]     conn = await self._connector.connect(
[2025-11-01 01:30:17] [STDERR]            ^^^^^^^^^^^^^^^^^^^^^^^^^^^^^^
[2025-11-01 01:30:17] [STDERR]   File "/opt/homebrew/Caskroom/miniconda/base/lib/python3.11/site-packages/aiohttp/connector.py", line 642, in connect
[2025-11-01 01:30:17] [STDERR]     proto = await self._create_connection(req, traces, timeout)
[2025-11-01 01:30:17] [STDERR]             ^^^^^^^^^^^^^^^^^^^^^^^^^^^^^^^^^^^^^^^^^^^^^^^^^^^
[2025-11-01 01:30:17] [STDERR]   File "/opt/homebrew/Caskroom/miniconda/base/lib/python3.11/site-packages/aiohttp/connector.py", line 1209, in _create_connection
[2025-11-01 01:30:17] [STDERR]     _, proto = await self._create_direct_connection(req, traces, timeout)
[2025-11-01 01:30:17] [STDERR]                ^^^^^^^^^^^^^^^^^^^^^^^^^^^^^^^^^^^^^^^^^^^^^^^^^^^^^^^^^^
[2025-11-01 01:30:17] [STDERR]   File "/opt/homebrew/Caskroom/miniconda/base/lib/python3.11/site-packages/aiohttp/connector.py", line 1581, in _create_direct_connection
[2025-11-01 01:30:17] [STDERR]     raise last_exc
[2025-11-01 01:30:17] [STDERR]   File "/opt/homebrew/Caskroom/miniconda/base/lib/python3.11/site-packages/aiohttp/connector.py", line 1550, in _create_direct_connection
[2025-11-01 01:30:17] [STDERR]     transp, proto = await self._wrap_create_connection(
[2025-11-01 01:30:17] [STDERR]                     ^^^^^^^^^^^^^^^^^^^^^^^^^^^^^^^^^^^
[2025-11-01 01:30:17] [STDERR]   File "/opt/homebrew/Caskroom/miniconda/base/lib/python3.11/site-packages/aiohttp/connector.py", line 1291, in _wrap_create_connection
[2025-11-01 01:30:17] [STDERR]     raise client_error(req.connection_key, exc) from exc
[2025-11-01 01:30:17] [STDERR] aiohttp.client_exceptions.ClientConnectorError: Cannot connect to host localhost:3100 ssl:default [Multiple exceptions: [Errno 61] Connect call failed ('127.0.0.1', 3100), [Errno 61] Connect call failed ('::1', 3100, 0, 0)]
[2025-11-01 01:46:47] [STDERR] 2025-11-01 01:46:47,638 - LokiExporter.loki-exporter - ERROR - Failed to export logs to Loki: Cannot connect to host localhost:3100 ssl:default [Multiple exceptions: [Errno 61] Connect call failed ('::1', 3100, 0, 0), [Errno 61] Connect call failed ('127.0.0.1', 3100)]
[2025-11-01 01:46:47] [STDERR] Traceback (most recent call last):
[2025-11-01 01:46:47] [STDERR]   File "/opt/homebrew/Caskroom/miniconda/base/lib/python3.11/site-packages/aiohttp/connector.py", line 1268, in _wrap_create_connection
[2025-11-01 01:46:47] [STDERR]     sock = await aiohappyeyeballs.start_connection(
[2025-11-01 01:46:47] [STDERR]            ^^^^^^^^^^^^^^^^^^^^^^^^^^^^^^^^^^^^^^^^
[2025-11-01 01:46:47] [STDERR]   File "/opt/homebrew/Caskroom/miniconda/base/lib/python3.11/site-packages/aiohappyeyeballs/impl.py", line 141, in start_connection
[2025-11-01 01:46:47] [STDERR]     raise OSError(first_errno, msg)
[2025-11-01 01:46:47] [STDERR] ConnectionRefusedError: [Errno 61] Multiple exceptions: [Errno 61] Connect call failed ('::1', 3100, 0, 0), [Errno 61] Connect call failed ('127.0.0.1', 3100)
[2025-11-01 01:46:47] [STDERR] 
[2025-11-01 01:46:47] [STDERR] The above exception was the direct cause of the following exception:
[2025-11-01 01:46:47] [STDERR] 
[2025-11-01 01:46:47] [STDERR] Traceback (most recent call last):
[2025-11-01 01:46:47] [STDERR]   File "/Users/leifmarkthaler/github/gleitzeit 0.0.7/src/gleitzeit/workers/loki_exporter_worker.py", line 251, in export_logs_to_loki
[2025-11-01 01:46:47] [STDERR]     async with self.session.post(
[2025-11-01 01:46:47] [STDERR]   File "/opt/homebrew/Caskroom/miniconda/base/lib/python3.11/site-packages/aiohttp/client.py", line 1488, in __aenter__
[2025-11-01 01:46:47] [STDERR]     self._resp: _RetType = await self._coro
[2025-11-01 01:46:47] [STDERR]                            ^^^^^^^^^^^^^^^^
[2025-11-01 01:46:47] [STDERR]   File "/opt/homebrew/Caskroom/miniconda/base/lib/python3.11/site-packages/aiohttp/client.py", line 770, in _request
[2025-11-01 01:46:47] [STDERR]     resp = await handler(req)
[2025-11-01 01:46:47] [STDERR]            ^^^^^^^^^^^^^^^^^^
[2025-11-01 01:46:47] [STDERR]   File "/opt/homebrew/Caskroom/miniconda/base/lib/python3.11/site-packages/aiohttp/client.py", line 725, in _connect_and_send_request
[2025-11-01 01:46:47] [STDERR]     conn = await self._connector.connect(
[2025-11-01 01:46:47] [STDERR]            ^^^^^^^^^^^^^^^^^^^^^^^^^^^^^^
[2025-11-01 01:46:47] [STDERR]   File "/opt/homebrew/Caskroom/miniconda/base/lib/python3.11/site-packages/aiohttp/connector.py", line 642, in connect
[2025-11-01 01:46:47] [STDERR]     proto = await self._create_connection(req, traces, timeout)
[2025-11-01 01:46:47] [STDERR]             ^^^^^^^^^^^^^^^^^^^^^^^^^^^^^^^^^^^^^^^^^^^^^^^^^^^
[2025-11-01 01:46:47] [STDERR]   File "/opt/homebrew/Caskroom/miniconda/base/lib/python3.11/site-packages/aiohttp/connector.py", line 1209, in _create_connection
[2025-11-01 01:46:47] [STDERR]     _, proto = await self._create_direct_connection(req, traces, timeout)
[2025-11-01 01:46:47] [STDERR]                ^^^^^^^^^^^^^^^^^^^^^^^^^^^^^^^^^^^^^^^^^^^^^^^^^^^^^^^^^^
[2025-11-01 01:46:47] [STDERR]   File "/opt/homebrew/Caskroom/miniconda/base/lib/python3.11/site-packages/aiohttp/connector.py", line 1581, in _create_direct_connection
[2025-11-01 01:46:47] [STDERR]     raise last_exc
[2025-11-01 01:46:47] [STDERR]   File "/opt/homebrew/Caskroom/miniconda/base/lib/python3.11/site-packages/aiohttp/connector.py", line 1550, in _create_direct_connection
[2025-11-01 01:46:47] [STDERR]     transp, proto = await self._wrap_create_connection(
[2025-11-01 01:46:47] [STDERR]                     ^^^^^^^^^^^^^^^^^^^^^^^^^^^^^^^^^^^
[2025-11-01 01:46:47] [STDERR]   File "/opt/homebrew/Caskroom/miniconda/base/lib/python3.11/site-packages/aiohttp/connector.py", line 1291, in _wrap_create_connection
[2025-11-01 01:46:47] [STDERR]     raise client_error(req.connection_key, exc) from exc
[2025-11-01 01:46:47] [STDERR] aiohttp.client_exceptions.ClientConnectorError: Cannot connect to host localhost:3100 ssl:default [Multiple exceptions: [Errno 61] Connect call failed ('::1', 3100, 0, 0), [Errno 61] Connect call failed ('127.0.0.1', 3100)]
[2025-11-01 02:02:32] [STDERR] 2025-11-01 02:02:32,429 - LokiExporter.loki-exporter - ERROR - Failed to export logs to Loki: Cannot connect to host localhost:3100 ssl:default [Multiple exceptions: [Errno 61] Connect call failed ('127.0.0.1', 3100), [Errno 61] Connect call failed ('::1', 3100, 0, 0)]
[2025-11-01 02:02:32] [STDERR] Traceback (most recent call last):
[2025-11-01 02:02:32] [STDERR]   File "/opt/homebrew/Caskroom/miniconda/base/lib/python3.11/site-packages/aiohttp/connector.py", line 1268, in _wrap_create_connection
[2025-11-01 02:02:32] [STDERR]     sock = await aiohappyeyeballs.start_connection(
[2025-11-01 02:02:32] [STDERR]            ^^^^^^^^^^^^^^^^^^^^^^^^^^^^^^^^^^^^^^^^
[2025-11-01 02:02:32] [STDERR]   File "/opt/homebrew/Caskroom/miniconda/base/lib/python3.11/site-packages/aiohappyeyeballs/impl.py", line 141, in start_connection
[2025-11-01 02:02:32] [STDERR]     raise OSError(first_errno, msg)
[2025-11-01 02:02:32] [STDERR] ConnectionRefusedError: [Errno 61] Multiple exceptions: [Errno 61] Connect call failed ('127.0.0.1', 3100), [Errno 61] Connect call failed ('::1', 3100, 0, 0)
[2025-11-01 02:02:32] [STDERR] 
[2025-11-01 02:02:32] [STDERR] The above exception was the direct cause of the following exception:
[2025-11-01 02:02:32] [STDERR] 
[2025-11-01 02:02:32] [STDERR] Traceback (most recent call last):
[2025-11-01 02:02:32] [STDERR]   File "/Users/leifmarkthaler/github/gleitzeit 0.0.7/src/gleitzeit/workers/loki_exporter_worker.py", line 251, in export_logs_to_loki
[2025-11-01 02:02:32] [STDERR]     async with self.session.post(
[2025-11-01 02:02:32] [STDERR]   File "/opt/homebrew/Caskroom/miniconda/base/lib/python3.11/site-packages/aiohttp/client.py", line 1488, in __aenter__
[2025-11-01 02:02:32] [STDERR]     self._resp: _RetType = await self._coro
[2025-11-01 02:02:32] [STDERR]                            ^^^^^^^^^^^^^^^^
[2025-11-01 02:02:32] [STDERR]   File "/opt/homebrew/Caskroom/miniconda/base/lib/python3.11/site-packages/aiohttp/client.py", line 770, in _request
[2025-11-01 02:02:32] [STDERR]     resp = await handler(req)
[2025-11-01 02:02:32] [STDERR]            ^^^^^^^^^^^^^^^^^^
[2025-11-01 02:02:32] [STDERR]   File "/opt/homebrew/Caskroom/miniconda/base/lib/python3.11/site-packages/aiohttp/client.py", line 725, in _connect_and_send_request
[2025-11-01 02:02:32] [STDERR]     conn = await self._connector.connect(
[2025-11-01 02:02:32] [STDERR]            ^^^^^^^^^^^^^^^^^^^^^^^^^^^^^^
[2025-11-01 02:02:32] [STDERR]   File "/opt/homebrew/Caskroom/miniconda/base/lib/python3.11/site-packages/aiohttp/connector.py", line 642, in connect
[2025-11-01 02:02:32] [STDERR]     proto = await self._create_connection(req, traces, timeout)
[2025-11-01 02:02:32] [STDERR]             ^^^^^^^^^^^^^^^^^^^^^^^^^^^^^^^^^^^^^^^^^^^^^^^^^^^
[2025-11-01 02:02:32] [STDERR]   File "/opt/homebrew/Caskroom/miniconda/base/lib/python3.11/site-packages/aiohttp/connector.py", line 1209, in _create_connection
[2025-11-01 02:02:32] [STDERR]     _, proto = await self._create_direct_connection(req, traces, timeout)
[2025-11-01 02:02:32] [STDERR]                ^^^^^^^^^^^^^^^^^^^^^^^^^^^^^^^^^^^^^^^^^^^^^^^^^^^^^^^^^^
[2025-11-01 02:02:32] [STDERR]   File "/opt/homebrew/Caskroom/miniconda/base/lib/python3.11/site-packages/aiohttp/connector.py", line 1581, in _create_direct_connection
[2025-11-01 02:02:32] [STDERR]     raise last_exc
[2025-11-01 02:02:32] [STDERR]   File "/opt/homebrew/Caskroom/miniconda/base/lib/python3.11/site-packages/aiohttp/connector.py", line 1550, in _create_direct_connection
[2025-11-01 02:02:32] [STDERR]     transp, proto = await self._wrap_create_connection(
[2025-11-01 02:02:32] [STDERR]                     ^^^^^^^^^^^^^^^^^^^^^^^^^^^^^^^^^^^
[2025-11-01 02:02:32] [STDERR]   File "/opt/homebrew/Caskroom/miniconda/base/lib/python3.11/site-packages/aiohttp/connector.py", line 1291, in _wrap_create_connection
[2025-11-01 02:02:32] [STDERR]     raise client_error(req.connection_key, exc) from exc
[2025-11-01 02:02:32] [STDERR] aiohttp.client_exceptions.ClientConnectorError: Cannot connect to host localhost:3100 ssl:default [Multiple exceptions: [Errno 61] Connect call failed ('127.0.0.1', 3100), [Errno 61] Connect call failed ('::1', 3100, 0, 0)]
[2025-11-01 02:18:25] [STDERR] 2025-11-01 02:18:25,216 - LokiExporter.loki-exporter - ERROR - Failed to export logs to Loki: Cannot connect to host localhost:3100 ssl:default [Multiple exceptions: [Errno 61] Connect call failed ('::1', 3100, 0, 0), [Errno 61] Connect call failed ('127.0.0.1', 3100)]
[2025-11-01 02:18:25] [STDERR] Traceback (most recent call last):
[2025-11-01 02:18:25] [STDERR]   File "/opt/homebrew/Caskroom/miniconda/base/lib/python3.11/site-packages/aiohttp/connector.py", line 1268, in _wrap_create_connection
[2025-11-01 02:18:25] [STDERR]     sock = await aiohappyeyeballs.start_connection(
[2025-11-01 02:18:25] [STDERR]            ^^^^^^^^^^^^^^^^^^^^^^^^^^^^^^^^^^^^^^^^
[2025-11-01 02:18:25] [STDERR]   File "/opt/homebrew/Caskroom/miniconda/base/lib/python3.11/site-packages/aiohappyeyeballs/impl.py", line 141, in start_connection
[2025-11-01 02:18:25] [STDERR]     raise OSError(first_errno, msg)
[2025-11-01 02:18:25] [STDERR] ConnectionRefusedError: [Errno 61] Multiple exceptions: [Errno 61] Connect call failed ('::1', 3100, 0, 0), [Errno 61] Connect call failed ('127.0.0.1', 3100)
[2025-11-01 02:18:25] [STDERR] 
[2025-11-01 02:18:25] [STDERR] The above exception was the direct cause of the following exception:
[2025-11-01 02:18:25] [STDERR] 
[2025-11-01 02:18:25] [STDERR] Traceback (most recent call last):
[2025-11-01 02:18:25] [STDERR]   File "/Users/leifmarkthaler/github/gleitzeit 0.0.7/src/gleitzeit/workers/loki_exporter_worker.py", line 251, in export_logs_to_loki
[2025-11-01 02:18:25] [STDERR]     async with self.session.post(
[2025-11-01 02:18:25] [STDERR]   File "/opt/homebrew/Caskroom/miniconda/base/lib/python3.11/site-packages/aiohttp/client.py", line 1488, in __aenter__
[2025-11-01 02:18:25] [STDERR]     self._resp: _RetType = await self._coro
[2025-11-01 02:18:25] [STDERR]                            ^^^^^^^^^^^^^^^^
[2025-11-01 02:18:25] [STDERR]   File "/opt/homebrew/Caskroom/miniconda/base/lib/python3.11/site-packages/aiohttp/client.py", line 770, in _request
[2025-11-01 02:18:25] [STDERR]     resp = await handler(req)
[2025-11-01 02:18:25] [STDERR]            ^^^^^^^^^^^^^^^^^^
[2025-11-01 02:18:25] [STDERR]   File "/opt/homebrew/Caskroom/miniconda/base/lib/python3.11/site-packages/aiohttp/client.py", line 725, in _connect_and_send_request
[2025-11-01 02:18:25] [STDERR]     conn = await self._connector.connect(
[2025-11-01 02:18:25] [STDERR]            ^^^^^^^^^^^^^^^^^^^^^^^^^^^^^^
[2025-11-01 02:18:25] [STDERR]   File "/opt/homebrew/Caskroom/miniconda/base/lib/python3.11/site-packages/aiohttp/connector.py", line 642, in connect
[2025-11-01 02:18:25] [STDERR]     proto = await self._create_connection(req, traces, timeout)
[2025-11-01 02:18:25] [STDERR]             ^^^^^^^^^^^^^^^^^^^^^^^^^^^^^^^^^^^^^^^^^^^^^^^^^^^
[2025-11-01 02:18:25] [STDERR]   File "/opt/homebrew/Caskroom/miniconda/base/lib/python3.11/site-packages/aiohttp/connector.py", line 1209, in _create_connection
[2025-11-01 02:18:25] [STDERR]     _, proto = await self._create_direct_connection(req, traces, timeout)
[2025-11-01 02:18:25] [STDERR]                ^^^^^^^^^^^^^^^^^^^^^^^^^^^^^^^^^^^^^^^^^^^^^^^^^^^^^^^^^^
[2025-11-01 02:18:25] [STDERR]   File "/opt/homebrew/Caskroom/miniconda/base/lib/python3.11/site-packages/aiohttp/connector.py", line 1581, in _create_direct_connection
[2025-11-01 02:18:25] [STDERR]     raise last_exc
[2025-11-01 02:18:25] [STDERR]   File "/opt/homebrew/Caskroom/miniconda/base/lib/python3.11/site-packages/aiohttp/connector.py", line 1550, in _create_direct_connection
[2025-11-01 02:18:25] [STDERR]     transp, proto = await self._wrap_create_connection(
[2025-11-01 02:18:25] [STDERR]                     ^^^^^^^^^^^^^^^^^^^^^^^^^^^^^^^^^^^
[2025-11-01 02:18:25] [STDERR]   File "/opt/homebrew/Caskroom/miniconda/base/lib/python3.11/site-packages/aiohttp/connector.py", line 1291, in _wrap_create_connection
[2025-11-01 02:18:25] [STDERR]     raise client_error(req.connection_key, exc) from exc
[2025-11-01 02:18:25] [STDERR] aiohttp.client_exceptions.ClientConnectorError: Cannot connect to host localhost:3100 ssl:default [Multiple exceptions: [Errno 61] Connect call failed ('::1', 3100, 0, 0), [Errno 61] Connect call failed ('127.0.0.1', 3100)]
[2025-11-01 02:33:54] [STDERR] 2025-11-01 02:33:54,002 - LokiExporter.loki-exporter - ERROR - Failed to export logs to Loki: Cannot connect to host localhost:3100 ssl:default [Multiple exceptions: [Errno 61] Connect call failed ('127.0.0.1', 3100), [Errno 61] Connect call failed ('::1', 3100, 0, 0)]
[2025-11-01 02:33:54] [STDERR] Traceback (most recent call last):
[2025-11-01 02:33:54] [STDERR]   File "/opt/homebrew/Caskroom/miniconda/base/lib/python3.11/site-packages/aiohttp/connector.py", line 1268, in _wrap_create_connection
[2025-11-01 02:33:54] [STDERR]     sock = await aiohappyeyeballs.start_connection(
[2025-11-01 02:33:54] [STDERR]            ^^^^^^^^^^^^^^^^^^^^^^^^^^^^^^^^^^^^^^^^
[2025-11-01 02:33:54] [STDERR]   File "/opt/homebrew/Caskroom/miniconda/base/lib/python3.11/site-packages/aiohappyeyeballs/impl.py", line 141, in start_connection
[2025-11-01 02:33:54] [STDERR]     raise OSError(first_errno, msg)
[2025-11-01 02:33:54] [STDERR] ConnectionRefusedError: [Errno 61] Multiple exceptions: [Errno 61] Connect call failed ('127.0.0.1', 3100), [Errno 61] Connect call failed ('::1', 3100, 0, 0)
[2025-11-01 02:33:54] [STDERR] 
[2025-11-01 02:33:54] [STDERR] The above exception was the direct cause of the following exception:
[2025-11-01 02:33:54] [STDERR] 
[2025-11-01 02:33:54] [STDERR] Traceback (most recent call last):
[2025-11-01 02:33:54] [STDERR]   File "/Users/leifmarkthaler/github/gleitzeit 0.0.7/src/gleitzeit/workers/loki_exporter_worker.py", line 251, in export_logs_to_loki
[2025-11-01 02:33:54] [STDERR]     async with self.session.post(
[2025-11-01 02:33:54] [STDERR]   File "/opt/homebrew/Caskroom/miniconda/base/lib/python3.11/site-packages/aiohttp/client.py", line 1488, in __aenter__
[2025-11-01 02:33:54] [STDERR]     self._resp: _RetType = await self._coro
[2025-11-01 02:33:54] [STDERR]                            ^^^^^^^^^^^^^^^^
[2025-11-01 02:33:54] [STDERR]   File "/opt/homebrew/Caskroom/miniconda/base/lib/python3.11/site-packages/aiohttp/client.py", line 770, in _request
[2025-11-01 02:33:54] [STDERR]     resp = await handler(req)
[2025-11-01 02:33:54] [STDERR]            ^^^^^^^^^^^^^^^^^^
[2025-11-01 02:33:54] [STDERR]   File "/opt/homebrew/Caskroom/miniconda/base/lib/python3.11/site-packages/aiohttp/client.py", line 725, in _connect_and_send_request
[2025-11-01 02:33:54] [STDERR]     conn = await self._connector.connect(
[2025-11-01 02:33:54] [STDERR]            ^^^^^^^^^^^^^^^^^^^^^^^^^^^^^^
[2025-11-01 02:33:54] [STDERR]   File "/opt/homebrew/Caskroom/miniconda/base/lib/python3.11/site-packages/aiohttp/connector.py", line 642, in connect
[2025-11-01 02:33:54] [STDERR]     proto = await self._create_connection(req, traces, timeout)
[2025-11-01 02:33:54] [STDERR]             ^^^^^^^^^^^^^^^^^^^^^^^^^^^^^^^^^^^^^^^^^^^^^^^^^^^
[2025-11-01 02:33:54] [STDERR]   File "/opt/homebrew/Caskroom/miniconda/base/lib/python3.11/site-packages/aiohttp/connector.py", line 1209, in _create_connection
[2025-11-01 02:33:54] [STDERR]     _, proto = await self._create_direct_connection(req, traces, timeout)
[2025-11-01 02:33:54] [STDERR]                ^^^^^^^^^^^^^^^^^^^^^^^^^^^^^^^^^^^^^^^^^^^^^^^^^^^^^^^^^^
[2025-11-01 02:33:54] [STDERR]   File "/opt/homebrew/Caskroom/miniconda/base/lib/python3.11/site-packages/aiohttp/connector.py", line 1581, in _create_direct_connection
[2025-11-01 02:33:54] [STDERR]     raise last_exc
[2025-11-01 02:33:54] [STDERR]   File "/opt/homebrew/Caskroom/miniconda/base/lib/python3.11/site-packages/aiohttp/connector.py", line 1550, in _create_direct_connection
[2025-11-01 02:33:54] [STDERR]     transp, proto = await self._wrap_create_connection(
[2025-11-01 02:33:54] [STDERR]                     ^^^^^^^^^^^^^^^^^^^^^^^^^^^^^^^^^^^
[2025-11-01 02:33:54] [STDERR]   File "/opt/homebrew/Caskroom/miniconda/base/lib/python3.11/site-packages/aiohttp/connector.py", line 1291, in _wrap_create_connection
[2025-11-01 02:33:54] [STDERR]     raise client_error(req.connection_key, exc) from exc
[2025-11-01 02:33:54] [STDERR] aiohttp.client_exceptions.ClientConnectorError: Cannot connect to host localhost:3100 ssl:default [Multiple exceptions: [Errno 61] Connect call failed ('127.0.0.1', 3100), [Errno 61] Connect call failed ('::1', 3100, 0, 0)]
[2025-11-01 02:50:47] [STDERR] 2025-11-01 02:50:47,765 - LokiExporter.loki-exporter - ERROR - Failed to export logs to Loki: Cannot connect to host localhost:3100 ssl:default [Multiple exceptions: [Errno 61] Connect call failed ('::1', 3100, 0, 0), [Errno 61] Connect call failed ('127.0.0.1', 3100)]
[2025-11-01 02:50:47] [STDERR] Traceback (most recent call last):
[2025-11-01 02:50:47] [STDERR]   File "/opt/homebrew/Caskroom/miniconda/base/lib/python3.11/site-packages/aiohttp/connector.py", line 1268, in _wrap_create_connection
[2025-11-01 02:50:47] [STDERR]     sock = await aiohappyeyeballs.start_connection(
[2025-11-01 02:50:47] [STDERR]            ^^^^^^^^^^^^^^^^^^^^^^^^^^^^^^^^^^^^^^^^
[2025-11-01 02:50:47] [STDERR]   File "/opt/homebrew/Caskroom/miniconda/base/lib/python3.11/site-packages/aiohappyeyeballs/impl.py", line 141, in start_connection
[2025-11-01 02:50:47] [STDERR]     raise OSError(first_errno, msg)
[2025-11-01 02:50:47] [STDERR] ConnectionRefusedError: [Errno 61] Multiple exceptions: [Errno 61] Connect call failed ('::1', 3100, 0, 0), [Errno 61] Connect call failed ('127.0.0.1', 3100)
[2025-11-01 02:50:47] [STDERR] 
[2025-11-01 02:50:47] [STDERR] The above exception was the direct cause of the following exception:
[2025-11-01 02:50:47] [STDERR] 
[2025-11-01 02:50:47] [STDERR] Traceback (most recent call last):
[2025-11-01 02:50:47] [STDERR]   File "/Users/leifmarkthaler/github/gleitzeit 0.0.7/src/gleitzeit/workers/loki_exporter_worker.py", line 251, in export_logs_to_loki
[2025-11-01 02:50:47] [STDERR]     async with self.session.post(
[2025-11-01 02:50:47] [STDERR]   File "/opt/homebrew/Caskroom/miniconda/base/lib/python3.11/site-packages/aiohttp/client.py", line 1488, in __aenter__
[2025-11-01 02:50:47] [STDERR]     self._resp: _RetType = await self._coro
[2025-11-01 02:50:47] [STDERR]                            ^^^^^^^^^^^^^^^^
[2025-11-01 02:50:47] [STDERR]   File "/opt/homebrew/Caskroom/miniconda/base/lib/python3.11/site-packages/aiohttp/client.py", line 770, in _request
[2025-11-01 02:50:47] [STDERR]     resp = await handler(req)
[2025-11-01 02:50:47] [STDERR]            ^^^^^^^^^^^^^^^^^^
[2025-11-01 02:50:47] [STDERR]   File "/opt/homebrew/Caskroom/miniconda/base/lib/python3.11/site-packages/aiohttp/client.py", line 725, in _connect_and_send_request
[2025-11-01 02:50:47] [STDERR]     conn = await self._connector.connect(
[2025-11-01 02:50:47] [STDERR]            ^^^^^^^^^^^^^^^^^^^^^^^^^^^^^^
[2025-11-01 02:50:47] [STDERR]   File "/opt/homebrew/Caskroom/miniconda/base/lib/python3.11/site-packages/aiohttp/connector.py", line 642, in connect
[2025-11-01 02:50:47] [STDERR]     proto = await self._create_connection(req, traces, timeout)
[2025-11-01 02:50:47] [STDERR]             ^^^^^^^^^^^^^^^^^^^^^^^^^^^^^^^^^^^^^^^^^^^^^^^^^^^
[2025-11-01 02:50:47] [STDERR]   File "/opt/homebrew/Caskroom/miniconda/base/lib/python3.11/site-packages/aiohttp/connector.py", line 1209, in _create_connection
[2025-11-01 02:50:47] [STDERR]     _, proto = await self._create_direct_connection(req, traces, timeout)
[2025-11-01 02:50:47] [STDERR]                ^^^^^^^^^^^^^^^^^^^^^^^^^^^^^^^^^^^^^^^^^^^^^^^^^^^^^^^^^^
[2025-11-01 02:50:47] [STDERR]   File "/opt/homebrew/Caskroom/miniconda/base/lib/python3.11/site-packages/aiohttp/connector.py", line 1581, in _create_direct_connection
[2025-11-01 02:50:47] [STDERR]     raise last_exc
[2025-11-01 02:50:47] [STDERR]   File "/opt/homebrew/Caskroom/miniconda/base/lib/python3.11/site-packages/aiohttp/connector.py", line 1550, in _create_direct_connection
[2025-11-01 02:50:47] [STDERR]     transp, proto = await self._wrap_create_connection(
[2025-11-01 02:50:47] [STDERR]                     ^^^^^^^^^^^^^^^^^^^^^^^^^^^^^^^^^^^
[2025-11-01 02:50:47] [STDERR]   File "/opt/homebrew/Caskroom/miniconda/base/lib/python3.11/site-packages/aiohttp/connector.py", line 1291, in _wrap_create_connection
[2025-11-01 02:50:47] [STDERR]     raise client_error(req.connection_key, exc) from exc
[2025-11-01 02:50:47] [STDERR] aiohttp.client_exceptions.ClientConnectorError: Cannot connect to host localhost:3100 ssl:default [Multiple exceptions: [Errno 61] Connect call failed ('::1', 3100, 0, 0), [Errno 61] Connect call failed ('127.0.0.1', 3100)]
[2025-11-01 03:06:07] [STDERR] 2025-11-01 03:06:07,551 - LokiExporter.loki-exporter - ERROR - Failed to export logs to Loki: Cannot connect to host localhost:3100 ssl:default [Multiple exceptions: [Errno 61] Connect call failed ('127.0.0.1', 3100), [Errno 61] Connect call failed ('::1', 3100, 0, 0)]
[2025-11-01 03:06:07] [STDERR] Traceback (most recent call last):
[2025-11-01 03:06:07] [STDERR]   File "/opt/homebrew/Caskroom/miniconda/base/lib/python3.11/site-packages/aiohttp/connector.py", line 1268, in _wrap_create_connection
[2025-11-01 03:06:07] [STDERR]     sock = await aiohappyeyeballs.start_connection(
[2025-11-01 03:06:07] [STDERR]            ^^^^^^^^^^^^^^^^^^^^^^^^^^^^^^^^^^^^^^^^
[2025-11-01 03:06:07] [STDERR]   File "/opt/homebrew/Caskroom/miniconda/base/lib/python3.11/site-packages/aiohappyeyeballs/impl.py", line 141, in start_connection
[2025-11-01 03:06:07] [STDERR]     raise OSError(first_errno, msg)
[2025-11-01 03:06:07] [STDERR] ConnectionRefusedError: [Errno 61] Multiple exceptions: [Errno 61] Connect call failed ('127.0.0.1', 3100), [Errno 61] Connect call failed ('::1', 3100, 0, 0)
[2025-11-01 03:06:07] [STDERR] 
[2025-11-01 03:06:07] [STDERR] The above exception was the direct cause of the following exception:
[2025-11-01 03:06:07] [STDERR] 
[2025-11-01 03:06:07] [STDERR] Traceback (most recent call last):
[2025-11-01 03:06:07] [STDERR]   File "/Users/leifmarkthaler/github/gleitzeit 0.0.7/src/gleitzeit/workers/loki_exporter_worker.py", line 251, in export_logs_to_loki
[2025-11-01 03:06:07] [STDERR]     async with self.session.post(
[2025-11-01 03:06:07] [STDERR]   File "/opt/homebrew/Caskroom/miniconda/base/lib/python3.11/site-packages/aiohttp/client.py", line 1488, in __aenter__
[2025-11-01 03:06:07] [STDERR]     self._resp: _RetType = await self._coro
[2025-11-01 03:06:07] [STDERR]                            ^^^^^^^^^^^^^^^^
[2025-11-01 03:06:07] [STDERR]   File "/opt/homebrew/Caskroom/miniconda/base/lib/python3.11/site-packages/aiohttp/client.py", line 770, in _request
[2025-11-01 03:06:07] [STDERR]     resp = await handler(req)
[2025-11-01 03:06:07] [STDERR]            ^^^^^^^^^^^^^^^^^^
[2025-11-01 03:06:07] [STDERR]   File "/opt/homebrew/Caskroom/miniconda/base/lib/python3.11/site-packages/aiohttp/client.py", line 725, in _connect_and_send_request
[2025-11-01 03:06:07] [STDERR]     conn = await self._connector.connect(
[2025-11-01 03:06:07] [STDERR]            ^^^^^^^^^^^^^^^^^^^^^^^^^^^^^^
[2025-11-01 03:06:07] [STDERR]   File "/opt/homebrew/Caskroom/miniconda/base/lib/python3.11/site-packages/aiohttp/connector.py", line 642, in connect
[2025-11-01 03:06:07] [STDERR]     proto = await self._create_connection(req, traces, timeout)
[2025-11-01 03:06:07] [STDERR]             ^^^^^^^^^^^^^^^^^^^^^^^^^^^^^^^^^^^^^^^^^^^^^^^^^^^
[2025-11-01 03:06:07] [STDERR]   File "/opt/homebrew/Caskroom/miniconda/base/lib/python3.11/site-packages/aiohttp/connector.py", line 1209, in _create_connection
[2025-11-01 03:06:07] [STDERR]     _, proto = await self._create_direct_connection(req, traces, timeout)
[2025-11-01 03:06:07] [STDERR]                ^^^^^^^^^^^^^^^^^^^^^^^^^^^^^^^^^^^^^^^^^^^^^^^^^^^^^^^^^^
[2025-11-01 03:06:07] [STDERR]   File "/opt/homebrew/Caskroom/miniconda/base/lib/python3.11/site-packages/aiohttp/connector.py", line 1581, in _create_direct_connection
[2025-11-01 03:06:07] [STDERR]     raise last_exc
[2025-11-01 03:06:07] [STDERR]   File "/opt/homebrew/Caskroom/miniconda/base/lib/python3.11/site-packages/aiohttp/connector.py", line 1550, in _create_direct_connection
[2025-11-01 03:06:07] [STDERR]     transp, proto = await self._wrap_create_connection(
[2025-11-01 03:06:07] [STDERR]                     ^^^^^^^^^^^^^^^^^^^^^^^^^^^^^^^^^^^
[2025-11-01 03:06:07] [STDERR]   File "/opt/homebrew/Caskroom/miniconda/base/lib/python3.11/site-packages/aiohttp/connector.py", line 1291, in _wrap_create_connection
[2025-11-01 03:06:07] [STDERR]     raise client_error(req.connection_key, exc) from exc
[2025-11-01 03:06:07] [STDERR] aiohttp.client_exceptions.ClientConnectorError: Cannot connect to host localhost:3100 ssl:default [Multiple exceptions: [Errno 61] Connect call failed ('127.0.0.1', 3100), [Errno 61] Connect call failed ('::1', 3100, 0, 0)]
[2025-11-01 03:21:21] [STDERR] 2025-11-01 03:21:21,323 - LokiExporter.loki-exporter - ERROR - Failed to export logs to Loki: Cannot connect to host localhost:3100 ssl:default [Multiple exceptions: [Errno 61] Connect call failed ('::1', 3100, 0, 0), [Errno 61] Connect call failed ('127.0.0.1', 3100)]
[2025-11-01 03:21:21] [STDERR] Traceback (most recent call last):
[2025-11-01 03:21:21] [STDERR]   File "/opt/homebrew/Caskroom/miniconda/base/lib/python3.11/site-packages/aiohttp/connector.py", line 1268, in _wrap_create_connection
[2025-11-01 03:21:21] [STDERR]     sock = await aiohappyeyeballs.start_connection(
[2025-11-01 03:21:21] [STDERR]            ^^^^^^^^^^^^^^^^^^^^^^^^^^^^^^^^^^^^^^^^
[2025-11-01 03:21:21] [STDERR]   File "/opt/homebrew/Caskroom/miniconda/base/lib/python3.11/site-packages/aiohappyeyeballs/impl.py", line 141, in start_connection
[2025-11-01 03:21:21] [STDERR]     raise OSError(first_errno, msg)
[2025-11-01 03:21:21] [STDERR] ConnectionRefusedError: [Errno 61] Multiple exceptions: [Errno 61] Connect call failed ('::1', 3100, 0, 0), [Errno 61] Connect call failed ('127.0.0.1', 3100)
[2025-11-01 03:21:21] [STDERR] 
[2025-11-01 03:21:21] [STDERR] The above exception was the direct cause of the following exception:
[2025-11-01 03:21:21] [STDERR] 
[2025-11-01 03:21:21] [STDERR] Traceback (most recent call last):
[2025-11-01 03:21:21] [STDERR]   File "/Users/leifmarkthaler/github/gleitzeit 0.0.7/src/gleitzeit/workers/loki_exporter_worker.py", line 251, in export_logs_to_loki
[2025-11-01 03:21:21] [STDERR]     async with self.session.post(
[2025-11-01 03:21:21] [STDERR]   File "/opt/homebrew/Caskroom/miniconda/base/lib/python3.11/site-packages/aiohttp/client.py", line 1488, in __aenter__
[2025-11-01 03:21:21] [STDERR]     self._resp: _RetType = await self._coro
[2025-11-01 03:21:21] [STDERR]                            ^^^^^^^^^^^^^^^^
[2025-11-01 03:21:21] [STDERR]   File "/opt/homebrew/Caskroom/miniconda/base/lib/python3.11/site-packages/aiohttp/client.py", line 770, in _request
[2025-11-01 03:21:21] [STDERR]     resp = await handler(req)
[2025-11-01 03:21:21] [STDERR]            ^^^^^^^^^^^^^^^^^^
[2025-11-01 03:21:21] [STDERR]   File "/opt/homebrew/Caskroom/miniconda/base/lib/python3.11/site-packages/aiohttp/client.py", line 725, in _connect_and_send_request
[2025-11-01 03:21:21] [STDERR]     conn = await self._connector.connect(
[2025-11-01 03:21:21] [STDERR]            ^^^^^^^^^^^^^^^^^^^^^^^^^^^^^^
[2025-11-01 03:21:21] [STDERR]   File "/opt/homebrew/Caskroom/miniconda/base/lib/python3.11/site-packages/aiohttp/connector.py", line 642, in connect
[2025-11-01 03:21:21] [STDERR]     proto = await self._create_connection(req, traces, timeout)
[2025-11-01 03:21:21] [STDERR]             ^^^^^^^^^^^^^^^^^^^^^^^^^^^^^^^^^^^^^^^^^^^^^^^^^^^
[2025-11-01 03:21:21] [STDERR]   File "/opt/homebrew/Caskroom/miniconda/base/lib/python3.11/site-packages/aiohttp/connector.py", line 1209, in _create_connection
[2025-11-01 03:21:21] [STDERR]     _, proto = await self._create_direct_connection(req, traces, timeout)
[2025-11-01 03:21:21] [STDERR]                ^^^^^^^^^^^^^^^^^^^^^^^^^^^^^^^^^^^^^^^^^^^^^^^^^^^^^^^^^^
[2025-11-01 03:21:21] [STDERR]   File "/opt/homebrew/Caskroom/miniconda/base/lib/python3.11/site-packages/aiohttp/connector.py", line 1581, in _create_direct_connection
[2025-11-01 03:21:21] [STDERR]     raise last_exc
[2025-11-01 03:21:21] [STDERR]   File "/opt/homebrew/Caskroom/miniconda/base/lib/python3.11/site-packages/aiohttp/connector.py", line 1550, in _create_direct_connection
[2025-11-01 03:21:21] [STDERR]     transp, proto = await self._wrap_create_connection(
[2025-11-01 03:21:21] [STDERR]                     ^^^^^^^^^^^^^^^^^^^^^^^^^^^^^^^^^^^
[2025-11-01 03:21:21] [STDERR]   File "/opt/homebrew/Caskroom/miniconda/base/lib/python3.11/site-packages/aiohttp/connector.py", line 1291, in _wrap_create_connection
[2025-11-01 03:21:21] [STDERR]     raise client_error(req.connection_key, exc) from exc
[2025-11-01 03:21:21] [STDERR] aiohttp.client_exceptions.ClientConnectorError: Cannot connect to host localhost:3100 ssl:default [Multiple exceptions: [Errno 61] Connect call failed ('::1', 3100, 0, 0), [Errno 61] Connect call failed ('127.0.0.1', 3100)]
[2025-11-01 03:39:08] [STDERR] 2025-11-01 03:39:08,100 - LokiExporter.loki-exporter - ERROR - Failed to export logs to Loki: Cannot connect to host localhost:3100 ssl:default [Multiple exceptions: [Errno 61] Connect call failed ('127.0.0.1', 3100), [Errno 61] Connect call failed ('::1', 3100, 0, 0)]
[2025-11-01 03:39:08] [STDERR] Traceback (most recent call last):
[2025-11-01 03:39:08] [STDERR]   File "/opt/homebrew/Caskroom/miniconda/base/lib/python3.11/site-packages/aiohttp/connector.py", line 1268, in _wrap_create_connection
[2025-11-01 03:39:08] [STDERR]     sock = await aiohappyeyeballs.start_connection(
[2025-11-01 03:39:08] [STDERR]            ^^^^^^^^^^^^^^^^^^^^^^^^^^^^^^^^^^^^^^^^
[2025-11-01 03:39:08] [STDERR]   File "/opt/homebrew/Caskroom/miniconda/base/lib/python3.11/site-packages/aiohappyeyeballs/impl.py", line 141, in start_connection
[2025-11-01 03:39:08] [STDERR]     raise OSError(first_errno, msg)
[2025-11-01 03:39:08] [STDERR] ConnectionRefusedError: [Errno 61] Multiple exceptions: [Errno 61] Connect call failed ('127.0.0.1', 3100), [Errno 61] Connect call failed ('::1', 3100, 0, 0)
[2025-11-01 03:39:08] [STDERR] 
[2025-11-01 03:39:08] [STDERR] The above exception was the direct cause of the following exception:
[2025-11-01 03:39:08] [STDERR] 
[2025-11-01 03:39:08] [STDERR] Traceback (most recent call last):
[2025-11-01 03:39:08] [STDERR]   File "/Users/leifmarkthaler/github/gleitzeit 0.0.7/src/gleitzeit/workers/loki_exporter_worker.py", line 251, in export_logs_to_loki
[2025-11-01 03:39:08] [STDERR]     async with self.session.post(
[2025-11-01 03:39:08] [STDERR]   File "/opt/homebrew/Caskroom/miniconda/base/lib/python3.11/site-packages/aiohttp/client.py", line 1488, in __aenter__
[2025-11-01 03:39:08] [STDERR]     self._resp: _RetType = await self._coro
[2025-11-01 03:39:08] [STDERR]                            ^^^^^^^^^^^^^^^^
[2025-11-01 03:39:08] [STDERR]   File "/opt/homebrew/Caskroom/miniconda/base/lib/python3.11/site-packages/aiohttp/client.py", line 770, in _request
[2025-11-01 03:39:08] [STDERR]     resp = await handler(req)
[2025-11-01 03:39:08] [STDERR]            ^^^^^^^^^^^^^^^^^^
[2025-11-01 03:39:08] [STDERR]   File "/opt/homebrew/Caskroom/miniconda/base/lib/python3.11/site-packages/aiohttp/client.py", line 725, in _connect_and_send_request
[2025-11-01 03:39:08] [STDERR]     conn = await self._connector.connect(
[2025-11-01 03:39:08] [STDERR]            ^^^^^^^^^^^^^^^^^^^^^^^^^^^^^^
[2025-11-01 03:39:08] [STDERR]   File "/opt/homebrew/Caskroom/miniconda/base/lib/python3.11/site-packages/aiohttp/connector.py", line 642, in connect
[2025-11-01 03:39:08] [STDERR]     proto = await self._create_connection(req, traces, timeout)
[2025-11-01 03:39:08] [STDERR]             ^^^^^^^^^^^^^^^^^^^^^^^^^^^^^^^^^^^^^^^^^^^^^^^^^^^
[2025-11-01 03:39:08] [STDERR]   File "/opt/homebrew/Caskroom/miniconda/base/lib/python3.11/site-packages/aiohttp/connector.py", line 1209, in _create_connection
[2025-11-01 03:39:08] [STDERR]     _, proto = await self._create_direct_connection(req, traces, timeout)
[2025-11-01 03:39:08] [STDERR]                ^^^^^^^^^^^^^^^^^^^^^^^^^^^^^^^^^^^^^^^^^^^^^^^^^^^^^^^^^^
[2025-11-01 03:39:08] [STDERR]   File "/opt/homebrew/Caskroom/miniconda/base/lib/python3.11/site-packages/aiohttp/connector.py", line 1581, in _create_direct_connection
[2025-11-01 03:39:08] [STDERR]     raise last_exc
[2025-11-01 03:39:08] [STDERR]   File "/opt/homebrew/Caskroom/miniconda/base/lib/python3.11/site-packages/aiohttp/connector.py", line 1550, in _create_direct_connection
[2025-11-01 03:39:08] [STDERR]     transp, proto = await self._wrap_create_connection(
[2025-11-01 03:39:08] [STDERR]                     ^^^^^^^^^^^^^^^^^^^^^^^^^^^^^^^^^^^
[2025-11-01 03:39:08] [STDERR]   File "/opt/homebrew/Caskroom/miniconda/base/lib/python3.11/site-packages/aiohttp/connector.py", line 1291, in _wrap_create_connection
[2025-11-01 03:39:08] [STDERR]     raise client_error(req.connection_key, exc) from exc
[2025-11-01 03:39:08] [STDERR] aiohttp.client_exceptions.ClientConnectorError: Cannot connect to host localhost:3100 ssl:default [Multiple exceptions: [Errno 61] Connect call failed ('127.0.0.1', 3100), [Errno 61] Connect call failed ('::1', 3100, 0, 0)]
[2025-11-01 03:55:50] [STDERR] 2025-11-01 03:55:50,994 - LokiExporter.loki-exporter - ERROR - Failed to export logs to Loki: Cannot connect to host localhost:3100 ssl:default [Multiple exceptions: [Errno 61] Connect call failed ('::1', 3100, 0, 0), [Errno 61] Connect call failed ('127.0.0.1', 3100)]
[2025-11-01 03:55:50] [STDERR] Traceback (most recent call last):
[2025-11-01 03:55:50] [STDERR]   File "/opt/homebrew/Caskroom/miniconda/base/lib/python3.11/site-packages/aiohttp/connector.py", line 1268, in _wrap_create_connection
[2025-11-01 03:55:50] [STDERR]     sock = await aiohappyeyeballs.start_connection(
[2025-11-01 03:55:50] [STDERR]            ^^^^^^^^^^^^^^^^^^^^^^^^^^^^^^^^^^^^^^^^
[2025-11-01 03:55:50] [STDERR]   File "/opt/homebrew/Caskroom/miniconda/base/lib/python3.11/site-packages/aiohappyeyeballs/impl.py", line 141, in start_connection
[2025-11-01 03:55:50] [STDERR]     raise OSError(first_errno, msg)
[2025-11-01 03:55:50] [STDERR] ConnectionRefusedError: [Errno 61] Multiple exceptions: [Errno 61] Connect call failed ('::1', 3100, 0, 0), [Errno 61] Connect call failed ('127.0.0.1', 3100)
[2025-11-01 03:55:50] [STDERR] 
[2025-11-01 03:55:50] [STDERR] The above exception was the direct cause of the following exception:
[2025-11-01 03:55:50] [STDERR] 
[2025-11-01 03:55:50] [STDERR] Traceback (most recent call last):
[2025-11-01 03:55:50] [STDERR]   File "/Users/leifmarkthaler/github/gleitzeit 0.0.7/src/gleitzeit/workers/loki_exporter_worker.py", line 251, in export_logs_to_loki
[2025-11-01 03:55:50] [STDERR]     async with self.session.post(
[2025-11-01 03:55:50] [STDERR]   File "/opt/homebrew/Caskroom/miniconda/base/lib/python3.11/site-packages/aiohttp/client.py", line 1488, in __aenter__
[2025-11-01 03:55:50] [STDERR]     self._resp: _RetType = await self._coro
[2025-11-01 03:55:50] [STDERR]                            ^^^^^^^^^^^^^^^^
[2025-11-01 03:55:50] [STDERR]   File "/opt/homebrew/Caskroom/miniconda/base/lib/python3.11/site-packages/aiohttp/client.py", line 770, in _request
[2025-11-01 03:55:50] [STDERR]     resp = await handler(req)
[2025-11-01 03:55:50] [STDERR]            ^^^^^^^^^^^^^^^^^^
[2025-11-01 03:55:50] [STDERR]   File "/opt/homebrew/Caskroom/miniconda/base/lib/python3.11/site-packages/aiohttp/client.py", line 725, in _connect_and_send_request
[2025-11-01 03:55:50] [STDERR]     conn = await self._connector.connect(
[2025-11-01 03:55:50] [STDERR]            ^^^^^^^^^^^^^^^^^^^^^^^^^^^^^^
[2025-11-01 03:55:50] [STDERR]   File "/opt/homebrew/Caskroom/miniconda/base/lib/python3.11/site-packages/aiohttp/connector.py", line 642, in connect
[2025-11-01 03:55:50] [STDERR]     proto = await self._create_connection(req, traces, timeout)
[2025-11-01 03:55:50] [STDERR]             ^^^^^^^^^^^^^^^^^^^^^^^^^^^^^^^^^^^^^^^^^^^^^^^^^^^
[2025-11-01 03:55:50] [STDERR]   File "/opt/homebrew/Caskroom/miniconda/base/lib/python3.11/site-packages/aiohttp/connector.py", line 1209, in _create_connection
[2025-11-01 03:55:50] [STDERR]     _, proto = await self._create_direct_connection(req, traces, timeout)
[2025-11-01 03:55:50] [STDERR]                ^^^^^^^^^^^^^^^^^^^^^^^^^^^^^^^^^^^^^^^^^^^^^^^^^^^^^^^^^^
[2025-11-01 03:55:50] [STDERR]   File "/opt/homebrew/Caskroom/miniconda/base/lib/python3.11/site-packages/aiohttp/connector.py", line 1581, in _create_direct_connection
[2025-11-01 03:55:50] [STDERR]     raise last_exc
[2025-11-01 03:55:50] [STDERR]   File "/opt/homebrew/Caskroom/miniconda/base/lib/python3.11/site-packages/aiohttp/connector.py", line 1550, in _create_direct_connection
[2025-11-01 03:55:50] [STDERR]     transp, proto = await self._wrap_create_connection(
[2025-11-01 03:55:50] [STDERR]                     ^^^^^^^^^^^^^^^^^^^^^^^^^^^^^^^^^^^
[2025-11-01 03:55:50] [STDERR]   File "/opt/homebrew/Caskroom/miniconda/base/lib/python3.11/site-packages/aiohttp/connector.py", line 1291, in _wrap_create_connection
[2025-11-01 03:55:50] [STDERR]     raise client_error(req.connection_key, exc) from exc
[2025-11-01 03:55:50] [STDERR] aiohttp.client_exceptions.ClientConnectorError: Cannot connect to host localhost:3100 ssl:default [Multiple exceptions: [Errno 61] Connect call failed ('::1', 3100, 0, 0), [Errno 61] Connect call failed ('127.0.0.1', 3100)]
[2025-11-01 03:55:56] [STDERR] 2025-11-01 03:55:56,027 - LokiExporter.loki-exporter - ERROR - Failed to export logs to Loki: Cannot connect to host localhost:3100 ssl:default [Multiple exceptions: [Errno 61] Connect call failed ('127.0.0.1', 3100), [Errno 61] Connect call failed ('::1', 3100, 0, 0)]
[2025-11-01 03:55:56] [STDERR] Traceback (most recent call last):
[2025-11-01 03:55:56] [STDERR]   File "/opt/homebrew/Caskroom/miniconda/base/lib/python3.11/site-packages/aiohttp/connector.py", line 1268, in _wrap_create_connection
[2025-11-01 03:55:56] [STDERR]     sock = await aiohappyeyeballs.start_connection(
[2025-11-01 03:55:56] [STDERR]            ^^^^^^^^^^^^^^^^^^^^^^^^^^^^^^^^^^^^^^^^
[2025-11-01 03:55:56] [STDERR]   File "/opt/homebrew/Caskroom/miniconda/base/lib/python3.11/site-packages/aiohappyeyeballs/impl.py", line 141, in start_connection
[2025-11-01 03:55:56] [STDERR]     raise OSError(first_errno, msg)
[2025-11-01 03:55:56] [STDERR] ConnectionRefusedError: [Errno 61] Multiple exceptions: [Errno 61] Connect call failed ('127.0.0.1', 3100), [Errno 61] Connect call failed ('::1', 3100, 0, 0)
[2025-11-01 03:55:56] [STDERR] 
[2025-11-01 03:55:56] [STDERR] The above exception was the direct cause of the following exception:
[2025-11-01 03:55:56] [STDERR] 
[2025-11-01 03:55:56] [STDERR] Traceback (most recent call last):
[2025-11-01 03:55:56] [STDERR]   File "/Users/leifmarkthaler/github/gleitzeit 0.0.7/src/gleitzeit/workers/loki_exporter_worker.py", line 251, in export_logs_to_loki
[2025-11-01 03:55:56] [STDERR]     async with self.session.post(
[2025-11-01 03:55:56] [STDERR]   File "/opt/homebrew/Caskroom/miniconda/base/lib/python3.11/site-packages/aiohttp/client.py", line 1488, in __aenter__
[2025-11-01 03:55:56] [STDERR]     self._resp: _RetType = await self._coro
[2025-11-01 03:55:56] [STDERR]                            ^^^^^^^^^^^^^^^^
[2025-11-01 03:55:56] [STDERR]   File "/opt/homebrew/Caskroom/miniconda/base/lib/python3.11/site-packages/aiohttp/client.py", line 770, in _request
[2025-11-01 03:55:56] [STDERR]     resp = await handler(req)
[2025-11-01 03:55:56] [STDERR]            ^^^^^^^^^^^^^^^^^^
[2025-11-01 03:55:56] [STDERR]   File "/opt/homebrew/Caskroom/miniconda/base/lib/python3.11/site-packages/aiohttp/client.py", line 725, in _connect_and_send_request
[2025-11-01 03:55:56] [STDERR]     conn = await self._connector.connect(
[2025-11-01 03:55:56] [STDERR]            ^^^^^^^^^^^^^^^^^^^^^^^^^^^^^^
[2025-11-01 03:55:56] [STDERR]   File "/opt/homebrew/Caskroom/miniconda/base/lib/python3.11/site-packages/aiohttp/connector.py", line 642, in connect
[2025-11-01 03:55:56] [STDERR]     proto = await self._create_connection(req, traces, timeout)
[2025-11-01 03:55:56] [STDERR]             ^^^^^^^^^^^^^^^^^^^^^^^^^^^^^^^^^^^^^^^^^^^^^^^^^^^
[2025-11-01 03:55:56] [STDERR]   File "/opt/homebrew/Caskroom/miniconda/base/lib/python3.11/site-packages/aiohttp/connector.py", line 1209, in _create_connection
[2025-11-01 03:55:56] [STDERR]     _, proto = await self._create_direct_connection(req, traces, timeout)
[2025-11-01 03:55:56] [STDERR]                ^^^^^^^^^^^^^^^^^^^^^^^^^^^^^^^^^^^^^^^^^^^^^^^^^^^^^^^^^^
[2025-11-01 03:55:56] [STDERR]   File "/opt/homebrew/Caskroom/miniconda/base/lib/python3.11/site-packages/aiohttp/connector.py", line 1581, in _create_direct_connection
[2025-11-01 03:55:56] [STDERR]     raise last_exc
[2025-11-01 03:55:56] [STDERR]   File "/opt/homebrew/Caskroom/miniconda/base/lib/python3.11/site-packages/aiohttp/connector.py", line 1550, in _create_direct_connection
[2025-11-01 03:55:56] [STDERR]     transp, proto = await self._wrap_create_connection(
[2025-11-01 03:55:56] [STDERR]                     ^^^^^^^^^^^^^^^^^^^^^^^^^^^^^^^^^^^
[2025-11-01 03:55:56] [STDERR]   File "/opt/homebrew/Caskroom/miniconda/base/lib/python3.11/site-packages/aiohttp/connector.py", line 1291, in _wrap_create_connection
[2025-11-01 03:55:56] [STDERR]     raise client_error(req.connection_key, exc) from exc
[2025-11-01 03:55:56] [STDERR] aiohttp.client_exceptions.ClientConnectorError: Cannot connect to host localhost:3100 ssl:default [Multiple exceptions: [Errno 61] Connect call failed ('127.0.0.1', 3100), [Errno 61] Connect call failed ('::1', 3100, 0, 0)]
[2025-11-01 04:12:36] [STDERR] 2025-11-01 04:12:36,815 - LokiExporter.loki-exporter - ERROR - Failed to export logs to Loki: Cannot connect to host localhost:3100 ssl:default [Multiple exceptions: [Errno 61] Connect call failed ('::1', 3100, 0, 0), [Errno 61] Connect call failed ('127.0.0.1', 3100)]
[2025-11-01 04:12:36] [STDERR] Traceback (most recent call last):
[2025-11-01 04:12:36] [STDERR]   File "/opt/homebrew/Caskroom/miniconda/base/lib/python3.11/site-packages/aiohttp/connector.py", line 1268, in _wrap_create_connection
[2025-11-01 04:12:36] [STDERR]     sock = await aiohappyeyeballs.start_connection(
[2025-11-01 04:12:36] [STDERR]            ^^^^^^^^^^^^^^^^^^^^^^^^^^^^^^^^^^^^^^^^
[2025-11-01 04:12:36] [STDERR]   File "/opt/homebrew/Caskroom/miniconda/base/lib/python3.11/site-packages/aiohappyeyeballs/impl.py", line 141, in start_connection
[2025-11-01 04:12:36] [STDERR]     raise OSError(first_errno, msg)
[2025-11-01 04:12:36] [STDERR] ConnectionRefusedError: [Errno 61] Multiple exceptions: [Errno 61] Connect call failed ('::1', 3100, 0, 0), [Errno 61] Connect call failed ('127.0.0.1', 3100)
[2025-11-01 04:12:36] [STDERR] 
[2025-11-01 04:12:36] [STDERR] The above exception was the direct cause of the following exception:
[2025-11-01 04:12:36] [STDERR] 
[2025-11-01 04:12:36] [STDERR] Traceback (most recent call last):
[2025-11-01 04:12:36] [STDERR]   File "/Users/leifmarkthaler/github/gleitzeit 0.0.7/src/gleitzeit/workers/loki_exporter_worker.py", line 251, in export_logs_to_loki
[2025-11-01 04:12:36] [STDERR]     async with self.session.post(
[2025-11-01 04:12:36] [STDERR]   File "/opt/homebrew/Caskroom/miniconda/base/lib/python3.11/site-packages/aiohttp/client.py", line 1488, in __aenter__
[2025-11-01 04:12:36] [STDERR]     self._resp: _RetType = await self._coro
[2025-11-01 04:12:36] [STDERR]                            ^^^^^^^^^^^^^^^^
[2025-11-01 04:12:36] [STDERR]   File "/opt/homebrew/Caskroom/miniconda/base/lib/python3.11/site-packages/aiohttp/client.py", line 770, in _request
[2025-11-01 04:12:36] [STDERR]     resp = await handler(req)
[2025-11-01 04:12:36] [STDERR]            ^^^^^^^^^^^^^^^^^^
[2025-11-01 04:12:36] [STDERR]   File "/opt/homebrew/Caskroom/miniconda/base/lib/python3.11/site-packages/aiohttp/client.py", line 725, in _connect_and_send_request
[2025-11-01 04:12:36] [STDERR]     conn = await self._connector.connect(
[2025-11-01 04:12:36] [STDERR]            ^^^^^^^^^^^^^^^^^^^^^^^^^^^^^^
[2025-11-01 04:12:36] [STDERR]   File "/opt/homebrew/Caskroom/miniconda/base/lib/python3.11/site-packages/aiohttp/connector.py", line 642, in connect
[2025-11-01 04:12:36] [STDERR]     proto = await self._create_connection(req, traces, timeout)
[2025-11-01 04:12:36] [STDERR]             ^^^^^^^^^^^^^^^^^^^^^^^^^^^^^^^^^^^^^^^^^^^^^^^^^^^
[2025-11-01 04:12:36] [STDERR]   File "/opt/homebrew/Caskroom/miniconda/base/lib/python3.11/site-packages/aiohttp/connector.py", line 1209, in _create_connection
[2025-11-01 04:12:36] [STDERR]     _, proto = await self._create_direct_connection(req, traces, timeout)
[2025-11-01 04:12:36] [STDERR]                ^^^^^^^^^^^^^^^^^^^^^^^^^^^^^^^^^^^^^^^^^^^^^^^^^^^^^^^^^^
[2025-11-01 04:12:36] [STDERR]   File "/opt/homebrew/Caskroom/miniconda/base/lib/python3.11/site-packages/aiohttp/connector.py", line 1581, in _create_direct_connection
[2025-11-01 04:12:36] [STDERR]     raise last_exc
[2025-11-01 04:12:36] [STDERR]   File "/opt/homebrew/Caskroom/miniconda/base/lib/python3.11/site-packages/aiohttp/connector.py", line 1550, in _create_direct_connection
[2025-11-01 04:12:36] [STDERR]     transp, proto = await self._wrap_create_connection(
[2025-11-01 04:12:36] [STDERR]                     ^^^^^^^^^^^^^^^^^^^^^^^^^^^^^^^^^^^
[2025-11-01 04:12:36] [STDERR]   File "/opt/homebrew/Caskroom/miniconda/base/lib/python3.11/site-packages/aiohttp/connector.py", line 1291, in _wrap_create_connection
[2025-11-01 04:12:36] [STDERR]     raise client_error(req.connection_key, exc) from exc
[2025-11-01 04:12:36] [STDERR] aiohttp.client_exceptions.ClientConnectorError: Cannot connect to host localhost:3100 ssl:default [Multiple exceptions: [Errno 61] Connect call failed ('::1', 3100, 0, 0), [Errno 61] Connect call failed ('127.0.0.1', 3100)]
[2025-11-01 04:29:26] [STDERR] 2025-11-01 04:29:26,591 - LokiExporter.loki-exporter - ERROR - Failed to export logs to Loki: Cannot connect to host localhost:3100 ssl:default [Multiple exceptions: [Errno 61] Connect call failed ('127.0.0.1', 3100), [Errno 61] Connect call failed ('::1', 3100, 0, 0)]
[2025-11-01 04:29:26] [STDERR] Traceback (most recent call last):
[2025-11-01 04:29:26] [STDERR]   File "/opt/homebrew/Caskroom/miniconda/base/lib/python3.11/site-packages/aiohttp/connector.py", line 1268, in _wrap_create_connection
[2025-11-01 04:29:26] [STDERR]     sock = await aiohappyeyeballs.start_connection(
[2025-11-01 04:29:26] [STDERR]            ^^^^^^^^^^^^^^^^^^^^^^^^^^^^^^^^^^^^^^^^
[2025-11-01 04:29:26] [STDERR]   File "/opt/homebrew/Caskroom/miniconda/base/lib/python3.11/site-packages/aiohappyeyeballs/impl.py", line 141, in start_connection
[2025-11-01 04:29:26] [STDERR]     raise OSError(first_errno, msg)
[2025-11-01 04:29:26] [STDERR] ConnectionRefusedError: [Errno 61] Multiple exceptions: [Errno 61] Connect call failed ('127.0.0.1', 3100), [Errno 61] Connect call failed ('::1', 3100, 0, 0)
[2025-11-01 04:29:26] [STDERR] 
[2025-11-01 04:29:26] [STDERR] The above exception was the direct cause of the following exception:
[2025-11-01 04:29:26] [STDERR] 
[2025-11-01 04:29:26] [STDERR] Traceback (most recent call last):
[2025-11-01 04:29:26] [STDERR]   File "/Users/leifmarkthaler/github/gleitzeit 0.0.7/src/gleitzeit/workers/loki_exporter_worker.py", line 251, in export_logs_to_loki
[2025-11-01 04:29:26] [STDERR]     async with self.session.post(
[2025-11-01 04:29:26] [STDERR]   File "/opt/homebrew/Caskroom/miniconda/base/lib/python3.11/site-packages/aiohttp/client.py", line 1488, in __aenter__
[2025-11-01 04:29:26] [STDERR]     self._resp: _RetType = await self._coro
[2025-11-01 04:29:26] [STDERR]                            ^^^^^^^^^^^^^^^^
[2025-11-01 04:29:26] [STDERR]   File "/opt/homebrew/Caskroom/miniconda/base/lib/python3.11/site-packages/aiohttp/client.py", line 770, in _request
[2025-11-01 04:29:26] [STDERR]     resp = await handler(req)
[2025-11-01 04:29:26] [STDERR]            ^^^^^^^^^^^^^^^^^^
[2025-11-01 04:29:26] [STDERR]   File "/opt/homebrew/Caskroom/miniconda/base/lib/python3.11/site-packages/aiohttp/client.py", line 725, in _connect_and_send_request
[2025-11-01 04:29:26] [STDERR]     conn = await self._connector.connect(
[2025-11-01 04:29:26] [STDERR]            ^^^^^^^^^^^^^^^^^^^^^^^^^^^^^^
[2025-11-01 04:29:26] [STDERR]   File "/opt/homebrew/Caskroom/miniconda/base/lib/python3.11/site-packages/aiohttp/connector.py", line 642, in connect
[2025-11-01 04:29:26] [STDERR]     proto = await self._create_connection(req, traces, timeout)
[2025-11-01 04:29:26] [STDERR]             ^^^^^^^^^^^^^^^^^^^^^^^^^^^^^^^^^^^^^^^^^^^^^^^^^^^
[2025-11-01 04:29:26] [STDERR]   File "/opt/homebrew/Caskroom/miniconda/base/lib/python3.11/site-packages/aiohttp/connector.py", line 1209, in _create_connection
[2025-11-01 04:29:26] [STDERR]     _, proto = await self._create_direct_connection(req, traces, timeout)
[2025-11-01 04:29:26] [STDERR]                ^^^^^^^^^^^^^^^^^^^^^^^^^^^^^^^^^^^^^^^^^^^^^^^^^^^^^^^^^^
[2025-11-01 04:29:26] [STDERR]   File "/opt/homebrew/Caskroom/miniconda/base/lib/python3.11/site-packages/aiohttp/connector.py", line 1581, in _create_direct_connection
[2025-11-01 04:29:26] [STDERR]     raise last_exc
[2025-11-01 04:29:26] [STDERR]   File "/opt/homebrew/Caskroom/miniconda/base/lib/python3.11/site-packages/aiohttp/connector.py", line 1550, in _create_direct_connection
[2025-11-01 04:29:26] [STDERR]     transp, proto = await self._wrap_create_connection(
[2025-11-01 04:29:26] [STDERR]                     ^^^^^^^^^^^^^^^^^^^^^^^^^^^^^^^^^^^
[2025-11-01 04:29:26] [STDERR]   File "/opt/homebrew/Caskroom/miniconda/base/lib/python3.11/site-packages/aiohttp/connector.py", line 1291, in _wrap_create_connection
[2025-11-01 04:29:26] [STDERR]     raise client_error(req.connection_key, exc) from exc
[2025-11-01 04:29:26] [STDERR] aiohttp.client_exceptions.ClientConnectorError: Cannot connect to host localhost:3100 ssl:default [Multiple exceptions: [Errno 61] Connect call failed ('127.0.0.1', 3100), [Errno 61] Connect call failed ('::1', 3100, 0, 0)]
[2025-11-01 04:35:49] [STDERR] 2025-11-01 04:35:49,360 - LokiExporter.loki-exporter - ERROR - Failed to export logs to Loki: Cannot connect to host localhost:3100 ssl:default [Multiple exceptions: [Errno 61] Connect call failed ('::1', 3100, 0, 0), [Errno 61] Connect call failed ('127.0.0.1', 3100)]
[2025-11-01 04:35:49] [STDERR] Traceback (most recent call last):
[2025-11-01 04:35:49] [STDERR]   File "/opt/homebrew/Caskroom/miniconda/base/lib/python3.11/site-packages/aiohttp/connector.py", line 1268, in _wrap_create_connection
[2025-11-01 04:35:49] [STDERR]     sock = await aiohappyeyeballs.start_connection(
[2025-11-01 04:35:49] [STDERR]            ^^^^^^^^^^^^^^^^^^^^^^^^^^^^^^^^^^^^^^^^
[2025-11-01 04:35:49] [STDERR]   File "/opt/homebrew/Caskroom/miniconda/base/lib/python3.11/site-packages/aiohappyeyeballs/impl.py", line 141, in start_connection
[2025-11-01 04:35:49] [STDERR]     raise OSError(first_errno, msg)
[2025-11-01 04:35:49] [STDERR] ConnectionRefusedError: [Errno 61] Multiple exceptions: [Errno 61] Connect call failed ('::1', 3100, 0, 0), [Errno 61] Connect call failed ('127.0.0.1', 3100)
[2025-11-01 04:35:49] [STDERR] 
[2025-11-01 04:35:49] [STDERR] The above exception was the direct cause of the following exception:
[2025-11-01 04:35:49] [STDERR] 
[2025-11-01 04:35:49] [STDERR] Traceback (most recent call last):
[2025-11-01 04:35:49] [STDERR]   File "/Users/leifmarkthaler/github/gleitzeit 0.0.7/src/gleitzeit/workers/loki_exporter_worker.py", line 251, in export_logs_to_loki
[2025-11-01 04:35:49] [STDERR]     async with self.session.post(
[2025-11-01 04:35:49] [STDERR]   File "/opt/homebrew/Caskroom/miniconda/base/lib/python3.11/site-packages/aiohttp/client.py", line 1488, in __aenter__
[2025-11-01 04:35:49] [STDERR]     self._resp: _RetType = await self._coro
[2025-11-01 04:35:49] [STDERR]                            ^^^^^^^^^^^^^^^^
[2025-11-01 04:35:49] [STDERR]   File "/opt/homebrew/Caskroom/miniconda/base/lib/python3.11/site-packages/aiohttp/client.py", line 770, in _request
[2025-11-01 04:35:49] [STDERR]     resp = await handler(req)
[2025-11-01 04:35:49] [STDERR]            ^^^^^^^^^^^^^^^^^^
[2025-11-01 04:35:49] [STDERR]   File "/opt/homebrew/Caskroom/miniconda/base/lib/python3.11/site-packages/aiohttp/client.py", line 725, in _connect_and_send_request
[2025-11-01 04:35:49] [STDERR]     conn = await self._connector.connect(
[2025-11-01 04:35:49] [STDERR]            ^^^^^^^^^^^^^^^^^^^^^^^^^^^^^^
[2025-11-01 04:35:49] [STDERR]   File "/opt/homebrew/Caskroom/miniconda/base/lib/python3.11/site-packages/aiohttp/connector.py", line 642, in connect
[2025-11-01 04:35:49] [STDERR]     proto = await self._create_connection(req, traces, timeout)
[2025-11-01 04:35:49] [STDERR]             ^^^^^^^^^^^^^^^^^^^^^^^^^^^^^^^^^^^^^^^^^^^^^^^^^^^
[2025-11-01 04:35:49] [STDERR]   File "/opt/homebrew/Caskroom/miniconda/base/lib/python3.11/site-packages/aiohttp/connector.py", line 1209, in _create_connection
[2025-11-01 04:35:49] [STDERR]     _, proto = await self._create_direct_connection(req, traces, timeout)
[2025-11-01 04:35:49] [STDERR]                ^^^^^^^^^^^^^^^^^^^^^^^^^^^^^^^^^^^^^^^^^^^^^^^^^^^^^^^^^^
[2025-11-01 04:35:49] [STDERR]   File "/opt/homebrew/Caskroom/miniconda/base/lib/python3.11/site-packages/aiohttp/connector.py", line 1581, in _create_direct_connection
[2025-11-01 04:35:49] [STDERR]     raise last_exc
[2025-11-01 04:35:49] [STDERR]   File "/opt/homebrew/Caskroom/miniconda/base/lib/python3.11/site-packages/aiohttp/connector.py", line 1550, in _create_direct_connection
[2025-11-01 04:35:49] [STDERR]     transp, proto = await self._wrap_create_connection(
[2025-11-01 04:35:49] [STDERR]                     ^^^^^^^^^^^^^^^^^^^^^^^^^^^^^^^^^^^
[2025-11-01 04:35:49] [STDERR]   File "/opt/homebrew/Caskroom/miniconda/base/lib/python3.11/site-packages/aiohttp/connector.py", line 1291, in _wrap_create_connection
[2025-11-01 04:35:49] [STDERR]     raise client_error(req.connection_key, exc) from exc
[2025-11-01 04:35:49] [STDERR] aiohttp.client_exceptions.ClientConnectorError: Cannot connect to host localhost:3100 ssl:default [Multiple exceptions: [Errno 61] Connect call failed ('::1', 3100, 0, 0), [Errno 61] Connect call failed ('127.0.0.1', 3100)]
[2025-11-01 04:35:54] [STDERR] 2025-11-01 04:35:54,400 - LokiExporter.loki-exporter - ERROR - Failed to export logs to Loki: Cannot connect to host localhost:3100 ssl:default [Multiple exceptions: [Errno 61] Connect call failed ('127.0.0.1', 3100), [Errno 61] Connect call failed ('::1', 3100, 0, 0)]
[2025-11-01 04:35:54] [STDERR] Traceback (most recent call last):
[2025-11-01 04:35:54] [STDERR]   File "/opt/homebrew/Caskroom/miniconda/base/lib/python3.11/site-packages/aiohttp/connector.py", line 1268, in _wrap_create_connection
[2025-11-01 04:35:54] [STDERR]     sock = await aiohappyeyeballs.start_connection(
[2025-11-01 04:35:54] [STDERR]            ^^^^^^^^^^^^^^^^^^^^^^^^^^^^^^^^^^^^^^^^
[2025-11-01 04:35:54] [STDERR]   File "/opt/homebrew/Caskroom/miniconda/base/lib/python3.11/site-packages/aiohappyeyeballs/impl.py", line 141, in start_connection
[2025-11-01 04:35:54] [STDERR]     raise OSError(first_errno, msg)
[2025-11-01 04:35:54] [STDERR] ConnectionRefusedError: [Errno 61] Multiple exceptions: [Errno 61] Connect call failed ('127.0.0.1', 3100), [Errno 61] Connect call failed ('::1', 3100, 0, 0)
[2025-11-01 04:35:54] [STDERR] 
[2025-11-01 04:35:54] [STDERR] The above exception was the direct cause of the following exception:
[2025-11-01 04:35:54] [STDERR] 
[2025-11-01 04:35:54] [STDERR] Traceback (most recent call last):
[2025-11-01 04:35:54] [STDERR]   File "/Users/leifmarkthaler/github/gleitzeit 0.0.7/src/gleitzeit/workers/loki_exporter_worker.py", line 251, in export_logs_to_loki
[2025-11-01 04:35:54] [STDERR]     async with self.session.post(
[2025-11-01 04:35:54] [STDERR]   File "/opt/homebrew/Caskroom/miniconda/base/lib/python3.11/site-packages/aiohttp/client.py", line 1488, in __aenter__
[2025-11-01 04:35:54] [STDERR]     self._resp: _RetType = await self._coro
[2025-11-01 04:35:54] [STDERR]                            ^^^^^^^^^^^^^^^^
[2025-11-01 04:35:54] [STDERR]   File "/opt/homebrew/Caskroom/miniconda/base/lib/python3.11/site-packages/aiohttp/client.py", line 770, in _request
[2025-11-01 04:35:54] [STDERR]     resp = await handler(req)
[2025-11-01 04:35:54] [STDERR]            ^^^^^^^^^^^^^^^^^^
[2025-11-01 04:35:54] [STDERR]   File "/opt/homebrew/Caskroom/miniconda/base/lib/python3.11/site-packages/aiohttp/client.py", line 725, in _connect_and_send_request
[2025-11-01 04:35:54] [STDERR]     conn = await self._connector.connect(
[2025-11-01 04:35:54] [STDERR]            ^^^^^^^^^^^^^^^^^^^^^^^^^^^^^^
[2025-11-01 04:35:54] [STDERR]   File "/opt/homebrew/Caskroom/miniconda/base/lib/python3.11/site-packages/aiohttp/connector.py", line 642, in connect
[2025-11-01 04:35:54] [STDERR]     proto = await self._create_connection(req, traces, timeout)
[2025-11-01 04:35:54] [STDERR]             ^^^^^^^^^^^^^^^^^^^^^^^^^^^^^^^^^^^^^^^^^^^^^^^^^^^
[2025-11-01 04:35:54] [STDERR]   File "/opt/homebrew/Caskroom/miniconda/base/lib/python3.11/site-packages/aiohttp/connector.py", line 1209, in _create_connection
[2025-11-01 04:35:54] [STDERR]     _, proto = await self._create_direct_connection(req, traces, timeout)
[2025-11-01 04:35:54] [STDERR]                ^^^^^^^^^^^^^^^^^^^^^^^^^^^^^^^^^^^^^^^^^^^^^^^^^^^^^^^^^^
[2025-11-01 04:35:54] [STDERR]   File "/opt/homebrew/Caskroom/miniconda/base/lib/python3.11/site-packages/aiohttp/connector.py", line 1581, in _create_direct_connection
[2025-11-01 04:35:54] [STDERR]     raise last_exc
[2025-11-01 04:35:54] [STDERR]   File "/opt/homebrew/Caskroom/miniconda/base/lib/python3.11/site-packages/aiohttp/connector.py", line 1550, in _create_direct_connection
[2025-11-01 04:35:54] [STDERR]     transp, proto = await self._wrap_create_connection(
[2025-11-01 04:35:54] [STDERR]                     ^^^^^^^^^^^^^^^^^^^^^^^^^^^^^^^^^^^
[2025-11-01 04:35:54] [STDERR]   File "/opt/homebrew/Caskroom/miniconda/base/lib/python3.11/site-packages/aiohttp/connector.py", line 1291, in _wrap_create_connection
[2025-11-01 04:35:54] [STDERR]     raise client_error(req.connection_key, exc) from exc
[2025-11-01 04:35:54] [STDERR] aiohttp.client_exceptions.ClientConnectorError: Cannot connect to host localhost:3100 ssl:default [Multiple exceptions: [Errno 61] Connect call failed ('127.0.0.1', 3100), [Errno 61] Connect call failed ('::1', 3100, 0, 0)]
[2025-11-01 04:41:36] [STDERR] 2025-11-01 04:41:36,201 - LokiExporter.loki-exporter - ERROR - Failed to export logs to Loki: Cannot connect to host localhost:3100 ssl:default [Multiple exceptions: [Errno 61] Connect call failed ('::1', 3100, 0, 0), [Errno 61] Connect call failed ('127.0.0.1', 3100)]
[2025-11-01 04:41:36] [STDERR] Traceback (most recent call last):
[2025-11-01 04:41:36] [STDERR]   File "/opt/homebrew/Caskroom/miniconda/base/lib/python3.11/site-packages/aiohttp/connector.py", line 1268, in _wrap_create_connection
[2025-11-01 04:41:36] [STDERR]     sock = await aiohappyeyeballs.start_connection(
[2025-11-01 04:41:36] [STDERR]            ^^^^^^^^^^^^^^^^^^^^^^^^^^^^^^^^^^^^^^^^
[2025-11-01 04:41:36] [STDERR]   File "/opt/homebrew/Caskroom/miniconda/base/lib/python3.11/site-packages/aiohappyeyeballs/impl.py", line 141, in start_connection
[2025-11-01 04:41:36] [STDERR]     raise OSError(first_errno, msg)
[2025-11-01 04:41:36] [STDERR] ConnectionRefusedError: [Errno 61] Multiple exceptions: [Errno 61] Connect call failed ('::1', 3100, 0, 0), [Errno 61] Connect call failed ('127.0.0.1', 3100)
[2025-11-01 04:41:36] [STDERR] 
[2025-11-01 04:41:36] [STDERR] The above exception was the direct cause of the following exception:
[2025-11-01 04:41:36] [STDERR] 
[2025-11-01 04:41:36] [STDERR] Traceback (most recent call last):
[2025-11-01 04:41:36] [STDERR]   File "/Users/leifmarkthaler/github/gleitzeit 0.0.7/src/gleitzeit/workers/loki_exporter_worker.py", line 251, in export_logs_to_loki
[2025-11-01 04:41:36] [STDERR]     async with self.session.post(
[2025-11-01 04:41:36] [STDERR]   File "/opt/homebrew/Caskroom/miniconda/base/lib/python3.11/site-packages/aiohttp/client.py", line 1488, in __aenter__
[2025-11-01 04:41:36] [STDERR]     self._resp: _RetType = await self._coro
[2025-11-01 04:41:36] [STDERR]                            ^^^^^^^^^^^^^^^^
[2025-11-01 04:41:36] [STDERR]   File "/opt/homebrew/Caskroom/miniconda/base/lib/python3.11/site-packages/aiohttp/client.py", line 770, in _request
[2025-11-01 04:41:36] [STDERR]     resp = await handler(req)
[2025-11-01 04:41:36] [STDERR]            ^^^^^^^^^^^^^^^^^^
[2025-11-01 04:41:36] [STDERR]   File "/opt/homebrew/Caskroom/miniconda/base/lib/python3.11/site-packages/aiohttp/client.py", line 725, in _connect_and_send_request
[2025-11-01 04:41:36] [STDERR]     conn = await self._connector.connect(
[2025-11-01 04:41:36] [STDERR]            ^^^^^^^^^^^^^^^^^^^^^^^^^^^^^^
[2025-11-01 04:41:36] [STDERR]   File "/opt/homebrew/Caskroom/miniconda/base/lib/python3.11/site-packages/aiohttp/connector.py", line 642, in connect
[2025-11-01 04:41:36] [STDERR]     proto = await self._create_connection(req, traces, timeout)
[2025-11-01 04:41:36] [STDERR]             ^^^^^^^^^^^^^^^^^^^^^^^^^^^^^^^^^^^^^^^^^^^^^^^^^^^
[2025-11-01 04:41:36] [STDERR]   File "/opt/homebrew/Caskroom/miniconda/base/lib/python3.11/site-packages/aiohttp/connector.py", line 1209, in _create_connection
[2025-11-01 04:41:36] [STDERR]     _, proto = await self._create_direct_connection(req, traces, timeout)
[2025-11-01 04:41:36] [STDERR]                ^^^^^^^^^^^^^^^^^^^^^^^^^^^^^^^^^^^^^^^^^^^^^^^^^^^^^^^^^^
[2025-11-01 04:41:36] [STDERR]   File "/opt/homebrew/Caskroom/miniconda/base/lib/python3.11/site-packages/aiohttp/connector.py", line 1581, in _create_direct_connection
[2025-11-01 04:41:36] [STDERR]     raise last_exc
[2025-11-01 04:41:36] [STDERR]   File "/opt/homebrew/Caskroom/miniconda/base/lib/python3.11/site-packages/aiohttp/connector.py", line 1550, in _create_direct_connection
[2025-11-01 04:41:36] [STDERR]     transp, proto = await self._wrap_create_connection(
[2025-11-01 04:41:36] [STDERR]                     ^^^^^^^^^^^^^^^^^^^^^^^^^^^^^^^^^^^
[2025-11-01 04:41:36] [STDERR]   File "/opt/homebrew/Caskroom/miniconda/base/lib/python3.11/site-packages/aiohttp/connector.py", line 1291, in _wrap_create_connection
[2025-11-01 04:41:36] [STDERR]     raise client_error(req.connection_key, exc) from exc
[2025-11-01 04:41:36] [STDERR] aiohttp.client_exceptions.ClientConnectorError: Cannot connect to host localhost:3100 ssl:default [Multiple exceptions: [Errno 61] Connect call failed ('::1', 3100, 0, 0), [Errno 61] Connect call failed ('127.0.0.1', 3100)]
[2025-11-01 04:41:41] [STDERR] 2025-11-01 04:41:41,243 - LokiExporter.loki-exporter - ERROR - Failed to export logs to Loki: Cannot connect to host localhost:3100 ssl:default [Multiple exceptions: [Errno 61] Connect call failed ('127.0.0.1', 3100), [Errno 61] Connect call failed ('::1', 3100, 0, 0)]
[2025-11-01 04:41:41] [STDERR] Traceback (most recent call last):
[2025-11-01 04:41:41] [STDERR]   File "/opt/homebrew/Caskroom/miniconda/base/lib/python3.11/site-packages/aiohttp/connector.py", line 1268, in _wrap_create_connection
[2025-11-01 04:41:41] [STDERR]     sock = await aiohappyeyeballs.start_connection(
[2025-11-01 04:41:41] [STDERR]            ^^^^^^^^^^^^^^^^^^^^^^^^^^^^^^^^^^^^^^^^
[2025-11-01 04:41:41] [STDERR]   File "/opt/homebrew/Caskroom/miniconda/base/lib/python3.11/site-packages/aiohappyeyeballs/impl.py", line 141, in start_connection
[2025-11-01 04:41:41] [STDERR]     raise OSError(first_errno, msg)
[2025-11-01 04:41:41] [STDERR] ConnectionRefusedError: [Errno 61] Multiple exceptions: [Errno 61] Connect call failed ('127.0.0.1', 3100), [Errno 61] Connect call failed ('::1', 3100, 0, 0)
[2025-11-01 04:41:41] [STDERR] 
[2025-11-01 04:41:41] [STDERR] The above exception was the direct cause of the following exception:
[2025-11-01 04:41:41] [STDERR] 
[2025-11-01 04:41:41] [STDERR] Traceback (most recent call last):
[2025-11-01 04:41:41] [STDERR]   File "/Users/leifmarkthaler/github/gleitzeit 0.0.7/src/gleitzeit/workers/loki_exporter_worker.py", line 251, in export_logs_to_loki
[2025-11-01 04:41:41] [STDERR]     async with self.session.post(
[2025-11-01 04:41:41] [STDERR]   File "/opt/homebrew/Caskroom/miniconda/base/lib/python3.11/site-packages/aiohttp/client.py", line 1488, in __aenter__
[2025-11-01 04:41:41] [STDERR]     self._resp: _RetType = await self._coro
[2025-11-01 04:41:41] [STDERR]                            ^^^^^^^^^^^^^^^^
[2025-11-01 04:41:41] [STDERR]   File "/opt/homebrew/Caskroom/miniconda/base/lib/python3.11/site-packages/aiohttp/client.py", line 770, in _request
[2025-11-01 04:41:41] [STDERR]     resp = await handler(req)
[2025-11-01 04:41:41] [STDERR]            ^^^^^^^^^^^^^^^^^^
[2025-11-01 04:41:41] [STDERR]   File "/opt/homebrew/Caskroom/miniconda/base/lib/python3.11/site-packages/aiohttp/client.py", line 725, in _connect_and_send_request
[2025-11-01 04:41:41] [STDERR]     conn = await self._connector.connect(
[2025-11-01 04:41:41] [STDERR]            ^^^^^^^^^^^^^^^^^^^^^^^^^^^^^^
[2025-11-01 04:41:41] [STDERR]   File "/opt/homebrew/Caskroom/miniconda/base/lib/python3.11/site-packages/aiohttp/connector.py", line 642, in connect
[2025-11-01 04:41:41] [STDERR]     proto = await self._create_connection(req, traces, timeout)
[2025-11-01 04:41:41] [STDERR]             ^^^^^^^^^^^^^^^^^^^^^^^^^^^^^^^^^^^^^^^^^^^^^^^^^^^
[2025-11-01 04:41:41] [STDERR]   File "/opt/homebrew/Caskroom/miniconda/base/lib/python3.11/site-packages/aiohttp/connector.py", line 1209, in _create_connection
[2025-11-01 04:41:41] [STDERR]     _, proto = await self._create_direct_connection(req, traces, timeout)
[2025-11-01 04:41:41] [STDERR]                ^^^^^^^^^^^^^^^^^^^^^^^^^^^^^^^^^^^^^^^^^^^^^^^^^^^^^^^^^^
[2025-11-01 04:41:41] [STDERR]   File "/opt/homebrew/Caskroom/miniconda/base/lib/python3.11/site-packages/aiohttp/connector.py", line 1581, in _create_direct_connection
[2025-11-01 04:41:41] [STDERR]     raise last_exc
[2025-11-01 04:41:41] [STDERR]   File "/opt/homebrew/Caskroom/miniconda/base/lib/python3.11/site-packages/aiohttp/connector.py", line 1550, in _create_direct_connection
[2025-11-01 04:41:41] [STDERR]     transp, proto = await self._wrap_create_connection(
[2025-11-01 04:41:41] [STDERR]                     ^^^^^^^^^^^^^^^^^^^^^^^^^^^^^^^^^^^
[2025-11-01 04:41:41] [STDERR]   File "/opt/homebrew/Caskroom/miniconda/base/lib/python3.11/site-packages/aiohttp/connector.py", line 1291, in _wrap_create_connection
[2025-11-01 04:41:41] [STDERR]     raise client_error(req.connection_key, exc) from exc
[2025-11-01 04:41:41] [STDERR] aiohttp.client_exceptions.ClientConnectorError: Cannot connect to host localhost:3100 ssl:default [Multiple exceptions: [Errno 61] Connect call failed ('127.0.0.1', 3100), [Errno 61] Connect call failed ('::1', 3100, 0, 0)]
[2025-11-01 04:41:46] [STDERR] 2025-11-01 04:41:46,287 - LokiExporter.loki-exporter - ERROR - Failed to export logs to Loki: Cannot connect to host localhost:3100 ssl:default [Multiple exceptions: [Errno 61] Connect call failed ('::1', 3100, 0, 0), [Errno 61] Connect call failed ('127.0.0.1', 3100)]
[2025-11-01 04:41:46] [STDERR] Traceback (most recent call last):
[2025-11-01 04:41:46] [STDERR]   File "/opt/homebrew/Caskroom/miniconda/base/lib/python3.11/site-packages/aiohttp/connector.py", line 1268, in _wrap_create_connection
[2025-11-01 04:41:46] [STDERR]     sock = await aiohappyeyeballs.start_connection(
[2025-11-01 04:41:46] [STDERR]            ^^^^^^^^^^^^^^^^^^^^^^^^^^^^^^^^^^^^^^^^
[2025-11-01 04:41:46] [STDERR]   File "/opt/homebrew/Caskroom/miniconda/base/lib/python3.11/site-packages/aiohappyeyeballs/impl.py", line 141, in start_connection
[2025-11-01 04:41:46] [STDERR]     raise OSError(first_errno, msg)
[2025-11-01 04:41:46] [STDERR] ConnectionRefusedError: [Errno 61] Multiple exceptions: [Errno 61] Connect call failed ('::1', 3100, 0, 0), [Errno 61] Connect call failed ('127.0.0.1', 3100)
[2025-11-01 04:41:46] [STDERR] 
[2025-11-01 04:41:46] [STDERR] The above exception was the direct cause of the following exception:
[2025-11-01 04:41:46] [STDERR] 
[2025-11-01 04:41:46] [STDERR] Traceback (most recent call last):
[2025-11-01 04:41:46] [STDERR]   File "/Users/leifmarkthaler/github/gleitzeit 0.0.7/src/gleitzeit/workers/loki_exporter_worker.py", line 251, in export_logs_to_loki
[2025-11-01 04:41:46] [STDERR]     async with self.session.post(
[2025-11-01 04:41:46] [STDERR]   File "/opt/homebrew/Caskroom/miniconda/base/lib/python3.11/site-packages/aiohttp/client.py", line 1488, in __aenter__
[2025-11-01 04:41:46] [STDERR]     self._resp: _RetType = await self._coro
[2025-11-01 04:41:46] [STDERR]                            ^^^^^^^^^^^^^^^^
[2025-11-01 04:41:46] [STDERR]   File "/opt/homebrew/Caskroom/miniconda/base/lib/python3.11/site-packages/aiohttp/client.py", line 770, in _request
[2025-11-01 04:41:46] [STDERR]     resp = await handler(req)
[2025-11-01 04:41:46] [STDERR]            ^^^^^^^^^^^^^^^^^^
[2025-11-01 04:41:46] [STDERR]   File "/opt/homebrew/Caskroom/miniconda/base/lib/python3.11/site-packages/aiohttp/client.py", line 725, in _connect_and_send_request
[2025-11-01 04:41:46] [STDERR]     conn = await self._connector.connect(
[2025-11-01 04:41:46] [STDERR]            ^^^^^^^^^^^^^^^^^^^^^^^^^^^^^^
[2025-11-01 04:41:46] [STDERR]   File "/opt/homebrew/Caskroom/miniconda/base/lib/python3.11/site-packages/aiohttp/connector.py", line 642, in connect
[2025-11-01 04:41:46] [STDERR]     proto = await self._create_connection(req, traces, timeout)
[2025-11-01 04:41:46] [STDERR]             ^^^^^^^^^^^^^^^^^^^^^^^^^^^^^^^^^^^^^^^^^^^^^^^^^^^
[2025-11-01 04:41:46] [STDERR]   File "/opt/homebrew/Caskroom/miniconda/base/lib/python3.11/site-packages/aiohttp/connector.py", line 1209, in _create_connection
[2025-11-01 04:41:46] [STDERR]     _, proto = await self._create_direct_connection(req, traces, timeout)
[2025-11-01 04:41:46] [STDERR]                ^^^^^^^^^^^^^^^^^^^^^^^^^^^^^^^^^^^^^^^^^^^^^^^^^^^^^^^^^^
[2025-11-01 04:41:46] [STDERR]   File "/opt/homebrew/Caskroom/miniconda/base/lib/python3.11/site-packages/aiohttp/connector.py", line 1581, in _create_direct_connection
[2025-11-01 04:41:46] [STDERR]     raise last_exc
[2025-11-01 04:41:46] [STDERR]   File "/opt/homebrew/Caskroom/miniconda/base/lib/python3.11/site-packages/aiohttp/connector.py", line 1550, in _create_direct_connection
[2025-11-01 04:41:46] [STDERR]     transp, proto = await self._wrap_create_connection(
[2025-11-01 04:41:46] [STDERR]                     ^^^^^^^^^^^^^^^^^^^^^^^^^^^^^^^^^^^
[2025-11-01 04:41:46] [STDERR]   File "/opt/homebrew/Caskroom/miniconda/base/lib/python3.11/site-packages/aiohttp/connector.py", line 1291, in _wrap_create_connection
[2025-11-01 04:41:46] [STDERR]     raise client_error(req.connection_key, exc) from exc
[2025-11-01 04:41:46] [STDERR] aiohttp.client_exceptions.ClientConnectorError: Cannot connect to host localhost:3100 ssl:default [Multiple exceptions: [Errno 61] Connect call failed ('::1', 3100, 0, 0), [Errno 61] Connect call failed ('127.0.0.1', 3100)]
[2025-11-01 04:41:51] [STDERR] 2025-11-01 04:41:51,327 - LokiExporter.loki-exporter - ERROR - Failed to export logs to Loki: Cannot connect to host localhost:3100 ssl:default [Multiple exceptions: [Errno 61] Connect call failed ('127.0.0.1', 3100), [Errno 61] Connect call failed ('::1', 3100, 0, 0)]
[2025-11-01 04:41:51] [STDERR] Traceback (most recent call last):
[2025-11-01 04:41:51] [STDERR]   File "/opt/homebrew/Caskroom/miniconda/base/lib/python3.11/site-packages/aiohttp/connector.py", line 1268, in _wrap_create_connection
[2025-11-01 04:41:51] [STDERR]     sock = await aiohappyeyeballs.start_connection(
[2025-11-01 04:41:51] [STDERR]            ^^^^^^^^^^^^^^^^^^^^^^^^^^^^^^^^^^^^^^^^
[2025-11-01 04:41:51] [STDERR]   File "/opt/homebrew/Caskroom/miniconda/base/lib/python3.11/site-packages/aiohappyeyeballs/impl.py", line 141, in start_connection
[2025-11-01 04:41:51] [STDERR]     raise OSError(first_errno, msg)
[2025-11-01 04:41:51] [STDERR] ConnectionRefusedError: [Errno 61] Multiple exceptions: [Errno 61] Connect call failed ('127.0.0.1', 3100), [Errno 61] Connect call failed ('::1', 3100, 0, 0)
[2025-11-01 04:41:51] [STDERR] 
[2025-11-01 04:41:51] [STDERR] The above exception was the direct cause of the following exception:
[2025-11-01 04:41:51] [STDERR] 
[2025-11-01 04:41:51] [STDERR] Traceback (most recent call last):
[2025-11-01 04:41:51] [STDERR]   File "/Users/leifmarkthaler/github/gleitzeit 0.0.7/src/gleitzeit/workers/loki_exporter_worker.py", line 251, in export_logs_to_loki
[2025-11-01 04:41:51] [STDERR]     async with self.session.post(
[2025-11-01 04:41:51] [STDERR]   File "/opt/homebrew/Caskroom/miniconda/base/lib/python3.11/site-packages/aiohttp/client.py", line 1488, in __aenter__
[2025-11-01 04:41:51] [STDERR]     self._resp: _RetType = await self._coro
[2025-11-01 04:41:51] [STDERR]                            ^^^^^^^^^^^^^^^^
[2025-11-01 04:41:51] [STDERR]   File "/opt/homebrew/Caskroom/miniconda/base/lib/python3.11/site-packages/aiohttp/client.py", line 770, in _request
[2025-11-01 04:41:51] [STDERR]     resp = await handler(req)
[2025-11-01 04:41:51] [STDERR]            ^^^^^^^^^^^^^^^^^^
[2025-11-01 04:41:51] [STDERR]   File "/opt/homebrew/Caskroom/miniconda/base/lib/python3.11/site-packages/aiohttp/client.py", line 725, in _connect_and_send_request
[2025-11-01 04:41:51] [STDERR]     conn = await self._connector.connect(
[2025-11-01 04:41:51] [STDERR]            ^^^^^^^^^^^^^^^^^^^^^^^^^^^^^^
[2025-11-01 04:41:51] [STDERR]   File "/opt/homebrew/Caskroom/miniconda/base/lib/python3.11/site-packages/aiohttp/connector.py", line 642, in connect
[2025-11-01 04:41:51] [STDERR]     proto = await self._create_connection(req, traces, timeout)
[2025-11-01 04:41:51] [STDERR]             ^^^^^^^^^^^^^^^^^^^^^^^^^^^^^^^^^^^^^^^^^^^^^^^^^^^
[2025-11-01 04:41:51] [STDERR]   File "/opt/homebrew/Caskroom/miniconda/base/lib/python3.11/site-packages/aiohttp/connector.py", line 1209, in _create_connection
[2025-11-01 04:41:51] [STDERR]     _, proto = await self._create_direct_connection(req, traces, timeout)
[2025-11-01 04:41:51] [STDERR]                ^^^^^^^^^^^^^^^^^^^^^^^^^^^^^^^^^^^^^^^^^^^^^^^^^^^^^^^^^^
[2025-11-01 04:41:51] [STDERR]   File "/opt/homebrew/Caskroom/miniconda/base/lib/python3.11/site-packages/aiohttp/connector.py", line 1581, in _create_direct_connection
[2025-11-01 04:41:51] [STDERR]     raise last_exc
[2025-11-01 04:41:51] [STDERR]   File "/opt/homebrew/Caskroom/miniconda/base/lib/python3.11/site-packages/aiohttp/connector.py", line 1550, in _create_direct_connection
[2025-11-01 04:41:51] [STDERR]     transp, proto = await self._wrap_create_connection(
[2025-11-01 04:41:51] [STDERR]                     ^^^^^^^^^^^^^^^^^^^^^^^^^^^^^^^^^^^
[2025-11-01 04:41:51] [STDERR]   File "/opt/homebrew/Caskroom/miniconda/base/lib/python3.11/site-packages/aiohttp/connector.py", line 1291, in _wrap_create_connection
[2025-11-01 04:41:51] [STDERR]     raise client_error(req.connection_key, exc) from exc
[2025-11-01 04:41:51] [STDERR] aiohttp.client_exceptions.ClientConnectorError: Cannot connect to host localhost:3100 ssl:default [Multiple exceptions: [Errno 61] Connect call failed ('127.0.0.1', 3100), [Errno 61] Connect call failed ('::1', 3100, 0, 0)]
[2025-11-01 04:41:56] [STDERR] 2025-11-01 04:41:56,365 - LokiExporter.loki-exporter - ERROR - Failed to export logs to Loki: Cannot connect to host localhost:3100 ssl:default [Multiple exceptions: [Errno 61] Connect call failed ('::1', 3100, 0, 0), [Errno 61] Connect call failed ('127.0.0.1', 3100)]
[2025-11-01 04:41:56] [STDERR] Traceback (most recent call last):
[2025-11-01 04:41:56] [STDERR]   File "/opt/homebrew/Caskroom/miniconda/base/lib/python3.11/site-packages/aiohttp/connector.py", line 1268, in _wrap_create_connection
[2025-11-01 04:41:56] [STDERR]     sock = await aiohappyeyeballs.start_connection(
[2025-11-01 04:41:56] [STDERR]            ^^^^^^^^^^^^^^^^^^^^^^^^^^^^^^^^^^^^^^^^
[2025-11-01 04:41:56] [STDERR]   File "/opt/homebrew/Caskroom/miniconda/base/lib/python3.11/site-packages/aiohappyeyeballs/impl.py", line 141, in start_connection
[2025-11-01 04:41:56] [STDERR]     raise OSError(first_errno, msg)
[2025-11-01 04:41:56] [STDERR] ConnectionRefusedError: [Errno 61] Multiple exceptions: [Errno 61] Connect call failed ('::1', 3100, 0, 0), [Errno 61] Connect call failed ('127.0.0.1', 3100)
[2025-11-01 04:41:56] [STDERR] 
[2025-11-01 04:41:56] [STDERR] The above exception was the direct cause of the following exception:
[2025-11-01 04:41:56] [STDERR] 
[2025-11-01 04:41:56] [STDERR] Traceback (most recent call last):
[2025-11-01 04:41:56] [STDERR]   File "/Users/leifmarkthaler/github/gleitzeit 0.0.7/src/gleitzeit/workers/loki_exporter_worker.py", line 251, in export_logs_to_loki
[2025-11-01 04:41:56] [STDERR]     async with self.session.post(
[2025-11-01 04:41:56] [STDERR]   File "/opt/homebrew/Caskroom/miniconda/base/lib/python3.11/site-packages/aiohttp/client.py", line 1488, in __aenter__
[2025-11-01 04:41:56] [STDERR]     self._resp: _RetType = await self._coro
[2025-11-01 04:41:56] [STDERR]                            ^^^^^^^^^^^^^^^^
[2025-11-01 04:41:56] [STDERR]   File "/opt/homebrew/Caskroom/miniconda/base/lib/python3.11/site-packages/aiohttp/client.py", line 770, in _request
[2025-11-01 04:41:56] [STDERR]     resp = await handler(req)
[2025-11-01 04:41:56] [STDERR]            ^^^^^^^^^^^^^^^^^^
[2025-11-01 04:41:56] [STDERR]   File "/opt/homebrew/Caskroom/miniconda/base/lib/python3.11/site-packages/aiohttp/client.py", line 725, in _connect_and_send_request
[2025-11-01 04:41:56] [STDERR]     conn = await self._connector.connect(
[2025-11-01 04:41:56] [STDERR]            ^^^^^^^^^^^^^^^^^^^^^^^^^^^^^^
[2025-11-01 04:41:56] [STDERR]   File "/opt/homebrew/Caskroom/miniconda/base/lib/python3.11/site-packages/aiohttp/connector.py", line 642, in connect
[2025-11-01 04:41:56] [STDERR]     proto = await self._create_connection(req, traces, timeout)
[2025-11-01 04:41:56] [STDERR]             ^^^^^^^^^^^^^^^^^^^^^^^^^^^^^^^^^^^^^^^^^^^^^^^^^^^
[2025-11-01 04:41:56] [STDERR]   File "/opt/homebrew/Caskroom/miniconda/base/lib/python3.11/site-packages/aiohttp/connector.py", line 1209, in _create_connection
[2025-11-01 04:41:56] [STDERR]     _, proto = await self._create_direct_connection(req, traces, timeout)
[2025-11-01 04:41:56] [STDERR]                ^^^^^^^^^^^^^^^^^^^^^^^^^^^^^^^^^^^^^^^^^^^^^^^^^^^^^^^^^^
[2025-11-01 04:41:56] [STDERR]   File "/opt/homebrew/Caskroom/miniconda/base/lib/python3.11/site-packages/aiohttp/connector.py", line 1581, in _create_direct_connection
[2025-11-01 04:41:56] [STDERR]     raise last_exc
[2025-11-01 04:41:56] [STDERR]   File "/opt/homebrew/Caskroom/miniconda/base/lib/python3.11/site-packages/aiohttp/connector.py", line 1550, in _create_direct_connection
[2025-11-01 04:41:56] [STDERR]     transp, proto = await self._wrap_create_connection(
[2025-11-01 04:41:56] [STDERR]                     ^^^^^^^^^^^^^^^^^^^^^^^^^^^^^^^^^^^
[2025-11-01 04:41:56] [STDERR]   File "/opt/homebrew/Caskroom/miniconda/base/lib/python3.11/site-packages/aiohttp/connector.py", line 1291, in _wrap_create_connection
[2025-11-01 04:41:56] [STDERR]     raise client_error(req.connection_key, exc) from exc
[2025-11-01 04:41:56] [STDERR] aiohttp.client_exceptions.ClientConnectorError: Cannot connect to host localhost:3100 ssl:default [Multiple exceptions: [Errno 61] Connect call failed ('::1', 3100, 0, 0), [Errno 61] Connect call failed ('127.0.0.1', 3100)]
[2025-11-01 04:58:12] [STDERR] 2025-11-01 04:58:12,414 - LokiExporter.loki-exporter - ERROR - Failed to export logs to Loki: Cannot connect to host localhost:3100 ssl:default [Multiple exceptions: [Errno 61] Connect call failed ('127.0.0.1', 3100), [Errno 61] Connect call failed ('::1', 3100, 0, 0)]
[2025-11-01 04:58:12] [STDERR] Traceback (most recent call last):
[2025-11-01 04:58:12] [STDERR]   File "/opt/homebrew/Caskroom/miniconda/base/lib/python3.11/site-packages/aiohttp/connector.py", line 1268, in _wrap_create_connection
[2025-11-01 04:58:12] [STDERR]     sock = await aiohappyeyeballs.start_connection(
[2025-11-01 04:58:12] [STDERR]            ^^^^^^^^^^^^^^^^^^^^^^^^^^^^^^^^^^^^^^^^
[2025-11-01 04:58:12] [STDERR]   File "/opt/homebrew/Caskroom/miniconda/base/lib/python3.11/site-packages/aiohappyeyeballs/impl.py", line 141, in start_connection
[2025-11-01 04:58:12] [STDERR]     raise OSError(first_errno, msg)
[2025-11-01 04:58:12] [STDERR] ConnectionRefusedError: [Errno 61] Multiple exceptions: [Errno 61] Connect call failed ('127.0.0.1', 3100), [Errno 61] Connect call failed ('::1', 3100, 0, 0)
[2025-11-01 04:58:12] [STDERR] 
[2025-11-01 04:58:12] [STDERR] The above exception was the direct cause of the following exception:
[2025-11-01 04:58:12] [STDERR] 
[2025-11-01 04:58:12] [STDERR] Traceback (most recent call last):
[2025-11-01 04:58:12] [STDERR]   File "/Users/leifmarkthaler/github/gleitzeit 0.0.7/src/gleitzeit/workers/loki_exporter_worker.py", line 251, in export_logs_to_loki
[2025-11-01 04:58:12] [STDERR]     async with self.session.post(
[2025-11-01 04:58:12] [STDERR]   File "/opt/homebrew/Caskroom/miniconda/base/lib/python3.11/site-packages/aiohttp/client.py", line 1488, in __aenter__
[2025-11-01 04:58:12] [STDERR]     self._resp: _RetType = await self._coro
[2025-11-01 04:58:12] [STDERR]                            ^^^^^^^^^^^^^^^^
[2025-11-01 04:58:12] [STDERR]   File "/opt/homebrew/Caskroom/miniconda/base/lib/python3.11/site-packages/aiohttp/client.py", line 770, in _request
[2025-11-01 04:58:12] [STDERR]     resp = await handler(req)
[2025-11-01 04:58:12] [STDERR]            ^^^^^^^^^^^^^^^^^^
[2025-11-01 04:58:12] [STDERR]   File "/opt/homebrew/Caskroom/miniconda/base/lib/python3.11/site-packages/aiohttp/client.py", line 725, in _connect_and_send_request
[2025-11-01 04:58:12] [STDERR]     conn = await self._connector.connect(
[2025-11-01 04:58:12] [STDERR]            ^^^^^^^^^^^^^^^^^^^^^^^^^^^^^^
[2025-11-01 04:58:12] [STDERR]   File "/opt/homebrew/Caskroom/miniconda/base/lib/python3.11/site-packages/aiohttp/connector.py", line 642, in connect
[2025-11-01 04:58:12] [STDERR]     proto = await self._create_connection(req, traces, timeout)
[2025-11-01 04:58:12] [STDERR]             ^^^^^^^^^^^^^^^^^^^^^^^^^^^^^^^^^^^^^^^^^^^^^^^^^^^
[2025-11-01 04:58:12] [STDERR]   File "/opt/homebrew/Caskroom/miniconda/base/lib/python3.11/site-packages/aiohttp/connector.py", line 1209, in _create_connection
[2025-11-01 04:58:12] [STDERR]     _, proto = await self._create_direct_connection(req, traces, timeout)
[2025-11-01 04:58:12] [STDERR]                ^^^^^^^^^^^^^^^^^^^^^^^^^^^^^^^^^^^^^^^^^^^^^^^^^^^^^^^^^^
[2025-11-01 04:58:12] [STDERR]   File "/opt/homebrew/Caskroom/miniconda/base/lib/python3.11/site-packages/aiohttp/connector.py", line 1581, in _create_direct_connection
[2025-11-01 04:58:12] [STDERR]     raise last_exc
[2025-11-01 04:58:12] [STDERR]   File "/opt/homebrew/Caskroom/miniconda/base/lib/python3.11/site-packages/aiohttp/connector.py", line 1550, in _create_direct_connection
[2025-11-01 04:58:12] [STDERR]     transp, proto = await self._wrap_create_connection(
[2025-11-01 04:58:12] [STDERR]                     ^^^^^^^^^^^^^^^^^^^^^^^^^^^^^^^^^^^
[2025-11-01 04:58:12] [STDERR]   File "/opt/homebrew/Caskroom/miniconda/base/lib/python3.11/site-packages/aiohttp/connector.py", line 1291, in _wrap_create_connection
[2025-11-01 04:58:12] [STDERR]     raise client_error(req.connection_key, exc) from exc
[2025-11-01 04:58:12] [STDERR] aiohttp.client_exceptions.ClientConnectorError: Cannot connect to host localhost:3100 ssl:default [Multiple exceptions: [Errno 61] Connect call failed ('127.0.0.1', 3100), [Errno 61] Connect call failed ('::1', 3100, 0, 0)]
[2025-11-01 05:15:58] [STDERR] 2025-11-01 05:15:58,224 - LokiExporter.loki-exporter - ERROR - Failed to export logs to Loki: Cannot connect to host localhost:3100 ssl:default [Multiple exceptions: [Errno 61] Connect call failed ('::1', 3100, 0, 0), [Errno 61] Connect call failed ('127.0.0.1', 3100)]
[2025-11-01 05:15:58] [STDERR] Traceback (most recent call last):
[2025-11-01 05:15:58] [STDERR]   File "/opt/homebrew/Caskroom/miniconda/base/lib/python3.11/site-packages/aiohttp/connector.py", line 1268, in _wrap_create_connection
[2025-11-01 05:15:58] [STDERR]     sock = await aiohappyeyeballs.start_connection(
[2025-11-01 05:15:58] [STDERR]            ^^^^^^^^^^^^^^^^^^^^^^^^^^^^^^^^^^^^^^^^
[2025-11-01 05:15:58] [STDERR]   File "/opt/homebrew/Caskroom/miniconda/base/lib/python3.11/site-packages/aiohappyeyeballs/impl.py", line 141, in start_connection
[2025-11-01 05:15:58] [STDERR]     raise OSError(first_errno, msg)
[2025-11-01 05:15:58] [STDERR] ConnectionRefusedError: [Errno 61] Multiple exceptions: [Errno 61] Connect call failed ('::1', 3100, 0, 0), [Errno 61] Connect call failed ('127.0.0.1', 3100)
[2025-11-01 05:15:58] [STDERR] 
[2025-11-01 05:15:58] [STDERR] The above exception was the direct cause of the following exception:
[2025-11-01 05:15:58] [STDERR] 
[2025-11-01 05:15:58] [STDERR] Traceback (most recent call last):
[2025-11-01 05:15:58] [STDERR]   File "/Users/leifmarkthaler/github/gleitzeit 0.0.7/src/gleitzeit/workers/loki_exporter_worker.py", line 251, in export_logs_to_loki
[2025-11-01 05:15:58] [STDERR]     async with self.session.post(
[2025-11-01 05:15:58] [STDERR]   File "/opt/homebrew/Caskroom/miniconda/base/lib/python3.11/site-packages/aiohttp/client.py", line 1488, in __aenter__
[2025-11-01 05:15:58] [STDERR]     self._resp: _RetType = await self._coro
[2025-11-01 05:15:58] [STDERR]                            ^^^^^^^^^^^^^^^^
[2025-11-01 05:15:58] [STDERR]   File "/opt/homebrew/Caskroom/miniconda/base/lib/python3.11/site-packages/aiohttp/client.py", line 770, in _request
[2025-11-01 05:15:58] [STDERR]     resp = await handler(req)
[2025-11-01 05:15:58] [STDERR]            ^^^^^^^^^^^^^^^^^^
[2025-11-01 05:15:58] [STDERR]   File "/opt/homebrew/Caskroom/miniconda/base/lib/python3.11/site-packages/aiohttp/client.py", line 725, in _connect_and_send_request
[2025-11-01 05:15:58] [STDERR]     conn = await self._connector.connect(
[2025-11-01 05:15:58] [STDERR]            ^^^^^^^^^^^^^^^^^^^^^^^^^^^^^^
[2025-11-01 05:15:58] [STDERR]   File "/opt/homebrew/Caskroom/miniconda/base/lib/python3.11/site-packages/aiohttp/connector.py", line 642, in connect
[2025-11-01 05:15:58] [STDERR]     proto = await self._create_connection(req, traces, timeout)
[2025-11-01 05:15:58] [STDERR]             ^^^^^^^^^^^^^^^^^^^^^^^^^^^^^^^^^^^^^^^^^^^^^^^^^^^
[2025-11-01 05:15:58] [STDERR]   File "/opt/homebrew/Caskroom/miniconda/base/lib/python3.11/site-packages/aiohttp/connector.py", line 1209, in _create_connection
[2025-11-01 05:15:58] [STDERR]     _, proto = await self._create_direct_connection(req, traces, timeout)
[2025-11-01 05:15:58] [STDERR]                ^^^^^^^^^^^^^^^^^^^^^^^^^^^^^^^^^^^^^^^^^^^^^^^^^^^^^^^^^^
[2025-11-01 05:15:58] [STDERR]   File "/opt/homebrew/Caskroom/miniconda/base/lib/python3.11/site-packages/aiohttp/connector.py", line 1581, in _create_direct_connection
[2025-11-01 05:15:58] [STDERR]     raise last_exc
[2025-11-01 05:15:58] [STDERR]   File "/opt/homebrew/Caskroom/miniconda/base/lib/python3.11/site-packages/aiohttp/connector.py", line 1550, in _create_direct_connection
[2025-11-01 05:15:58] [STDERR]     transp, proto = await self._wrap_create_connection(
[2025-11-01 05:15:58] [STDERR]                     ^^^^^^^^^^^^^^^^^^^^^^^^^^^^^^^^^^^
[2025-11-01 05:15:58] [STDERR]   File "/opt/homebrew/Caskroom/miniconda/base/lib/python3.11/site-packages/aiohttp/connector.py", line 1291, in _wrap_create_connection
[2025-11-01 05:15:58] [STDERR]     raise client_error(req.connection_key, exc) from exc
[2025-11-01 05:15:58] [STDERR] aiohttp.client_exceptions.ClientConnectorError: Cannot connect to host localhost:3100 ssl:default [Multiple exceptions: [Errno 61] Connect call failed ('::1', 3100, 0, 0), [Errno 61] Connect call failed ('127.0.0.1', 3100)]
[2025-11-01 05:33:49] [STDERR] 2025-11-01 05:33:49,021 - LokiExporter.loki-exporter - ERROR - Failed to export logs to Loki: Cannot connect to host localhost:3100 ssl:default [Multiple exceptions: [Errno 61] Connect call failed ('127.0.0.1', 3100), [Errno 61] Connect call failed ('::1', 3100, 0, 0)]
[2025-11-01 05:33:49] [STDERR] Traceback (most recent call last):
[2025-11-01 05:33:49] [STDERR]   File "/opt/homebrew/Caskroom/miniconda/base/lib/python3.11/site-packages/aiohttp/connector.py", line 1268, in _wrap_create_connection
[2025-11-01 05:33:49] [STDERR]     sock = await aiohappyeyeballs.start_connection(
[2025-11-01 05:33:49] [STDERR]            ^^^^^^^^^^^^^^^^^^^^^^^^^^^^^^^^^^^^^^^^
[2025-11-01 05:33:49] [STDERR]   File "/opt/homebrew/Caskroom/miniconda/base/lib/python3.11/site-packages/aiohappyeyeballs/impl.py", line 141, in start_connection
[2025-11-01 05:33:49] [STDERR]     raise OSError(first_errno, msg)
[2025-11-01 05:33:49] [STDERR] ConnectionRefusedError: [Errno 61] Multiple exceptions: [Errno 61] Connect call failed ('127.0.0.1', 3100), [Errno 61] Connect call failed ('::1', 3100, 0, 0)
[2025-11-01 05:33:49] [STDERR] 
[2025-11-01 05:33:49] [STDERR] The above exception was the direct cause of the following exception:
[2025-11-01 05:33:49] [STDERR] 
[2025-11-01 05:33:49] [STDERR] Traceback (most recent call last):
[2025-11-01 05:33:49] [STDERR]   File "/Users/leifmarkthaler/github/gleitzeit 0.0.7/src/gleitzeit/workers/loki_exporter_worker.py", line 251, in export_logs_to_loki
[2025-11-01 05:33:49] [STDERR]     async with self.session.post(
[2025-11-01 05:33:49] [STDERR]   File "/opt/homebrew/Caskroom/miniconda/base/lib/python3.11/site-packages/aiohttp/client.py", line 1488, in __aenter__
[2025-11-01 05:33:49] [STDERR]     self._resp: _RetType = await self._coro
[2025-11-01 05:33:49] [STDERR]                            ^^^^^^^^^^^^^^^^
[2025-11-01 05:33:49] [STDERR]   File "/opt/homebrew/Caskroom/miniconda/base/lib/python3.11/site-packages/aiohttp/client.py", line 770, in _request
[2025-11-01 05:33:49] [STDERR]     resp = await handler(req)
[2025-11-01 05:33:49] [STDERR]            ^^^^^^^^^^^^^^^^^^
[2025-11-01 05:33:49] [STDERR]   File "/opt/homebrew/Caskroom/miniconda/base/lib/python3.11/site-packages/aiohttp/client.py", line 725, in _connect_and_send_request
[2025-11-01 05:33:49] [STDERR]     conn = await self._connector.connect(
[2025-11-01 05:33:49] [STDERR]            ^^^^^^^^^^^^^^^^^^^^^^^^^^^^^^
[2025-11-01 05:33:49] [STDERR]   File "/opt/homebrew/Caskroom/miniconda/base/lib/python3.11/site-packages/aiohttp/connector.py", line 642, in connect
[2025-11-01 05:33:49] [STDERR]     proto = await self._create_connection(req, traces, timeout)
[2025-11-01 05:33:49] [STDERR]             ^^^^^^^^^^^^^^^^^^^^^^^^^^^^^^^^^^^^^^^^^^^^^^^^^^^
[2025-11-01 05:33:49] [STDERR]   File "/opt/homebrew/Caskroom/miniconda/base/lib/python3.11/site-packages/aiohttp/connector.py", line 1209, in _create_connection
[2025-11-01 05:33:49] [STDERR]     _, proto = await self._create_direct_connection(req, traces, timeout)
[2025-11-01 05:33:49] [STDERR]                ^^^^^^^^^^^^^^^^^^^^^^^^^^^^^^^^^^^^^^^^^^^^^^^^^^^^^^^^^^
[2025-11-01 05:33:49] [STDERR]   File "/opt/homebrew/Caskroom/miniconda/base/lib/python3.11/site-packages/aiohttp/connector.py", line 1581, in _create_direct_connection
[2025-11-01 05:33:49] [STDERR]     raise last_exc
[2025-11-01 05:33:49] [STDERR]   File "/opt/homebrew/Caskroom/miniconda/base/lib/python3.11/site-packages/aiohttp/connector.py", line 1550, in _create_direct_connection
[2025-11-01 05:33:49] [STDERR]     transp, proto = await self._wrap_create_connection(
[2025-11-01 05:33:49] [STDERR]                     ^^^^^^^^^^^^^^^^^^^^^^^^^^^^^^^^^^^
[2025-11-01 05:33:49] [STDERR]   File "/opt/homebrew/Caskroom/miniconda/base/lib/python3.11/site-packages/aiohttp/connector.py", line 1291, in _wrap_create_connection
[2025-11-01 05:33:49] [STDERR]     raise client_error(req.connection_key, exc) from exc
[2025-11-01 05:33:49] [STDERR] aiohttp.client_exceptions.ClientConnectorError: Cannot connect to host localhost:3100 ssl:default [Multiple exceptions: [Errno 61] Connect call failed ('127.0.0.1', 3100), [Errno 61] Connect call failed ('::1', 3100, 0, 0)]
[2025-11-01 05:51:09] [STDERR] 2025-11-01 05:51:09,920 - LokiExporter.loki-exporter - ERROR - Failed to export logs to Loki: Cannot connect to host localhost:3100 ssl:default [Multiple exceptions: [Errno 61] Connect call failed ('::1', 3100, 0, 0), [Errno 61] Connect call failed ('127.0.0.1', 3100)]
[2025-11-01 05:51:09] [STDERR] Traceback (most recent call last):
[2025-11-01 05:51:09] [STDERR]   File "/opt/homebrew/Caskroom/miniconda/base/lib/python3.11/site-packages/aiohttp/connector.py", line 1268, in _wrap_create_connection
[2025-11-01 05:51:09] [STDERR]     sock = await aiohappyeyeballs.start_connection(
[2025-11-01 05:51:09] [STDERR]            ^^^^^^^^^^^^^^^^^^^^^^^^^^^^^^^^^^^^^^^^
[2025-11-01 05:51:09] [STDERR]   File "/opt/homebrew/Caskroom/miniconda/base/lib/python3.11/site-packages/aiohappyeyeballs/impl.py", line 141, in start_connection
[2025-11-01 05:51:09] [STDERR]     raise OSError(first_errno, msg)
[2025-11-01 05:51:09] [STDERR] ConnectionRefusedError: [Errno 61] Multiple exceptions: [Errno 61] Connect call failed ('::1', 3100, 0, 0), [Errno 61] Connect call failed ('127.0.0.1', 3100)
[2025-11-01 05:51:09] [STDERR] 
[2025-11-01 05:51:09] [STDERR] The above exception was the direct cause of the following exception:
[2025-11-01 05:51:09] [STDERR] 
[2025-11-01 05:51:09] [STDERR] Traceback (most recent call last):
[2025-11-01 05:51:09] [STDERR]   File "/Users/leifmarkthaler/github/gleitzeit 0.0.7/src/gleitzeit/workers/loki_exporter_worker.py", line 251, in export_logs_to_loki
[2025-11-01 05:51:09] [STDERR]     async with self.session.post(
[2025-11-01 05:51:09] [STDERR]   File "/opt/homebrew/Caskroom/miniconda/base/lib/python3.11/site-packages/aiohttp/client.py", line 1488, in __aenter__
[2025-11-01 05:51:09] [STDERR]     self._resp: _RetType = await self._coro
[2025-11-01 05:51:09] [STDERR]                            ^^^^^^^^^^^^^^^^
[2025-11-01 05:51:09] [STDERR]   File "/opt/homebrew/Caskroom/miniconda/base/lib/python3.11/site-packages/aiohttp/client.py", line 770, in _request
[2025-11-01 05:51:09] [STDERR]     resp = await handler(req)
[2025-11-01 05:51:09] [STDERR]            ^^^^^^^^^^^^^^^^^^
[2025-11-01 05:51:09] [STDERR]   File "/opt/homebrew/Caskroom/miniconda/base/lib/python3.11/site-packages/aiohttp/client.py", line 725, in _connect_and_send_request
[2025-11-01 05:51:09] [STDERR]     conn = await self._connector.connect(
[2025-11-01 05:51:09] [STDERR]            ^^^^^^^^^^^^^^^^^^^^^^^^^^^^^^
[2025-11-01 05:51:09] [STDERR]   File "/opt/homebrew/Caskroom/miniconda/base/lib/python3.11/site-packages/aiohttp/connector.py", line 642, in connect
[2025-11-01 05:51:09] [STDERR]     proto = await self._create_connection(req, traces, timeout)
[2025-11-01 05:51:09] [STDERR]             ^^^^^^^^^^^^^^^^^^^^^^^^^^^^^^^^^^^^^^^^^^^^^^^^^^^
[2025-11-01 05:51:09] [STDERR]   File "/opt/homebrew/Caskroom/miniconda/base/lib/python3.11/site-packages/aiohttp/connector.py", line 1209, in _create_connection
[2025-11-01 05:51:09] [STDERR]     _, proto = await self._create_direct_connection(req, traces, timeout)
[2025-11-01 05:51:09] [STDERR]                ^^^^^^^^^^^^^^^^^^^^^^^^^^^^^^^^^^^^^^^^^^^^^^^^^^^^^^^^^^
[2025-11-01 05:51:09] [STDERR]   File "/opt/homebrew/Caskroom/miniconda/base/lib/python3.11/site-packages/aiohttp/connector.py", line 1581, in _create_direct_connection
[2025-11-01 05:51:09] [STDERR]     raise last_exc
[2025-11-01 05:51:09] [STDERR]   File "/opt/homebrew/Caskroom/miniconda/base/lib/python3.11/site-packages/aiohttp/connector.py", line 1550, in _create_direct_connection
[2025-11-01 05:51:09] [STDERR]     transp, proto = await self._wrap_create_connection(
[2025-11-01 05:51:09] [STDERR]                     ^^^^^^^^^^^^^^^^^^^^^^^^^^^^^^^^^^^
[2025-11-01 05:51:09] [STDERR]   File "/opt/homebrew/Caskroom/miniconda/base/lib/python3.11/site-packages/aiohttp/connector.py", line 1291, in _wrap_create_connection
[2025-11-01 05:51:09] [STDERR]     raise client_error(req.connection_key, exc) from exc
[2025-11-01 05:51:09] [STDERR] aiohttp.client_exceptions.ClientConnectorError: Cannot connect to host localhost:3100 ssl:default [Multiple exceptions: [Errno 61] Connect call failed ('::1', 3100, 0, 0), [Errno 61] Connect call failed ('127.0.0.1', 3100)]
[2025-11-01 05:51:14] [STDERR] 2025-11-01 05:51:14,965 - LokiExporter.loki-exporter - ERROR - Failed to export logs to Loki: Cannot connect to host localhost:3100 ssl:default [Multiple exceptions: [Errno 61] Connect call failed ('127.0.0.1', 3100), [Errno 61] Connect call failed ('::1', 3100, 0, 0)]
[2025-11-01 05:51:14] [STDERR] Traceback (most recent call last):
[2025-11-01 05:51:14] [STDERR]   File "/opt/homebrew/Caskroom/miniconda/base/lib/python3.11/site-packages/aiohttp/connector.py", line 1268, in _wrap_create_connection
[2025-11-01 05:51:14] [STDERR]     sock = await aiohappyeyeballs.start_connection(
[2025-11-01 05:51:14] [STDERR]            ^^^^^^^^^^^^^^^^^^^^^^^^^^^^^^^^^^^^^^^^
[2025-11-01 05:51:14] [STDERR]   File "/opt/homebrew/Caskroom/miniconda/base/lib/python3.11/site-packages/aiohappyeyeballs/impl.py", line 141, in start_connection
[2025-11-01 05:51:14] [STDERR]     raise OSError(first_errno, msg)
[2025-11-01 05:51:14] [STDERR] ConnectionRefusedError: [Errno 61] Multiple exceptions: [Errno 61] Connect call failed ('127.0.0.1', 3100), [Errno 61] Connect call failed ('::1', 3100, 0, 0)
[2025-11-01 05:51:14] [STDERR] 
[2025-11-01 05:51:14] [STDERR] The above exception was the direct cause of the following exception:
[2025-11-01 05:51:14] [STDERR] 
[2025-11-01 05:51:14] [STDERR] Traceback (most recent call last):
[2025-11-01 05:51:14] [STDERR]   File "/Users/leifmarkthaler/github/gleitzeit 0.0.7/src/gleitzeit/workers/loki_exporter_worker.py", line 251, in export_logs_to_loki
[2025-11-01 05:51:14] [STDERR]     async with self.session.post(
[2025-11-01 05:51:14] [STDERR]   File "/opt/homebrew/Caskroom/miniconda/base/lib/python3.11/site-packages/aiohttp/client.py", line 1488, in __aenter__
[2025-11-01 05:51:14] [STDERR]     self._resp: _RetType = await self._coro
[2025-11-01 05:51:14] [STDERR]                            ^^^^^^^^^^^^^^^^
[2025-11-01 05:51:14] [STDERR]   File "/opt/homebrew/Caskroom/miniconda/base/lib/python3.11/site-packages/aiohttp/client.py", line 770, in _request
[2025-11-01 05:51:14] [STDERR]     resp = await handler(req)
[2025-11-01 05:51:14] [STDERR]            ^^^^^^^^^^^^^^^^^^
[2025-11-01 05:51:14] [STDERR]   File "/opt/homebrew/Caskroom/miniconda/base/lib/python3.11/site-packages/aiohttp/client.py", line 725, in _connect_and_send_request
[2025-11-01 05:51:14] [STDERR]     conn = await self._connector.connect(
[2025-11-01 05:51:14] [STDERR]            ^^^^^^^^^^^^^^^^^^^^^^^^^^^^^^
[2025-11-01 05:51:14] [STDERR]   File "/opt/homebrew/Caskroom/miniconda/base/lib/python3.11/site-packages/aiohttp/connector.py", line 642, in connect
[2025-11-01 05:51:14] [STDERR]     proto = await self._create_connection(req, traces, timeout)
[2025-11-01 05:51:14] [STDERR]             ^^^^^^^^^^^^^^^^^^^^^^^^^^^^^^^^^^^^^^^^^^^^^^^^^^^
[2025-11-01 05:51:14] [STDERR]   File "/opt/homebrew/Caskroom/miniconda/base/lib/python3.11/site-packages/aiohttp/connector.py", line 1209, in _create_connection
[2025-11-01 05:51:14] [STDERR]     _, proto = await self._create_direct_connection(req, traces, timeout)
[2025-11-01 05:51:14] [STDERR]                ^^^^^^^^^^^^^^^^^^^^^^^^^^^^^^^^^^^^^^^^^^^^^^^^^^^^^^^^^^
[2025-11-01 05:51:14] [STDERR]   File "/opt/homebrew/Caskroom/miniconda/base/lib/python3.11/site-packages/aiohttp/connector.py", line 1581, in _create_direct_connection
[2025-11-01 05:51:14] [STDERR]     raise last_exc
[2025-11-01 05:51:14] [STDERR]   File "/opt/homebrew/Caskroom/miniconda/base/lib/python3.11/site-packages/aiohttp/connector.py", line 1550, in _create_direct_connection
[2025-11-01 05:51:14] [STDERR]     transp, proto = await self._wrap_create_connection(
[2025-11-01 05:51:14] [STDERR]                     ^^^^^^^^^^^^^^^^^^^^^^^^^^^^^^^^^^^
[2025-11-01 05:51:14] [STDERR]   File "/opt/homebrew/Caskroom/miniconda/base/lib/python3.11/site-packages/aiohttp/connector.py", line 1291, in _wrap_create_connection
[2025-11-01 05:51:14] [STDERR]     raise client_error(req.connection_key, exc) from exc
[2025-11-01 05:51:14] [STDERR] aiohttp.client_exceptions.ClientConnectorError: Cannot connect to host localhost:3100 ssl:default [Multiple exceptions: [Errno 61] Connect call failed ('127.0.0.1', 3100), [Errno 61] Connect call failed ('::1', 3100, 0, 0)]
[2025-11-01 06:07:44] [STDERR] 2025-11-01 06:07:44,653 - LokiExporter.loki-exporter - ERROR - Failed to export logs to Loki: Cannot connect to host localhost:3100 ssl:default [Multiple exceptions: [Errno 61] Connect call failed ('::1', 3100, 0, 0), [Errno 61] Connect call failed ('127.0.0.1', 3100)]
[2025-11-01 06:07:44] [STDERR] Traceback (most recent call last):
[2025-11-01 06:07:44] [STDERR]   File "/opt/homebrew/Caskroom/miniconda/base/lib/python3.11/site-packages/aiohttp/connector.py", line 1268, in _wrap_create_connection
[2025-11-01 06:07:44] [STDERR]     sock = await aiohappyeyeballs.start_connection(
[2025-11-01 06:07:44] [STDERR]            ^^^^^^^^^^^^^^^^^^^^^^^^^^^^^^^^^^^^^^^^
[2025-11-01 06:07:44] [STDERR]   File "/opt/homebrew/Caskroom/miniconda/base/lib/python3.11/site-packages/aiohappyeyeballs/impl.py", line 141, in start_connection
[2025-11-01 06:07:44] [STDERR]     raise OSError(first_errno, msg)
[2025-11-01 06:07:44] [STDERR] ConnectionRefusedError: [Errno 61] Multiple exceptions: [Errno 61] Connect call failed ('::1', 3100, 0, 0), [Errno 61] Connect call failed ('127.0.0.1', 3100)
[2025-11-01 06:07:44] [STDERR] 
[2025-11-01 06:07:44] [STDERR] The above exception was the direct cause of the following exception:
[2025-11-01 06:07:44] [STDERR] 
[2025-11-01 06:07:44] [STDERR] Traceback (most recent call last):
[2025-11-01 06:07:44] [STDERR]   File "/Users/leifmarkthaler/github/gleitzeit 0.0.7/src/gleitzeit/workers/loki_exporter_worker.py", line 251, in export_logs_to_loki
[2025-11-01 06:07:44] [STDERR]     async with self.session.post(
[2025-11-01 06:07:44] [STDERR]   File "/opt/homebrew/Caskroom/miniconda/base/lib/python3.11/site-packages/aiohttp/client.py", line 1488, in __aenter__
[2025-11-01 06:07:44] [STDERR]     self._resp: _RetType = await self._coro
[2025-11-01 06:07:44] [STDERR]                            ^^^^^^^^^^^^^^^^
[2025-11-01 06:07:44] [STDERR]   File "/opt/homebrew/Caskroom/miniconda/base/lib/python3.11/site-packages/aiohttp/client.py", line 770, in _request
[2025-11-01 06:07:44] [STDERR]     resp = await handler(req)
[2025-11-01 06:07:44] [STDERR]            ^^^^^^^^^^^^^^^^^^
[2025-11-01 06:07:44] [STDERR]   File "/opt/homebrew/Caskroom/miniconda/base/lib/python3.11/site-packages/aiohttp/client.py", line 725, in _connect_and_send_request
[2025-11-01 06:07:44] [STDERR]     conn = await self._connector.connect(
[2025-11-01 06:07:44] [STDERR]            ^^^^^^^^^^^^^^^^^^^^^^^^^^^^^^
[2025-11-01 06:07:44] [STDERR]   File "/opt/homebrew/Caskroom/miniconda/base/lib/python3.11/site-packages/aiohttp/connector.py", line 642, in connect
[2025-11-01 06:07:44] [STDERR]     proto = await self._create_connection(req, traces, timeout)
[2025-11-01 06:07:44] [STDERR]             ^^^^^^^^^^^^^^^^^^^^^^^^^^^^^^^^^^^^^^^^^^^^^^^^^^^
[2025-11-01 06:07:44] [STDERR]   File "/opt/homebrew/Caskroom/miniconda/base/lib/python3.11/site-packages/aiohttp/connector.py", line 1209, in _create_connection
[2025-11-01 06:07:44] [STDERR]     _, proto = await self._create_direct_connection(req, traces, timeout)
[2025-11-01 06:07:44] [STDERR]                ^^^^^^^^^^^^^^^^^^^^^^^^^^^^^^^^^^^^^^^^^^^^^^^^^^^^^^^^^^
[2025-11-01 06:07:44] [STDERR]   File "/opt/homebrew/Caskroom/miniconda/base/lib/python3.11/site-packages/aiohttp/connector.py", line 1581, in _create_direct_connection
[2025-11-01 06:07:44] [STDERR]     raise last_exc
[2025-11-01 06:07:44] [STDERR]   File "/opt/homebrew/Caskroom/miniconda/base/lib/python3.11/site-packages/aiohttp/connector.py", line 1550, in _create_direct_connection
[2025-11-01 06:07:44] [STDERR]     transp, proto = await self._wrap_create_connection(
[2025-11-01 06:07:44] [STDERR]                     ^^^^^^^^^^^^^^^^^^^^^^^^^^^^^^^^^^^
[2025-11-01 06:07:44] [STDERR]   File "/opt/homebrew/Caskroom/miniconda/base/lib/python3.11/site-packages/aiohttp/connector.py", line 1291, in _wrap_create_connection
[2025-11-01 06:07:44] [STDERR]     raise client_error(req.connection_key, exc) from exc
[2025-11-01 06:07:44] [STDERR] aiohttp.client_exceptions.ClientConnectorError: Cannot connect to host localhost:3100 ssl:default [Multiple exceptions: [Errno 61] Connect call failed ('::1', 3100, 0, 0), [Errno 61] Connect call failed ('127.0.0.1', 3100)]
[2025-11-01 06:23:59] [STDERR] 2025-11-01 06:23:59,442 - LokiExporter.loki-exporter - ERROR - Failed to export logs to Loki: Cannot connect to host localhost:3100 ssl:default [Multiple exceptions: [Errno 61] Connect call failed ('127.0.0.1', 3100), [Errno 61] Connect call failed ('::1', 3100, 0, 0)]
[2025-11-01 06:23:59] [STDERR] Traceback (most recent call last):
[2025-11-01 06:23:59] [STDERR]   File "/opt/homebrew/Caskroom/miniconda/base/lib/python3.11/site-packages/aiohttp/connector.py", line 1268, in _wrap_create_connection
[2025-11-01 06:23:59] [STDERR]     sock = await aiohappyeyeballs.start_connection(
[2025-11-01 06:23:59] [STDERR]            ^^^^^^^^^^^^^^^^^^^^^^^^^^^^^^^^^^^^^^^^
[2025-11-01 06:23:59] [STDERR]   File "/opt/homebrew/Caskroom/miniconda/base/lib/python3.11/site-packages/aiohappyeyeballs/impl.py", line 141, in start_connection
[2025-11-01 06:23:59] [STDERR]     raise OSError(first_errno, msg)
[2025-11-01 06:23:59] [STDERR] ConnectionRefusedError: [Errno 61] Multiple exceptions: [Errno 61] Connect call failed ('127.0.0.1', 3100), [Errno 61] Connect call failed ('::1', 3100, 0, 0)
[2025-11-01 06:23:59] [STDERR] 
[2025-11-01 06:23:59] [STDERR] The above exception was the direct cause of the following exception:
[2025-11-01 06:23:59] [STDERR] 
[2025-11-01 06:23:59] [STDERR] Traceback (most recent call last):
[2025-11-01 06:23:59] [STDERR]   File "/Users/leifmarkthaler/github/gleitzeit 0.0.7/src/gleitzeit/workers/loki_exporter_worker.py", line 251, in export_logs_to_loki
[2025-11-01 06:23:59] [STDERR]     async with self.session.post(
[2025-11-01 06:23:59] [STDERR]   File "/opt/homebrew/Caskroom/miniconda/base/lib/python3.11/site-packages/aiohttp/client.py", line 1488, in __aenter__
[2025-11-01 06:23:59] [STDERR]     self._resp: _RetType = await self._coro
[2025-11-01 06:23:59] [STDERR]                            ^^^^^^^^^^^^^^^^
[2025-11-01 06:23:59] [STDERR]   File "/opt/homebrew/Caskroom/miniconda/base/lib/python3.11/site-packages/aiohttp/client.py", line 770, in _request
[2025-11-01 06:23:59] [STDERR]     resp = await handler(req)
[2025-11-01 06:23:59] [STDERR]            ^^^^^^^^^^^^^^^^^^
[2025-11-01 06:23:59] [STDERR]   File "/opt/homebrew/Caskroom/miniconda/base/lib/python3.11/site-packages/aiohttp/client.py", line 725, in _connect_and_send_request
[2025-11-01 06:23:59] [STDERR]     conn = await self._connector.connect(
[2025-11-01 06:23:59] [STDERR]            ^^^^^^^^^^^^^^^^^^^^^^^^^^^^^^
[2025-11-01 06:23:59] [STDERR]   File "/opt/homebrew/Caskroom/miniconda/base/lib/python3.11/site-packages/aiohttp/connector.py", line 642, in connect
[2025-11-01 06:23:59] [STDERR]     proto = await self._create_connection(req, traces, timeout)
[2025-11-01 06:23:59] [STDERR]             ^^^^^^^^^^^^^^^^^^^^^^^^^^^^^^^^^^^^^^^^^^^^^^^^^^^
[2025-11-01 06:23:59] [STDERR]   File "/opt/homebrew/Caskroom/miniconda/base/lib/python3.11/site-packages/aiohttp/connector.py", line 1209, in _create_connection
[2025-11-01 06:23:59] [STDERR]     _, proto = await self._create_direct_connection(req, traces, timeout)
[2025-11-01 06:23:59] [STDERR]                ^^^^^^^^^^^^^^^^^^^^^^^^^^^^^^^^^^^^^^^^^^^^^^^^^^^^^^^^^^
[2025-11-01 06:23:59] [STDERR]   File "/opt/homebrew/Caskroom/miniconda/base/lib/python3.11/site-packages/aiohttp/connector.py", line 1581, in _create_direct_connection
[2025-11-01 06:23:59] [STDERR]     raise last_exc
[2025-11-01 06:23:59] [STDERR]   File "/opt/homebrew/Caskroom/miniconda/base/lib/python3.11/site-packages/aiohttp/connector.py", line 1550, in _create_direct_connection
[2025-11-01 06:23:59] [STDERR]     transp, proto = await self._wrap_create_connection(
[2025-11-01 06:23:59] [STDERR]                     ^^^^^^^^^^^^^^^^^^^^^^^^^^^^^^^^^^^
[2025-11-01 06:23:59] [STDERR]   File "/opt/homebrew/Caskroom/miniconda/base/lib/python3.11/site-packages/aiohttp/connector.py", line 1291, in _wrap_create_connection
[2025-11-01 06:23:59] [STDERR]     raise client_error(req.connection_key, exc) from exc
[2025-11-01 06:23:59] [STDERR] aiohttp.client_exceptions.ClientConnectorError: Cannot connect to host localhost:3100 ssl:default [Multiple exceptions: [Errno 61] Connect call failed ('127.0.0.1', 3100), [Errno 61] Connect call failed ('::1', 3100, 0, 0)]
[2025-11-01 06:36:49] [STDERR] 2025-11-01 06:36:49,222 - LokiExporter.loki-exporter - ERROR - Failed to export logs to Loki: Cannot connect to host localhost:3100 ssl:default [Multiple exceptions: [Errno 61] Connect call failed ('::1', 3100, 0, 0), [Errno 61] Connect call failed ('127.0.0.1', 3100)]
[2025-11-01 06:36:49] [STDERR] Traceback (most recent call last):
[2025-11-01 06:36:49] [STDERR]   File "/opt/homebrew/Caskroom/miniconda/base/lib/python3.11/site-packages/aiohttp/connector.py", line 1268, in _wrap_create_connection
[2025-11-01 06:36:49] [STDERR]     sock = await aiohappyeyeballs.start_connection(
[2025-11-01 06:36:49] [STDERR]            ^^^^^^^^^^^^^^^^^^^^^^^^^^^^^^^^^^^^^^^^
[2025-11-01 06:36:49] [STDERR]   File "/opt/homebrew/Caskroom/miniconda/base/lib/python3.11/site-packages/aiohappyeyeballs/impl.py", line 141, in start_connection
[2025-11-01 06:36:49] [STDERR]     raise OSError(first_errno, msg)
[2025-11-01 06:36:49] [STDERR] ConnectionRefusedError: [Errno 61] Multiple exceptions: [Errno 61] Connect call failed ('::1', 3100, 0, 0), [Errno 61] Connect call failed ('127.0.0.1', 3100)
[2025-11-01 06:36:49] [STDERR] 
[2025-11-01 06:36:49] [STDERR] The above exception was the direct cause of the following exception:
[2025-11-01 06:36:49] [STDERR] 
[2025-11-01 06:36:49] [STDERR] Traceback (most recent call last):
[2025-11-01 06:36:49] [STDERR]   File "/Users/leifmarkthaler/github/gleitzeit 0.0.7/src/gleitzeit/workers/loki_exporter_worker.py", line 251, in export_logs_to_loki
[2025-11-01 06:36:49] [STDERR]     async with self.session.post(
[2025-11-01 06:36:49] [STDERR]   File "/opt/homebrew/Caskroom/miniconda/base/lib/python3.11/site-packages/aiohttp/client.py", line 1488, in __aenter__
[2025-11-01 06:36:49] [STDERR]     self._resp: _RetType = await self._coro
[2025-11-01 06:36:49] [STDERR]                            ^^^^^^^^^^^^^^^^
[2025-11-01 06:36:49] [STDERR]   File "/opt/homebrew/Caskroom/miniconda/base/lib/python3.11/site-packages/aiohttp/client.py", line 770, in _request
[2025-11-01 06:36:49] [STDERR]     resp = await handler(req)
[2025-11-01 06:36:49] [STDERR]            ^^^^^^^^^^^^^^^^^^
[2025-11-01 06:36:49] [STDERR]   File "/opt/homebrew/Caskroom/miniconda/base/lib/python3.11/site-packages/aiohttp/client.py", line 725, in _connect_and_send_request
[2025-11-01 06:36:49] [STDERR]     conn = await self._connector.connect(
[2025-11-01 06:36:49] [STDERR]            ^^^^^^^^^^^^^^^^^^^^^^^^^^^^^^
[2025-11-01 06:36:49] [STDERR]   File "/opt/homebrew/Caskroom/miniconda/base/lib/python3.11/site-packages/aiohttp/connector.py", line 642, in connect
[2025-11-01 06:36:49] [STDERR]     proto = await self._create_connection(req, traces, timeout)
[2025-11-01 06:36:49] [STDERR]             ^^^^^^^^^^^^^^^^^^^^^^^^^^^^^^^^^^^^^^^^^^^^^^^^^^^
[2025-11-01 06:36:49] [STDERR]   File "/opt/homebrew/Caskroom/miniconda/base/lib/python3.11/site-packages/aiohttp/connector.py", line 1209, in _create_connection
[2025-11-01 06:36:49] [STDERR]     _, proto = await self._create_direct_connection(req, traces, timeout)
[2025-11-01 06:36:49] [STDERR]                ^^^^^^^^^^^^^^^^^^^^^^^^^^^^^^^^^^^^^^^^^^^^^^^^^^^^^^^^^^
[2025-11-01 06:36:49] [STDERR]   File "/opt/homebrew/Caskroom/miniconda/base/lib/python3.11/site-packages/aiohttp/connector.py", line 1581, in _create_direct_connection
[2025-11-01 06:36:49] [STDERR]     raise last_exc
[2025-11-01 06:36:49] [STDERR]   File "/opt/homebrew/Caskroom/miniconda/base/lib/python3.11/site-packages/aiohttp/connector.py", line 1550, in _create_direct_connection
[2025-11-01 06:36:49] [STDERR]     transp, proto = await self._wrap_create_connection(
[2025-11-01 06:36:49] [STDERR]                     ^^^^^^^^^^^^^^^^^^^^^^^^^^^^^^^^^^^
[2025-11-01 06:36:49] [STDERR]   File "/opt/homebrew/Caskroom/miniconda/base/lib/python3.11/site-packages/aiohttp/connector.py", line 1291, in _wrap_create_connection
[2025-11-01 06:36:49] [STDERR]     raise client_error(req.connection_key, exc) from exc
[2025-11-01 06:36:49] [STDERR] aiohttp.client_exceptions.ClientConnectorError: Cannot connect to host localhost:3100 ssl:default [Multiple exceptions: [Errno 61] Connect call failed ('::1', 3100, 0, 0), [Errno 61] Connect call failed ('127.0.0.1', 3100)]
[2025-11-01 06:36:54] [STDERR] 2025-11-01 06:36:54,261 - LokiExporter.loki-exporter - ERROR - Failed to export logs to Loki: Cannot connect to host localhost:3100 ssl:default [Multiple exceptions: [Errno 61] Connect call failed ('127.0.0.1', 3100), [Errno 61] Connect call failed ('::1', 3100, 0, 0)]
[2025-11-01 06:36:54] [STDERR] Traceback (most recent call last):
[2025-11-01 06:36:54] [STDERR]   File "/opt/homebrew/Caskroom/miniconda/base/lib/python3.11/site-packages/aiohttp/connector.py", line 1268, in _wrap_create_connection
[2025-11-01 06:36:54] [STDERR]     sock = await aiohappyeyeballs.start_connection(
[2025-11-01 06:36:54] [STDERR]            ^^^^^^^^^^^^^^^^^^^^^^^^^^^^^^^^^^^^^^^^
[2025-11-01 06:36:54] [STDERR]   File "/opt/homebrew/Caskroom/miniconda/base/lib/python3.11/site-packages/aiohappyeyeballs/impl.py", line 141, in start_connection
[2025-11-01 06:36:54] [STDERR]     raise OSError(first_errno, msg)
[2025-11-01 06:36:54] [STDERR] ConnectionRefusedError: [Errno 61] Multiple exceptions: [Errno 61] Connect call failed ('127.0.0.1', 3100), [Errno 61] Connect call failed ('::1', 3100, 0, 0)
[2025-11-01 06:36:54] [STDERR] 
[2025-11-01 06:36:54] [STDERR] The above exception was the direct cause of the following exception:
[2025-11-01 06:36:54] [STDERR] 
[2025-11-01 06:36:54] [STDERR] Traceback (most recent call last):
[2025-11-01 06:36:54] [STDERR]   File "/Users/leifmarkthaler/github/gleitzeit 0.0.7/src/gleitzeit/workers/loki_exporter_worker.py", line 251, in export_logs_to_loki
[2025-11-01 06:36:54] [STDERR]     async with self.session.post(
[2025-11-01 06:36:54] [STDERR]   File "/opt/homebrew/Caskroom/miniconda/base/lib/python3.11/site-packages/aiohttp/client.py", line 1488, in __aenter__
[2025-11-01 06:36:54] [STDERR]     self._resp: _RetType = await self._coro
[2025-11-01 06:36:54] [STDERR]                            ^^^^^^^^^^^^^^^^
[2025-11-01 06:36:54] [STDERR]   File "/opt/homebrew/Caskroom/miniconda/base/lib/python3.11/site-packages/aiohttp/client.py", line 770, in _request
[2025-11-01 06:36:54] [STDERR]     resp = await handler(req)
[2025-11-01 06:36:54] [STDERR]            ^^^^^^^^^^^^^^^^^^
[2025-11-01 06:36:54] [STDERR]   File "/opt/homebrew/Caskroom/miniconda/base/lib/python3.11/site-packages/aiohttp/client.py", line 725, in _connect_and_send_request
[2025-11-01 06:36:54] [STDERR]     conn = await self._connector.connect(
[2025-11-01 06:36:54] [STDERR]            ^^^^^^^^^^^^^^^^^^^^^^^^^^^^^^
[2025-11-01 06:36:54] [STDERR]   File "/opt/homebrew/Caskroom/miniconda/base/lib/python3.11/site-packages/aiohttp/connector.py", line 642, in connect
[2025-11-01 06:36:54] [STDERR]     proto = await self._create_connection(req, traces, timeout)
[2025-11-01 06:36:54] [STDERR]             ^^^^^^^^^^^^^^^^^^^^^^^^^^^^^^^^^^^^^^^^^^^^^^^^^^^
[2025-11-01 06:36:54] [STDERR]   File "/opt/homebrew/Caskroom/miniconda/base/lib/python3.11/site-packages/aiohttp/connector.py", line 1209, in _create_connection
[2025-11-01 06:36:54] [STDERR]     _, proto = await self._create_direct_connection(req, traces, timeout)
[2025-11-01 06:36:54] [STDERR]                ^^^^^^^^^^^^^^^^^^^^^^^^^^^^^^^^^^^^^^^^^^^^^^^^^^^^^^^^^^
[2025-11-01 06:36:54] [STDERR]   File "/opt/homebrew/Caskroom/miniconda/base/lib/python3.11/site-packages/aiohttp/connector.py", line 1581, in _create_direct_connection
[2025-11-01 06:36:54] [STDERR]     raise last_exc
[2025-11-01 06:36:54] [STDERR]   File "/opt/homebrew/Caskroom/miniconda/base/lib/python3.11/site-packages/aiohttp/connector.py", line 1550, in _create_direct_connection
[2025-11-01 06:36:54] [STDERR]     transp, proto = await self._wrap_create_connection(
[2025-11-01 06:36:54] [STDERR]                     ^^^^^^^^^^^^^^^^^^^^^^^^^^^^^^^^^^^
[2025-11-01 06:36:54] [STDERR]   File "/opt/homebrew/Caskroom/miniconda/base/lib/python3.11/site-packages/aiohttp/connector.py", line 1291, in _wrap_create_connection
[2025-11-01 06:36:54] [STDERR]     raise client_error(req.connection_key, exc) from exc
[2025-11-01 06:36:54] [STDERR] aiohttp.client_exceptions.ClientConnectorError: Cannot connect to host localhost:3100 ssl:default [Multiple exceptions: [Errno 61] Connect call failed ('127.0.0.1', 3100), [Errno 61] Connect call failed ('::1', 3100, 0, 0)]
[2025-11-01 06:53:32] [STDERR] 2025-11-01 06:53:32,846 - LokiExporter.loki-exporter - ERROR - Failed to export logs to Loki: Cannot connect to host localhost:3100 ssl:default [Multiple exceptions: [Errno 61] Connect call failed ('::1', 3100, 0, 0), [Errno 61] Connect call failed ('127.0.0.1', 3100)]
[2025-11-01 06:53:32] [STDERR] Traceback (most recent call last):
[2025-11-01 06:53:32] [STDERR]   File "/opt/homebrew/Caskroom/miniconda/base/lib/python3.11/site-packages/aiohttp/connector.py", line 1268, in _wrap_create_connection
[2025-11-01 06:53:32] [STDERR]     sock = await aiohappyeyeballs.start_connection(
[2025-11-01 06:53:32] [STDERR]            ^^^^^^^^^^^^^^^^^^^^^^^^^^^^^^^^^^^^^^^^
[2025-11-01 06:53:32] [STDERR]   File "/opt/homebrew/Caskroom/miniconda/base/lib/python3.11/site-packages/aiohappyeyeballs/impl.py", line 141, in start_connection
[2025-11-01 06:53:32] [STDERR]     raise OSError(first_errno, msg)
[2025-11-01 06:53:32] [STDERR] ConnectionRefusedError: [Errno 61] Multiple exceptions: [Errno 61] Connect call failed ('::1', 3100, 0, 0), [Errno 61] Connect call failed ('127.0.0.1', 3100)
[2025-11-01 06:53:32] [STDERR] 
[2025-11-01 06:53:32] [STDERR] The above exception was the direct cause of the following exception:
[2025-11-01 06:53:32] [STDERR] 
[2025-11-01 06:53:32] [STDERR] Traceback (most recent call last):
[2025-11-01 06:53:32] [STDERR]   File "/Users/leifmarkthaler/github/gleitzeit 0.0.7/src/gleitzeit/workers/loki_exporter_worker.py", line 251, in export_logs_to_loki
[2025-11-01 06:53:32] [STDERR]     async with self.session.post(
[2025-11-01 06:53:32] [STDERR]   File "/opt/homebrew/Caskroom/miniconda/base/lib/python3.11/site-packages/aiohttp/client.py", line 1488, in __aenter__
[2025-11-01 06:53:32] [STDERR]     self._resp: _RetType = await self._coro
[2025-11-01 06:53:32] [STDERR]                            ^^^^^^^^^^^^^^^^
[2025-11-01 06:53:32] [STDERR]   File "/opt/homebrew/Caskroom/miniconda/base/lib/python3.11/site-packages/aiohttp/client.py", line 770, in _request
[2025-11-01 06:53:32] [STDERR]     resp = await handler(req)
[2025-11-01 06:53:32] [STDERR]            ^^^^^^^^^^^^^^^^^^
[2025-11-01 06:53:32] [STDERR]   File "/opt/homebrew/Caskroom/miniconda/base/lib/python3.11/site-packages/aiohttp/client.py", line 725, in _connect_and_send_request
[2025-11-01 06:53:32] [STDERR]     conn = await self._connector.connect(
[2025-11-01 06:53:32] [STDERR]            ^^^^^^^^^^^^^^^^^^^^^^^^^^^^^^
[2025-11-01 06:53:32] [STDERR]   File "/opt/homebrew/Caskroom/miniconda/base/lib/python3.11/site-packages/aiohttp/connector.py", line 642, in connect
[2025-11-01 06:53:32] [STDERR]     proto = await self._create_connection(req, traces, timeout)
[2025-11-01 06:53:32] [STDERR]             ^^^^^^^^^^^^^^^^^^^^^^^^^^^^^^^^^^^^^^^^^^^^^^^^^^^
[2025-11-01 06:53:32] [STDERR]   File "/opt/homebrew/Caskroom/miniconda/base/lib/python3.11/site-packages/aiohttp/connector.py", line 1209, in _create_connection
[2025-11-01 06:53:32] [STDERR]     _, proto = await self._create_direct_connection(req, traces, timeout)
[2025-11-01 06:53:32] [STDERR]                ^^^^^^^^^^^^^^^^^^^^^^^^^^^^^^^^^^^^^^^^^^^^^^^^^^^^^^^^^^
[2025-11-01 06:53:32] [STDERR]   File "/opt/homebrew/Caskroom/miniconda/base/lib/python3.11/site-packages/aiohttp/connector.py", line 1581, in _create_direct_connection
[2025-11-01 06:53:32] [STDERR]     raise last_exc
[2025-11-01 06:53:32] [STDERR]   File "/opt/homebrew/Caskroom/miniconda/base/lib/python3.11/site-packages/aiohttp/connector.py", line 1550, in _create_direct_connection
[2025-11-01 06:53:32] [STDERR]     transp, proto = await self._wrap_create_connection(
[2025-11-01 06:53:32] [STDERR]                     ^^^^^^^^^^^^^^^^^^^^^^^^^^^^^^^^^^^
[2025-11-01 06:53:32] [STDERR]   File "/opt/homebrew/Caskroom/miniconda/base/lib/python3.11/site-packages/aiohttp/connector.py", line 1291, in _wrap_create_connection
[2025-11-01 06:53:32] [STDERR]     raise client_error(req.connection_key, exc) from exc
[2025-11-01 06:53:32] [STDERR] aiohttp.client_exceptions.ClientConnectorError: Cannot connect to host localhost:3100 ssl:default [Multiple exceptions: [Errno 61] Connect call failed ('::1', 3100, 0, 0), [Errno 61] Connect call failed ('127.0.0.1', 3100)]
[2025-11-01 07:10:10] [STDERR] 2025-11-01 07:10:10,626 - LokiExporter.loki-exporter - ERROR - Failed to export logs to Loki: Cannot connect to host localhost:3100 ssl:default [Multiple exceptions: [Errno 61] Connect call failed ('127.0.0.1', 3100), [Errno 61] Connect call failed ('::1', 3100, 0, 0)]
[2025-11-01 07:10:10] [STDERR] Traceback (most recent call last):
[2025-11-01 07:10:10] [STDERR]   File "/opt/homebrew/Caskroom/miniconda/base/lib/python3.11/site-packages/aiohttp/connector.py", line 1268, in _wrap_create_connection
[2025-11-01 07:10:10] [STDERR]     sock = await aiohappyeyeballs.start_connection(
[2025-11-01 07:10:10] [STDERR]            ^^^^^^^^^^^^^^^^^^^^^^^^^^^^^^^^^^^^^^^^
[2025-11-01 07:10:10] [STDERR]   File "/opt/homebrew/Caskroom/miniconda/base/lib/python3.11/site-packages/aiohappyeyeballs/impl.py", line 141, in start_connection
[2025-11-01 07:10:10] [STDERR]     raise OSError(first_errno, msg)
[2025-11-01 07:10:10] [STDERR] ConnectionRefusedError: [Errno 61] Multiple exceptions: [Errno 61] Connect call failed ('127.0.0.1', 3100), [Errno 61] Connect call failed ('::1', 3100, 0, 0)
[2025-11-01 07:10:10] [STDERR] 
[2025-11-01 07:10:10] [STDERR] The above exception was the direct cause of the following exception:
[2025-11-01 07:10:10] [STDERR] 
[2025-11-01 07:10:10] [STDERR] Traceback (most recent call last):
[2025-11-01 07:10:10] [STDERR]   File "/Users/leifmarkthaler/github/gleitzeit 0.0.7/src/gleitzeit/workers/loki_exporter_worker.py", line 251, in export_logs_to_loki
[2025-11-01 07:10:10] [STDERR]     async with self.session.post(
[2025-11-01 07:10:10] [STDERR]   File "/opt/homebrew/Caskroom/miniconda/base/lib/python3.11/site-packages/aiohttp/client.py", line 1488, in __aenter__
[2025-11-01 07:10:10] [STDERR]     self._resp: _RetType = await self._coro
[2025-11-01 07:10:10] [STDERR]                            ^^^^^^^^^^^^^^^^
[2025-11-01 07:10:10] [STDERR]   File "/opt/homebrew/Caskroom/miniconda/base/lib/python3.11/site-packages/aiohttp/client.py", line 770, in _request
[2025-11-01 07:10:10] [STDERR]     resp = await handler(req)
[2025-11-01 07:10:10] [STDERR]            ^^^^^^^^^^^^^^^^^^
[2025-11-01 07:10:10] [STDERR]   File "/opt/homebrew/Caskroom/miniconda/base/lib/python3.11/site-packages/aiohttp/client.py", line 725, in _connect_and_send_request
[2025-11-01 07:10:10] [STDERR]     conn = await self._connector.connect(
[2025-11-01 07:10:10] [STDERR]            ^^^^^^^^^^^^^^^^^^^^^^^^^^^^^^
[2025-11-01 07:10:10] [STDERR]   File "/opt/homebrew/Caskroom/miniconda/base/lib/python3.11/site-packages/aiohttp/connector.py", line 642, in connect
[2025-11-01 07:10:10] [STDERR]     proto = await self._create_connection(req, traces, timeout)
[2025-11-01 07:10:10] [STDERR]             ^^^^^^^^^^^^^^^^^^^^^^^^^^^^^^^^^^^^^^^^^^^^^^^^^^^
[2025-11-01 07:10:10] [STDERR]   File "/opt/homebrew/Caskroom/miniconda/base/lib/python3.11/site-packages/aiohttp/connector.py", line 1209, in _create_connection
[2025-11-01 07:10:10] [STDERR]     _, proto = await self._create_direct_connection(req, traces, timeout)
[2025-11-01 07:10:10] [STDERR]                ^^^^^^^^^^^^^^^^^^^^^^^^^^^^^^^^^^^^^^^^^^^^^^^^^^^^^^^^^^
[2025-11-01 07:10:10] [STDERR]   File "/opt/homebrew/Caskroom/miniconda/base/lib/python3.11/site-packages/aiohttp/connector.py", line 1581, in _create_direct_connection
[2025-11-01 07:10:10] [STDERR]     raise last_exc
[2025-11-01 07:10:10] [STDERR]   File "/opt/homebrew/Caskroom/miniconda/base/lib/python3.11/site-packages/aiohttp/connector.py", line 1550, in _create_direct_connection
[2025-11-01 07:10:10] [STDERR]     transp, proto = await self._wrap_create_connection(
[2025-11-01 07:10:10] [STDERR]                     ^^^^^^^^^^^^^^^^^^^^^^^^^^^^^^^^^^^
[2025-11-01 07:10:10] [STDERR]   File "/opt/homebrew/Caskroom/miniconda/base/lib/python3.11/site-packages/aiohttp/connector.py", line 1291, in _wrap_create_connection
[2025-11-01 07:10:10] [STDERR]     raise client_error(req.connection_key, exc) from exc
[2025-11-01 07:10:10] [STDERR] aiohttp.client_exceptions.ClientConnectorError: Cannot connect to host localhost:3100 ssl:default [Multiple exceptions: [Errno 61] Connect call failed ('127.0.0.1', 3100), [Errno 61] Connect call failed ('::1', 3100, 0, 0)]
[2025-11-01 07:26:32] [STDERR] 2025-11-01 07:26:32,398 - LokiExporter.loki-exporter - ERROR - Failed to export logs to Loki: Cannot connect to host localhost:3100 ssl:default [Multiple exceptions: [Errno 61] Connect call failed ('::1', 3100, 0, 0), [Errno 61] Connect call failed ('127.0.0.1', 3100)]
[2025-11-01 07:26:32] [STDERR] Traceback (most recent call last):
[2025-11-01 07:26:32] [STDERR]   File "/opt/homebrew/Caskroom/miniconda/base/lib/python3.11/site-packages/aiohttp/connector.py", line 1268, in _wrap_create_connection
[2025-11-01 07:26:32] [STDERR]     sock = await aiohappyeyeballs.start_connection(
[2025-11-01 07:26:32] [STDERR]            ^^^^^^^^^^^^^^^^^^^^^^^^^^^^^^^^^^^^^^^^
[2025-11-01 07:26:32] [STDERR]   File "/opt/homebrew/Caskroom/miniconda/base/lib/python3.11/site-packages/aiohappyeyeballs/impl.py", line 141, in start_connection
[2025-11-01 07:26:32] [STDERR]     raise OSError(first_errno, msg)
[2025-11-01 07:26:32] [STDERR] ConnectionRefusedError: [Errno 61] Multiple exceptions: [Errno 61] Connect call failed ('::1', 3100, 0, 0), [Errno 61] Connect call failed ('127.0.0.1', 3100)
[2025-11-01 07:26:32] [STDERR] 
[2025-11-01 07:26:32] [STDERR] The above exception was the direct cause of the following exception:
[2025-11-01 07:26:32] [STDERR] 
[2025-11-01 07:26:32] [STDERR] Traceback (most recent call last):
[2025-11-01 07:26:32] [STDERR]   File "/Users/leifmarkthaler/github/gleitzeit 0.0.7/src/gleitzeit/workers/loki_exporter_worker.py", line 251, in export_logs_to_loki
[2025-11-01 07:26:32] [STDERR]     async with self.session.post(
[2025-11-01 07:26:32] [STDERR]   File "/opt/homebrew/Caskroom/miniconda/base/lib/python3.11/site-packages/aiohttp/client.py", line 1488, in __aenter__
[2025-11-01 07:26:32] [STDERR]     self._resp: _RetType = await self._coro
[2025-11-01 07:26:32] [STDERR]                            ^^^^^^^^^^^^^^^^
[2025-11-01 07:26:32] [STDERR]   File "/opt/homebrew/Caskroom/miniconda/base/lib/python3.11/site-packages/aiohttp/client.py", line 770, in _request
[2025-11-01 07:26:32] [STDERR]     resp = await handler(req)
[2025-11-01 07:26:32] [STDERR]            ^^^^^^^^^^^^^^^^^^
[2025-11-01 07:26:32] [STDERR]   File "/opt/homebrew/Caskroom/miniconda/base/lib/python3.11/site-packages/aiohttp/client.py", line 725, in _connect_and_send_request
[2025-11-01 07:26:32] [STDERR]     conn = await self._connector.connect(
[2025-11-01 07:26:32] [STDERR]            ^^^^^^^^^^^^^^^^^^^^^^^^^^^^^^
[2025-11-01 07:26:32] [STDERR]   File "/opt/homebrew/Caskroom/miniconda/base/lib/python3.11/site-packages/aiohttp/connector.py", line 642, in connect
[2025-11-01 07:26:32] [STDERR]     proto = await self._create_connection(req, traces, timeout)
[2025-11-01 07:26:32] [STDERR]             ^^^^^^^^^^^^^^^^^^^^^^^^^^^^^^^^^^^^^^^^^^^^^^^^^^^
[2025-11-01 07:26:32] [STDERR]   File "/opt/homebrew/Caskroom/miniconda/base/lib/python3.11/site-packages/aiohttp/connector.py", line 1209, in _create_connection
[2025-11-01 07:26:32] [STDERR]     _, proto = await self._create_direct_connection(req, traces, timeout)
[2025-11-01 07:26:32] [STDERR]                ^^^^^^^^^^^^^^^^^^^^^^^^^^^^^^^^^^^^^^^^^^^^^^^^^^^^^^^^^^
[2025-11-01 07:26:32] [STDERR]   File "/opt/homebrew/Caskroom/miniconda/base/lib/python3.11/site-packages/aiohttp/connector.py", line 1581, in _create_direct_connection
[2025-11-01 07:26:32] [STDERR]     raise last_exc
[2025-11-01 07:26:32] [STDERR]   File "/opt/homebrew/Caskroom/miniconda/base/lib/python3.11/site-packages/aiohttp/connector.py", line 1550, in _create_direct_connection
[2025-11-01 07:26:32] [STDERR]     transp, proto = await self._wrap_create_connection(
[2025-11-01 07:26:32] [STDERR]                     ^^^^^^^^^^^^^^^^^^^^^^^^^^^^^^^^^^^
[2025-11-01 07:26:32] [STDERR]   File "/opt/homebrew/Caskroom/miniconda/base/lib/python3.11/site-packages/aiohttp/connector.py", line 1291, in _wrap_create_connection
[2025-11-01 07:26:32] [STDERR]     raise client_error(req.connection_key, exc) from exc
[2025-11-01 07:26:32] [STDERR] aiohttp.client_exceptions.ClientConnectorError: Cannot connect to host localhost:3100 ssl:default [Multiple exceptions: [Errno 61] Connect call failed ('::1', 3100, 0, 0), [Errno 61] Connect call failed ('127.0.0.1', 3100)]
[2025-11-01 07:37:45] [STDERR] 2025-11-01 07:37:45,180 - LokiExporter.loki-exporter - ERROR - Failed to export logs to Loki: Cannot connect to host localhost:3100 ssl:default [Multiple exceptions: [Errno 61] Connect call failed ('127.0.0.1', 3100), [Errno 61] Connect call failed ('::1', 3100, 0, 0)]
[2025-11-01 07:37:45] [STDERR] Traceback (most recent call last):
[2025-11-01 07:37:45] [STDERR]   File "/opt/homebrew/Caskroom/miniconda/base/lib/python3.11/site-packages/aiohttp/connector.py", line 1268, in _wrap_create_connection
[2025-11-01 07:37:45] [STDERR]     sock = await aiohappyeyeballs.start_connection(
[2025-11-01 07:37:45] [STDERR]            ^^^^^^^^^^^^^^^^^^^^^^^^^^^^^^^^^^^^^^^^
[2025-11-01 07:37:45] [STDERR]   File "/opt/homebrew/Caskroom/miniconda/base/lib/python3.11/site-packages/aiohappyeyeballs/impl.py", line 141, in start_connection
[2025-11-01 07:37:45] [STDERR]     raise OSError(first_errno, msg)
[2025-11-01 07:37:45] [STDERR] ConnectionRefusedError: [Errno 61] Multiple exceptions: [Errno 61] Connect call failed ('127.0.0.1', 3100), [Errno 61] Connect call failed ('::1', 3100, 0, 0)
[2025-11-01 07:37:45] [STDERR] 
[2025-11-01 07:37:45] [STDERR] The above exception was the direct cause of the following exception:
[2025-11-01 07:37:45] [STDERR] 
[2025-11-01 07:37:45] [STDERR] Traceback (most recent call last):
[2025-11-01 07:37:45] [STDERR]   File "/Users/leifmarkthaler/github/gleitzeit 0.0.7/src/gleitzeit/workers/loki_exporter_worker.py", line 251, in export_logs_to_loki
[2025-11-01 07:37:45] [STDERR]     async with self.session.post(
[2025-11-01 07:37:45] [STDERR]   File "/opt/homebrew/Caskroom/miniconda/base/lib/python3.11/site-packages/aiohttp/client.py", line 1488, in __aenter__
[2025-11-01 07:37:45] [STDERR]     self._resp: _RetType = await self._coro
[2025-11-01 07:37:45] [STDERR]                            ^^^^^^^^^^^^^^^^
[2025-11-01 07:37:45] [STDERR]   File "/opt/homebrew/Caskroom/miniconda/base/lib/python3.11/site-packages/aiohttp/client.py", line 770, in _request
[2025-11-01 07:37:45] [STDERR]     resp = await handler(req)
[2025-11-01 07:37:45] [STDERR]            ^^^^^^^^^^^^^^^^^^
[2025-11-01 07:37:45] [STDERR]   File "/opt/homebrew/Caskroom/miniconda/base/lib/python3.11/site-packages/aiohttp/client.py", line 725, in _connect_and_send_request
[2025-11-01 07:37:45] [STDERR]     conn = await self._connector.connect(
[2025-11-01 07:37:45] [STDERR]            ^^^^^^^^^^^^^^^^^^^^^^^^^^^^^^
[2025-11-01 07:37:45] [STDERR]   File "/opt/homebrew/Caskroom/miniconda/base/lib/python3.11/site-packages/aiohttp/connector.py", line 642, in connect
[2025-11-01 07:37:45] [STDERR]     proto = await self._create_connection(req, traces, timeout)
[2025-11-01 07:37:45] [STDERR]             ^^^^^^^^^^^^^^^^^^^^^^^^^^^^^^^^^^^^^^^^^^^^^^^^^^^
[2025-11-01 07:37:45] [STDERR]   File "/opt/homebrew/Caskroom/miniconda/base/lib/python3.11/site-packages/aiohttp/connector.py", line 1209, in _create_connection
[2025-11-01 07:37:45] [STDERR]     _, proto = await self._create_direct_connection(req, traces, timeout)
[2025-11-01 07:37:45] [STDERR]                ^^^^^^^^^^^^^^^^^^^^^^^^^^^^^^^^^^^^^^^^^^^^^^^^^^^^^^^^^^
[2025-11-01 07:37:45] [STDERR]   File "/opt/homebrew/Caskroom/miniconda/base/lib/python3.11/site-packages/aiohttp/connector.py", line 1581, in _create_direct_connection
[2025-11-01 07:37:45] [STDERR]     raise last_exc
[2025-11-01 07:37:45] [STDERR]   File "/opt/homebrew/Caskroom/miniconda/base/lib/python3.11/site-packages/aiohttp/connector.py", line 1550, in _create_direct_connection
[2025-11-01 07:37:45] [STDERR]     transp, proto = await self._wrap_create_connection(
[2025-11-01 07:37:45] [STDERR]                     ^^^^^^^^^^^^^^^^^^^^^^^^^^^^^^^^^^^
[2025-11-01 07:37:45] [STDERR]   File "/opt/homebrew/Caskroom/miniconda/base/lib/python3.11/site-packages/aiohttp/connector.py", line 1291, in _wrap_create_connection
[2025-11-01 07:37:45] [STDERR]     raise client_error(req.connection_key, exc) from exc
[2025-11-01 07:37:45] [STDERR] aiohttp.client_exceptions.ClientConnectorError: Cannot connect to host localhost:3100 ssl:default [Multiple exceptions: [Errno 61] Connect call failed ('127.0.0.1', 3100), [Errno 61] Connect call failed ('::1', 3100, 0, 0)]
[2025-11-01 07:37:50] [STDERR] 2025-11-01 07:37:50,219 - LokiExporter.loki-exporter - ERROR - Failed to export logs to Loki: Cannot connect to host localhost:3100 ssl:default [Multiple exceptions: [Errno 61] Connect call failed ('::1', 3100, 0, 0), [Errno 61] Connect call failed ('127.0.0.1', 3100)]
[2025-11-01 07:37:50] [STDERR] Traceback (most recent call last):
[2025-11-01 07:37:50] [STDERR]   File "/opt/homebrew/Caskroom/miniconda/base/lib/python3.11/site-packages/aiohttp/connector.py", line 1268, in _wrap_create_connection
[2025-11-01 07:37:50] [STDERR]     sock = await aiohappyeyeballs.start_connection(
[2025-11-01 07:37:50] [STDERR]            ^^^^^^^^^^^^^^^^^^^^^^^^^^^^^^^^^^^^^^^^
[2025-11-01 07:37:50] [STDERR]   File "/opt/homebrew/Caskroom/miniconda/base/lib/python3.11/site-packages/aiohappyeyeballs/impl.py", line 141, in start_connection
[2025-11-01 07:37:50] [STDERR]     raise OSError(first_errno, msg)
[2025-11-01 07:37:50] [STDERR] ConnectionRefusedError: [Errno 61] Multiple exceptions: [Errno 61] Connect call failed ('::1', 3100, 0, 0), [Errno 61] Connect call failed ('127.0.0.1', 3100)
[2025-11-01 07:37:50] [STDERR] 
[2025-11-01 07:37:50] [STDERR] The above exception was the direct cause of the following exception:
[2025-11-01 07:37:50] [STDERR] 
[2025-11-01 07:37:50] [STDERR] Traceback (most recent call last):
[2025-11-01 07:37:50] [STDERR]   File "/Users/leifmarkthaler/github/gleitzeit 0.0.7/src/gleitzeit/workers/loki_exporter_worker.py", line 251, in export_logs_to_loki
[2025-11-01 07:37:50] [STDERR]     async with self.session.post(
[2025-11-01 07:37:50] [STDERR]   File "/opt/homebrew/Caskroom/miniconda/base/lib/python3.11/site-packages/aiohttp/client.py", line 1488, in __aenter__
[2025-11-01 07:37:50] [STDERR]     self._resp: _RetType = await self._coro
[2025-11-01 07:37:50] [STDERR]                            ^^^^^^^^^^^^^^^^
[2025-11-01 07:37:50] [STDERR]   File "/opt/homebrew/Caskroom/miniconda/base/lib/python3.11/site-packages/aiohttp/client.py", line 770, in _request
[2025-11-01 07:37:50] [STDERR]     resp = await handler(req)
[2025-11-01 07:37:50] [STDERR]            ^^^^^^^^^^^^^^^^^^
[2025-11-01 07:37:50] [STDERR]   File "/opt/homebrew/Caskroom/miniconda/base/lib/python3.11/site-packages/aiohttp/client.py", line 725, in _connect_and_send_request
[2025-11-01 07:37:50] [STDERR]     conn = await self._connector.connect(
[2025-11-01 07:37:50] [STDERR]            ^^^^^^^^^^^^^^^^^^^^^^^^^^^^^^
[2025-11-01 07:37:50] [STDERR]   File "/opt/homebrew/Caskroom/miniconda/base/lib/python3.11/site-packages/aiohttp/connector.py", line 642, in connect
[2025-11-01 07:37:50] [STDERR]     proto = await self._create_connection(req, traces, timeout)
[2025-11-01 07:37:50] [STDERR]             ^^^^^^^^^^^^^^^^^^^^^^^^^^^^^^^^^^^^^^^^^^^^^^^^^^^
[2025-11-01 07:37:50] [STDERR]   File "/opt/homebrew/Caskroom/miniconda/base/lib/python3.11/site-packages/aiohttp/connector.py", line 1209, in _create_connection
[2025-11-01 07:37:50] [STDERR]     _, proto = await self._create_direct_connection(req, traces, timeout)
[2025-11-01 07:37:50] [STDERR]                ^^^^^^^^^^^^^^^^^^^^^^^^^^^^^^^^^^^^^^^^^^^^^^^^^^^^^^^^^^
[2025-11-01 07:37:50] [STDERR]   File "/opt/homebrew/Caskroom/miniconda/base/lib/python3.11/site-packages/aiohttp/connector.py", line 1581, in _create_direct_connection
[2025-11-01 07:37:50] [STDERR]     raise last_exc
[2025-11-01 07:37:50] [STDERR]   File "/opt/homebrew/Caskroom/miniconda/base/lib/python3.11/site-packages/aiohttp/connector.py", line 1550, in _create_direct_connection
[2025-11-01 07:37:50] [STDERR]     transp, proto = await self._wrap_create_connection(
[2025-11-01 07:37:50] [STDERR]                     ^^^^^^^^^^^^^^^^^^^^^^^^^^^^^^^^^^^
[2025-11-01 07:37:50] [STDERR]   File "/opt/homebrew/Caskroom/miniconda/base/lib/python3.11/site-packages/aiohttp/connector.py", line 1291, in _wrap_create_connection
[2025-11-01 07:37:50] [STDERR]     raise client_error(req.connection_key, exc) from exc
[2025-11-01 07:37:50] [STDERR] aiohttp.client_exceptions.ClientConnectorError: Cannot connect to host localhost:3100 ssl:default [Multiple exceptions: [Errno 61] Connect call failed ('::1', 3100, 0, 0), [Errno 61] Connect call failed ('127.0.0.1', 3100)]
[2025-11-01 07:37:55] [STDERR] 2025-11-01 07:37:55,251 - LokiExporter.loki-exporter - ERROR - Failed to export logs to Loki: Cannot connect to host localhost:3100 ssl:default [Multiple exceptions: [Errno 61] Connect call failed ('127.0.0.1', 3100), [Errno 61] Connect call failed ('::1', 3100, 0, 0)]
[2025-11-01 07:37:55] [STDERR] Traceback (most recent call last):
[2025-11-01 07:37:55] [STDERR]   File "/opt/homebrew/Caskroom/miniconda/base/lib/python3.11/site-packages/aiohttp/connector.py", line 1268, in _wrap_create_connection
[2025-11-01 07:37:55] [STDERR]     sock = await aiohappyeyeballs.start_connection(
[2025-11-01 07:37:55] [STDERR]            ^^^^^^^^^^^^^^^^^^^^^^^^^^^^^^^^^^^^^^^^
[2025-11-01 07:37:55] [STDERR]   File "/opt/homebrew/Caskroom/miniconda/base/lib/python3.11/site-packages/aiohappyeyeballs/impl.py", line 141, in start_connection
[2025-11-01 07:37:55] [STDERR]     raise OSError(first_errno, msg)
[2025-11-01 07:37:55] [STDERR] ConnectionRefusedError: [Errno 61] Multiple exceptions: [Errno 61] Connect call failed ('127.0.0.1', 3100), [Errno 61] Connect call failed ('::1', 3100, 0, 0)
[2025-11-01 07:37:55] [STDERR] 
[2025-11-01 07:37:55] [STDERR] The above exception was the direct cause of the following exception:
[2025-11-01 07:37:55] [STDERR] 
[2025-11-01 07:37:55] [STDERR] Traceback (most recent call last):
[2025-11-01 07:37:55] [STDERR]   File "/Users/leifmarkthaler/github/gleitzeit 0.0.7/src/gleitzeit/workers/loki_exporter_worker.py", line 251, in export_logs_to_loki
[2025-11-01 07:37:55] [STDERR]     async with self.session.post(
[2025-11-01 07:37:55] [STDERR]   File "/opt/homebrew/Caskroom/miniconda/base/lib/python3.11/site-packages/aiohttp/client.py", line 1488, in __aenter__
[2025-11-01 07:37:55] [STDERR]     self._resp: _RetType = await self._coro
[2025-11-01 07:37:55] [STDERR]                            ^^^^^^^^^^^^^^^^
[2025-11-01 07:37:55] [STDERR]   File "/opt/homebrew/Caskroom/miniconda/base/lib/python3.11/site-packages/aiohttp/client.py", line 770, in _request
[2025-11-01 07:37:55] [STDERR]     resp = await handler(req)
[2025-11-01 07:37:55] [STDERR]            ^^^^^^^^^^^^^^^^^^
[2025-11-01 07:37:55] [STDERR]   File "/opt/homebrew/Caskroom/miniconda/base/lib/python3.11/site-packages/aiohttp/client.py", line 725, in _connect_and_send_request
[2025-11-01 07:37:55] [STDERR]     conn = await self._connector.connect(
[2025-11-01 07:37:55] [STDERR]            ^^^^^^^^^^^^^^^^^^^^^^^^^^^^^^
[2025-11-01 07:37:55] [STDERR]   File "/opt/homebrew/Caskroom/miniconda/base/lib/python3.11/site-packages/aiohttp/connector.py", line 642, in connect
[2025-11-01 07:37:55] [STDERR]     proto = await self._create_connection(req, traces, timeout)
[2025-11-01 07:37:55] [STDERR]             ^^^^^^^^^^^^^^^^^^^^^^^^^^^^^^^^^^^^^^^^^^^^^^^^^^^
[2025-11-01 07:37:55] [STDERR]   File "/opt/homebrew/Caskroom/miniconda/base/lib/python3.11/site-packages/aiohttp/connector.py", line 1209, in _create_connection
[2025-11-01 07:37:55] [STDERR]     _, proto = await self._create_direct_connection(req, traces, timeout)
[2025-11-01 07:37:55] [STDERR]                ^^^^^^^^^^^^^^^^^^^^^^^^^^^^^^^^^^^^^^^^^^^^^^^^^^^^^^^^^^
[2025-11-01 07:37:55] [STDERR]   File "/opt/homebrew/Caskroom/miniconda/base/lib/python3.11/site-packages/aiohttp/connector.py", line 1581, in _create_direct_connection
[2025-11-01 07:37:55] [STDERR]     raise last_exc
[2025-11-01 07:37:55] [STDERR]   File "/opt/homebrew/Caskroom/miniconda/base/lib/python3.11/site-packages/aiohttp/connector.py", line 1550, in _create_direct_connection
[2025-11-01 07:37:55] [STDERR]     transp, proto = await self._wrap_create_connection(
[2025-11-01 07:37:55] [STDERR]                     ^^^^^^^^^^^^^^^^^^^^^^^^^^^^^^^^^^^
[2025-11-01 07:37:55] [STDERR]   File "/opt/homebrew/Caskroom/miniconda/base/lib/python3.11/site-packages/aiohttp/connector.py", line 1291, in _wrap_create_connection
[2025-11-01 07:37:55] [STDERR]     raise client_error(req.connection_key, exc) from exc
[2025-11-01 07:37:55] [STDERR] aiohttp.client_exceptions.ClientConnectorError: Cannot connect to host localhost:3100 ssl:default [Multiple exceptions: [Errno 61] Connect call failed ('127.0.0.1', 3100), [Errno 61] Connect call failed ('::1', 3100, 0, 0)]
[2025-11-01 07:38:00] [STDERR] 2025-11-01 07:38:00,292 - LokiExporter.loki-exporter - ERROR - Failed to export logs to Loki: Cannot connect to host localhost:3100 ssl:default [Multiple exceptions: [Errno 61] Connect call failed ('::1', 3100, 0, 0), [Errno 61] Connect call failed ('127.0.0.1', 3100)]
[2025-11-01 07:38:00] [STDERR] Traceback (most recent call last):
[2025-11-01 07:38:00] [STDERR]   File "/opt/homebrew/Caskroom/miniconda/base/lib/python3.11/site-packages/aiohttp/connector.py", line 1268, in _wrap_create_connection
[2025-11-01 07:38:00] [STDERR]     sock = await aiohappyeyeballs.start_connection(
[2025-11-01 07:38:00] [STDERR]            ^^^^^^^^^^^^^^^^^^^^^^^^^^^^^^^^^^^^^^^^
[2025-11-01 07:38:00] [STDERR]   File "/opt/homebrew/Caskroom/miniconda/base/lib/python3.11/site-packages/aiohappyeyeballs/impl.py", line 141, in start_connection
[2025-11-01 07:38:00] [STDERR]     raise OSError(first_errno, msg)
[2025-11-01 07:38:00] [STDERR] ConnectionRefusedError: [Errno 61] Multiple exceptions: [Errno 61] Connect call failed ('::1', 3100, 0, 0), [Errno 61] Connect call failed ('127.0.0.1', 3100)
[2025-11-01 07:38:00] [STDERR] 
[2025-11-01 07:38:00] [STDERR] The above exception was the direct cause of the following exception:
[2025-11-01 07:38:00] [STDERR] 
[2025-11-01 07:38:00] [STDERR] Traceback (most recent call last):
[2025-11-01 07:38:00] [STDERR]   File "/Users/leifmarkthaler/github/gleitzeit 0.0.7/src/gleitzeit/workers/loki_exporter_worker.py", line 251, in export_logs_to_loki
[2025-11-01 07:38:00] [STDERR]     async with self.session.post(
[2025-11-01 07:38:00] [STDERR]   File "/opt/homebrew/Caskroom/miniconda/base/lib/python3.11/site-packages/aiohttp/client.py", line 1488, in __aenter__
[2025-11-01 07:38:00] [STDERR]     self._resp: _RetType = await self._coro
[2025-11-01 07:38:00] [STDERR]                            ^^^^^^^^^^^^^^^^
[2025-11-01 07:38:00] [STDERR]   File "/opt/homebrew/Caskroom/miniconda/base/lib/python3.11/site-packages/aiohttp/client.py", line 770, in _request
[2025-11-01 07:38:00] [STDERR]     resp = await handler(req)
[2025-11-01 07:38:00] [STDERR]            ^^^^^^^^^^^^^^^^^^
[2025-11-01 07:38:00] [STDERR]   File "/opt/homebrew/Caskroom/miniconda/base/lib/python3.11/site-packages/aiohttp/client.py", line 725, in _connect_and_send_request
[2025-11-01 07:38:00] [STDERR]     conn = await self._connector.connect(
[2025-11-01 07:38:00] [STDERR]            ^^^^^^^^^^^^^^^^^^^^^^^^^^^^^^
[2025-11-01 07:38:00] [STDERR]   File "/opt/homebrew/Caskroom/miniconda/base/lib/python3.11/site-packages/aiohttp/connector.py", line 642, in connect
[2025-11-01 07:38:00] [STDERR]     proto = await self._create_connection(req, traces, timeout)
[2025-11-01 07:38:00] [STDERR]             ^^^^^^^^^^^^^^^^^^^^^^^^^^^^^^^^^^^^^^^^^^^^^^^^^^^
[2025-11-01 07:38:00] [STDERR]   File "/opt/homebrew/Caskroom/miniconda/base/lib/python3.11/site-packages/aiohttp/connector.py", line 1209, in _create_connection
[2025-11-01 07:38:00] [STDERR]     _, proto = await self._create_direct_connection(req, traces, timeout)
[2025-11-01 07:38:00] [STDERR]                ^^^^^^^^^^^^^^^^^^^^^^^^^^^^^^^^^^^^^^^^^^^^^^^^^^^^^^^^^^
[2025-11-01 07:38:00] [STDERR]   File "/opt/homebrew/Caskroom/miniconda/base/lib/python3.11/site-packages/aiohttp/connector.py", line 1581, in _create_direct_connection
[2025-11-01 07:38:00] [STDERR]     raise last_exc
[2025-11-01 07:38:00] [STDERR]   File "/opt/homebrew/Caskroom/miniconda/base/lib/python3.11/site-packages/aiohttp/connector.py", line 1550, in _create_direct_connection
[2025-11-01 07:38:00] [STDERR]     transp, proto = await self._wrap_create_connection(
[2025-11-01 07:38:00] [STDERR]                     ^^^^^^^^^^^^^^^^^^^^^^^^^^^^^^^^^^^
[2025-11-01 07:38:00] [STDERR]   File "/opt/homebrew/Caskroom/miniconda/base/lib/python3.11/site-packages/aiohttp/connector.py", line 1291, in _wrap_create_connection
[2025-11-01 07:38:00] [STDERR]     raise client_error(req.connection_key, exc) from exc
[2025-11-01 07:38:00] [STDERR] aiohttp.client_exceptions.ClientConnectorError: Cannot connect to host localhost:3100 ssl:default [Multiple exceptions: [Errno 61] Connect call failed ('::1', 3100, 0, 0), [Errno 61] Connect call failed ('127.0.0.1', 3100)]
[2025-11-01 07:38:05] [STDERR] 2025-11-01 07:38:05,332 - LokiExporter.loki-exporter - ERROR - Failed to export logs to Loki: Cannot connect to host localhost:3100 ssl:default [Multiple exceptions: [Errno 61] Connect call failed ('127.0.0.1', 3100), [Errno 61] Connect call failed ('::1', 3100, 0, 0)]
[2025-11-01 07:38:05] [STDERR] Traceback (most recent call last):
[2025-11-01 07:38:05] [STDERR]   File "/opt/homebrew/Caskroom/miniconda/base/lib/python3.11/site-packages/aiohttp/connector.py", line 1268, in _wrap_create_connection
[2025-11-01 07:38:05] [STDERR]     sock = await aiohappyeyeballs.start_connection(
[2025-11-01 07:38:05] [STDERR]            ^^^^^^^^^^^^^^^^^^^^^^^^^^^^^^^^^^^^^^^^
[2025-11-01 07:38:05] [STDERR]   File "/opt/homebrew/Caskroom/miniconda/base/lib/python3.11/site-packages/aiohappyeyeballs/impl.py", line 141, in start_connection
[2025-11-01 07:38:05] [STDERR]     raise OSError(first_errno, msg)
[2025-11-01 07:38:05] [STDERR] ConnectionRefusedError: [Errno 61] Multiple exceptions: [Errno 61] Connect call failed ('127.0.0.1', 3100), [Errno 61] Connect call failed ('::1', 3100, 0, 0)
[2025-11-01 07:38:05] [STDERR] 
[2025-11-01 07:38:05] [STDERR] The above exception was the direct cause of the following exception:
[2025-11-01 07:38:05] [STDERR] 
[2025-11-01 07:38:05] [STDERR] Traceback (most recent call last):
[2025-11-01 07:38:05] [STDERR]   File "/Users/leifmarkthaler/github/gleitzeit 0.0.7/src/gleitzeit/workers/loki_exporter_worker.py", line 251, in export_logs_to_loki
[2025-11-01 07:38:05] [STDERR]     async with self.session.post(
[2025-11-01 07:38:05] [STDERR]   File "/opt/homebrew/Caskroom/miniconda/base/lib/python3.11/site-packages/aiohttp/client.py", line 1488, in __aenter__
[2025-11-01 07:38:05] [STDERR]     self._resp: _RetType = await self._coro
[2025-11-01 07:38:05] [STDERR]                            ^^^^^^^^^^^^^^^^
[2025-11-01 07:38:05] [STDERR]   File "/opt/homebrew/Caskroom/miniconda/base/lib/python3.11/site-packages/aiohttp/client.py", line 770, in _request
[2025-11-01 07:38:05] [STDERR]     resp = await handler(req)
[2025-11-01 07:38:05] [STDERR]            ^^^^^^^^^^^^^^^^^^
[2025-11-01 07:38:05] [STDERR]   File "/opt/homebrew/Caskroom/miniconda/base/lib/python3.11/site-packages/aiohttp/client.py", line 725, in _connect_and_send_request
[2025-11-01 07:38:05] [STDERR]     conn = await self._connector.connect(
[2025-11-01 07:38:05] [STDERR]            ^^^^^^^^^^^^^^^^^^^^^^^^^^^^^^
[2025-11-01 07:38:05] [STDERR]   File "/opt/homebrew/Caskroom/miniconda/base/lib/python3.11/site-packages/aiohttp/connector.py", line 642, in connect
[2025-11-01 07:38:05] [STDERR]     proto = await self._create_connection(req, traces, timeout)
[2025-11-01 07:38:05] [STDERR]             ^^^^^^^^^^^^^^^^^^^^^^^^^^^^^^^^^^^^^^^^^^^^^^^^^^^
[2025-11-01 07:38:05] [STDERR]   File "/opt/homebrew/Caskroom/miniconda/base/lib/python3.11/site-packages/aiohttp/connector.py", line 1209, in _create_connection
[2025-11-01 07:38:05] [STDERR]     _, proto = await self._create_direct_connection(req, traces, timeout)
[2025-11-01 07:38:05] [STDERR]                ^^^^^^^^^^^^^^^^^^^^^^^^^^^^^^^^^^^^^^^^^^^^^^^^^^^^^^^^^^
[2025-11-01 07:38:05] [STDERR]   File "/opt/homebrew/Caskroom/miniconda/base/lib/python3.11/site-packages/aiohttp/connector.py", line 1581, in _create_direct_connection
[2025-11-01 07:38:05] [STDERR]     raise last_exc
[2025-11-01 07:38:05] [STDERR]   File "/opt/homebrew/Caskroom/miniconda/base/lib/python3.11/site-packages/aiohttp/connector.py", line 1550, in _create_direct_connection
[2025-11-01 07:38:05] [STDERR]     transp, proto = await self._wrap_create_connection(
[2025-11-01 07:38:05] [STDERR]                     ^^^^^^^^^^^^^^^^^^^^^^^^^^^^^^^^^^^
[2025-11-01 07:38:05] [STDERR]   File "/opt/homebrew/Caskroom/miniconda/base/lib/python3.11/site-packages/aiohttp/connector.py", line 1291, in _wrap_create_connection
[2025-11-01 07:38:05] [STDERR]     raise client_error(req.connection_key, exc) from exc
[2025-11-01 07:38:05] [STDERR] aiohttp.client_exceptions.ClientConnectorError: Cannot connect to host localhost:3100 ssl:default [Multiple exceptions: [Errno 61] Connect call failed ('127.0.0.1', 3100), [Errno 61] Connect call failed ('::1', 3100, 0, 0)]
[2025-11-01 07:54:38] [STDERR] 2025-11-01 07:54:38,803 - LokiExporter.loki-exporter - ERROR - Failed to export logs to Loki: Cannot connect to host localhost:3100 ssl:default [Multiple exceptions: [Errno 61] Connect call failed ('::1', 3100, 0, 0), [Errno 61] Connect call failed ('127.0.0.1', 3100)]
[2025-11-01 07:54:38] [STDERR] Traceback (most recent call last):
[2025-11-01 07:54:38] [STDERR]   File "/opt/homebrew/Caskroom/miniconda/base/lib/python3.11/site-packages/aiohttp/connector.py", line 1268, in _wrap_create_connection
[2025-11-01 07:54:38] [STDERR]     sock = await aiohappyeyeballs.start_connection(
[2025-11-01 07:54:38] [STDERR]            ^^^^^^^^^^^^^^^^^^^^^^^^^^^^^^^^^^^^^^^^
[2025-11-01 07:54:38] [STDERR]   File "/opt/homebrew/Caskroom/miniconda/base/lib/python3.11/site-packages/aiohappyeyeballs/impl.py", line 141, in start_connection
[2025-11-01 07:54:38] [STDERR]     raise OSError(first_errno, msg)
[2025-11-01 07:54:38] [STDERR] ConnectionRefusedError: [Errno 61] Multiple exceptions: [Errno 61] Connect call failed ('::1', 3100, 0, 0), [Errno 61] Connect call failed ('127.0.0.1', 3100)
[2025-11-01 07:54:38] [STDERR] 
[2025-11-01 07:54:38] [STDERR] The above exception was the direct cause of the following exception:
[2025-11-01 07:54:38] [STDERR] 
[2025-11-01 07:54:38] [STDERR] Traceback (most recent call last):
[2025-11-01 07:54:38] [STDERR]   File "/Users/leifmarkthaler/github/gleitzeit 0.0.7/src/gleitzeit/workers/loki_exporter_worker.py", line 251, in export_logs_to_loki
[2025-11-01 07:54:38] [STDERR]     async with self.session.post(
[2025-11-01 07:54:38] [STDERR]   File "/opt/homebrew/Caskroom/miniconda/base/lib/python3.11/site-packages/aiohttp/client.py", line 1488, in __aenter__
[2025-11-01 07:54:38] [STDERR]     self._resp: _RetType = await self._coro
[2025-11-01 07:54:38] [STDERR]                            ^^^^^^^^^^^^^^^^
[2025-11-01 07:54:38] [STDERR]   File "/opt/homebrew/Caskroom/miniconda/base/lib/python3.11/site-packages/aiohttp/client.py", line 770, in _request
[2025-11-01 07:54:38] [STDERR]     resp = await handler(req)
[2025-11-01 07:54:38] [STDERR]            ^^^^^^^^^^^^^^^^^^
[2025-11-01 07:54:38] [STDERR]   File "/opt/homebrew/Caskroom/miniconda/base/lib/python3.11/site-packages/aiohttp/client.py", line 725, in _connect_and_send_request
[2025-11-01 07:54:38] [STDERR]     conn = await self._connector.connect(
[2025-11-01 07:54:38] [STDERR]            ^^^^^^^^^^^^^^^^^^^^^^^^^^^^^^
[2025-11-01 07:54:38] [STDERR]   File "/opt/homebrew/Caskroom/miniconda/base/lib/python3.11/site-packages/aiohttp/connector.py", line 642, in connect
[2025-11-01 07:54:38] [STDERR]     proto = await self._create_connection(req, traces, timeout)
[2025-11-01 07:54:38] [STDERR]             ^^^^^^^^^^^^^^^^^^^^^^^^^^^^^^^^^^^^^^^^^^^^^^^^^^^
[2025-11-01 07:54:38] [STDERR]   File "/opt/homebrew/Caskroom/miniconda/base/lib/python3.11/site-packages/aiohttp/connector.py", line 1209, in _create_connection
[2025-11-01 07:54:38] [STDERR]     _, proto = await self._create_direct_connection(req, traces, timeout)
[2025-11-01 07:54:38] [STDERR]                ^^^^^^^^^^^^^^^^^^^^^^^^^^^^^^^^^^^^^^^^^^^^^^^^^^^^^^^^^^
[2025-11-01 07:54:38] [STDERR]   File "/opt/homebrew/Caskroom/miniconda/base/lib/python3.11/site-packages/aiohttp/connector.py", line 1581, in _create_direct_connection
[2025-11-01 07:54:38] [STDERR]     raise last_exc
[2025-11-01 07:54:38] [STDERR]   File "/opt/homebrew/Caskroom/miniconda/base/lib/python3.11/site-packages/aiohttp/connector.py", line 1550, in _create_direct_connection
[2025-11-01 07:54:38] [STDERR]     transp, proto = await self._wrap_create_connection(
[2025-11-01 07:54:38] [STDERR]                     ^^^^^^^^^^^^^^^^^^^^^^^^^^^^^^^^^^^
[2025-11-01 07:54:38] [STDERR]   File "/opt/homebrew/Caskroom/miniconda/base/lib/python3.11/site-packages/aiohttp/connector.py", line 1291, in _wrap_create_connection
[2025-11-01 07:54:38] [STDERR]     raise client_error(req.connection_key, exc) from exc
[2025-11-01 07:54:38] [STDERR] aiohttp.client_exceptions.ClientConnectorError: Cannot connect to host localhost:3100 ssl:default [Multiple exceptions: [Errno 61] Connect call failed ('::1', 3100, 0, 0), [Errno 61] Connect call failed ('127.0.0.1', 3100)]
[2025-11-01 08:11:38] [STDERR] 2025-11-01 08:11:38,556 - LokiExporter.loki-exporter - ERROR - Failed to export logs to Loki: Cannot connect to host localhost:3100 ssl:default [Multiple exceptions: [Errno 61] Connect call failed ('127.0.0.1', 3100), [Errno 61] Connect call failed ('::1', 3100, 0, 0)]
[2025-11-01 08:11:38] [STDERR] Traceback (most recent call last):
[2025-11-01 08:11:38] [STDERR]   File "/opt/homebrew/Caskroom/miniconda/base/lib/python3.11/site-packages/aiohttp/connector.py", line 1268, in _wrap_create_connection
[2025-11-01 08:11:38] [STDERR]     sock = await aiohappyeyeballs.start_connection(
[2025-11-01 08:11:38] [STDERR]            ^^^^^^^^^^^^^^^^^^^^^^^^^^^^^^^^^^^^^^^^
[2025-11-01 08:11:38] [STDERR]   File "/opt/homebrew/Caskroom/miniconda/base/lib/python3.11/site-packages/aiohappyeyeballs/impl.py", line 141, in start_connection
[2025-11-01 08:11:38] [STDERR]     raise OSError(first_errno, msg)
[2025-11-01 08:11:38] [STDERR] ConnectionRefusedError: [Errno 61] Multiple exceptions: [Errno 61] Connect call failed ('127.0.0.1', 3100), [Errno 61] Connect call failed ('::1', 3100, 0, 0)
[2025-11-01 08:11:38] [STDERR] 
[2025-11-01 08:11:38] [STDERR] The above exception was the direct cause of the following exception:
[2025-11-01 08:11:38] [STDERR] 
[2025-11-01 08:11:38] [STDERR] Traceback (most recent call last):
[2025-11-01 08:11:38] [STDERR]   File "/Users/leifmarkthaler/github/gleitzeit 0.0.7/src/gleitzeit/workers/loki_exporter_worker.py", line 251, in export_logs_to_loki
[2025-11-01 08:11:38] [STDERR]     async with self.session.post(
[2025-11-01 08:11:38] [STDERR]   File "/opt/homebrew/Caskroom/miniconda/base/lib/python3.11/site-packages/aiohttp/client.py", line 1488, in __aenter__
[2025-11-01 08:11:38] [STDERR]     self._resp: _RetType = await self._coro
[2025-11-01 08:11:38] [STDERR]                            ^^^^^^^^^^^^^^^^
[2025-11-01 08:11:38] [STDERR]   File "/opt/homebrew/Caskroom/miniconda/base/lib/python3.11/site-packages/aiohttp/client.py", line 770, in _request
[2025-11-01 08:11:38] [STDERR]     resp = await handler(req)
[2025-11-01 08:11:38] [STDERR]            ^^^^^^^^^^^^^^^^^^
[2025-11-01 08:11:38] [STDERR]   File "/opt/homebrew/Caskroom/miniconda/base/lib/python3.11/site-packages/aiohttp/client.py", line 725, in _connect_and_send_request
[2025-11-01 08:11:38] [STDERR]     conn = await self._connector.connect(
[2025-11-01 08:11:38] [STDERR]            ^^^^^^^^^^^^^^^^^^^^^^^^^^^^^^
[2025-11-01 08:11:38] [STDERR]   File "/opt/homebrew/Caskroom/miniconda/base/lib/python3.11/site-packages/aiohttp/connector.py", line 642, in connect
[2025-11-01 08:11:38] [STDERR]     proto = await self._create_connection(req, traces, timeout)
[2025-11-01 08:11:38] [STDERR]             ^^^^^^^^^^^^^^^^^^^^^^^^^^^^^^^^^^^^^^^^^^^^^^^^^^^
[2025-11-01 08:11:38] [STDERR]   File "/opt/homebrew/Caskroom/miniconda/base/lib/python3.11/site-packages/aiohttp/connector.py", line 1209, in _create_connection
[2025-11-01 08:11:38] [STDERR]     _, proto = await self._create_direct_connection(req, traces, timeout)
[2025-11-01 08:11:38] [STDERR]                ^^^^^^^^^^^^^^^^^^^^^^^^^^^^^^^^^^^^^^^^^^^^^^^^^^^^^^^^^^
[2025-11-01 08:11:38] [STDERR]   File "/opt/homebrew/Caskroom/miniconda/base/lib/python3.11/site-packages/aiohttp/connector.py", line 1581, in _create_direct_connection
[2025-11-01 08:11:38] [STDERR]     raise last_exc
[2025-11-01 08:11:38] [STDERR]   File "/opt/homebrew/Caskroom/miniconda/base/lib/python3.11/site-packages/aiohttp/connector.py", line 1550, in _create_direct_connection
[2025-11-01 08:11:38] [STDERR]     transp, proto = await self._wrap_create_connection(
[2025-11-01 08:11:38] [STDERR]                     ^^^^^^^^^^^^^^^^^^^^^^^^^^^^^^^^^^^
[2025-11-01 08:11:38] [STDERR]   File "/opt/homebrew/Caskroom/miniconda/base/lib/python3.11/site-packages/aiohttp/connector.py", line 1291, in _wrap_create_connection
[2025-11-01 08:11:38] [STDERR]     raise client_error(req.connection_key, exc) from exc
[2025-11-01 08:11:38] [STDERR] aiohttp.client_exceptions.ClientConnectorError: Cannot connect to host localhost:3100 ssl:default [Multiple exceptions: [Errno 61] Connect call failed ('127.0.0.1', 3100), [Errno 61] Connect call failed ('::1', 3100, 0, 0)]
[2025-11-01 08:27:25] [STDERR] 2025-11-01 08:27:25,287 - LokiExporter.loki-exporter - ERROR - Failed to export logs to Loki: Cannot connect to host localhost:3100 ssl:default [Multiple exceptions: [Errno 61] Connect call failed ('::1', 3100, 0, 0), [Errno 61] Connect call failed ('127.0.0.1', 3100)]
[2025-11-01 08:27:25] [STDERR] Traceback (most recent call last):
[2025-11-01 08:27:25] [STDERR]   File "/opt/homebrew/Caskroom/miniconda/base/lib/python3.11/site-packages/aiohttp/connector.py", line 1268, in _wrap_create_connection
[2025-11-01 08:27:25] [STDERR]     sock = await aiohappyeyeballs.start_connection(
[2025-11-01 08:27:25] [STDERR]            ^^^^^^^^^^^^^^^^^^^^^^^^^^^^^^^^^^^^^^^^
[2025-11-01 08:27:25] [STDERR]   File "/opt/homebrew/Caskroom/miniconda/base/lib/python3.11/site-packages/aiohappyeyeballs/impl.py", line 141, in start_connection
[2025-11-01 08:27:25] [STDERR]     raise OSError(first_errno, msg)
[2025-11-01 08:27:25] [STDERR] ConnectionRefusedError: [Errno 61] Multiple exceptions: [Errno 61] Connect call failed ('::1', 3100, 0, 0), [Errno 61] Connect call failed ('127.0.0.1', 3100)
[2025-11-01 08:27:25] [STDERR] 
[2025-11-01 08:27:25] [STDERR] The above exception was the direct cause of the following exception:
[2025-11-01 08:27:25] [STDERR] 
[2025-11-01 08:27:25] [STDERR] Traceback (most recent call last):
[2025-11-01 08:27:25] [STDERR]   File "/Users/leifmarkthaler/github/gleitzeit 0.0.7/src/gleitzeit/workers/loki_exporter_worker.py", line 251, in export_logs_to_loki
[2025-11-01 08:27:25] [STDERR]     async with self.session.post(
[2025-11-01 08:27:25] [STDERR]   File "/opt/homebrew/Caskroom/miniconda/base/lib/python3.11/site-packages/aiohttp/client.py", line 1488, in __aenter__
[2025-11-01 08:27:25] [STDERR]     self._resp: _RetType = await self._coro
[2025-11-01 08:27:25] [STDERR]                            ^^^^^^^^^^^^^^^^
[2025-11-01 08:27:25] [STDERR]   File "/opt/homebrew/Caskroom/miniconda/base/lib/python3.11/site-packages/aiohttp/client.py", line 770, in _request
[2025-11-01 08:27:25] [STDERR]     resp = await handler(req)
[2025-11-01 08:27:25] [STDERR]            ^^^^^^^^^^^^^^^^^^
[2025-11-01 08:27:25] [STDERR]   File "/opt/homebrew/Caskroom/miniconda/base/lib/python3.11/site-packages/aiohttp/client.py", line 725, in _connect_and_send_request
[2025-11-01 08:27:25] [STDERR]     conn = await self._connector.connect(
[2025-11-01 08:27:25] [STDERR]            ^^^^^^^^^^^^^^^^^^^^^^^^^^^^^^
[2025-11-01 08:27:25] [STDERR]   File "/opt/homebrew/Caskroom/miniconda/base/lib/python3.11/site-packages/aiohttp/connector.py", line 642, in connect
[2025-11-01 08:27:25] [STDERR]     proto = await self._create_connection(req, traces, timeout)
[2025-11-01 08:27:25] [STDERR]             ^^^^^^^^^^^^^^^^^^^^^^^^^^^^^^^^^^^^^^^^^^^^^^^^^^^
[2025-11-01 08:27:25] [STDERR]   File "/opt/homebrew/Caskroom/miniconda/base/lib/python3.11/site-packages/aiohttp/connector.py", line 1209, in _create_connection
[2025-11-01 08:27:25] [STDERR]     _, proto = await self._create_direct_connection(req, traces, timeout)
[2025-11-01 08:27:25] [STDERR]                ^^^^^^^^^^^^^^^^^^^^^^^^^^^^^^^^^^^^^^^^^^^^^^^^^^^^^^^^^^
[2025-11-01 08:27:25] [STDERR]   File "/opt/homebrew/Caskroom/miniconda/base/lib/python3.11/site-packages/aiohttp/connector.py", line 1581, in _create_direct_connection
[2025-11-01 08:27:25] [STDERR]     raise last_exc
[2025-11-01 08:27:25] [STDERR]   File "/opt/homebrew/Caskroom/miniconda/base/lib/python3.11/site-packages/aiohttp/connector.py", line 1550, in _create_direct_connection
[2025-11-01 08:27:25] [STDERR]     transp, proto = await self._wrap_create_connection(
[2025-11-01 08:27:25] [STDERR]                     ^^^^^^^^^^^^^^^^^^^^^^^^^^^^^^^^^^^
[2025-11-01 08:27:25] [STDERR]   File "/opt/homebrew/Caskroom/miniconda/base/lib/python3.11/site-packages/aiohttp/connector.py", line 1291, in _wrap_create_connection
[2025-11-01 08:27:25] [STDERR]     raise client_error(req.connection_key, exc) from exc
[2025-11-01 08:27:25] [STDERR] aiohttp.client_exceptions.ClientConnectorError: Cannot connect to host localhost:3100 ssl:default [Multiple exceptions: [Errno 61] Connect call failed ('::1', 3100, 0, 0), [Errno 61] Connect call failed ('127.0.0.1', 3100)]
[2025-11-01 08:38:46] [STDERR] 2025-11-01 08:38:46,062 - LokiExporter.loki-exporter - ERROR - Failed to export logs to Loki: Cannot connect to host localhost:3100 ssl:default [Multiple exceptions: [Errno 61] Connect call failed ('127.0.0.1', 3100), [Errno 61] Connect call failed ('::1', 3100, 0, 0)]
[2025-11-01 08:38:46] [STDERR] Traceback (most recent call last):
[2025-11-01 08:38:46] [STDERR]   File "/opt/homebrew/Caskroom/miniconda/base/lib/python3.11/site-packages/aiohttp/connector.py", line 1268, in _wrap_create_connection
[2025-11-01 08:38:46] [STDERR]     sock = await aiohappyeyeballs.start_connection(
[2025-11-01 08:38:46] [STDERR]            ^^^^^^^^^^^^^^^^^^^^^^^^^^^^^^^^^^^^^^^^
[2025-11-01 08:38:46] [STDERR]   File "/opt/homebrew/Caskroom/miniconda/base/lib/python3.11/site-packages/aiohappyeyeballs/impl.py", line 141, in start_connection
[2025-11-01 08:38:46] [STDERR]     raise OSError(first_errno, msg)
[2025-11-01 08:38:46] [STDERR] ConnectionRefusedError: [Errno 61] Multiple exceptions: [Errno 61] Connect call failed ('127.0.0.1', 3100), [Errno 61] Connect call failed ('::1', 3100, 0, 0)
[2025-11-01 08:38:46] [STDERR] 
[2025-11-01 08:38:46] [STDERR] The above exception was the direct cause of the following exception:
[2025-11-01 08:38:46] [STDERR] 
[2025-11-01 08:38:46] [STDERR] Traceback (most recent call last):
[2025-11-01 08:38:46] [STDERR]   File "/Users/leifmarkthaler/github/gleitzeit 0.0.7/src/gleitzeit/workers/loki_exporter_worker.py", line 251, in export_logs_to_loki
[2025-11-01 08:38:46] [STDERR]     async with self.session.post(
[2025-11-01 08:38:46] [STDERR]   File "/opt/homebrew/Caskroom/miniconda/base/lib/python3.11/site-packages/aiohttp/client.py", line 1488, in __aenter__
[2025-11-01 08:38:46] [STDERR]     self._resp: _RetType = await self._coro
[2025-11-01 08:38:46] [STDERR]                            ^^^^^^^^^^^^^^^^
[2025-11-01 08:38:46] [STDERR]   File "/opt/homebrew/Caskroom/miniconda/base/lib/python3.11/site-packages/aiohttp/client.py", line 770, in _request
[2025-11-01 08:38:46] [STDERR]     resp = await handler(req)
[2025-11-01 08:38:46] [STDERR]            ^^^^^^^^^^^^^^^^^^
[2025-11-01 08:38:46] [STDERR]   File "/opt/homebrew/Caskroom/miniconda/base/lib/python3.11/site-packages/aiohttp/client.py", line 725, in _connect_and_send_request
[2025-11-01 08:38:46] [STDERR]     conn = await self._connector.connect(
[2025-11-01 08:38:46] [STDERR]            ^^^^^^^^^^^^^^^^^^^^^^^^^^^^^^
[2025-11-01 08:38:46] [STDERR]   File "/opt/homebrew/Caskroom/miniconda/base/lib/python3.11/site-packages/aiohttp/connector.py", line 642, in connect
[2025-11-01 08:38:46] [STDERR]     proto = await self._create_connection(req, traces, timeout)
[2025-11-01 08:38:46] [STDERR]             ^^^^^^^^^^^^^^^^^^^^^^^^^^^^^^^^^^^^^^^^^^^^^^^^^^^
[2025-11-01 08:38:46] [STDERR]   File "/opt/homebrew/Caskroom/miniconda/base/lib/python3.11/site-packages/aiohttp/connector.py", line 1209, in _create_connection
[2025-11-01 08:38:46] [STDERR]     _, proto = await self._create_direct_connection(req, traces, timeout)
[2025-11-01 08:38:46] [STDERR]                ^^^^^^^^^^^^^^^^^^^^^^^^^^^^^^^^^^^^^^^^^^^^^^^^^^^^^^^^^^
[2025-11-01 08:38:46] [STDERR]   File "/opt/homebrew/Caskroom/miniconda/base/lib/python3.11/site-packages/aiohttp/connector.py", line 1581, in _create_direct_connection
[2025-11-01 08:38:46] [STDERR]     raise last_exc
[2025-11-01 08:38:46] [STDERR]   File "/opt/homebrew/Caskroom/miniconda/base/lib/python3.11/site-packages/aiohttp/connector.py", line 1550, in _create_direct_connection
[2025-11-01 08:38:46] [STDERR]     transp, proto = await self._wrap_create_connection(
[2025-11-01 08:38:46] [STDERR]                     ^^^^^^^^^^^^^^^^^^^^^^^^^^^^^^^^^^^
[2025-11-01 08:38:46] [STDERR]   File "/opt/homebrew/Caskroom/miniconda/base/lib/python3.11/site-packages/aiohttp/connector.py", line 1291, in _wrap_create_connection
[2025-11-01 08:38:46] [STDERR]     raise client_error(req.connection_key, exc) from exc
[2025-11-01 08:38:46] [STDERR] aiohttp.client_exceptions.ClientConnectorError: Cannot connect to host localhost:3100 ssl:default [Multiple exceptions: [Errno 61] Connect call failed ('127.0.0.1', 3100), [Errno 61] Connect call failed ('::1', 3100, 0, 0)]
[2025-11-01 08:38:51] [STDERR] 2025-11-01 08:38:51,277 - LokiExporter.loki-exporter - ERROR - Failed to export logs to Loki: Cannot connect to host localhost:3100 ssl:default [Multiple exceptions: [Errno 61] Connect call failed ('::1', 3100, 0, 0), [Errno 61] Connect call failed ('127.0.0.1', 3100)]
[2025-11-01 08:38:51] [STDERR] Traceback (most recent call last):
[2025-11-01 08:38:51] [STDERR]   File "/opt/homebrew/Caskroom/miniconda/base/lib/python3.11/site-packages/aiohttp/connector.py", line 1268, in _wrap_create_connection
[2025-11-01 08:38:51] [STDERR]     sock = await aiohappyeyeballs.start_connection(
[2025-11-01 08:38:51] [STDERR]            ^^^^^^^^^^^^^^^^^^^^^^^^^^^^^^^^^^^^^^^^
[2025-11-01 08:38:51] [STDERR]   File "/opt/homebrew/Caskroom/miniconda/base/lib/python3.11/site-packages/aiohappyeyeballs/impl.py", line 141, in start_connection
[2025-11-01 08:38:51] [STDERR]     raise OSError(first_errno, msg)
[2025-11-01 08:38:51] [STDERR] ConnectionRefusedError: [Errno 61] Multiple exceptions: [Errno 61] Connect call failed ('::1', 3100, 0, 0), [Errno 61] Connect call failed ('127.0.0.1', 3100)
[2025-11-01 08:38:51] [STDERR] 
[2025-11-01 08:38:51] [STDERR] The above exception was the direct cause of the following exception:
[2025-11-01 08:38:51] [STDERR] 
[2025-11-01 08:38:51] [STDERR] Traceback (most recent call last):
[2025-11-01 08:38:51] [STDERR]   File "/Users/leifmarkthaler/github/gleitzeit 0.0.7/src/gleitzeit/workers/loki_exporter_worker.py", line 251, in export_logs_to_loki
[2025-11-01 08:38:51] [STDERR]     async with self.session.post(
[2025-11-01 08:38:51] [STDERR]   File "/opt/homebrew/Caskroom/miniconda/base/lib/python3.11/site-packages/aiohttp/client.py", line 1488, in __aenter__
[2025-11-01 08:38:51] [STDERR]     self._resp: _RetType = await self._coro
[2025-11-01 08:38:51] [STDERR]                            ^^^^^^^^^^^^^^^^
[2025-11-01 08:38:51] [STDERR]   File "/opt/homebrew/Caskroom/miniconda/base/lib/python3.11/site-packages/aiohttp/client.py", line 770, in _request
[2025-11-01 08:38:51] [STDERR]     resp = await handler(req)
[2025-11-01 08:38:51] [STDERR]            ^^^^^^^^^^^^^^^^^^
[2025-11-01 08:38:51] [STDERR]   File "/opt/homebrew/Caskroom/miniconda/base/lib/python3.11/site-packages/aiohttp/client.py", line 725, in _connect_and_send_request
[2025-11-01 08:38:51] [STDERR]     conn = await self._connector.connect(
[2025-11-01 08:38:51] [STDERR]            ^^^^^^^^^^^^^^^^^^^^^^^^^^^^^^
[2025-11-01 08:38:51] [STDERR]   File "/opt/homebrew/Caskroom/miniconda/base/lib/python3.11/site-packages/aiohttp/connector.py", line 642, in connect
[2025-11-01 08:38:51] [STDERR]     proto = await self._create_connection(req, traces, timeout)
[2025-11-01 08:38:51] [STDERR]             ^^^^^^^^^^^^^^^^^^^^^^^^^^^^^^^^^^^^^^^^^^^^^^^^^^^
[2025-11-01 08:38:51] [STDERR]   File "/opt/homebrew/Caskroom/miniconda/base/lib/python3.11/site-packages/aiohttp/connector.py", line 1209, in _create_connection
[2025-11-01 08:38:51] [STDERR]     _, proto = await self._create_direct_connection(req, traces, timeout)
[2025-11-01 08:38:51] [STDERR]                ^^^^^^^^^^^^^^^^^^^^^^^^^^^^^^^^^^^^^^^^^^^^^^^^^^^^^^^^^^
[2025-11-01 08:38:51] [STDERR]   File "/opt/homebrew/Caskroom/miniconda/base/lib/python3.11/site-packages/aiohttp/connector.py", line 1581, in _create_direct_connection
[2025-11-01 08:38:51] [STDERR]     raise last_exc
[2025-11-01 08:38:51] [STDERR]   File "/opt/homebrew/Caskroom/miniconda/base/lib/python3.11/site-packages/aiohttp/connector.py", line 1550, in _create_direct_connection
[2025-11-01 08:38:51] [STDERR]     transp, proto = await self._wrap_create_connection(
[2025-11-01 08:38:51] [STDERR]                     ^^^^^^^^^^^^^^^^^^^^^^^^^^^^^^^^^^^
[2025-11-01 08:38:51] [STDERR]   File "/opt/homebrew/Caskroom/miniconda/base/lib/python3.11/site-packages/aiohttp/connector.py", line 1291, in _wrap_create_connection
[2025-11-01 08:38:51] [STDERR]     raise client_error(req.connection_key, exc) from exc
[2025-11-01 08:38:51] [STDERR] aiohttp.client_exceptions.ClientConnectorError: Cannot connect to host localhost:3100 ssl:default [Multiple exceptions: [Errno 61] Connect call failed ('::1', 3100, 0, 0), [Errno 61] Connect call failed ('127.0.0.1', 3100)]
[2025-11-01 08:38:56] [STDERR] 2025-11-01 08:38:56,315 - LokiExporter.loki-exporter - ERROR - Failed to export logs to Loki: Cannot connect to host localhost:3100 ssl:default [Multiple exceptions: [Errno 61] Connect call failed ('127.0.0.1', 3100), [Errno 61] Connect call failed ('::1', 3100, 0, 0)]
[2025-11-01 08:38:56] [STDERR] Traceback (most recent call last):
[2025-11-01 08:38:56] [STDERR]   File "/opt/homebrew/Caskroom/miniconda/base/lib/python3.11/site-packages/aiohttp/connector.py", line 1268, in _wrap_create_connection
[2025-11-01 08:38:56] [STDERR]     sock = await aiohappyeyeballs.start_connection(
[2025-11-01 08:38:56] [STDERR]            ^^^^^^^^^^^^^^^^^^^^^^^^^^^^^^^^^^^^^^^^
[2025-11-01 08:38:56] [STDERR]   File "/opt/homebrew/Caskroom/miniconda/base/lib/python3.11/site-packages/aiohappyeyeballs/impl.py", line 141, in start_connection
[2025-11-01 08:38:56] [STDERR]     raise OSError(first_errno, msg)
[2025-11-01 08:38:56] [STDERR] ConnectionRefusedError: [Errno 61] Multiple exceptions: [Errno 61] Connect call failed ('127.0.0.1', 3100), [Errno 61] Connect call failed ('::1', 3100, 0, 0)
[2025-11-01 08:38:56] [STDERR] 
[2025-11-01 08:38:56] [STDERR] The above exception was the direct cause of the following exception:
[2025-11-01 08:38:56] [STDERR] 
[2025-11-01 08:38:56] [STDERR] Traceback (most recent call last):
[2025-11-01 08:38:56] [STDERR]   File "/Users/leifmarkthaler/github/gleitzeit 0.0.7/src/gleitzeit/workers/loki_exporter_worker.py", line 251, in export_logs_to_loki
[2025-11-01 08:38:56] [STDERR]     async with self.session.post(
[2025-11-01 08:38:56] [STDERR]   File "/opt/homebrew/Caskroom/miniconda/base/lib/python3.11/site-packages/aiohttp/client.py", line 1488, in __aenter__
[2025-11-01 08:38:56] [STDERR]     self._resp: _RetType = await self._coro
[2025-11-01 08:38:56] [STDERR]                            ^^^^^^^^^^^^^^^^
[2025-11-01 08:38:56] [STDERR]   File "/opt/homebrew/Caskroom/miniconda/base/lib/python3.11/site-packages/aiohttp/client.py", line 770, in _request
[2025-11-01 08:38:56] [STDERR]     resp = await handler(req)
[2025-11-01 08:38:56] [STDERR]            ^^^^^^^^^^^^^^^^^^
[2025-11-01 08:38:56] [STDERR]   File "/opt/homebrew/Caskroom/miniconda/base/lib/python3.11/site-packages/aiohttp/client.py", line 725, in _connect_and_send_request
[2025-11-01 08:38:56] [STDERR]     conn = await self._connector.connect(
[2025-11-01 08:38:56] [STDERR]            ^^^^^^^^^^^^^^^^^^^^^^^^^^^^^^
[2025-11-01 08:38:56] [STDERR]   File "/opt/homebrew/Caskroom/miniconda/base/lib/python3.11/site-packages/aiohttp/connector.py", line 642, in connect
[2025-11-01 08:38:56] [STDERR]     proto = await self._create_connection(req, traces, timeout)
[2025-11-01 08:38:56] [STDERR]             ^^^^^^^^^^^^^^^^^^^^^^^^^^^^^^^^^^^^^^^^^^^^^^^^^^^
[2025-11-01 08:38:56] [STDERR]   File "/opt/homebrew/Caskroom/miniconda/base/lib/python3.11/site-packages/aiohttp/connector.py", line 1209, in _create_connection
[2025-11-01 08:38:56] [STDERR]     _, proto = await self._create_direct_connection(req, traces, timeout)
[2025-11-01 08:38:56] [STDERR]                ^^^^^^^^^^^^^^^^^^^^^^^^^^^^^^^^^^^^^^^^^^^^^^^^^^^^^^^^^^
[2025-11-01 08:38:56] [STDERR]   File "/opt/homebrew/Caskroom/miniconda/base/lib/python3.11/site-packages/aiohttp/connector.py", line 1581, in _create_direct_connection
[2025-11-01 08:38:56] [STDERR]     raise last_exc
[2025-11-01 08:38:56] [STDERR]   File "/opt/homebrew/Caskroom/miniconda/base/lib/python3.11/site-packages/aiohttp/connector.py", line 1550, in _create_direct_connection
[2025-11-01 08:38:56] [STDERR]     transp, proto = await self._wrap_create_connection(
[2025-11-01 08:38:56] [STDERR]                     ^^^^^^^^^^^^^^^^^^^^^^^^^^^^^^^^^^^
[2025-11-01 08:38:56] [STDERR]   File "/opt/homebrew/Caskroom/miniconda/base/lib/python3.11/site-packages/aiohttp/connector.py", line 1291, in _wrap_create_connection
[2025-11-01 08:38:56] [STDERR]     raise client_error(req.connection_key, exc) from exc
[2025-11-01 08:38:56] [STDERR] aiohttp.client_exceptions.ClientConnectorError: Cannot connect to host localhost:3100 ssl:default [Multiple exceptions: [Errno 61] Connect call failed ('127.0.0.1', 3100), [Errno 61] Connect call failed ('::1', 3100, 0, 0)]
[2025-11-01 08:39:01] [STDERR] 2025-11-01 08:39:01,356 - LokiExporter.loki-exporter - ERROR - Failed to export logs to Loki: Cannot connect to host localhost:3100 ssl:default [Multiple exceptions: [Errno 61] Connect call failed ('::1', 3100, 0, 0), [Errno 61] Connect call failed ('127.0.0.1', 3100)]
[2025-11-01 08:39:01] [STDERR] Traceback (most recent call last):
[2025-11-01 08:39:01] [STDERR]   File "/opt/homebrew/Caskroom/miniconda/base/lib/python3.11/site-packages/aiohttp/connector.py", line 1268, in _wrap_create_connection
[2025-11-01 08:39:01] [STDERR]     sock = await aiohappyeyeballs.start_connection(
[2025-11-01 08:39:01] [STDERR]            ^^^^^^^^^^^^^^^^^^^^^^^^^^^^^^^^^^^^^^^^
[2025-11-01 08:39:01] [STDERR]   File "/opt/homebrew/Caskroom/miniconda/base/lib/python3.11/site-packages/aiohappyeyeballs/impl.py", line 141, in start_connection
[2025-11-01 08:39:01] [STDERR]     raise OSError(first_errno, msg)
[2025-11-01 08:39:01] [STDERR] ConnectionRefusedError: [Errno 61] Multiple exceptions: [Errno 61] Connect call failed ('::1', 3100, 0, 0), [Errno 61] Connect call failed ('127.0.0.1', 3100)
[2025-11-01 08:39:01] [STDERR] 
[2025-11-01 08:39:01] [STDERR] The above exception was the direct cause of the following exception:
[2025-11-01 08:39:01] [STDERR] 
[2025-11-01 08:39:01] [STDERR] Traceback (most recent call last):
[2025-11-01 08:39:01] [STDERR]   File "/Users/leifmarkthaler/github/gleitzeit 0.0.7/src/gleitzeit/workers/loki_exporter_worker.py", line 251, in export_logs_to_loki
[2025-11-01 08:39:01] [STDERR]     async with self.session.post(
[2025-11-01 08:39:01] [STDERR]   File "/opt/homebrew/Caskroom/miniconda/base/lib/python3.11/site-packages/aiohttp/client.py", line 1488, in __aenter__
[2025-11-01 08:39:01] [STDERR]     self._resp: _RetType = await self._coro
[2025-11-01 08:39:01] [STDERR]                            ^^^^^^^^^^^^^^^^
[2025-11-01 08:39:01] [STDERR]   File "/opt/homebrew/Caskroom/miniconda/base/lib/python3.11/site-packages/aiohttp/client.py", line 770, in _request
[2025-11-01 08:39:01] [STDERR]     resp = await handler(req)
[2025-11-01 08:39:01] [STDERR]            ^^^^^^^^^^^^^^^^^^
[2025-11-01 08:39:01] [STDERR]   File "/opt/homebrew/Caskroom/miniconda/base/lib/python3.11/site-packages/aiohttp/client.py", line 725, in _connect_and_send_request
[2025-11-01 08:39:01] [STDERR]     conn = await self._connector.connect(
[2025-11-01 08:39:01] [STDERR]            ^^^^^^^^^^^^^^^^^^^^^^^^^^^^^^
[2025-11-01 08:39:01] [STDERR]   File "/opt/homebrew/Caskroom/miniconda/base/lib/python3.11/site-packages/aiohttp/connector.py", line 642, in connect
[2025-11-01 08:39:01] [STDERR]     proto = await self._create_connection(req, traces, timeout)
[2025-11-01 08:39:01] [STDERR]             ^^^^^^^^^^^^^^^^^^^^^^^^^^^^^^^^^^^^^^^^^^^^^^^^^^^
[2025-11-01 08:39:01] [STDERR]   File "/opt/homebrew/Caskroom/miniconda/base/lib/python3.11/site-packages/aiohttp/connector.py", line 1209, in _create_connection
[2025-11-01 08:39:01] [STDERR]     _, proto = await self._create_direct_connection(req, traces, timeout)
[2025-11-01 08:39:01] [STDERR]                ^^^^^^^^^^^^^^^^^^^^^^^^^^^^^^^^^^^^^^^^^^^^^^^^^^^^^^^^^^
[2025-11-01 08:39:01] [STDERR]   File "/opt/homebrew/Caskroom/miniconda/base/lib/python3.11/site-packages/aiohttp/connector.py", line 1581, in _create_direct_connection
[2025-11-01 08:39:01] [STDERR]     raise last_exc
[2025-11-01 08:39:01] [STDERR]   File "/opt/homebrew/Caskroom/miniconda/base/lib/python3.11/site-packages/aiohttp/connector.py", line 1550, in _create_direct_connection
[2025-11-01 08:39:01] [STDERR]     transp, proto = await self._wrap_create_connection(
[2025-11-01 08:39:01] [STDERR]                     ^^^^^^^^^^^^^^^^^^^^^^^^^^^^^^^^^^^
[2025-11-01 08:39:01] [STDERR]   File "/opt/homebrew/Caskroom/miniconda/base/lib/python3.11/site-packages/aiohttp/connector.py", line 1291, in _wrap_create_connection
[2025-11-01 08:39:01] [STDERR]     raise client_error(req.connection_key, exc) from exc
[2025-11-01 08:39:01] [STDERR] aiohttp.client_exceptions.ClientConnectorError: Cannot connect to host localhost:3100 ssl:default [Multiple exceptions: [Errno 61] Connect call failed ('::1', 3100, 0, 0), [Errno 61] Connect call failed ('127.0.0.1', 3100)]
[2025-11-01 08:39:06] [STDERR] 2025-11-01 08:39:06,414 - LokiExporter.loki-exporter - ERROR - Failed to export logs to Loki: Cannot connect to host localhost:3100 ssl:default [Multiple exceptions: [Errno 61] Connect call failed ('127.0.0.1', 3100), [Errno 61] Connect call failed ('::1', 3100, 0, 0)]
[2025-11-01 08:39:06] [STDERR] Traceback (most recent call last):
[2025-11-01 08:39:06] [STDERR]   File "/opt/homebrew/Caskroom/miniconda/base/lib/python3.11/site-packages/aiohttp/connector.py", line 1268, in _wrap_create_connection
[2025-11-01 08:39:06] [STDERR]     sock = await aiohappyeyeballs.start_connection(
[2025-11-01 08:39:06] [STDERR]            ^^^^^^^^^^^^^^^^^^^^^^^^^^^^^^^^^^^^^^^^
[2025-11-01 08:39:06] [STDERR]   File "/opt/homebrew/Caskroom/miniconda/base/lib/python3.11/site-packages/aiohappyeyeballs/impl.py", line 141, in start_connection
[2025-11-01 08:39:06] [STDERR]     raise OSError(first_errno, msg)
[2025-11-01 08:39:06] [STDERR] ConnectionRefusedError: [Errno 61] Multiple exceptions: [Errno 61] Connect call failed ('127.0.0.1', 3100), [Errno 61] Connect call failed ('::1', 3100, 0, 0)
[2025-11-01 08:39:06] [STDERR] 
[2025-11-01 08:39:06] [STDERR] The above exception was the direct cause of the following exception:
[2025-11-01 08:39:06] [STDERR] 
[2025-11-01 08:39:06] [STDERR] Traceback (most recent call last):
[2025-11-01 08:39:06] [STDERR]   File "/Users/leifmarkthaler/github/gleitzeit 0.0.7/src/gleitzeit/workers/loki_exporter_worker.py", line 251, in export_logs_to_loki
[2025-11-01 08:39:06] [STDERR]     async with self.session.post(
[2025-11-01 08:39:06] [STDERR]   File "/opt/homebrew/Caskroom/miniconda/base/lib/python3.11/site-packages/aiohttp/client.py", line 1488, in __aenter__
[2025-11-01 08:39:06] [STDERR]     self._resp: _RetType = await self._coro
[2025-11-01 08:39:06] [STDERR]                            ^^^^^^^^^^^^^^^^
[2025-11-01 08:39:06] [STDERR]   File "/opt/homebrew/Caskroom/miniconda/base/lib/python3.11/site-packages/aiohttp/client.py", line 770, in _request
[2025-11-01 08:39:06] [STDERR]     resp = await handler(req)
[2025-11-01 08:39:06] [STDERR]            ^^^^^^^^^^^^^^^^^^
[2025-11-01 08:39:06] [STDERR]   File "/opt/homebrew/Caskroom/miniconda/base/lib/python3.11/site-packages/aiohttp/client.py", line 725, in _connect_and_send_request
[2025-11-01 08:39:06] [STDERR]     conn = await self._connector.connect(
[2025-11-01 08:39:06] [STDERR]            ^^^^^^^^^^^^^^^^^^^^^^^^^^^^^^
[2025-11-01 08:39:06] [STDERR]   File "/opt/homebrew/Caskroom/miniconda/base/lib/python3.11/site-packages/aiohttp/connector.py", line 642, in connect
[2025-11-01 08:39:06] [STDERR]     proto = await self._create_connection(req, traces, timeout)
[2025-11-01 08:39:06] [STDERR]             ^^^^^^^^^^^^^^^^^^^^^^^^^^^^^^^^^^^^^^^^^^^^^^^^^^^
[2025-11-01 08:39:06] [STDERR]   File "/opt/homebrew/Caskroom/miniconda/base/lib/python3.11/site-packages/aiohttp/connector.py", line 1209, in _create_connection
[2025-11-01 08:39:06] [STDERR]     _, proto = await self._create_direct_connection(req, traces, timeout)
[2025-11-01 08:39:06] [STDERR]                ^^^^^^^^^^^^^^^^^^^^^^^^^^^^^^^^^^^^^^^^^^^^^^^^^^^^^^^^^^
[2025-11-01 08:39:06] [STDERR]   File "/opt/homebrew/Caskroom/miniconda/base/lib/python3.11/site-packages/aiohttp/connector.py", line 1581, in _create_direct_connection
[2025-11-01 08:39:06] [STDERR]     raise last_exc
[2025-11-01 08:39:06] [STDERR]   File "/opt/homebrew/Caskroom/miniconda/base/lib/python3.11/site-packages/aiohttp/connector.py", line 1550, in _create_direct_connection
[2025-11-01 08:39:06] [STDERR]     transp, proto = await self._wrap_create_connection(
[2025-11-01 08:39:06] [STDERR]                     ^^^^^^^^^^^^^^^^^^^^^^^^^^^^^^^^^^^
[2025-11-01 08:39:06] [STDERR]   File "/opt/homebrew/Caskroom/miniconda/base/lib/python3.11/site-packages/aiohttp/connector.py", line 1291, in _wrap_create_connection
[2025-11-01 08:39:06] [STDERR]     raise client_error(req.connection_key, exc) from exc
[2025-11-01 08:39:06] [STDERR] aiohttp.client_exceptions.ClientConnectorError: Cannot connect to host localhost:3100 ssl:default [Multiple exceptions: [Errno 61] Connect call failed ('127.0.0.1', 3100), [Errno 61] Connect call failed ('::1', 3100, 0, 0)]
[2025-11-01 08:57:08] [STDERR] 2025-11-01 08:57:08,441 - LokiExporter.loki-exporter - ERROR - Failed to export logs to Loki: Cannot connect to host localhost:3100 ssl:default [Multiple exceptions: [Errno 61] Connect call failed ('::1', 3100, 0, 0), [Errno 61] Connect call failed ('127.0.0.1', 3100)]
[2025-11-01 08:57:08] [STDERR] Traceback (most recent call last):
[2025-11-01 08:57:08] [STDERR]   File "/opt/homebrew/Caskroom/miniconda/base/lib/python3.11/site-packages/aiohttp/connector.py", line 1268, in _wrap_create_connection
[2025-11-01 08:57:08] [STDERR]     sock = await aiohappyeyeballs.start_connection(
[2025-11-01 08:57:08] [STDERR]            ^^^^^^^^^^^^^^^^^^^^^^^^^^^^^^^^^^^^^^^^
[2025-11-01 08:57:08] [STDERR]   File "/opt/homebrew/Caskroom/miniconda/base/lib/python3.11/site-packages/aiohappyeyeballs/impl.py", line 141, in start_connection
[2025-11-01 08:57:08] [STDERR]     raise OSError(first_errno, msg)
[2025-11-01 08:57:08] [STDERR] ConnectionRefusedError: [Errno 61] Multiple exceptions: [Errno 61] Connect call failed ('::1', 3100, 0, 0), [Errno 61] Connect call failed ('127.0.0.1', 3100)
[2025-11-01 08:57:08] [STDERR] 
[2025-11-01 08:57:08] [STDERR] The above exception was the direct cause of the following exception:
[2025-11-01 08:57:08] [STDERR] 
[2025-11-01 08:57:08] [STDERR] Traceback (most recent call last):
[2025-11-01 08:57:08] [STDERR]   File "/Users/leifmarkthaler/github/gleitzeit 0.0.7/src/gleitzeit/workers/loki_exporter_worker.py", line 251, in export_logs_to_loki
[2025-11-01 08:57:08] [STDERR]     async with self.session.post(
[2025-11-01 08:57:08] [STDERR]   File "/opt/homebrew/Caskroom/miniconda/base/lib/python3.11/site-packages/aiohttp/client.py", line 1488, in __aenter__
[2025-11-01 08:57:08] [STDERR]     self._resp: _RetType = await self._coro
[2025-11-01 08:57:08] [STDERR]                            ^^^^^^^^^^^^^^^^
[2025-11-01 08:57:08] [STDERR]   File "/opt/homebrew/Caskroom/miniconda/base/lib/python3.11/site-packages/aiohttp/client.py", line 770, in _request
[2025-11-01 08:57:08] [STDERR]     resp = await handler(req)
[2025-11-01 08:57:08] [STDERR]            ^^^^^^^^^^^^^^^^^^
[2025-11-01 08:57:08] [STDERR]   File "/opt/homebrew/Caskroom/miniconda/base/lib/python3.11/site-packages/aiohttp/client.py", line 725, in _connect_and_send_request
[2025-11-01 08:57:08] [STDERR]     conn = await self._connector.connect(
[2025-11-01 08:57:08] [STDERR]            ^^^^^^^^^^^^^^^^^^^^^^^^^^^^^^
[2025-11-01 08:57:08] [STDERR]   File "/opt/homebrew/Caskroom/miniconda/base/lib/python3.11/site-packages/aiohttp/connector.py", line 642, in connect
[2025-11-01 08:57:08] [STDERR]     proto = await self._create_connection(req, traces, timeout)
[2025-11-01 08:57:08] [STDERR]             ^^^^^^^^^^^^^^^^^^^^^^^^^^^^^^^^^^^^^^^^^^^^^^^^^^^
[2025-11-01 08:57:08] [STDERR]   File "/opt/homebrew/Caskroom/miniconda/base/lib/python3.11/site-packages/aiohttp/connector.py", line 1209, in _create_connection
[2025-11-01 08:57:08] [STDERR]     _, proto = await self._create_direct_connection(req, traces, timeout)
[2025-11-01 08:57:08] [STDERR]                ^^^^^^^^^^^^^^^^^^^^^^^^^^^^^^^^^^^^^^^^^^^^^^^^^^^^^^^^^^
[2025-11-01 08:57:08] [STDERR]   File "/opt/homebrew/Caskroom/miniconda/base/lib/python3.11/site-packages/aiohttp/connector.py", line 1581, in _create_direct_connection
[2025-11-01 08:57:08] [STDERR]     raise last_exc
[2025-11-01 08:57:08] [STDERR]   File "/opt/homebrew/Caskroom/miniconda/base/lib/python3.11/site-packages/aiohttp/connector.py", line 1550, in _create_direct_connection
[2025-11-01 08:57:08] [STDERR]     transp, proto = await self._wrap_create_connection(
[2025-11-01 08:57:08] [STDERR]                     ^^^^^^^^^^^^^^^^^^^^^^^^^^^^^^^^^^^
[2025-11-01 08:57:08] [STDERR]   File "/opt/homebrew/Caskroom/miniconda/base/lib/python3.11/site-packages/aiohttp/connector.py", line 1291, in _wrap_create_connection
[2025-11-01 08:57:08] [STDERR]     raise client_error(req.connection_key, exc) from exc
[2025-11-01 08:57:08] [STDERR] aiohttp.client_exceptions.ClientConnectorError: Cannot connect to host localhost:3100 ssl:default [Multiple exceptions: [Errno 61] Connect call failed ('::1', 3100, 0, 0), [Errno 61] Connect call failed ('127.0.0.1', 3100)]
[2025-11-01 09:13:43] [STDERR] 2025-11-01 09:13:43,244 - LokiExporter.loki-exporter - ERROR - Failed to export logs to Loki: Cannot connect to host localhost:3100 ssl:default [Multiple exceptions: [Errno 61] Connect call failed ('127.0.0.1', 3100), [Errno 61] Connect call failed ('::1', 3100, 0, 0)]
[2025-11-01 09:13:43] [STDERR] Traceback (most recent call last):
[2025-11-01 09:13:43] [STDERR]   File "/opt/homebrew/Caskroom/miniconda/base/lib/python3.11/site-packages/aiohttp/connector.py", line 1268, in _wrap_create_connection
[2025-11-01 09:13:43] [STDERR]     sock = await aiohappyeyeballs.start_connection(
[2025-11-01 09:13:43] [STDERR]            ^^^^^^^^^^^^^^^^^^^^^^^^^^^^^^^^^^^^^^^^
[2025-11-01 09:13:43] [STDERR]   File "/opt/homebrew/Caskroom/miniconda/base/lib/python3.11/site-packages/aiohappyeyeballs/impl.py", line 141, in start_connection
[2025-11-01 09:13:43] [STDERR]     raise OSError(first_errno, msg)
[2025-11-01 09:13:43] [STDERR] ConnectionRefusedError: [Errno 61] Multiple exceptions: [Errno 61] Connect call failed ('127.0.0.1', 3100), [Errno 61] Connect call failed ('::1', 3100, 0, 0)
[2025-11-01 09:13:43] [STDERR] 
[2025-11-01 09:13:43] [STDERR] The above exception was the direct cause of the following exception:
[2025-11-01 09:13:43] [STDERR] 
[2025-11-01 09:13:43] [STDERR] Traceback (most recent call last):
[2025-11-01 09:13:43] [STDERR]   File "/Users/leifmarkthaler/github/gleitzeit 0.0.7/src/gleitzeit/workers/loki_exporter_worker.py", line 251, in export_logs_to_loki
[2025-11-01 09:13:43] [STDERR]     async with self.session.post(
[2025-11-01 09:13:43] [STDERR]   File "/opt/homebrew/Caskroom/miniconda/base/lib/python3.11/site-packages/aiohttp/client.py", line 1488, in __aenter__
[2025-11-01 09:13:43] [STDERR]     self._resp: _RetType = await self._coro
[2025-11-01 09:13:43] [STDERR]                            ^^^^^^^^^^^^^^^^
[2025-11-01 09:13:43] [STDERR]   File "/opt/homebrew/Caskroom/miniconda/base/lib/python3.11/site-packages/aiohttp/client.py", line 770, in _request
[2025-11-01 09:13:43] [STDERR]     resp = await handler(req)
[2025-11-01 09:13:43] [STDERR]            ^^^^^^^^^^^^^^^^^^
[2025-11-01 09:13:43] [STDERR]   File "/opt/homebrew/Caskroom/miniconda/base/lib/python3.11/site-packages/aiohttp/client.py", line 725, in _connect_and_send_request
[2025-11-01 09:13:43] [STDERR]     conn = await self._connector.connect(
[2025-11-01 09:13:43] [STDERR]            ^^^^^^^^^^^^^^^^^^^^^^^^^^^^^^
[2025-11-01 09:13:43] [STDERR]   File "/opt/homebrew/Caskroom/miniconda/base/lib/python3.11/site-packages/aiohttp/connector.py", line 642, in connect
[2025-11-01 09:13:43] [STDERR]     proto = await self._create_connection(req, traces, timeout)
[2025-11-01 09:13:43] [STDERR]             ^^^^^^^^^^^^^^^^^^^^^^^^^^^^^^^^^^^^^^^^^^^^^^^^^^^
[2025-11-01 09:13:43] [STDERR]   File "/opt/homebrew/Caskroom/miniconda/base/lib/python3.11/site-packages/aiohttp/connector.py", line 1209, in _create_connection
[2025-11-01 09:13:43] [STDERR]     _, proto = await self._create_direct_connection(req, traces, timeout)
[2025-11-01 09:13:43] [STDERR]                ^^^^^^^^^^^^^^^^^^^^^^^^^^^^^^^^^^^^^^^^^^^^^^^^^^^^^^^^^^
[2025-11-01 09:13:43] [STDERR]   File "/opt/homebrew/Caskroom/miniconda/base/lib/python3.11/site-packages/aiohttp/connector.py", line 1581, in _create_direct_connection
[2025-11-01 09:13:43] [STDERR]     raise last_exc
[2025-11-01 09:13:43] [STDERR]   File "/opt/homebrew/Caskroom/miniconda/base/lib/python3.11/site-packages/aiohttp/connector.py", line 1550, in _create_direct_connection
[2025-11-01 09:13:43] [STDERR]     transp, proto = await self._wrap_create_connection(
[2025-11-01 09:13:43] [STDERR]                     ^^^^^^^^^^^^^^^^^^^^^^^^^^^^^^^^^^^
[2025-11-01 09:13:43] [STDERR]   File "/opt/homebrew/Caskroom/miniconda/base/lib/python3.11/site-packages/aiohttp/connector.py", line 1291, in _wrap_create_connection
[2025-11-01 09:13:43] [STDERR]     raise client_error(req.connection_key, exc) from exc
[2025-11-01 09:13:43] [STDERR] aiohttp.client_exceptions.ClientConnectorError: Cannot connect to host localhost:3100 ssl:default [Multiple exceptions: [Errno 61] Connect call failed ('127.0.0.1', 3100), [Errno 61] Connect call failed ('::1', 3100, 0, 0)]
[2025-11-01 09:16:52] [STDERR] 2025-11-01 09:16:52,265 - LokiExporter.loki-exporter - ERROR - Failed to export logs to Loki: Cannot connect to host localhost:3100 ssl:default [Multiple exceptions: [Errno 61] Connect call failed ('::1', 3100, 0, 0), [Errno 61] Connect call failed ('127.0.0.1', 3100)]
[2025-11-01 09:16:52] [STDERR] Traceback (most recent call last):
[2025-11-01 09:16:52] [STDERR]   File "/opt/homebrew/Caskroom/miniconda/base/lib/python3.11/site-packages/aiohttp/connector.py", line 1268, in _wrap_create_connection
[2025-11-01 09:16:52] [STDERR]     sock = await aiohappyeyeballs.start_connection(
[2025-11-01 09:16:52] [STDERR]            ^^^^^^^^^^^^^^^^^^^^^^^^^^^^^^^^^^^^^^^^
[2025-11-01 09:16:52] [STDERR]   File "/opt/homebrew/Caskroom/miniconda/base/lib/python3.11/site-packages/aiohappyeyeballs/impl.py", line 141, in start_connection
[2025-11-01 09:16:52] [STDERR]     raise OSError(first_errno, msg)
[2025-11-01 09:16:52] [STDERR] ConnectionRefusedError: [Errno 61] Multiple exceptions: [Errno 61] Connect call failed ('::1', 3100, 0, 0), [Errno 61] Connect call failed ('127.0.0.1', 3100)
[2025-11-01 09:16:52] [STDERR] 
[2025-11-01 09:16:52] [STDERR] The above exception was the direct cause of the following exception:
[2025-11-01 09:16:52] [STDERR] 
[2025-11-01 09:16:52] [STDERR] Traceback (most recent call last):
[2025-11-01 09:16:52] [STDERR]   File "/Users/leifmarkthaler/github/gleitzeit 0.0.7/src/gleitzeit/workers/loki_exporter_worker.py", line 251, in export_logs_to_loki
[2025-11-01 09:16:52] [STDERR]     async with self.session.post(
[2025-11-01 09:16:52] [STDERR]   File "/opt/homebrew/Caskroom/miniconda/base/lib/python3.11/site-packages/aiohttp/client.py", line 1488, in __aenter__
[2025-11-01 09:16:52] [STDERR]     self._resp: _RetType = await self._coro
[2025-11-01 09:16:52] [STDERR]                            ^^^^^^^^^^^^^^^^
[2025-11-01 09:16:52] [STDERR]   File "/opt/homebrew/Caskroom/miniconda/base/lib/python3.11/site-packages/aiohttp/client.py", line 770, in _request
[2025-11-01 09:16:52] [STDERR]     resp = await handler(req)
[2025-11-01 09:16:52] [STDERR]            ^^^^^^^^^^^^^^^^^^
[2025-11-01 09:16:52] [STDERR]   File "/opt/homebrew/Caskroom/miniconda/base/lib/python3.11/site-packages/aiohttp/client.py", line 725, in _connect_and_send_request
[2025-11-01 09:16:52] [STDERR]     conn = await self._connector.connect(
[2025-11-01 09:16:52] [STDERR]            ^^^^^^^^^^^^^^^^^^^^^^^^^^^^^^
[2025-11-01 09:16:52] [STDERR]   File "/opt/homebrew/Caskroom/miniconda/base/lib/python3.11/site-packages/aiohttp/connector.py", line 642, in connect
[2025-11-01 09:16:52] [STDERR]     proto = await self._create_connection(req, traces, timeout)
[2025-11-01 09:16:52] [STDERR]             ^^^^^^^^^^^^^^^^^^^^^^^^^^^^^^^^^^^^^^^^^^^^^^^^^^^
[2025-11-01 09:16:52] [STDERR]   File "/opt/homebrew/Caskroom/miniconda/base/lib/python3.11/site-packages/aiohttp/connector.py", line 1209, in _create_connection
[2025-11-01 09:16:52] [STDERR]     _, proto = await self._create_direct_connection(req, traces, timeout)
[2025-11-01 09:16:52] [STDERR]                ^^^^^^^^^^^^^^^^^^^^^^^^^^^^^^^^^^^^^^^^^^^^^^^^^^^^^^^^^^
[2025-11-01 09:16:52] [STDERR]   File "/opt/homebrew/Caskroom/miniconda/base/lib/python3.11/site-packages/aiohttp/connector.py", line 1581, in _create_direct_connection
[2025-11-01 09:16:52] [STDERR]     raise last_exc
[2025-11-01 09:16:52] [STDERR]   File "/opt/homebrew/Caskroom/miniconda/base/lib/python3.11/site-packages/aiohttp/connector.py", line 1550, in _create_direct_connection
[2025-11-01 09:16:52] [STDERR]     transp, proto = await self._wrap_create_connection(
[2025-11-01 09:16:52] [STDERR]                     ^^^^^^^^^^^^^^^^^^^^^^^^^^^^^^^^^^^
[2025-11-01 09:16:52] [STDERR]   File "/opt/homebrew/Caskroom/miniconda/base/lib/python3.11/site-packages/aiohttp/connector.py", line 1291, in _wrap_create_connection
[2025-11-01 09:16:52] [STDERR]     raise client_error(req.connection_key, exc) from exc
[2025-11-01 09:16:52] [STDERR] aiohttp.client_exceptions.ClientConnectorError: Cannot connect to host localhost:3100 ssl:default [Multiple exceptions: [Errno 61] Connect call failed ('::1', 3100, 0, 0), [Errno 61] Connect call failed ('127.0.0.1', 3100)]
[2025-11-01 09:16:57] [STDERR] 2025-11-01 09:16:57,304 - LokiExporter.loki-exporter - ERROR - Failed to export logs to Loki: Cannot connect to host localhost:3100 ssl:default [Multiple exceptions: [Errno 61] Connect call failed ('127.0.0.1', 3100), [Errno 61] Connect call failed ('::1', 3100, 0, 0)]
[2025-11-01 09:16:57] [STDERR] Traceback (most recent call last):
[2025-11-01 09:16:57] [STDERR]   File "/opt/homebrew/Caskroom/miniconda/base/lib/python3.11/site-packages/aiohttp/connector.py", line 1268, in _wrap_create_connection
[2025-11-01 09:16:57] [STDERR]     sock = await aiohappyeyeballs.start_connection(
[2025-11-01 09:16:57] [STDERR]            ^^^^^^^^^^^^^^^^^^^^^^^^^^^^^^^^^^^^^^^^
[2025-11-01 09:16:57] [STDERR]   File "/opt/homebrew/Caskroom/miniconda/base/lib/python3.11/site-packages/aiohappyeyeballs/impl.py", line 141, in start_connection
[2025-11-01 09:16:57] [STDERR]     raise OSError(first_errno, msg)
[2025-11-01 09:16:57] [STDERR] ConnectionRefusedError: [Errno 61] Multiple exceptions: [Errno 61] Connect call failed ('127.0.0.1', 3100), [Errno 61] Connect call failed ('::1', 3100, 0, 0)
[2025-11-01 09:16:57] [STDERR] 
[2025-11-01 09:16:57] [STDERR] The above exception was the direct cause of the following exception:
[2025-11-01 09:16:57] [STDERR] 
[2025-11-01 09:16:57] [STDERR] Traceback (most recent call last):
[2025-11-01 09:16:57] [STDERR]   File "/Users/leifmarkthaler/github/gleitzeit 0.0.7/src/gleitzeit/workers/loki_exporter_worker.py", line 251, in export_logs_to_loki
[2025-11-01 09:16:57] [STDERR]     async with self.session.post(
[2025-11-01 09:16:57] [STDERR]   File "/opt/homebrew/Caskroom/miniconda/base/lib/python3.11/site-packages/aiohttp/client.py", line 1488, in __aenter__
[2025-11-01 09:16:57] [STDERR]     self._resp: _RetType = await self._coro
[2025-11-01 09:16:57] [STDERR]                            ^^^^^^^^^^^^^^^^
[2025-11-01 09:16:57] [STDERR]   File "/opt/homebrew/Caskroom/miniconda/base/lib/python3.11/site-packages/aiohttp/client.py", line 770, in _request
[2025-11-01 09:16:57] [STDERR]     resp = await handler(req)
[2025-11-01 09:16:57] [STDERR]            ^^^^^^^^^^^^^^^^^^
[2025-11-01 09:16:57] [STDERR]   File "/opt/homebrew/Caskroom/miniconda/base/lib/python3.11/site-packages/aiohttp/client.py", line 725, in _connect_and_send_request
[2025-11-01 09:16:57] [STDERR]     conn = await self._connector.connect(
[2025-11-01 09:16:57] [STDERR]            ^^^^^^^^^^^^^^^^^^^^^^^^^^^^^^
[2025-11-01 09:16:57] [STDERR]   File "/opt/homebrew/Caskroom/miniconda/base/lib/python3.11/site-packages/aiohttp/connector.py", line 642, in connect
[2025-11-01 09:16:57] [STDERR]     proto = await self._create_connection(req, traces, timeout)
[2025-11-01 09:16:57] [STDERR]             ^^^^^^^^^^^^^^^^^^^^^^^^^^^^^^^^^^^^^^^^^^^^^^^^^^^
[2025-11-01 09:16:57] [STDERR]   File "/opt/homebrew/Caskroom/miniconda/base/lib/python3.11/site-packages/aiohttp/connector.py", line 1209, in _create_connection
[2025-11-01 09:16:57] [STDERR]     _, proto = await self._create_direct_connection(req, traces, timeout)
[2025-11-01 09:16:57] [STDERR]                ^^^^^^^^^^^^^^^^^^^^^^^^^^^^^^^^^^^^^^^^^^^^^^^^^^^^^^^^^^
[2025-11-01 09:16:57] [STDERR]   File "/opt/homebrew/Caskroom/miniconda/base/lib/python3.11/site-packages/aiohttp/connector.py", line 1581, in _create_direct_connection
[2025-11-01 09:16:57] [STDERR]     raise last_exc
[2025-11-01 09:16:57] [STDERR]   File "/opt/homebrew/Caskroom/miniconda/base/lib/python3.11/site-packages/aiohttp/connector.py", line 1550, in _create_direct_connection
[2025-11-01 09:16:57] [STDERR]     transp, proto = await self._wrap_create_connection(
[2025-11-01 09:16:57] [STDERR]                     ^^^^^^^^^^^^^^^^^^^^^^^^^^^^^^^^^^^
[2025-11-01 09:16:57] [STDERR]   File "/opt/homebrew/Caskroom/miniconda/base/lib/python3.11/site-packages/aiohttp/connector.py", line 1291, in _wrap_create_connection
[2025-11-01 09:16:57] [STDERR]     raise client_error(req.connection_key, exc) from exc
[2025-11-01 09:16:57] [STDERR] aiohttp.client_exceptions.ClientConnectorError: Cannot connect to host localhost:3100 ssl:default [Multiple exceptions: [Errno 61] Connect call failed ('127.0.0.1', 3100), [Errno 61] Connect call failed ('::1', 3100, 0, 0)]
[2025-11-01 09:17:02] [STDERR] 2025-11-01 09:17:02,346 - LokiExporter.loki-exporter - ERROR - Failed to export logs to Loki: Cannot connect to host localhost:3100 ssl:default [Multiple exceptions: [Errno 61] Connect call failed ('::1', 3100, 0, 0), [Errno 61] Connect call failed ('127.0.0.1', 3100)]
[2025-11-01 09:17:02] [STDERR] Traceback (most recent call last):
[2025-11-01 09:17:02] [STDERR]   File "/opt/homebrew/Caskroom/miniconda/base/lib/python3.11/site-packages/aiohttp/connector.py", line 1268, in _wrap_create_connection
[2025-11-01 09:17:02] [STDERR]     sock = await aiohappyeyeballs.start_connection(
[2025-11-01 09:17:02] [STDERR]            ^^^^^^^^^^^^^^^^^^^^^^^^^^^^^^^^^^^^^^^^
[2025-11-01 09:17:02] [STDERR]   File "/opt/homebrew/Caskroom/miniconda/base/lib/python3.11/site-packages/aiohappyeyeballs/impl.py", line 141, in start_connection
[2025-11-01 09:17:02] [STDERR]     raise OSError(first_errno, msg)
[2025-11-01 09:17:02] [STDERR] ConnectionRefusedError: [Errno 61] Multiple exceptions: [Errno 61] Connect call failed ('::1', 3100, 0, 0), [Errno 61] Connect call failed ('127.0.0.1', 3100)
[2025-11-01 09:17:02] [STDERR] 
[2025-11-01 09:17:02] [STDERR] The above exception was the direct cause of the following exception:
[2025-11-01 09:17:02] [STDERR] 
[2025-11-01 09:17:02] [STDERR] Traceback (most recent call last):
[2025-11-01 09:17:02] [STDERR]   File "/Users/leifmarkthaler/github/gleitzeit 0.0.7/src/gleitzeit/workers/loki_exporter_worker.py", line 251, in export_logs_to_loki
[2025-11-01 09:17:02] [STDERR]     async with self.session.post(
[2025-11-01 09:17:02] [STDERR]   File "/opt/homebrew/Caskroom/miniconda/base/lib/python3.11/site-packages/aiohttp/client.py", line 1488, in __aenter__
[2025-11-01 09:17:02] [STDERR]     self._resp: _RetType = await self._coro
[2025-11-01 09:17:02] [STDERR]                            ^^^^^^^^^^^^^^^^
[2025-11-01 09:17:02] [STDERR]   File "/opt/homebrew/Caskroom/miniconda/base/lib/python3.11/site-packages/aiohttp/client.py", line 770, in _request
[2025-11-01 09:17:02] [STDERR]     resp = await handler(req)
[2025-11-01 09:17:02] [STDERR]            ^^^^^^^^^^^^^^^^^^
[2025-11-01 09:17:02] [STDERR]   File "/opt/homebrew/Caskroom/miniconda/base/lib/python3.11/site-packages/aiohttp/client.py", line 725, in _connect_and_send_request
[2025-11-01 09:17:02] [STDERR]     conn = await self._connector.connect(
[2025-11-01 09:17:02] [STDERR]            ^^^^^^^^^^^^^^^^^^^^^^^^^^^^^^
[2025-11-01 09:17:02] [STDERR]   File "/opt/homebrew/Caskroom/miniconda/base/lib/python3.11/site-packages/aiohttp/connector.py", line 642, in connect
[2025-11-01 09:17:02] [STDERR]     proto = await self._create_connection(req, traces, timeout)
[2025-11-01 09:17:02] [STDERR]             ^^^^^^^^^^^^^^^^^^^^^^^^^^^^^^^^^^^^^^^^^^^^^^^^^^^
[2025-11-01 09:17:02] [STDERR]   File "/opt/homebrew/Caskroom/miniconda/base/lib/python3.11/site-packages/aiohttp/connector.py", line 1209, in _create_connection
[2025-11-01 09:17:02] [STDERR]     _, proto = await self._create_direct_connection(req, traces, timeout)
[2025-11-01 09:17:02] [STDERR]                ^^^^^^^^^^^^^^^^^^^^^^^^^^^^^^^^^^^^^^^^^^^^^^^^^^^^^^^^^^
[2025-11-01 09:17:02] [STDERR]   File "/opt/homebrew/Caskroom/miniconda/base/lib/python3.11/site-packages/aiohttp/connector.py", line 1581, in _create_direct_connection
[2025-11-01 09:17:02] [STDERR]     raise last_exc
[2025-11-01 09:17:02] [STDERR]   File "/opt/homebrew/Caskroom/miniconda/base/lib/python3.11/site-packages/aiohttp/connector.py", line 1550, in _create_direct_connection
[2025-11-01 09:17:02] [STDERR]     transp, proto = await self._wrap_create_connection(
[2025-11-01 09:17:02] [STDERR]                     ^^^^^^^^^^^^^^^^^^^^^^^^^^^^^^^^^^^
[2025-11-01 09:17:02] [STDERR]   File "/opt/homebrew/Caskroom/miniconda/base/lib/python3.11/site-packages/aiohttp/connector.py", line 1291, in _wrap_create_connection
[2025-11-01 09:17:02] [STDERR]     raise client_error(req.connection_key, exc) from exc
[2025-11-01 09:17:02] [STDERR] aiohttp.client_exceptions.ClientConnectorError: Cannot connect to host localhost:3100 ssl:default [Multiple exceptions: [Errno 61] Connect call failed ('::1', 3100, 0, 0), [Errno 61] Connect call failed ('127.0.0.1', 3100)]
[2025-11-01 09:17:07] [STDERR] 2025-11-01 09:17:07,386 - LokiExporter.loki-exporter - ERROR - Failed to export logs to Loki: Cannot connect to host localhost:3100 ssl:default [Multiple exceptions: [Errno 61] Connect call failed ('127.0.0.1', 3100), [Errno 61] Connect call failed ('::1', 3100, 0, 0)]
[2025-11-01 09:17:07] [STDERR] Traceback (most recent call last):
[2025-11-01 09:17:07] [STDERR]   File "/opt/homebrew/Caskroom/miniconda/base/lib/python3.11/site-packages/aiohttp/connector.py", line 1268, in _wrap_create_connection
[2025-11-01 09:17:07] [STDERR]     sock = await aiohappyeyeballs.start_connection(
[2025-11-01 09:17:07] [STDERR]            ^^^^^^^^^^^^^^^^^^^^^^^^^^^^^^^^^^^^^^^^
[2025-11-01 09:17:07] [STDERR]   File "/opt/homebrew/Caskroom/miniconda/base/lib/python3.11/site-packages/aiohappyeyeballs/impl.py", line 141, in start_connection
[2025-11-01 09:17:07] [STDERR]     raise OSError(first_errno, msg)
[2025-11-01 09:17:07] [STDERR] ConnectionRefusedError: [Errno 61] Multiple exceptions: [Errno 61] Connect call failed ('127.0.0.1', 3100), [Errno 61] Connect call failed ('::1', 3100, 0, 0)
[2025-11-01 09:17:07] [STDERR] 
[2025-11-01 09:17:07] [STDERR] The above exception was the direct cause of the following exception:
[2025-11-01 09:17:07] [STDERR] 
[2025-11-01 09:17:07] [STDERR] Traceback (most recent call last):
[2025-11-01 09:17:07] [STDERR]   File "/Users/leifmarkthaler/github/gleitzeit 0.0.7/src/gleitzeit/workers/loki_exporter_worker.py", line 251, in export_logs_to_loki
[2025-11-01 09:17:07] [STDERR]     async with self.session.post(
[2025-11-01 09:17:07] [STDERR]   File "/opt/homebrew/Caskroom/miniconda/base/lib/python3.11/site-packages/aiohttp/client.py", line 1488, in __aenter__
[2025-11-01 09:17:07] [STDERR]     self._resp: _RetType = await self._coro
[2025-11-01 09:17:07] [STDERR]                            ^^^^^^^^^^^^^^^^
[2025-11-01 09:17:07] [STDERR]   File "/opt/homebrew/Caskroom/miniconda/base/lib/python3.11/site-packages/aiohttp/client.py", line 770, in _request
[2025-11-01 09:17:07] [STDERR]     resp = await handler(req)
[2025-11-01 09:17:07] [STDERR]            ^^^^^^^^^^^^^^^^^^
[2025-11-01 09:17:07] [STDERR]   File "/opt/homebrew/Caskroom/miniconda/base/lib/python3.11/site-packages/aiohttp/client.py", line 725, in _connect_and_send_request
[2025-11-01 09:17:07] [STDERR]     conn = await self._connector.connect(
[2025-11-01 09:17:07] [STDERR]            ^^^^^^^^^^^^^^^^^^^^^^^^^^^^^^
[2025-11-01 09:17:07] [STDERR]   File "/opt/homebrew/Caskroom/miniconda/base/lib/python3.11/site-packages/aiohttp/connector.py", line 642, in connect
[2025-11-01 09:17:07] [STDERR]     proto = await self._create_connection(req, traces, timeout)
[2025-11-01 09:17:07] [STDERR]             ^^^^^^^^^^^^^^^^^^^^^^^^^^^^^^^^^^^^^^^^^^^^^^^^^^^
[2025-11-01 09:17:07] [STDERR]   File "/opt/homebrew/Caskroom/miniconda/base/lib/python3.11/site-packages/aiohttp/connector.py", line 1209, in _create_connection
[2025-11-01 09:17:07] [STDERR]     _, proto = await self._create_direct_connection(req, traces, timeout)
[2025-11-01 09:17:07] [STDERR]                ^^^^^^^^^^^^^^^^^^^^^^^^^^^^^^^^^^^^^^^^^^^^^^^^^^^^^^^^^^
[2025-11-01 09:17:07] [STDERR]   File "/opt/homebrew/Caskroom/miniconda/base/lib/python3.11/site-packages/aiohttp/connector.py", line 1581, in _create_direct_connection
[2025-11-01 09:17:07] [STDERR]     raise last_exc
[2025-11-01 09:17:07] [STDERR]   File "/opt/homebrew/Caskroom/miniconda/base/lib/python3.11/site-packages/aiohttp/connector.py", line 1550, in _create_direct_connection
[2025-11-01 09:17:07] [STDERR]     transp, proto = await self._wrap_create_connection(
[2025-11-01 09:17:07] [STDERR]                     ^^^^^^^^^^^^^^^^^^^^^^^^^^^^^^^^^^^
[2025-11-01 09:17:07] [STDERR]   File "/opt/homebrew/Caskroom/miniconda/base/lib/python3.11/site-packages/aiohttp/connector.py", line 1291, in _wrap_create_connection
[2025-11-01 09:17:07] [STDERR]     raise client_error(req.connection_key, exc) from exc
[2025-11-01 09:17:07] [STDERR] aiohttp.client_exceptions.ClientConnectorError: Cannot connect to host localhost:3100 ssl:default [Multiple exceptions: [Errno 61] Connect call failed ('127.0.0.1', 3100), [Errno 61] Connect call failed ('::1', 3100, 0, 0)]
[2025-11-01 09:17:12] [STDERR] 2025-11-01 09:17:12,426 - LokiExporter.loki-exporter - ERROR - Failed to export logs to Loki: Cannot connect to host localhost:3100 ssl:default [Multiple exceptions: [Errno 61] Connect call failed ('::1', 3100, 0, 0), [Errno 61] Connect call failed ('127.0.0.1', 3100)]
[2025-11-01 09:17:12] [STDERR] Traceback (most recent call last):
[2025-11-01 09:17:12] [STDERR]   File "/opt/homebrew/Caskroom/miniconda/base/lib/python3.11/site-packages/aiohttp/connector.py", line 1268, in _wrap_create_connection
[2025-11-01 09:17:12] [STDERR]     sock = await aiohappyeyeballs.start_connection(
[2025-11-01 09:17:12] [STDERR]            ^^^^^^^^^^^^^^^^^^^^^^^^^^^^^^^^^^^^^^^^
[2025-11-01 09:17:12] [STDERR]   File "/opt/homebrew/Caskroom/miniconda/base/lib/python3.11/site-packages/aiohappyeyeballs/impl.py", line 141, in start_connection
[2025-11-01 09:17:12] [STDERR]     raise OSError(first_errno, msg)
[2025-11-01 09:17:12] [STDERR] ConnectionRefusedError: [Errno 61] Multiple exceptions: [Errno 61] Connect call failed ('::1', 3100, 0, 0), [Errno 61] Connect call failed ('127.0.0.1', 3100)
[2025-11-01 09:17:12] [STDERR] 
[2025-11-01 09:17:12] [STDERR] The above exception was the direct cause of the following exception:
[2025-11-01 09:17:12] [STDERR] 
[2025-11-01 09:17:12] [STDERR] Traceback (most recent call last):
[2025-11-01 09:17:12] [STDERR]   File "/Users/leifmarkthaler/github/gleitzeit 0.0.7/src/gleitzeit/workers/loki_exporter_worker.py", line 251, in export_logs_to_loki
[2025-11-01 09:17:12] [STDERR]     async with self.session.post(
[2025-11-01 09:17:12] [STDERR]   File "/opt/homebrew/Caskroom/miniconda/base/lib/python3.11/site-packages/aiohttp/client.py", line 1488, in __aenter__
[2025-11-01 09:17:12] [STDERR]     self._resp: _RetType = await self._coro
[2025-11-01 09:17:12] [STDERR]                            ^^^^^^^^^^^^^^^^
[2025-11-01 09:17:12] [STDERR]   File "/opt/homebrew/Caskroom/miniconda/base/lib/python3.11/site-packages/aiohttp/client.py", line 770, in _request
[2025-11-01 09:17:12] [STDERR]     resp = await handler(req)
[2025-11-01 09:17:12] [STDERR]            ^^^^^^^^^^^^^^^^^^
[2025-11-01 09:17:12] [STDERR]   File "/opt/homebrew/Caskroom/miniconda/base/lib/python3.11/site-packages/aiohttp/client.py", line 725, in _connect_and_send_request
[2025-11-01 09:17:12] [STDERR]     conn = await self._connector.connect(
[2025-11-01 09:17:12] [STDERR]            ^^^^^^^^^^^^^^^^^^^^^^^^^^^^^^
[2025-11-01 09:17:12] [STDERR]   File "/opt/homebrew/Caskroom/miniconda/base/lib/python3.11/site-packages/aiohttp/connector.py", line 642, in connect
[2025-11-01 09:17:12] [STDERR]     proto = await self._create_connection(req, traces, timeout)
[2025-11-01 09:17:12] [STDERR]             ^^^^^^^^^^^^^^^^^^^^^^^^^^^^^^^^^^^^^^^^^^^^^^^^^^^
[2025-11-01 09:17:12] [STDERR]   File "/opt/homebrew/Caskroom/miniconda/base/lib/python3.11/site-packages/aiohttp/connector.py", line 1209, in _create_connection
[2025-11-01 09:17:12] [STDERR]     _, proto = await self._create_direct_connection(req, traces, timeout)
[2025-11-01 09:17:12] [STDERR]                ^^^^^^^^^^^^^^^^^^^^^^^^^^^^^^^^^^^^^^^^^^^^^^^^^^^^^^^^^^
[2025-11-01 09:17:12] [STDERR]   File "/opt/homebrew/Caskroom/miniconda/base/lib/python3.11/site-packages/aiohttp/connector.py", line 1581, in _create_direct_connection
[2025-11-01 09:17:12] [STDERR]     raise last_exc
[2025-11-01 09:17:12] [STDERR]   File "/opt/homebrew/Caskroom/miniconda/base/lib/python3.11/site-packages/aiohttp/connector.py", line 1550, in _create_direct_connection
[2025-11-01 09:17:12] [STDERR]     transp, proto = await self._wrap_create_connection(
[2025-11-01 09:17:12] [STDERR]                     ^^^^^^^^^^^^^^^^^^^^^^^^^^^^^^^^^^^
[2025-11-01 09:17:12] [STDERR]   File "/opt/homebrew/Caskroom/miniconda/base/lib/python3.11/site-packages/aiohttp/connector.py", line 1291, in _wrap_create_connection
[2025-11-01 09:17:12] [STDERR]     raise client_error(req.connection_key, exc) from exc
[2025-11-01 09:17:12] [STDERR] aiohttp.client_exceptions.ClientConnectorError: Cannot connect to host localhost:3100 ssl:default [Multiple exceptions: [Errno 61] Connect call failed ('::1', 3100, 0, 0), [Errno 61] Connect call failed ('127.0.0.1', 3100)]
[2025-11-01 09:17:17] [STDERR] 2025-11-01 09:17:17,453 - LokiExporter.loki-exporter - ERROR - Failed to export logs to Loki: Cannot connect to host localhost:3100 ssl:default [Multiple exceptions: [Errno 61] Connect call failed ('127.0.0.1', 3100), [Errno 61] Connect call failed ('::1', 3100, 0, 0)]
[2025-11-01 09:17:17] [STDERR] Traceback (most recent call last):
[2025-11-01 09:17:17] [STDERR]   File "/opt/homebrew/Caskroom/miniconda/base/lib/python3.11/site-packages/aiohttp/connector.py", line 1268, in _wrap_create_connection
[2025-11-01 09:17:17] [STDERR]     sock = await aiohappyeyeballs.start_connection(
[2025-11-01 09:17:17] [STDERR]            ^^^^^^^^^^^^^^^^^^^^^^^^^^^^^^^^^^^^^^^^
[2025-11-01 09:17:17] [STDERR]   File "/opt/homebrew/Caskroom/miniconda/base/lib/python3.11/site-packages/aiohappyeyeballs/impl.py", line 141, in start_connection
[2025-11-01 09:17:17] [STDERR]     raise OSError(first_errno, msg)
[2025-11-01 09:17:17] [STDERR] ConnectionRefusedError: [Errno 61] Multiple exceptions: [Errno 61] Connect call failed ('127.0.0.1', 3100), [Errno 61] Connect call failed ('::1', 3100, 0, 0)
[2025-11-01 09:17:17] [STDERR] 
[2025-11-01 09:17:17] [STDERR] The above exception was the direct cause of the following exception:
[2025-11-01 09:17:17] [STDERR] 
[2025-11-01 09:17:17] [STDERR] Traceback (most recent call last):
[2025-11-01 09:17:17] [STDERR]   File "/Users/leifmarkthaler/github/gleitzeit 0.0.7/src/gleitzeit/workers/loki_exporter_worker.py", line 251, in export_logs_to_loki
[2025-11-01 09:17:17] [STDERR]     async with self.session.post(
[2025-11-01 09:17:17] [STDERR]   File "/opt/homebrew/Caskroom/miniconda/base/lib/python3.11/site-packages/aiohttp/client.py", line 1488, in __aenter__
[2025-11-01 09:17:17] [STDERR]     self._resp: _RetType = await self._coro
[2025-11-01 09:17:17] [STDERR]                            ^^^^^^^^^^^^^^^^
[2025-11-01 09:17:17] [STDERR]   File "/opt/homebrew/Caskroom/miniconda/base/lib/python3.11/site-packages/aiohttp/client.py", line 770, in _request
[2025-11-01 09:17:17] [STDERR]     resp = await handler(req)
[2025-11-01 09:17:17] [STDERR]            ^^^^^^^^^^^^^^^^^^
[2025-11-01 09:17:17] [STDERR]   File "/opt/homebrew/Caskroom/miniconda/base/lib/python3.11/site-packages/aiohttp/client.py", line 725, in _connect_and_send_request
[2025-11-01 09:17:17] [STDERR]     conn = await self._connector.connect(
[2025-11-01 09:17:17] [STDERR]            ^^^^^^^^^^^^^^^^^^^^^^^^^^^^^^
[2025-11-01 09:17:17] [STDERR]   File "/opt/homebrew/Caskroom/miniconda/base/lib/python3.11/site-packages/aiohttp/connector.py", line 642, in connect
[2025-11-01 09:17:17] [STDERR]     proto = await self._create_connection(req, traces, timeout)
[2025-11-01 09:17:17] [STDERR]             ^^^^^^^^^^^^^^^^^^^^^^^^^^^^^^^^^^^^^^^^^^^^^^^^^^^
[2025-11-01 09:17:17] [STDERR]   File "/opt/homebrew/Caskroom/miniconda/base/lib/python3.11/site-packages/aiohttp/connector.py", line 1209, in _create_connection
[2025-11-01 09:17:17] [STDERR]     _, proto = await self._create_direct_connection(req, traces, timeout)
[2025-11-01 09:17:17] [STDERR]                ^^^^^^^^^^^^^^^^^^^^^^^^^^^^^^^^^^^^^^^^^^^^^^^^^^^^^^^^^^
[2025-11-01 09:17:17] [STDERR]   File "/opt/homebrew/Caskroom/miniconda/base/lib/python3.11/site-packages/aiohttp/connector.py", line 1581, in _create_direct_connection
[2025-11-01 09:17:17] [STDERR]     raise last_exc
[2025-11-01 09:17:17] [STDERR]   File "/opt/homebrew/Caskroom/miniconda/base/lib/python3.11/site-packages/aiohttp/connector.py", line 1550, in _create_direct_connection
[2025-11-01 09:17:17] [STDERR]     transp, proto = await self._wrap_create_connection(
[2025-11-01 09:17:17] [STDERR]                     ^^^^^^^^^^^^^^^^^^^^^^^^^^^^^^^^^^^
[2025-11-01 09:17:17] [STDERR]   File "/opt/homebrew/Caskroom/miniconda/base/lib/python3.11/site-packages/aiohttp/connector.py", line 1291, in _wrap_create_connection
[2025-11-01 09:17:17] [STDERR]     raise client_error(req.connection_key, exc) from exc
[2025-11-01 09:17:17] [STDERR] aiohttp.client_exceptions.ClientConnectorError: Cannot connect to host localhost:3100 ssl:default [Multiple exceptions: [Errno 61] Connect call failed ('127.0.0.1', 3100), [Errno 61] Connect call failed ('::1', 3100, 0, 0)]
[2025-11-01 09:17:22] [STDERR] 2025-11-01 09:17:22,487 - LokiExporter.loki-exporter - ERROR - Failed to export logs to Loki: Cannot connect to host localhost:3100 ssl:default [Multiple exceptions: [Errno 61] Connect call failed ('::1', 3100, 0, 0), [Errno 61] Connect call failed ('127.0.0.1', 3100)]
[2025-11-01 09:17:22] [STDERR] Traceback (most recent call last):
[2025-11-01 09:17:22] [STDERR]   File "/opt/homebrew/Caskroom/miniconda/base/lib/python3.11/site-packages/aiohttp/connector.py", line 1268, in _wrap_create_connection
[2025-11-01 09:17:22] [STDERR]     sock = await aiohappyeyeballs.start_connection(
[2025-11-01 09:17:22] [STDERR]            ^^^^^^^^^^^^^^^^^^^^^^^^^^^^^^^^^^^^^^^^
[2025-11-01 09:17:22] [STDERR]   File "/opt/homebrew/Caskroom/miniconda/base/lib/python3.11/site-packages/aiohappyeyeballs/impl.py", line 141, in start_connection
[2025-11-01 09:17:22] [STDERR]     raise OSError(first_errno, msg)
[2025-11-01 09:17:22] [STDERR] ConnectionRefusedError: [Errno 61] Multiple exceptions: [Errno 61] Connect call failed ('::1', 3100, 0, 0), [Errno 61] Connect call failed ('127.0.0.1', 3100)
[2025-11-01 09:17:22] [STDERR] 
[2025-11-01 09:17:22] [STDERR] The above exception was the direct cause of the following exception:
[2025-11-01 09:17:22] [STDERR] 
[2025-11-01 09:17:22] [STDERR] Traceback (most recent call last):
[2025-11-01 09:17:22] [STDERR]   File "/Users/leifmarkthaler/github/gleitzeit 0.0.7/src/gleitzeit/workers/loki_exporter_worker.py", line 251, in export_logs_to_loki
[2025-11-01 09:17:22] [STDERR]     async with self.session.post(
[2025-11-01 09:17:22] [STDERR]   File "/opt/homebrew/Caskroom/miniconda/base/lib/python3.11/site-packages/aiohttp/client.py", line 1488, in __aenter__
[2025-11-01 09:17:22] [STDERR]     self._resp: _RetType = await self._coro
[2025-11-01 09:17:22] [STDERR]                            ^^^^^^^^^^^^^^^^
[2025-11-01 09:17:22] [STDERR]   File "/opt/homebrew/Caskroom/miniconda/base/lib/python3.11/site-packages/aiohttp/client.py", line 770, in _request
[2025-11-01 09:17:22] [STDERR]     resp = await handler(req)
[2025-11-01 09:17:22] [STDERR]            ^^^^^^^^^^^^^^^^^^
[2025-11-01 09:17:22] [STDERR]   File "/opt/homebrew/Caskroom/miniconda/base/lib/python3.11/site-packages/aiohttp/client.py", line 725, in _connect_and_send_request
[2025-11-01 09:17:22] [STDERR]     conn = await self._connector.connect(
[2025-11-01 09:17:22] [STDERR]            ^^^^^^^^^^^^^^^^^^^^^^^^^^^^^^
[2025-11-01 09:17:22] [STDERR]   File "/opt/homebrew/Caskroom/miniconda/base/lib/python3.11/site-packages/aiohttp/connector.py", line 642, in connect
[2025-11-01 09:17:22] [STDERR]     proto = await self._create_connection(req, traces, timeout)
[2025-11-01 09:17:22] [STDERR]             ^^^^^^^^^^^^^^^^^^^^^^^^^^^^^^^^^^^^^^^^^^^^^^^^^^^
[2025-11-01 09:17:22] [STDERR]   File "/opt/homebrew/Caskroom/miniconda/base/lib/python3.11/site-packages/aiohttp/connector.py", line 1209, in _create_connection
[2025-11-01 09:17:22] [STDERR]     _, proto = await self._create_direct_connection(req, traces, timeout)
[2025-11-01 09:17:22] [STDERR]                ^^^^^^^^^^^^^^^^^^^^^^^^^^^^^^^^^^^^^^^^^^^^^^^^^^^^^^^^^^
[2025-11-01 09:17:22] [STDERR]   File "/opt/homebrew/Caskroom/miniconda/base/lib/python3.11/site-packages/aiohttp/connector.py", line 1581, in _create_direct_connection
[2025-11-01 09:17:22] [STDERR]     raise last_exc
[2025-11-01 09:17:22] [STDERR]   File "/opt/homebrew/Caskroom/miniconda/base/lib/python3.11/site-packages/aiohttp/connector.py", line 1550, in _create_direct_connection
[2025-11-01 09:17:22] [STDERR]     transp, proto = await self._wrap_create_connection(
[2025-11-01 09:17:22] [STDERR]                     ^^^^^^^^^^^^^^^^^^^^^^^^^^^^^^^^^^^
[2025-11-01 09:17:22] [STDERR]   File "/opt/homebrew/Caskroom/miniconda/base/lib/python3.11/site-packages/aiohttp/connector.py", line 1291, in _wrap_create_connection
[2025-11-01 09:17:22] [STDERR]     raise client_error(req.connection_key, exc) from exc
[2025-11-01 09:17:22] [STDERR] aiohttp.client_exceptions.ClientConnectorError: Cannot connect to host localhost:3100 ssl:default [Multiple exceptions: [Errno 61] Connect call failed ('::1', 3100, 0, 0), [Errno 61] Connect call failed ('127.0.0.1', 3100)]
[2025-11-01 09:17:27] [STDERR] 2025-11-01 09:17:27,527 - LokiExporter.loki-exporter - ERROR - Failed to export logs to Loki: Cannot connect to host localhost:3100 ssl:default [Multiple exceptions: [Errno 61] Connect call failed ('127.0.0.1', 3100), [Errno 61] Connect call failed ('::1', 3100, 0, 0)]
[2025-11-01 09:17:27] [STDERR] Traceback (most recent call last):
[2025-11-01 09:17:27] [STDERR]   File "/opt/homebrew/Caskroom/miniconda/base/lib/python3.11/site-packages/aiohttp/connector.py", line 1268, in _wrap_create_connection
[2025-11-01 09:17:27] [STDERR]     sock = await aiohappyeyeballs.start_connection(
[2025-11-01 09:17:27] [STDERR]            ^^^^^^^^^^^^^^^^^^^^^^^^^^^^^^^^^^^^^^^^
[2025-11-01 09:17:27] [STDERR]   File "/opt/homebrew/Caskroom/miniconda/base/lib/python3.11/site-packages/aiohappyeyeballs/impl.py", line 141, in start_connection
[2025-11-01 09:17:27] [STDERR]     raise OSError(first_errno, msg)
[2025-11-01 09:17:27] [STDERR] ConnectionRefusedError: [Errno 61] Multiple exceptions: [Errno 61] Connect call failed ('127.0.0.1', 3100), [Errno 61] Connect call failed ('::1', 3100, 0, 0)
[2025-11-01 09:17:27] [STDERR] 
[2025-11-01 09:17:27] [STDERR] The above exception was the direct cause of the following exception:
[2025-11-01 09:17:27] [STDERR] 
[2025-11-01 09:17:27] [STDERR] Traceback (most recent call last):
[2025-11-01 09:17:27] [STDERR]   File "/Users/leifmarkthaler/github/gleitzeit 0.0.7/src/gleitzeit/workers/loki_exporter_worker.py", line 251, in export_logs_to_loki
[2025-11-01 09:17:27] [STDERR]     async with self.session.post(
[2025-11-01 09:17:27] [STDERR]   File "/opt/homebrew/Caskroom/miniconda/base/lib/python3.11/site-packages/aiohttp/client.py", line 1488, in __aenter__
[2025-11-01 09:17:27] [STDERR]     self._resp: _RetType = await self._coro
[2025-11-01 09:17:27] [STDERR]                            ^^^^^^^^^^^^^^^^
[2025-11-01 09:17:27] [STDERR]   File "/opt/homebrew/Caskroom/miniconda/base/lib/python3.11/site-packages/aiohttp/client.py", line 770, in _request
[2025-11-01 09:17:27] [STDERR]     resp = await handler(req)
[2025-11-01 09:17:27] [STDERR]            ^^^^^^^^^^^^^^^^^^
[2025-11-01 09:17:27] [STDERR]   File "/opt/homebrew/Caskroom/miniconda/base/lib/python3.11/site-packages/aiohttp/client.py", line 725, in _connect_and_send_request
[2025-11-01 09:17:27] [STDERR]     conn = await self._connector.connect(
[2025-11-01 09:17:27] [STDERR]            ^^^^^^^^^^^^^^^^^^^^^^^^^^^^^^
[2025-11-01 09:17:27] [STDERR]   File "/opt/homebrew/Caskroom/miniconda/base/lib/python3.11/site-packages/aiohttp/connector.py", line 642, in connect
[2025-11-01 09:17:27] [STDERR]     proto = await self._create_connection(req, traces, timeout)
[2025-11-01 09:17:27] [STDERR]             ^^^^^^^^^^^^^^^^^^^^^^^^^^^^^^^^^^^^^^^^^^^^^^^^^^^
[2025-11-01 09:17:27] [STDERR]   File "/opt/homebrew/Caskroom/miniconda/base/lib/python3.11/site-packages/aiohttp/connector.py", line 1209, in _create_connection
[2025-11-01 09:17:27] [STDERR]     _, proto = await self._create_direct_connection(req, traces, timeout)
[2025-11-01 09:17:27] [STDERR]                ^^^^^^^^^^^^^^^^^^^^^^^^^^^^^^^^^^^^^^^^^^^^^^^^^^^^^^^^^^
[2025-11-01 09:17:27] [STDERR]   File "/opt/homebrew/Caskroom/miniconda/base/lib/python3.11/site-packages/aiohttp/connector.py", line 1581, in _create_direct_connection
[2025-11-01 09:17:27] [STDERR]     raise last_exc
[2025-11-01 09:17:27] [STDERR]   File "/opt/homebrew/Caskroom/miniconda/base/lib/python3.11/site-packages/aiohttp/connector.py", line 1550, in _create_direct_connection
[2025-11-01 09:17:27] [STDERR]     transp, proto = await self._wrap_create_connection(
[2025-11-01 09:17:27] [STDERR]                     ^^^^^^^^^^^^^^^^^^^^^^^^^^^^^^^^^^^
[2025-11-01 09:17:27] [STDERR]   File "/opt/homebrew/Caskroom/miniconda/base/lib/python3.11/site-packages/aiohttp/connector.py", line 1291, in _wrap_create_connection
[2025-11-01 09:17:27] [STDERR]     raise client_error(req.connection_key, exc) from exc
[2025-11-01 09:17:27] [STDERR] aiohttp.client_exceptions.ClientConnectorError: Cannot connect to host localhost:3100 ssl:default [Multiple exceptions: [Errno 61] Connect call failed ('127.0.0.1', 3100), [Errno 61] Connect call failed ('::1', 3100, 0, 0)]
[2025-11-01 09:17:32] [STDERR] 2025-11-01 09:17:32,559 - LokiExporter.loki-exporter - ERROR - Failed to export logs to Loki: Cannot connect to host localhost:3100 ssl:default [Multiple exceptions: [Errno 61] Connect call failed ('::1', 3100, 0, 0), [Errno 61] Connect call failed ('127.0.0.1', 3100)]
[2025-11-01 09:17:32] [STDERR] Traceback (most recent call last):
[2025-11-01 09:17:32] [STDERR]   File "/opt/homebrew/Caskroom/miniconda/base/lib/python3.11/site-packages/aiohttp/connector.py", line 1268, in _wrap_create_connection
[2025-11-01 09:17:32] [STDERR]     sock = await aiohappyeyeballs.start_connection(
[2025-11-01 09:17:32] [STDERR]            ^^^^^^^^^^^^^^^^^^^^^^^^^^^^^^^^^^^^^^^^
[2025-11-01 09:17:32] [STDERR]   File "/opt/homebrew/Caskroom/miniconda/base/lib/python3.11/site-packages/aiohappyeyeballs/impl.py", line 141, in start_connection
[2025-11-01 09:17:32] [STDERR]     raise OSError(first_errno, msg)
[2025-11-01 09:17:32] [STDERR] ConnectionRefusedError: [Errno 61] Multiple exceptions: [Errno 61] Connect call failed ('::1', 3100, 0, 0), [Errno 61] Connect call failed ('127.0.0.1', 3100)
[2025-11-01 09:17:32] [STDERR] 
[2025-11-01 09:17:32] [STDERR] The above exception was the direct cause of the following exception:
[2025-11-01 09:17:32] [STDERR] 
[2025-11-01 09:17:32] [STDERR] Traceback (most recent call last):
[2025-11-01 09:17:32] [STDERR]   File "/Users/leifmarkthaler/github/gleitzeit 0.0.7/src/gleitzeit/workers/loki_exporter_worker.py", line 251, in export_logs_to_loki
[2025-11-01 09:17:32] [STDERR]     async with self.session.post(
[2025-11-01 09:17:32] [STDERR]   File "/opt/homebrew/Caskroom/miniconda/base/lib/python3.11/site-packages/aiohttp/client.py", line 1488, in __aenter__
[2025-11-01 09:17:32] [STDERR]     self._resp: _RetType = await self._coro
[2025-11-01 09:17:32] [STDERR]                            ^^^^^^^^^^^^^^^^
[2025-11-01 09:17:32] [STDERR]   File "/opt/homebrew/Caskroom/miniconda/base/lib/python3.11/site-packages/aiohttp/client.py", line 770, in _request
[2025-11-01 09:17:32] [STDERR]     resp = await handler(req)
[2025-11-01 09:17:32] [STDERR]            ^^^^^^^^^^^^^^^^^^
[2025-11-01 09:17:32] [STDERR]   File "/opt/homebrew/Caskroom/miniconda/base/lib/python3.11/site-packages/aiohttp/client.py", line 725, in _connect_and_send_request
[2025-11-01 09:17:32] [STDERR]     conn = await self._connector.connect(
[2025-11-01 09:17:32] [STDERR]            ^^^^^^^^^^^^^^^^^^^^^^^^^^^^^^
[2025-11-01 09:17:32] [STDERR]   File "/opt/homebrew/Caskroom/miniconda/base/lib/python3.11/site-packages/aiohttp/connector.py", line 642, in connect
[2025-11-01 09:17:32] [STDERR]     proto = await self._create_connection(req, traces, timeout)
[2025-11-01 09:17:32] [STDERR]             ^^^^^^^^^^^^^^^^^^^^^^^^^^^^^^^^^^^^^^^^^^^^^^^^^^^
[2025-11-01 09:17:32] [STDERR]   File "/opt/homebrew/Caskroom/miniconda/base/lib/python3.11/site-packages/aiohttp/connector.py", line 1209, in _create_connection
[2025-11-01 09:17:32] [STDERR]     _, proto = await self._create_direct_connection(req, traces, timeout)
[2025-11-01 09:17:32] [STDERR]                ^^^^^^^^^^^^^^^^^^^^^^^^^^^^^^^^^^^^^^^^^^^^^^^^^^^^^^^^^^
[2025-11-01 09:17:32] [STDERR]   File "/opt/homebrew/Caskroom/miniconda/base/lib/python3.11/site-packages/aiohttp/connector.py", line 1581, in _create_direct_connection
[2025-11-01 09:17:32] [STDERR]     raise last_exc
[2025-11-01 09:17:32] [STDERR]   File "/opt/homebrew/Caskroom/miniconda/base/lib/python3.11/site-packages/aiohttp/connector.py", line 1550, in _create_direct_connection
[2025-11-01 09:17:32] [STDERR]     transp, proto = await self._wrap_create_connection(
[2025-11-01 09:17:32] [STDERR]                     ^^^^^^^^^^^^^^^^^^^^^^^^^^^^^^^^^^^
[2025-11-01 09:17:32] [STDERR]   File "/opt/homebrew/Caskroom/miniconda/base/lib/python3.11/site-packages/aiohttp/connector.py", line 1291, in _wrap_create_connection
[2025-11-01 09:17:32] [STDERR]     raise client_error(req.connection_key, exc) from exc
[2025-11-01 09:17:32] [STDERR] aiohttp.client_exceptions.ClientConnectorError: Cannot connect to host localhost:3100 ssl:default [Multiple exceptions: [Errno 61] Connect call failed ('::1', 3100, 0, 0), [Errno 61] Connect call failed ('127.0.0.1', 3100)]
[2025-11-01 09:17:37] [STDERR] 2025-11-01 09:17:37,586 - LokiExporter.loki-exporter - ERROR - Failed to export logs to Loki: Cannot connect to host localhost:3100 ssl:default [Multiple exceptions: [Errno 61] Connect call failed ('127.0.0.1', 3100), [Errno 61] Connect call failed ('::1', 3100, 0, 0)]
[2025-11-01 09:17:37] [STDERR] Traceback (most recent call last):
[2025-11-01 09:17:37] [STDERR]   File "/opt/homebrew/Caskroom/miniconda/base/lib/python3.11/site-packages/aiohttp/connector.py", line 1268, in _wrap_create_connection
[2025-11-01 09:17:37] [STDERR]     sock = await aiohappyeyeballs.start_connection(
[2025-11-01 09:17:37] [STDERR]            ^^^^^^^^^^^^^^^^^^^^^^^^^^^^^^^^^^^^^^^^
[2025-11-01 09:17:37] [STDERR]   File "/opt/homebrew/Caskroom/miniconda/base/lib/python3.11/site-packages/aiohappyeyeballs/impl.py", line 141, in start_connection
[2025-11-01 09:17:37] [STDERR]     raise OSError(first_errno, msg)
[2025-11-01 09:17:37] [STDERR] ConnectionRefusedError: [Errno 61] Multiple exceptions: [Errno 61] Connect call failed ('127.0.0.1', 3100), [Errno 61] Connect call failed ('::1', 3100, 0, 0)
[2025-11-01 09:17:37] [STDERR] 
[2025-11-01 09:17:37] [STDERR] The above exception was the direct cause of the following exception:
[2025-11-01 09:17:37] [STDERR] 
[2025-11-01 09:17:37] [STDERR] Traceback (most recent call last):
[2025-11-01 09:17:37] [STDERR]   File "/Users/leifmarkthaler/github/gleitzeit 0.0.7/src/gleitzeit/workers/loki_exporter_worker.py", line 251, in export_logs_to_loki
[2025-11-01 09:17:37] [STDERR]     async with self.session.post(
[2025-11-01 09:17:37] [STDERR]   File "/opt/homebrew/Caskroom/miniconda/base/lib/python3.11/site-packages/aiohttp/client.py", line 1488, in __aenter__
[2025-11-01 09:17:37] [STDERR]     self._resp: _RetType = await self._coro
[2025-11-01 09:17:37] [STDERR]                            ^^^^^^^^^^^^^^^^
[2025-11-01 09:17:37] [STDERR]   File "/opt/homebrew/Caskroom/miniconda/base/lib/python3.11/site-packages/aiohttp/client.py", line 770, in _request
[2025-11-01 09:17:37] [STDERR]     resp = await handler(req)
[2025-11-01 09:17:37] [STDERR]            ^^^^^^^^^^^^^^^^^^
[2025-11-01 09:17:37] [STDERR]   File "/opt/homebrew/Caskroom/miniconda/base/lib/python3.11/site-packages/aiohttp/client.py", line 725, in _connect_and_send_request
[2025-11-01 09:17:37] [STDERR]     conn = await self._connector.connect(
[2025-11-01 09:17:37] [STDERR]            ^^^^^^^^^^^^^^^^^^^^^^^^^^^^^^
[2025-11-01 09:17:37] [STDERR]   File "/opt/homebrew/Caskroom/miniconda/base/lib/python3.11/site-packages/aiohttp/connector.py", line 642, in connect
[2025-11-01 09:17:37] [STDERR]     proto = await self._create_connection(req, traces, timeout)
[2025-11-01 09:17:37] [STDERR]             ^^^^^^^^^^^^^^^^^^^^^^^^^^^^^^^^^^^^^^^^^^^^^^^^^^^
[2025-11-01 09:17:37] [STDERR]   File "/opt/homebrew/Caskroom/miniconda/base/lib/python3.11/site-packages/aiohttp/connector.py", line 1209, in _create_connection
[2025-11-01 09:17:37] [STDERR]     _, proto = await self._create_direct_connection(req, traces, timeout)
[2025-11-01 09:17:37] [STDERR]                ^^^^^^^^^^^^^^^^^^^^^^^^^^^^^^^^^^^^^^^^^^^^^^^^^^^^^^^^^^
[2025-11-01 09:17:37] [STDERR]   File "/opt/homebrew/Caskroom/miniconda/base/lib/python3.11/site-packages/aiohttp/connector.py", line 1581, in _create_direct_connection
[2025-11-01 09:17:37] [STDERR]     raise last_exc
[2025-11-01 09:17:37] [STDERR]   File "/opt/homebrew/Caskroom/miniconda/base/lib/python3.11/site-packages/aiohttp/connector.py", line 1550, in _create_direct_connection
[2025-11-01 09:17:37] [STDERR]     transp, proto = await self._wrap_create_connection(
[2025-11-01 09:17:37] [STDERR]                     ^^^^^^^^^^^^^^^^^^^^^^^^^^^^^^^^^^^
[2025-11-01 09:17:37] [STDERR]   File "/opt/homebrew/Caskroom/miniconda/base/lib/python3.11/site-packages/aiohttp/connector.py", line 1291, in _wrap_create_connection
[2025-11-01 09:17:37] [STDERR]     raise client_error(req.connection_key, exc) from exc
[2025-11-01 09:17:37] [STDERR] aiohttp.client_exceptions.ClientConnectorError: Cannot connect to host localhost:3100 ssl:default [Multiple exceptions: [Errno 61] Connect call failed ('127.0.0.1', 3100), [Errno 61] Connect call failed ('::1', 3100, 0, 0)]
[2025-11-01 09:17:42] [STDERR] 2025-11-01 09:17:42,627 - LokiExporter.loki-exporter - ERROR - Failed to export logs to Loki: Cannot connect to host localhost:3100 ssl:default [Multiple exceptions: [Errno 61] Connect call failed ('::1', 3100, 0, 0), [Errno 61] Connect call failed ('127.0.0.1', 3100)]
[2025-11-01 09:17:42] [STDERR] Traceback (most recent call last):
[2025-11-01 09:17:42] [STDERR]   File "/opt/homebrew/Caskroom/miniconda/base/lib/python3.11/site-packages/aiohttp/connector.py", line 1268, in _wrap_create_connection
[2025-11-01 09:17:42] [STDERR]     sock = await aiohappyeyeballs.start_connection(
[2025-11-01 09:17:42] [STDERR]            ^^^^^^^^^^^^^^^^^^^^^^^^^^^^^^^^^^^^^^^^
[2025-11-01 09:17:42] [STDERR]   File "/opt/homebrew/Caskroom/miniconda/base/lib/python3.11/site-packages/aiohappyeyeballs/impl.py", line 141, in start_connection
[2025-11-01 09:17:42] [STDERR]     raise OSError(first_errno, msg)
[2025-11-01 09:17:42] [STDERR] ConnectionRefusedError: [Errno 61] Multiple exceptions: [Errno 61] Connect call failed ('::1', 3100, 0, 0), [Errno 61] Connect call failed ('127.0.0.1', 3100)
[2025-11-01 09:17:42] [STDERR] 
[2025-11-01 09:17:42] [STDERR] The above exception was the direct cause of the following exception:
[2025-11-01 09:17:42] [STDERR] 
[2025-11-01 09:17:42] [STDERR] Traceback (most recent call last):
[2025-11-01 09:17:42] [STDERR]   File "/Users/leifmarkthaler/github/gleitzeit 0.0.7/src/gleitzeit/workers/loki_exporter_worker.py", line 251, in export_logs_to_loki
[2025-11-01 09:17:42] [STDERR]     async with self.session.post(
[2025-11-01 09:17:42] [STDERR]   File "/opt/homebrew/Caskroom/miniconda/base/lib/python3.11/site-packages/aiohttp/client.py", line 1488, in __aenter__
[2025-11-01 09:17:42] [STDERR]     self._resp: _RetType = await self._coro
[2025-11-01 09:17:42] [STDERR]                            ^^^^^^^^^^^^^^^^
[2025-11-01 09:17:42] [STDERR]   File "/opt/homebrew/Caskroom/miniconda/base/lib/python3.11/site-packages/aiohttp/client.py", line 770, in _request
[2025-11-01 09:17:42] [STDERR]     resp = await handler(req)
[2025-11-01 09:17:42] [STDERR]            ^^^^^^^^^^^^^^^^^^
[2025-11-01 09:17:42] [STDERR]   File "/opt/homebrew/Caskroom/miniconda/base/lib/python3.11/site-packages/aiohttp/client.py", line 725, in _connect_and_send_request
[2025-11-01 09:17:42] [STDERR]     conn = await self._connector.connect(
[2025-11-01 09:17:42] [STDERR]            ^^^^^^^^^^^^^^^^^^^^^^^^^^^^^^
[2025-11-01 09:17:42] [STDERR]   File "/opt/homebrew/Caskroom/miniconda/base/lib/python3.11/site-packages/aiohttp/connector.py", line 642, in connect
[2025-11-01 09:17:42] [STDERR]     proto = await self._create_connection(req, traces, timeout)
[2025-11-01 09:17:42] [STDERR]             ^^^^^^^^^^^^^^^^^^^^^^^^^^^^^^^^^^^^^^^^^^^^^^^^^^^
[2025-11-01 09:17:42] [STDERR]   File "/opt/homebrew/Caskroom/miniconda/base/lib/python3.11/site-packages/aiohttp/connector.py", line 1209, in _create_connection
[2025-11-01 09:17:42] [STDERR]     _, proto = await self._create_direct_connection(req, traces, timeout)
[2025-11-01 09:17:42] [STDERR]                ^^^^^^^^^^^^^^^^^^^^^^^^^^^^^^^^^^^^^^^^^^^^^^^^^^^^^^^^^^
[2025-11-01 09:17:42] [STDERR]   File "/opt/homebrew/Caskroom/miniconda/base/lib/python3.11/site-packages/aiohttp/connector.py", line 1581, in _create_direct_connection
[2025-11-01 09:17:42] [STDERR]     raise last_exc
[2025-11-01 09:17:42] [STDERR]   File "/opt/homebrew/Caskroom/miniconda/base/lib/python3.11/site-packages/aiohttp/connector.py", line 1550, in _create_direct_connection
[2025-11-01 09:17:42] [STDERR]     transp, proto = await self._wrap_create_connection(
[2025-11-01 09:17:42] [STDERR]                     ^^^^^^^^^^^^^^^^^^^^^^^^^^^^^^^^^^^
[2025-11-01 09:17:42] [STDERR]   File "/opt/homebrew/Caskroom/miniconda/base/lib/python3.11/site-packages/aiohttp/connector.py", line 1291, in _wrap_create_connection
[2025-11-01 09:17:42] [STDERR]     raise client_error(req.connection_key, exc) from exc
[2025-11-01 09:17:42] [STDERR] aiohttp.client_exceptions.ClientConnectorError: Cannot connect to host localhost:3100 ssl:default [Multiple exceptions: [Errno 61] Connect call failed ('::1', 3100, 0, 0), [Errno 61] Connect call failed ('127.0.0.1', 3100)]
[2025-11-01 09:17:47] [STDERR] 2025-11-01 09:17:47,664 - LokiExporter.loki-exporter - ERROR - Failed to export logs to Loki: Cannot connect to host localhost:3100 ssl:default [Multiple exceptions: [Errno 61] Connect call failed ('127.0.0.1', 3100), [Errno 61] Connect call failed ('::1', 3100, 0, 0)]
[2025-11-01 09:17:47] [STDERR] Traceback (most recent call last):
[2025-11-01 09:17:47] [STDERR]   File "/opt/homebrew/Caskroom/miniconda/base/lib/python3.11/site-packages/aiohttp/connector.py", line 1268, in _wrap_create_connection
[2025-11-01 09:17:47] [STDERR]     sock = await aiohappyeyeballs.start_connection(
[2025-11-01 09:17:47] [STDERR]            ^^^^^^^^^^^^^^^^^^^^^^^^^^^^^^^^^^^^^^^^
[2025-11-01 09:17:47] [STDERR]   File "/opt/homebrew/Caskroom/miniconda/base/lib/python3.11/site-packages/aiohappyeyeballs/impl.py", line 141, in start_connection
[2025-11-01 09:17:47] [STDERR]     raise OSError(first_errno, msg)
[2025-11-01 09:17:47] [STDERR] ConnectionRefusedError: [Errno 61] Multiple exceptions: [Errno 61] Connect call failed ('127.0.0.1', 3100), [Errno 61] Connect call failed ('::1', 3100, 0, 0)
[2025-11-01 09:17:47] [STDERR] 
[2025-11-01 09:17:47] [STDERR] The above exception was the direct cause of the following exception:
[2025-11-01 09:17:47] [STDERR] 
[2025-11-01 09:17:47] [STDERR] Traceback (most recent call last):
[2025-11-01 09:17:47] [STDERR]   File "/Users/leifmarkthaler/github/gleitzeit 0.0.7/src/gleitzeit/workers/loki_exporter_worker.py", line 251, in export_logs_to_loki
[2025-11-01 09:17:47] [STDERR]     async with self.session.post(
[2025-11-01 09:17:47] [STDERR]   File "/opt/homebrew/Caskroom/miniconda/base/lib/python3.11/site-packages/aiohttp/client.py", line 1488, in __aenter__
[2025-11-01 09:17:47] [STDERR]     self._resp: _RetType = await self._coro
[2025-11-01 09:17:47] [STDERR]                            ^^^^^^^^^^^^^^^^
[2025-11-01 09:17:47] [STDERR]   File "/opt/homebrew/Caskroom/miniconda/base/lib/python3.11/site-packages/aiohttp/client.py", line 770, in _request
[2025-11-01 09:17:47] [STDERR]     resp = await handler(req)
[2025-11-01 09:17:47] [STDERR]            ^^^^^^^^^^^^^^^^^^
[2025-11-01 09:17:47] [STDERR]   File "/opt/homebrew/Caskroom/miniconda/base/lib/python3.11/site-packages/aiohttp/client.py", line 725, in _connect_and_send_request
[2025-11-01 09:17:47] [STDERR]     conn = await self._connector.connect(
[2025-11-01 09:17:47] [STDERR]            ^^^^^^^^^^^^^^^^^^^^^^^^^^^^^^
[2025-11-01 09:17:47] [STDERR]   File "/opt/homebrew/Caskroom/miniconda/base/lib/python3.11/site-packages/aiohttp/connector.py", line 642, in connect
[2025-11-01 09:17:47] [STDERR]     proto = await self._create_connection(req, traces, timeout)
[2025-11-01 09:17:47] [STDERR]             ^^^^^^^^^^^^^^^^^^^^^^^^^^^^^^^^^^^^^^^^^^^^^^^^^^^
[2025-11-01 09:17:47] [STDERR]   File "/opt/homebrew/Caskroom/miniconda/base/lib/python3.11/site-packages/aiohttp/connector.py", line 1209, in _create_connection
[2025-11-01 09:17:47] [STDERR]     _, proto = await self._create_direct_connection(req, traces, timeout)
[2025-11-01 09:17:47] [STDERR]                ^^^^^^^^^^^^^^^^^^^^^^^^^^^^^^^^^^^^^^^^^^^^^^^^^^^^^^^^^^
[2025-11-01 09:17:47] [STDERR]   File "/opt/homebrew/Caskroom/miniconda/base/lib/python3.11/site-packages/aiohttp/connector.py", line 1581, in _create_direct_connection
[2025-11-01 09:17:47] [STDERR]     raise last_exc
[2025-11-01 09:17:47] [STDERR]   File "/opt/homebrew/Caskroom/miniconda/base/lib/python3.11/site-packages/aiohttp/connector.py", line 1550, in _create_direct_connection
[2025-11-01 09:17:47] [STDERR]     transp, proto = await self._wrap_create_connection(
[2025-11-01 09:17:47] [STDERR]                     ^^^^^^^^^^^^^^^^^^^^^^^^^^^^^^^^^^^
[2025-11-01 09:17:47] [STDERR]   File "/opt/homebrew/Caskroom/miniconda/base/lib/python3.11/site-packages/aiohttp/connector.py", line 1291, in _wrap_create_connection
[2025-11-01 09:17:47] [STDERR]     raise client_error(req.connection_key, exc) from exc
[2025-11-01 09:17:47] [STDERR] aiohttp.client_exceptions.ClientConnectorError: Cannot connect to host localhost:3100 ssl:default [Multiple exceptions: [Errno 61] Connect call failed ('127.0.0.1', 3100), [Errno 61] Connect call failed ('::1', 3100, 0, 0)]
[2025-11-01 09:17:52] [STDERR] 2025-11-01 09:17:52,705 - LokiExporter.loki-exporter - ERROR - Failed to export logs to Loki: Cannot connect to host localhost:3100 ssl:default [Multiple exceptions: [Errno 61] Connect call failed ('::1', 3100, 0, 0), [Errno 61] Connect call failed ('127.0.0.1', 3100)]
[2025-11-01 09:17:52] [STDERR] Traceback (most recent call last):
[2025-11-01 09:17:52] [STDERR]   File "/opt/homebrew/Caskroom/miniconda/base/lib/python3.11/site-packages/aiohttp/connector.py", line 1268, in _wrap_create_connection
[2025-11-01 09:17:52] [STDERR]     sock = await aiohappyeyeballs.start_connection(
[2025-11-01 09:17:52] [STDERR]            ^^^^^^^^^^^^^^^^^^^^^^^^^^^^^^^^^^^^^^^^
[2025-11-01 09:17:52] [STDERR]   File "/opt/homebrew/Caskroom/miniconda/base/lib/python3.11/site-packages/aiohappyeyeballs/impl.py", line 141, in start_connection
[2025-11-01 09:17:52] [STDERR]     raise OSError(first_errno, msg)
[2025-11-01 09:17:52] [STDERR] ConnectionRefusedError: [Errno 61] Multiple exceptions: [Errno 61] Connect call failed ('::1', 3100, 0, 0), [Errno 61] Connect call failed ('127.0.0.1', 3100)
[2025-11-01 09:17:52] [STDERR] 
[2025-11-01 09:17:52] [STDERR] The above exception was the direct cause of the following exception:
[2025-11-01 09:17:52] [STDERR] 
[2025-11-01 09:17:52] [STDERR] Traceback (most recent call last):
[2025-11-01 09:17:52] [STDERR]   File "/Users/leifmarkthaler/github/gleitzeit 0.0.7/src/gleitzeit/workers/loki_exporter_worker.py", line 251, in export_logs_to_loki
[2025-11-01 09:17:52] [STDERR]     async with self.session.post(
[2025-11-01 09:17:52] [STDERR]   File "/opt/homebrew/Caskroom/miniconda/base/lib/python3.11/site-packages/aiohttp/client.py", line 1488, in __aenter__
[2025-11-01 09:17:52] [STDERR]     self._resp: _RetType = await self._coro
[2025-11-01 09:17:52] [STDERR]                            ^^^^^^^^^^^^^^^^
[2025-11-01 09:17:52] [STDERR]   File "/opt/homebrew/Caskroom/miniconda/base/lib/python3.11/site-packages/aiohttp/client.py", line 770, in _request
[2025-11-01 09:17:52] [STDERR]     resp = await handler(req)
[2025-11-01 09:17:52] [STDERR]            ^^^^^^^^^^^^^^^^^^
[2025-11-01 09:17:52] [STDERR]   File "/opt/homebrew/Caskroom/miniconda/base/lib/python3.11/site-packages/aiohttp/client.py", line 725, in _connect_and_send_request
[2025-11-01 09:17:52] [STDERR]     conn = await self._connector.connect(
[2025-11-01 09:17:52] [STDERR]            ^^^^^^^^^^^^^^^^^^^^^^^^^^^^^^
[2025-11-01 09:17:52] [STDERR]   File "/opt/homebrew/Caskroom/miniconda/base/lib/python3.11/site-packages/aiohttp/connector.py", line 642, in connect
[2025-11-01 09:17:52] [STDERR]     proto = await self._create_connection(req, traces, timeout)
[2025-11-01 09:17:52] [STDERR]             ^^^^^^^^^^^^^^^^^^^^^^^^^^^^^^^^^^^^^^^^^^^^^^^^^^^
[2025-11-01 09:17:52] [STDERR]   File "/opt/homebrew/Caskroom/miniconda/base/lib/python3.11/site-packages/aiohttp/connector.py", line 1209, in _create_connection
[2025-11-01 09:17:52] [STDERR]     _, proto = await self._create_direct_connection(req, traces, timeout)
[2025-11-01 09:17:52] [STDERR]                ^^^^^^^^^^^^^^^^^^^^^^^^^^^^^^^^^^^^^^^^^^^^^^^^^^^^^^^^^^
[2025-11-01 09:17:52] [STDERR]   File "/opt/homebrew/Caskroom/miniconda/base/lib/python3.11/site-packages/aiohttp/connector.py", line 1581, in _create_direct_connection
[2025-11-01 09:17:52] [STDERR]     raise last_exc
[2025-11-01 09:17:52] [STDERR]   File "/opt/homebrew/Caskroom/miniconda/base/lib/python3.11/site-packages/aiohttp/connector.py", line 1550, in _create_direct_connection
[2025-11-01 09:17:52] [STDERR]     transp, proto = await self._wrap_create_connection(
[2025-11-01 09:17:52] [STDERR]                     ^^^^^^^^^^^^^^^^^^^^^^^^^^^^^^^^^^^
[2025-11-01 09:17:52] [STDERR]   File "/opt/homebrew/Caskroom/miniconda/base/lib/python3.11/site-packages/aiohttp/connector.py", line 1291, in _wrap_create_connection
[2025-11-01 09:17:52] [STDERR]     raise client_error(req.connection_key, exc) from exc
[2025-11-01 09:17:52] [STDERR] aiohttp.client_exceptions.ClientConnectorError: Cannot connect to host localhost:3100 ssl:default [Multiple exceptions: [Errno 61] Connect call failed ('::1', 3100, 0, 0), [Errno 61] Connect call failed ('127.0.0.1', 3100)]
[2025-11-01 09:17:57] [STDERR] 2025-11-01 09:17:57,740 - LokiExporter.loki-exporter - ERROR - Failed to export logs to Loki: Cannot connect to host localhost:3100 ssl:default [Multiple exceptions: [Errno 61] Connect call failed ('127.0.0.1', 3100), [Errno 61] Connect call failed ('::1', 3100, 0, 0)]
[2025-11-01 09:17:57] [STDERR] Traceback (most recent call last):
[2025-11-01 09:17:57] [STDERR]   File "/opt/homebrew/Caskroom/miniconda/base/lib/python3.11/site-packages/aiohttp/connector.py", line 1268, in _wrap_create_connection
[2025-11-01 09:17:57] [STDERR]     sock = await aiohappyeyeballs.start_connection(
[2025-11-01 09:17:57] [STDERR]            ^^^^^^^^^^^^^^^^^^^^^^^^^^^^^^^^^^^^^^^^
[2025-11-01 09:17:57] [STDERR]   File "/opt/homebrew/Caskroom/miniconda/base/lib/python3.11/site-packages/aiohappyeyeballs/impl.py", line 141, in start_connection
[2025-11-01 09:17:57] [STDERR]     raise OSError(first_errno, msg)
[2025-11-01 09:17:57] [STDERR] ConnectionRefusedError: [Errno 61] Multiple exceptions: [Errno 61] Connect call failed ('127.0.0.1', 3100), [Errno 61] Connect call failed ('::1', 3100, 0, 0)
[2025-11-01 09:17:57] [STDERR] 
[2025-11-01 09:17:57] [STDERR] The above exception was the direct cause of the following exception:
[2025-11-01 09:17:57] [STDERR] 
[2025-11-01 09:17:57] [STDERR] Traceback (most recent call last):
[2025-11-01 09:17:57] [STDERR]   File "/Users/leifmarkthaler/github/gleitzeit 0.0.7/src/gleitzeit/workers/loki_exporter_worker.py", line 251, in export_logs_to_loki
[2025-11-01 09:17:57] [STDERR]     async with self.session.post(
[2025-11-01 09:17:57] [STDERR]   File "/opt/homebrew/Caskroom/miniconda/base/lib/python3.11/site-packages/aiohttp/client.py", line 1488, in __aenter__
[2025-11-01 09:17:57] [STDERR]     self._resp: _RetType = await self._coro
[2025-11-01 09:17:57] [STDERR]                            ^^^^^^^^^^^^^^^^
[2025-11-01 09:17:57] [STDERR]   File "/opt/homebrew/Caskroom/miniconda/base/lib/python3.11/site-packages/aiohttp/client.py", line 770, in _request
[2025-11-01 09:17:57] [STDERR]     resp = await handler(req)
[2025-11-01 09:17:57] [STDERR]            ^^^^^^^^^^^^^^^^^^
[2025-11-01 09:17:57] [STDERR]   File "/opt/homebrew/Caskroom/miniconda/base/lib/python3.11/site-packages/aiohttp/client.py", line 725, in _connect_and_send_request
[2025-11-01 09:17:57] [STDERR]     conn = await self._connector.connect(
[2025-11-01 09:17:57] [STDERR]            ^^^^^^^^^^^^^^^^^^^^^^^^^^^^^^
[2025-11-01 09:17:57] [STDERR]   File "/opt/homebrew/Caskroom/miniconda/base/lib/python3.11/site-packages/aiohttp/connector.py", line 642, in connect
[2025-11-01 09:17:57] [STDERR]     proto = await self._create_connection(req, traces, timeout)
[2025-11-01 09:17:57] [STDERR]             ^^^^^^^^^^^^^^^^^^^^^^^^^^^^^^^^^^^^^^^^^^^^^^^^^^^
[2025-11-01 09:17:57] [STDERR]   File "/opt/homebrew/Caskroom/miniconda/base/lib/python3.11/site-packages/aiohttp/connector.py", line 1209, in _create_connection
[2025-11-01 09:17:57] [STDERR]     _, proto = await self._create_direct_connection(req, traces, timeout)
[2025-11-01 09:17:57] [STDERR]                ^^^^^^^^^^^^^^^^^^^^^^^^^^^^^^^^^^^^^^^^^^^^^^^^^^^^^^^^^^
[2025-11-01 09:17:57] [STDERR]   File "/opt/homebrew/Caskroom/miniconda/base/lib/python3.11/site-packages/aiohttp/connector.py", line 1581, in _create_direct_connection
[2025-11-01 09:17:57] [STDERR]     raise last_exc
[2025-11-01 09:17:57] [STDERR]   File "/opt/homebrew/Caskroom/miniconda/base/lib/python3.11/site-packages/aiohttp/connector.py", line 1550, in _create_direct_connection
[2025-11-01 09:17:57] [STDERR]     transp, proto = await self._wrap_create_connection(
[2025-11-01 09:17:57] [STDERR]                     ^^^^^^^^^^^^^^^^^^^^^^^^^^^^^^^^^^^
[2025-11-01 09:17:57] [STDERR]   File "/opt/homebrew/Caskroom/miniconda/base/lib/python3.11/site-packages/aiohttp/connector.py", line 1291, in _wrap_create_connection
[2025-11-01 09:17:57] [STDERR]     raise client_error(req.connection_key, exc) from exc
[2025-11-01 09:17:57] [STDERR] aiohttp.client_exceptions.ClientConnectorError: Cannot connect to host localhost:3100 ssl:default [Multiple exceptions: [Errno 61] Connect call failed ('127.0.0.1', 3100), [Errno 61] Connect call failed ('::1', 3100, 0, 0)]
[2025-11-01 09:18:02] [STDERR] 2025-11-01 09:18:02,781 - LokiExporter.loki-exporter - ERROR - Failed to export logs to Loki: Cannot connect to host localhost:3100 ssl:default [Multiple exceptions: [Errno 61] Connect call failed ('::1', 3100, 0, 0), [Errno 61] Connect call failed ('127.0.0.1', 3100)]
[2025-11-01 09:18:02] [STDERR] Traceback (most recent call last):
[2025-11-01 09:18:02] [STDERR]   File "/opt/homebrew/Caskroom/miniconda/base/lib/python3.11/site-packages/aiohttp/connector.py", line 1268, in _wrap_create_connection
[2025-11-01 09:18:02] [STDERR]     sock = await aiohappyeyeballs.start_connection(
[2025-11-01 09:18:02] [STDERR]            ^^^^^^^^^^^^^^^^^^^^^^^^^^^^^^^^^^^^^^^^
[2025-11-01 09:18:02] [STDERR]   File "/opt/homebrew/Caskroom/miniconda/base/lib/python3.11/site-packages/aiohappyeyeballs/impl.py", line 141, in start_connection
[2025-11-01 09:18:02] [STDERR]     raise OSError(first_errno, msg)
[2025-11-01 09:18:02] [STDERR] ConnectionRefusedError: [Errno 61] Multiple exceptions: [Errno 61] Connect call failed ('::1', 3100, 0, 0), [Errno 61] Connect call failed ('127.0.0.1', 3100)
[2025-11-01 09:18:02] [STDERR] 
[2025-11-01 09:18:02] [STDERR] The above exception was the direct cause of the following exception:
[2025-11-01 09:18:02] [STDERR] 
[2025-11-01 09:18:02] [STDERR] Traceback (most recent call last):
[2025-11-01 09:18:02] [STDERR]   File "/Users/leifmarkthaler/github/gleitzeit 0.0.7/src/gleitzeit/workers/loki_exporter_worker.py", line 251, in export_logs_to_loki
[2025-11-01 09:18:02] [STDERR]     async with self.session.post(
[2025-11-01 09:18:02] [STDERR]   File "/opt/homebrew/Caskroom/miniconda/base/lib/python3.11/site-packages/aiohttp/client.py", line 1488, in __aenter__
[2025-11-01 09:18:02] [STDERR]     self._resp: _RetType = await self._coro
[2025-11-01 09:18:02] [STDERR]                            ^^^^^^^^^^^^^^^^
[2025-11-01 09:18:02] [STDERR]   File "/opt/homebrew/Caskroom/miniconda/base/lib/python3.11/site-packages/aiohttp/client.py", line 770, in _request
[2025-11-01 09:18:02] [STDERR]     resp = await handler(req)
[2025-11-01 09:18:02] [STDERR]            ^^^^^^^^^^^^^^^^^^
[2025-11-01 09:18:02] [STDERR]   File "/opt/homebrew/Caskroom/miniconda/base/lib/python3.11/site-packages/aiohttp/client.py", line 725, in _connect_and_send_request
[2025-11-01 09:18:02] [STDERR]     conn = await self._connector.connect(
[2025-11-01 09:18:02] [STDERR]            ^^^^^^^^^^^^^^^^^^^^^^^^^^^^^^
[2025-11-01 09:18:02] [STDERR]   File "/opt/homebrew/Caskroom/miniconda/base/lib/python3.11/site-packages/aiohttp/connector.py", line 642, in connect
[2025-11-01 09:18:02] [STDERR]     proto = await self._create_connection(req, traces, timeout)
[2025-11-01 09:18:02] [STDERR]             ^^^^^^^^^^^^^^^^^^^^^^^^^^^^^^^^^^^^^^^^^^^^^^^^^^^
[2025-11-01 09:18:02] [STDERR]   File "/opt/homebrew/Caskroom/miniconda/base/lib/python3.11/site-packages/aiohttp/connector.py", line 1209, in _create_connection
[2025-11-01 09:18:02] [STDERR]     _, proto = await self._create_direct_connection(req, traces, timeout)
[2025-11-01 09:18:02] [STDERR]                ^^^^^^^^^^^^^^^^^^^^^^^^^^^^^^^^^^^^^^^^^^^^^^^^^^^^^^^^^^
[2025-11-01 09:18:02] [STDERR]   File "/opt/homebrew/Caskroom/miniconda/base/lib/python3.11/site-packages/aiohttp/connector.py", line 1581, in _create_direct_connection
[2025-11-01 09:18:02] [STDERR]     raise last_exc
[2025-11-01 09:18:02] [STDERR]   File "/opt/homebrew/Caskroom/miniconda/base/lib/python3.11/site-packages/aiohttp/connector.py", line 1550, in _create_direct_connection
[2025-11-01 09:18:02] [STDERR]     transp, proto = await self._wrap_create_connection(
[2025-11-01 09:18:02] [STDERR]                     ^^^^^^^^^^^^^^^^^^^^^^^^^^^^^^^^^^^
[2025-11-01 09:18:02] [STDERR]   File "/opt/homebrew/Caskroom/miniconda/base/lib/python3.11/site-packages/aiohttp/connector.py", line 1291, in _wrap_create_connection
[2025-11-01 09:18:02] [STDERR]     raise client_error(req.connection_key, exc) from exc
[2025-11-01 09:18:02] [STDERR] aiohttp.client_exceptions.ClientConnectorError: Cannot connect to host localhost:3100 ssl:default [Multiple exceptions: [Errno 61] Connect call failed ('::1', 3100, 0, 0), [Errno 61] Connect call failed ('127.0.0.1', 3100)]
[2025-11-01 09:18:07] [STDERR] 2025-11-01 09:18:07,817 - LokiExporter.loki-exporter - ERROR - Failed to export logs to Loki: Cannot connect to host localhost:3100 ssl:default [Multiple exceptions: [Errno 61] Connect call failed ('127.0.0.1', 3100), [Errno 61] Connect call failed ('::1', 3100, 0, 0)]
[2025-11-01 09:18:07] [STDERR] Traceback (most recent call last):
[2025-11-01 09:18:07] [STDERR]   File "/opt/homebrew/Caskroom/miniconda/base/lib/python3.11/site-packages/aiohttp/connector.py", line 1268, in _wrap_create_connection
[2025-11-01 09:18:07] [STDERR]     sock = await aiohappyeyeballs.start_connection(
[2025-11-01 09:18:07] [STDERR]            ^^^^^^^^^^^^^^^^^^^^^^^^^^^^^^^^^^^^^^^^
[2025-11-01 09:18:07] [STDERR]   File "/opt/homebrew/Caskroom/miniconda/base/lib/python3.11/site-packages/aiohappyeyeballs/impl.py", line 141, in start_connection
[2025-11-01 09:18:07] [STDERR]     raise OSError(first_errno, msg)
[2025-11-01 09:18:07] [STDERR] ConnectionRefusedError: [Errno 61] Multiple exceptions: [Errno 61] Connect call failed ('127.0.0.1', 3100), [Errno 61] Connect call failed ('::1', 3100, 0, 0)
[2025-11-01 09:18:07] [STDERR] 
[2025-11-01 09:18:07] [STDERR] The above exception was the direct cause of the following exception:
[2025-11-01 09:18:07] [STDERR] 
[2025-11-01 09:18:07] [STDERR] Traceback (most recent call last):
[2025-11-01 09:18:07] [STDERR]   File "/Users/leifmarkthaler/github/gleitzeit 0.0.7/src/gleitzeit/workers/loki_exporter_worker.py", line 251, in export_logs_to_loki
[2025-11-01 09:18:07] [STDERR]     async with self.session.post(
[2025-11-01 09:18:07] [STDERR]   File "/opt/homebrew/Caskroom/miniconda/base/lib/python3.11/site-packages/aiohttp/client.py", line 1488, in __aenter__
[2025-11-01 09:18:07] [STDERR]     self._resp: _RetType = await self._coro
[2025-11-01 09:18:07] [STDERR]                            ^^^^^^^^^^^^^^^^
[2025-11-01 09:18:07] [STDERR]   File "/opt/homebrew/Caskroom/miniconda/base/lib/python3.11/site-packages/aiohttp/client.py", line 770, in _request
[2025-11-01 09:18:07] [STDERR]     resp = await handler(req)
[2025-11-01 09:18:07] [STDERR]            ^^^^^^^^^^^^^^^^^^
[2025-11-01 09:18:07] [STDERR]   File "/opt/homebrew/Caskroom/miniconda/base/lib/python3.11/site-packages/aiohttp/client.py", line 725, in _connect_and_send_request
[2025-11-01 09:18:07] [STDERR]     conn = await self._connector.connect(
[2025-11-01 09:18:07] [STDERR]            ^^^^^^^^^^^^^^^^^^^^^^^^^^^^^^
[2025-11-01 09:18:07] [STDERR]   File "/opt/homebrew/Caskroom/miniconda/base/lib/python3.11/site-packages/aiohttp/connector.py", line 642, in connect
[2025-11-01 09:18:07] [STDERR]     proto = await self._create_connection(req, traces, timeout)
[2025-11-01 09:18:07] [STDERR]             ^^^^^^^^^^^^^^^^^^^^^^^^^^^^^^^^^^^^^^^^^^^^^^^^^^^
[2025-11-01 09:18:07] [STDERR]   File "/opt/homebrew/Caskroom/miniconda/base/lib/python3.11/site-packages/aiohttp/connector.py", line 1209, in _create_connection
[2025-11-01 09:18:07] [STDERR]     _, proto = await self._create_direct_connection(req, traces, timeout)
[2025-11-01 09:18:07] [STDERR]                ^^^^^^^^^^^^^^^^^^^^^^^^^^^^^^^^^^^^^^^^^^^^^^^^^^^^^^^^^^
[2025-11-01 09:18:07] [STDERR]   File "/opt/homebrew/Caskroom/miniconda/base/lib/python3.11/site-packages/aiohttp/connector.py", line 1581, in _create_direct_connection
[2025-11-01 09:18:07] [STDERR]     raise last_exc
[2025-11-01 09:18:07] [STDERR]   File "/opt/homebrew/Caskroom/miniconda/base/lib/python3.11/site-packages/aiohttp/connector.py", line 1550, in _create_direct_connection
[2025-11-01 09:18:07] [STDERR]     transp, proto = await self._wrap_create_connection(
[2025-11-01 09:18:07] [STDERR]                     ^^^^^^^^^^^^^^^^^^^^^^^^^^^^^^^^^^^
[2025-11-01 09:18:07] [STDERR]   File "/opt/homebrew/Caskroom/miniconda/base/lib/python3.11/site-packages/aiohttp/connector.py", line 1291, in _wrap_create_connection
[2025-11-01 09:18:07] [STDERR]     raise client_error(req.connection_key, exc) from exc
[2025-11-01 09:18:07] [STDERR] aiohttp.client_exceptions.ClientConnectorError: Cannot connect to host localhost:3100 ssl:default [Multiple exceptions: [Errno 61] Connect call failed ('127.0.0.1', 3100), [Errno 61] Connect call failed ('::1', 3100, 0, 0)]
[2025-11-01 09:18:12] [STDERR] 2025-11-01 09:18:12,852 - LokiExporter.loki-exporter - ERROR - Failed to export logs to Loki: Cannot connect to host localhost:3100 ssl:default [Multiple exceptions: [Errno 61] Connect call failed ('::1', 3100, 0, 0), [Errno 61] Connect call failed ('127.0.0.1', 3100)]
[2025-11-01 09:18:12] [STDERR] Traceback (most recent call last):
[2025-11-01 09:18:12] [STDERR]   File "/opt/homebrew/Caskroom/miniconda/base/lib/python3.11/site-packages/aiohttp/connector.py", line 1268, in _wrap_create_connection
[2025-11-01 09:18:12] [STDERR]     sock = await aiohappyeyeballs.start_connection(
[2025-11-01 09:18:12] [STDERR]            ^^^^^^^^^^^^^^^^^^^^^^^^^^^^^^^^^^^^^^^^
[2025-11-01 09:18:12] [STDERR]   File "/opt/homebrew/Caskroom/miniconda/base/lib/python3.11/site-packages/aiohappyeyeballs/impl.py", line 141, in start_connection
[2025-11-01 09:18:12] [STDERR]     raise OSError(first_errno, msg)
[2025-11-01 09:18:12] [STDERR] ConnectionRefusedError: [Errno 61] Multiple exceptions: [Errno 61] Connect call failed ('::1', 3100, 0, 0), [Errno 61] Connect call failed ('127.0.0.1', 3100)
[2025-11-01 09:18:12] [STDERR] 
[2025-11-01 09:18:12] [STDERR] The above exception was the direct cause of the following exception:
[2025-11-01 09:18:12] [STDERR] 
[2025-11-01 09:18:12] [STDERR] Traceback (most recent call last):
[2025-11-01 09:18:12] [STDERR]   File "/Users/leifmarkthaler/github/gleitzeit 0.0.7/src/gleitzeit/workers/loki_exporter_worker.py", line 251, in export_logs_to_loki
[2025-11-01 09:18:12] [STDERR]     async with self.session.post(
[2025-11-01 09:18:12] [STDERR]   File "/opt/homebrew/Caskroom/miniconda/base/lib/python3.11/site-packages/aiohttp/client.py", line 1488, in __aenter__
[2025-11-01 09:18:12] [STDERR]     self._resp: _RetType = await self._coro
[2025-11-01 09:18:12] [STDERR]                            ^^^^^^^^^^^^^^^^
[2025-11-01 09:18:12] [STDERR]   File "/opt/homebrew/Caskroom/miniconda/base/lib/python3.11/site-packages/aiohttp/client.py", line 770, in _request
[2025-11-01 09:18:12] [STDERR]     resp = await handler(req)
[2025-11-01 09:18:12] [STDERR]            ^^^^^^^^^^^^^^^^^^
[2025-11-01 09:18:12] [STDERR]   File "/opt/homebrew/Caskroom/miniconda/base/lib/python3.11/site-packages/aiohttp/client.py", line 725, in _connect_and_send_request
[2025-11-01 09:18:12] [STDERR]     conn = await self._connector.connect(
[2025-11-01 09:18:12] [STDERR]            ^^^^^^^^^^^^^^^^^^^^^^^^^^^^^^
[2025-11-01 09:18:12] [STDERR]   File "/opt/homebrew/Caskroom/miniconda/base/lib/python3.11/site-packages/aiohttp/connector.py", line 642, in connect
[2025-11-01 09:18:12] [STDERR]     proto = await self._create_connection(req, traces, timeout)
[2025-11-01 09:18:12] [STDERR]             ^^^^^^^^^^^^^^^^^^^^^^^^^^^^^^^^^^^^^^^^^^^^^^^^^^^
[2025-11-01 09:18:12] [STDERR]   File "/opt/homebrew/Caskroom/miniconda/base/lib/python3.11/site-packages/aiohttp/connector.py", line 1209, in _create_connection
[2025-11-01 09:18:12] [STDERR]     _, proto = await self._create_direct_connection(req, traces, timeout)
[2025-11-01 09:18:12] [STDERR]                ^^^^^^^^^^^^^^^^^^^^^^^^^^^^^^^^^^^^^^^^^^^^^^^^^^^^^^^^^^
[2025-11-01 09:18:12] [STDERR]   File "/opt/homebrew/Caskroom/miniconda/base/lib/python3.11/site-packages/aiohttp/connector.py", line 1581, in _create_direct_connection
[2025-11-01 09:18:12] [STDERR]     raise last_exc
[2025-11-01 09:18:12] [STDERR]   File "/opt/homebrew/Caskroom/miniconda/base/lib/python3.11/site-packages/aiohttp/connector.py", line 1550, in _create_direct_connection
[2025-11-01 09:18:12] [STDERR]     transp, proto = await self._wrap_create_connection(
[2025-11-01 09:18:12] [STDERR]                     ^^^^^^^^^^^^^^^^^^^^^^^^^^^^^^^^^^^
[2025-11-01 09:18:12] [STDERR]   File "/opt/homebrew/Caskroom/miniconda/base/lib/python3.11/site-packages/aiohttp/connector.py", line 1291, in _wrap_create_connection
[2025-11-01 09:18:12] [STDERR]     raise client_error(req.connection_key, exc) from exc
[2025-11-01 09:18:12] [STDERR] aiohttp.client_exceptions.ClientConnectorError: Cannot connect to host localhost:3100 ssl:default [Multiple exceptions: [Errno 61] Connect call failed ('::1', 3100, 0, 0), [Errno 61] Connect call failed ('127.0.0.1', 3100)]
[2025-11-01 09:18:17] [STDERR] 2025-11-01 09:18:17,884 - LokiExporter.loki-exporter - ERROR - Failed to export logs to Loki: Cannot connect to host localhost:3100 ssl:default [Multiple exceptions: [Errno 61] Connect call failed ('127.0.0.1', 3100), [Errno 61] Connect call failed ('::1', 3100, 0, 0)]
[2025-11-01 09:18:17] [STDERR] Traceback (most recent call last):
[2025-11-01 09:18:17] [STDERR]   File "/opt/homebrew/Caskroom/miniconda/base/lib/python3.11/site-packages/aiohttp/connector.py", line 1268, in _wrap_create_connection
[2025-11-01 09:18:17] [STDERR]     sock = await aiohappyeyeballs.start_connection(
[2025-11-01 09:18:17] [STDERR]            ^^^^^^^^^^^^^^^^^^^^^^^^^^^^^^^^^^^^^^^^
[2025-11-01 09:18:17] [STDERR]   File "/opt/homebrew/Caskroom/miniconda/base/lib/python3.11/site-packages/aiohappyeyeballs/impl.py", line 141, in start_connection
[2025-11-01 09:18:17] [STDERR]     raise OSError(first_errno, msg)
[2025-11-01 09:18:17] [STDERR] ConnectionRefusedError: [Errno 61] Multiple exceptions: [Errno 61] Connect call failed ('127.0.0.1', 3100), [Errno 61] Connect call failed ('::1', 3100, 0, 0)
[2025-11-01 09:18:17] [STDERR] 
[2025-11-01 09:18:17] [STDERR] The above exception was the direct cause of the following exception:
[2025-11-01 09:18:17] [STDERR] 
[2025-11-01 09:18:17] [STDERR] Traceback (most recent call last):
[2025-11-01 09:18:17] [STDERR]   File "/Users/leifmarkthaler/github/gleitzeit 0.0.7/src/gleitzeit/workers/loki_exporter_worker.py", line 251, in export_logs_to_loki
[2025-11-01 09:18:17] [STDERR]     async with self.session.post(
[2025-11-01 09:18:17] [STDERR]   File "/opt/homebrew/Caskroom/miniconda/base/lib/python3.11/site-packages/aiohttp/client.py", line 1488, in __aenter__
[2025-11-01 09:18:17] [STDERR]     self._resp: _RetType = await self._coro
[2025-11-01 09:18:17] [STDERR]                            ^^^^^^^^^^^^^^^^
[2025-11-01 09:18:17] [STDERR]   File "/opt/homebrew/Caskroom/miniconda/base/lib/python3.11/site-packages/aiohttp/client.py", line 770, in _request
[2025-11-01 09:18:17] [STDERR]     resp = await handler(req)
[2025-11-01 09:18:17] [STDERR]            ^^^^^^^^^^^^^^^^^^
[2025-11-01 09:18:17] [STDERR]   File "/opt/homebrew/Caskroom/miniconda/base/lib/python3.11/site-packages/aiohttp/client.py", line 725, in _connect_and_send_request
[2025-11-01 09:18:17] [STDERR]     conn = await self._connector.connect(
[2025-11-01 09:18:17] [STDERR]            ^^^^^^^^^^^^^^^^^^^^^^^^^^^^^^
[2025-11-01 09:18:17] [STDERR]   File "/opt/homebrew/Caskroom/miniconda/base/lib/python3.11/site-packages/aiohttp/connector.py", line 642, in connect
[2025-11-01 09:18:17] [STDERR]     proto = await self._create_connection(req, traces, timeout)
[2025-11-01 09:18:17] [STDERR]             ^^^^^^^^^^^^^^^^^^^^^^^^^^^^^^^^^^^^^^^^^^^^^^^^^^^
[2025-11-01 09:18:17] [STDERR]   File "/opt/homebrew/Caskroom/miniconda/base/lib/python3.11/site-packages/aiohttp/connector.py", line 1209, in _create_connection
[2025-11-01 09:18:17] [STDERR]     _, proto = await self._create_direct_connection(req, traces, timeout)
[2025-11-01 09:18:17] [STDERR]                ^^^^^^^^^^^^^^^^^^^^^^^^^^^^^^^^^^^^^^^^^^^^^^^^^^^^^^^^^^
[2025-11-01 09:18:17] [STDERR]   File "/opt/homebrew/Caskroom/miniconda/base/lib/python3.11/site-packages/aiohttp/connector.py", line 1581, in _create_direct_connection
[2025-11-01 09:18:17] [STDERR]     raise last_exc
[2025-11-01 09:18:17] [STDERR]   File "/opt/homebrew/Caskroom/miniconda/base/lib/python3.11/site-packages/aiohttp/connector.py", line 1550, in _create_direct_connection
[2025-11-01 09:18:17] [STDERR]     transp, proto = await self._wrap_create_connection(
[2025-11-01 09:18:17] [STDERR]                     ^^^^^^^^^^^^^^^^^^^^^^^^^^^^^^^^^^^
[2025-11-01 09:18:17] [STDERR]   File "/opt/homebrew/Caskroom/miniconda/base/lib/python3.11/site-packages/aiohttp/connector.py", line 1291, in _wrap_create_connection
[2025-11-01 09:18:17] [STDERR]     raise client_error(req.connection_key, exc) from exc
[2025-11-01 09:18:17] [STDERR] aiohttp.client_exceptions.ClientConnectorError: Cannot connect to host localhost:3100 ssl:default [Multiple exceptions: [Errno 61] Connect call failed ('127.0.0.1', 3100), [Errno 61] Connect call failed ('::1', 3100, 0, 0)]
[2025-11-01 09:18:22] [STDERR] 2025-11-01 09:18:22,925 - LokiExporter.loki-exporter - ERROR - Failed to export logs to Loki: Cannot connect to host localhost:3100 ssl:default [Multiple exceptions: [Errno 61] Connect call failed ('::1', 3100, 0, 0), [Errno 61] Connect call failed ('127.0.0.1', 3100)]
[2025-11-01 09:18:22] [STDERR] Traceback (most recent call last):
[2025-11-01 09:18:22] [STDERR]   File "/opt/homebrew/Caskroom/miniconda/base/lib/python3.11/site-packages/aiohttp/connector.py", line 1268, in _wrap_create_connection
[2025-11-01 09:18:22] [STDERR]     sock = await aiohappyeyeballs.start_connection(
[2025-11-01 09:18:22] [STDERR]            ^^^^^^^^^^^^^^^^^^^^^^^^^^^^^^^^^^^^^^^^
[2025-11-01 09:18:22] [STDERR]   File "/opt/homebrew/Caskroom/miniconda/base/lib/python3.11/site-packages/aiohappyeyeballs/impl.py", line 141, in start_connection
[2025-11-01 09:18:22] [STDERR]     raise OSError(first_errno, msg)
[2025-11-01 09:18:22] [STDERR] ConnectionRefusedError: [Errno 61] Multiple exceptions: [Errno 61] Connect call failed ('::1', 3100, 0, 0), [Errno 61] Connect call failed ('127.0.0.1', 3100)
[2025-11-01 09:18:22] [STDERR] 
[2025-11-01 09:18:22] [STDERR] The above exception was the direct cause of the following exception:
[2025-11-01 09:18:22] [STDERR] 
[2025-11-01 09:18:22] [STDERR] Traceback (most recent call last):
[2025-11-01 09:18:22] [STDERR]   File "/Users/leifmarkthaler/github/gleitzeit 0.0.7/src/gleitzeit/workers/loki_exporter_worker.py", line 251, in export_logs_to_loki
[2025-11-01 09:18:22] [STDERR]     async with self.session.post(
[2025-11-01 09:18:22] [STDERR]   File "/opt/homebrew/Caskroom/miniconda/base/lib/python3.11/site-packages/aiohttp/client.py", line 1488, in __aenter__
[2025-11-01 09:18:22] [STDERR]     self._resp: _RetType = await self._coro
[2025-11-01 09:18:22] [STDERR]                            ^^^^^^^^^^^^^^^^
[2025-11-01 09:18:22] [STDERR]   File "/opt/homebrew/Caskroom/miniconda/base/lib/python3.11/site-packages/aiohttp/client.py", line 770, in _request
[2025-11-01 09:18:22] [STDERR]     resp = await handler(req)
[2025-11-01 09:18:22] [STDERR]            ^^^^^^^^^^^^^^^^^^
[2025-11-01 09:18:22] [STDERR]   File "/opt/homebrew/Caskroom/miniconda/base/lib/python3.11/site-packages/aiohttp/client.py", line 725, in _connect_and_send_request
[2025-11-01 09:18:22] [STDERR]     conn = await self._connector.connect(
[2025-11-01 09:18:22] [STDERR]            ^^^^^^^^^^^^^^^^^^^^^^^^^^^^^^
[2025-11-01 09:18:22] [STDERR]   File "/opt/homebrew/Caskroom/miniconda/base/lib/python3.11/site-packages/aiohttp/connector.py", line 642, in connect
[2025-11-01 09:18:22] [STDERR]     proto = await self._create_connection(req, traces, timeout)
[2025-11-01 09:18:22] [STDERR]             ^^^^^^^^^^^^^^^^^^^^^^^^^^^^^^^^^^^^^^^^^^^^^^^^^^^
[2025-11-01 09:18:22] [STDERR]   File "/opt/homebrew/Caskroom/miniconda/base/lib/python3.11/site-packages/aiohttp/connector.py", line 1209, in _create_connection
[2025-11-01 09:18:22] [STDERR]     _, proto = await self._create_direct_connection(req, traces, timeout)
[2025-11-01 09:18:22] [STDERR]                ^^^^^^^^^^^^^^^^^^^^^^^^^^^^^^^^^^^^^^^^^^^^^^^^^^^^^^^^^^
[2025-11-01 09:18:22] [STDERR]   File "/opt/homebrew/Caskroom/miniconda/base/lib/python3.11/site-packages/aiohttp/connector.py", line 1581, in _create_direct_connection
[2025-11-01 09:18:22] [STDERR]     raise last_exc
[2025-11-01 09:18:22] [STDERR]   File "/opt/homebrew/Caskroom/miniconda/base/lib/python3.11/site-packages/aiohttp/connector.py", line 1550, in _create_direct_connection
[2025-11-01 09:18:22] [STDERR]     transp, proto = await self._wrap_create_connection(
[2025-11-01 09:18:22] [STDERR]                     ^^^^^^^^^^^^^^^^^^^^^^^^^^^^^^^^^^^
[2025-11-01 09:18:22] [STDERR]   File "/opt/homebrew/Caskroom/miniconda/base/lib/python3.11/site-packages/aiohttp/connector.py", line 1291, in _wrap_create_connection
[2025-11-01 09:18:22] [STDERR]     raise client_error(req.connection_key, exc) from exc
[2025-11-01 09:18:22] [STDERR] aiohttp.client_exceptions.ClientConnectorError: Cannot connect to host localhost:3100 ssl:default [Multiple exceptions: [Errno 61] Connect call failed ('::1', 3100, 0, 0), [Errno 61] Connect call failed ('127.0.0.1', 3100)]
[2025-11-01 09:18:27] [STDERR] 2025-11-01 09:18:27,954 - LokiExporter.loki-exporter - ERROR - Failed to export logs to Loki: Cannot connect to host localhost:3100 ssl:default [Multiple exceptions: [Errno 61] Connect call failed ('127.0.0.1', 3100), [Errno 61] Connect call failed ('::1', 3100, 0, 0)]
[2025-11-01 09:18:27] [STDERR] Traceback (most recent call last):
[2025-11-01 09:18:27] [STDERR]   File "/opt/homebrew/Caskroom/miniconda/base/lib/python3.11/site-packages/aiohttp/connector.py", line 1268, in _wrap_create_connection
[2025-11-01 09:18:27] [STDERR]     sock = await aiohappyeyeballs.start_connection(
[2025-11-01 09:18:27] [STDERR]            ^^^^^^^^^^^^^^^^^^^^^^^^^^^^^^^^^^^^^^^^
[2025-11-01 09:18:27] [STDERR]   File "/opt/homebrew/Caskroom/miniconda/base/lib/python3.11/site-packages/aiohappyeyeballs/impl.py", line 141, in start_connection
[2025-11-01 09:18:27] [STDERR]     raise OSError(first_errno, msg)
[2025-11-01 09:18:27] [STDERR] ConnectionRefusedError: [Errno 61] Multiple exceptions: [Errno 61] Connect call failed ('127.0.0.1', 3100), [Errno 61] Connect call failed ('::1', 3100, 0, 0)
[2025-11-01 09:18:27] [STDERR] 
[2025-11-01 09:18:27] [STDERR] The above exception was the direct cause of the following exception:
[2025-11-01 09:18:27] [STDERR] 
[2025-11-01 09:18:27] [STDERR] Traceback (most recent call last):
[2025-11-01 09:18:27] [STDERR]   File "/Users/leifmarkthaler/github/gleitzeit 0.0.7/src/gleitzeit/workers/loki_exporter_worker.py", line 251, in export_logs_to_loki
[2025-11-01 09:18:27] [STDERR]     async with self.session.post(
[2025-11-01 09:18:27] [STDERR]   File "/opt/homebrew/Caskroom/miniconda/base/lib/python3.11/site-packages/aiohttp/client.py", line 1488, in __aenter__
[2025-11-01 09:18:27] [STDERR]     self._resp: _RetType = await self._coro
[2025-11-01 09:18:27] [STDERR]                            ^^^^^^^^^^^^^^^^
[2025-11-01 09:18:27] [STDERR]   File "/opt/homebrew/Caskroom/miniconda/base/lib/python3.11/site-packages/aiohttp/client.py", line 770, in _request
[2025-11-01 09:18:27] [STDERR]     resp = await handler(req)
[2025-11-01 09:18:27] [STDERR]            ^^^^^^^^^^^^^^^^^^
[2025-11-01 09:18:27] [STDERR]   File "/opt/homebrew/Caskroom/miniconda/base/lib/python3.11/site-packages/aiohttp/client.py", line 725, in _connect_and_send_request
[2025-11-01 09:18:27] [STDERR]     conn = await self._connector.connect(
[2025-11-01 09:18:27] [STDERR]            ^^^^^^^^^^^^^^^^^^^^^^^^^^^^^^
[2025-11-01 09:18:27] [STDERR]   File "/opt/homebrew/Caskroom/miniconda/base/lib/python3.11/site-packages/aiohttp/connector.py", line 642, in connect
[2025-11-01 09:18:27] [STDERR]     proto = await self._create_connection(req, traces, timeout)
[2025-11-01 09:18:27] [STDERR]             ^^^^^^^^^^^^^^^^^^^^^^^^^^^^^^^^^^^^^^^^^^^^^^^^^^^
[2025-11-01 09:18:27] [STDERR]   File "/opt/homebrew/Caskroom/miniconda/base/lib/python3.11/site-packages/aiohttp/connector.py", line 1209, in _create_connection
[2025-11-01 09:18:27] [STDERR]     _, proto = await self._create_direct_connection(req, traces, timeout)
[2025-11-01 09:18:27] [STDERR]                ^^^^^^^^^^^^^^^^^^^^^^^^^^^^^^^^^^^^^^^^^^^^^^^^^^^^^^^^^^
[2025-11-01 09:18:27] [STDERR]   File "/opt/homebrew/Caskroom/miniconda/base/lib/python3.11/site-packages/aiohttp/connector.py", line 1581, in _create_direct_connection
[2025-11-01 09:18:27] [STDERR]     raise last_exc
[2025-11-01 09:18:27] [STDERR]   File "/opt/homebrew/Caskroom/miniconda/base/lib/python3.11/site-packages/aiohttp/connector.py", line 1550, in _create_direct_connection
[2025-11-01 09:18:27] [STDERR]     transp, proto = await self._wrap_create_connection(
[2025-11-01 09:18:27] [STDERR]                     ^^^^^^^^^^^^^^^^^^^^^^^^^^^^^^^^^^^
[2025-11-01 09:18:27] [STDERR]   File "/opt/homebrew/Caskroom/miniconda/base/lib/python3.11/site-packages/aiohttp/connector.py", line 1291, in _wrap_create_connection
[2025-11-01 09:18:27] [STDERR]     raise client_error(req.connection_key, exc) from exc
[2025-11-01 09:18:27] [STDERR] aiohttp.client_exceptions.ClientConnectorError: Cannot connect to host localhost:3100 ssl:default [Multiple exceptions: [Errno 61] Connect call failed ('127.0.0.1', 3100), [Errno 61] Connect call failed ('::1', 3100, 0, 0)]
[2025-11-01 09:18:32] [STDERR] 2025-11-01 09:18:32,995 - LokiExporter.loki-exporter - ERROR - Failed to export logs to Loki: Cannot connect to host localhost:3100 ssl:default [Multiple exceptions: [Errno 61] Connect call failed ('::1', 3100, 0, 0), [Errno 61] Connect call failed ('127.0.0.1', 3100)]
[2025-11-01 09:18:32] [STDERR] Traceback (most recent call last):
[2025-11-01 09:18:32] [STDERR]   File "/opt/homebrew/Caskroom/miniconda/base/lib/python3.11/site-packages/aiohttp/connector.py", line 1268, in _wrap_create_connection
[2025-11-01 09:18:32] [STDERR]     sock = await aiohappyeyeballs.start_connection(
[2025-11-01 09:18:32] [STDERR]            ^^^^^^^^^^^^^^^^^^^^^^^^^^^^^^^^^^^^^^^^
[2025-11-01 09:18:32] [STDERR]   File "/opt/homebrew/Caskroom/miniconda/base/lib/python3.11/site-packages/aiohappyeyeballs/impl.py", line 141, in start_connection
[2025-11-01 09:18:32] [STDERR]     raise OSError(first_errno, msg)
[2025-11-01 09:18:32] [STDERR] ConnectionRefusedError: [Errno 61] Multiple exceptions: [Errno 61] Connect call failed ('::1', 3100, 0, 0), [Errno 61] Connect call failed ('127.0.0.1', 3100)
[2025-11-01 09:18:32] [STDERR] 
[2025-11-01 09:18:32] [STDERR] The above exception was the direct cause of the following exception:
[2025-11-01 09:18:32] [STDERR] 
[2025-11-01 09:18:32] [STDERR] Traceback (most recent call last):
[2025-11-01 09:18:32] [STDERR]   File "/Users/leifmarkthaler/github/gleitzeit 0.0.7/src/gleitzeit/workers/loki_exporter_worker.py", line 251, in export_logs_to_loki
[2025-11-01 09:18:32] [STDERR]     async with self.session.post(
[2025-11-01 09:18:32] [STDERR]   File "/opt/homebrew/Caskroom/miniconda/base/lib/python3.11/site-packages/aiohttp/client.py", line 1488, in __aenter__
[2025-11-01 09:18:32] [STDERR]     self._resp: _RetType = await self._coro
[2025-11-01 09:18:32] [STDERR]                            ^^^^^^^^^^^^^^^^
[2025-11-01 09:18:32] [STDERR]   File "/opt/homebrew/Caskroom/miniconda/base/lib/python3.11/site-packages/aiohttp/client.py", line 770, in _request
[2025-11-01 09:18:32] [STDERR]     resp = await handler(req)
[2025-11-01 09:18:32] [STDERR]            ^^^^^^^^^^^^^^^^^^
[2025-11-01 09:18:32] [STDERR]   File "/opt/homebrew/Caskroom/miniconda/base/lib/python3.11/site-packages/aiohttp/client.py", line 725, in _connect_and_send_request
[2025-11-01 09:18:32] [STDERR]     conn = await self._connector.connect(
[2025-11-01 09:18:32] [STDERR]            ^^^^^^^^^^^^^^^^^^^^^^^^^^^^^^
[2025-11-01 09:18:32] [STDERR]   File "/opt/homebrew/Caskroom/miniconda/base/lib/python3.11/site-packages/aiohttp/connector.py", line 642, in connect
[2025-11-01 09:18:32] [STDERR]     proto = await self._create_connection(req, traces, timeout)
[2025-11-01 09:18:32] [STDERR]             ^^^^^^^^^^^^^^^^^^^^^^^^^^^^^^^^^^^^^^^^^^^^^^^^^^^
[2025-11-01 09:18:32] [STDERR]   File "/opt/homebrew/Caskroom/miniconda/base/lib/python3.11/site-packages/aiohttp/connector.py", line 1209, in _create_connection
[2025-11-01 09:18:32] [STDERR]     _, proto = await self._create_direct_connection(req, traces, timeout)
[2025-11-01 09:18:32] [STDERR]                ^^^^^^^^^^^^^^^^^^^^^^^^^^^^^^^^^^^^^^^^^^^^^^^^^^^^^^^^^^
[2025-11-01 09:18:32] [STDERR]   File "/opt/homebrew/Caskroom/miniconda/base/lib/python3.11/site-packages/aiohttp/connector.py", line 1581, in _create_direct_connection
[2025-11-01 09:18:32] [STDERR]     raise last_exc
[2025-11-01 09:18:32] [STDERR]   File "/opt/homebrew/Caskroom/miniconda/base/lib/python3.11/site-packages/aiohttp/connector.py", line 1550, in _create_direct_connection
[2025-11-01 09:18:32] [STDERR]     transp, proto = await self._wrap_create_connection(
[2025-11-01 09:18:32] [STDERR]                     ^^^^^^^^^^^^^^^^^^^^^^^^^^^^^^^^^^^
[2025-11-01 09:18:32] [STDERR]   File "/opt/homebrew/Caskroom/miniconda/base/lib/python3.11/site-packages/aiohttp/connector.py", line 1291, in _wrap_create_connection
[2025-11-01 09:18:32] [STDERR]     raise client_error(req.connection_key, exc) from exc
[2025-11-01 09:18:32] [STDERR] aiohttp.client_exceptions.ClientConnectorError: Cannot connect to host localhost:3100 ssl:default [Multiple exceptions: [Errno 61] Connect call failed ('::1', 3100, 0, 0), [Errno 61] Connect call failed ('127.0.0.1', 3100)]
[2025-11-01 09:18:38] [STDERR] 2025-11-01 09:18:38,038 - LokiExporter.loki-exporter - ERROR - Failed to export logs to Loki: Cannot connect to host localhost:3100 ssl:default [Multiple exceptions: [Errno 61] Connect call failed ('127.0.0.1', 3100), [Errno 61] Connect call failed ('::1', 3100, 0, 0)]
[2025-11-01 09:18:38] [STDERR] Traceback (most recent call last):
[2025-11-01 09:18:38] [STDERR]   File "/opt/homebrew/Caskroom/miniconda/base/lib/python3.11/site-packages/aiohttp/connector.py", line 1268, in _wrap_create_connection
[2025-11-01 09:18:38] [STDERR]     sock = await aiohappyeyeballs.start_connection(
[2025-11-01 09:18:38] [STDERR]            ^^^^^^^^^^^^^^^^^^^^^^^^^^^^^^^^^^^^^^^^
[2025-11-01 09:18:38] [STDERR]   File "/opt/homebrew/Caskroom/miniconda/base/lib/python3.11/site-packages/aiohappyeyeballs/impl.py", line 141, in start_connection
[2025-11-01 09:18:38] [STDERR]     raise OSError(first_errno, msg)
[2025-11-01 09:18:38] [STDERR] ConnectionRefusedError: [Errno 61] Multiple exceptions: [Errno 61] Connect call failed ('127.0.0.1', 3100), [Errno 61] Connect call failed ('::1', 3100, 0, 0)
[2025-11-01 09:18:38] [STDERR] 
[2025-11-01 09:18:38] [STDERR] The above exception was the direct cause of the following exception:
[2025-11-01 09:18:38] [STDERR] 
[2025-11-01 09:18:38] [STDERR] Traceback (most recent call last):
[2025-11-01 09:18:38] [STDERR]   File "/Users/leifmarkthaler/github/gleitzeit 0.0.7/src/gleitzeit/workers/loki_exporter_worker.py", line 251, in export_logs_to_loki
[2025-11-01 09:18:38] [STDERR]     async with self.session.post(
[2025-11-01 09:18:38] [STDERR]   File "/opt/homebrew/Caskroom/miniconda/base/lib/python3.11/site-packages/aiohttp/client.py", line 1488, in __aenter__
[2025-11-01 09:18:38] [STDERR]     self._resp: _RetType = await self._coro
[2025-11-01 09:18:38] [STDERR]                            ^^^^^^^^^^^^^^^^
[2025-11-01 09:18:38] [STDERR]   File "/opt/homebrew/Caskroom/miniconda/base/lib/python3.11/site-packages/aiohttp/client.py", line 770, in _request
[2025-11-01 09:18:38] [STDERR]     resp = await handler(req)
[2025-11-01 09:18:38] [STDERR]            ^^^^^^^^^^^^^^^^^^
[2025-11-01 09:18:38] [STDERR]   File "/opt/homebrew/Caskroom/miniconda/base/lib/python3.11/site-packages/aiohttp/client.py", line 725, in _connect_and_send_request
[2025-11-01 09:18:38] [STDERR]     conn = await self._connector.connect(
[2025-11-01 09:18:38] [STDERR]            ^^^^^^^^^^^^^^^^^^^^^^^^^^^^^^
[2025-11-01 09:18:38] [STDERR]   File "/opt/homebrew/Caskroom/miniconda/base/lib/python3.11/site-packages/aiohttp/connector.py", line 642, in connect
[2025-11-01 09:18:38] [STDERR]     proto = await self._create_connection(req, traces, timeout)
[2025-11-01 09:18:38] [STDERR]             ^^^^^^^^^^^^^^^^^^^^^^^^^^^^^^^^^^^^^^^^^^^^^^^^^^^
[2025-11-01 09:18:38] [STDERR]   File "/opt/homebrew/Caskroom/miniconda/base/lib/python3.11/site-packages/aiohttp/connector.py", line 1209, in _create_connection
[2025-11-01 09:18:38] [STDERR]     _, proto = await self._create_direct_connection(req, traces, timeout)
[2025-11-01 09:18:38] [STDERR]                ^^^^^^^^^^^^^^^^^^^^^^^^^^^^^^^^^^^^^^^^^^^^^^^^^^^^^^^^^^
[2025-11-01 09:18:38] [STDERR]   File "/opt/homebrew/Caskroom/miniconda/base/lib/python3.11/site-packages/aiohttp/connector.py", line 1581, in _create_direct_connection
[2025-11-01 09:18:38] [STDERR]     raise last_exc
[2025-11-01 09:18:38] [STDERR]   File "/opt/homebrew/Caskroom/miniconda/base/lib/python3.11/site-packages/aiohttp/connector.py", line 1550, in _create_direct_connection
[2025-11-01 09:18:38] [STDERR]     transp, proto = await self._wrap_create_connection(
[2025-11-01 09:18:38] [STDERR]                     ^^^^^^^^^^^^^^^^^^^^^^^^^^^^^^^^^^^
[2025-11-01 09:18:38] [STDERR]   File "/opt/homebrew/Caskroom/miniconda/base/lib/python3.11/site-packages/aiohttp/connector.py", line 1291, in _wrap_create_connection
[2025-11-01 09:18:38] [STDERR]     raise client_error(req.connection_key, exc) from exc
[2025-11-01 09:18:38] [STDERR] aiohttp.client_exceptions.ClientConnectorError: Cannot connect to host localhost:3100 ssl:default [Multiple exceptions: [Errno 61] Connect call failed ('127.0.0.1', 3100), [Errno 61] Connect call failed ('::1', 3100, 0, 0)]
[2025-11-01 09:18:43] [STDERR] 2025-11-01 09:18:43,079 - LokiExporter.loki-exporter - ERROR - Failed to export logs to Loki: Cannot connect to host localhost:3100 ssl:default [Multiple exceptions: [Errno 61] Connect call failed ('::1', 3100, 0, 0), [Errno 61] Connect call failed ('127.0.0.1', 3100)]
[2025-11-01 09:18:43] [STDERR] Traceback (most recent call last):
[2025-11-01 09:18:43] [STDERR]   File "/opt/homebrew/Caskroom/miniconda/base/lib/python3.11/site-packages/aiohttp/connector.py", line 1268, in _wrap_create_connection
[2025-11-01 09:18:43] [STDERR]     sock = await aiohappyeyeballs.start_connection(
[2025-11-01 09:18:43] [STDERR]            ^^^^^^^^^^^^^^^^^^^^^^^^^^^^^^^^^^^^^^^^
[2025-11-01 09:18:43] [STDERR]   File "/opt/homebrew/Caskroom/miniconda/base/lib/python3.11/site-packages/aiohappyeyeballs/impl.py", line 141, in start_connection
[2025-11-01 09:18:43] [STDERR]     raise OSError(first_errno, msg)
[2025-11-01 09:18:43] [STDERR] ConnectionRefusedError: [Errno 61] Multiple exceptions: [Errno 61] Connect call failed ('::1', 3100, 0, 0), [Errno 61] Connect call failed ('127.0.0.1', 3100)
[2025-11-01 09:18:43] [STDERR] 
[2025-11-01 09:18:43] [STDERR] The above exception was the direct cause of the following exception:
[2025-11-01 09:18:43] [STDERR] 
[2025-11-01 09:18:43] [STDERR] Traceback (most recent call last):
[2025-11-01 09:18:43] [STDERR]   File "/Users/leifmarkthaler/github/gleitzeit 0.0.7/src/gleitzeit/workers/loki_exporter_worker.py", line 251, in export_logs_to_loki
[2025-11-01 09:18:43] [STDERR]     async with self.session.post(
[2025-11-01 09:18:43] [STDERR]   File "/opt/homebrew/Caskroom/miniconda/base/lib/python3.11/site-packages/aiohttp/client.py", line 1488, in __aenter__
[2025-11-01 09:18:43] [STDERR]     self._resp: _RetType = await self._coro
[2025-11-01 09:18:43] [STDERR]                            ^^^^^^^^^^^^^^^^
[2025-11-01 09:18:43] [STDERR]   File "/opt/homebrew/Caskroom/miniconda/base/lib/python3.11/site-packages/aiohttp/client.py", line 770, in _request
[2025-11-01 09:18:43] [STDERR]     resp = await handler(req)
[2025-11-01 09:18:43] [STDERR]            ^^^^^^^^^^^^^^^^^^
[2025-11-01 09:18:43] [STDERR]   File "/opt/homebrew/Caskroom/miniconda/base/lib/python3.11/site-packages/aiohttp/client.py", line 725, in _connect_and_send_request
[2025-11-01 09:18:43] [STDERR]     conn = await self._connector.connect(
[2025-11-01 09:18:43] [STDERR]            ^^^^^^^^^^^^^^^^^^^^^^^^^^^^^^
[2025-11-01 09:18:43] [STDERR]   File "/opt/homebrew/Caskroom/miniconda/base/lib/python3.11/site-packages/aiohttp/connector.py", line 642, in connect
[2025-11-01 09:18:43] [STDERR]     proto = await self._create_connection(req, traces, timeout)
[2025-11-01 09:18:43] [STDERR]             ^^^^^^^^^^^^^^^^^^^^^^^^^^^^^^^^^^^^^^^^^^^^^^^^^^^
[2025-11-01 09:18:43] [STDERR]   File "/opt/homebrew/Caskroom/miniconda/base/lib/python3.11/site-packages/aiohttp/connector.py", line 1209, in _create_connection
[2025-11-01 09:18:43] [STDERR]     _, proto = await self._create_direct_connection(req, traces, timeout)
[2025-11-01 09:18:43] [STDERR]                ^^^^^^^^^^^^^^^^^^^^^^^^^^^^^^^^^^^^^^^^^^^^^^^^^^^^^^^^^^
[2025-11-01 09:18:43] [STDERR]   File "/opt/homebrew/Caskroom/miniconda/base/lib/python3.11/site-packages/aiohttp/connector.py", line 1581, in _create_direct_connection
[2025-11-01 09:18:43] [STDERR]     raise last_exc
[2025-11-01 09:18:43] [STDERR]   File "/opt/homebrew/Caskroom/miniconda/base/lib/python3.11/site-packages/aiohttp/connector.py", line 1550, in _create_direct_connection
[2025-11-01 09:18:43] [STDERR]     transp, proto = await self._wrap_create_connection(
[2025-11-01 09:18:43] [STDERR]                     ^^^^^^^^^^^^^^^^^^^^^^^^^^^^^^^^^^^
[2025-11-01 09:18:43] [STDERR]   File "/opt/homebrew/Caskroom/miniconda/base/lib/python3.11/site-packages/aiohttp/connector.py", line 1291, in _wrap_create_connection
[2025-11-01 09:18:43] [STDERR]     raise client_error(req.connection_key, exc) from exc
[2025-11-01 09:18:43] [STDERR] aiohttp.client_exceptions.ClientConnectorError: Cannot connect to host localhost:3100 ssl:default [Multiple exceptions: [Errno 61] Connect call failed ('::1', 3100, 0, 0), [Errno 61] Connect call failed ('127.0.0.1', 3100)]
[2025-11-01 09:18:48] [STDERR] 2025-11-01 09:18:48,118 - LokiExporter.loki-exporter - ERROR - Failed to export logs to Loki: Cannot connect to host localhost:3100 ssl:default [Multiple exceptions: [Errno 61] Connect call failed ('127.0.0.1', 3100), [Errno 61] Connect call failed ('::1', 3100, 0, 0)]
[2025-11-01 09:18:48] [STDERR] Traceback (most recent call last):
[2025-11-01 09:18:48] [STDERR]   File "/opt/homebrew/Caskroom/miniconda/base/lib/python3.11/site-packages/aiohttp/connector.py", line 1268, in _wrap_create_connection
[2025-11-01 09:18:48] [STDERR]     sock = await aiohappyeyeballs.start_connection(
[2025-11-01 09:18:48] [STDERR]            ^^^^^^^^^^^^^^^^^^^^^^^^^^^^^^^^^^^^^^^^
[2025-11-01 09:18:48] [STDERR]   File "/opt/homebrew/Caskroom/miniconda/base/lib/python3.11/site-packages/aiohappyeyeballs/impl.py", line 141, in start_connection
[2025-11-01 09:18:48] [STDERR]     raise OSError(first_errno, msg)
[2025-11-01 09:18:48] [STDERR] ConnectionRefusedError: [Errno 61] Multiple exceptions: [Errno 61] Connect call failed ('127.0.0.1', 3100), [Errno 61] Connect call failed ('::1', 3100, 0, 0)
[2025-11-01 09:18:48] [STDERR] 
[2025-11-01 09:18:48] [STDERR] The above exception was the direct cause of the following exception:
[2025-11-01 09:18:48] [STDERR] 
[2025-11-01 09:18:48] [STDERR] Traceback (most recent call last):
[2025-11-01 09:18:48] [STDERR]   File "/Users/leifmarkthaler/github/gleitzeit 0.0.7/src/gleitzeit/workers/loki_exporter_worker.py", line 251, in export_logs_to_loki
[2025-11-01 09:18:48] [STDERR]     async with self.session.post(
[2025-11-01 09:18:48] [STDERR]   File "/opt/homebrew/Caskroom/miniconda/base/lib/python3.11/site-packages/aiohttp/client.py", line 1488, in __aenter__
[2025-11-01 09:18:48] [STDERR]     self._resp: _RetType = await self._coro
[2025-11-01 09:18:48] [STDERR]                            ^^^^^^^^^^^^^^^^
[2025-11-01 09:18:48] [STDERR]   File "/opt/homebrew/Caskroom/miniconda/base/lib/python3.11/site-packages/aiohttp/client.py", line 770, in _request
[2025-11-01 09:18:48] [STDERR]     resp = await handler(req)
[2025-11-01 09:18:48] [STDERR]            ^^^^^^^^^^^^^^^^^^
[2025-11-01 09:18:48] [STDERR]   File "/opt/homebrew/Caskroom/miniconda/base/lib/python3.11/site-packages/aiohttp/client.py", line 725, in _connect_and_send_request
[2025-11-01 09:18:48] [STDERR]     conn = await self._connector.connect(
[2025-11-01 09:18:48] [STDERR]            ^^^^^^^^^^^^^^^^^^^^^^^^^^^^^^
[2025-11-01 09:18:48] [STDERR]   File "/opt/homebrew/Caskroom/miniconda/base/lib/python3.11/site-packages/aiohttp/connector.py", line 642, in connect
[2025-11-01 09:18:48] [STDERR]     proto = await self._create_connection(req, traces, timeout)
[2025-11-01 09:18:48] [STDERR]             ^^^^^^^^^^^^^^^^^^^^^^^^^^^^^^^^^^^^^^^^^^^^^^^^^^^
[2025-11-01 09:18:48] [STDERR]   File "/opt/homebrew/Caskroom/miniconda/base/lib/python3.11/site-packages/aiohttp/connector.py", line 1209, in _create_connection
[2025-11-01 09:18:48] [STDERR]     _, proto = await self._create_direct_connection(req, traces, timeout)
[2025-11-01 09:18:48] [STDERR]                ^^^^^^^^^^^^^^^^^^^^^^^^^^^^^^^^^^^^^^^^^^^^^^^^^^^^^^^^^^
[2025-11-01 09:18:48] [STDERR]   File "/opt/homebrew/Caskroom/miniconda/base/lib/python3.11/site-packages/aiohttp/connector.py", line 1581, in _create_direct_connection
[2025-11-01 09:18:48] [STDERR]     raise last_exc
[2025-11-01 09:18:48] [STDERR]   File "/opt/homebrew/Caskroom/miniconda/base/lib/python3.11/site-packages/aiohttp/connector.py", line 1550, in _create_direct_connection
[2025-11-01 09:18:48] [STDERR]     transp, proto = await self._wrap_create_connection(
[2025-11-01 09:18:48] [STDERR]                     ^^^^^^^^^^^^^^^^^^^^^^^^^^^^^^^^^^^
[2025-11-01 09:18:48] [STDERR]   File "/opt/homebrew/Caskroom/miniconda/base/lib/python3.11/site-packages/aiohttp/connector.py", line 1291, in _wrap_create_connection
[2025-11-01 09:18:48] [STDERR]     raise client_error(req.connection_key, exc) from exc
[2025-11-01 09:18:48] [STDERR] aiohttp.client_exceptions.ClientConnectorError: Cannot connect to host localhost:3100 ssl:default [Multiple exceptions: [Errno 61] Connect call failed ('127.0.0.1', 3100), [Errno 61] Connect call failed ('::1', 3100, 0, 0)]
[2025-11-01 09:18:53] [STDERR] 2025-11-01 09:18:53,147 - LokiExporter.loki-exporter - ERROR - Failed to export logs to Loki: Cannot connect to host localhost:3100 ssl:default [Multiple exceptions: [Errno 61] Connect call failed ('::1', 3100, 0, 0), [Errno 61] Connect call failed ('127.0.0.1', 3100)]
[2025-11-01 09:18:53] [STDERR] Traceback (most recent call last):
[2025-11-01 09:18:53] [STDERR]   File "/opt/homebrew/Caskroom/miniconda/base/lib/python3.11/site-packages/aiohttp/connector.py", line 1268, in _wrap_create_connection
[2025-11-01 09:18:53] [STDERR]     sock = await aiohappyeyeballs.start_connection(
[2025-11-01 09:18:53] [STDERR]            ^^^^^^^^^^^^^^^^^^^^^^^^^^^^^^^^^^^^^^^^
[2025-11-01 09:18:53] [STDERR]   File "/opt/homebrew/Caskroom/miniconda/base/lib/python3.11/site-packages/aiohappyeyeballs/impl.py", line 141, in start_connection
[2025-11-01 09:18:53] [STDERR]     raise OSError(first_errno, msg)
[2025-11-01 09:18:53] [STDERR] ConnectionRefusedError: [Errno 61] Multiple exceptions: [Errno 61] Connect call failed ('::1', 3100, 0, 0), [Errno 61] Connect call failed ('127.0.0.1', 3100)
[2025-11-01 09:18:53] [STDERR] 
[2025-11-01 09:18:53] [STDERR] The above exception was the direct cause of the following exception:
[2025-11-01 09:18:53] [STDERR] 
[2025-11-01 09:18:53] [STDERR] Traceback (most recent call last):
[2025-11-01 09:18:53] [STDERR]   File "/Users/leifmarkthaler/github/gleitzeit 0.0.7/src/gleitzeit/workers/loki_exporter_worker.py", line 251, in export_logs_to_loki
[2025-11-01 09:18:53] [STDERR]     async with self.session.post(
[2025-11-01 09:18:53] [STDERR]   File "/opt/homebrew/Caskroom/miniconda/base/lib/python3.11/site-packages/aiohttp/client.py", line 1488, in __aenter__
[2025-11-01 09:18:53] [STDERR]     self._resp: _RetType = await self._coro
[2025-11-01 09:18:53] [STDERR]                            ^^^^^^^^^^^^^^^^
[2025-11-01 09:18:53] [STDERR]   File "/opt/homebrew/Caskroom/miniconda/base/lib/python3.11/site-packages/aiohttp/client.py", line 770, in _request
[2025-11-01 09:18:53] [STDERR]     resp = await handler(req)
[2025-11-01 09:18:53] [STDERR]            ^^^^^^^^^^^^^^^^^^
[2025-11-01 09:18:53] [STDERR]   File "/opt/homebrew/Caskroom/miniconda/base/lib/python3.11/site-packages/aiohttp/client.py", line 725, in _connect_and_send_request
[2025-11-01 09:18:53] [STDERR]     conn = await self._connector.connect(
[2025-11-01 09:18:53] [STDERR]            ^^^^^^^^^^^^^^^^^^^^^^^^^^^^^^
[2025-11-01 09:18:53] [STDERR]   File "/opt/homebrew/Caskroom/miniconda/base/lib/python3.11/site-packages/aiohttp/connector.py", line 642, in connect
[2025-11-01 09:18:53] [STDERR]     proto = await self._create_connection(req, traces, timeout)
[2025-11-01 09:18:53] [STDERR]             ^^^^^^^^^^^^^^^^^^^^^^^^^^^^^^^^^^^^^^^^^^^^^^^^^^^
[2025-11-01 09:18:53] [STDERR]   File "/opt/homebrew/Caskroom/miniconda/base/lib/python3.11/site-packages/aiohttp/connector.py", line 1209, in _create_connection
[2025-11-01 09:18:53] [STDERR]     _, proto = await self._create_direct_connection(req, traces, timeout)
[2025-11-01 09:18:53] [STDERR]                ^^^^^^^^^^^^^^^^^^^^^^^^^^^^^^^^^^^^^^^^^^^^^^^^^^^^^^^^^^
[2025-11-01 09:18:53] [STDERR]   File "/opt/homebrew/Caskroom/miniconda/base/lib/python3.11/site-packages/aiohttp/connector.py", line 1581, in _create_direct_connection
[2025-11-01 09:18:53] [STDERR]     raise last_exc
[2025-11-01 09:18:53] [STDERR]   File "/opt/homebrew/Caskroom/miniconda/base/lib/python3.11/site-packages/aiohttp/connector.py", line 1550, in _create_direct_connection
[2025-11-01 09:18:53] [STDERR]     transp, proto = await self._wrap_create_connection(
[2025-11-01 09:18:53] [STDERR]                     ^^^^^^^^^^^^^^^^^^^^^^^^^^^^^^^^^^^
[2025-11-01 09:18:53] [STDERR]   File "/opt/homebrew/Caskroom/miniconda/base/lib/python3.11/site-packages/aiohttp/connector.py", line 1291, in _wrap_create_connection
[2025-11-01 09:18:53] [STDERR]     raise client_error(req.connection_key, exc) from exc
[2025-11-01 09:18:53] [STDERR] aiohttp.client_exceptions.ClientConnectorError: Cannot connect to host localhost:3100 ssl:default [Multiple exceptions: [Errno 61] Connect call failed ('::1', 3100, 0, 0), [Errno 61] Connect call failed ('127.0.0.1', 3100)]
[2025-11-01 09:18:58] [STDERR] 2025-11-01 09:18:58,188 - LokiExporter.loki-exporter - ERROR - Failed to export logs to Loki: Cannot connect to host localhost:3100 ssl:default [Multiple exceptions: [Errno 61] Connect call failed ('127.0.0.1', 3100), [Errno 61] Connect call failed ('::1', 3100, 0, 0)]
[2025-11-01 09:18:58] [STDERR] Traceback (most recent call last):
[2025-11-01 09:18:58] [STDERR]   File "/opt/homebrew/Caskroom/miniconda/base/lib/python3.11/site-packages/aiohttp/connector.py", line 1268, in _wrap_create_connection
[2025-11-01 09:18:58] [STDERR]     sock = await aiohappyeyeballs.start_connection(
[2025-11-01 09:18:58] [STDERR]            ^^^^^^^^^^^^^^^^^^^^^^^^^^^^^^^^^^^^^^^^
[2025-11-01 09:18:58] [STDERR]   File "/opt/homebrew/Caskroom/miniconda/base/lib/python3.11/site-packages/aiohappyeyeballs/impl.py", line 141, in start_connection
[2025-11-01 09:18:58] [STDERR]     raise OSError(first_errno, msg)
[2025-11-01 09:18:58] [STDERR] ConnectionRefusedError: [Errno 61] Multiple exceptions: [Errno 61] Connect call failed ('127.0.0.1', 3100), [Errno 61] Connect call failed ('::1', 3100, 0, 0)
[2025-11-01 09:18:58] [STDERR] 
[2025-11-01 09:18:58] [STDERR] The above exception was the direct cause of the following exception:
[2025-11-01 09:18:58] [STDERR] 
[2025-11-01 09:18:58] [STDERR] Traceback (most recent call last):
[2025-11-01 09:18:58] [STDERR]   File "/Users/leifmarkthaler/github/gleitzeit 0.0.7/src/gleitzeit/workers/loki_exporter_worker.py", line 251, in export_logs_to_loki
[2025-11-01 09:18:58] [STDERR]     async with self.session.post(
[2025-11-01 09:18:58] [STDERR]   File "/opt/homebrew/Caskroom/miniconda/base/lib/python3.11/site-packages/aiohttp/client.py", line 1488, in __aenter__
[2025-11-01 09:18:58] [STDERR]     self._resp: _RetType = await self._coro
[2025-11-01 09:18:58] [STDERR]                            ^^^^^^^^^^^^^^^^
[2025-11-01 09:18:58] [STDERR]   File "/opt/homebrew/Caskroom/miniconda/base/lib/python3.11/site-packages/aiohttp/client.py", line 770, in _request
[2025-11-01 09:18:58] [STDERR]     resp = await handler(req)
[2025-11-01 09:18:58] [STDERR]            ^^^^^^^^^^^^^^^^^^
[2025-11-01 09:18:58] [STDERR]   File "/opt/homebrew/Caskroom/miniconda/base/lib/python3.11/site-packages/aiohttp/client.py", line 725, in _connect_and_send_request
[2025-11-01 09:18:58] [STDERR]     conn = await self._connector.connect(
[2025-11-01 09:18:58] [STDERR]            ^^^^^^^^^^^^^^^^^^^^^^^^^^^^^^
[2025-11-01 09:18:58] [STDERR]   File "/opt/homebrew/Caskroom/miniconda/base/lib/python3.11/site-packages/aiohttp/connector.py", line 642, in connect
[2025-11-01 09:18:58] [STDERR]     proto = await self._create_connection(req, traces, timeout)
[2025-11-01 09:18:58] [STDERR]             ^^^^^^^^^^^^^^^^^^^^^^^^^^^^^^^^^^^^^^^^^^^^^^^^^^^
[2025-11-01 09:18:58] [STDERR]   File "/opt/homebrew/Caskroom/miniconda/base/lib/python3.11/site-packages/aiohttp/connector.py", line 1209, in _create_connection
[2025-11-01 09:18:58] [STDERR]     _, proto = await self._create_direct_connection(req, traces, timeout)
[2025-11-01 09:18:58] [STDERR]                ^^^^^^^^^^^^^^^^^^^^^^^^^^^^^^^^^^^^^^^^^^^^^^^^^^^^^^^^^^
[2025-11-01 09:18:58] [STDERR]   File "/opt/homebrew/Caskroom/miniconda/base/lib/python3.11/site-packages/aiohttp/connector.py", line 1581, in _create_direct_connection
[2025-11-01 09:18:58] [STDERR]     raise last_exc
[2025-11-01 09:18:58] [STDERR]   File "/opt/homebrew/Caskroom/miniconda/base/lib/python3.11/site-packages/aiohttp/connector.py", line 1550, in _create_direct_connection
[2025-11-01 09:18:58] [STDERR]     transp, proto = await self._wrap_create_connection(
[2025-11-01 09:18:58] [STDERR]                     ^^^^^^^^^^^^^^^^^^^^^^^^^^^^^^^^^^^
[2025-11-01 09:18:58] [STDERR]   File "/opt/homebrew/Caskroom/miniconda/base/lib/python3.11/site-packages/aiohttp/connector.py", line 1291, in _wrap_create_connection
[2025-11-01 09:18:58] [STDERR]     raise client_error(req.connection_key, exc) from exc
[2025-11-01 09:18:58] [STDERR] aiohttp.client_exceptions.ClientConnectorError: Cannot connect to host localhost:3100 ssl:default [Multiple exceptions: [Errno 61] Connect call failed ('127.0.0.1', 3100), [Errno 61] Connect call failed ('::1', 3100, 0, 0)]
[2025-11-01 09:19:03] [STDERR] 2025-11-01 09:19:03,225 - LokiExporter.loki-exporter - ERROR - Failed to export logs to Loki: Cannot connect to host localhost:3100 ssl:default [Multiple exceptions: [Errno 61] Connect call failed ('::1', 3100, 0, 0), [Errno 61] Connect call failed ('127.0.0.1', 3100)]
[2025-11-01 09:19:03] [STDERR] Traceback (most recent call last):
[2025-11-01 09:19:03] [STDERR]   File "/opt/homebrew/Caskroom/miniconda/base/lib/python3.11/site-packages/aiohttp/connector.py", line 1268, in _wrap_create_connection
[2025-11-01 09:19:03] [STDERR]     sock = await aiohappyeyeballs.start_connection(
[2025-11-01 09:19:03] [STDERR]            ^^^^^^^^^^^^^^^^^^^^^^^^^^^^^^^^^^^^^^^^
[2025-11-01 09:19:03] [STDERR]   File "/opt/homebrew/Caskroom/miniconda/base/lib/python3.11/site-packages/aiohappyeyeballs/impl.py", line 141, in start_connection
[2025-11-01 09:19:03] [STDERR]     raise OSError(first_errno, msg)
[2025-11-01 09:19:03] [STDERR] ConnectionRefusedError: [Errno 61] Multiple exceptions: [Errno 61] Connect call failed ('::1', 3100, 0, 0), [Errno 61] Connect call failed ('127.0.0.1', 3100)
[2025-11-01 09:19:03] [STDERR] 
[2025-11-01 09:19:03] [STDERR] The above exception was the direct cause of the following exception:
[2025-11-01 09:19:03] [STDERR] 
[2025-11-01 09:19:03] [STDERR] Traceback (most recent call last):
[2025-11-01 09:19:03] [STDERR]   File "/Users/leifmarkthaler/github/gleitzeit 0.0.7/src/gleitzeit/workers/loki_exporter_worker.py", line 251, in export_logs_to_loki
[2025-11-01 09:19:03] [STDERR]     async with self.session.post(
[2025-11-01 09:19:03] [STDERR]   File "/opt/homebrew/Caskroom/miniconda/base/lib/python3.11/site-packages/aiohttp/client.py", line 1488, in __aenter__
[2025-11-01 09:19:03] [STDERR]     self._resp: _RetType = await self._coro
[2025-11-01 09:19:03] [STDERR]                            ^^^^^^^^^^^^^^^^
[2025-11-01 09:19:03] [STDERR]   File "/opt/homebrew/Caskroom/miniconda/base/lib/python3.11/site-packages/aiohttp/client.py", line 770, in _request
[2025-11-01 09:19:03] [STDERR]     resp = await handler(req)
[2025-11-01 09:19:03] [STDERR]            ^^^^^^^^^^^^^^^^^^
[2025-11-01 09:19:03] [STDERR]   File "/opt/homebrew/Caskroom/miniconda/base/lib/python3.11/site-packages/aiohttp/client.py", line 725, in _connect_and_send_request
[2025-11-01 09:19:03] [STDERR]     conn = await self._connector.connect(
[2025-11-01 09:19:03] [STDERR]            ^^^^^^^^^^^^^^^^^^^^^^^^^^^^^^
[2025-11-01 09:19:03] [STDERR]   File "/opt/homebrew/Caskroom/miniconda/base/lib/python3.11/site-packages/aiohttp/connector.py", line 642, in connect
[2025-11-01 09:19:03] [STDERR]     proto = await self._create_connection(req, traces, timeout)
[2025-11-01 09:19:03] [STDERR]             ^^^^^^^^^^^^^^^^^^^^^^^^^^^^^^^^^^^^^^^^^^^^^^^^^^^
[2025-11-01 09:19:03] [STDERR]   File "/opt/homebrew/Caskroom/miniconda/base/lib/python3.11/site-packages/aiohttp/connector.py", line 1209, in _create_connection
[2025-11-01 09:19:03] [STDERR]     _, proto = await self._create_direct_connection(req, traces, timeout)
[2025-11-01 09:19:03] [STDERR]                ^^^^^^^^^^^^^^^^^^^^^^^^^^^^^^^^^^^^^^^^^^^^^^^^^^^^^^^^^^
[2025-11-01 09:19:03] [STDERR]   File "/opt/homebrew/Caskroom/miniconda/base/lib/python3.11/site-packages/aiohttp/connector.py", line 1581, in _create_direct_connection
[2025-11-01 09:19:03] [STDERR]     raise last_exc
[2025-11-01 09:19:03] [STDERR]   File "/opt/homebrew/Caskroom/miniconda/base/lib/python3.11/site-packages/aiohttp/connector.py", line 1550, in _create_direct_connection
[2025-11-01 09:19:03] [STDERR]     transp, proto = await self._wrap_create_connection(
[2025-11-01 09:19:03] [STDERR]                     ^^^^^^^^^^^^^^^^^^^^^^^^^^^^^^^^^^^
[2025-11-01 09:19:03] [STDERR]   File "/opt/homebrew/Caskroom/miniconda/base/lib/python3.11/site-packages/aiohttp/connector.py", line 1291, in _wrap_create_connection
[2025-11-01 09:19:03] [STDERR]     raise client_error(req.connection_key, exc) from exc
[2025-11-01 09:19:03] [STDERR] aiohttp.client_exceptions.ClientConnectorError: Cannot connect to host localhost:3100 ssl:default [Multiple exceptions: [Errno 61] Connect call failed ('::1', 3100, 0, 0), [Errno 61] Connect call failed ('127.0.0.1', 3100)]
[2025-11-01 09:19:08] [STDERR] 2025-11-01 09:19:08,254 - LokiExporter.loki-exporter - ERROR - Failed to export logs to Loki: Cannot connect to host localhost:3100 ssl:default [Multiple exceptions: [Errno 61] Connect call failed ('127.0.0.1', 3100), [Errno 61] Connect call failed ('::1', 3100, 0, 0)]
[2025-11-01 09:19:08] [STDERR] Traceback (most recent call last):
[2025-11-01 09:19:08] [STDERR]   File "/opt/homebrew/Caskroom/miniconda/base/lib/python3.11/site-packages/aiohttp/connector.py", line 1268, in _wrap_create_connection
[2025-11-01 09:19:08] [STDERR]     sock = await aiohappyeyeballs.start_connection(
[2025-11-01 09:19:08] [STDERR]            ^^^^^^^^^^^^^^^^^^^^^^^^^^^^^^^^^^^^^^^^
[2025-11-01 09:19:08] [STDERR]   File "/opt/homebrew/Caskroom/miniconda/base/lib/python3.11/site-packages/aiohappyeyeballs/impl.py", line 141, in start_connection
[2025-11-01 09:19:08] [STDERR]     raise OSError(first_errno, msg)
[2025-11-01 09:19:08] [STDERR] ConnectionRefusedError: [Errno 61] Multiple exceptions: [Errno 61] Connect call failed ('127.0.0.1', 3100), [Errno 61] Connect call failed ('::1', 3100, 0, 0)
[2025-11-01 09:19:08] [STDERR] 
[2025-11-01 09:19:08] [STDERR] The above exception was the direct cause of the following exception:
[2025-11-01 09:19:08] [STDERR] 
[2025-11-01 09:19:08] [STDERR] Traceback (most recent call last):
[2025-11-01 09:19:08] [STDERR]   File "/Users/leifmarkthaler/github/gleitzeit 0.0.7/src/gleitzeit/workers/loki_exporter_worker.py", line 251, in export_logs_to_loki
[2025-11-01 09:19:08] [STDERR]     async with self.session.post(
[2025-11-01 09:19:08] [STDERR]   File "/opt/homebrew/Caskroom/miniconda/base/lib/python3.11/site-packages/aiohttp/client.py", line 1488, in __aenter__
[2025-11-01 09:19:08] [STDERR]     self._resp: _RetType = await self._coro
[2025-11-01 09:19:08] [STDERR]                            ^^^^^^^^^^^^^^^^
[2025-11-01 09:19:08] [STDERR]   File "/opt/homebrew/Caskroom/miniconda/base/lib/python3.11/site-packages/aiohttp/client.py", line 770, in _request
[2025-11-01 09:19:08] [STDERR]     resp = await handler(req)
[2025-11-01 09:19:08] [STDERR]            ^^^^^^^^^^^^^^^^^^
[2025-11-01 09:19:08] [STDERR]   File "/opt/homebrew/Caskroom/miniconda/base/lib/python3.11/site-packages/aiohttp/client.py", line 725, in _connect_and_send_request
[2025-11-01 09:19:08] [STDERR]     conn = await self._connector.connect(
[2025-11-01 09:19:08] [STDERR]            ^^^^^^^^^^^^^^^^^^^^^^^^^^^^^^
[2025-11-01 09:19:08] [STDERR]   File "/opt/homebrew/Caskroom/miniconda/base/lib/python3.11/site-packages/aiohttp/connector.py", line 642, in connect
[2025-11-01 09:19:08] [STDERR]     proto = await self._create_connection(req, traces, timeout)
[2025-11-01 09:19:08] [STDERR]             ^^^^^^^^^^^^^^^^^^^^^^^^^^^^^^^^^^^^^^^^^^^^^^^^^^^
[2025-11-01 09:19:08] [STDERR]   File "/opt/homebrew/Caskroom/miniconda/base/lib/python3.11/site-packages/aiohttp/connector.py", line 1209, in _create_connection
[2025-11-01 09:19:08] [STDERR]     _, proto = await self._create_direct_connection(req, traces, timeout)
[2025-11-01 09:19:08] [STDERR]                ^^^^^^^^^^^^^^^^^^^^^^^^^^^^^^^^^^^^^^^^^^^^^^^^^^^^^^^^^^
[2025-11-01 09:19:08] [STDERR]   File "/opt/homebrew/Caskroom/miniconda/base/lib/python3.11/site-packages/aiohttp/connector.py", line 1581, in _create_direct_connection
[2025-11-01 09:19:08] [STDERR]     raise last_exc
[2025-11-01 09:19:08] [STDERR]   File "/opt/homebrew/Caskroom/miniconda/base/lib/python3.11/site-packages/aiohttp/connector.py", line 1550, in _create_direct_connection
[2025-11-01 09:19:08] [STDERR]     transp, proto = await self._wrap_create_connection(
[2025-11-01 09:19:08] [STDERR]                     ^^^^^^^^^^^^^^^^^^^^^^^^^^^^^^^^^^^
[2025-11-01 09:19:08] [STDERR]   File "/opt/homebrew/Caskroom/miniconda/base/lib/python3.11/site-packages/aiohttp/connector.py", line 1291, in _wrap_create_connection
[2025-11-01 09:19:08] [STDERR]     raise client_error(req.connection_key, exc) from exc
[2025-11-01 09:19:08] [STDERR] aiohttp.client_exceptions.ClientConnectorError: Cannot connect to host localhost:3100 ssl:default [Multiple exceptions: [Errno 61] Connect call failed ('127.0.0.1', 3100), [Errno 61] Connect call failed ('::1', 3100, 0, 0)]
[2025-11-01 09:19:13] [STDERR] 2025-11-01 09:19:13,283 - LokiExporter.loki-exporter - ERROR - Failed to export logs to Loki: Cannot connect to host localhost:3100 ssl:default [Multiple exceptions: [Errno 61] Connect call failed ('::1', 3100, 0, 0), [Errno 61] Connect call failed ('127.0.0.1', 3100)]
[2025-11-01 09:19:13] [STDERR] Traceback (most recent call last):
[2025-11-01 09:19:13] [STDERR]   File "/opt/homebrew/Caskroom/miniconda/base/lib/python3.11/site-packages/aiohttp/connector.py", line 1268, in _wrap_create_connection
[2025-11-01 09:19:13] [STDERR]     sock = await aiohappyeyeballs.start_connection(
[2025-11-01 09:19:13] [STDERR]            ^^^^^^^^^^^^^^^^^^^^^^^^^^^^^^^^^^^^^^^^
[2025-11-01 09:19:13] [STDERR]   File "/opt/homebrew/Caskroom/miniconda/base/lib/python3.11/site-packages/aiohappyeyeballs/impl.py", line 141, in start_connection
[2025-11-01 09:19:13] [STDERR]     raise OSError(first_errno, msg)
[2025-11-01 09:19:13] [STDERR] ConnectionRefusedError: [Errno 61] Multiple exceptions: [Errno 61] Connect call failed ('::1', 3100, 0, 0), [Errno 61] Connect call failed ('127.0.0.1', 3100)
[2025-11-01 09:19:13] [STDERR] 
[2025-11-01 09:19:13] [STDERR] The above exception was the direct cause of the following exception:
[2025-11-01 09:19:13] [STDERR] 
[2025-11-01 09:19:13] [STDERR] Traceback (most recent call last):
[2025-11-01 09:19:13] [STDERR]   File "/Users/leifmarkthaler/github/gleitzeit 0.0.7/src/gleitzeit/workers/loki_exporter_worker.py", line 251, in export_logs_to_loki
[2025-11-01 09:19:13] [STDERR]     async with self.session.post(
[2025-11-01 09:19:13] [STDERR]   File "/opt/homebrew/Caskroom/miniconda/base/lib/python3.11/site-packages/aiohttp/client.py", line 1488, in __aenter__
[2025-11-01 09:19:13] [STDERR]     self._resp: _RetType = await self._coro
[2025-11-01 09:19:13] [STDERR]                            ^^^^^^^^^^^^^^^^
[2025-11-01 09:19:13] [STDERR]   File "/opt/homebrew/Caskroom/miniconda/base/lib/python3.11/site-packages/aiohttp/client.py", line 770, in _request
[2025-11-01 09:19:13] [STDERR]     resp = await handler(req)
[2025-11-01 09:19:13] [STDERR]            ^^^^^^^^^^^^^^^^^^
[2025-11-01 09:19:13] [STDERR]   File "/opt/homebrew/Caskroom/miniconda/base/lib/python3.11/site-packages/aiohttp/client.py", line 725, in _connect_and_send_request
[2025-11-01 09:19:13] [STDERR]     conn = await self._connector.connect(
[2025-11-01 09:19:13] [STDERR]            ^^^^^^^^^^^^^^^^^^^^^^^^^^^^^^
[2025-11-01 09:19:13] [STDERR]   File "/opt/homebrew/Caskroom/miniconda/base/lib/python3.11/site-packages/aiohttp/connector.py", line 642, in connect
[2025-11-01 09:19:13] [STDERR]     proto = await self._create_connection(req, traces, timeout)
[2025-11-01 09:19:13] [STDERR]             ^^^^^^^^^^^^^^^^^^^^^^^^^^^^^^^^^^^^^^^^^^^^^^^^^^^
[2025-11-01 09:19:13] [STDERR]   File "/opt/homebrew/Caskroom/miniconda/base/lib/python3.11/site-packages/aiohttp/connector.py", line 1209, in _create_connection
[2025-11-01 09:19:13] [STDERR]     _, proto = await self._create_direct_connection(req, traces, timeout)
[2025-11-01 09:19:13] [STDERR]                ^^^^^^^^^^^^^^^^^^^^^^^^^^^^^^^^^^^^^^^^^^^^^^^^^^^^^^^^^^
[2025-11-01 09:19:13] [STDERR]   File "/opt/homebrew/Caskroom/miniconda/base/lib/python3.11/site-packages/aiohttp/connector.py", line 1581, in _create_direct_connection
[2025-11-01 09:19:13] [STDERR]     raise last_exc
[2025-11-01 09:19:13] [STDERR]   File "/opt/homebrew/Caskroom/miniconda/base/lib/python3.11/site-packages/aiohttp/connector.py", line 1550, in _create_direct_connection
[2025-11-01 09:19:13] [STDERR]     transp, proto = await self._wrap_create_connection(
[2025-11-01 09:19:13] [STDERR]                     ^^^^^^^^^^^^^^^^^^^^^^^^^^^^^^^^^^^
[2025-11-01 09:19:13] [STDERR]   File "/opt/homebrew/Caskroom/miniconda/base/lib/python3.11/site-packages/aiohttp/connector.py", line 1291, in _wrap_create_connection
[2025-11-01 09:19:13] [STDERR]     raise client_error(req.connection_key, exc) from exc
[2025-11-01 09:19:13] [STDERR] aiohttp.client_exceptions.ClientConnectorError: Cannot connect to host localhost:3100 ssl:default [Multiple exceptions: [Errno 61] Connect call failed ('::1', 3100, 0, 0), [Errno 61] Connect call failed ('127.0.0.1', 3100)]
[2025-11-01 09:19:18] [STDERR] 2025-11-01 09:19:18,314 - LokiExporter.loki-exporter - ERROR - Failed to export logs to Loki: Cannot connect to host localhost:3100 ssl:default [Multiple exceptions: [Errno 61] Connect call failed ('127.0.0.1', 3100), [Errno 61] Connect call failed ('::1', 3100, 0, 0)]
[2025-11-01 09:19:18] [STDERR] Traceback (most recent call last):
[2025-11-01 09:19:18] [STDERR]   File "/opt/homebrew/Caskroom/miniconda/base/lib/python3.11/site-packages/aiohttp/connector.py", line 1268, in _wrap_create_connection
[2025-11-01 09:19:18] [STDERR]     sock = await aiohappyeyeballs.start_connection(
[2025-11-01 09:19:18] [STDERR]            ^^^^^^^^^^^^^^^^^^^^^^^^^^^^^^^^^^^^^^^^
[2025-11-01 09:19:18] [STDERR]   File "/opt/homebrew/Caskroom/miniconda/base/lib/python3.11/site-packages/aiohappyeyeballs/impl.py", line 141, in start_connection
[2025-11-01 09:19:18] [STDERR]     raise OSError(first_errno, msg)
[2025-11-01 09:19:18] [STDERR] ConnectionRefusedError: [Errno 61] Multiple exceptions: [Errno 61] Connect call failed ('127.0.0.1', 3100), [Errno 61] Connect call failed ('::1', 3100, 0, 0)
[2025-11-01 09:19:18] [STDERR] 
[2025-11-01 09:19:18] [STDERR] The above exception was the direct cause of the following exception:
[2025-11-01 09:19:18] [STDERR] 
[2025-11-01 09:19:18] [STDERR] Traceback (most recent call last):
[2025-11-01 09:19:18] [STDERR]   File "/Users/leifmarkthaler/github/gleitzeit 0.0.7/src/gleitzeit/workers/loki_exporter_worker.py", line 251, in export_logs_to_loki
[2025-11-01 09:19:18] [STDERR]     async with self.session.post(
[2025-11-01 09:19:18] [STDERR]   File "/opt/homebrew/Caskroom/miniconda/base/lib/python3.11/site-packages/aiohttp/client.py", line 1488, in __aenter__
[2025-11-01 09:19:18] [STDERR]     self._resp: _RetType = await self._coro
[2025-11-01 09:19:18] [STDERR]                            ^^^^^^^^^^^^^^^^
[2025-11-01 09:19:18] [STDERR]   File "/opt/homebrew/Caskroom/miniconda/base/lib/python3.11/site-packages/aiohttp/client.py", line 770, in _request
[2025-11-01 09:19:18] [STDERR]     resp = await handler(req)
[2025-11-01 09:19:18] [STDERR]            ^^^^^^^^^^^^^^^^^^
[2025-11-01 09:19:18] [STDERR]   File "/opt/homebrew/Caskroom/miniconda/base/lib/python3.11/site-packages/aiohttp/client.py", line 725, in _connect_and_send_request
[2025-11-01 09:19:18] [STDERR]     conn = await self._connector.connect(
[2025-11-01 09:19:18] [STDERR]            ^^^^^^^^^^^^^^^^^^^^^^^^^^^^^^
[2025-11-01 09:19:18] [STDERR]   File "/opt/homebrew/Caskroom/miniconda/base/lib/python3.11/site-packages/aiohttp/connector.py", line 642, in connect
[2025-11-01 09:19:18] [STDERR]     proto = await self._create_connection(req, traces, timeout)
[2025-11-01 09:19:18] [STDERR]             ^^^^^^^^^^^^^^^^^^^^^^^^^^^^^^^^^^^^^^^^^^^^^^^^^^^
[2025-11-01 09:19:18] [STDERR]   File "/opt/homebrew/Caskroom/miniconda/base/lib/python3.11/site-packages/aiohttp/connector.py", line 1209, in _create_connection
[2025-11-01 09:19:18] [STDERR]     _, proto = await self._create_direct_connection(req, traces, timeout)
[2025-11-01 09:19:18] [STDERR]                ^^^^^^^^^^^^^^^^^^^^^^^^^^^^^^^^^^^^^^^^^^^^^^^^^^^^^^^^^^
[2025-11-01 09:19:18] [STDERR]   File "/opt/homebrew/Caskroom/miniconda/base/lib/python3.11/site-packages/aiohttp/connector.py", line 1581, in _create_direct_connection
[2025-11-01 09:19:18] [STDERR]     raise last_exc
[2025-11-01 09:19:18] [STDERR]   File "/opt/homebrew/Caskroom/miniconda/base/lib/python3.11/site-packages/aiohttp/connector.py", line 1550, in _create_direct_connection
[2025-11-01 09:19:18] [STDERR]     transp, proto = await self._wrap_create_connection(
[2025-11-01 09:19:18] [STDERR]                     ^^^^^^^^^^^^^^^^^^^^^^^^^^^^^^^^^^^
[2025-11-01 09:19:18] [STDERR]   File "/opt/homebrew/Caskroom/miniconda/base/lib/python3.11/site-packages/aiohttp/connector.py", line 1291, in _wrap_create_connection
[2025-11-01 09:19:18] [STDERR]     raise client_error(req.connection_key, exc) from exc
[2025-11-01 09:19:18] [STDERR] aiohttp.client_exceptions.ClientConnectorError: Cannot connect to host localhost:3100 ssl:default [Multiple exceptions: [Errno 61] Connect call failed ('127.0.0.1', 3100), [Errno 61] Connect call failed ('::1', 3100, 0, 0)]
[2025-11-01 09:19:23] [STDERR] 2025-11-01 09:19:23,355 - LokiExporter.loki-exporter - ERROR - Failed to export logs to Loki: Cannot connect to host localhost:3100 ssl:default [Multiple exceptions: [Errno 61] Connect call failed ('::1', 3100, 0, 0), [Errno 61] Connect call failed ('127.0.0.1', 3100)]
[2025-11-01 09:19:23] [STDERR] Traceback (most recent call last):
[2025-11-01 09:19:23] [STDERR]   File "/opt/homebrew/Caskroom/miniconda/base/lib/python3.11/site-packages/aiohttp/connector.py", line 1268, in _wrap_create_connection
[2025-11-01 09:19:23] [STDERR]     sock = await aiohappyeyeballs.start_connection(
[2025-11-01 09:19:23] [STDERR]            ^^^^^^^^^^^^^^^^^^^^^^^^^^^^^^^^^^^^^^^^
[2025-11-01 09:19:23] [STDERR]   File "/opt/homebrew/Caskroom/miniconda/base/lib/python3.11/site-packages/aiohappyeyeballs/impl.py", line 141, in start_connection
[2025-11-01 09:19:23] [STDERR]     raise OSError(first_errno, msg)
[2025-11-01 09:19:23] [STDERR] ConnectionRefusedError: [Errno 61] Multiple exceptions: [Errno 61] Connect call failed ('::1', 3100, 0, 0), [Errno 61] Connect call failed ('127.0.0.1', 3100)
[2025-11-01 09:19:23] [STDERR] 
[2025-11-01 09:19:23] [STDERR] The above exception was the direct cause of the following exception:
[2025-11-01 09:19:23] [STDERR] 
[2025-11-01 09:19:23] [STDERR] Traceback (most recent call last):
[2025-11-01 09:19:23] [STDERR]   File "/Users/leifmarkthaler/github/gleitzeit 0.0.7/src/gleitzeit/workers/loki_exporter_worker.py", line 251, in export_logs_to_loki
[2025-11-01 09:19:23] [STDERR]     async with self.session.post(
[2025-11-01 09:19:23] [STDERR]   File "/opt/homebrew/Caskroom/miniconda/base/lib/python3.11/site-packages/aiohttp/client.py", line 1488, in __aenter__
[2025-11-01 09:19:23] [STDERR]     self._resp: _RetType = await self._coro
[2025-11-01 09:19:23] [STDERR]                            ^^^^^^^^^^^^^^^^
[2025-11-01 09:19:23] [STDERR]   File "/opt/homebrew/Caskroom/miniconda/base/lib/python3.11/site-packages/aiohttp/client.py", line 770, in _request
[2025-11-01 09:19:23] [STDERR]     resp = await handler(req)
[2025-11-01 09:19:23] [STDERR]            ^^^^^^^^^^^^^^^^^^
[2025-11-01 09:19:23] [STDERR]   File "/opt/homebrew/Caskroom/miniconda/base/lib/python3.11/site-packages/aiohttp/client.py", line 725, in _connect_and_send_request
[2025-11-01 09:19:23] [STDERR]     conn = await self._connector.connect(
[2025-11-01 09:19:23] [STDERR]            ^^^^^^^^^^^^^^^^^^^^^^^^^^^^^^
[2025-11-01 09:19:23] [STDERR]   File "/opt/homebrew/Caskroom/miniconda/base/lib/python3.11/site-packages/aiohttp/connector.py", line 642, in connect
[2025-11-01 09:19:23] [STDERR]     proto = await self._create_connection(req, traces, timeout)
[2025-11-01 09:19:23] [STDERR]             ^^^^^^^^^^^^^^^^^^^^^^^^^^^^^^^^^^^^^^^^^^^^^^^^^^^
[2025-11-01 09:19:23] [STDERR]   File "/opt/homebrew/Caskroom/miniconda/base/lib/python3.11/site-packages/aiohttp/connector.py", line 1209, in _create_connection
[2025-11-01 09:19:23] [STDERR]     _, proto = await self._create_direct_connection(req, traces, timeout)
[2025-11-01 09:19:23] [STDERR]                ^^^^^^^^^^^^^^^^^^^^^^^^^^^^^^^^^^^^^^^^^^^^^^^^^^^^^^^^^^
[2025-11-01 09:19:23] [STDERR]   File "/opt/homebrew/Caskroom/miniconda/base/lib/python3.11/site-packages/aiohttp/connector.py", line 1581, in _create_direct_connection
[2025-11-01 09:19:23] [STDERR]     raise last_exc
[2025-11-01 09:19:23] [STDERR]   File "/opt/homebrew/Caskroom/miniconda/base/lib/python3.11/site-packages/aiohttp/connector.py", line 1550, in _create_direct_connection
[2025-11-01 09:19:23] [STDERR]     transp, proto = await self._wrap_create_connection(
[2025-11-01 09:19:23] [STDERR]                     ^^^^^^^^^^^^^^^^^^^^^^^^^^^^^^^^^^^
[2025-11-01 09:19:23] [STDERR]   File "/opt/homebrew/Caskroom/miniconda/base/lib/python3.11/site-packages/aiohttp/connector.py", line 1291, in _wrap_create_connection
[2025-11-01 09:19:23] [STDERR]     raise client_error(req.connection_key, exc) from exc
[2025-11-01 09:19:23] [STDERR] aiohttp.client_exceptions.ClientConnectorError: Cannot connect to host localhost:3100 ssl:default [Multiple exceptions: [Errno 61] Connect call failed ('::1', 3100, 0, 0), [Errno 61] Connect call failed ('127.0.0.1', 3100)]
[2025-11-01 09:19:28] [STDERR] 2025-11-01 09:19:28,394 - LokiExporter.loki-exporter - ERROR - Failed to export logs to Loki: Cannot connect to host localhost:3100 ssl:default [Multiple exceptions: [Errno 61] Connect call failed ('127.0.0.1', 3100), [Errno 61] Connect call failed ('::1', 3100, 0, 0)]
[2025-11-01 09:19:28] [STDERR] Traceback (most recent call last):
[2025-11-01 09:19:28] [STDERR]   File "/opt/homebrew/Caskroom/miniconda/base/lib/python3.11/site-packages/aiohttp/connector.py", line 1268, in _wrap_create_connection
[2025-11-01 09:19:28] [STDERR]     sock = await aiohappyeyeballs.start_connection(
[2025-11-01 09:19:28] [STDERR]            ^^^^^^^^^^^^^^^^^^^^^^^^^^^^^^^^^^^^^^^^
[2025-11-01 09:19:28] [STDERR]   File "/opt/homebrew/Caskroom/miniconda/base/lib/python3.11/site-packages/aiohappyeyeballs/impl.py", line 141, in start_connection
[2025-11-01 09:19:28] [STDERR]     raise OSError(first_errno, msg)
[2025-11-01 09:19:28] [STDERR] ConnectionRefusedError: [Errno 61] Multiple exceptions: [Errno 61] Connect call failed ('127.0.0.1', 3100), [Errno 61] Connect call failed ('::1', 3100, 0, 0)
[2025-11-01 09:19:28] [STDERR] 
[2025-11-01 09:19:28] [STDERR] The above exception was the direct cause of the following exception:
[2025-11-01 09:19:28] [STDERR] 
[2025-11-01 09:19:28] [STDERR] Traceback (most recent call last):
[2025-11-01 09:19:28] [STDERR]   File "/Users/leifmarkthaler/github/gleitzeit 0.0.7/src/gleitzeit/workers/loki_exporter_worker.py", line 251, in export_logs_to_loki
[2025-11-01 09:19:28] [STDERR]     async with self.session.post(
[2025-11-01 09:19:28] [STDERR]   File "/opt/homebrew/Caskroom/miniconda/base/lib/python3.11/site-packages/aiohttp/client.py", line 1488, in __aenter__
[2025-11-01 09:19:28] [STDERR]     self._resp: _RetType = await self._coro
[2025-11-01 09:19:28] [STDERR]                            ^^^^^^^^^^^^^^^^
[2025-11-01 09:19:28] [STDERR]   File "/opt/homebrew/Caskroom/miniconda/base/lib/python3.11/site-packages/aiohttp/client.py", line 770, in _request
[2025-11-01 09:19:28] [STDERR]     resp = await handler(req)
[2025-11-01 09:19:28] [STDERR]            ^^^^^^^^^^^^^^^^^^
[2025-11-01 09:19:28] [STDERR]   File "/opt/homebrew/Caskroom/miniconda/base/lib/python3.11/site-packages/aiohttp/client.py", line 725, in _connect_and_send_request
[2025-11-01 09:19:28] [STDERR]     conn = await self._connector.connect(
[2025-11-01 09:19:28] [STDERR]            ^^^^^^^^^^^^^^^^^^^^^^^^^^^^^^
[2025-11-01 09:19:28] [STDERR]   File "/opt/homebrew/Caskroom/miniconda/base/lib/python3.11/site-packages/aiohttp/connector.py", line 642, in connect
[2025-11-01 09:19:28] [STDERR]     proto = await self._create_connection(req, traces, timeout)
[2025-11-01 09:19:28] [STDERR]             ^^^^^^^^^^^^^^^^^^^^^^^^^^^^^^^^^^^^^^^^^^^^^^^^^^^
[2025-11-01 09:19:28] [STDERR]   File "/opt/homebrew/Caskroom/miniconda/base/lib/python3.11/site-packages/aiohttp/connector.py", line 1209, in _create_connection
[2025-11-01 09:19:28] [STDERR]     _, proto = await self._create_direct_connection(req, traces, timeout)
[2025-11-01 09:19:28] [STDERR]                ^^^^^^^^^^^^^^^^^^^^^^^^^^^^^^^^^^^^^^^^^^^^^^^^^^^^^^^^^^
[2025-11-01 09:19:28] [STDERR]   File "/opt/homebrew/Caskroom/miniconda/base/lib/python3.11/site-packages/aiohttp/connector.py", line 1581, in _create_direct_connection
[2025-11-01 09:19:28] [STDERR]     raise last_exc
[2025-11-01 09:19:28] [STDERR]   File "/opt/homebrew/Caskroom/miniconda/base/lib/python3.11/site-packages/aiohttp/connector.py", line 1550, in _create_direct_connection
[2025-11-01 09:19:28] [STDERR]     transp, proto = await self._wrap_create_connection(
[2025-11-01 09:19:28] [STDERR]                     ^^^^^^^^^^^^^^^^^^^^^^^^^^^^^^^^^^^
[2025-11-01 09:19:28] [STDERR]   File "/opt/homebrew/Caskroom/miniconda/base/lib/python3.11/site-packages/aiohttp/connector.py", line 1291, in _wrap_create_connection
[2025-11-01 09:19:28] [STDERR]     raise client_error(req.connection_key, exc) from exc
[2025-11-01 09:19:28] [STDERR] aiohttp.client_exceptions.ClientConnectorError: Cannot connect to host localhost:3100 ssl:default [Multiple exceptions: [Errno 61] Connect call failed ('127.0.0.1', 3100), [Errno 61] Connect call failed ('::1', 3100, 0, 0)]
[2025-11-01 09:19:33] [STDERR] 2025-11-01 09:19:33,435 - LokiExporter.loki-exporter - ERROR - Failed to export logs to Loki: Cannot connect to host localhost:3100 ssl:default [Multiple exceptions: [Errno 61] Connect call failed ('::1', 3100, 0, 0), [Errno 61] Connect call failed ('127.0.0.1', 3100)]
[2025-11-01 09:19:33] [STDERR] Traceback (most recent call last):
[2025-11-01 09:19:33] [STDERR]   File "/opt/homebrew/Caskroom/miniconda/base/lib/python3.11/site-packages/aiohttp/connector.py", line 1268, in _wrap_create_connection
[2025-11-01 09:19:33] [STDERR]     sock = await aiohappyeyeballs.start_connection(
[2025-11-01 09:19:33] [STDERR]            ^^^^^^^^^^^^^^^^^^^^^^^^^^^^^^^^^^^^^^^^
[2025-11-01 09:19:33] [STDERR]   File "/opt/homebrew/Caskroom/miniconda/base/lib/python3.11/site-packages/aiohappyeyeballs/impl.py", line 141, in start_connection
[2025-11-01 09:19:33] [STDERR]     raise OSError(first_errno, msg)
[2025-11-01 09:19:33] [STDERR] ConnectionRefusedError: [Errno 61] Multiple exceptions: [Errno 61] Connect call failed ('::1', 3100, 0, 0), [Errno 61] Connect call failed ('127.0.0.1', 3100)
[2025-11-01 09:19:33] [STDERR] 
[2025-11-01 09:19:33] [STDERR] The above exception was the direct cause of the following exception:
[2025-11-01 09:19:33] [STDERR] 
[2025-11-01 09:19:33] [STDERR] Traceback (most recent call last):
[2025-11-01 09:19:33] [STDERR]   File "/Users/leifmarkthaler/github/gleitzeit 0.0.7/src/gleitzeit/workers/loki_exporter_worker.py", line 251, in export_logs_to_loki
[2025-11-01 09:19:33] [STDERR]     async with self.session.post(
[2025-11-01 09:19:33] [STDERR]   File "/opt/homebrew/Caskroom/miniconda/base/lib/python3.11/site-packages/aiohttp/client.py", line 1488, in __aenter__
[2025-11-01 09:19:33] [STDERR]     self._resp: _RetType = await self._coro
[2025-11-01 09:19:33] [STDERR]                            ^^^^^^^^^^^^^^^^
[2025-11-01 09:19:33] [STDERR]   File "/opt/homebrew/Caskroom/miniconda/base/lib/python3.11/site-packages/aiohttp/client.py", line 770, in _request
[2025-11-01 09:19:33] [STDERR]     resp = await handler(req)
[2025-11-01 09:19:33] [STDERR]            ^^^^^^^^^^^^^^^^^^
[2025-11-01 09:19:33] [STDERR]   File "/opt/homebrew/Caskroom/miniconda/base/lib/python3.11/site-packages/aiohttp/client.py", line 725, in _connect_and_send_request
[2025-11-01 09:19:33] [STDERR]     conn = await self._connector.connect(
[2025-11-01 09:19:33] [STDERR]            ^^^^^^^^^^^^^^^^^^^^^^^^^^^^^^
[2025-11-01 09:19:33] [STDERR]   File "/opt/homebrew/Caskroom/miniconda/base/lib/python3.11/site-packages/aiohttp/connector.py", line 642, in connect
[2025-11-01 09:19:33] [STDERR]     proto = await self._create_connection(req, traces, timeout)
[2025-11-01 09:19:33] [STDERR]             ^^^^^^^^^^^^^^^^^^^^^^^^^^^^^^^^^^^^^^^^^^^^^^^^^^^
[2025-11-01 09:19:33] [STDERR]   File "/opt/homebrew/Caskroom/miniconda/base/lib/python3.11/site-packages/aiohttp/connector.py", line 1209, in _create_connection
[2025-11-01 09:19:33] [STDERR]     _, proto = await self._create_direct_connection(req, traces, timeout)
[2025-11-01 09:19:33] [STDERR]                ^^^^^^^^^^^^^^^^^^^^^^^^^^^^^^^^^^^^^^^^^^^^^^^^^^^^^^^^^^
[2025-11-01 09:19:33] [STDERR]   File "/opt/homebrew/Caskroom/miniconda/base/lib/python3.11/site-packages/aiohttp/connector.py", line 1581, in _create_direct_connection
[2025-11-01 09:19:33] [STDERR]     raise last_exc
[2025-11-01 09:19:33] [STDERR]   File "/opt/homebrew/Caskroom/miniconda/base/lib/python3.11/site-packages/aiohttp/connector.py", line 1550, in _create_direct_connection
[2025-11-01 09:19:33] [STDERR]     transp, proto = await self._wrap_create_connection(
[2025-11-01 09:19:33] [STDERR]                     ^^^^^^^^^^^^^^^^^^^^^^^^^^^^^^^^^^^
[2025-11-01 09:19:33] [STDERR]   File "/opt/homebrew/Caskroom/miniconda/base/lib/python3.11/site-packages/aiohttp/connector.py", line 1291, in _wrap_create_connection
[2025-11-01 09:19:33] [STDERR]     raise client_error(req.connection_key, exc) from exc
[2025-11-01 09:19:33] [STDERR] aiohttp.client_exceptions.ClientConnectorError: Cannot connect to host localhost:3100 ssl:default [Multiple exceptions: [Errno 61] Connect call failed ('::1', 3100, 0, 0), [Errno 61] Connect call failed ('127.0.0.1', 3100)]
[2025-11-01 09:19:38] [STDERR] 2025-11-01 09:19:38,476 - LokiExporter.loki-exporter - ERROR - Failed to export logs to Loki: Cannot connect to host localhost:3100 ssl:default [Multiple exceptions: [Errno 61] Connect call failed ('127.0.0.1', 3100), [Errno 61] Connect call failed ('::1', 3100, 0, 0)]
[2025-11-01 09:19:38] [STDERR] Traceback (most recent call last):
[2025-11-01 09:19:38] [STDERR]   File "/opt/homebrew/Caskroom/miniconda/base/lib/python3.11/site-packages/aiohttp/connector.py", line 1268, in _wrap_create_connection
[2025-11-01 09:19:38] [STDERR]     sock = await aiohappyeyeballs.start_connection(
[2025-11-01 09:19:38] [STDERR]            ^^^^^^^^^^^^^^^^^^^^^^^^^^^^^^^^^^^^^^^^
[2025-11-01 09:19:38] [STDERR]   File "/opt/homebrew/Caskroom/miniconda/base/lib/python3.11/site-packages/aiohappyeyeballs/impl.py", line 141, in start_connection
[2025-11-01 09:19:38] [STDERR]     raise OSError(first_errno, msg)
[2025-11-01 09:19:38] [STDERR] ConnectionRefusedError: [Errno 61] Multiple exceptions: [Errno 61] Connect call failed ('127.0.0.1', 3100), [Errno 61] Connect call failed ('::1', 3100, 0, 0)
[2025-11-01 09:19:38] [STDERR] 
[2025-11-01 09:19:38] [STDERR] The above exception was the direct cause of the following exception:
[2025-11-01 09:19:38] [STDERR] 
[2025-11-01 09:19:38] [STDERR] Traceback (most recent call last):
[2025-11-01 09:19:38] [STDERR]   File "/Users/leifmarkthaler/github/gleitzeit 0.0.7/src/gleitzeit/workers/loki_exporter_worker.py", line 251, in export_logs_to_loki
[2025-11-01 09:19:38] [STDERR]     async with self.session.post(
[2025-11-01 09:19:38] [STDERR]   File "/opt/homebrew/Caskroom/miniconda/base/lib/python3.11/site-packages/aiohttp/client.py", line 1488, in __aenter__
[2025-11-01 09:19:38] [STDERR]     self._resp: _RetType = await self._coro
[2025-11-01 09:19:38] [STDERR]                            ^^^^^^^^^^^^^^^^
[2025-11-01 09:19:38] [STDERR]   File "/opt/homebrew/Caskroom/miniconda/base/lib/python3.11/site-packages/aiohttp/client.py", line 770, in _request
[2025-11-01 09:19:38] [STDERR]     resp = await handler(req)
[2025-11-01 09:19:38] [STDERR]            ^^^^^^^^^^^^^^^^^^
[2025-11-01 09:19:38] [STDERR]   File "/opt/homebrew/Caskroom/miniconda/base/lib/python3.11/site-packages/aiohttp/client.py", line 725, in _connect_and_send_request
[2025-11-01 09:19:38] [STDERR]     conn = await self._connector.connect(
[2025-11-01 09:19:38] [STDERR]            ^^^^^^^^^^^^^^^^^^^^^^^^^^^^^^
[2025-11-01 09:19:38] [STDERR]   File "/opt/homebrew/Caskroom/miniconda/base/lib/python3.11/site-packages/aiohttp/connector.py", line 642, in connect
[2025-11-01 09:19:38] [STDERR]     proto = await self._create_connection(req, traces, timeout)
[2025-11-01 09:19:38] [STDERR]             ^^^^^^^^^^^^^^^^^^^^^^^^^^^^^^^^^^^^^^^^^^^^^^^^^^^
[2025-11-01 09:19:38] [STDERR]   File "/opt/homebrew/Caskroom/miniconda/base/lib/python3.11/site-packages/aiohttp/connector.py", line 1209, in _create_connection
[2025-11-01 09:19:38] [STDERR]     _, proto = await self._create_direct_connection(req, traces, timeout)
[2025-11-01 09:19:38] [STDERR]                ^^^^^^^^^^^^^^^^^^^^^^^^^^^^^^^^^^^^^^^^^^^^^^^^^^^^^^^^^^
[2025-11-01 09:19:38] [STDERR]   File "/opt/homebrew/Caskroom/miniconda/base/lib/python3.11/site-packages/aiohttp/connector.py", line 1581, in _create_direct_connection
[2025-11-01 09:19:38] [STDERR]     raise last_exc
[2025-11-01 09:19:38] [STDERR]   File "/opt/homebrew/Caskroom/miniconda/base/lib/python3.11/site-packages/aiohttp/connector.py", line 1550, in _create_direct_connection
[2025-11-01 09:19:38] [STDERR]     transp, proto = await self._wrap_create_connection(
[2025-11-01 09:19:38] [STDERR]                     ^^^^^^^^^^^^^^^^^^^^^^^^^^^^^^^^^^^
[2025-11-01 09:19:38] [STDERR]   File "/opt/homebrew/Caskroom/miniconda/base/lib/python3.11/site-packages/aiohttp/connector.py", line 1291, in _wrap_create_connection
[2025-11-01 09:19:38] [STDERR]     raise client_error(req.connection_key, exc) from exc
[2025-11-01 09:19:38] [STDERR] aiohttp.client_exceptions.ClientConnectorError: Cannot connect to host localhost:3100 ssl:default [Multiple exceptions: [Errno 61] Connect call failed ('127.0.0.1', 3100), [Errno 61] Connect call failed ('::1', 3100, 0, 0)]
[2025-11-01 09:19:43] [STDERR] 2025-11-01 09:19:43,516 - LokiExporter.loki-exporter - ERROR - Failed to export logs to Loki: Cannot connect to host localhost:3100 ssl:default [Multiple exceptions: [Errno 61] Connect call failed ('::1', 3100, 0, 0), [Errno 61] Connect call failed ('127.0.0.1', 3100)]
[2025-11-01 09:19:43] [STDERR] Traceback (most recent call last):
[2025-11-01 09:19:43] [STDERR]   File "/opt/homebrew/Caskroom/miniconda/base/lib/python3.11/site-packages/aiohttp/connector.py", line 1268, in _wrap_create_connection
[2025-11-01 09:19:43] [STDERR]     sock = await aiohappyeyeballs.start_connection(
[2025-11-01 09:19:43] [STDERR]            ^^^^^^^^^^^^^^^^^^^^^^^^^^^^^^^^^^^^^^^^
[2025-11-01 09:19:43] [STDERR]   File "/opt/homebrew/Caskroom/miniconda/base/lib/python3.11/site-packages/aiohappyeyeballs/impl.py", line 141, in start_connection
[2025-11-01 09:19:43] [STDERR]     raise OSError(first_errno, msg)
[2025-11-01 09:19:43] [STDERR] ConnectionRefusedError: [Errno 61] Multiple exceptions: [Errno 61] Connect call failed ('::1', 3100, 0, 0), [Errno 61] Connect call failed ('127.0.0.1', 3100)
[2025-11-01 09:19:43] [STDERR] 
[2025-11-01 09:19:43] [STDERR] The above exception was the direct cause of the following exception:
[2025-11-01 09:19:43] [STDERR] 
[2025-11-01 09:19:43] [STDERR] Traceback (most recent call last):
[2025-11-01 09:19:43] [STDERR]   File "/Users/leifmarkthaler/github/gleitzeit 0.0.7/src/gleitzeit/workers/loki_exporter_worker.py", line 251, in export_logs_to_loki
[2025-11-01 09:19:43] [STDERR]     async with self.session.post(
[2025-11-01 09:19:43] [STDERR]   File "/opt/homebrew/Caskroom/miniconda/base/lib/python3.11/site-packages/aiohttp/client.py", line 1488, in __aenter__
[2025-11-01 09:19:43] [STDERR]     self._resp: _RetType = await self._coro
[2025-11-01 09:19:43] [STDERR]                            ^^^^^^^^^^^^^^^^
[2025-11-01 09:19:43] [STDERR]   File "/opt/homebrew/Caskroom/miniconda/base/lib/python3.11/site-packages/aiohttp/client.py", line 770, in _request
[2025-11-01 09:19:43] [STDERR]     resp = await handler(req)
[2025-11-01 09:19:43] [STDERR]            ^^^^^^^^^^^^^^^^^^
[2025-11-01 09:19:43] [STDERR]   File "/opt/homebrew/Caskroom/miniconda/base/lib/python3.11/site-packages/aiohttp/client.py", line 725, in _connect_and_send_request
[2025-11-01 09:19:43] [STDERR]     conn = await self._connector.connect(
[2025-11-01 09:19:43] [STDERR]            ^^^^^^^^^^^^^^^^^^^^^^^^^^^^^^
[2025-11-01 09:19:43] [STDERR]   File "/opt/homebrew/Caskroom/miniconda/base/lib/python3.11/site-packages/aiohttp/connector.py", line 642, in connect
[2025-11-01 09:19:43] [STDERR]     proto = await self._create_connection(req, traces, timeout)
[2025-11-01 09:19:43] [STDERR]             ^^^^^^^^^^^^^^^^^^^^^^^^^^^^^^^^^^^^^^^^^^^^^^^^^^^
[2025-11-01 09:19:43] [STDERR]   File "/opt/homebrew/Caskroom/miniconda/base/lib/python3.11/site-packages/aiohttp/connector.py", line 1209, in _create_connection
[2025-11-01 09:19:43] [STDERR]     _, proto = await self._create_direct_connection(req, traces, timeout)
[2025-11-01 09:19:43] [STDERR]                ^^^^^^^^^^^^^^^^^^^^^^^^^^^^^^^^^^^^^^^^^^^^^^^^^^^^^^^^^^
[2025-11-01 09:19:43] [STDERR]   File "/opt/homebrew/Caskroom/miniconda/base/lib/python3.11/site-packages/aiohttp/connector.py", line 1581, in _create_direct_connection
[2025-11-01 09:19:43] [STDERR]     raise last_exc
[2025-11-01 09:19:43] [STDERR]   File "/opt/homebrew/Caskroom/miniconda/base/lib/python3.11/site-packages/aiohttp/connector.py", line 1550, in _create_direct_connection
[2025-11-01 09:19:43] [STDERR]     transp, proto = await self._wrap_create_connection(
[2025-11-01 09:19:43] [STDERR]                     ^^^^^^^^^^^^^^^^^^^^^^^^^^^^^^^^^^^
[2025-11-01 09:19:43] [STDERR]   File "/opt/homebrew/Caskroom/miniconda/base/lib/python3.11/site-packages/aiohttp/connector.py", line 1291, in _wrap_create_connection
[2025-11-01 09:19:43] [STDERR]     raise client_error(req.connection_key, exc) from exc
[2025-11-01 09:19:43] [STDERR] aiohttp.client_exceptions.ClientConnectorError: Cannot connect to host localhost:3100 ssl:default [Multiple exceptions: [Errno 61] Connect call failed ('::1', 3100, 0, 0), [Errno 61] Connect call failed ('127.0.0.1', 3100)]
[2025-11-01 09:19:48] [STDERR] 2025-11-01 09:19:48,554 - LokiExporter.loki-exporter - ERROR - Failed to export logs to Loki: Cannot connect to host localhost:3100 ssl:default [Multiple exceptions: [Errno 61] Connect call failed ('127.0.0.1', 3100), [Errno 61] Connect call failed ('::1', 3100, 0, 0)]
[2025-11-01 09:19:48] [STDERR] Traceback (most recent call last):
[2025-11-01 09:19:48] [STDERR]   File "/opt/homebrew/Caskroom/miniconda/base/lib/python3.11/site-packages/aiohttp/connector.py", line 1268, in _wrap_create_connection
[2025-11-01 09:19:48] [STDERR]     sock = await aiohappyeyeballs.start_connection(
[2025-11-01 09:19:48] [STDERR]            ^^^^^^^^^^^^^^^^^^^^^^^^^^^^^^^^^^^^^^^^
[2025-11-01 09:19:48] [STDERR]   File "/opt/homebrew/Caskroom/miniconda/base/lib/python3.11/site-packages/aiohappyeyeballs/impl.py", line 141, in start_connection
[2025-11-01 09:19:48] [STDERR]     raise OSError(first_errno, msg)
[2025-11-01 09:19:48] [STDERR] ConnectionRefusedError: [Errno 61] Multiple exceptions: [Errno 61] Connect call failed ('127.0.0.1', 3100), [Errno 61] Connect call failed ('::1', 3100, 0, 0)
[2025-11-01 09:19:48] [STDERR] 
[2025-11-01 09:19:48] [STDERR] The above exception was the direct cause of the following exception:
[2025-11-01 09:19:48] [STDERR] 
[2025-11-01 09:19:48] [STDERR] Traceback (most recent call last):
[2025-11-01 09:19:48] [STDERR]   File "/Users/leifmarkthaler/github/gleitzeit 0.0.7/src/gleitzeit/workers/loki_exporter_worker.py", line 251, in export_logs_to_loki
[2025-11-01 09:19:48] [STDERR]     async with self.session.post(
[2025-11-01 09:19:48] [STDERR]   File "/opt/homebrew/Caskroom/miniconda/base/lib/python3.11/site-packages/aiohttp/client.py", line 1488, in __aenter__
[2025-11-01 09:19:48] [STDERR]     self._resp: _RetType = await self._coro
[2025-11-01 09:19:48] [STDERR]                            ^^^^^^^^^^^^^^^^
[2025-11-01 09:19:48] [STDERR]   File "/opt/homebrew/Caskroom/miniconda/base/lib/python3.11/site-packages/aiohttp/client.py", line 770, in _request
[2025-11-01 09:19:48] [STDERR]     resp = await handler(req)
[2025-11-01 09:19:48] [STDERR]            ^^^^^^^^^^^^^^^^^^
[2025-11-01 09:19:48] [STDERR]   File "/opt/homebrew/Caskroom/miniconda/base/lib/python3.11/site-packages/aiohttp/client.py", line 725, in _connect_and_send_request
[2025-11-01 09:19:48] [STDERR]     conn = await self._connector.connect(
[2025-11-01 09:19:48] [STDERR]            ^^^^^^^^^^^^^^^^^^^^^^^^^^^^^^
[2025-11-01 09:19:48] [STDERR]   File "/opt/homebrew/Caskroom/miniconda/base/lib/python3.11/site-packages/aiohttp/connector.py", line 642, in connect
[2025-11-01 09:19:48] [STDERR]     proto = await self._create_connection(req, traces, timeout)
[2025-11-01 09:19:48] [STDERR]             ^^^^^^^^^^^^^^^^^^^^^^^^^^^^^^^^^^^^^^^^^^^^^^^^^^^
[2025-11-01 09:19:48] [STDERR]   File "/opt/homebrew/Caskroom/miniconda/base/lib/python3.11/site-packages/aiohttp/connector.py", line 1209, in _create_connection
[2025-11-01 09:19:48] [STDERR]     _, proto = await self._create_direct_connection(req, traces, timeout)
[2025-11-01 09:19:48] [STDERR]                ^^^^^^^^^^^^^^^^^^^^^^^^^^^^^^^^^^^^^^^^^^^^^^^^^^^^^^^^^^
[2025-11-01 09:19:48] [STDERR]   File "/opt/homebrew/Caskroom/miniconda/base/lib/python3.11/site-packages/aiohttp/connector.py", line 1581, in _create_direct_connection
[2025-11-01 09:19:48] [STDERR]     raise last_exc
[2025-11-01 09:19:48] [STDERR]   File "/opt/homebrew/Caskroom/miniconda/base/lib/python3.11/site-packages/aiohttp/connector.py", line 1550, in _create_direct_connection
[2025-11-01 09:19:48] [STDERR]     transp, proto = await self._wrap_create_connection(
[2025-11-01 09:19:48] [STDERR]                     ^^^^^^^^^^^^^^^^^^^^^^^^^^^^^^^^^^^
[2025-11-01 09:19:48] [STDERR]   File "/opt/homebrew/Caskroom/miniconda/base/lib/python3.11/site-packages/aiohttp/connector.py", line 1291, in _wrap_create_connection
[2025-11-01 09:19:48] [STDERR]     raise client_error(req.connection_key, exc) from exc
[2025-11-01 09:19:48] [STDERR] aiohttp.client_exceptions.ClientConnectorError: Cannot connect to host localhost:3100 ssl:default [Multiple exceptions: [Errno 61] Connect call failed ('127.0.0.1', 3100), [Errno 61] Connect call failed ('::1', 3100, 0, 0)]
[2025-11-01 09:19:53] [STDERR] 2025-11-01 09:19:53,588 - LokiExporter.loki-exporter - ERROR - Failed to export logs to Loki: Cannot connect to host localhost:3100 ssl:default [Multiple exceptions: [Errno 61] Connect call failed ('::1', 3100, 0, 0), [Errno 61] Connect call failed ('127.0.0.1', 3100)]
[2025-11-01 09:19:53] [STDERR] Traceback (most recent call last):
[2025-11-01 09:19:53] [STDERR]   File "/opt/homebrew/Caskroom/miniconda/base/lib/python3.11/site-packages/aiohttp/connector.py", line 1268, in _wrap_create_connection
[2025-11-01 09:19:53] [STDERR]     sock = await aiohappyeyeballs.start_connection(
[2025-11-01 09:19:53] [STDERR]            ^^^^^^^^^^^^^^^^^^^^^^^^^^^^^^^^^^^^^^^^
[2025-11-01 09:19:53] [STDERR]   File "/opt/homebrew/Caskroom/miniconda/base/lib/python3.11/site-packages/aiohappyeyeballs/impl.py", line 141, in start_connection
[2025-11-01 09:19:53] [STDERR]     raise OSError(first_errno, msg)
[2025-11-01 09:19:53] [STDERR] ConnectionRefusedError: [Errno 61] Multiple exceptions: [Errno 61] Connect call failed ('::1', 3100, 0, 0), [Errno 61] Connect call failed ('127.0.0.1', 3100)
[2025-11-01 09:19:53] [STDERR] 
[2025-11-01 09:19:53] [STDERR] The above exception was the direct cause of the following exception:
[2025-11-01 09:19:53] [STDERR] 
[2025-11-01 09:19:53] [STDERR] Traceback (most recent call last):
[2025-11-01 09:19:53] [STDERR]   File "/Users/leifmarkthaler/github/gleitzeit 0.0.7/src/gleitzeit/workers/loki_exporter_worker.py", line 251, in export_logs_to_loki
[2025-11-01 09:19:53] [STDERR]     async with self.session.post(
[2025-11-01 09:19:53] [STDERR]   File "/opt/homebrew/Caskroom/miniconda/base/lib/python3.11/site-packages/aiohttp/client.py", line 1488, in __aenter__
[2025-11-01 09:19:53] [STDERR]     self._resp: _RetType = await self._coro
[2025-11-01 09:19:53] [STDERR]                            ^^^^^^^^^^^^^^^^
[2025-11-01 09:19:53] [STDERR]   File "/opt/homebrew/Caskroom/miniconda/base/lib/python3.11/site-packages/aiohttp/client.py", line 770, in _request
[2025-11-01 09:19:53] [STDERR]     resp = await handler(req)
[2025-11-01 09:19:53] [STDERR]            ^^^^^^^^^^^^^^^^^^
[2025-11-01 09:19:53] [STDERR]   File "/opt/homebrew/Caskroom/miniconda/base/lib/python3.11/site-packages/aiohttp/client.py", line 725, in _connect_and_send_request
[2025-11-01 09:19:53] [STDERR]     conn = await self._connector.connect(
[2025-11-01 09:19:53] [STDERR]            ^^^^^^^^^^^^^^^^^^^^^^^^^^^^^^
[2025-11-01 09:19:53] [STDERR]   File "/opt/homebrew/Caskroom/miniconda/base/lib/python3.11/site-packages/aiohttp/connector.py", line 642, in connect
[2025-11-01 09:19:53] [STDERR]     proto = await self._create_connection(req, traces, timeout)
[2025-11-01 09:19:53] [STDERR]             ^^^^^^^^^^^^^^^^^^^^^^^^^^^^^^^^^^^^^^^^^^^^^^^^^^^
[2025-11-01 09:19:53] [STDERR]   File "/opt/homebrew/Caskroom/miniconda/base/lib/python3.11/site-packages/aiohttp/connector.py", line 1209, in _create_connection
[2025-11-01 09:19:53] [STDERR]     _, proto = await self._create_direct_connection(req, traces, timeout)
[2025-11-01 09:19:53] [STDERR]                ^^^^^^^^^^^^^^^^^^^^^^^^^^^^^^^^^^^^^^^^^^^^^^^^^^^^^^^^^^
[2025-11-01 09:19:53] [STDERR]   File "/opt/homebrew/Caskroom/miniconda/base/lib/python3.11/site-packages/aiohttp/connector.py", line 1581, in _create_direct_connection
[2025-11-01 09:19:53] [STDERR]     raise last_exc
[2025-11-01 09:19:53] [STDERR]   File "/opt/homebrew/Caskroom/miniconda/base/lib/python3.11/site-packages/aiohttp/connector.py", line 1550, in _create_direct_connection
[2025-11-01 09:19:53] [STDERR]     transp, proto = await self._wrap_create_connection(
[2025-11-01 09:19:53] [STDERR]                     ^^^^^^^^^^^^^^^^^^^^^^^^^^^^^^^^^^^
[2025-11-01 09:19:53] [STDERR]   File "/opt/homebrew/Caskroom/miniconda/base/lib/python3.11/site-packages/aiohttp/connector.py", line 1291, in _wrap_create_connection
[2025-11-01 09:19:53] [STDERR]     raise client_error(req.connection_key, exc) from exc
[2025-11-01 09:19:53] [STDERR] aiohttp.client_exceptions.ClientConnectorError: Cannot connect to host localhost:3100 ssl:default [Multiple exceptions: [Errno 61] Connect call failed ('::1', 3100, 0, 0), [Errno 61] Connect call failed ('127.0.0.1', 3100)]
[2025-11-01 09:19:58] [STDERR] 2025-11-01 09:19:58,621 - LokiExporter.loki-exporter - ERROR - Failed to export logs to Loki: Cannot connect to host localhost:3100 ssl:default [Multiple exceptions: [Errno 61] Connect call failed ('127.0.0.1', 3100), [Errno 61] Connect call failed ('::1', 3100, 0, 0)]
[2025-11-01 09:19:58] [STDERR] Traceback (most recent call last):
[2025-11-01 09:19:58] [STDERR]   File "/opt/homebrew/Caskroom/miniconda/base/lib/python3.11/site-packages/aiohttp/connector.py", line 1268, in _wrap_create_connection
[2025-11-01 09:19:58] [STDERR]     sock = await aiohappyeyeballs.start_connection(
[2025-11-01 09:19:58] [STDERR]            ^^^^^^^^^^^^^^^^^^^^^^^^^^^^^^^^^^^^^^^^
[2025-11-01 09:19:58] [STDERR]   File "/opt/homebrew/Caskroom/miniconda/base/lib/python3.11/site-packages/aiohappyeyeballs/impl.py", line 141, in start_connection
[2025-11-01 09:19:58] [STDERR]     raise OSError(first_errno, msg)
[2025-11-01 09:19:58] [STDERR] ConnectionRefusedError: [Errno 61] Multiple exceptions: [Errno 61] Connect call failed ('127.0.0.1', 3100), [Errno 61] Connect call failed ('::1', 3100, 0, 0)
[2025-11-01 09:19:58] [STDERR] 
[2025-11-01 09:19:58] [STDERR] The above exception was the direct cause of the following exception:
[2025-11-01 09:19:58] [STDERR] 
[2025-11-01 09:19:58] [STDERR] Traceback (most recent call last):
[2025-11-01 09:19:58] [STDERR]   File "/Users/leifmarkthaler/github/gleitzeit 0.0.7/src/gleitzeit/workers/loki_exporter_worker.py", line 251, in export_logs_to_loki
[2025-11-01 09:19:58] [STDERR]     async with self.session.post(
[2025-11-01 09:19:58] [STDERR]   File "/opt/homebrew/Caskroom/miniconda/base/lib/python3.11/site-packages/aiohttp/client.py", line 1488, in __aenter__
[2025-11-01 09:19:58] [STDERR]     self._resp: _RetType = await self._coro
[2025-11-01 09:19:58] [STDERR]                            ^^^^^^^^^^^^^^^^
[2025-11-01 09:19:58] [STDERR]   File "/opt/homebrew/Caskroom/miniconda/base/lib/python3.11/site-packages/aiohttp/client.py", line 770, in _request
[2025-11-01 09:19:58] [STDERR]     resp = await handler(req)
[2025-11-01 09:19:58] [STDERR]            ^^^^^^^^^^^^^^^^^^
[2025-11-01 09:19:58] [STDERR]   File "/opt/homebrew/Caskroom/miniconda/base/lib/python3.11/site-packages/aiohttp/client.py", line 725, in _connect_and_send_request
[2025-11-01 09:19:58] [STDERR]     conn = await self._connector.connect(
[2025-11-01 09:19:58] [STDERR]            ^^^^^^^^^^^^^^^^^^^^^^^^^^^^^^
[2025-11-01 09:19:58] [STDERR]   File "/opt/homebrew/Caskroom/miniconda/base/lib/python3.11/site-packages/aiohttp/connector.py", line 642, in connect
[2025-11-01 09:19:58] [STDERR]     proto = await self._create_connection(req, traces, timeout)
[2025-11-01 09:19:58] [STDERR]             ^^^^^^^^^^^^^^^^^^^^^^^^^^^^^^^^^^^^^^^^^^^^^^^^^^^
[2025-11-01 09:19:58] [STDERR]   File "/opt/homebrew/Caskroom/miniconda/base/lib/python3.11/site-packages/aiohttp/connector.py", line 1209, in _create_connection
[2025-11-01 09:19:58] [STDERR]     _, proto = await self._create_direct_connection(req, traces, timeout)
[2025-11-01 09:19:58] [STDERR]                ^^^^^^^^^^^^^^^^^^^^^^^^^^^^^^^^^^^^^^^^^^^^^^^^^^^^^^^^^^
[2025-11-01 09:19:58] [STDERR]   File "/opt/homebrew/Caskroom/miniconda/base/lib/python3.11/site-packages/aiohttp/connector.py", line 1581, in _create_direct_connection
[2025-11-01 09:19:58] [STDERR]     raise last_exc
[2025-11-01 09:19:58] [STDERR]   File "/opt/homebrew/Caskroom/miniconda/base/lib/python3.11/site-packages/aiohttp/connector.py", line 1550, in _create_direct_connection
[2025-11-01 09:19:58] [STDERR]     transp, proto = await self._wrap_create_connection(
[2025-11-01 09:19:58] [STDERR]                     ^^^^^^^^^^^^^^^^^^^^^^^^^^^^^^^^^^^
[2025-11-01 09:19:58] [STDERR]   File "/opt/homebrew/Caskroom/miniconda/base/lib/python3.11/site-packages/aiohttp/connector.py", line 1291, in _wrap_create_connection
[2025-11-01 09:19:58] [STDERR]     raise client_error(req.connection_key, exc) from exc
[2025-11-01 09:19:58] [STDERR] aiohttp.client_exceptions.ClientConnectorError: Cannot connect to host localhost:3100 ssl:default [Multiple exceptions: [Errno 61] Connect call failed ('127.0.0.1', 3100), [Errno 61] Connect call failed ('::1', 3100, 0, 0)]
[2025-11-01 09:20:03] [STDERR] 2025-11-01 09:20:03,655 - LokiExporter.loki-exporter - ERROR - Failed to export logs to Loki: Cannot connect to host localhost:3100 ssl:default [Multiple exceptions: [Errno 61] Connect call failed ('::1', 3100, 0, 0), [Errno 61] Connect call failed ('127.0.0.1', 3100)]
[2025-11-01 09:20:03] [STDERR] Traceback (most recent call last):
[2025-11-01 09:20:03] [STDERR]   File "/opt/homebrew/Caskroom/miniconda/base/lib/python3.11/site-packages/aiohttp/connector.py", line 1268, in _wrap_create_connection
[2025-11-01 09:20:03] [STDERR]     sock = await aiohappyeyeballs.start_connection(
[2025-11-01 09:20:03] [STDERR]            ^^^^^^^^^^^^^^^^^^^^^^^^^^^^^^^^^^^^^^^^
[2025-11-01 09:20:03] [STDERR]   File "/opt/homebrew/Caskroom/miniconda/base/lib/python3.11/site-packages/aiohappyeyeballs/impl.py", line 141, in start_connection
[2025-11-01 09:20:03] [STDERR]     raise OSError(first_errno, msg)
[2025-11-01 09:20:03] [STDERR] ConnectionRefusedError: [Errno 61] Multiple exceptions: [Errno 61] Connect call failed ('::1', 3100, 0, 0), [Errno 61] Connect call failed ('127.0.0.1', 3100)
[2025-11-01 09:20:03] [STDERR] 
[2025-11-01 09:20:03] [STDERR] The above exception was the direct cause of the following exception:
[2025-11-01 09:20:03] [STDERR] 
[2025-11-01 09:20:03] [STDERR] Traceback (most recent call last):
[2025-11-01 09:20:03] [STDERR]   File "/Users/leifmarkthaler/github/gleitzeit 0.0.7/src/gleitzeit/workers/loki_exporter_worker.py", line 251, in export_logs_to_loki
[2025-11-01 09:20:03] [STDERR]     async with self.session.post(
[2025-11-01 09:20:03] [STDERR]   File "/opt/homebrew/Caskroom/miniconda/base/lib/python3.11/site-packages/aiohttp/client.py", line 1488, in __aenter__
[2025-11-01 09:20:03] [STDERR]     self._resp: _RetType = await self._coro
[2025-11-01 09:20:03] [STDERR]                            ^^^^^^^^^^^^^^^^
[2025-11-01 09:20:03] [STDERR]   File "/opt/homebrew/Caskroom/miniconda/base/lib/python3.11/site-packages/aiohttp/client.py", line 770, in _request
[2025-11-01 09:20:03] [STDERR]     resp = await handler(req)
[2025-11-01 09:20:03] [STDERR]            ^^^^^^^^^^^^^^^^^^
[2025-11-01 09:20:03] [STDERR]   File "/opt/homebrew/Caskroom/miniconda/base/lib/python3.11/site-packages/aiohttp/client.py", line 725, in _connect_and_send_request
[2025-11-01 09:20:03] [STDERR]     conn = await self._connector.connect(
[2025-11-01 09:20:03] [STDERR]            ^^^^^^^^^^^^^^^^^^^^^^^^^^^^^^
[2025-11-01 09:20:03] [STDERR]   File "/opt/homebrew/Caskroom/miniconda/base/lib/python3.11/site-packages/aiohttp/connector.py", line 642, in connect
[2025-11-01 09:20:03] [STDERR]     proto = await self._create_connection(req, traces, timeout)
[2025-11-01 09:20:03] [STDERR]             ^^^^^^^^^^^^^^^^^^^^^^^^^^^^^^^^^^^^^^^^^^^^^^^^^^^
[2025-11-01 09:20:03] [STDERR]   File "/opt/homebrew/Caskroom/miniconda/base/lib/python3.11/site-packages/aiohttp/connector.py", line 1209, in _create_connection
[2025-11-01 09:20:03] [STDERR]     _, proto = await self._create_direct_connection(req, traces, timeout)
[2025-11-01 09:20:03] [STDERR]                ^^^^^^^^^^^^^^^^^^^^^^^^^^^^^^^^^^^^^^^^^^^^^^^^^^^^^^^^^^
[2025-11-01 09:20:03] [STDERR]   File "/opt/homebrew/Caskroom/miniconda/base/lib/python3.11/site-packages/aiohttp/connector.py", line 1581, in _create_direct_connection
[2025-11-01 09:20:03] [STDERR]     raise last_exc
[2025-11-01 09:20:03] [STDERR]   File "/opt/homebrew/Caskroom/miniconda/base/lib/python3.11/site-packages/aiohttp/connector.py", line 1550, in _create_direct_connection
[2025-11-01 09:20:03] [STDERR]     transp, proto = await self._wrap_create_connection(
[2025-11-01 09:20:03] [STDERR]                     ^^^^^^^^^^^^^^^^^^^^^^^^^^^^^^^^^^^
[2025-11-01 09:20:03] [STDERR]   File "/opt/homebrew/Caskroom/miniconda/base/lib/python3.11/site-packages/aiohttp/connector.py", line 1291, in _wrap_create_connection
[2025-11-01 09:20:03] [STDERR]     raise client_error(req.connection_key, exc) from exc
[2025-11-01 09:20:03] [STDERR] aiohttp.client_exceptions.ClientConnectorError: Cannot connect to host localhost:3100 ssl:default [Multiple exceptions: [Errno 61] Connect call failed ('::1', 3100, 0, 0), [Errno 61] Connect call failed ('127.0.0.1', 3100)]
[2025-11-01 09:20:08] [STDERR] 2025-11-01 09:20:08,681 - LokiExporter.loki-exporter - ERROR - Failed to export logs to Loki: Cannot connect to host localhost:3100 ssl:default [Multiple exceptions: [Errno 61] Connect call failed ('127.0.0.1', 3100), [Errno 61] Connect call failed ('::1', 3100, 0, 0)]
[2025-11-01 09:20:08] [STDERR] Traceback (most recent call last):
[2025-11-01 09:20:08] [STDERR]   File "/opt/homebrew/Caskroom/miniconda/base/lib/python3.11/site-packages/aiohttp/connector.py", line 1268, in _wrap_create_connection
[2025-11-01 09:20:08] [STDERR]     sock = await aiohappyeyeballs.start_connection(
[2025-11-01 09:20:08] [STDERR]            ^^^^^^^^^^^^^^^^^^^^^^^^^^^^^^^^^^^^^^^^
[2025-11-01 09:20:08] [STDERR]   File "/opt/homebrew/Caskroom/miniconda/base/lib/python3.11/site-packages/aiohappyeyeballs/impl.py", line 141, in start_connection
[2025-11-01 09:20:08] [STDERR]     raise OSError(first_errno, msg)
[2025-11-01 09:20:08] [STDERR] ConnectionRefusedError: [Errno 61] Multiple exceptions: [Errno 61] Connect call failed ('127.0.0.1', 3100), [Errno 61] Connect call failed ('::1', 3100, 0, 0)
[2025-11-01 09:20:08] [STDERR] 
[2025-11-01 09:20:08] [STDERR] The above exception was the direct cause of the following exception:
[2025-11-01 09:20:08] [STDERR] 
[2025-11-01 09:20:08] [STDERR] Traceback (most recent call last):
[2025-11-01 09:20:08] [STDERR]   File "/Users/leifmarkthaler/github/gleitzeit 0.0.7/src/gleitzeit/workers/loki_exporter_worker.py", line 251, in export_logs_to_loki
[2025-11-01 09:20:08] [STDERR]     async with self.session.post(
[2025-11-01 09:20:08] [STDERR]   File "/opt/homebrew/Caskroom/miniconda/base/lib/python3.11/site-packages/aiohttp/client.py", line 1488, in __aenter__
[2025-11-01 09:20:08] [STDERR]     self._resp: _RetType = await self._coro
[2025-11-01 09:20:08] [STDERR]                            ^^^^^^^^^^^^^^^^
[2025-11-01 09:20:08] [STDERR]   File "/opt/homebrew/Caskroom/miniconda/base/lib/python3.11/site-packages/aiohttp/client.py", line 770, in _request
[2025-11-01 09:20:08] [STDERR]     resp = await handler(req)
[2025-11-01 09:20:08] [STDERR]            ^^^^^^^^^^^^^^^^^^
[2025-11-01 09:20:08] [STDERR]   File "/opt/homebrew/Caskroom/miniconda/base/lib/python3.11/site-packages/aiohttp/client.py", line 725, in _connect_and_send_request
[2025-11-01 09:20:08] [STDERR]     conn = await self._connector.connect(
[2025-11-01 09:20:08] [STDERR]            ^^^^^^^^^^^^^^^^^^^^^^^^^^^^^^
[2025-11-01 09:20:08] [STDERR]   File "/opt/homebrew/Caskroom/miniconda/base/lib/python3.11/site-packages/aiohttp/connector.py", line 642, in connect
[2025-11-01 09:20:08] [STDERR]     proto = await self._create_connection(req, traces, timeout)
[2025-11-01 09:20:08] [STDERR]             ^^^^^^^^^^^^^^^^^^^^^^^^^^^^^^^^^^^^^^^^^^^^^^^^^^^
[2025-11-01 09:20:08] [STDERR]   File "/opt/homebrew/Caskroom/miniconda/base/lib/python3.11/site-packages/aiohttp/connector.py", line 1209, in _create_connection
[2025-11-01 09:20:08] [STDERR]     _, proto = await self._create_direct_connection(req, traces, timeout)
[2025-11-01 09:20:08] [STDERR]                ^^^^^^^^^^^^^^^^^^^^^^^^^^^^^^^^^^^^^^^^^^^^^^^^^^^^^^^^^^
[2025-11-01 09:20:08] [STDERR]   File "/opt/homebrew/Caskroom/miniconda/base/lib/python3.11/site-packages/aiohttp/connector.py", line 1581, in _create_direct_connection
[2025-11-01 09:20:08] [STDERR]     raise last_exc
[2025-11-01 09:20:08] [STDERR]   File "/opt/homebrew/Caskroom/miniconda/base/lib/python3.11/site-packages/aiohttp/connector.py", line 1550, in _create_direct_connection
[2025-11-01 09:20:08] [STDERR]     transp, proto = await self._wrap_create_connection(
[2025-11-01 09:20:08] [STDERR]                     ^^^^^^^^^^^^^^^^^^^^^^^^^^^^^^^^^^^
[2025-11-01 09:20:08] [STDERR]   File "/opt/homebrew/Caskroom/miniconda/base/lib/python3.11/site-packages/aiohttp/connector.py", line 1291, in _wrap_create_connection
[2025-11-01 09:20:08] [STDERR]     raise client_error(req.connection_key, exc) from exc
[2025-11-01 09:20:08] [STDERR] aiohttp.client_exceptions.ClientConnectorError: Cannot connect to host localhost:3100 ssl:default [Multiple exceptions: [Errno 61] Connect call failed ('127.0.0.1', 3100), [Errno 61] Connect call failed ('::1', 3100, 0, 0)]
[2025-11-01 09:20:13] [STDERR] 2025-11-01 09:20:13,709 - LokiExporter.loki-exporter - ERROR - Failed to export logs to Loki: Cannot connect to host localhost:3100 ssl:default [Multiple exceptions: [Errno 61] Connect call failed ('::1', 3100, 0, 0), [Errno 61] Connect call failed ('127.0.0.1', 3100)]
[2025-11-01 09:20:13] [STDERR] Traceback (most recent call last):
[2025-11-01 09:20:13] [STDERR]   File "/opt/homebrew/Caskroom/miniconda/base/lib/python3.11/site-packages/aiohttp/connector.py", line 1268, in _wrap_create_connection
[2025-11-01 09:20:13] [STDERR]     sock = await aiohappyeyeballs.start_connection(
[2025-11-01 09:20:13] [STDERR]            ^^^^^^^^^^^^^^^^^^^^^^^^^^^^^^^^^^^^^^^^
[2025-11-01 09:20:13] [STDERR]   File "/opt/homebrew/Caskroom/miniconda/base/lib/python3.11/site-packages/aiohappyeyeballs/impl.py", line 141, in start_connection
[2025-11-01 09:20:13] [STDERR]     raise OSError(first_errno, msg)
[2025-11-01 09:20:13] [STDERR] ConnectionRefusedError: [Errno 61] Multiple exceptions: [Errno 61] Connect call failed ('::1', 3100, 0, 0), [Errno 61] Connect call failed ('127.0.0.1', 3100)
[2025-11-01 09:20:13] [STDERR] 
[2025-11-01 09:20:13] [STDERR] The above exception was the direct cause of the following exception:
[2025-11-01 09:20:13] [STDERR] 
[2025-11-01 09:20:13] [STDERR] Traceback (most recent call last):
[2025-11-01 09:20:13] [STDERR]   File "/Users/leifmarkthaler/github/gleitzeit 0.0.7/src/gleitzeit/workers/loki_exporter_worker.py", line 251, in export_logs_to_loki
[2025-11-01 09:20:13] [STDERR]     async with self.session.post(
[2025-11-01 09:20:13] [STDERR]   File "/opt/homebrew/Caskroom/miniconda/base/lib/python3.11/site-packages/aiohttp/client.py", line 1488, in __aenter__
[2025-11-01 09:20:13] [STDERR]     self._resp: _RetType = await self._coro
[2025-11-01 09:20:13] [STDERR]                            ^^^^^^^^^^^^^^^^
[2025-11-01 09:20:13] [STDERR]   File "/opt/homebrew/Caskroom/miniconda/base/lib/python3.11/site-packages/aiohttp/client.py", line 770, in _request
[2025-11-01 09:20:13] [STDERR]     resp = await handler(req)
[2025-11-01 09:20:13] [STDERR]            ^^^^^^^^^^^^^^^^^^
[2025-11-01 09:20:13] [STDERR]   File "/opt/homebrew/Caskroom/miniconda/base/lib/python3.11/site-packages/aiohttp/client.py", line 725, in _connect_and_send_request
[2025-11-01 09:20:13] [STDERR]     conn = await self._connector.connect(
[2025-11-01 09:20:13] [STDERR]            ^^^^^^^^^^^^^^^^^^^^^^^^^^^^^^
[2025-11-01 09:20:13] [STDERR]   File "/opt/homebrew/Caskroom/miniconda/base/lib/python3.11/site-packages/aiohttp/connector.py", line 642, in connect
[2025-11-01 09:20:13] [STDERR]     proto = await self._create_connection(req, traces, timeout)
[2025-11-01 09:20:13] [STDERR]             ^^^^^^^^^^^^^^^^^^^^^^^^^^^^^^^^^^^^^^^^^^^^^^^^^^^
[2025-11-01 09:20:13] [STDERR]   File "/opt/homebrew/Caskroom/miniconda/base/lib/python3.11/site-packages/aiohttp/connector.py", line 1209, in _create_connection
[2025-11-01 09:20:13] [STDERR]     _, proto = await self._create_direct_connection(req, traces, timeout)
[2025-11-01 09:20:13] [STDERR]                ^^^^^^^^^^^^^^^^^^^^^^^^^^^^^^^^^^^^^^^^^^^^^^^^^^^^^^^^^^
[2025-11-01 09:20:13] [STDERR]   File "/opt/homebrew/Caskroom/miniconda/base/lib/python3.11/site-packages/aiohttp/connector.py", line 1581, in _create_direct_connection
[2025-11-01 09:20:13] [STDERR]     raise last_exc
[2025-11-01 09:20:13] [STDERR]   File "/opt/homebrew/Caskroom/miniconda/base/lib/python3.11/site-packages/aiohttp/connector.py", line 1550, in _create_direct_connection
[2025-11-01 09:20:13] [STDERR]     transp, proto = await self._wrap_create_connection(
[2025-11-01 09:20:13] [STDERR]                     ^^^^^^^^^^^^^^^^^^^^^^^^^^^^^^^^^^^
[2025-11-01 09:20:13] [STDERR]   File "/opt/homebrew/Caskroom/miniconda/base/lib/python3.11/site-packages/aiohttp/connector.py", line 1291, in _wrap_create_connection
[2025-11-01 09:20:13] [STDERR]     raise client_error(req.connection_key, exc) from exc
[2025-11-01 09:20:13] [STDERR] aiohttp.client_exceptions.ClientConnectorError: Cannot connect to host localhost:3100 ssl:default [Multiple exceptions: [Errno 61] Connect call failed ('::1', 3100, 0, 0), [Errno 61] Connect call failed ('127.0.0.1', 3100)]
[2025-11-01 09:20:18] [STDERR] 2025-11-01 09:20:18,736 - LokiExporter.loki-exporter - ERROR - Failed to export logs to Loki: Cannot connect to host localhost:3100 ssl:default [Multiple exceptions: [Errno 61] Connect call failed ('127.0.0.1', 3100), [Errno 61] Connect call failed ('::1', 3100, 0, 0)]
[2025-11-01 09:20:18] [STDERR] Traceback (most recent call last):
[2025-11-01 09:20:18] [STDERR]   File "/opt/homebrew/Caskroom/miniconda/base/lib/python3.11/site-packages/aiohttp/connector.py", line 1268, in _wrap_create_connection
[2025-11-01 09:20:18] [STDERR]     sock = await aiohappyeyeballs.start_connection(
[2025-11-01 09:20:18] [STDERR]            ^^^^^^^^^^^^^^^^^^^^^^^^^^^^^^^^^^^^^^^^
[2025-11-01 09:20:18] [STDERR]   File "/opt/homebrew/Caskroom/miniconda/base/lib/python3.11/site-packages/aiohappyeyeballs/impl.py", line 141, in start_connection
[2025-11-01 09:20:18] [STDERR]     raise OSError(first_errno, msg)
[2025-11-01 09:20:18] [STDERR] ConnectionRefusedError: [Errno 61] Multiple exceptions: [Errno 61] Connect call failed ('127.0.0.1', 3100), [Errno 61] Connect call failed ('::1', 3100, 0, 0)
[2025-11-01 09:20:18] [STDERR] 
[2025-11-01 09:20:18] [STDERR] The above exception was the direct cause of the following exception:
[2025-11-01 09:20:18] [STDERR] 
[2025-11-01 09:20:18] [STDERR] Traceback (most recent call last):
[2025-11-01 09:20:18] [STDERR]   File "/Users/leifmarkthaler/github/gleitzeit 0.0.7/src/gleitzeit/workers/loki_exporter_worker.py", line 251, in export_logs_to_loki
[2025-11-01 09:20:18] [STDERR]     async with self.session.post(
[2025-11-01 09:20:18] [STDERR]   File "/opt/homebrew/Caskroom/miniconda/base/lib/python3.11/site-packages/aiohttp/client.py", line 1488, in __aenter__
[2025-11-01 09:20:18] [STDERR]     self._resp: _RetType = await self._coro
[2025-11-01 09:20:18] [STDERR]                            ^^^^^^^^^^^^^^^^
[2025-11-01 09:20:18] [STDERR]   File "/opt/homebrew/Caskroom/miniconda/base/lib/python3.11/site-packages/aiohttp/client.py", line 770, in _request
[2025-11-01 09:20:18] [STDERR]     resp = await handler(req)
[2025-11-01 09:20:18] [STDERR]            ^^^^^^^^^^^^^^^^^^
[2025-11-01 09:20:18] [STDERR]   File "/opt/homebrew/Caskroom/miniconda/base/lib/python3.11/site-packages/aiohttp/client.py", line 725, in _connect_and_send_request
[2025-11-01 09:20:18] [STDERR]     conn = await self._connector.connect(
[2025-11-01 09:20:18] [STDERR]            ^^^^^^^^^^^^^^^^^^^^^^^^^^^^^^
[2025-11-01 09:20:18] [STDERR]   File "/opt/homebrew/Caskroom/miniconda/base/lib/python3.11/site-packages/aiohttp/connector.py", line 642, in connect
[2025-11-01 09:20:18] [STDERR]     proto = await self._create_connection(req, traces, timeout)
[2025-11-01 09:20:18] [STDERR]             ^^^^^^^^^^^^^^^^^^^^^^^^^^^^^^^^^^^^^^^^^^^^^^^^^^^
[2025-11-01 09:20:18] [STDERR]   File "/opt/homebrew/Caskroom/miniconda/base/lib/python3.11/site-packages/aiohttp/connector.py", line 1209, in _create_connection
[2025-11-01 09:20:18] [STDERR]     _, proto = await self._create_direct_connection(req, traces, timeout)
[2025-11-01 09:20:18] [STDERR]                ^^^^^^^^^^^^^^^^^^^^^^^^^^^^^^^^^^^^^^^^^^^^^^^^^^^^^^^^^^
[2025-11-01 09:20:18] [STDERR]   File "/opt/homebrew/Caskroom/miniconda/base/lib/python3.11/site-packages/aiohttp/connector.py", line 1581, in _create_direct_connection
[2025-11-01 09:20:18] [STDERR]     raise last_exc
[2025-11-01 09:20:18] [STDERR]   File "/opt/homebrew/Caskroom/miniconda/base/lib/python3.11/site-packages/aiohttp/connector.py", line 1550, in _create_direct_connection
[2025-11-01 09:20:18] [STDERR]     transp, proto = await self._wrap_create_connection(
[2025-11-01 09:20:18] [STDERR]                     ^^^^^^^^^^^^^^^^^^^^^^^^^^^^^^^^^^^
[2025-11-01 09:20:18] [STDERR]   File "/opt/homebrew/Caskroom/miniconda/base/lib/python3.11/site-packages/aiohttp/connector.py", line 1291, in _wrap_create_connection
[2025-11-01 09:20:18] [STDERR]     raise client_error(req.connection_key, exc) from exc
[2025-11-01 09:20:18] [STDERR] aiohttp.client_exceptions.ClientConnectorError: Cannot connect to host localhost:3100 ssl:default [Multiple exceptions: [Errno 61] Connect call failed ('127.0.0.1', 3100), [Errno 61] Connect call failed ('::1', 3100, 0, 0)]
[2025-11-01 09:20:23] [STDERR] 2025-11-01 09:20:23,778 - LokiExporter.loki-exporter - ERROR - Failed to export logs to Loki: Cannot connect to host localhost:3100 ssl:default [Multiple exceptions: [Errno 61] Connect call failed ('::1', 3100, 0, 0), [Errno 61] Connect call failed ('127.0.0.1', 3100)]
[2025-11-01 09:20:23] [STDERR] Traceback (most recent call last):
[2025-11-01 09:20:23] [STDERR]   File "/opt/homebrew/Caskroom/miniconda/base/lib/python3.11/site-packages/aiohttp/connector.py", line 1268, in _wrap_create_connection
[2025-11-01 09:20:23] [STDERR]     sock = await aiohappyeyeballs.start_connection(
[2025-11-01 09:20:23] [STDERR]            ^^^^^^^^^^^^^^^^^^^^^^^^^^^^^^^^^^^^^^^^
[2025-11-01 09:20:23] [STDERR]   File "/opt/homebrew/Caskroom/miniconda/base/lib/python3.11/site-packages/aiohappyeyeballs/impl.py", line 141, in start_connection
[2025-11-01 09:20:23] [STDERR]     raise OSError(first_errno, msg)
[2025-11-01 09:20:23] [STDERR] ConnectionRefusedError: [Errno 61] Multiple exceptions: [Errno 61] Connect call failed ('::1', 3100, 0, 0), [Errno 61] Connect call failed ('127.0.0.1', 3100)
[2025-11-01 09:20:23] [STDERR] 
[2025-11-01 09:20:23] [STDERR] The above exception was the direct cause of the following exception:
[2025-11-01 09:20:23] [STDERR] 
[2025-11-01 09:20:23] [STDERR] Traceback (most recent call last):
[2025-11-01 09:20:23] [STDERR]   File "/Users/leifmarkthaler/github/gleitzeit 0.0.7/src/gleitzeit/workers/loki_exporter_worker.py", line 251, in export_logs_to_loki
[2025-11-01 09:20:23] [STDERR]     async with self.session.post(
[2025-11-01 09:20:23] [STDERR]   File "/opt/homebrew/Caskroom/miniconda/base/lib/python3.11/site-packages/aiohttp/client.py", line 1488, in __aenter__
[2025-11-01 09:20:23] [STDERR]     self._resp: _RetType = await self._coro
[2025-11-01 09:20:23] [STDERR]                            ^^^^^^^^^^^^^^^^
[2025-11-01 09:20:23] [STDERR]   File "/opt/homebrew/Caskroom/miniconda/base/lib/python3.11/site-packages/aiohttp/client.py", line 770, in _request
[2025-11-01 09:20:23] [STDERR]     resp = await handler(req)
[2025-11-01 09:20:23] [STDERR]            ^^^^^^^^^^^^^^^^^^
[2025-11-01 09:20:23] [STDERR]   File "/opt/homebrew/Caskroom/miniconda/base/lib/python3.11/site-packages/aiohttp/client.py", line 725, in _connect_and_send_request
[2025-11-01 09:20:23] [STDERR]     conn = await self._connector.connect(
[2025-11-01 09:20:23] [STDERR]            ^^^^^^^^^^^^^^^^^^^^^^^^^^^^^^
[2025-11-01 09:20:23] [STDERR]   File "/opt/homebrew/Caskroom/miniconda/base/lib/python3.11/site-packages/aiohttp/connector.py", line 642, in connect
[2025-11-01 09:20:23] [STDERR]     proto = await self._create_connection(req, traces, timeout)
[2025-11-01 09:20:23] [STDERR]             ^^^^^^^^^^^^^^^^^^^^^^^^^^^^^^^^^^^^^^^^^^^^^^^^^^^
[2025-11-01 09:20:23] [STDERR]   File "/opt/homebrew/Caskroom/miniconda/base/lib/python3.11/site-packages/aiohttp/connector.py", line 1209, in _create_connection
[2025-11-01 09:20:23] [STDERR]     _, proto = await self._create_direct_connection(req, traces, timeout)
[2025-11-01 09:20:23] [STDERR]                ^^^^^^^^^^^^^^^^^^^^^^^^^^^^^^^^^^^^^^^^^^^^^^^^^^^^^^^^^^
[2025-11-01 09:20:23] [STDERR]   File "/opt/homebrew/Caskroom/miniconda/base/lib/python3.11/site-packages/aiohttp/connector.py", line 1581, in _create_direct_connection
[2025-11-01 09:20:23] [STDERR]     raise last_exc
[2025-11-01 09:20:23] [STDERR]   File "/opt/homebrew/Caskroom/miniconda/base/lib/python3.11/site-packages/aiohttp/connector.py", line 1550, in _create_direct_connection
[2025-11-01 09:20:23] [STDERR]     transp, proto = await self._wrap_create_connection(
[2025-11-01 09:20:23] [STDERR]                     ^^^^^^^^^^^^^^^^^^^^^^^^^^^^^^^^^^^
[2025-11-01 09:20:23] [STDERR]   File "/opt/homebrew/Caskroom/miniconda/base/lib/python3.11/site-packages/aiohttp/connector.py", line 1291, in _wrap_create_connection
[2025-11-01 09:20:23] [STDERR]     raise client_error(req.connection_key, exc) from exc
[2025-11-01 09:20:23] [STDERR] aiohttp.client_exceptions.ClientConnectorError: Cannot connect to host localhost:3100 ssl:default [Multiple exceptions: [Errno 61] Connect call failed ('::1', 3100, 0, 0), [Errno 61] Connect call failed ('127.0.0.1', 3100)]
[2025-11-01 09:20:28] [STDERR] 2025-11-01 09:20:28,819 - LokiExporter.loki-exporter - ERROR - Failed to export logs to Loki: Cannot connect to host localhost:3100 ssl:default [Multiple exceptions: [Errno 61] Connect call failed ('127.0.0.1', 3100), [Errno 61] Connect call failed ('::1', 3100, 0, 0)]
[2025-11-01 09:20:28] [STDERR] Traceback (most recent call last):
[2025-11-01 09:20:28] [STDERR]   File "/opt/homebrew/Caskroom/miniconda/base/lib/python3.11/site-packages/aiohttp/connector.py", line 1268, in _wrap_create_connection
[2025-11-01 09:20:28] [STDERR]     sock = await aiohappyeyeballs.start_connection(
[2025-11-01 09:20:28] [STDERR]            ^^^^^^^^^^^^^^^^^^^^^^^^^^^^^^^^^^^^^^^^
[2025-11-01 09:20:28] [STDERR]   File "/opt/homebrew/Caskroom/miniconda/base/lib/python3.11/site-packages/aiohappyeyeballs/impl.py", line 141, in start_connection
[2025-11-01 09:20:28] [STDERR]     raise OSError(first_errno, msg)
[2025-11-01 09:20:28] [STDERR] ConnectionRefusedError: [Errno 61] Multiple exceptions: [Errno 61] Connect call failed ('127.0.0.1', 3100), [Errno 61] Connect call failed ('::1', 3100, 0, 0)
[2025-11-01 09:20:28] [STDERR] 
[2025-11-01 09:20:28] [STDERR] The above exception was the direct cause of the following exception:
[2025-11-01 09:20:28] [STDERR] 
[2025-11-01 09:20:28] [STDERR] Traceback (most recent call last):
[2025-11-01 09:20:28] [STDERR]   File "/Users/leifmarkthaler/github/gleitzeit 0.0.7/src/gleitzeit/workers/loki_exporter_worker.py", line 251, in export_logs_to_loki
[2025-11-01 09:20:28] [STDERR]     async with self.session.post(
[2025-11-01 09:20:28] [STDERR]   File "/opt/homebrew/Caskroom/miniconda/base/lib/python3.11/site-packages/aiohttp/client.py", line 1488, in __aenter__
[2025-11-01 09:20:28] [STDERR]     self._resp: _RetType = await self._coro
[2025-11-01 09:20:28] [STDERR]                            ^^^^^^^^^^^^^^^^
[2025-11-01 09:20:28] [STDERR]   File "/opt/homebrew/Caskroom/miniconda/base/lib/python3.11/site-packages/aiohttp/client.py", line 770, in _request
[2025-11-01 09:20:28] [STDERR]     resp = await handler(req)
[2025-11-01 09:20:28] [STDERR]            ^^^^^^^^^^^^^^^^^^
[2025-11-01 09:20:28] [STDERR]   File "/opt/homebrew/Caskroom/miniconda/base/lib/python3.11/site-packages/aiohttp/client.py", line 725, in _connect_and_send_request
[2025-11-01 09:20:28] [STDERR]     conn = await self._connector.connect(
[2025-11-01 09:20:28] [STDERR]            ^^^^^^^^^^^^^^^^^^^^^^^^^^^^^^
[2025-11-01 09:20:28] [STDERR]   File "/opt/homebrew/Caskroom/miniconda/base/lib/python3.11/site-packages/aiohttp/connector.py", line 642, in connect
[2025-11-01 09:20:28] [STDERR]     proto = await self._create_connection(req, traces, timeout)
[2025-11-01 09:20:28] [STDERR]             ^^^^^^^^^^^^^^^^^^^^^^^^^^^^^^^^^^^^^^^^^^^^^^^^^^^
[2025-11-01 09:20:28] [STDERR]   File "/opt/homebrew/Caskroom/miniconda/base/lib/python3.11/site-packages/aiohttp/connector.py", line 1209, in _create_connection
[2025-11-01 09:20:28] [STDERR]     _, proto = await self._create_direct_connection(req, traces, timeout)
[2025-11-01 09:20:28] [STDERR]                ^^^^^^^^^^^^^^^^^^^^^^^^^^^^^^^^^^^^^^^^^^^^^^^^^^^^^^^^^^
[2025-11-01 09:20:28] [STDERR]   File "/opt/homebrew/Caskroom/miniconda/base/lib/python3.11/site-packages/aiohttp/connector.py", line 1581, in _create_direct_connection
[2025-11-01 09:20:28] [STDERR]     raise last_exc
[2025-11-01 09:20:28] [STDERR]   File "/opt/homebrew/Caskroom/miniconda/base/lib/python3.11/site-packages/aiohttp/connector.py", line 1550, in _create_direct_connection
[2025-11-01 09:20:28] [STDERR]     transp, proto = await self._wrap_create_connection(
[2025-11-01 09:20:28] [STDERR]                     ^^^^^^^^^^^^^^^^^^^^^^^^^^^^^^^^^^^
[2025-11-01 09:20:28] [STDERR]   File "/opt/homebrew/Caskroom/miniconda/base/lib/python3.11/site-packages/aiohttp/connector.py", line 1291, in _wrap_create_connection
[2025-11-01 09:20:28] [STDERR]     raise client_error(req.connection_key, exc) from exc
[2025-11-01 09:20:28] [STDERR] aiohttp.client_exceptions.ClientConnectorError: Cannot connect to host localhost:3100 ssl:default [Multiple exceptions: [Errno 61] Connect call failed ('127.0.0.1', 3100), [Errno 61] Connect call failed ('::1', 3100, 0, 0)]
[2025-11-01 09:20:33] [STDERR] 2025-11-01 09:20:33,864 - LokiExporter.loki-exporter - ERROR - Failed to export logs to Loki: Cannot connect to host localhost:3100 ssl:default [Multiple exceptions: [Errno 61] Connect call failed ('::1', 3100, 0, 0), [Errno 61] Connect call failed ('127.0.0.1', 3100)]
[2025-11-01 09:20:33] [STDERR] Traceback (most recent call last):
[2025-11-01 09:20:33] [STDERR]   File "/opt/homebrew/Caskroom/miniconda/base/lib/python3.11/site-packages/aiohttp/connector.py", line 1268, in _wrap_create_connection
[2025-11-01 09:20:33] [STDERR]     sock = await aiohappyeyeballs.start_connection(
[2025-11-01 09:20:33] [STDERR]            ^^^^^^^^^^^^^^^^^^^^^^^^^^^^^^^^^^^^^^^^
[2025-11-01 09:20:33] [STDERR]   File "/opt/homebrew/Caskroom/miniconda/base/lib/python3.11/site-packages/aiohappyeyeballs/impl.py", line 141, in start_connection
[2025-11-01 09:20:33] [STDERR]     raise OSError(first_errno, msg)
[2025-11-01 09:20:33] [STDERR] ConnectionRefusedError: [Errno 61] Multiple exceptions: [Errno 61] Connect call failed ('::1', 3100, 0, 0), [Errno 61] Connect call failed ('127.0.0.1', 3100)
[2025-11-01 09:20:33] [STDERR] 
[2025-11-01 09:20:33] [STDERR] The above exception was the direct cause of the following exception:
[2025-11-01 09:20:33] [STDERR] 
[2025-11-01 09:20:33] [STDERR] Traceback (most recent call last):
[2025-11-01 09:20:33] [STDERR]   File "/Users/leifmarkthaler/github/gleitzeit 0.0.7/src/gleitzeit/workers/loki_exporter_worker.py", line 251, in export_logs_to_loki
[2025-11-01 09:20:33] [STDERR]     async with self.session.post(
[2025-11-01 09:20:33] [STDERR]   File "/opt/homebrew/Caskroom/miniconda/base/lib/python3.11/site-packages/aiohttp/client.py", line 1488, in __aenter__
[2025-11-01 09:20:33] [STDERR]     self._resp: _RetType = await self._coro
[2025-11-01 09:20:33] [STDERR]                            ^^^^^^^^^^^^^^^^
[2025-11-01 09:20:33] [STDERR]   File "/opt/homebrew/Caskroom/miniconda/base/lib/python3.11/site-packages/aiohttp/client.py", line 770, in _request
[2025-11-01 09:20:33] [STDERR]     resp = await handler(req)
[2025-11-01 09:20:33] [STDERR]            ^^^^^^^^^^^^^^^^^^
[2025-11-01 09:20:33] [STDERR]   File "/opt/homebrew/Caskroom/miniconda/base/lib/python3.11/site-packages/aiohttp/client.py", line 725, in _connect_and_send_request
[2025-11-01 09:20:33] [STDERR]     conn = await self._connector.connect(
[2025-11-01 09:20:33] [STDERR]            ^^^^^^^^^^^^^^^^^^^^^^^^^^^^^^
[2025-11-01 09:20:33] [STDERR]   File "/opt/homebrew/Caskroom/miniconda/base/lib/python3.11/site-packages/aiohttp/connector.py", line 642, in connect
[2025-11-01 09:20:33] [STDERR]     proto = await self._create_connection(req, traces, timeout)
[2025-11-01 09:20:33] [STDERR]             ^^^^^^^^^^^^^^^^^^^^^^^^^^^^^^^^^^^^^^^^^^^^^^^^^^^
[2025-11-01 09:20:33] [STDERR]   File "/opt/homebrew/Caskroom/miniconda/base/lib/python3.11/site-packages/aiohttp/connector.py", line 1209, in _create_connection
[2025-11-01 09:20:33] [STDERR]     _, proto = await self._create_direct_connection(req, traces, timeout)
[2025-11-01 09:20:33] [STDERR]                ^^^^^^^^^^^^^^^^^^^^^^^^^^^^^^^^^^^^^^^^^^^^^^^^^^^^^^^^^^
[2025-11-01 09:20:33] [STDERR]   File "/opt/homebrew/Caskroom/miniconda/base/lib/python3.11/site-packages/aiohttp/connector.py", line 1581, in _create_direct_connection
[2025-11-01 09:20:33] [STDERR]     raise last_exc
[2025-11-01 09:20:33] [STDERR]   File "/opt/homebrew/Caskroom/miniconda/base/lib/python3.11/site-packages/aiohttp/connector.py", line 1550, in _create_direct_connection
[2025-11-01 09:20:33] [STDERR]     transp, proto = await self._wrap_create_connection(
[2025-11-01 09:20:33] [STDERR]                     ^^^^^^^^^^^^^^^^^^^^^^^^^^^^^^^^^^^
[2025-11-01 09:20:33] [STDERR]   File "/opt/homebrew/Caskroom/miniconda/base/lib/python3.11/site-packages/aiohttp/connector.py", line 1291, in _wrap_create_connection
[2025-11-01 09:20:33] [STDERR]     raise client_error(req.connection_key, exc) from exc
[2025-11-01 09:20:33] [STDERR] aiohttp.client_exceptions.ClientConnectorError: Cannot connect to host localhost:3100 ssl:default [Multiple exceptions: [Errno 61] Connect call failed ('::1', 3100, 0, 0), [Errno 61] Connect call failed ('127.0.0.1', 3100)]
[2025-11-01 09:20:38] [STDERR] 2025-11-01 09:20:38,899 - LokiExporter.loki-exporter - ERROR - Failed to export logs to Loki: Cannot connect to host localhost:3100 ssl:default [Multiple exceptions: [Errno 61] Connect call failed ('127.0.0.1', 3100), [Errno 61] Connect call failed ('::1', 3100, 0, 0)]
[2025-11-01 09:20:38] [STDERR] Traceback (most recent call last):
[2025-11-01 09:20:38] [STDERR]   File "/opt/homebrew/Caskroom/miniconda/base/lib/python3.11/site-packages/aiohttp/connector.py", line 1268, in _wrap_create_connection
[2025-11-01 09:20:38] [STDERR]     sock = await aiohappyeyeballs.start_connection(
[2025-11-01 09:20:38] [STDERR]            ^^^^^^^^^^^^^^^^^^^^^^^^^^^^^^^^^^^^^^^^
[2025-11-01 09:20:38] [STDERR]   File "/opt/homebrew/Caskroom/miniconda/base/lib/python3.11/site-packages/aiohappyeyeballs/impl.py", line 141, in start_connection
[2025-11-01 09:20:38] [STDERR]     raise OSError(first_errno, msg)
[2025-11-01 09:20:38] [STDERR] ConnectionRefusedError: [Errno 61] Multiple exceptions: [Errno 61] Connect call failed ('127.0.0.1', 3100), [Errno 61] Connect call failed ('::1', 3100, 0, 0)
[2025-11-01 09:20:38] [STDERR] 
[2025-11-01 09:20:38] [STDERR] The above exception was the direct cause of the following exception:
[2025-11-01 09:20:38] [STDERR] 
[2025-11-01 09:20:38] [STDERR] Traceback (most recent call last):
[2025-11-01 09:20:38] [STDERR]   File "/Users/leifmarkthaler/github/gleitzeit 0.0.7/src/gleitzeit/workers/loki_exporter_worker.py", line 251, in export_logs_to_loki
[2025-11-01 09:20:38] [STDERR]     async with self.session.post(
[2025-11-01 09:20:38] [STDERR]   File "/opt/homebrew/Caskroom/miniconda/base/lib/python3.11/site-packages/aiohttp/client.py", line 1488, in __aenter__
[2025-11-01 09:20:38] [STDERR]     self._resp: _RetType = await self._coro
[2025-11-01 09:20:38] [STDERR]                            ^^^^^^^^^^^^^^^^
[2025-11-01 09:20:38] [STDERR]   File "/opt/homebrew/Caskroom/miniconda/base/lib/python3.11/site-packages/aiohttp/client.py", line 770, in _request
[2025-11-01 09:20:38] [STDERR]     resp = await handler(req)
[2025-11-01 09:20:38] [STDERR]            ^^^^^^^^^^^^^^^^^^
[2025-11-01 09:20:38] [STDERR]   File "/opt/homebrew/Caskroom/miniconda/base/lib/python3.11/site-packages/aiohttp/client.py", line 725, in _connect_and_send_request
[2025-11-01 09:20:38] [STDERR]     conn = await self._connector.connect(
[2025-11-01 09:20:38] [STDERR]            ^^^^^^^^^^^^^^^^^^^^^^^^^^^^^^
[2025-11-01 09:20:38] [STDERR]   File "/opt/homebrew/Caskroom/miniconda/base/lib/python3.11/site-packages/aiohttp/connector.py", line 642, in connect
[2025-11-01 09:20:38] [STDERR]     proto = await self._create_connection(req, traces, timeout)
[2025-11-01 09:20:38] [STDERR]             ^^^^^^^^^^^^^^^^^^^^^^^^^^^^^^^^^^^^^^^^^^^^^^^^^^^
[2025-11-01 09:20:38] [STDERR]   File "/opt/homebrew/Caskroom/miniconda/base/lib/python3.11/site-packages/aiohttp/connector.py", line 1209, in _create_connection
[2025-11-01 09:20:38] [STDERR]     _, proto = await self._create_direct_connection(req, traces, timeout)
[2025-11-01 09:20:38] [STDERR]                ^^^^^^^^^^^^^^^^^^^^^^^^^^^^^^^^^^^^^^^^^^^^^^^^^^^^^^^^^^
[2025-11-01 09:20:38] [STDERR]   File "/opt/homebrew/Caskroom/miniconda/base/lib/python3.11/site-packages/aiohttp/connector.py", line 1581, in _create_direct_connection
[2025-11-01 09:20:38] [STDERR]     raise last_exc
[2025-11-01 09:20:38] [STDERR]   File "/opt/homebrew/Caskroom/miniconda/base/lib/python3.11/site-packages/aiohttp/connector.py", line 1550, in _create_direct_connection
[2025-11-01 09:20:38] [STDERR]     transp, proto = await self._wrap_create_connection(
[2025-11-01 09:20:38] [STDERR]                     ^^^^^^^^^^^^^^^^^^^^^^^^^^^^^^^^^^^
[2025-11-01 09:20:38] [STDERR]   File "/opt/homebrew/Caskroom/miniconda/base/lib/python3.11/site-packages/aiohttp/connector.py", line 1291, in _wrap_create_connection
[2025-11-01 09:20:38] [STDERR]     raise client_error(req.connection_key, exc) from exc
[2025-11-01 09:20:38] [STDERR] aiohttp.client_exceptions.ClientConnectorError: Cannot connect to host localhost:3100 ssl:default [Multiple exceptions: [Errno 61] Connect call failed ('127.0.0.1', 3100), [Errno 61] Connect call failed ('::1', 3100, 0, 0)]
[2025-11-01 09:20:43] [STDERR] 2025-11-01 09:20:43,925 - LokiExporter.loki-exporter - ERROR - Failed to export logs to Loki: Cannot connect to host localhost:3100 ssl:default [Multiple exceptions: [Errno 61] Connect call failed ('::1', 3100, 0, 0), [Errno 61] Connect call failed ('127.0.0.1', 3100)]
[2025-11-01 09:20:43] [STDERR] Traceback (most recent call last):
[2025-11-01 09:20:43] [STDERR]   File "/opt/homebrew/Caskroom/miniconda/base/lib/python3.11/site-packages/aiohttp/connector.py", line 1268, in _wrap_create_connection
[2025-11-01 09:20:43] [STDERR]     sock = await aiohappyeyeballs.start_connection(
[2025-11-01 09:20:43] [STDERR]            ^^^^^^^^^^^^^^^^^^^^^^^^^^^^^^^^^^^^^^^^
[2025-11-01 09:20:43] [STDERR]   File "/opt/homebrew/Caskroom/miniconda/base/lib/python3.11/site-packages/aiohappyeyeballs/impl.py", line 141, in start_connection
[2025-11-01 09:20:43] [STDERR]     raise OSError(first_errno, msg)
[2025-11-01 09:20:43] [STDERR] ConnectionRefusedError: [Errno 61] Multiple exceptions: [Errno 61] Connect call failed ('::1', 3100, 0, 0), [Errno 61] Connect call failed ('127.0.0.1', 3100)
[2025-11-01 09:20:43] [STDERR] 
[2025-11-01 09:20:43] [STDERR] The above exception was the direct cause of the following exception:
[2025-11-01 09:20:43] [STDERR] 
[2025-11-01 09:20:43] [STDERR] Traceback (most recent call last):
[2025-11-01 09:20:43] [STDERR]   File "/Users/leifmarkthaler/github/gleitzeit 0.0.7/src/gleitzeit/workers/loki_exporter_worker.py", line 251, in export_logs_to_loki
[2025-11-01 09:20:43] [STDERR]     async with self.session.post(
[2025-11-01 09:20:43] [STDERR]   File "/opt/homebrew/Caskroom/miniconda/base/lib/python3.11/site-packages/aiohttp/client.py", line 1488, in __aenter__
[2025-11-01 09:20:43] [STDERR]     self._resp: _RetType = await self._coro
[2025-11-01 09:20:43] [STDERR]                            ^^^^^^^^^^^^^^^^
[2025-11-01 09:20:43] [STDERR]   File "/opt/homebrew/Caskroom/miniconda/base/lib/python3.11/site-packages/aiohttp/client.py", line 770, in _request
[2025-11-01 09:20:43] [STDERR]     resp = await handler(req)
[2025-11-01 09:20:43] [STDERR]            ^^^^^^^^^^^^^^^^^^
[2025-11-01 09:20:43] [STDERR]   File "/opt/homebrew/Caskroom/miniconda/base/lib/python3.11/site-packages/aiohttp/client.py", line 725, in _connect_and_send_request
[2025-11-01 09:20:43] [STDERR]     conn = await self._connector.connect(
[2025-11-01 09:20:43] [STDERR]            ^^^^^^^^^^^^^^^^^^^^^^^^^^^^^^
[2025-11-01 09:20:43] [STDERR]   File "/opt/homebrew/Caskroom/miniconda/base/lib/python3.11/site-packages/aiohttp/connector.py", line 642, in connect
[2025-11-01 09:20:43] [STDERR]     proto = await self._create_connection(req, traces, timeout)
[2025-11-01 09:20:43] [STDERR]             ^^^^^^^^^^^^^^^^^^^^^^^^^^^^^^^^^^^^^^^^^^^^^^^^^^^
[2025-11-01 09:20:43] [STDERR]   File "/opt/homebrew/Caskroom/miniconda/base/lib/python3.11/site-packages/aiohttp/connector.py", line 1209, in _create_connection
[2025-11-01 09:20:43] [STDERR]     _, proto = await self._create_direct_connection(req, traces, timeout)
[2025-11-01 09:20:43] [STDERR]                ^^^^^^^^^^^^^^^^^^^^^^^^^^^^^^^^^^^^^^^^^^^^^^^^^^^^^^^^^^
[2025-11-01 09:20:43] [STDERR]   File "/opt/homebrew/Caskroom/miniconda/base/lib/python3.11/site-packages/aiohttp/connector.py", line 1581, in _create_direct_connection
[2025-11-01 09:20:43] [STDERR]     raise last_exc
[2025-11-01 09:20:43] [STDERR]   File "/opt/homebrew/Caskroom/miniconda/base/lib/python3.11/site-packages/aiohttp/connector.py", line 1550, in _create_direct_connection
[2025-11-01 09:20:43] [STDERR]     transp, proto = await self._wrap_create_connection(
[2025-11-01 09:20:43] [STDERR]                     ^^^^^^^^^^^^^^^^^^^^^^^^^^^^^^^^^^^
[2025-11-01 09:20:43] [STDERR]   File "/opt/homebrew/Caskroom/miniconda/base/lib/python3.11/site-packages/aiohttp/connector.py", line 1291, in _wrap_create_connection
[2025-11-01 09:20:43] [STDERR]     raise client_error(req.connection_key, exc) from exc
[2025-11-01 09:20:43] [STDERR] aiohttp.client_exceptions.ClientConnectorError: Cannot connect to host localhost:3100 ssl:default [Multiple exceptions: [Errno 61] Connect call failed ('::1', 3100, 0, 0), [Errno 61] Connect call failed ('127.0.0.1', 3100)]
[2025-11-01 09:20:48] [STDERR] 2025-11-01 09:20:48,966 - LokiExporter.loki-exporter - ERROR - Failed to export logs to Loki: Cannot connect to host localhost:3100 ssl:default [Multiple exceptions: [Errno 61] Connect call failed ('127.0.0.1', 3100), [Errno 61] Connect call failed ('::1', 3100, 0, 0)]
[2025-11-01 09:20:48] [STDERR] Traceback (most recent call last):
[2025-11-01 09:20:48] [STDERR]   File "/opt/homebrew/Caskroom/miniconda/base/lib/python3.11/site-packages/aiohttp/connector.py", line 1268, in _wrap_create_connection
[2025-11-01 09:20:48] [STDERR]     sock = await aiohappyeyeballs.start_connection(
[2025-11-01 09:20:48] [STDERR]            ^^^^^^^^^^^^^^^^^^^^^^^^^^^^^^^^^^^^^^^^
[2025-11-01 09:20:48] [STDERR]   File "/opt/homebrew/Caskroom/miniconda/base/lib/python3.11/site-packages/aiohappyeyeballs/impl.py", line 141, in start_connection
[2025-11-01 09:20:48] [STDERR]     raise OSError(first_errno, msg)
[2025-11-01 09:20:48] [STDERR] ConnectionRefusedError: [Errno 61] Multiple exceptions: [Errno 61] Connect call failed ('127.0.0.1', 3100), [Errno 61] Connect call failed ('::1', 3100, 0, 0)
[2025-11-01 09:20:48] [STDERR] 
[2025-11-01 09:20:48] [STDERR] The above exception was the direct cause of the following exception:
[2025-11-01 09:20:48] [STDERR] 
[2025-11-01 09:20:48] [STDERR] Traceback (most recent call last):
[2025-11-01 09:20:48] [STDERR]   File "/Users/leifmarkthaler/github/gleitzeit 0.0.7/src/gleitzeit/workers/loki_exporter_worker.py", line 251, in export_logs_to_loki
[2025-11-01 09:20:48] [STDERR]     async with self.session.post(
[2025-11-01 09:20:48] [STDERR]   File "/opt/homebrew/Caskroom/miniconda/base/lib/python3.11/site-packages/aiohttp/client.py", line 1488, in __aenter__
[2025-11-01 09:20:48] [STDERR]     self._resp: _RetType = await self._coro
[2025-11-01 09:20:48] [STDERR]                            ^^^^^^^^^^^^^^^^
[2025-11-01 09:20:48] [STDERR]   File "/opt/homebrew/Caskroom/miniconda/base/lib/python3.11/site-packages/aiohttp/client.py", line 770, in _request
[2025-11-01 09:20:48] [STDERR]     resp = await handler(req)
[2025-11-01 09:20:48] [STDERR]            ^^^^^^^^^^^^^^^^^^
[2025-11-01 09:20:48] [STDERR]   File "/opt/homebrew/Caskroom/miniconda/base/lib/python3.11/site-packages/aiohttp/client.py", line 725, in _connect_and_send_request
[2025-11-01 09:20:48] [STDERR]     conn = await self._connector.connect(
[2025-11-01 09:20:48] [STDERR]            ^^^^^^^^^^^^^^^^^^^^^^^^^^^^^^
[2025-11-01 09:20:48] [STDERR]   File "/opt/homebrew/Caskroom/miniconda/base/lib/python3.11/site-packages/aiohttp/connector.py", line 642, in connect
[2025-11-01 09:20:48] [STDERR]     proto = await self._create_connection(req, traces, timeout)
[2025-11-01 09:20:48] [STDERR]             ^^^^^^^^^^^^^^^^^^^^^^^^^^^^^^^^^^^^^^^^^^^^^^^^^^^
[2025-11-01 09:20:48] [STDERR]   File "/opt/homebrew/Caskroom/miniconda/base/lib/python3.11/site-packages/aiohttp/connector.py", line 1209, in _create_connection
[2025-11-01 09:20:48] [STDERR]     _, proto = await self._create_direct_connection(req, traces, timeout)
[2025-11-01 09:20:48] [STDERR]                ^^^^^^^^^^^^^^^^^^^^^^^^^^^^^^^^^^^^^^^^^^^^^^^^^^^^^^^^^^
[2025-11-01 09:20:48] [STDERR]   File "/opt/homebrew/Caskroom/miniconda/base/lib/python3.11/site-packages/aiohttp/connector.py", line 1581, in _create_direct_connection
[2025-11-01 09:20:48] [STDERR]     raise last_exc
[2025-11-01 09:20:48] [STDERR]   File "/opt/homebrew/Caskroom/miniconda/base/lib/python3.11/site-packages/aiohttp/connector.py", line 1550, in _create_direct_connection
[2025-11-01 09:20:48] [STDERR]     transp, proto = await self._wrap_create_connection(
[2025-11-01 09:20:48] [STDERR]                     ^^^^^^^^^^^^^^^^^^^^^^^^^^^^^^^^^^^
[2025-11-01 09:20:48] [STDERR]   File "/opt/homebrew/Caskroom/miniconda/base/lib/python3.11/site-packages/aiohttp/connector.py", line 1291, in _wrap_create_connection
[2025-11-01 09:20:48] [STDERR]     raise client_error(req.connection_key, exc) from exc
[2025-11-01 09:20:48] [STDERR] aiohttp.client_exceptions.ClientConnectorError: Cannot connect to host localhost:3100 ssl:default [Multiple exceptions: [Errno 61] Connect call failed ('127.0.0.1', 3100), [Errno 61] Connect call failed ('::1', 3100, 0, 0)]
