[2025-11-01 09:21:06] [STDERR] 2025-11-01 09:21:06,762 - LokiExporter.loki-exporter - INFO - Loki exporter worker initialized (loki_url=http://localhost:3100, batch_size=100, poll_interval=5, leader_key={shard:0}:global:loki_exporter:leader)
[2025-11-01 09:21:06] [STDERR] 2025-11-01 09:21:06,762 - LokiExporter.loki-exporter - INFO - Loki exporter worker started (worker_id=loki-exporter)
[2025-11-01 09:21:06] [STDERR] 2025-11-01 09:21:06,762 - LokiExporter.loki-exporter - INFO - Starting leader election loop for loki-exporter
[2025-11-01 09:21:06] [STDERR] 2025-11-01 09:21:06,763 - LokiExporter.loki-exporter - INFO - Starting service registry heartbeat for loki-exporter
[2025-11-01 09:21:06] [STDERR] 2025-11-01 09:21:06,765 - gleitzeit.core.leader_election - ERROR - Error getting current leader: 'str' object has no attribute 'decode'
[2025-11-01 09:21:06] [STDERR] 2025-11-01 09:21:06,766 - gleitzeit.core.leader_election - INFO - Worker loki-exporter became leader for {shard:0}:global:loki_exporter:leader
[2025-11-01 09:21:06] [STDERR] 2025-11-01 09:21:06,766 - LokiExporter.loki-exporter - INFO - 🎖️  LokiExporter loki-exporter BECAME LEADER
[2025-11-01 09:21:11] [STDERR] 2025-11-01 09:21:11,807 - LokiExporter.loki-exporter - ERROR - Failed to export logs to Loki: Cannot connect to host localhost:3100 ssl:default [Multiple exceptions: [Errno 61] Connect call failed ('::1', 3100, 0, 0), [Errno 61] Connect call failed ('127.0.0.1', 3100)]
[2025-11-01 09:21:11] [STDERR] Traceback (most recent call last):
[2025-11-01 09:21:11] [STDERR]   File "/opt/homebrew/Caskroom/miniconda/base/lib/python3.11/site-packages/aiohttp/connector.py", line 1268, in _wrap_create_connection
[2025-11-01 09:21:11] [STDERR]     sock = await aiohappyeyeballs.start_connection(
[2025-11-01 09:21:11] [STDERR]            ^^^^^^^^^^^^^^^^^^^^^^^^^^^^^^^^^^^^^^^^
[2025-11-01 09:21:11] [STDERR]   File "/opt/homebrew/Caskroom/miniconda/base/lib/python3.11/site-packages/aiohappyeyeballs/impl.py", line 141, in start_connection
[2025-11-01 09:21:11] [STDERR]     raise OSError(first_errno, msg)
[2025-11-01 09:21:11] [STDERR] ConnectionRefusedError: [Errno 61] Multiple exceptions: [Errno 61] Connect call failed ('::1', 3100, 0, 0), [Errno 61] Connect call failed ('127.0.0.1', 3100)
[2025-11-01 09:21:11] [STDERR] 
[2025-11-01 09:21:11] [STDERR] The above exception was the direct cause of the following exception:
[2025-11-01 09:21:11] [STDERR] 
[2025-11-01 09:21:11] [STDERR] Traceback (most recent call last):
[2025-11-01 09:21:11] [STDERR]   File "/Users/leifmarkthaler/github/gleitzeit 0.0.7/src/gleitzeit/workers/loki_exporter_worker.py", line 251, in export_logs_to_loki
[2025-11-01 09:21:11] [STDERR]     async with self.session.post(
[2025-11-01 09:21:11] [STDERR]   File "/opt/homebrew/Caskroom/miniconda/base/lib/python3.11/site-packages/aiohttp/client.py", line 1488, in __aenter__
[2025-11-01 09:21:11] [STDERR]     self._resp: _RetType = await self._coro
[2025-11-01 09:21:11] [STDERR]                            ^^^^^^^^^^^^^^^^
[2025-11-01 09:21:11] [STDERR]   File "/opt/homebrew/Caskroom/miniconda/base/lib/python3.11/site-packages/aiohttp/client.py", line 770, in _request
[2025-11-01 09:21:11] [STDERR]     resp = await handler(req)
[2025-11-01 09:21:11] [STDERR]            ^^^^^^^^^^^^^^^^^^
[2025-11-01 09:21:11] [STDERR]   File "/opt/homebrew/Caskroom/miniconda/base/lib/python3.11/site-packages/aiohttp/client.py", line 725, in _connect_and_send_request
[2025-11-01 09:21:11] [STDERR]     conn = await self._connector.connect(
[2025-11-01 09:21:11] [STDERR]            ^^^^^^^^^^^^^^^^^^^^^^^^^^^^^^
[2025-11-01 09:21:11] [STDERR]   File "/opt/homebrew/Caskroom/miniconda/base/lib/python3.11/site-packages/aiohttp/connector.py", line 642, in connect
[2025-11-01 09:21:11] [STDERR]     proto = await self._create_connection(req, traces, timeout)
[2025-11-01 09:21:11] [STDERR]             ^^^^^^^^^^^^^^^^^^^^^^^^^^^^^^^^^^^^^^^^^^^^^^^^^^^
[2025-11-01 09:21:11] [STDERR]   File "/opt/homebrew/Caskroom/miniconda/base/lib/python3.11/site-packages/aiohttp/connector.py", line 1209, in _create_connection
[2025-11-01 09:21:11] [STDERR]     _, proto = await self._create_direct_connection(req, traces, timeout)
[2025-11-01 09:21:11] [STDERR]                ^^^^^^^^^^^^^^^^^^^^^^^^^^^^^^^^^^^^^^^^^^^^^^^^^^^^^^^^^^
[2025-11-01 09:21:11] [STDERR]   File "/opt/homebrew/Caskroom/miniconda/base/lib/python3.11/site-packages/aiohttp/connector.py", line 1581, in _create_direct_connection
[2025-11-01 09:21:11] [STDERR]     raise last_exc
[2025-11-01 09:21:11] [STDERR]   File "/opt/homebrew/Caskroom/miniconda/base/lib/python3.11/site-packages/aiohttp/connector.py", line 1550, in _create_direct_connection
[2025-11-01 09:21:11] [STDERR]     transp, proto = await self._wrap_create_connection(
[2025-11-01 09:21:11] [STDERR]                     ^^^^^^^^^^^^^^^^^^^^^^^^^^^^^^^^^^^
[2025-11-01 09:21:11] [STDERR]   File "/opt/homebrew/Caskroom/miniconda/base/lib/python3.11/site-packages/aiohttp/connector.py", line 1291, in _wrap_create_connection
[2025-11-01 09:21:11] [STDERR]     raise client_error(req.connection_key, exc) from exc
[2025-11-01 09:21:11] [STDERR] aiohttp.client_exceptions.ClientConnectorError: Cannot connect to host localhost:3100 ssl:default [Multiple exceptions: [Errno 61] Connect call failed ('::1', 3100, 0, 0), [Errno 61] Connect call failed ('127.0.0.1', 3100)]
[2025-11-01 09:21:16] [STDERR] 2025-11-01 09:21:16,849 - LokiExporter.loki-exporter - ERROR - Failed to export logs to Loki: Cannot connect to host localhost:3100 ssl:default [Multiple exceptions: [Errno 61] Connect call failed ('127.0.0.1', 3100), [Errno 61] Connect call failed ('::1', 3100, 0, 0)]
[2025-11-01 09:21:16] [STDERR] Traceback (most recent call last):
[2025-11-01 09:21:16] [STDERR]   File "/opt/homebrew/Caskroom/miniconda/base/lib/python3.11/site-packages/aiohttp/connector.py", line 1268, in _wrap_create_connection
[2025-11-01 09:21:16] [STDERR]     sock = await aiohappyeyeballs.start_connection(
[2025-11-01 09:21:16] [STDERR]            ^^^^^^^^^^^^^^^^^^^^^^^^^^^^^^^^^^^^^^^^
[2025-11-01 09:21:16] [STDERR]   File "/opt/homebrew/Caskroom/miniconda/base/lib/python3.11/site-packages/aiohappyeyeballs/impl.py", line 141, in start_connection
[2025-11-01 09:21:16] [STDERR]     raise OSError(first_errno, msg)
[2025-11-01 09:21:16] [STDERR] ConnectionRefusedError: [Errno 61] Multiple exceptions: [Errno 61] Connect call failed ('127.0.0.1', 3100), [Errno 61] Connect call failed ('::1', 3100, 0, 0)
[2025-11-01 09:21:16] [STDERR] 
[2025-11-01 09:21:16] [STDERR] The above exception was the direct cause of the following exception:
[2025-11-01 09:21:16] [STDERR] 
[2025-11-01 09:21:16] [STDERR] Traceback (most recent call last):
[2025-11-01 09:21:16] [STDERR]   File "/Users/leifmarkthaler/github/gleitzeit 0.0.7/src/gleitzeit/workers/loki_exporter_worker.py", line 251, in export_logs_to_loki
[2025-11-01 09:21:16] [STDERR]     async with self.session.post(
[2025-11-01 09:21:16] [STDERR]   File "/opt/homebrew/Caskroom/miniconda/base/lib/python3.11/site-packages/aiohttp/client.py", line 1488, in __aenter__
[2025-11-01 09:21:16] [STDERR]     self._resp: _RetType = await self._coro
[2025-11-01 09:21:16] [STDERR]                            ^^^^^^^^^^^^^^^^
[2025-11-01 09:21:16] [STDERR]   File "/opt/homebrew/Caskroom/miniconda/base/lib/python3.11/site-packages/aiohttp/client.py", line 770, in _request
[2025-11-01 09:21:16] [STDERR]     resp = await handler(req)
[2025-11-01 09:21:16] [STDERR]            ^^^^^^^^^^^^^^^^^^
[2025-11-01 09:21:16] [STDERR]   File "/opt/homebrew/Caskroom/miniconda/base/lib/python3.11/site-packages/aiohttp/client.py", line 725, in _connect_and_send_request
[2025-11-01 09:21:16] [STDERR]     conn = await self._connector.connect(
[2025-11-01 09:21:16] [STDERR]            ^^^^^^^^^^^^^^^^^^^^^^^^^^^^^^
[2025-11-01 09:21:16] [STDERR]   File "/opt/homebrew/Caskroom/miniconda/base/lib/python3.11/site-packages/aiohttp/connector.py", line 642, in connect
[2025-11-01 09:21:16] [STDERR]     proto = await self._create_connection(req, traces, timeout)
[2025-11-01 09:21:16] [STDERR]             ^^^^^^^^^^^^^^^^^^^^^^^^^^^^^^^^^^^^^^^^^^^^^^^^^^^
[2025-11-01 09:21:16] [STDERR]   File "/opt/homebrew/Caskroom/miniconda/base/lib/python3.11/site-packages/aiohttp/connector.py", line 1209, in _create_connection
[2025-11-01 09:21:16] [STDERR]     _, proto = await self._create_direct_connection(req, traces, timeout)
[2025-11-01 09:21:16] [STDERR]                ^^^^^^^^^^^^^^^^^^^^^^^^^^^^^^^^^^^^^^^^^^^^^^^^^^^^^^^^^^
[2025-11-01 09:21:16] [STDERR]   File "/opt/homebrew/Caskroom/miniconda/base/lib/python3.11/site-packages/aiohttp/connector.py", line 1581, in _create_direct_connection
[2025-11-01 09:21:16] [STDERR]     raise last_exc
[2025-11-01 09:21:16] [STDERR]   File "/opt/homebrew/Caskroom/miniconda/base/lib/python3.11/site-packages/aiohttp/connector.py", line 1550, in _create_direct_connection
[2025-11-01 09:21:16] [STDERR]     transp, proto = await self._wrap_create_connection(
[2025-11-01 09:21:16] [STDERR]                     ^^^^^^^^^^^^^^^^^^^^^^^^^^^^^^^^^^^
[2025-11-01 09:21:16] [STDERR]   File "/opt/homebrew/Caskroom/miniconda/base/lib/python3.11/site-packages/aiohttp/connector.py", line 1291, in _wrap_create_connection
[2025-11-01 09:21:16] [STDERR]     raise client_error(req.connection_key, exc) from exc
[2025-11-01 09:21:16] [STDERR] aiohttp.client_exceptions.ClientConnectorError: Cannot connect to host localhost:3100 ssl:default [Multiple exceptions: [Errno 61] Connect call failed ('127.0.0.1', 3100), [Errno 61] Connect call failed ('::1', 3100, 0, 0)]
[2025-11-01 09:21:21] [STDERR] 2025-11-01 09:21:21,890 - LokiExporter.loki-exporter - ERROR - Failed to export logs to Loki: Cannot connect to host localhost:3100 ssl:default [Multiple exceptions: [Errno 61] Connect call failed ('::1', 3100, 0, 0), [Errno 61] Connect call failed ('127.0.0.1', 3100)]
[2025-11-01 09:21:21] [STDERR] Traceback (most recent call last):
[2025-11-01 09:21:21] [STDERR]   File "/opt/homebrew/Caskroom/miniconda/base/lib/python3.11/site-packages/aiohttp/connector.py", line 1268, in _wrap_create_connection
[2025-11-01 09:21:21] [STDERR]     sock = await aiohappyeyeballs.start_connection(
[2025-11-01 09:21:21] [STDERR]            ^^^^^^^^^^^^^^^^^^^^^^^^^^^^^^^^^^^^^^^^
[2025-11-01 09:21:21] [STDERR]   File "/opt/homebrew/Caskroom/miniconda/base/lib/python3.11/site-packages/aiohappyeyeballs/impl.py", line 141, in start_connection
[2025-11-01 09:21:21] [STDERR]     raise OSError(first_errno, msg)
[2025-11-01 09:21:21] [STDERR] ConnectionRefusedError: [Errno 61] Multiple exceptions: [Errno 61] Connect call failed ('::1', 3100, 0, 0), [Errno 61] Connect call failed ('127.0.0.1', 3100)
[2025-11-01 09:21:21] [STDERR] 
[2025-11-01 09:21:21] [STDERR] The above exception was the direct cause of the following exception:
[2025-11-01 09:21:21] [STDERR] 
[2025-11-01 09:21:21] [STDERR] Traceback (most recent call last):
[2025-11-01 09:21:21] [STDERR]   File "/Users/leifmarkthaler/github/gleitzeit 0.0.7/src/gleitzeit/workers/loki_exporter_worker.py", line 251, in export_logs_to_loki
[2025-11-01 09:21:21] [STDERR]     async with self.session.post(
[2025-11-01 09:21:21] [STDERR]   File "/opt/homebrew/Caskroom/miniconda/base/lib/python3.11/site-packages/aiohttp/client.py", line 1488, in __aenter__
[2025-11-01 09:21:21] [STDERR]     self._resp: _RetType = await self._coro
[2025-11-01 09:21:21] [STDERR]                            ^^^^^^^^^^^^^^^^
[2025-11-01 09:21:21] [STDERR]   File "/opt/homebrew/Caskroom/miniconda/base/lib/python3.11/site-packages/aiohttp/client.py", line 770, in _request
[2025-11-01 09:21:21] [STDERR]     resp = await handler(req)
[2025-11-01 09:21:21] [STDERR]            ^^^^^^^^^^^^^^^^^^
[2025-11-01 09:21:21] [STDERR]   File "/opt/homebrew/Caskroom/miniconda/base/lib/python3.11/site-packages/aiohttp/client.py", line 725, in _connect_and_send_request
[2025-11-01 09:21:21] [STDERR]     conn = await self._connector.connect(
[2025-11-01 09:21:21] [STDERR]            ^^^^^^^^^^^^^^^^^^^^^^^^^^^^^^
[2025-11-01 09:21:21] [STDERR]   File "/opt/homebrew/Caskroom/miniconda/base/lib/python3.11/site-packages/aiohttp/connector.py", line 642, in connect
[2025-11-01 09:21:21] [STDERR]     proto = await self._create_connection(req, traces, timeout)
[2025-11-01 09:21:21] [STDERR]             ^^^^^^^^^^^^^^^^^^^^^^^^^^^^^^^^^^^^^^^^^^^^^^^^^^^
[2025-11-01 09:21:21] [STDERR]   File "/opt/homebrew/Caskroom/miniconda/base/lib/python3.11/site-packages/aiohttp/connector.py", line 1209, in _create_connection
[2025-11-01 09:21:21] [STDERR]     _, proto = await self._create_direct_connection(req, traces, timeout)
[2025-11-01 09:21:21] [STDERR]                ^^^^^^^^^^^^^^^^^^^^^^^^^^^^^^^^^^^^^^^^^^^^^^^^^^^^^^^^^^
[2025-11-01 09:21:21] [STDERR]   File "/opt/homebrew/Caskroom/miniconda/base/lib/python3.11/site-packages/aiohttp/connector.py", line 1581, in _create_direct_connection
[2025-11-01 09:21:21] [STDERR]     raise last_exc
[2025-11-01 09:21:21] [STDERR]   File "/opt/homebrew/Caskroom/miniconda/base/lib/python3.11/site-packages/aiohttp/connector.py", line 1550, in _create_direct_connection
[2025-11-01 09:21:21] [STDERR]     transp, proto = await self._wrap_create_connection(
[2025-11-01 09:21:21] [STDERR]                     ^^^^^^^^^^^^^^^^^^^^^^^^^^^^^^^^^^^
[2025-11-01 09:21:21] [STDERR]   File "/opt/homebrew/Caskroom/miniconda/base/lib/python3.11/site-packages/aiohttp/connector.py", line 1291, in _wrap_create_connection
[2025-11-01 09:21:21] [STDERR]     raise client_error(req.connection_key, exc) from exc
[2025-11-01 09:21:21] [STDERR] aiohttp.client_exceptions.ClientConnectorError: Cannot connect to host localhost:3100 ssl:default [Multiple exceptions: [Errno 61] Connect call failed ('::1', 3100, 0, 0), [Errno 61] Connect call failed ('127.0.0.1', 3100)]
[2025-11-01 09:21:26] [STDERR] 2025-11-01 09:21:26,930 - LokiExporter.loki-exporter - ERROR - Failed to export logs to Loki: Cannot connect to host localhost:3100 ssl:default [Multiple exceptions: [Errno 61] Connect call failed ('127.0.0.1', 3100), [Errno 61] Connect call failed ('::1', 3100, 0, 0)]
[2025-11-01 09:21:26] [STDERR] Traceback (most recent call last):
[2025-11-01 09:21:26] [STDERR]   File "/opt/homebrew/Caskroom/miniconda/base/lib/python3.11/site-packages/aiohttp/connector.py", line 1268, in _wrap_create_connection
[2025-11-01 09:21:26] [STDERR]     sock = await aiohappyeyeballs.start_connection(
[2025-11-01 09:21:26] [STDERR]            ^^^^^^^^^^^^^^^^^^^^^^^^^^^^^^^^^^^^^^^^
[2025-11-01 09:21:26] [STDERR]   File "/opt/homebrew/Caskroom/miniconda/base/lib/python3.11/site-packages/aiohappyeyeballs/impl.py", line 141, in start_connection
[2025-11-01 09:21:26] [STDERR]     raise OSError(first_errno, msg)
[2025-11-01 09:21:26] [STDERR] ConnectionRefusedError: [Errno 61] Multiple exceptions: [Errno 61] Connect call failed ('127.0.0.1', 3100), [Errno 61] Connect call failed ('::1', 3100, 0, 0)
[2025-11-01 09:21:26] [STDERR] 
[2025-11-01 09:21:26] [STDERR] The above exception was the direct cause of the following exception:
[2025-11-01 09:21:26] [STDERR] 
[2025-11-01 09:21:26] [STDERR] Traceback (most recent call last):
[2025-11-01 09:21:26] [STDERR]   File "/Users/leifmarkthaler/github/gleitzeit 0.0.7/src/gleitzeit/workers/loki_exporter_worker.py", line 251, in export_logs_to_loki
[2025-11-01 09:21:26] [STDERR]     async with self.session.post(
[2025-11-01 09:21:26] [STDERR]   File "/opt/homebrew/Caskroom/miniconda/base/lib/python3.11/site-packages/aiohttp/client.py", line 1488, in __aenter__
[2025-11-01 09:21:26] [STDERR]     self._resp: _RetType = await self._coro
[2025-11-01 09:21:26] [STDERR]                            ^^^^^^^^^^^^^^^^
[2025-11-01 09:21:26] [STDERR]   File "/opt/homebrew/Caskroom/miniconda/base/lib/python3.11/site-packages/aiohttp/client.py", line 770, in _request
[2025-11-01 09:21:26] [STDERR]     resp = await handler(req)
[2025-11-01 09:21:26] [STDERR]            ^^^^^^^^^^^^^^^^^^
[2025-11-01 09:21:26] [STDERR]   File "/opt/homebrew/Caskroom/miniconda/base/lib/python3.11/site-packages/aiohttp/client.py", line 725, in _connect_and_send_request
[2025-11-01 09:21:26] [STDERR]     conn = await self._connector.connect(
[2025-11-01 09:21:26] [STDERR]            ^^^^^^^^^^^^^^^^^^^^^^^^^^^^^^
[2025-11-01 09:21:26] [STDERR]   File "/opt/homebrew/Caskroom/miniconda/base/lib/python3.11/site-packages/aiohttp/connector.py", line 642, in connect
[2025-11-01 09:21:26] [STDERR]     proto = await self._create_connection(req, traces, timeout)
[2025-11-01 09:21:26] [STDERR]             ^^^^^^^^^^^^^^^^^^^^^^^^^^^^^^^^^^^^^^^^^^^^^^^^^^^
[2025-11-01 09:21:26] [STDERR]   File "/opt/homebrew/Caskroom/miniconda/base/lib/python3.11/site-packages/aiohttp/connector.py", line 1209, in _create_connection
[2025-11-01 09:21:26] [STDERR]     _, proto = await self._create_direct_connection(req, traces, timeout)
[2025-11-01 09:21:26] [STDERR]                ^^^^^^^^^^^^^^^^^^^^^^^^^^^^^^^^^^^^^^^^^^^^^^^^^^^^^^^^^^
[2025-11-01 09:21:26] [STDERR]   File "/opt/homebrew/Caskroom/miniconda/base/lib/python3.11/site-packages/aiohttp/connector.py", line 1581, in _create_direct_connection
[2025-11-01 09:21:26] [STDERR]     raise last_exc
[2025-11-01 09:21:26] [STDERR]   File "/opt/homebrew/Caskroom/miniconda/base/lib/python3.11/site-packages/aiohttp/connector.py", line 1550, in _create_direct_connection
[2025-11-01 09:21:26] [STDERR]     transp, proto = await self._wrap_create_connection(
[2025-11-01 09:21:26] [STDERR]                     ^^^^^^^^^^^^^^^^^^^^^^^^^^^^^^^^^^^
[2025-11-01 09:21:26] [STDERR]   File "/opt/homebrew/Caskroom/miniconda/base/lib/python3.11/site-packages/aiohttp/connector.py", line 1291, in _wrap_create_connection
[2025-11-01 09:21:26] [STDERR]     raise client_error(req.connection_key, exc) from exc
[2025-11-01 09:21:26] [STDERR] aiohttp.client_exceptions.ClientConnectorError: Cannot connect to host localhost:3100 ssl:default [Multiple exceptions: [Errno 61] Connect call failed ('127.0.0.1', 3100), [Errno 61] Connect call failed ('::1', 3100, 0, 0)]
[2025-11-01 09:21:31] [STDERR] 2025-11-01 09:21:31,968 - LokiExporter.loki-exporter - ERROR - Failed to export logs to Loki: Cannot connect to host localhost:3100 ssl:default [Multiple exceptions: [Errno 61] Connect call failed ('::1', 3100, 0, 0), [Errno 61] Connect call failed ('127.0.0.1', 3100)]
[2025-11-01 09:21:31] [STDERR] Traceback (most recent call last):
[2025-11-01 09:21:31] [STDERR]   File "/opt/homebrew/Caskroom/miniconda/base/lib/python3.11/site-packages/aiohttp/connector.py", line 1268, in _wrap_create_connection
[2025-11-01 09:21:31] [STDERR]     sock = await aiohappyeyeballs.start_connection(
[2025-11-01 09:21:31] [STDERR]            ^^^^^^^^^^^^^^^^^^^^^^^^^^^^^^^^^^^^^^^^
[2025-11-01 09:21:31] [STDERR]   File "/opt/homebrew/Caskroom/miniconda/base/lib/python3.11/site-packages/aiohappyeyeballs/impl.py", line 141, in start_connection
[2025-11-01 09:21:31] [STDERR]     raise OSError(first_errno, msg)
[2025-11-01 09:21:31] [STDERR] ConnectionRefusedError: [Errno 61] Multiple exceptions: [Errno 61] Connect call failed ('::1', 3100, 0, 0), [Errno 61] Connect call failed ('127.0.0.1', 3100)
[2025-11-01 09:21:31] [STDERR] 
[2025-11-01 09:21:31] [STDERR] The above exception was the direct cause of the following exception:
[2025-11-01 09:21:31] [STDERR] 
[2025-11-01 09:21:31] [STDERR] Traceback (most recent call last):
[2025-11-01 09:21:31] [STDERR]   File "/Users/leifmarkthaler/github/gleitzeit 0.0.7/src/gleitzeit/workers/loki_exporter_worker.py", line 251, in export_logs_to_loki
[2025-11-01 09:21:31] [STDERR]     async with self.session.post(
[2025-11-01 09:21:31] [STDERR]   File "/opt/homebrew/Caskroom/miniconda/base/lib/python3.11/site-packages/aiohttp/client.py", line 1488, in __aenter__
[2025-11-01 09:21:31] [STDERR]     self._resp: _RetType = await self._coro
[2025-11-01 09:21:31] [STDERR]                            ^^^^^^^^^^^^^^^^
[2025-11-01 09:21:31] [STDERR]   File "/opt/homebrew/Caskroom/miniconda/base/lib/python3.11/site-packages/aiohttp/client.py", line 770, in _request
[2025-11-01 09:21:31] [STDERR]     resp = await handler(req)
[2025-11-01 09:21:31] [STDERR]            ^^^^^^^^^^^^^^^^^^
[2025-11-01 09:21:31] [STDERR]   File "/opt/homebrew/Caskroom/miniconda/base/lib/python3.11/site-packages/aiohttp/client.py", line 725, in _connect_and_send_request
[2025-11-01 09:21:31] [STDERR]     conn = await self._connector.connect(
[2025-11-01 09:21:31] [STDERR]            ^^^^^^^^^^^^^^^^^^^^^^^^^^^^^^
[2025-11-01 09:21:31] [STDERR]   File "/opt/homebrew/Caskroom/miniconda/base/lib/python3.11/site-packages/aiohttp/connector.py", line 642, in connect
[2025-11-01 09:21:31] [STDERR]     proto = await self._create_connection(req, traces, timeout)
[2025-11-01 09:21:31] [STDERR]             ^^^^^^^^^^^^^^^^^^^^^^^^^^^^^^^^^^^^^^^^^^^^^^^^^^^
[2025-11-01 09:21:31] [STDERR]   File "/opt/homebrew/Caskroom/miniconda/base/lib/python3.11/site-packages/aiohttp/connector.py", line 1209, in _create_connection
[2025-11-01 09:21:31] [STDERR]     _, proto = await self._create_direct_connection(req, traces, timeout)
[2025-11-01 09:21:31] [STDERR]                ^^^^^^^^^^^^^^^^^^^^^^^^^^^^^^^^^^^^^^^^^^^^^^^^^^^^^^^^^^
[2025-11-01 09:21:31] [STDERR]   File "/opt/homebrew/Caskroom/miniconda/base/lib/python3.11/site-packages/aiohttp/connector.py", line 1581, in _create_direct_connection
[2025-11-01 09:21:31] [STDERR]     raise last_exc
[2025-11-01 09:21:31] [STDERR]   File "/opt/homebrew/Caskroom/miniconda/base/lib/python3.11/site-packages/aiohttp/connector.py", line 1550, in _create_direct_connection
[2025-11-01 09:21:31] [STDERR]     transp, proto = await self._wrap_create_connection(
[2025-11-01 09:21:31] [STDERR]                     ^^^^^^^^^^^^^^^^^^^^^^^^^^^^^^^^^^^
[2025-11-01 09:21:31] [STDERR]   File "/opt/homebrew/Caskroom/miniconda/base/lib/python3.11/site-packages/aiohttp/connector.py", line 1291, in _wrap_create_connection
[2025-11-01 09:21:31] [STDERR]     raise client_error(req.connection_key, exc) from exc
[2025-11-01 09:21:31] [STDERR] aiohttp.client_exceptions.ClientConnectorError: Cannot connect to host localhost:3100 ssl:default [Multiple exceptions: [Errno 61] Connect call failed ('::1', 3100, 0, 0), [Errno 61] Connect call failed ('127.0.0.1', 3100)]
[2025-11-01 09:21:37] [STDERR] 2025-11-01 09:21:37,000 - LokiExporter.loki-exporter - ERROR - Failed to export logs to Loki: Cannot connect to host localhost:3100 ssl:default [Multiple exceptions: [Errno 61] Connect call failed ('127.0.0.1', 3100), [Errno 61] Connect call failed ('::1', 3100, 0, 0)]
[2025-11-01 09:21:37] [STDERR] Traceback (most recent call last):
[2025-11-01 09:21:37] [STDERR]   File "/opt/homebrew/Caskroom/miniconda/base/lib/python3.11/site-packages/aiohttp/connector.py", line 1268, in _wrap_create_connection
[2025-11-01 09:21:37] [STDERR]     sock = await aiohappyeyeballs.start_connection(
[2025-11-01 09:21:37] [STDERR]            ^^^^^^^^^^^^^^^^^^^^^^^^^^^^^^^^^^^^^^^^
[2025-11-01 09:21:37] [STDERR]   File "/opt/homebrew/Caskroom/miniconda/base/lib/python3.11/site-packages/aiohappyeyeballs/impl.py", line 141, in start_connection
[2025-11-01 09:21:37] [STDERR]     raise OSError(first_errno, msg)
[2025-11-01 09:21:37] [STDERR] ConnectionRefusedError: [Errno 61] Multiple exceptions: [Errno 61] Connect call failed ('127.0.0.1', 3100), [Errno 61] Connect call failed ('::1', 3100, 0, 0)
[2025-11-01 09:21:37] [STDERR] 
[2025-11-01 09:21:37] [STDERR] The above exception was the direct cause of the following exception:
[2025-11-01 09:21:37] [STDERR] 
[2025-11-01 09:21:37] [STDERR] Traceback (most recent call last):
[2025-11-01 09:21:37] [STDERR]   File "/Users/leifmarkthaler/github/gleitzeit 0.0.7/src/gleitzeit/workers/loki_exporter_worker.py", line 251, in export_logs_to_loki
[2025-11-01 09:21:37] [STDERR]     async with self.session.post(
[2025-11-01 09:21:37] [STDERR]   File "/opt/homebrew/Caskroom/miniconda/base/lib/python3.11/site-packages/aiohttp/client.py", line 1488, in __aenter__
[2025-11-01 09:21:37] [STDERR]     self._resp: _RetType = await self._coro
[2025-11-01 09:21:37] [STDERR]                            ^^^^^^^^^^^^^^^^
[2025-11-01 09:21:37] [STDERR]   File "/opt/homebrew/Caskroom/miniconda/base/lib/python3.11/site-packages/aiohttp/client.py", line 770, in _request
[2025-11-01 09:21:37] [STDERR]     resp = await handler(req)
[2025-11-01 09:21:37] [STDERR]            ^^^^^^^^^^^^^^^^^^
[2025-11-01 09:21:37] [STDERR]   File "/opt/homebrew/Caskroom/miniconda/base/lib/python3.11/site-packages/aiohttp/client.py", line 725, in _connect_and_send_request
[2025-11-01 09:21:37] [STDERR]     conn = await self._connector.connect(
[2025-11-01 09:21:37] [STDERR]            ^^^^^^^^^^^^^^^^^^^^^^^^^^^^^^
[2025-11-01 09:21:37] [STDERR]   File "/opt/homebrew/Caskroom/miniconda/base/lib/python3.11/site-packages/aiohttp/connector.py", line 642, in connect
[2025-11-01 09:21:37] [STDERR]     proto = await self._create_connection(req, traces, timeout)
[2025-11-01 09:21:37] [STDERR]             ^^^^^^^^^^^^^^^^^^^^^^^^^^^^^^^^^^^^^^^^^^^^^^^^^^^
[2025-11-01 09:21:37] [STDERR]   File "/opt/homebrew/Caskroom/miniconda/base/lib/python3.11/site-packages/aiohttp/connector.py", line 1209, in _create_connection
[2025-11-01 09:21:37] [STDERR]     _, proto = await self._create_direct_connection(req, traces, timeout)
[2025-11-01 09:21:37] [STDERR]                ^^^^^^^^^^^^^^^^^^^^^^^^^^^^^^^^^^^^^^^^^^^^^^^^^^^^^^^^^^
[2025-11-01 09:21:37] [STDERR]   File "/opt/homebrew/Caskroom/miniconda/base/lib/python3.11/site-packages/aiohttp/connector.py", line 1581, in _create_direct_connection
[2025-11-01 09:21:37] [STDERR]     raise last_exc
[2025-11-01 09:21:37] [STDERR]   File "/opt/homebrew/Caskroom/miniconda/base/lib/python3.11/site-packages/aiohttp/connector.py", line 1550, in _create_direct_connection
[2025-11-01 09:21:37] [STDERR]     transp, proto = await self._wrap_create_connection(
[2025-11-01 09:21:37] [STDERR]                     ^^^^^^^^^^^^^^^^^^^^^^^^^^^^^^^^^^^
[2025-11-01 09:21:37] [STDERR]   File "/opt/homebrew/Caskroom/miniconda/base/lib/python3.11/site-packages/aiohttp/connector.py", line 1291, in _wrap_create_connection
[2025-11-01 09:21:37] [STDERR]     raise client_error(req.connection_key, exc) from exc
[2025-11-01 09:21:37] [STDERR] aiohttp.client_exceptions.ClientConnectorError: Cannot connect to host localhost:3100 ssl:default [Multiple exceptions: [Errno 61] Connect call failed ('127.0.0.1', 3100), [Errno 61] Connect call failed ('::1', 3100, 0, 0)]
[2025-11-01 09:21:42] [STDERR] 2025-11-01 09:21:42,043 - LokiExporter.loki-exporter - ERROR - Failed to export logs to Loki: Cannot connect to host localhost:3100 ssl:default [Multiple exceptions: [Errno 61] Connect call failed ('::1', 3100, 0, 0), [Errno 61] Connect call failed ('127.0.0.1', 3100)]
[2025-11-01 09:21:42] [STDERR] Traceback (most recent call last):
[2025-11-01 09:21:42] [STDERR]   File "/opt/homebrew/Caskroom/miniconda/base/lib/python3.11/site-packages/aiohttp/connector.py", line 1268, in _wrap_create_connection
[2025-11-01 09:21:42] [STDERR]     sock = await aiohappyeyeballs.start_connection(
[2025-11-01 09:21:42] [STDERR]            ^^^^^^^^^^^^^^^^^^^^^^^^^^^^^^^^^^^^^^^^
[2025-11-01 09:21:42] [STDERR]   File "/opt/homebrew/Caskroom/miniconda/base/lib/python3.11/site-packages/aiohappyeyeballs/impl.py", line 141, in start_connection
[2025-11-01 09:21:42] [STDERR]     raise OSError(first_errno, msg)
[2025-11-01 09:21:42] [STDERR] ConnectionRefusedError: [Errno 61] Multiple exceptions: [Errno 61] Connect call failed ('::1', 3100, 0, 0), [Errno 61] Connect call failed ('127.0.0.1', 3100)
[2025-11-01 09:21:42] [STDERR] 
[2025-11-01 09:21:42] [STDERR] The above exception was the direct cause of the following exception:
[2025-11-01 09:21:42] [STDERR] 
[2025-11-01 09:21:42] [STDERR] Traceback (most recent call last):
[2025-11-01 09:21:42] [STDERR]   File "/Users/leifmarkthaler/github/gleitzeit 0.0.7/src/gleitzeit/workers/loki_exporter_worker.py", line 251, in export_logs_to_loki
[2025-11-01 09:21:42] [STDERR]     async with self.session.post(
[2025-11-01 09:21:42] [STDERR]   File "/opt/homebrew/Caskroom/miniconda/base/lib/python3.11/site-packages/aiohttp/client.py", line 1488, in __aenter__
[2025-11-01 09:21:42] [STDERR]     self._resp: _RetType = await self._coro
[2025-11-01 09:21:42] [STDERR]                            ^^^^^^^^^^^^^^^^
[2025-11-01 09:21:42] [STDERR]   File "/opt/homebrew/Caskroom/miniconda/base/lib/python3.11/site-packages/aiohttp/client.py", line 770, in _request
[2025-11-01 09:21:42] [STDERR]     resp = await handler(req)
[2025-11-01 09:21:42] [STDERR]            ^^^^^^^^^^^^^^^^^^
[2025-11-01 09:21:42] [STDERR]   File "/opt/homebrew/Caskroom/miniconda/base/lib/python3.11/site-packages/aiohttp/client.py", line 725, in _connect_and_send_request
[2025-11-01 09:21:42] [STDERR]     conn = await self._connector.connect(
[2025-11-01 09:21:42] [STDERR]            ^^^^^^^^^^^^^^^^^^^^^^^^^^^^^^
[2025-11-01 09:21:42] [STDERR]   File "/opt/homebrew/Caskroom/miniconda/base/lib/python3.11/site-packages/aiohttp/connector.py", line 642, in connect
[2025-11-01 09:21:42] [STDERR]     proto = await self._create_connection(req, traces, timeout)
[2025-11-01 09:21:42] [STDERR]             ^^^^^^^^^^^^^^^^^^^^^^^^^^^^^^^^^^^^^^^^^^^^^^^^^^^
[2025-11-01 09:21:42] [STDERR]   File "/opt/homebrew/Caskroom/miniconda/base/lib/python3.11/site-packages/aiohttp/connector.py", line 1209, in _create_connection
[2025-11-01 09:21:42] [STDERR]     _, proto = await self._create_direct_connection(req, traces, timeout)
[2025-11-01 09:21:42] [STDERR]                ^^^^^^^^^^^^^^^^^^^^^^^^^^^^^^^^^^^^^^^^^^^^^^^^^^^^^^^^^^
[2025-11-01 09:21:42] [STDERR]   File "/opt/homebrew/Caskroom/miniconda/base/lib/python3.11/site-packages/aiohttp/connector.py", line 1581, in _create_direct_connection
[2025-11-01 09:21:42] [STDERR]     raise last_exc
[2025-11-01 09:21:42] [STDERR]   File "/opt/homebrew/Caskroom/miniconda/base/lib/python3.11/site-packages/aiohttp/connector.py", line 1550, in _create_direct_connection
[2025-11-01 09:21:42] [STDERR]     transp, proto = await self._wrap_create_connection(
[2025-11-01 09:21:42] [STDERR]                     ^^^^^^^^^^^^^^^^^^^^^^^^^^^^^^^^^^^
[2025-11-01 09:21:42] [STDERR]   File "/opt/homebrew/Caskroom/miniconda/base/lib/python3.11/site-packages/aiohttp/connector.py", line 1291, in _wrap_create_connection
[2025-11-01 09:21:42] [STDERR]     raise client_error(req.connection_key, exc) from exc
[2025-11-01 09:21:42] [STDERR] aiohttp.client_exceptions.ClientConnectorError: Cannot connect to host localhost:3100 ssl:default [Multiple exceptions: [Errno 61] Connect call failed ('::1', 3100, 0, 0), [Errno 61] Connect call failed ('127.0.0.1', 3100)]
[2025-11-01 09:21:47] [STDERR] 2025-11-01 09:21:47,082 - LokiExporter.loki-exporter - ERROR - Failed to export logs to Loki: Cannot connect to host localhost:3100 ssl:default [Multiple exceptions: [Errno 61] Connect call failed ('127.0.0.1', 3100), [Errno 61] Connect call failed ('::1', 3100, 0, 0)]
[2025-11-01 09:21:47] [STDERR] Traceback (most recent call last):
[2025-11-01 09:21:47] [STDERR]   File "/opt/homebrew/Caskroom/miniconda/base/lib/python3.11/site-packages/aiohttp/connector.py", line 1268, in _wrap_create_connection
[2025-11-01 09:21:47] [STDERR]     sock = await aiohappyeyeballs.start_connection(
[2025-11-01 09:21:47] [STDERR]            ^^^^^^^^^^^^^^^^^^^^^^^^^^^^^^^^^^^^^^^^
[2025-11-01 09:21:47] [STDERR]   File "/opt/homebrew/Caskroom/miniconda/base/lib/python3.11/site-packages/aiohappyeyeballs/impl.py", line 141, in start_connection
[2025-11-01 09:21:47] [STDERR]     raise OSError(first_errno, msg)
[2025-11-01 09:21:47] [STDERR] ConnectionRefusedError: [Errno 61] Multiple exceptions: [Errno 61] Connect call failed ('127.0.0.1', 3100), [Errno 61] Connect call failed ('::1', 3100, 0, 0)
[2025-11-01 09:21:47] [STDERR] 
[2025-11-01 09:21:47] [STDERR] The above exception was the direct cause of the following exception:
[2025-11-01 09:21:47] [STDERR] 
[2025-11-01 09:21:47] [STDERR] Traceback (most recent call last):
[2025-11-01 09:21:47] [STDERR]   File "/Users/leifmarkthaler/github/gleitzeit 0.0.7/src/gleitzeit/workers/loki_exporter_worker.py", line 251, in export_logs_to_loki
[2025-11-01 09:21:47] [STDERR]     async with self.session.post(
[2025-11-01 09:21:47] [STDERR]   File "/opt/homebrew/Caskroom/miniconda/base/lib/python3.11/site-packages/aiohttp/client.py", line 1488, in __aenter__
[2025-11-01 09:21:47] [STDERR]     self._resp: _RetType = await self._coro
[2025-11-01 09:21:47] [STDERR]                            ^^^^^^^^^^^^^^^^
[2025-11-01 09:21:47] [STDERR]   File "/opt/homebrew/Caskroom/miniconda/base/lib/python3.11/site-packages/aiohttp/client.py", line 770, in _request
[2025-11-01 09:21:47] [STDERR]     resp = await handler(req)
[2025-11-01 09:21:47] [STDERR]            ^^^^^^^^^^^^^^^^^^
[2025-11-01 09:21:47] [STDERR]   File "/opt/homebrew/Caskroom/miniconda/base/lib/python3.11/site-packages/aiohttp/client.py", line 725, in _connect_and_send_request
[2025-11-01 09:21:47] [STDERR]     conn = await self._connector.connect(
[2025-11-01 09:21:47] [STDERR]            ^^^^^^^^^^^^^^^^^^^^^^^^^^^^^^
[2025-11-01 09:21:47] [STDERR]   File "/opt/homebrew/Caskroom/miniconda/base/lib/python3.11/site-packages/aiohttp/connector.py", line 642, in connect
[2025-11-01 09:21:47] [STDERR]     proto = await self._create_connection(req, traces, timeout)
[2025-11-01 09:21:47] [STDERR]             ^^^^^^^^^^^^^^^^^^^^^^^^^^^^^^^^^^^^^^^^^^^^^^^^^^^
[2025-11-01 09:21:47] [STDERR]   File "/opt/homebrew/Caskroom/miniconda/base/lib/python3.11/site-packages/aiohttp/connector.py", line 1209, in _create_connection
[2025-11-01 09:21:47] [STDERR]     _, proto = await self._create_direct_connection(req, traces, timeout)
[2025-11-01 09:21:47] [STDERR]                ^^^^^^^^^^^^^^^^^^^^^^^^^^^^^^^^^^^^^^^^^^^^^^^^^^^^^^^^^^
[2025-11-01 09:21:47] [STDERR]   File "/opt/homebrew/Caskroom/miniconda/base/lib/python3.11/site-packages/aiohttp/connector.py", line 1581, in _create_direct_connection
[2025-11-01 09:21:47] [STDERR]     raise last_exc
[2025-11-01 09:21:47] [STDERR]   File "/opt/homebrew/Caskroom/miniconda/base/lib/python3.11/site-packages/aiohttp/connector.py", line 1550, in _create_direct_connection
[2025-11-01 09:21:47] [STDERR]     transp, proto = await self._wrap_create_connection(
[2025-11-01 09:21:47] [STDERR]                     ^^^^^^^^^^^^^^^^^^^^^^^^^^^^^^^^^^^
[2025-11-01 09:21:47] [STDERR]   File "/opt/homebrew/Caskroom/miniconda/base/lib/python3.11/site-packages/aiohttp/connector.py", line 1291, in _wrap_create_connection
[2025-11-01 09:21:47] [STDERR]     raise client_error(req.connection_key, exc) from exc
[2025-11-01 09:21:47] [STDERR] aiohttp.client_exceptions.ClientConnectorError: Cannot connect to host localhost:3100 ssl:default [Multiple exceptions: [Errno 61] Connect call failed ('127.0.0.1', 3100), [Errno 61] Connect call failed ('::1', 3100, 0, 0)]
[2025-11-01 09:21:52] [STDERR] 2025-11-01 09:21:52,124 - LokiExporter.loki-exporter - ERROR - Failed to export logs to Loki: Cannot connect to host localhost:3100 ssl:default [Multiple exceptions: [Errno 61] Connect call failed ('::1', 3100, 0, 0), [Errno 61] Connect call failed ('127.0.0.1', 3100)]
[2025-11-01 09:21:52] [STDERR] Traceback (most recent call last):
[2025-11-01 09:21:52] [STDERR]   File "/opt/homebrew/Caskroom/miniconda/base/lib/python3.11/site-packages/aiohttp/connector.py", line 1268, in _wrap_create_connection
[2025-11-01 09:21:52] [STDERR]     sock = await aiohappyeyeballs.start_connection(
[2025-11-01 09:21:52] [STDERR]            ^^^^^^^^^^^^^^^^^^^^^^^^^^^^^^^^^^^^^^^^
[2025-11-01 09:21:52] [STDERR]   File "/opt/homebrew/Caskroom/miniconda/base/lib/python3.11/site-packages/aiohappyeyeballs/impl.py", line 141, in start_connection
[2025-11-01 09:21:52] [STDERR]     raise OSError(first_errno, msg)
[2025-11-01 09:21:52] [STDERR] ConnectionRefusedError: [Errno 61] Multiple exceptions: [Errno 61] Connect call failed ('::1', 3100, 0, 0), [Errno 61] Connect call failed ('127.0.0.1', 3100)
[2025-11-01 09:21:52] [STDERR] 
[2025-11-01 09:21:52] [STDERR] The above exception was the direct cause of the following exception:
[2025-11-01 09:21:52] [STDERR] 
[2025-11-01 09:21:52] [STDERR] Traceback (most recent call last):
[2025-11-01 09:21:52] [STDERR]   File "/Users/leifmarkthaler/github/gleitzeit 0.0.7/src/gleitzeit/workers/loki_exporter_worker.py", line 251, in export_logs_to_loki
[2025-11-01 09:21:52] [STDERR]     async with self.session.post(
[2025-11-01 09:21:52] [STDERR]   File "/opt/homebrew/Caskroom/miniconda/base/lib/python3.11/site-packages/aiohttp/client.py", line 1488, in __aenter__
[2025-11-01 09:21:52] [STDERR]     self._resp: _RetType = await self._coro
[2025-11-01 09:21:52] [STDERR]                            ^^^^^^^^^^^^^^^^
[2025-11-01 09:21:52] [STDERR]   File "/opt/homebrew/Caskroom/miniconda/base/lib/python3.11/site-packages/aiohttp/client.py", line 770, in _request
[2025-11-01 09:21:52] [STDERR]     resp = await handler(req)
[2025-11-01 09:21:52] [STDERR]            ^^^^^^^^^^^^^^^^^^
[2025-11-01 09:21:52] [STDERR]   File "/opt/homebrew/Caskroom/miniconda/base/lib/python3.11/site-packages/aiohttp/client.py", line 725, in _connect_and_send_request
[2025-11-01 09:21:52] [STDERR]     conn = await self._connector.connect(
[2025-11-01 09:21:52] [STDERR]            ^^^^^^^^^^^^^^^^^^^^^^^^^^^^^^
[2025-11-01 09:21:52] [STDERR]   File "/opt/homebrew/Caskroom/miniconda/base/lib/python3.11/site-packages/aiohttp/connector.py", line 642, in connect
[2025-11-01 09:21:52] [STDERR]     proto = await self._create_connection(req, traces, timeout)
[2025-11-01 09:21:52] [STDERR]             ^^^^^^^^^^^^^^^^^^^^^^^^^^^^^^^^^^^^^^^^^^^^^^^^^^^
[2025-11-01 09:21:52] [STDERR]   File "/opt/homebrew/Caskroom/miniconda/base/lib/python3.11/site-packages/aiohttp/connector.py", line 1209, in _create_connection
[2025-11-01 09:21:52] [STDERR]     _, proto = await self._create_direct_connection(req, traces, timeout)
[2025-11-01 09:21:52] [STDERR]                ^^^^^^^^^^^^^^^^^^^^^^^^^^^^^^^^^^^^^^^^^^^^^^^^^^^^^^^^^^
[2025-11-01 09:21:52] [STDERR]   File "/opt/homebrew/Caskroom/miniconda/base/lib/python3.11/site-packages/aiohttp/connector.py", line 1581, in _create_direct_connection
[2025-11-01 09:21:52] [STDERR]     raise last_exc
[2025-11-01 09:21:52] [STDERR]   File "/opt/homebrew/Caskroom/miniconda/base/lib/python3.11/site-packages/aiohttp/connector.py", line 1550, in _create_direct_connection
[2025-11-01 09:21:52] [STDERR]     transp, proto = await self._wrap_create_connection(
[2025-11-01 09:21:52] [STDERR]                     ^^^^^^^^^^^^^^^^^^^^^^^^^^^^^^^^^^^
[2025-11-01 09:21:52] [STDERR]   File "/opt/homebrew/Caskroom/miniconda/base/lib/python3.11/site-packages/aiohttp/connector.py", line 1291, in _wrap_create_connection
[2025-11-01 09:21:52] [STDERR]     raise client_error(req.connection_key, exc) from exc
[2025-11-01 09:21:52] [STDERR] aiohttp.client_exceptions.ClientConnectorError: Cannot connect to host localhost:3100 ssl:default [Multiple exceptions: [Errno 61] Connect call failed ('::1', 3100, 0, 0), [Errno 61] Connect call failed ('127.0.0.1', 3100)]
[2025-11-01 09:21:57] [STDERR] 2025-11-01 09:21:57,163 - LokiExporter.loki-exporter - ERROR - Failed to export logs to Loki: Cannot connect to host localhost:3100 ssl:default [Multiple exceptions: [Errno 61] Connect call failed ('127.0.0.1', 3100), [Errno 61] Connect call failed ('::1', 3100, 0, 0)]
[2025-11-01 09:21:57] [STDERR] Traceback (most recent call last):
[2025-11-01 09:21:57] [STDERR]   File "/opt/homebrew/Caskroom/miniconda/base/lib/python3.11/site-packages/aiohttp/connector.py", line 1268, in _wrap_create_connection
[2025-11-01 09:21:57] [STDERR]     sock = await aiohappyeyeballs.start_connection(
[2025-11-01 09:21:57] [STDERR]            ^^^^^^^^^^^^^^^^^^^^^^^^^^^^^^^^^^^^^^^^
[2025-11-01 09:21:57] [STDERR]   File "/opt/homebrew/Caskroom/miniconda/base/lib/python3.11/site-packages/aiohappyeyeballs/impl.py", line 141, in start_connection
[2025-11-01 09:21:57] [STDERR]     raise OSError(first_errno, msg)
[2025-11-01 09:21:57] [STDERR] ConnectionRefusedError: [Errno 61] Multiple exceptions: [Errno 61] Connect call failed ('127.0.0.1', 3100), [Errno 61] Connect call failed ('::1', 3100, 0, 0)
[2025-11-01 09:21:57] [STDERR] 
[2025-11-01 09:21:57] [STDERR] The above exception was the direct cause of the following exception:
[2025-11-01 09:21:57] [STDERR] 
[2025-11-01 09:21:57] [STDERR] Traceback (most recent call last):
[2025-11-01 09:21:57] [STDERR]   File "/Users/leifmarkthaler/github/gleitzeit 0.0.7/src/gleitzeit/workers/loki_exporter_worker.py", line 251, in export_logs_to_loki
[2025-11-01 09:21:57] [STDERR]     async with self.session.post(
[2025-11-01 09:21:57] [STDERR]   File "/opt/homebrew/Caskroom/miniconda/base/lib/python3.11/site-packages/aiohttp/client.py", line 1488, in __aenter__
[2025-11-01 09:21:57] [STDERR]     self._resp: _RetType = await self._coro
[2025-11-01 09:21:57] [STDERR]                            ^^^^^^^^^^^^^^^^
[2025-11-01 09:21:57] [STDERR]   File "/opt/homebrew/Caskroom/miniconda/base/lib/python3.11/site-packages/aiohttp/client.py", line 770, in _request
[2025-11-01 09:21:57] [STDERR]     resp = await handler(req)
[2025-11-01 09:21:57] [STDERR]            ^^^^^^^^^^^^^^^^^^
[2025-11-01 09:21:57] [STDERR]   File "/opt/homebrew/Caskroom/miniconda/base/lib/python3.11/site-packages/aiohttp/client.py", line 725, in _connect_and_send_request
[2025-11-01 09:21:57] [STDERR]     conn = await self._connector.connect(
[2025-11-01 09:21:57] [STDERR]            ^^^^^^^^^^^^^^^^^^^^^^^^^^^^^^
[2025-11-01 09:21:57] [STDERR]   File "/opt/homebrew/Caskroom/miniconda/base/lib/python3.11/site-packages/aiohttp/connector.py", line 642, in connect
[2025-11-01 09:21:57] [STDERR]     proto = await self._create_connection(req, traces, timeout)
[2025-11-01 09:21:57] [STDERR]             ^^^^^^^^^^^^^^^^^^^^^^^^^^^^^^^^^^^^^^^^^^^^^^^^^^^
[2025-11-01 09:21:57] [STDERR]   File "/opt/homebrew/Caskroom/miniconda/base/lib/python3.11/site-packages/aiohttp/connector.py", line 1209, in _create_connection
[2025-11-01 09:21:57] [STDERR]     _, proto = await self._create_direct_connection(req, traces, timeout)
[2025-11-01 09:21:57] [STDERR]                ^^^^^^^^^^^^^^^^^^^^^^^^^^^^^^^^^^^^^^^^^^^^^^^^^^^^^^^^^^
[2025-11-01 09:21:57] [STDERR]   File "/opt/homebrew/Caskroom/miniconda/base/lib/python3.11/site-packages/aiohttp/connector.py", line 1581, in _create_direct_connection
[2025-11-01 09:21:57] [STDERR]     raise last_exc
[2025-11-01 09:21:57] [STDERR]   File "/opt/homebrew/Caskroom/miniconda/base/lib/python3.11/site-packages/aiohttp/connector.py", line 1550, in _create_direct_connection
[2025-11-01 09:21:57] [STDERR]     transp, proto = await self._wrap_create_connection(
[2025-11-01 09:21:57] [STDERR]                     ^^^^^^^^^^^^^^^^^^^^^^^^^^^^^^^^^^^
[2025-11-01 09:21:57] [STDERR]   File "/opt/homebrew/Caskroom/miniconda/base/lib/python3.11/site-packages/aiohttp/connector.py", line 1291, in _wrap_create_connection
[2025-11-01 09:21:57] [STDERR]     raise client_error(req.connection_key, exc) from exc
[2025-11-01 09:21:57] [STDERR] aiohttp.client_exceptions.ClientConnectorError: Cannot connect to host localhost:3100 ssl:default [Multiple exceptions: [Errno 61] Connect call failed ('127.0.0.1', 3100), [Errno 61] Connect call failed ('::1', 3100, 0, 0)]
[2025-11-01 09:22:02] [STDERR] 2025-11-01 09:22:02,206 - LokiExporter.loki-exporter - ERROR - Failed to export logs to Loki: Cannot connect to host localhost:3100 ssl:default [Multiple exceptions: [Errno 61] Connect call failed ('::1', 3100, 0, 0), [Errno 61] Connect call failed ('127.0.0.1', 3100)]
[2025-11-01 09:22:02] [STDERR] Traceback (most recent call last):
[2025-11-01 09:22:02] [STDERR]   File "/opt/homebrew/Caskroom/miniconda/base/lib/python3.11/site-packages/aiohttp/connector.py", line 1268, in _wrap_create_connection
[2025-11-01 09:22:02] [STDERR]     sock = await aiohappyeyeballs.start_connection(
[2025-11-01 09:22:02] [STDERR]            ^^^^^^^^^^^^^^^^^^^^^^^^^^^^^^^^^^^^^^^^
[2025-11-01 09:22:02] [STDERR]   File "/opt/homebrew/Caskroom/miniconda/base/lib/python3.11/site-packages/aiohappyeyeballs/impl.py", line 141, in start_connection
[2025-11-01 09:22:02] [STDERR]     raise OSError(first_errno, msg)
[2025-11-01 09:22:02] [STDERR] ConnectionRefusedError: [Errno 61] Multiple exceptions: [Errno 61] Connect call failed ('::1', 3100, 0, 0), [Errno 61] Connect call failed ('127.0.0.1', 3100)
[2025-11-01 09:22:02] [STDERR] 
[2025-11-01 09:22:02] [STDERR] The above exception was the direct cause of the following exception:
[2025-11-01 09:22:02] [STDERR] 
[2025-11-01 09:22:02] [STDERR] Traceback (most recent call last):
[2025-11-01 09:22:02] [STDERR]   File "/Users/leifmarkthaler/github/gleitzeit 0.0.7/src/gleitzeit/workers/loki_exporter_worker.py", line 251, in export_logs_to_loki
[2025-11-01 09:22:02] [STDERR]     async with self.session.post(
[2025-11-01 09:22:02] [STDERR]   File "/opt/homebrew/Caskroom/miniconda/base/lib/python3.11/site-packages/aiohttp/client.py", line 1488, in __aenter__
[2025-11-01 09:22:02] [STDERR]     self._resp: _RetType = await self._coro
[2025-11-01 09:22:02] [STDERR]                            ^^^^^^^^^^^^^^^^
[2025-11-01 09:22:02] [STDERR]   File "/opt/homebrew/Caskroom/miniconda/base/lib/python3.11/site-packages/aiohttp/client.py", line 770, in _request
[2025-11-01 09:22:02] [STDERR]     resp = await handler(req)
[2025-11-01 09:22:02] [STDERR]            ^^^^^^^^^^^^^^^^^^
[2025-11-01 09:22:02] [STDERR]   File "/opt/homebrew/Caskroom/miniconda/base/lib/python3.11/site-packages/aiohttp/client.py", line 725, in _connect_and_send_request
[2025-11-01 09:22:02] [STDERR]     conn = await self._connector.connect(
[2025-11-01 09:22:02] [STDERR]            ^^^^^^^^^^^^^^^^^^^^^^^^^^^^^^
[2025-11-01 09:22:02] [STDERR]   File "/opt/homebrew/Caskroom/miniconda/base/lib/python3.11/site-packages/aiohttp/connector.py", line 642, in connect
[2025-11-01 09:22:02] [STDERR]     proto = await self._create_connection(req, traces, timeout)
[2025-11-01 09:22:02] [STDERR]             ^^^^^^^^^^^^^^^^^^^^^^^^^^^^^^^^^^^^^^^^^^^^^^^^^^^
[2025-11-01 09:22:02] [STDERR]   File "/opt/homebrew/Caskroom/miniconda/base/lib/python3.11/site-packages/aiohttp/connector.py", line 1209, in _create_connection
[2025-11-01 09:22:02] [STDERR]     _, proto = await self._create_direct_connection(req, traces, timeout)
[2025-11-01 09:22:02] [STDERR]                ^^^^^^^^^^^^^^^^^^^^^^^^^^^^^^^^^^^^^^^^^^^^^^^^^^^^^^^^^^
[2025-11-01 09:22:02] [STDERR]   File "/opt/homebrew/Caskroom/miniconda/base/lib/python3.11/site-packages/aiohttp/connector.py", line 1581, in _create_direct_connection
[2025-11-01 09:22:02] [STDERR]     raise last_exc
[2025-11-01 09:22:02] [STDERR]   File "/opt/homebrew/Caskroom/miniconda/base/lib/python3.11/site-packages/aiohttp/connector.py", line 1550, in _create_direct_connection
[2025-11-01 09:22:02] [STDERR]     transp, proto = await self._wrap_create_connection(
[2025-11-01 09:22:02] [STDERR]                     ^^^^^^^^^^^^^^^^^^^^^^^^^^^^^^^^^^^
[2025-11-01 09:22:02] [STDERR]   File "/opt/homebrew/Caskroom/miniconda/base/lib/python3.11/site-packages/aiohttp/connector.py", line 1291, in _wrap_create_connection
[2025-11-01 09:22:02] [STDERR]     raise client_error(req.connection_key, exc) from exc
[2025-11-01 09:22:02] [STDERR] aiohttp.client_exceptions.ClientConnectorError: Cannot connect to host localhost:3100 ssl:default [Multiple exceptions: [Errno 61] Connect call failed ('::1', 3100, 0, 0), [Errno 61] Connect call failed ('127.0.0.1', 3100)]
[2025-11-01 09:22:07] [STDERR] 2025-11-01 09:22:07,239 - LokiExporter.loki-exporter - ERROR - Failed to export logs to Loki: Cannot connect to host localhost:3100 ssl:default [Multiple exceptions: [Errno 61] Connect call failed ('127.0.0.1', 3100), [Errno 61] Connect call failed ('::1', 3100, 0, 0)]
[2025-11-01 09:22:07] [STDERR] Traceback (most recent call last):
[2025-11-01 09:22:07] [STDERR]   File "/opt/homebrew/Caskroom/miniconda/base/lib/python3.11/site-packages/aiohttp/connector.py", line 1268, in _wrap_create_connection
[2025-11-01 09:22:07] [STDERR]     sock = await aiohappyeyeballs.start_connection(
[2025-11-01 09:22:07] [STDERR]            ^^^^^^^^^^^^^^^^^^^^^^^^^^^^^^^^^^^^^^^^
[2025-11-01 09:22:07] [STDERR]   File "/opt/homebrew/Caskroom/miniconda/base/lib/python3.11/site-packages/aiohappyeyeballs/impl.py", line 141, in start_connection
[2025-11-01 09:22:07] [STDERR]     raise OSError(first_errno, msg)
[2025-11-01 09:22:07] [STDERR] ConnectionRefusedError: [Errno 61] Multiple exceptions: [Errno 61] Connect call failed ('127.0.0.1', 3100), [Errno 61] Connect call failed ('::1', 3100, 0, 0)
[2025-11-01 09:22:07] [STDERR] 
[2025-11-01 09:22:07] [STDERR] The above exception was the direct cause of the following exception:
[2025-11-01 09:22:07] [STDERR] 
[2025-11-01 09:22:07] [STDERR] Traceback (most recent call last):
[2025-11-01 09:22:07] [STDERR]   File "/Users/leifmarkthaler/github/gleitzeit 0.0.7/src/gleitzeit/workers/loki_exporter_worker.py", line 251, in export_logs_to_loki
[2025-11-01 09:22:07] [STDERR]     async with self.session.post(
[2025-11-01 09:22:07] [STDERR]   File "/opt/homebrew/Caskroom/miniconda/base/lib/python3.11/site-packages/aiohttp/client.py", line 1488, in __aenter__
[2025-11-01 09:22:07] [STDERR]     self._resp: _RetType = await self._coro
[2025-11-01 09:22:07] [STDERR]                            ^^^^^^^^^^^^^^^^
[2025-11-01 09:22:07] [STDERR]   File "/opt/homebrew/Caskroom/miniconda/base/lib/python3.11/site-packages/aiohttp/client.py", line 770, in _request
[2025-11-01 09:22:07] [STDERR]     resp = await handler(req)
[2025-11-01 09:22:07] [STDERR]            ^^^^^^^^^^^^^^^^^^
[2025-11-01 09:22:07] [STDERR]   File "/opt/homebrew/Caskroom/miniconda/base/lib/python3.11/site-packages/aiohttp/client.py", line 725, in _connect_and_send_request
[2025-11-01 09:22:07] [STDERR]     conn = await self._connector.connect(
[2025-11-01 09:22:07] [STDERR]            ^^^^^^^^^^^^^^^^^^^^^^^^^^^^^^
[2025-11-01 09:22:07] [STDERR]   File "/opt/homebrew/Caskroom/miniconda/base/lib/python3.11/site-packages/aiohttp/connector.py", line 642, in connect
[2025-11-01 09:22:07] [STDERR]     proto = await self._create_connection(req, traces, timeout)
[2025-11-01 09:22:07] [STDERR]             ^^^^^^^^^^^^^^^^^^^^^^^^^^^^^^^^^^^^^^^^^^^^^^^^^^^
[2025-11-01 09:22:07] [STDERR]   File "/opt/homebrew/Caskroom/miniconda/base/lib/python3.11/site-packages/aiohttp/connector.py", line 1209, in _create_connection
[2025-11-01 09:22:07] [STDERR]     _, proto = await self._create_direct_connection(req, traces, timeout)
[2025-11-01 09:22:07] [STDERR]                ^^^^^^^^^^^^^^^^^^^^^^^^^^^^^^^^^^^^^^^^^^^^^^^^^^^^^^^^^^
[2025-11-01 09:22:07] [STDERR]   File "/opt/homebrew/Caskroom/miniconda/base/lib/python3.11/site-packages/aiohttp/connector.py", line 1581, in _create_direct_connection
[2025-11-01 09:22:07] [STDERR]     raise last_exc
[2025-11-01 09:22:07] [STDERR]   File "/opt/homebrew/Caskroom/miniconda/base/lib/python3.11/site-packages/aiohttp/connector.py", line 1550, in _create_direct_connection
[2025-11-01 09:22:07] [STDERR]     transp, proto = await self._wrap_create_connection(
[2025-11-01 09:22:07] [STDERR]                     ^^^^^^^^^^^^^^^^^^^^^^^^^^^^^^^^^^^
[2025-11-01 09:22:07] [STDERR]   File "/opt/homebrew/Caskroom/miniconda/base/lib/python3.11/site-packages/aiohttp/connector.py", line 1291, in _wrap_create_connection
[2025-11-01 09:22:07] [STDERR]     raise client_error(req.connection_key, exc) from exc
[2025-11-01 09:22:07] [STDERR] aiohttp.client_exceptions.ClientConnectorError: Cannot connect to host localhost:3100 ssl:default [Multiple exceptions: [Errno 61] Connect call failed ('127.0.0.1', 3100), [Errno 61] Connect call failed ('::1', 3100, 0, 0)]
[2025-11-01 09:22:12] [STDERR] 2025-11-01 09:22:12,275 - LokiExporter.loki-exporter - ERROR - Failed to export logs to Loki: Cannot connect to host localhost:3100 ssl:default [Multiple exceptions: [Errno 61] Connect call failed ('::1', 3100, 0, 0), [Errno 61] Connect call failed ('127.0.0.1', 3100)]
[2025-11-01 09:22:12] [STDERR] Traceback (most recent call last):
[2025-11-01 09:22:12] [STDERR]   File "/opt/homebrew/Caskroom/miniconda/base/lib/python3.11/site-packages/aiohttp/connector.py", line 1268, in _wrap_create_connection
[2025-11-01 09:22:12] [STDERR]     sock = await aiohappyeyeballs.start_connection(
[2025-11-01 09:22:12] [STDERR]            ^^^^^^^^^^^^^^^^^^^^^^^^^^^^^^^^^^^^^^^^
[2025-11-01 09:22:12] [STDERR]   File "/opt/homebrew/Caskroom/miniconda/base/lib/python3.11/site-packages/aiohappyeyeballs/impl.py", line 141, in start_connection
[2025-11-01 09:22:12] [STDERR]     raise OSError(first_errno, msg)
[2025-11-01 09:22:12] [STDERR] ConnectionRefusedError: [Errno 61] Multiple exceptions: [Errno 61] Connect call failed ('::1', 3100, 0, 0), [Errno 61] Connect call failed ('127.0.0.1', 3100)
[2025-11-01 09:22:12] [STDERR] 
[2025-11-01 09:22:12] [STDERR] The above exception was the direct cause of the following exception:
[2025-11-01 09:22:12] [STDERR] 
[2025-11-01 09:22:12] [STDERR] Traceback (most recent call last):
[2025-11-01 09:22:12] [STDERR]   File "/Users/leifmarkthaler/github/gleitzeit 0.0.7/src/gleitzeit/workers/loki_exporter_worker.py", line 251, in export_logs_to_loki
[2025-11-01 09:22:12] [STDERR]     async with self.session.post(
[2025-11-01 09:22:12] [STDERR]   File "/opt/homebrew/Caskroom/miniconda/base/lib/python3.11/site-packages/aiohttp/client.py", line 1488, in __aenter__
[2025-11-01 09:22:12] [STDERR]     self._resp: _RetType = await self._coro
[2025-11-01 09:22:12] [STDERR]                            ^^^^^^^^^^^^^^^^
[2025-11-01 09:22:12] [STDERR]   File "/opt/homebrew/Caskroom/miniconda/base/lib/python3.11/site-packages/aiohttp/client.py", line 770, in _request
[2025-11-01 09:22:12] [STDERR]     resp = await handler(req)
[2025-11-01 09:22:12] [STDERR]            ^^^^^^^^^^^^^^^^^^
[2025-11-01 09:22:12] [STDERR]   File "/opt/homebrew/Caskroom/miniconda/base/lib/python3.11/site-packages/aiohttp/client.py", line 725, in _connect_and_send_request
[2025-11-01 09:22:12] [STDERR]     conn = await self._connector.connect(
[2025-11-01 09:22:12] [STDERR]            ^^^^^^^^^^^^^^^^^^^^^^^^^^^^^^
[2025-11-01 09:22:12] [STDERR]   File "/opt/homebrew/Caskroom/miniconda/base/lib/python3.11/site-packages/aiohttp/connector.py", line 642, in connect
[2025-11-01 09:22:12] [STDERR]     proto = await self._create_connection(req, traces, timeout)
[2025-11-01 09:22:12] [STDERR]             ^^^^^^^^^^^^^^^^^^^^^^^^^^^^^^^^^^^^^^^^^^^^^^^^^^^
[2025-11-01 09:22:12] [STDERR]   File "/opt/homebrew/Caskroom/miniconda/base/lib/python3.11/site-packages/aiohttp/connector.py", line 1209, in _create_connection
[2025-11-01 09:22:12] [STDERR]     _, proto = await self._create_direct_connection(req, traces, timeout)
[2025-11-01 09:22:12] [STDERR]                ^^^^^^^^^^^^^^^^^^^^^^^^^^^^^^^^^^^^^^^^^^^^^^^^^^^^^^^^^^
[2025-11-01 09:22:12] [STDERR]   File "/opt/homebrew/Caskroom/miniconda/base/lib/python3.11/site-packages/aiohttp/connector.py", line 1581, in _create_direct_connection
[2025-11-01 09:22:12] [STDERR]     raise last_exc
[2025-11-01 09:22:12] [STDERR]   File "/opt/homebrew/Caskroom/miniconda/base/lib/python3.11/site-packages/aiohttp/connector.py", line 1550, in _create_direct_connection
[2025-11-01 09:22:12] [STDERR]     transp, proto = await self._wrap_create_connection(
[2025-11-01 09:22:12] [STDERR]                     ^^^^^^^^^^^^^^^^^^^^^^^^^^^^^^^^^^^
[2025-11-01 09:22:12] [STDERR]   File "/opt/homebrew/Caskroom/miniconda/base/lib/python3.11/site-packages/aiohttp/connector.py", line 1291, in _wrap_create_connection
[2025-11-01 09:22:12] [STDERR]     raise client_error(req.connection_key, exc) from exc
[2025-11-01 09:22:12] [STDERR] aiohttp.client_exceptions.ClientConnectorError: Cannot connect to host localhost:3100 ssl:default [Multiple exceptions: [Errno 61] Connect call failed ('::1', 3100, 0, 0), [Errno 61] Connect call failed ('127.0.0.1', 3100)]
[2025-11-01 09:22:17] [STDERR] 2025-11-01 09:22:17,310 - LokiExporter.loki-exporter - ERROR - Failed to export logs to Loki: Cannot connect to host localhost:3100 ssl:default [Multiple exceptions: [Errno 61] Connect call failed ('127.0.0.1', 3100), [Errno 61] Connect call failed ('::1', 3100, 0, 0)]
[2025-11-01 09:22:17] [STDERR] Traceback (most recent call last):
[2025-11-01 09:22:17] [STDERR]   File "/opt/homebrew/Caskroom/miniconda/base/lib/python3.11/site-packages/aiohttp/connector.py", line 1268, in _wrap_create_connection
[2025-11-01 09:22:17] [STDERR]     sock = await aiohappyeyeballs.start_connection(
[2025-11-01 09:22:17] [STDERR]            ^^^^^^^^^^^^^^^^^^^^^^^^^^^^^^^^^^^^^^^^
[2025-11-01 09:22:17] [STDERR]   File "/opt/homebrew/Caskroom/miniconda/base/lib/python3.11/site-packages/aiohappyeyeballs/impl.py", line 141, in start_connection
[2025-11-01 09:22:17] [STDERR]     raise OSError(first_errno, msg)
[2025-11-01 09:22:17] [STDERR] ConnectionRefusedError: [Errno 61] Multiple exceptions: [Errno 61] Connect call failed ('127.0.0.1', 3100), [Errno 61] Connect call failed ('::1', 3100, 0, 0)
[2025-11-01 09:22:17] [STDERR] 
[2025-11-01 09:22:17] [STDERR] The above exception was the direct cause of the following exception:
[2025-11-01 09:22:17] [STDERR] 
[2025-11-01 09:22:17] [STDERR] Traceback (most recent call last):
[2025-11-01 09:22:17] [STDERR]   File "/Users/leifmarkthaler/github/gleitzeit 0.0.7/src/gleitzeit/workers/loki_exporter_worker.py", line 251, in export_logs_to_loki
[2025-11-01 09:22:17] [STDERR]     async with self.session.post(
[2025-11-01 09:22:17] [STDERR]   File "/opt/homebrew/Caskroom/miniconda/base/lib/python3.11/site-packages/aiohttp/client.py", line 1488, in __aenter__
[2025-11-01 09:22:17] [STDERR]     self._resp: _RetType = await self._coro
[2025-11-01 09:22:17] [STDERR]                            ^^^^^^^^^^^^^^^^
[2025-11-01 09:22:17] [STDERR]   File "/opt/homebrew/Caskroom/miniconda/base/lib/python3.11/site-packages/aiohttp/client.py", line 770, in _request
[2025-11-01 09:22:17] [STDERR]     resp = await handler(req)
[2025-11-01 09:22:17] [STDERR]            ^^^^^^^^^^^^^^^^^^
[2025-11-01 09:22:17] [STDERR]   File "/opt/homebrew/Caskroom/miniconda/base/lib/python3.11/site-packages/aiohttp/client.py", line 725, in _connect_and_send_request
[2025-11-01 09:22:17] [STDERR]     conn = await self._connector.connect(
[2025-11-01 09:22:17] [STDERR]            ^^^^^^^^^^^^^^^^^^^^^^^^^^^^^^
[2025-11-01 09:22:17] [STDERR]   File "/opt/homebrew/Caskroom/miniconda/base/lib/python3.11/site-packages/aiohttp/connector.py", line 642, in connect
[2025-11-01 09:22:17] [STDERR]     proto = await self._create_connection(req, traces, timeout)
[2025-11-01 09:22:17] [STDERR]             ^^^^^^^^^^^^^^^^^^^^^^^^^^^^^^^^^^^^^^^^^^^^^^^^^^^
[2025-11-01 09:22:17] [STDERR]   File "/opt/homebrew/Caskroom/miniconda/base/lib/python3.11/site-packages/aiohttp/connector.py", line 1209, in _create_connection
[2025-11-01 09:22:17] [STDERR]     _, proto = await self._create_direct_connection(req, traces, timeout)
[2025-11-01 09:22:17] [STDERR]                ^^^^^^^^^^^^^^^^^^^^^^^^^^^^^^^^^^^^^^^^^^^^^^^^^^^^^^^^^^
[2025-11-01 09:22:17] [STDERR]   File "/opt/homebrew/Caskroom/miniconda/base/lib/python3.11/site-packages/aiohttp/connector.py", line 1581, in _create_direct_connection
[2025-11-01 09:22:17] [STDERR]     raise last_exc
[2025-11-01 09:22:17] [STDERR]   File "/opt/homebrew/Caskroom/miniconda/base/lib/python3.11/site-packages/aiohttp/connector.py", line 1550, in _create_direct_connection
[2025-11-01 09:22:17] [STDERR]     transp, proto = await self._wrap_create_connection(
[2025-11-01 09:22:17] [STDERR]                     ^^^^^^^^^^^^^^^^^^^^^^^^^^^^^^^^^^^
[2025-11-01 09:22:17] [STDERR]   File "/opt/homebrew/Caskroom/miniconda/base/lib/python3.11/site-packages/aiohttp/connector.py", line 1291, in _wrap_create_connection
[2025-11-01 09:22:17] [STDERR]     raise client_error(req.connection_key, exc) from exc
[2025-11-01 09:22:17] [STDERR] aiohttp.client_exceptions.ClientConnectorError: Cannot connect to host localhost:3100 ssl:default [Multiple exceptions: [Errno 61] Connect call failed ('127.0.0.1', 3100), [Errno 61] Connect call failed ('::1', 3100, 0, 0)]
[2025-11-01 09:22:22] [STDERR] 2025-11-01 09:22:22,350 - LokiExporter.loki-exporter - ERROR - Failed to export logs to Loki: Cannot connect to host localhost:3100 ssl:default [Multiple exceptions: [Errno 61] Connect call failed ('::1', 3100, 0, 0), [Errno 61] Connect call failed ('127.0.0.1', 3100)]
[2025-11-01 09:22:22] [STDERR] Traceback (most recent call last):
[2025-11-01 09:22:22] [STDERR]   File "/opt/homebrew/Caskroom/miniconda/base/lib/python3.11/site-packages/aiohttp/connector.py", line 1268, in _wrap_create_connection
[2025-11-01 09:22:22] [STDERR]     sock = await aiohappyeyeballs.start_connection(
[2025-11-01 09:22:22] [STDERR]            ^^^^^^^^^^^^^^^^^^^^^^^^^^^^^^^^^^^^^^^^
[2025-11-01 09:22:22] [STDERR]   File "/opt/homebrew/Caskroom/miniconda/base/lib/python3.11/site-packages/aiohappyeyeballs/impl.py", line 141, in start_connection
[2025-11-01 09:22:22] [STDERR]     raise OSError(first_errno, msg)
[2025-11-01 09:22:22] [STDERR] ConnectionRefusedError: [Errno 61] Multiple exceptions: [Errno 61] Connect call failed ('::1', 3100, 0, 0), [Errno 61] Connect call failed ('127.0.0.1', 3100)
[2025-11-01 09:22:22] [STDERR] 
[2025-11-01 09:22:22] [STDERR] The above exception was the direct cause of the following exception:
[2025-11-01 09:22:22] [STDERR] 
[2025-11-01 09:22:22] [STDERR] Traceback (most recent call last):
[2025-11-01 09:22:22] [STDERR]   File "/Users/leifmarkthaler/github/gleitzeit 0.0.7/src/gleitzeit/workers/loki_exporter_worker.py", line 251, in export_logs_to_loki
[2025-11-01 09:22:22] [STDERR]     async with self.session.post(
[2025-11-01 09:22:22] [STDERR]   File "/opt/homebrew/Caskroom/miniconda/base/lib/python3.11/site-packages/aiohttp/client.py", line 1488, in __aenter__
[2025-11-01 09:22:22] [STDERR]     self._resp: _RetType = await self._coro
[2025-11-01 09:22:22] [STDERR]                            ^^^^^^^^^^^^^^^^
[2025-11-01 09:22:22] [STDERR]   File "/opt/homebrew/Caskroom/miniconda/base/lib/python3.11/site-packages/aiohttp/client.py", line 770, in _request
[2025-11-01 09:22:22] [STDERR]     resp = await handler(req)
[2025-11-01 09:22:22] [STDERR]            ^^^^^^^^^^^^^^^^^^
[2025-11-01 09:22:22] [STDERR]   File "/opt/homebrew/Caskroom/miniconda/base/lib/python3.11/site-packages/aiohttp/client.py", line 725, in _connect_and_send_request
[2025-11-01 09:22:22] [STDERR]     conn = await self._connector.connect(
[2025-11-01 09:22:22] [STDERR]            ^^^^^^^^^^^^^^^^^^^^^^^^^^^^^^
[2025-11-01 09:22:22] [STDERR]   File "/opt/homebrew/Caskroom/miniconda/base/lib/python3.11/site-packages/aiohttp/connector.py", line 642, in connect
[2025-11-01 09:22:22] [STDERR]     proto = await self._create_connection(req, traces, timeout)
[2025-11-01 09:22:22] [STDERR]             ^^^^^^^^^^^^^^^^^^^^^^^^^^^^^^^^^^^^^^^^^^^^^^^^^^^
[2025-11-01 09:22:22] [STDERR]   File "/opt/homebrew/Caskroom/miniconda/base/lib/python3.11/site-packages/aiohttp/connector.py", line 1209, in _create_connection
[2025-11-01 09:22:22] [STDERR]     _, proto = await self._create_direct_connection(req, traces, timeout)
[2025-11-01 09:22:22] [STDERR]                ^^^^^^^^^^^^^^^^^^^^^^^^^^^^^^^^^^^^^^^^^^^^^^^^^^^^^^^^^^
[2025-11-01 09:22:22] [STDERR]   File "/opt/homebrew/Caskroom/miniconda/base/lib/python3.11/site-packages/aiohttp/connector.py", line 1581, in _create_direct_connection
[2025-11-01 09:22:22] [STDERR]     raise last_exc
[2025-11-01 09:22:22] [STDERR]   File "/opt/homebrew/Caskroom/miniconda/base/lib/python3.11/site-packages/aiohttp/connector.py", line 1550, in _create_direct_connection
[2025-11-01 09:22:22] [STDERR]     transp, proto = await self._wrap_create_connection(
[2025-11-01 09:22:22] [STDERR]                     ^^^^^^^^^^^^^^^^^^^^^^^^^^^^^^^^^^^
[2025-11-01 09:22:22] [STDERR]   File "/opt/homebrew/Caskroom/miniconda/base/lib/python3.11/site-packages/aiohttp/connector.py", line 1291, in _wrap_create_connection
[2025-11-01 09:22:22] [STDERR]     raise client_error(req.connection_key, exc) from exc
[2025-11-01 09:22:22] [STDERR] aiohttp.client_exceptions.ClientConnectorError: Cannot connect to host localhost:3100 ssl:default [Multiple exceptions: [Errno 61] Connect call failed ('::1', 3100, 0, 0), [Errno 61] Connect call failed ('127.0.0.1', 3100)]
[2025-11-01 09:22:27] [STDERR] 2025-11-01 09:22:27,389 - LokiExporter.loki-exporter - ERROR - Failed to export logs to Loki: Cannot connect to host localhost:3100 ssl:default [Multiple exceptions: [Errno 61] Connect call failed ('127.0.0.1', 3100), [Errno 61] Connect call failed ('::1', 3100, 0, 0)]
[2025-11-01 09:22:27] [STDERR] Traceback (most recent call last):
[2025-11-01 09:22:27] [STDERR]   File "/opt/homebrew/Caskroom/miniconda/base/lib/python3.11/site-packages/aiohttp/connector.py", line 1268, in _wrap_create_connection
[2025-11-01 09:22:27] [STDERR]     sock = await aiohappyeyeballs.start_connection(
[2025-11-01 09:22:27] [STDERR]            ^^^^^^^^^^^^^^^^^^^^^^^^^^^^^^^^^^^^^^^^
[2025-11-01 09:22:27] [STDERR]   File "/opt/homebrew/Caskroom/miniconda/base/lib/python3.11/site-packages/aiohappyeyeballs/impl.py", line 141, in start_connection
[2025-11-01 09:22:27] [STDERR]     raise OSError(first_errno, msg)
[2025-11-01 09:22:27] [STDERR] ConnectionRefusedError: [Errno 61] Multiple exceptions: [Errno 61] Connect call failed ('127.0.0.1', 3100), [Errno 61] Connect call failed ('::1', 3100, 0, 0)
[2025-11-01 09:22:27] [STDERR] 
[2025-11-01 09:22:27] [STDERR] The above exception was the direct cause of the following exception:
[2025-11-01 09:22:27] [STDERR] 
[2025-11-01 09:22:27] [STDERR] Traceback (most recent call last):
[2025-11-01 09:22:27] [STDERR]   File "/Users/leifmarkthaler/github/gleitzeit 0.0.7/src/gleitzeit/workers/loki_exporter_worker.py", line 251, in export_logs_to_loki
[2025-11-01 09:22:27] [STDERR]     async with self.session.post(
[2025-11-01 09:22:27] [STDERR]   File "/opt/homebrew/Caskroom/miniconda/base/lib/python3.11/site-packages/aiohttp/client.py", line 1488, in __aenter__
[2025-11-01 09:22:27] [STDERR]     self._resp: _RetType = await self._coro
[2025-11-01 09:22:27] [STDERR]                            ^^^^^^^^^^^^^^^^
[2025-11-01 09:22:27] [STDERR]   File "/opt/homebrew/Caskroom/miniconda/base/lib/python3.11/site-packages/aiohttp/client.py", line 770, in _request
[2025-11-01 09:22:27] [STDERR]     resp = await handler(req)
[2025-11-01 09:22:27] [STDERR]            ^^^^^^^^^^^^^^^^^^
[2025-11-01 09:22:27] [STDERR]   File "/opt/homebrew/Caskroom/miniconda/base/lib/python3.11/site-packages/aiohttp/client.py", line 725, in _connect_and_send_request
[2025-11-01 09:22:27] [STDERR]     conn = await self._connector.connect(
[2025-11-01 09:22:27] [STDERR]            ^^^^^^^^^^^^^^^^^^^^^^^^^^^^^^
[2025-11-01 09:22:27] [STDERR]   File "/opt/homebrew/Caskroom/miniconda/base/lib/python3.11/site-packages/aiohttp/connector.py", line 642, in connect
[2025-11-01 09:22:27] [STDERR]     proto = await self._create_connection(req, traces, timeout)
[2025-11-01 09:22:27] [STDERR]             ^^^^^^^^^^^^^^^^^^^^^^^^^^^^^^^^^^^^^^^^^^^^^^^^^^^
[2025-11-01 09:22:27] [STDERR]   File "/opt/homebrew/Caskroom/miniconda/base/lib/python3.11/site-packages/aiohttp/connector.py", line 1209, in _create_connection
[2025-11-01 09:22:27] [STDERR]     _, proto = await self._create_direct_connection(req, traces, timeout)
[2025-11-01 09:22:27] [STDERR]                ^^^^^^^^^^^^^^^^^^^^^^^^^^^^^^^^^^^^^^^^^^^^^^^^^^^^^^^^^^
[2025-11-01 09:22:27] [STDERR]   File "/opt/homebrew/Caskroom/miniconda/base/lib/python3.11/site-packages/aiohttp/connector.py", line 1581, in _create_direct_connection
[2025-11-01 09:22:27] [STDERR]     raise last_exc
[2025-11-01 09:22:27] [STDERR]   File "/opt/homebrew/Caskroom/miniconda/base/lib/python3.11/site-packages/aiohttp/connector.py", line 1550, in _create_direct_connection
[2025-11-01 09:22:27] [STDERR]     transp, proto = await self._wrap_create_connection(
[2025-11-01 09:22:27] [STDERR]                     ^^^^^^^^^^^^^^^^^^^^^^^^^^^^^^^^^^^
[2025-11-01 09:22:27] [STDERR]   File "/opt/homebrew/Caskroom/miniconda/base/lib/python3.11/site-packages/aiohttp/connector.py", line 1291, in _wrap_create_connection
[2025-11-01 09:22:27] [STDERR]     raise client_error(req.connection_key, exc) from exc
[2025-11-01 09:22:27] [STDERR] aiohttp.client_exceptions.ClientConnectorError: Cannot connect to host localhost:3100 ssl:default [Multiple exceptions: [Errno 61] Connect call failed ('127.0.0.1', 3100), [Errno 61] Connect call failed ('::1', 3100, 0, 0)]
[2025-11-01 09:22:32] [STDERR] 2025-11-01 09:22:32,418 - LokiExporter.loki-exporter - ERROR - Failed to export logs to Loki: Cannot connect to host localhost:3100 ssl:default [Multiple exceptions: [Errno 61] Connect call failed ('::1', 3100, 0, 0), [Errno 61] Connect call failed ('127.0.0.1', 3100)]
[2025-11-01 09:22:32] [STDERR] Traceback (most recent call last):
[2025-11-01 09:22:32] [STDERR]   File "/opt/homebrew/Caskroom/miniconda/base/lib/python3.11/site-packages/aiohttp/connector.py", line 1268, in _wrap_create_connection
[2025-11-01 09:22:32] [STDERR]     sock = await aiohappyeyeballs.start_connection(
[2025-11-01 09:22:32] [STDERR]            ^^^^^^^^^^^^^^^^^^^^^^^^^^^^^^^^^^^^^^^^
[2025-11-01 09:22:32] [STDERR]   File "/opt/homebrew/Caskroom/miniconda/base/lib/python3.11/site-packages/aiohappyeyeballs/impl.py", line 141, in start_connection
[2025-11-01 09:22:32] [STDERR]     raise OSError(first_errno, msg)
[2025-11-01 09:22:32] [STDERR] ConnectionRefusedError: [Errno 61] Multiple exceptions: [Errno 61] Connect call failed ('::1', 3100, 0, 0), [Errno 61] Connect call failed ('127.0.0.1', 3100)
[2025-11-01 09:22:32] [STDERR] 
[2025-11-01 09:22:32] [STDERR] The above exception was the direct cause of the following exception:
[2025-11-01 09:22:32] [STDERR] 
[2025-11-01 09:22:32] [STDERR] Traceback (most recent call last):
[2025-11-01 09:22:32] [STDERR]   File "/Users/leifmarkthaler/github/gleitzeit 0.0.7/src/gleitzeit/workers/loki_exporter_worker.py", line 251, in export_logs_to_loki
[2025-11-01 09:22:32] [STDERR]     async with self.session.post(
[2025-11-01 09:22:32] [STDERR]   File "/opt/homebrew/Caskroom/miniconda/base/lib/python3.11/site-packages/aiohttp/client.py", line 1488, in __aenter__
[2025-11-01 09:22:32] [STDERR]     self._resp: _RetType = await self._coro
[2025-11-01 09:22:32] [STDERR]                            ^^^^^^^^^^^^^^^^
[2025-11-01 09:22:32] [STDERR]   File "/opt/homebrew/Caskroom/miniconda/base/lib/python3.11/site-packages/aiohttp/client.py", line 770, in _request
[2025-11-01 09:22:32] [STDERR]     resp = await handler(req)
[2025-11-01 09:22:32] [STDERR]            ^^^^^^^^^^^^^^^^^^
[2025-11-01 09:22:32] [STDERR]   File "/opt/homebrew/Caskroom/miniconda/base/lib/python3.11/site-packages/aiohttp/client.py", line 725, in _connect_and_send_request
[2025-11-01 09:22:32] [STDERR]     conn = await self._connector.connect(
[2025-11-01 09:22:32] [STDERR]            ^^^^^^^^^^^^^^^^^^^^^^^^^^^^^^
[2025-11-01 09:22:32] [STDERR]   File "/opt/homebrew/Caskroom/miniconda/base/lib/python3.11/site-packages/aiohttp/connector.py", line 642, in connect
[2025-11-01 09:22:32] [STDERR]     proto = await self._create_connection(req, traces, timeout)
[2025-11-01 09:22:32] [STDERR]             ^^^^^^^^^^^^^^^^^^^^^^^^^^^^^^^^^^^^^^^^^^^^^^^^^^^
[2025-11-01 09:22:32] [STDERR]   File "/opt/homebrew/Caskroom/miniconda/base/lib/python3.11/site-packages/aiohttp/connector.py", line 1209, in _create_connection
[2025-11-01 09:22:32] [STDERR]     _, proto = await self._create_direct_connection(req, traces, timeout)
[2025-11-01 09:22:32] [STDERR]                ^^^^^^^^^^^^^^^^^^^^^^^^^^^^^^^^^^^^^^^^^^^^^^^^^^^^^^^^^^
[2025-11-01 09:22:32] [STDERR]   File "/opt/homebrew/Caskroom/miniconda/base/lib/python3.11/site-packages/aiohttp/connector.py", line 1581, in _create_direct_connection
[2025-11-01 09:22:32] [STDERR]     raise last_exc
[2025-11-01 09:22:32] [STDERR]   File "/opt/homebrew/Caskroom/miniconda/base/lib/python3.11/site-packages/aiohttp/connector.py", line 1550, in _create_direct_connection
[2025-11-01 09:22:32] [STDERR]     transp, proto = await self._wrap_create_connection(
[2025-11-01 09:22:32] [STDERR]                     ^^^^^^^^^^^^^^^^^^^^^^^^^^^^^^^^^^^
[2025-11-01 09:22:32] [STDERR]   File "/opt/homebrew/Caskroom/miniconda/base/lib/python3.11/site-packages/aiohttp/connector.py", line 1291, in _wrap_create_connection
[2025-11-01 09:22:32] [STDERR]     raise client_error(req.connection_key, exc) from exc
[2025-11-01 09:22:32] [STDERR] aiohttp.client_exceptions.ClientConnectorError: Cannot connect to host localhost:3100 ssl:default [Multiple exceptions: [Errno 61] Connect call failed ('::1', 3100, 0, 0), [Errno 61] Connect call failed ('127.0.0.1', 3100)]
[2025-11-01 09:22:37] [STDERR] 2025-11-01 09:22:37,457 - LokiExporter.loki-exporter - ERROR - Failed to export logs to Loki: Cannot connect to host localhost:3100 ssl:default [Multiple exceptions: [Errno 61] Connect call failed ('127.0.0.1', 3100), [Errno 61] Connect call failed ('::1', 3100, 0, 0)]
[2025-11-01 09:22:37] [STDERR] Traceback (most recent call last):
[2025-11-01 09:22:37] [STDERR]   File "/opt/homebrew/Caskroom/miniconda/base/lib/python3.11/site-packages/aiohttp/connector.py", line 1268, in _wrap_create_connection
[2025-11-01 09:22:37] [STDERR]     sock = await aiohappyeyeballs.start_connection(
[2025-11-01 09:22:37] [STDERR]            ^^^^^^^^^^^^^^^^^^^^^^^^^^^^^^^^^^^^^^^^
[2025-11-01 09:22:37] [STDERR]   File "/opt/homebrew/Caskroom/miniconda/base/lib/python3.11/site-packages/aiohappyeyeballs/impl.py", line 141, in start_connection
[2025-11-01 09:22:37] [STDERR]     raise OSError(first_errno, msg)
[2025-11-01 09:22:37] [STDERR] ConnectionRefusedError: [Errno 61] Multiple exceptions: [Errno 61] Connect call failed ('127.0.0.1', 3100), [Errno 61] Connect call failed ('::1', 3100, 0, 0)
[2025-11-01 09:22:37] [STDERR] 
[2025-11-01 09:22:37] [STDERR] The above exception was the direct cause of the following exception:
[2025-11-01 09:22:37] [STDERR] 
[2025-11-01 09:22:37] [STDERR] Traceback (most recent call last):
[2025-11-01 09:22:37] [STDERR]   File "/Users/leifmarkthaler/github/gleitzeit 0.0.7/src/gleitzeit/workers/loki_exporter_worker.py", line 251, in export_logs_to_loki
[2025-11-01 09:22:37] [STDERR]     async with self.session.post(
[2025-11-01 09:22:37] [STDERR]   File "/opt/homebrew/Caskroom/miniconda/base/lib/python3.11/site-packages/aiohttp/client.py", line 1488, in __aenter__
[2025-11-01 09:22:37] [STDERR]     self._resp: _RetType = await self._coro
[2025-11-01 09:22:37] [STDERR]                            ^^^^^^^^^^^^^^^^
[2025-11-01 09:22:37] [STDERR]   File "/opt/homebrew/Caskroom/miniconda/base/lib/python3.11/site-packages/aiohttp/client.py", line 770, in _request
[2025-11-01 09:22:37] [STDERR]     resp = await handler(req)
[2025-11-01 09:22:37] [STDERR]            ^^^^^^^^^^^^^^^^^^
[2025-11-01 09:22:37] [STDERR]   File "/opt/homebrew/Caskroom/miniconda/base/lib/python3.11/site-packages/aiohttp/client.py", line 725, in _connect_and_send_request
[2025-11-01 09:22:37] [STDERR]     conn = await self._connector.connect(
[2025-11-01 09:22:37] [STDERR]            ^^^^^^^^^^^^^^^^^^^^^^^^^^^^^^
[2025-11-01 09:22:37] [STDERR]   File "/opt/homebrew/Caskroom/miniconda/base/lib/python3.11/site-packages/aiohttp/connector.py", line 642, in connect
[2025-11-01 09:22:37] [STDERR]     proto = await self._create_connection(req, traces, timeout)
[2025-11-01 09:22:37] [STDERR]             ^^^^^^^^^^^^^^^^^^^^^^^^^^^^^^^^^^^^^^^^^^^^^^^^^^^
[2025-11-01 09:22:37] [STDERR]   File "/opt/homebrew/Caskroom/miniconda/base/lib/python3.11/site-packages/aiohttp/connector.py", line 1209, in _create_connection
[2025-11-01 09:22:37] [STDERR]     _, proto = await self._create_direct_connection(req, traces, timeout)
[2025-11-01 09:22:37] [STDERR]                ^^^^^^^^^^^^^^^^^^^^^^^^^^^^^^^^^^^^^^^^^^^^^^^^^^^^^^^^^^
[2025-11-01 09:22:37] [STDERR]   File "/opt/homebrew/Caskroom/miniconda/base/lib/python3.11/site-packages/aiohttp/connector.py", line 1581, in _create_direct_connection
[2025-11-01 09:22:37] [STDERR]     raise last_exc
[2025-11-01 09:22:37] [STDERR]   File "/opt/homebrew/Caskroom/miniconda/base/lib/python3.11/site-packages/aiohttp/connector.py", line 1550, in _create_direct_connection
[2025-11-01 09:22:37] [STDERR]     transp, proto = await self._wrap_create_connection(
[2025-11-01 09:22:37] [STDERR]                     ^^^^^^^^^^^^^^^^^^^^^^^^^^^^^^^^^^^
[2025-11-01 09:22:37] [STDERR]   File "/opt/homebrew/Caskroom/miniconda/base/lib/python3.11/site-packages/aiohttp/connector.py", line 1291, in _wrap_create_connection
[2025-11-01 09:22:37] [STDERR]     raise client_error(req.connection_key, exc) from exc
[2025-11-01 09:22:37] [STDERR] aiohttp.client_exceptions.ClientConnectorError: Cannot connect to host localhost:3100 ssl:default [Multiple exceptions: [Errno 61] Connect call failed ('127.0.0.1', 3100), [Errno 61] Connect call failed ('::1', 3100, 0, 0)]
[2025-11-01 09:22:42] [STDERR] 2025-11-01 09:22:42,499 - LokiExporter.loki-exporter - ERROR - Failed to export logs to Loki: Cannot connect to host localhost:3100 ssl:default [Multiple exceptions: [Errno 61] Connect call failed ('::1', 3100, 0, 0), [Errno 61] Connect call failed ('127.0.0.1', 3100)]
[2025-11-01 09:22:42] [STDERR] Traceback (most recent call last):
[2025-11-01 09:22:42] [STDERR]   File "/opt/homebrew/Caskroom/miniconda/base/lib/python3.11/site-packages/aiohttp/connector.py", line 1268, in _wrap_create_connection
[2025-11-01 09:22:42] [STDERR]     sock = await aiohappyeyeballs.start_connection(
[2025-11-01 09:22:42] [STDERR]            ^^^^^^^^^^^^^^^^^^^^^^^^^^^^^^^^^^^^^^^^
[2025-11-01 09:22:42] [STDERR]   File "/opt/homebrew/Caskroom/miniconda/base/lib/python3.11/site-packages/aiohappyeyeballs/impl.py", line 141, in start_connection
[2025-11-01 09:22:42] [STDERR]     raise OSError(first_errno, msg)
[2025-11-01 09:22:42] [STDERR] ConnectionRefusedError: [Errno 61] Multiple exceptions: [Errno 61] Connect call failed ('::1', 3100, 0, 0), [Errno 61] Connect call failed ('127.0.0.1', 3100)
[2025-11-01 09:22:42] [STDERR] 
[2025-11-01 09:22:42] [STDERR] The above exception was the direct cause of the following exception:
[2025-11-01 09:22:42] [STDERR] 
[2025-11-01 09:22:42] [STDERR] Traceback (most recent call last):
[2025-11-01 09:22:42] [STDERR]   File "/Users/leifmarkthaler/github/gleitzeit 0.0.7/src/gleitzeit/workers/loki_exporter_worker.py", line 251, in export_logs_to_loki
[2025-11-01 09:22:42] [STDERR]     async with self.session.post(
[2025-11-01 09:22:42] [STDERR]   File "/opt/homebrew/Caskroom/miniconda/base/lib/python3.11/site-packages/aiohttp/client.py", line 1488, in __aenter__
[2025-11-01 09:22:42] [STDERR]     self._resp: _RetType = await self._coro
[2025-11-01 09:22:42] [STDERR]                            ^^^^^^^^^^^^^^^^
[2025-11-01 09:22:42] [STDERR]   File "/opt/homebrew/Caskroom/miniconda/base/lib/python3.11/site-packages/aiohttp/client.py", line 770, in _request
[2025-11-01 09:22:42] [STDERR]     resp = await handler(req)
[2025-11-01 09:22:42] [STDERR]            ^^^^^^^^^^^^^^^^^^
[2025-11-01 09:22:42] [STDERR]   File "/opt/homebrew/Caskroom/miniconda/base/lib/python3.11/site-packages/aiohttp/client.py", line 725, in _connect_and_send_request
[2025-11-01 09:22:42] [STDERR]     conn = await self._connector.connect(
[2025-11-01 09:22:42] [STDERR]            ^^^^^^^^^^^^^^^^^^^^^^^^^^^^^^
[2025-11-01 09:22:42] [STDERR]   File "/opt/homebrew/Caskroom/miniconda/base/lib/python3.11/site-packages/aiohttp/connector.py", line 642, in connect
[2025-11-01 09:22:42] [STDERR]     proto = await self._create_connection(req, traces, timeout)
[2025-11-01 09:22:42] [STDERR]             ^^^^^^^^^^^^^^^^^^^^^^^^^^^^^^^^^^^^^^^^^^^^^^^^^^^
[2025-11-01 09:22:42] [STDERR]   File "/opt/homebrew/Caskroom/miniconda/base/lib/python3.11/site-packages/aiohttp/connector.py", line 1209, in _create_connection
[2025-11-01 09:22:42] [STDERR]     _, proto = await self._create_direct_connection(req, traces, timeout)
[2025-11-01 09:22:42] [STDERR]                ^^^^^^^^^^^^^^^^^^^^^^^^^^^^^^^^^^^^^^^^^^^^^^^^^^^^^^^^^^
[2025-11-01 09:22:42] [STDERR]   File "/opt/homebrew/Caskroom/miniconda/base/lib/python3.11/site-packages/aiohttp/connector.py", line 1581, in _create_direct_connection
[2025-11-01 09:22:42] [STDERR]     raise last_exc
[2025-11-01 09:22:42] [STDERR]   File "/opt/homebrew/Caskroom/miniconda/base/lib/python3.11/site-packages/aiohttp/connector.py", line 1550, in _create_direct_connection
[2025-11-01 09:22:42] [STDERR]     transp, proto = await self._wrap_create_connection(
[2025-11-01 09:22:42] [STDERR]                     ^^^^^^^^^^^^^^^^^^^^^^^^^^^^^^^^^^^
[2025-11-01 09:22:42] [STDERR]   File "/opt/homebrew/Caskroom/miniconda/base/lib/python3.11/site-packages/aiohttp/connector.py", line 1291, in _wrap_create_connection
[2025-11-01 09:22:42] [STDERR]     raise client_error(req.connection_key, exc) from exc
[2025-11-01 09:22:42] [STDERR] aiohttp.client_exceptions.ClientConnectorError: Cannot connect to host localhost:3100 ssl:default [Multiple exceptions: [Errno 61] Connect call failed ('::1', 3100, 0, 0), [Errno 61] Connect call failed ('127.0.0.1', 3100)]
[2025-11-01 09:22:47] [STDERR] 2025-11-01 09:22:47,540 - LokiExporter.loki-exporter - ERROR - Failed to export logs to Loki: Cannot connect to host localhost:3100 ssl:default [Multiple exceptions: [Errno 61] Connect call failed ('127.0.0.1', 3100), [Errno 61] Connect call failed ('::1', 3100, 0, 0)]
[2025-11-01 09:22:47] [STDERR] Traceback (most recent call last):
[2025-11-01 09:22:47] [STDERR]   File "/opt/homebrew/Caskroom/miniconda/base/lib/python3.11/site-packages/aiohttp/connector.py", line 1268, in _wrap_create_connection
[2025-11-01 09:22:47] [STDERR]     sock = await aiohappyeyeballs.start_connection(
[2025-11-01 09:22:47] [STDERR]            ^^^^^^^^^^^^^^^^^^^^^^^^^^^^^^^^^^^^^^^^
[2025-11-01 09:22:47] [STDERR]   File "/opt/homebrew/Caskroom/miniconda/base/lib/python3.11/site-packages/aiohappyeyeballs/impl.py", line 141, in start_connection
[2025-11-01 09:22:47] [STDERR]     raise OSError(first_errno, msg)
[2025-11-01 09:22:47] [STDERR] ConnectionRefusedError: [Errno 61] Multiple exceptions: [Errno 61] Connect call failed ('127.0.0.1', 3100), [Errno 61] Connect call failed ('::1', 3100, 0, 0)
[2025-11-01 09:22:47] [STDERR] 
[2025-11-01 09:22:47] [STDERR] The above exception was the direct cause of the following exception:
[2025-11-01 09:22:47] [STDERR] 
[2025-11-01 09:22:47] [STDERR] Traceback (most recent call last):
[2025-11-01 09:22:47] [STDERR]   File "/Users/leifmarkthaler/github/gleitzeit 0.0.7/src/gleitzeit/workers/loki_exporter_worker.py", line 251, in export_logs_to_loki
[2025-11-01 09:22:47] [STDERR]     async with self.session.post(
[2025-11-01 09:22:47] [STDERR]   File "/opt/homebrew/Caskroom/miniconda/base/lib/python3.11/site-packages/aiohttp/client.py", line 1488, in __aenter__
[2025-11-01 09:22:47] [STDERR]     self._resp: _RetType = await self._coro
[2025-11-01 09:22:47] [STDERR]                            ^^^^^^^^^^^^^^^^
[2025-11-01 09:22:47] [STDERR]   File "/opt/homebrew/Caskroom/miniconda/base/lib/python3.11/site-packages/aiohttp/client.py", line 770, in _request
[2025-11-01 09:22:47] [STDERR]     resp = await handler(req)
[2025-11-01 09:22:47] [STDERR]            ^^^^^^^^^^^^^^^^^^
[2025-11-01 09:22:47] [STDERR]   File "/opt/homebrew/Caskroom/miniconda/base/lib/python3.11/site-packages/aiohttp/client.py", line 725, in _connect_and_send_request
[2025-11-01 09:22:47] [STDERR]     conn = await self._connector.connect(
[2025-11-01 09:22:47] [STDERR]            ^^^^^^^^^^^^^^^^^^^^^^^^^^^^^^
[2025-11-01 09:22:47] [STDERR]   File "/opt/homebrew/Caskroom/miniconda/base/lib/python3.11/site-packages/aiohttp/connector.py", line 642, in connect
[2025-11-01 09:22:47] [STDERR]     proto = await self._create_connection(req, traces, timeout)
[2025-11-01 09:22:47] [STDERR]             ^^^^^^^^^^^^^^^^^^^^^^^^^^^^^^^^^^^^^^^^^^^^^^^^^^^
[2025-11-01 09:22:47] [STDERR]   File "/opt/homebrew/Caskroom/miniconda/base/lib/python3.11/site-packages/aiohttp/connector.py", line 1209, in _create_connection
[2025-11-01 09:22:47] [STDERR]     _, proto = await self._create_direct_connection(req, traces, timeout)
[2025-11-01 09:22:47] [STDERR]                ^^^^^^^^^^^^^^^^^^^^^^^^^^^^^^^^^^^^^^^^^^^^^^^^^^^^^^^^^^
[2025-11-01 09:22:47] [STDERR]   File "/opt/homebrew/Caskroom/miniconda/base/lib/python3.11/site-packages/aiohttp/connector.py", line 1581, in _create_direct_connection
[2025-11-01 09:22:47] [STDERR]     raise last_exc
[2025-11-01 09:22:47] [STDERR]   File "/opt/homebrew/Caskroom/miniconda/base/lib/python3.11/site-packages/aiohttp/connector.py", line 1550, in _create_direct_connection
[2025-11-01 09:22:47] [STDERR]     transp, proto = await self._wrap_create_connection(
[2025-11-01 09:22:47] [STDERR]                     ^^^^^^^^^^^^^^^^^^^^^^^^^^^^^^^^^^^
[2025-11-01 09:22:47] [STDERR]   File "/opt/homebrew/Caskroom/miniconda/base/lib/python3.11/site-packages/aiohttp/connector.py", line 1291, in _wrap_create_connection
[2025-11-01 09:22:47] [STDERR]     raise client_error(req.connection_key, exc) from exc
[2025-11-01 09:22:47] [STDERR] aiohttp.client_exceptions.ClientConnectorError: Cannot connect to host localhost:3100 ssl:default [Multiple exceptions: [Errno 61] Connect call failed ('127.0.0.1', 3100), [Errno 61] Connect call failed ('::1', 3100, 0, 0)]
[2025-11-01 09:22:52] [STDERR] 2025-11-01 09:22:52,582 - LokiExporter.loki-exporter - ERROR - Failed to export logs to Loki: Cannot connect to host localhost:3100 ssl:default [Multiple exceptions: [Errno 61] Connect call failed ('::1', 3100, 0, 0), [Errno 61] Connect call failed ('127.0.0.1', 3100)]
[2025-11-01 09:22:52] [STDERR] Traceback (most recent call last):
[2025-11-01 09:22:52] [STDERR]   File "/opt/homebrew/Caskroom/miniconda/base/lib/python3.11/site-packages/aiohttp/connector.py", line 1268, in _wrap_create_connection
[2025-11-01 09:22:52] [STDERR]     sock = await aiohappyeyeballs.start_connection(
[2025-11-01 09:22:52] [STDERR]            ^^^^^^^^^^^^^^^^^^^^^^^^^^^^^^^^^^^^^^^^
[2025-11-01 09:22:52] [STDERR]   File "/opt/homebrew/Caskroom/miniconda/base/lib/python3.11/site-packages/aiohappyeyeballs/impl.py", line 141, in start_connection
[2025-11-01 09:22:52] [STDERR]     raise OSError(first_errno, msg)
[2025-11-01 09:22:52] [STDERR] ConnectionRefusedError: [Errno 61] Multiple exceptions: [Errno 61] Connect call failed ('::1', 3100, 0, 0), [Errno 61] Connect call failed ('127.0.0.1', 3100)
[2025-11-01 09:22:52] [STDERR] 
[2025-11-01 09:22:52] [STDERR] The above exception was the direct cause of the following exception:
[2025-11-01 09:22:52] [STDERR] 
[2025-11-01 09:22:52] [STDERR] Traceback (most recent call last):
[2025-11-01 09:22:52] [STDERR]   File "/Users/leifmarkthaler/github/gleitzeit 0.0.7/src/gleitzeit/workers/loki_exporter_worker.py", line 251, in export_logs_to_loki
[2025-11-01 09:22:52] [STDERR]     async with self.session.post(
[2025-11-01 09:22:52] [STDERR]   File "/opt/homebrew/Caskroom/miniconda/base/lib/python3.11/site-packages/aiohttp/client.py", line 1488, in __aenter__
[2025-11-01 09:22:52] [STDERR]     self._resp: _RetType = await self._coro
[2025-11-01 09:22:52] [STDERR]                            ^^^^^^^^^^^^^^^^
[2025-11-01 09:22:52] [STDERR]   File "/opt/homebrew/Caskroom/miniconda/base/lib/python3.11/site-packages/aiohttp/client.py", line 770, in _request
[2025-11-01 09:22:52] [STDERR]     resp = await handler(req)
[2025-11-01 09:22:52] [STDERR]            ^^^^^^^^^^^^^^^^^^
[2025-11-01 09:22:52] [STDERR]   File "/opt/homebrew/Caskroom/miniconda/base/lib/python3.11/site-packages/aiohttp/client.py", line 725, in _connect_and_send_request
[2025-11-01 09:22:52] [STDERR]     conn = await self._connector.connect(
[2025-11-01 09:22:52] [STDERR]            ^^^^^^^^^^^^^^^^^^^^^^^^^^^^^^
[2025-11-01 09:22:52] [STDERR]   File "/opt/homebrew/Caskroom/miniconda/base/lib/python3.11/site-packages/aiohttp/connector.py", line 642, in connect
[2025-11-01 09:22:52] [STDERR]     proto = await self._create_connection(req, traces, timeout)
[2025-11-01 09:22:52] [STDERR]             ^^^^^^^^^^^^^^^^^^^^^^^^^^^^^^^^^^^^^^^^^^^^^^^^^^^
[2025-11-01 09:22:52] [STDERR]   File "/opt/homebrew/Caskroom/miniconda/base/lib/python3.11/site-packages/aiohttp/connector.py", line 1209, in _create_connection
[2025-11-01 09:22:52] [STDERR]     _, proto = await self._create_direct_connection(req, traces, timeout)
[2025-11-01 09:22:52] [STDERR]                ^^^^^^^^^^^^^^^^^^^^^^^^^^^^^^^^^^^^^^^^^^^^^^^^^^^^^^^^^^
[2025-11-01 09:22:52] [STDERR]   File "/opt/homebrew/Caskroom/miniconda/base/lib/python3.11/site-packages/aiohttp/connector.py", line 1581, in _create_direct_connection
[2025-11-01 09:22:52] [STDERR]     raise last_exc
[2025-11-01 09:22:52] [STDERR]   File "/opt/homebrew/Caskroom/miniconda/base/lib/python3.11/site-packages/aiohttp/connector.py", line 1550, in _create_direct_connection
[2025-11-01 09:22:52] [STDERR]     transp, proto = await self._wrap_create_connection(
[2025-11-01 09:22:52] [STDERR]                     ^^^^^^^^^^^^^^^^^^^^^^^^^^^^^^^^^^^
[2025-11-01 09:22:52] [STDERR]   File "/opt/homebrew/Caskroom/miniconda/base/lib/python3.11/site-packages/aiohttp/connector.py", line 1291, in _wrap_create_connection
[2025-11-01 09:22:52] [STDERR]     raise client_error(req.connection_key, exc) from exc
[2025-11-01 09:22:52] [STDERR] aiohttp.client_exceptions.ClientConnectorError: Cannot connect to host localhost:3100 ssl:default [Multiple exceptions: [Errno 61] Connect call failed ('::1', 3100, 0, 0), [Errno 61] Connect call failed ('127.0.0.1', 3100)]
[2025-11-01 09:22:57] [STDERR] 2025-11-01 09:22:57,620 - LokiExporter.loki-exporter - ERROR - Failed to export logs to Loki: Cannot connect to host localhost:3100 ssl:default [Multiple exceptions: [Errno 61] Connect call failed ('127.0.0.1', 3100), [Errno 61] Connect call failed ('::1', 3100, 0, 0)]
[2025-11-01 09:22:57] [STDERR] Traceback (most recent call last):
[2025-11-01 09:22:57] [STDERR]   File "/opt/homebrew/Caskroom/miniconda/base/lib/python3.11/site-packages/aiohttp/connector.py", line 1268, in _wrap_create_connection
[2025-11-01 09:22:57] [STDERR]     sock = await aiohappyeyeballs.start_connection(
[2025-11-01 09:22:57] [STDERR]            ^^^^^^^^^^^^^^^^^^^^^^^^^^^^^^^^^^^^^^^^
[2025-11-01 09:22:57] [STDERR]   File "/opt/homebrew/Caskroom/miniconda/base/lib/python3.11/site-packages/aiohappyeyeballs/impl.py", line 141, in start_connection
[2025-11-01 09:22:57] [STDERR]     raise OSError(first_errno, msg)
[2025-11-01 09:22:57] [STDERR] ConnectionRefusedError: [Errno 61] Multiple exceptions: [Errno 61] Connect call failed ('127.0.0.1', 3100), [Errno 61] Connect call failed ('::1', 3100, 0, 0)
[2025-11-01 09:22:57] [STDERR] 
[2025-11-01 09:22:57] [STDERR] The above exception was the direct cause of the following exception:
[2025-11-01 09:22:57] [STDERR] 
[2025-11-01 09:22:57] [STDERR] Traceback (most recent call last):
[2025-11-01 09:22:57] [STDERR]   File "/Users/leifmarkthaler/github/gleitzeit 0.0.7/src/gleitzeit/workers/loki_exporter_worker.py", line 251, in export_logs_to_loki
[2025-11-01 09:22:57] [STDERR]     async with self.session.post(
[2025-11-01 09:22:57] [STDERR]   File "/opt/homebrew/Caskroom/miniconda/base/lib/python3.11/site-packages/aiohttp/client.py", line 1488, in __aenter__
[2025-11-01 09:22:57] [STDERR]     self._resp: _RetType = await self._coro
[2025-11-01 09:22:57] [STDERR]                            ^^^^^^^^^^^^^^^^
[2025-11-01 09:22:57] [STDERR]   File "/opt/homebrew/Caskroom/miniconda/base/lib/python3.11/site-packages/aiohttp/client.py", line 770, in _request
[2025-11-01 09:22:57] [STDERR]     resp = await handler(req)
[2025-11-01 09:22:57] [STDERR]            ^^^^^^^^^^^^^^^^^^
[2025-11-01 09:22:57] [STDERR]   File "/opt/homebrew/Caskroom/miniconda/base/lib/python3.11/site-packages/aiohttp/client.py", line 725, in _connect_and_send_request
[2025-11-01 09:22:57] [STDERR]     conn = await self._connector.connect(
[2025-11-01 09:22:57] [STDERR]            ^^^^^^^^^^^^^^^^^^^^^^^^^^^^^^
[2025-11-01 09:22:57] [STDERR]   File "/opt/homebrew/Caskroom/miniconda/base/lib/python3.11/site-packages/aiohttp/connector.py", line 642, in connect
[2025-11-01 09:22:57] [STDERR]     proto = await self._create_connection(req, traces, timeout)
[2025-11-01 09:22:57] [STDERR]             ^^^^^^^^^^^^^^^^^^^^^^^^^^^^^^^^^^^^^^^^^^^^^^^^^^^
[2025-11-01 09:22:57] [STDERR]   File "/opt/homebrew/Caskroom/miniconda/base/lib/python3.11/site-packages/aiohttp/connector.py", line 1209, in _create_connection
[2025-11-01 09:22:57] [STDERR]     _, proto = await self._create_direct_connection(req, traces, timeout)
[2025-11-01 09:22:57] [STDERR]                ^^^^^^^^^^^^^^^^^^^^^^^^^^^^^^^^^^^^^^^^^^^^^^^^^^^^^^^^^^
[2025-11-01 09:22:57] [STDERR]   File "/opt/homebrew/Caskroom/miniconda/base/lib/python3.11/site-packages/aiohttp/connector.py", line 1581, in _create_direct_connection
[2025-11-01 09:22:57] [STDERR]     raise last_exc
[2025-11-01 09:22:57] [STDERR]   File "/opt/homebrew/Caskroom/miniconda/base/lib/python3.11/site-packages/aiohttp/connector.py", line 1550, in _create_direct_connection
[2025-11-01 09:22:57] [STDERR]     transp, proto = await self._wrap_create_connection(
[2025-11-01 09:22:57] [STDERR]                     ^^^^^^^^^^^^^^^^^^^^^^^^^^^^^^^^^^^
[2025-11-01 09:22:57] [STDERR]   File "/opt/homebrew/Caskroom/miniconda/base/lib/python3.11/site-packages/aiohttp/connector.py", line 1291, in _wrap_create_connection
[2025-11-01 09:22:57] [STDERR]     raise client_error(req.connection_key, exc) from exc
[2025-11-01 09:22:57] [STDERR] aiohttp.client_exceptions.ClientConnectorError: Cannot connect to host localhost:3100 ssl:default [Multiple exceptions: [Errno 61] Connect call failed ('127.0.0.1', 3100), [Errno 61] Connect call failed ('::1', 3100, 0, 0)]
[2025-11-01 09:23:02] [STDERR] 2025-11-01 09:23:02,661 - LokiExporter.loki-exporter - ERROR - Failed to export logs to Loki: Cannot connect to host localhost:3100 ssl:default [Multiple exceptions: [Errno 61] Connect call failed ('::1', 3100, 0, 0), [Errno 61] Connect call failed ('127.0.0.1', 3100)]
[2025-11-01 09:23:02] [STDERR] Traceback (most recent call last):
[2025-11-01 09:23:02] [STDERR]   File "/opt/homebrew/Caskroom/miniconda/base/lib/python3.11/site-packages/aiohttp/connector.py", line 1268, in _wrap_create_connection
[2025-11-01 09:23:02] [STDERR]     sock = await aiohappyeyeballs.start_connection(
[2025-11-01 09:23:02] [STDERR]            ^^^^^^^^^^^^^^^^^^^^^^^^^^^^^^^^^^^^^^^^
[2025-11-01 09:23:02] [STDERR]   File "/opt/homebrew/Caskroom/miniconda/base/lib/python3.11/site-packages/aiohappyeyeballs/impl.py", line 141, in start_connection
[2025-11-01 09:23:02] [STDERR]     raise OSError(first_errno, msg)
[2025-11-01 09:23:02] [STDERR] ConnectionRefusedError: [Errno 61] Multiple exceptions: [Errno 61] Connect call failed ('::1', 3100, 0, 0), [Errno 61] Connect call failed ('127.0.0.1', 3100)
[2025-11-01 09:23:02] [STDERR] 
[2025-11-01 09:23:02] [STDERR] The above exception was the direct cause of the following exception:
[2025-11-01 09:23:02] [STDERR] 
[2025-11-01 09:23:02] [STDERR] Traceback (most recent call last):
[2025-11-01 09:23:02] [STDERR]   File "/Users/leifmarkthaler/github/gleitzeit 0.0.7/src/gleitzeit/workers/loki_exporter_worker.py", line 251, in export_logs_to_loki
[2025-11-01 09:23:02] [STDERR]     async with self.session.post(
[2025-11-01 09:23:02] [STDERR]   File "/opt/homebrew/Caskroom/miniconda/base/lib/python3.11/site-packages/aiohttp/client.py", line 1488, in __aenter__
[2025-11-01 09:23:02] [STDERR]     self._resp: _RetType = await self._coro
[2025-11-01 09:23:02] [STDERR]                            ^^^^^^^^^^^^^^^^
[2025-11-01 09:23:02] [STDERR]   File "/opt/homebrew/Caskroom/miniconda/base/lib/python3.11/site-packages/aiohttp/client.py", line 770, in _request
[2025-11-01 09:23:02] [STDERR]     resp = await handler(req)
[2025-11-01 09:23:02] [STDERR]            ^^^^^^^^^^^^^^^^^^
[2025-11-01 09:23:02] [STDERR]   File "/opt/homebrew/Caskroom/miniconda/base/lib/python3.11/site-packages/aiohttp/client.py", line 725, in _connect_and_send_request
[2025-11-01 09:23:02] [STDERR]     conn = await self._connector.connect(
[2025-11-01 09:23:02] [STDERR]            ^^^^^^^^^^^^^^^^^^^^^^^^^^^^^^
[2025-11-01 09:23:02] [STDERR]   File "/opt/homebrew/Caskroom/miniconda/base/lib/python3.11/site-packages/aiohttp/connector.py", line 642, in connect
[2025-11-01 09:23:02] [STDERR]     proto = await self._create_connection(req, traces, timeout)
[2025-11-01 09:23:02] [STDERR]             ^^^^^^^^^^^^^^^^^^^^^^^^^^^^^^^^^^^^^^^^^^^^^^^^^^^
[2025-11-01 09:23:02] [STDERR]   File "/opt/homebrew/Caskroom/miniconda/base/lib/python3.11/site-packages/aiohttp/connector.py", line 1209, in _create_connection
[2025-11-01 09:23:02] [STDERR]     _, proto = await self._create_direct_connection(req, traces, timeout)
[2025-11-01 09:23:02] [STDERR]                ^^^^^^^^^^^^^^^^^^^^^^^^^^^^^^^^^^^^^^^^^^^^^^^^^^^^^^^^^^
[2025-11-01 09:23:02] [STDERR]   File "/opt/homebrew/Caskroom/miniconda/base/lib/python3.11/site-packages/aiohttp/connector.py", line 1581, in _create_direct_connection
[2025-11-01 09:23:02] [STDERR]     raise last_exc
[2025-11-01 09:23:02] [STDERR]   File "/opt/homebrew/Caskroom/miniconda/base/lib/python3.11/site-packages/aiohttp/connector.py", line 1550, in _create_direct_connection
[2025-11-01 09:23:02] [STDERR]     transp, proto = await self._wrap_create_connection(
[2025-11-01 09:23:02] [STDERR]                     ^^^^^^^^^^^^^^^^^^^^^^^^^^^^^^^^^^^
[2025-11-01 09:23:02] [STDERR]   File "/opt/homebrew/Caskroom/miniconda/base/lib/python3.11/site-packages/aiohttp/connector.py", line 1291, in _wrap_create_connection
[2025-11-01 09:23:02] [STDERR]     raise client_error(req.connection_key, exc) from exc
[2025-11-01 09:23:02] [STDERR] aiohttp.client_exceptions.ClientConnectorError: Cannot connect to host localhost:3100 ssl:default [Multiple exceptions: [Errno 61] Connect call failed ('::1', 3100, 0, 0), [Errno 61] Connect call failed ('127.0.0.1', 3100)]
[2025-11-01 09:23:07] [STDERR] 2025-11-01 09:23:07,700 - LokiExporter.loki-exporter - ERROR - Failed to export logs to Loki: Cannot connect to host localhost:3100 ssl:default [Multiple exceptions: [Errno 61] Connect call failed ('127.0.0.1', 3100), [Errno 61] Connect call failed ('::1', 3100, 0, 0)]
[2025-11-01 09:23:07] [STDERR] Traceback (most recent call last):
[2025-11-01 09:23:07] [STDERR]   File "/opt/homebrew/Caskroom/miniconda/base/lib/python3.11/site-packages/aiohttp/connector.py", line 1268, in _wrap_create_connection
[2025-11-01 09:23:07] [STDERR]     sock = await aiohappyeyeballs.start_connection(
[2025-11-01 09:23:07] [STDERR]            ^^^^^^^^^^^^^^^^^^^^^^^^^^^^^^^^^^^^^^^^
[2025-11-01 09:23:07] [STDERR]   File "/opt/homebrew/Caskroom/miniconda/base/lib/python3.11/site-packages/aiohappyeyeballs/impl.py", line 141, in start_connection
[2025-11-01 09:23:07] [STDERR]     raise OSError(first_errno, msg)
[2025-11-01 09:23:07] [STDERR] ConnectionRefusedError: [Errno 61] Multiple exceptions: [Errno 61] Connect call failed ('127.0.0.1', 3100), [Errno 61] Connect call failed ('::1', 3100, 0, 0)
[2025-11-01 09:23:07] [STDERR] 
[2025-11-01 09:23:07] [STDERR] The above exception was the direct cause of the following exception:
[2025-11-01 09:23:07] [STDERR] 
[2025-11-01 09:23:07] [STDERR] Traceback (most recent call last):
[2025-11-01 09:23:07] [STDERR]   File "/Users/leifmarkthaler/github/gleitzeit 0.0.7/src/gleitzeit/workers/loki_exporter_worker.py", line 251, in export_logs_to_loki
[2025-11-01 09:23:07] [STDERR]     async with self.session.post(
[2025-11-01 09:23:07] [STDERR]   File "/opt/homebrew/Caskroom/miniconda/base/lib/python3.11/site-packages/aiohttp/client.py", line 1488, in __aenter__
[2025-11-01 09:23:07] [STDERR]     self._resp: _RetType = await self._coro
[2025-11-01 09:23:07] [STDERR]                            ^^^^^^^^^^^^^^^^
[2025-11-01 09:23:07] [STDERR]   File "/opt/homebrew/Caskroom/miniconda/base/lib/python3.11/site-packages/aiohttp/client.py", line 770, in _request
[2025-11-01 09:23:07] [STDERR]     resp = await handler(req)
[2025-11-01 09:23:07] [STDERR]            ^^^^^^^^^^^^^^^^^^
[2025-11-01 09:23:07] [STDERR]   File "/opt/homebrew/Caskroom/miniconda/base/lib/python3.11/site-packages/aiohttp/client.py", line 725, in _connect_and_send_request
[2025-11-01 09:23:07] [STDERR]     conn = await self._connector.connect(
[2025-11-01 09:23:07] [STDERR]            ^^^^^^^^^^^^^^^^^^^^^^^^^^^^^^
[2025-11-01 09:23:07] [STDERR]   File "/opt/homebrew/Caskroom/miniconda/base/lib/python3.11/site-packages/aiohttp/connector.py", line 642, in connect
[2025-11-01 09:23:07] [STDERR]     proto = await self._create_connection(req, traces, timeout)
[2025-11-01 09:23:07] [STDERR]             ^^^^^^^^^^^^^^^^^^^^^^^^^^^^^^^^^^^^^^^^^^^^^^^^^^^
[2025-11-01 09:23:07] [STDERR]   File "/opt/homebrew/Caskroom/miniconda/base/lib/python3.11/site-packages/aiohttp/connector.py", line 1209, in _create_connection
[2025-11-01 09:23:07] [STDERR]     _, proto = await self._create_direct_connection(req, traces, timeout)
[2025-11-01 09:23:07] [STDERR]                ^^^^^^^^^^^^^^^^^^^^^^^^^^^^^^^^^^^^^^^^^^^^^^^^^^^^^^^^^^
[2025-11-01 09:23:07] [STDERR]   File "/opt/homebrew/Caskroom/miniconda/base/lib/python3.11/site-packages/aiohttp/connector.py", line 1581, in _create_direct_connection
[2025-11-01 09:23:07] [STDERR]     raise last_exc
[2025-11-01 09:23:07] [STDERR]   File "/opt/homebrew/Caskroom/miniconda/base/lib/python3.11/site-packages/aiohttp/connector.py", line 1550, in _create_direct_connection
[2025-11-01 09:23:07] [STDERR]     transp, proto = await self._wrap_create_connection(
[2025-11-01 09:23:07] [STDERR]                     ^^^^^^^^^^^^^^^^^^^^^^^^^^^^^^^^^^^
[2025-11-01 09:23:07] [STDERR]   File "/opt/homebrew/Caskroom/miniconda/base/lib/python3.11/site-packages/aiohttp/connector.py", line 1291, in _wrap_create_connection
[2025-11-01 09:23:07] [STDERR]     raise client_error(req.connection_key, exc) from exc
[2025-11-01 09:23:07] [STDERR] aiohttp.client_exceptions.ClientConnectorError: Cannot connect to host localhost:3100 ssl:default [Multiple exceptions: [Errno 61] Connect call failed ('127.0.0.1', 3100), [Errno 61] Connect call failed ('::1', 3100, 0, 0)]
[2025-11-01 09:23:12] [STDERR] 2025-11-01 09:23:12,742 - LokiExporter.loki-exporter - ERROR - Failed to export logs to Loki: Cannot connect to host localhost:3100 ssl:default [Multiple exceptions: [Errno 61] Connect call failed ('::1', 3100, 0, 0), [Errno 61] Connect call failed ('127.0.0.1', 3100)]
[2025-11-01 09:23:12] [STDERR] Traceback (most recent call last):
[2025-11-01 09:23:12] [STDERR]   File "/opt/homebrew/Caskroom/miniconda/base/lib/python3.11/site-packages/aiohttp/connector.py", line 1268, in _wrap_create_connection
[2025-11-01 09:23:12] [STDERR]     sock = await aiohappyeyeballs.start_connection(
[2025-11-01 09:23:12] [STDERR]            ^^^^^^^^^^^^^^^^^^^^^^^^^^^^^^^^^^^^^^^^
[2025-11-01 09:23:12] [STDERR]   File "/opt/homebrew/Caskroom/miniconda/base/lib/python3.11/site-packages/aiohappyeyeballs/impl.py", line 141, in start_connection
[2025-11-01 09:23:12] [STDERR]     raise OSError(first_errno, msg)
[2025-11-01 09:23:12] [STDERR] ConnectionRefusedError: [Errno 61] Multiple exceptions: [Errno 61] Connect call failed ('::1', 3100, 0, 0), [Errno 61] Connect call failed ('127.0.0.1', 3100)
[2025-11-01 09:23:12] [STDERR] 
[2025-11-01 09:23:12] [STDERR] The above exception was the direct cause of the following exception:
[2025-11-01 09:23:12] [STDERR] 
[2025-11-01 09:23:12] [STDERR] Traceback (most recent call last):
[2025-11-01 09:23:12] [STDERR]   File "/Users/leifmarkthaler/github/gleitzeit 0.0.7/src/gleitzeit/workers/loki_exporter_worker.py", line 251, in export_logs_to_loki
[2025-11-01 09:23:12] [STDERR]     async with self.session.post(
[2025-11-01 09:23:12] [STDERR]   File "/opt/homebrew/Caskroom/miniconda/base/lib/python3.11/site-packages/aiohttp/client.py", line 1488, in __aenter__
[2025-11-01 09:23:12] [STDERR]     self._resp: _RetType = await self._coro
[2025-11-01 09:23:12] [STDERR]                            ^^^^^^^^^^^^^^^^
[2025-11-01 09:23:12] [STDERR]   File "/opt/homebrew/Caskroom/miniconda/base/lib/python3.11/site-packages/aiohttp/client.py", line 770, in _request
[2025-11-01 09:23:12] [STDERR]     resp = await handler(req)
[2025-11-01 09:23:12] [STDERR]            ^^^^^^^^^^^^^^^^^^
[2025-11-01 09:23:12] [STDERR]   File "/opt/homebrew/Caskroom/miniconda/base/lib/python3.11/site-packages/aiohttp/client.py", line 725, in _connect_and_send_request
[2025-11-01 09:23:12] [STDERR]     conn = await self._connector.connect(
[2025-11-01 09:23:12] [STDERR]            ^^^^^^^^^^^^^^^^^^^^^^^^^^^^^^
[2025-11-01 09:23:12] [STDERR]   File "/opt/homebrew/Caskroom/miniconda/base/lib/python3.11/site-packages/aiohttp/connector.py", line 642, in connect
[2025-11-01 09:23:12] [STDERR]     proto = await self._create_connection(req, traces, timeout)
[2025-11-01 09:23:12] [STDERR]             ^^^^^^^^^^^^^^^^^^^^^^^^^^^^^^^^^^^^^^^^^^^^^^^^^^^
[2025-11-01 09:23:12] [STDERR]   File "/opt/homebrew/Caskroom/miniconda/base/lib/python3.11/site-packages/aiohttp/connector.py", line 1209, in _create_connection
[2025-11-01 09:23:12] [STDERR]     _, proto = await self._create_direct_connection(req, traces, timeout)
[2025-11-01 09:23:12] [STDERR]                ^^^^^^^^^^^^^^^^^^^^^^^^^^^^^^^^^^^^^^^^^^^^^^^^^^^^^^^^^^
[2025-11-01 09:23:12] [STDERR]   File "/opt/homebrew/Caskroom/miniconda/base/lib/python3.11/site-packages/aiohttp/connector.py", line 1581, in _create_direct_connection
[2025-11-01 09:23:12] [STDERR]     raise last_exc
[2025-11-01 09:23:12] [STDERR]   File "/opt/homebrew/Caskroom/miniconda/base/lib/python3.11/site-packages/aiohttp/connector.py", line 1550, in _create_direct_connection
[2025-11-01 09:23:12] [STDERR]     transp, proto = await self._wrap_create_connection(
[2025-11-01 09:23:12] [STDERR]                     ^^^^^^^^^^^^^^^^^^^^^^^^^^^^^^^^^^^
[2025-11-01 09:23:12] [STDERR]   File "/opt/homebrew/Caskroom/miniconda/base/lib/python3.11/site-packages/aiohttp/connector.py", line 1291, in _wrap_create_connection
[2025-11-01 09:23:12] [STDERR]     raise client_error(req.connection_key, exc) from exc
[2025-11-01 09:23:12] [STDERR] aiohttp.client_exceptions.ClientConnectorError: Cannot connect to host localhost:3100 ssl:default [Multiple exceptions: [Errno 61] Connect call failed ('::1', 3100, 0, 0), [Errno 61] Connect call failed ('127.0.0.1', 3100)]
[2025-11-01 09:23:17] [STDERR] 2025-11-01 09:23:17,772 - LokiExporter.loki-exporter - ERROR - Failed to export logs to Loki: Cannot connect to host localhost:3100 ssl:default [Multiple exceptions: [Errno 61] Connect call failed ('127.0.0.1', 3100), [Errno 61] Connect call failed ('::1', 3100, 0, 0)]
[2025-11-01 09:23:17] [STDERR] Traceback (most recent call last):
[2025-11-01 09:23:17] [STDERR]   File "/opt/homebrew/Caskroom/miniconda/base/lib/python3.11/site-packages/aiohttp/connector.py", line 1268, in _wrap_create_connection
[2025-11-01 09:23:17] [STDERR]     sock = await aiohappyeyeballs.start_connection(
[2025-11-01 09:23:17] [STDERR]            ^^^^^^^^^^^^^^^^^^^^^^^^^^^^^^^^^^^^^^^^
[2025-11-01 09:23:17] [STDERR]   File "/opt/homebrew/Caskroom/miniconda/base/lib/python3.11/site-packages/aiohappyeyeballs/impl.py", line 141, in start_connection
[2025-11-01 09:23:17] [STDERR]     raise OSError(first_errno, msg)
[2025-11-01 09:23:17] [STDERR] ConnectionRefusedError: [Errno 61] Multiple exceptions: [Errno 61] Connect call failed ('127.0.0.1', 3100), [Errno 61] Connect call failed ('::1', 3100, 0, 0)
[2025-11-01 09:23:17] [STDERR] 
[2025-11-01 09:23:17] [STDERR] The above exception was the direct cause of the following exception:
[2025-11-01 09:23:17] [STDERR] 
[2025-11-01 09:23:17] [STDERR] Traceback (most recent call last):
[2025-11-01 09:23:17] [STDERR]   File "/Users/leifmarkthaler/github/gleitzeit 0.0.7/src/gleitzeit/workers/loki_exporter_worker.py", line 251, in export_logs_to_loki
[2025-11-01 09:23:17] [STDERR]     async with self.session.post(
[2025-11-01 09:23:17] [STDERR]   File "/opt/homebrew/Caskroom/miniconda/base/lib/python3.11/site-packages/aiohttp/client.py", line 1488, in __aenter__
[2025-11-01 09:23:17] [STDERR]     self._resp: _RetType = await self._coro
[2025-11-01 09:23:17] [STDERR]                            ^^^^^^^^^^^^^^^^
[2025-11-01 09:23:17] [STDERR]   File "/opt/homebrew/Caskroom/miniconda/base/lib/python3.11/site-packages/aiohttp/client.py", line 770, in _request
[2025-11-01 09:23:17] [STDERR]     resp = await handler(req)
[2025-11-01 09:23:17] [STDERR]            ^^^^^^^^^^^^^^^^^^
[2025-11-01 09:23:17] [STDERR]   File "/opt/homebrew/Caskroom/miniconda/base/lib/python3.11/site-packages/aiohttp/client.py", line 725, in _connect_and_send_request
[2025-11-01 09:23:17] [STDERR]     conn = await self._connector.connect(
[2025-11-01 09:23:17] [STDERR]            ^^^^^^^^^^^^^^^^^^^^^^^^^^^^^^
[2025-11-01 09:23:17] [STDERR]   File "/opt/homebrew/Caskroom/miniconda/base/lib/python3.11/site-packages/aiohttp/connector.py", line 642, in connect
[2025-11-01 09:23:17] [STDERR]     proto = await self._create_connection(req, traces, timeout)
[2025-11-01 09:23:17] [STDERR]             ^^^^^^^^^^^^^^^^^^^^^^^^^^^^^^^^^^^^^^^^^^^^^^^^^^^
[2025-11-01 09:23:17] [STDERR]   File "/opt/homebrew/Caskroom/miniconda/base/lib/python3.11/site-packages/aiohttp/connector.py", line 1209, in _create_connection
[2025-11-01 09:23:17] [STDERR]     _, proto = await self._create_direct_connection(req, traces, timeout)
[2025-11-01 09:23:17] [STDERR]                ^^^^^^^^^^^^^^^^^^^^^^^^^^^^^^^^^^^^^^^^^^^^^^^^^^^^^^^^^^
[2025-11-01 09:23:17] [STDERR]   File "/opt/homebrew/Caskroom/miniconda/base/lib/python3.11/site-packages/aiohttp/connector.py", line 1581, in _create_direct_connection
[2025-11-01 09:23:17] [STDERR]     raise last_exc
[2025-11-01 09:23:17] [STDERR]   File "/opt/homebrew/Caskroom/miniconda/base/lib/python3.11/site-packages/aiohttp/connector.py", line 1550, in _create_direct_connection
[2025-11-01 09:23:17] [STDERR]     transp, proto = await self._wrap_create_connection(
[2025-11-01 09:23:17] [STDERR]                     ^^^^^^^^^^^^^^^^^^^^^^^^^^^^^^^^^^^
[2025-11-01 09:23:17] [STDERR]   File "/opt/homebrew/Caskroom/miniconda/base/lib/python3.11/site-packages/aiohttp/connector.py", line 1291, in _wrap_create_connection
[2025-11-01 09:23:17] [STDERR]     raise client_error(req.connection_key, exc) from exc
[2025-11-01 09:23:17] [STDERR] aiohttp.client_exceptions.ClientConnectorError: Cannot connect to host localhost:3100 ssl:default [Multiple exceptions: [Errno 61] Connect call failed ('127.0.0.1', 3100), [Errno 61] Connect call failed ('::1', 3100, 0, 0)]
[2025-11-01 09:23:22] [STDERR] 2025-11-01 09:23:22,816 - LokiExporter.loki-exporter - ERROR - Failed to export logs to Loki: Cannot connect to host localhost:3100 ssl:default [Multiple exceptions: [Errno 61] Connect call failed ('::1', 3100, 0, 0), [Errno 61] Connect call failed ('127.0.0.1', 3100)]
[2025-11-01 09:23:22] [STDERR] Traceback (most recent call last):
[2025-11-01 09:23:22] [STDERR]   File "/opt/homebrew/Caskroom/miniconda/base/lib/python3.11/site-packages/aiohttp/connector.py", line 1268, in _wrap_create_connection
[2025-11-01 09:23:22] [STDERR]     sock = await aiohappyeyeballs.start_connection(
[2025-11-01 09:23:22] [STDERR]            ^^^^^^^^^^^^^^^^^^^^^^^^^^^^^^^^^^^^^^^^
[2025-11-01 09:23:22] [STDERR]   File "/opt/homebrew/Caskroom/miniconda/base/lib/python3.11/site-packages/aiohappyeyeballs/impl.py", line 141, in start_connection
[2025-11-01 09:23:22] [STDERR]     raise OSError(first_errno, msg)
[2025-11-01 09:23:22] [STDERR] ConnectionRefusedError: [Errno 61] Multiple exceptions: [Errno 61] Connect call failed ('::1', 3100, 0, 0), [Errno 61] Connect call failed ('127.0.0.1', 3100)
[2025-11-01 09:23:22] [STDERR] 
[2025-11-01 09:23:22] [STDERR] The above exception was the direct cause of the following exception:
[2025-11-01 09:23:22] [STDERR] 
[2025-11-01 09:23:22] [STDERR] Traceback (most recent call last):
[2025-11-01 09:23:22] [STDERR]   File "/Users/leifmarkthaler/github/gleitzeit 0.0.7/src/gleitzeit/workers/loki_exporter_worker.py", line 251, in export_logs_to_loki
[2025-11-01 09:23:22] [STDERR]     async with self.session.post(
[2025-11-01 09:23:22] [STDERR]   File "/opt/homebrew/Caskroom/miniconda/base/lib/python3.11/site-packages/aiohttp/client.py", line 1488, in __aenter__
[2025-11-01 09:23:22] [STDERR]     self._resp: _RetType = await self._coro
[2025-11-01 09:23:22] [STDERR]                            ^^^^^^^^^^^^^^^^
[2025-11-01 09:23:22] [STDERR]   File "/opt/homebrew/Caskroom/miniconda/base/lib/python3.11/site-packages/aiohttp/client.py", line 770, in _request
[2025-11-01 09:23:22] [STDERR]     resp = await handler(req)
[2025-11-01 09:23:22] [STDERR]            ^^^^^^^^^^^^^^^^^^
[2025-11-01 09:23:22] [STDERR]   File "/opt/homebrew/Caskroom/miniconda/base/lib/python3.11/site-packages/aiohttp/client.py", line 725, in _connect_and_send_request
[2025-11-01 09:23:22] [STDERR]     conn = await self._connector.connect(
[2025-11-01 09:23:22] [STDERR]            ^^^^^^^^^^^^^^^^^^^^^^^^^^^^^^
[2025-11-01 09:23:22] [STDERR]   File "/opt/homebrew/Caskroom/miniconda/base/lib/python3.11/site-packages/aiohttp/connector.py", line 642, in connect
[2025-11-01 09:23:22] [STDERR]     proto = await self._create_connection(req, traces, timeout)
[2025-11-01 09:23:22] [STDERR]             ^^^^^^^^^^^^^^^^^^^^^^^^^^^^^^^^^^^^^^^^^^^^^^^^^^^
[2025-11-01 09:23:22] [STDERR]   File "/opt/homebrew/Caskroom/miniconda/base/lib/python3.11/site-packages/aiohttp/connector.py", line 1209, in _create_connection
[2025-11-01 09:23:22] [STDERR]     _, proto = await self._create_direct_connection(req, traces, timeout)
[2025-11-01 09:23:22] [STDERR]                ^^^^^^^^^^^^^^^^^^^^^^^^^^^^^^^^^^^^^^^^^^^^^^^^^^^^^^^^^^
[2025-11-01 09:23:22] [STDERR]   File "/opt/homebrew/Caskroom/miniconda/base/lib/python3.11/site-packages/aiohttp/connector.py", line 1581, in _create_direct_connection
[2025-11-01 09:23:22] [STDERR]     raise last_exc
[2025-11-01 09:23:22] [STDERR]   File "/opt/homebrew/Caskroom/miniconda/base/lib/python3.11/site-packages/aiohttp/connector.py", line 1550, in _create_direct_connection
[2025-11-01 09:23:22] [STDERR]     transp, proto = await self._wrap_create_connection(
[2025-11-01 09:23:22] [STDERR]                     ^^^^^^^^^^^^^^^^^^^^^^^^^^^^^^^^^^^
[2025-11-01 09:23:22] [STDERR]   File "/opt/homebrew/Caskroom/miniconda/base/lib/python3.11/site-packages/aiohttp/connector.py", line 1291, in _wrap_create_connection
[2025-11-01 09:23:22] [STDERR]     raise client_error(req.connection_key, exc) from exc
[2025-11-01 09:23:22] [STDERR] aiohttp.client_exceptions.ClientConnectorError: Cannot connect to host localhost:3100 ssl:default [Multiple exceptions: [Errno 61] Connect call failed ('::1', 3100, 0, 0), [Errno 61] Connect call failed ('127.0.0.1', 3100)]
[2025-11-01 09:23:27] [STDERR] 2025-11-01 09:23:27,862 - LokiExporter.loki-exporter - ERROR - Failed to export logs to Loki: Cannot connect to host localhost:3100 ssl:default [Multiple exceptions: [Errno 61] Connect call failed ('127.0.0.1', 3100), [Errno 61] Connect call failed ('::1', 3100, 0, 0)]
[2025-11-01 09:23:27] [STDERR] Traceback (most recent call last):
[2025-11-01 09:23:27] [STDERR]   File "/opt/homebrew/Caskroom/miniconda/base/lib/python3.11/site-packages/aiohttp/connector.py", line 1268, in _wrap_create_connection
[2025-11-01 09:23:27] [STDERR]     sock = await aiohappyeyeballs.start_connection(
[2025-11-01 09:23:27] [STDERR]            ^^^^^^^^^^^^^^^^^^^^^^^^^^^^^^^^^^^^^^^^
[2025-11-01 09:23:27] [STDERR]   File "/opt/homebrew/Caskroom/miniconda/base/lib/python3.11/site-packages/aiohappyeyeballs/impl.py", line 141, in start_connection
[2025-11-01 09:23:27] [STDERR]     raise OSError(first_errno, msg)
[2025-11-01 09:23:27] [STDERR] ConnectionRefusedError: [Errno 61] Multiple exceptions: [Errno 61] Connect call failed ('127.0.0.1', 3100), [Errno 61] Connect call failed ('::1', 3100, 0, 0)
[2025-11-01 09:23:27] [STDERR] 
[2025-11-01 09:23:27] [STDERR] The above exception was the direct cause of the following exception:
[2025-11-01 09:23:27] [STDERR] 
[2025-11-01 09:23:27] [STDERR] Traceback (most recent call last):
[2025-11-01 09:23:27] [STDERR]   File "/Users/leifmarkthaler/github/gleitzeit 0.0.7/src/gleitzeit/workers/loki_exporter_worker.py", line 251, in export_logs_to_loki
[2025-11-01 09:23:27] [STDERR]     async with self.session.post(
[2025-11-01 09:23:27] [STDERR]   File "/opt/homebrew/Caskroom/miniconda/base/lib/python3.11/site-packages/aiohttp/client.py", line 1488, in __aenter__
[2025-11-01 09:23:27] [STDERR]     self._resp: _RetType = await self._coro
[2025-11-01 09:23:27] [STDERR]                            ^^^^^^^^^^^^^^^^
[2025-11-01 09:23:27] [STDERR]   File "/opt/homebrew/Caskroom/miniconda/base/lib/python3.11/site-packages/aiohttp/client.py", line 770, in _request
[2025-11-01 09:23:27] [STDERR]     resp = await handler(req)
[2025-11-01 09:23:27] [STDERR]            ^^^^^^^^^^^^^^^^^^
[2025-11-01 09:23:27] [STDERR]   File "/opt/homebrew/Caskroom/miniconda/base/lib/python3.11/site-packages/aiohttp/client.py", line 725, in _connect_and_send_request
[2025-11-01 09:23:27] [STDERR]     conn = await self._connector.connect(
[2025-11-01 09:23:27] [STDERR]            ^^^^^^^^^^^^^^^^^^^^^^^^^^^^^^
[2025-11-01 09:23:27] [STDERR]   File "/opt/homebrew/Caskroom/miniconda/base/lib/python3.11/site-packages/aiohttp/connector.py", line 642, in connect
[2025-11-01 09:23:27] [STDERR]     proto = await self._create_connection(req, traces, timeout)
[2025-11-01 09:23:27] [STDERR]             ^^^^^^^^^^^^^^^^^^^^^^^^^^^^^^^^^^^^^^^^^^^^^^^^^^^
[2025-11-01 09:23:27] [STDERR]   File "/opt/homebrew/Caskroom/miniconda/base/lib/python3.11/site-packages/aiohttp/connector.py", line 1209, in _create_connection
[2025-11-01 09:23:27] [STDERR]     _, proto = await self._create_direct_connection(req, traces, timeout)
[2025-11-01 09:23:27] [STDERR]                ^^^^^^^^^^^^^^^^^^^^^^^^^^^^^^^^^^^^^^^^^^^^^^^^^^^^^^^^^^
[2025-11-01 09:23:27] [STDERR]   File "/opt/homebrew/Caskroom/miniconda/base/lib/python3.11/site-packages/aiohttp/connector.py", line 1581, in _create_direct_connection
[2025-11-01 09:23:27] [STDERR]     raise last_exc
[2025-11-01 09:23:27] [STDERR]   File "/opt/homebrew/Caskroom/miniconda/base/lib/python3.11/site-packages/aiohttp/connector.py", line 1550, in _create_direct_connection
[2025-11-01 09:23:27] [STDERR]     transp, proto = await self._wrap_create_connection(
[2025-11-01 09:23:27] [STDERR]                     ^^^^^^^^^^^^^^^^^^^^^^^^^^^^^^^^^^^
[2025-11-01 09:23:27] [STDERR]   File "/opt/homebrew/Caskroom/miniconda/base/lib/python3.11/site-packages/aiohttp/connector.py", line 1291, in _wrap_create_connection
[2025-11-01 09:23:27] [STDERR]     raise client_error(req.connection_key, exc) from exc
[2025-11-01 09:23:27] [STDERR] aiohttp.client_exceptions.ClientConnectorError: Cannot connect to host localhost:3100 ssl:default [Multiple exceptions: [Errno 61] Connect call failed ('127.0.0.1', 3100), [Errno 61] Connect call failed ('::1', 3100, 0, 0)]
[2025-11-01 09:23:32] [STDERR] 2025-11-01 09:23:32,890 - LokiExporter.loki-exporter - ERROR - Failed to export logs to Loki: Cannot connect to host localhost:3100 ssl:default [Multiple exceptions: [Errno 61] Connect call failed ('::1', 3100, 0, 0), [Errno 61] Connect call failed ('127.0.0.1', 3100)]
[2025-11-01 09:23:32] [STDERR] Traceback (most recent call last):
[2025-11-01 09:23:32] [STDERR]   File "/opt/homebrew/Caskroom/miniconda/base/lib/python3.11/site-packages/aiohttp/connector.py", line 1268, in _wrap_create_connection
[2025-11-01 09:23:32] [STDERR]     sock = await aiohappyeyeballs.start_connection(
[2025-11-01 09:23:32] [STDERR]            ^^^^^^^^^^^^^^^^^^^^^^^^^^^^^^^^^^^^^^^^
[2025-11-01 09:23:32] [STDERR]   File "/opt/homebrew/Caskroom/miniconda/base/lib/python3.11/site-packages/aiohappyeyeballs/impl.py", line 141, in start_connection
[2025-11-01 09:23:32] [STDERR]     raise OSError(first_errno, msg)
[2025-11-01 09:23:32] [STDERR] ConnectionRefusedError: [Errno 61] Multiple exceptions: [Errno 61] Connect call failed ('::1', 3100, 0, 0), [Errno 61] Connect call failed ('127.0.0.1', 3100)
[2025-11-01 09:23:32] [STDERR] 
[2025-11-01 09:23:32] [STDERR] The above exception was the direct cause of the following exception:
[2025-11-01 09:23:32] [STDERR] 
[2025-11-01 09:23:32] [STDERR] Traceback (most recent call last):
[2025-11-01 09:23:32] [STDERR]   File "/Users/leifmarkthaler/github/gleitzeit 0.0.7/src/gleitzeit/workers/loki_exporter_worker.py", line 251, in export_logs_to_loki
[2025-11-01 09:23:32] [STDERR]     async with self.session.post(
[2025-11-01 09:23:32] [STDERR]   File "/opt/homebrew/Caskroom/miniconda/base/lib/python3.11/site-packages/aiohttp/client.py", line 1488, in __aenter__
[2025-11-01 09:23:32] [STDERR]     self._resp: _RetType = await self._coro
[2025-11-01 09:23:32] [STDERR]                            ^^^^^^^^^^^^^^^^
[2025-11-01 09:23:32] [STDERR]   File "/opt/homebrew/Caskroom/miniconda/base/lib/python3.11/site-packages/aiohttp/client.py", line 770, in _request
[2025-11-01 09:23:32] [STDERR]     resp = await handler(req)
[2025-11-01 09:23:32] [STDERR]            ^^^^^^^^^^^^^^^^^^
[2025-11-01 09:23:32] [STDERR]   File "/opt/homebrew/Caskroom/miniconda/base/lib/python3.11/site-packages/aiohttp/client.py", line 725, in _connect_and_send_request
[2025-11-01 09:23:32] [STDERR]     conn = await self._connector.connect(
[2025-11-01 09:23:32] [STDERR]            ^^^^^^^^^^^^^^^^^^^^^^^^^^^^^^
[2025-11-01 09:23:32] [STDERR]   File "/opt/homebrew/Caskroom/miniconda/base/lib/python3.11/site-packages/aiohttp/connector.py", line 642, in connect
[2025-11-01 09:23:32] [STDERR]     proto = await self._create_connection(req, traces, timeout)
[2025-11-01 09:23:32] [STDERR]             ^^^^^^^^^^^^^^^^^^^^^^^^^^^^^^^^^^^^^^^^^^^^^^^^^^^
[2025-11-01 09:23:32] [STDERR]   File "/opt/homebrew/Caskroom/miniconda/base/lib/python3.11/site-packages/aiohttp/connector.py", line 1209, in _create_connection
[2025-11-01 09:23:32] [STDERR]     _, proto = await self._create_direct_connection(req, traces, timeout)
[2025-11-01 09:23:32] [STDERR]                ^^^^^^^^^^^^^^^^^^^^^^^^^^^^^^^^^^^^^^^^^^^^^^^^^^^^^^^^^^
[2025-11-01 09:23:32] [STDERR]   File "/opt/homebrew/Caskroom/miniconda/base/lib/python3.11/site-packages/aiohttp/connector.py", line 1581, in _create_direct_connection
[2025-11-01 09:23:32] [STDERR]     raise last_exc
[2025-11-01 09:23:32] [STDERR]   File "/opt/homebrew/Caskroom/miniconda/base/lib/python3.11/site-packages/aiohttp/connector.py", line 1550, in _create_direct_connection
[2025-11-01 09:23:32] [STDERR]     transp, proto = await self._wrap_create_connection(
[2025-11-01 09:23:32] [STDERR]                     ^^^^^^^^^^^^^^^^^^^^^^^^^^^^^^^^^^^
[2025-11-01 09:23:32] [STDERR]   File "/opt/homebrew/Caskroom/miniconda/base/lib/python3.11/site-packages/aiohttp/connector.py", line 1291, in _wrap_create_connection
[2025-11-01 09:23:32] [STDERR]     raise client_error(req.connection_key, exc) from exc
[2025-11-01 09:23:32] [STDERR] aiohttp.client_exceptions.ClientConnectorError: Cannot connect to host localhost:3100 ssl:default [Multiple exceptions: [Errno 61] Connect call failed ('::1', 3100, 0, 0), [Errno 61] Connect call failed ('127.0.0.1', 3100)]
[2025-11-01 09:23:37] [STDERR] 2025-11-01 09:23:37,918 - LokiExporter.loki-exporter - ERROR - Failed to export logs to Loki: Cannot connect to host localhost:3100 ssl:default [Multiple exceptions: [Errno 61] Connect call failed ('127.0.0.1', 3100), [Errno 61] Connect call failed ('::1', 3100, 0, 0)]
[2025-11-01 09:23:37] [STDERR] Traceback (most recent call last):
[2025-11-01 09:23:37] [STDERR]   File "/opt/homebrew/Caskroom/miniconda/base/lib/python3.11/site-packages/aiohttp/connector.py", line 1268, in _wrap_create_connection
[2025-11-01 09:23:37] [STDERR]     sock = await aiohappyeyeballs.start_connection(
[2025-11-01 09:23:37] [STDERR]            ^^^^^^^^^^^^^^^^^^^^^^^^^^^^^^^^^^^^^^^^
[2025-11-01 09:23:37] [STDERR]   File "/opt/homebrew/Caskroom/miniconda/base/lib/python3.11/site-packages/aiohappyeyeballs/impl.py", line 141, in start_connection
[2025-11-01 09:23:37] [STDERR]     raise OSError(first_errno, msg)
[2025-11-01 09:23:37] [STDERR] ConnectionRefusedError: [Errno 61] Multiple exceptions: [Errno 61] Connect call failed ('127.0.0.1', 3100), [Errno 61] Connect call failed ('::1', 3100, 0, 0)
[2025-11-01 09:23:37] [STDERR] 
[2025-11-01 09:23:37] [STDERR] The above exception was the direct cause of the following exception:
[2025-11-01 09:23:37] [STDERR] 
[2025-11-01 09:23:37] [STDERR] Traceback (most recent call last):
[2025-11-01 09:23:37] [STDERR]   File "/Users/leifmarkthaler/github/gleitzeit 0.0.7/src/gleitzeit/workers/loki_exporter_worker.py", line 251, in export_logs_to_loki
[2025-11-01 09:23:37] [STDERR]     async with self.session.post(
[2025-11-01 09:23:37] [STDERR]   File "/opt/homebrew/Caskroom/miniconda/base/lib/python3.11/site-packages/aiohttp/client.py", line 1488, in __aenter__
[2025-11-01 09:23:37] [STDERR]     self._resp: _RetType = await self._coro
[2025-11-01 09:23:37] [STDERR]                            ^^^^^^^^^^^^^^^^
[2025-11-01 09:23:37] [STDERR]   File "/opt/homebrew/Caskroom/miniconda/base/lib/python3.11/site-packages/aiohttp/client.py", line 770, in _request
[2025-11-01 09:23:37] [STDERR]     resp = await handler(req)
[2025-11-01 09:23:37] [STDERR]            ^^^^^^^^^^^^^^^^^^
[2025-11-01 09:23:37] [STDERR]   File "/opt/homebrew/Caskroom/miniconda/base/lib/python3.11/site-packages/aiohttp/client.py", line 725, in _connect_and_send_request
[2025-11-01 09:23:37] [STDERR]     conn = await self._connector.connect(
[2025-11-01 09:23:37] [STDERR]            ^^^^^^^^^^^^^^^^^^^^^^^^^^^^^^
[2025-11-01 09:23:37] [STDERR]   File "/opt/homebrew/Caskroom/miniconda/base/lib/python3.11/site-packages/aiohttp/connector.py", line 642, in connect
[2025-11-01 09:23:37] [STDERR]     proto = await self._create_connection(req, traces, timeout)
[2025-11-01 09:23:37] [STDERR]             ^^^^^^^^^^^^^^^^^^^^^^^^^^^^^^^^^^^^^^^^^^^^^^^^^^^
[2025-11-01 09:23:37] [STDERR]   File "/opt/homebrew/Caskroom/miniconda/base/lib/python3.11/site-packages/aiohttp/connector.py", line 1209, in _create_connection
[2025-11-01 09:23:37] [STDERR]     _, proto = await self._create_direct_connection(req, traces, timeout)
[2025-11-01 09:23:37] [STDERR]                ^^^^^^^^^^^^^^^^^^^^^^^^^^^^^^^^^^^^^^^^^^^^^^^^^^^^^^^^^^
[2025-11-01 09:23:37] [STDERR]   File "/opt/homebrew/Caskroom/miniconda/base/lib/python3.11/site-packages/aiohttp/connector.py", line 1581, in _create_direct_connection
[2025-11-01 09:23:37] [STDERR]     raise last_exc
[2025-11-01 09:23:37] [STDERR]   File "/opt/homebrew/Caskroom/miniconda/base/lib/python3.11/site-packages/aiohttp/connector.py", line 1550, in _create_direct_connection
[2025-11-01 09:23:37] [STDERR]     transp, proto = await self._wrap_create_connection(
[2025-11-01 09:23:37] [STDERR]                     ^^^^^^^^^^^^^^^^^^^^^^^^^^^^^^^^^^^
[2025-11-01 09:23:37] [STDERR]   File "/opt/homebrew/Caskroom/miniconda/base/lib/python3.11/site-packages/aiohttp/connector.py", line 1291, in _wrap_create_connection
[2025-11-01 09:23:37] [STDERR]     raise client_error(req.connection_key, exc) from exc
[2025-11-01 09:23:37] [STDERR] aiohttp.client_exceptions.ClientConnectorError: Cannot connect to host localhost:3100 ssl:default [Multiple exceptions: [Errno 61] Connect call failed ('127.0.0.1', 3100), [Errno 61] Connect call failed ('::1', 3100, 0, 0)]
[2025-11-01 09:23:42] [STDERR] 2025-11-01 09:23:42,963 - LokiExporter.loki-exporter - ERROR - Failed to export logs to Loki: Cannot connect to host localhost:3100 ssl:default [Multiple exceptions: [Errno 61] Connect call failed ('::1', 3100, 0, 0), [Errno 61] Connect call failed ('127.0.0.1', 3100)]
[2025-11-01 09:23:42] [STDERR] Traceback (most recent call last):
[2025-11-01 09:23:42] [STDERR]   File "/opt/homebrew/Caskroom/miniconda/base/lib/python3.11/site-packages/aiohttp/connector.py", line 1268, in _wrap_create_connection
[2025-11-01 09:23:42] [STDERR]     sock = await aiohappyeyeballs.start_connection(
[2025-11-01 09:23:42] [STDERR]            ^^^^^^^^^^^^^^^^^^^^^^^^^^^^^^^^^^^^^^^^
[2025-11-01 09:23:42] [STDERR]   File "/opt/homebrew/Caskroom/miniconda/base/lib/python3.11/site-packages/aiohappyeyeballs/impl.py", line 141, in start_connection
[2025-11-01 09:23:42] [STDERR]     raise OSError(first_errno, msg)
[2025-11-01 09:23:42] [STDERR] ConnectionRefusedError: [Errno 61] Multiple exceptions: [Errno 61] Connect call failed ('::1', 3100, 0, 0), [Errno 61] Connect call failed ('127.0.0.1', 3100)
[2025-11-01 09:23:42] [STDERR] 
[2025-11-01 09:23:42] [STDERR] The above exception was the direct cause of the following exception:
[2025-11-01 09:23:42] [STDERR] 
[2025-11-01 09:23:42] [STDERR] Traceback (most recent call last):
[2025-11-01 09:23:42] [STDERR]   File "/Users/leifmarkthaler/github/gleitzeit 0.0.7/src/gleitzeit/workers/loki_exporter_worker.py", line 251, in export_logs_to_loki
[2025-11-01 09:23:42] [STDERR]     async with self.session.post(
[2025-11-01 09:23:42] [STDERR]   File "/opt/homebrew/Caskroom/miniconda/base/lib/python3.11/site-packages/aiohttp/client.py", line 1488, in __aenter__
[2025-11-01 09:23:42] [STDERR]     self._resp: _RetType = await self._coro
[2025-11-01 09:23:42] [STDERR]                            ^^^^^^^^^^^^^^^^
[2025-11-01 09:23:42] [STDERR]   File "/opt/homebrew/Caskroom/miniconda/base/lib/python3.11/site-packages/aiohttp/client.py", line 770, in _request
[2025-11-01 09:23:42] [STDERR]     resp = await handler(req)
[2025-11-01 09:23:42] [STDERR]            ^^^^^^^^^^^^^^^^^^
[2025-11-01 09:23:42] [STDERR]   File "/opt/homebrew/Caskroom/miniconda/base/lib/python3.11/site-packages/aiohttp/client.py", line 725, in _connect_and_send_request
[2025-11-01 09:23:42] [STDERR]     conn = await self._connector.connect(
[2025-11-01 09:23:42] [STDERR]            ^^^^^^^^^^^^^^^^^^^^^^^^^^^^^^
[2025-11-01 09:23:42] [STDERR]   File "/opt/homebrew/Caskroom/miniconda/base/lib/python3.11/site-packages/aiohttp/connector.py", line 642, in connect
[2025-11-01 09:23:42] [STDERR]     proto = await self._create_connection(req, traces, timeout)
[2025-11-01 09:23:42] [STDERR]             ^^^^^^^^^^^^^^^^^^^^^^^^^^^^^^^^^^^^^^^^^^^^^^^^^^^
[2025-11-01 09:23:42] [STDERR]   File "/opt/homebrew/Caskroom/miniconda/base/lib/python3.11/site-packages/aiohttp/connector.py", line 1209, in _create_connection
[2025-11-01 09:23:42] [STDERR]     _, proto = await self._create_direct_connection(req, traces, timeout)
[2025-11-01 09:23:42] [STDERR]                ^^^^^^^^^^^^^^^^^^^^^^^^^^^^^^^^^^^^^^^^^^^^^^^^^^^^^^^^^^
[2025-11-01 09:23:42] [STDERR]   File "/opt/homebrew/Caskroom/miniconda/base/lib/python3.11/site-packages/aiohttp/connector.py", line 1581, in _create_direct_connection
[2025-11-01 09:23:42] [STDERR]     raise last_exc
[2025-11-01 09:23:42] [STDERR]   File "/opt/homebrew/Caskroom/miniconda/base/lib/python3.11/site-packages/aiohttp/connector.py", line 1550, in _create_direct_connection
[2025-11-01 09:23:42] [STDERR]     transp, proto = await self._wrap_create_connection(
[2025-11-01 09:23:42] [STDERR]                     ^^^^^^^^^^^^^^^^^^^^^^^^^^^^^^^^^^^
[2025-11-01 09:23:42] [STDERR]   File "/opt/homebrew/Caskroom/miniconda/base/lib/python3.11/site-packages/aiohttp/connector.py", line 1291, in _wrap_create_connection
[2025-11-01 09:23:42] [STDERR]     raise client_error(req.connection_key, exc) from exc
[2025-11-01 09:23:42] [STDERR] aiohttp.client_exceptions.ClientConnectorError: Cannot connect to host localhost:3100 ssl:default [Multiple exceptions: [Errno 61] Connect call failed ('::1', 3100, 0, 0), [Errno 61] Connect call failed ('127.0.0.1', 3100)]
[2025-11-01 09:23:48] [STDERR] 2025-11-01 09:23:48,008 - LokiExporter.loki-exporter - ERROR - Failed to export logs to Loki: Cannot connect to host localhost:3100 ssl:default [Multiple exceptions: [Errno 61] Connect call failed ('127.0.0.1', 3100), [Errno 61] Connect call failed ('::1', 3100, 0, 0)]
[2025-11-01 09:23:48] [STDERR] Traceback (most recent call last):
[2025-11-01 09:23:48] [STDERR]   File "/opt/homebrew/Caskroom/miniconda/base/lib/python3.11/site-packages/aiohttp/connector.py", line 1268, in _wrap_create_connection
[2025-11-01 09:23:48] [STDERR]     sock = await aiohappyeyeballs.start_connection(
[2025-11-01 09:23:48] [STDERR]            ^^^^^^^^^^^^^^^^^^^^^^^^^^^^^^^^^^^^^^^^
[2025-11-01 09:23:48] [STDERR]   File "/opt/homebrew/Caskroom/miniconda/base/lib/python3.11/site-packages/aiohappyeyeballs/impl.py", line 141, in start_connection
[2025-11-01 09:23:48] [STDERR]     raise OSError(first_errno, msg)
[2025-11-01 09:23:48] [STDERR] ConnectionRefusedError: [Errno 61] Multiple exceptions: [Errno 61] Connect call failed ('127.0.0.1', 3100), [Errno 61] Connect call failed ('::1', 3100, 0, 0)
[2025-11-01 09:23:48] [STDERR] 
[2025-11-01 09:23:48] [STDERR] The above exception was the direct cause of the following exception:
[2025-11-01 09:23:48] [STDERR] 
[2025-11-01 09:23:48] [STDERR] Traceback (most recent call last):
[2025-11-01 09:23:48] [STDERR]   File "/Users/leifmarkthaler/github/gleitzeit 0.0.7/src/gleitzeit/workers/loki_exporter_worker.py", line 251, in export_logs_to_loki
[2025-11-01 09:23:48] [STDERR]     async with self.session.post(
[2025-11-01 09:23:48] [STDERR]   File "/opt/homebrew/Caskroom/miniconda/base/lib/python3.11/site-packages/aiohttp/client.py", line 1488, in __aenter__
[2025-11-01 09:23:48] [STDERR]     self._resp: _RetType = await self._coro
[2025-11-01 09:23:48] [STDERR]                            ^^^^^^^^^^^^^^^^
[2025-11-01 09:23:48] [STDERR]   File "/opt/homebrew/Caskroom/miniconda/base/lib/python3.11/site-packages/aiohttp/client.py", line 770, in _request
[2025-11-01 09:23:48] [STDERR]     resp = await handler(req)
[2025-11-01 09:23:48] [STDERR]            ^^^^^^^^^^^^^^^^^^
[2025-11-01 09:23:48] [STDERR]   File "/opt/homebrew/Caskroom/miniconda/base/lib/python3.11/site-packages/aiohttp/client.py", line 725, in _connect_and_send_request
[2025-11-01 09:23:48] [STDERR]     conn = await self._connector.connect(
[2025-11-01 09:23:48] [STDERR]            ^^^^^^^^^^^^^^^^^^^^^^^^^^^^^^
[2025-11-01 09:23:48] [STDERR]   File "/opt/homebrew/Caskroom/miniconda/base/lib/python3.11/site-packages/aiohttp/connector.py", line 642, in connect
[2025-11-01 09:23:48] [STDERR]     proto = await self._create_connection(req, traces, timeout)
[2025-11-01 09:23:48] [STDERR]             ^^^^^^^^^^^^^^^^^^^^^^^^^^^^^^^^^^^^^^^^^^^^^^^^^^^
[2025-11-01 09:23:48] [STDERR]   File "/opt/homebrew/Caskroom/miniconda/base/lib/python3.11/site-packages/aiohttp/connector.py", line 1209, in _create_connection
[2025-11-01 09:23:48] [STDERR]     _, proto = await self._create_direct_connection(req, traces, timeout)
[2025-11-01 09:23:48] [STDERR]                ^^^^^^^^^^^^^^^^^^^^^^^^^^^^^^^^^^^^^^^^^^^^^^^^^^^^^^^^^^
[2025-11-01 09:23:48] [STDERR]   File "/opt/homebrew/Caskroom/miniconda/base/lib/python3.11/site-packages/aiohttp/connector.py", line 1581, in _create_direct_connection
[2025-11-01 09:23:48] [STDERR]     raise last_exc
[2025-11-01 09:23:48] [STDERR]   File "/opt/homebrew/Caskroom/miniconda/base/lib/python3.11/site-packages/aiohttp/connector.py", line 1550, in _create_direct_connection
[2025-11-01 09:23:48] [STDERR]     transp, proto = await self._wrap_create_connection(
[2025-11-01 09:23:48] [STDERR]                     ^^^^^^^^^^^^^^^^^^^^^^^^^^^^^^^^^^^
[2025-11-01 09:23:48] [STDERR]   File "/opt/homebrew/Caskroom/miniconda/base/lib/python3.11/site-packages/aiohttp/connector.py", line 1291, in _wrap_create_connection
[2025-11-01 09:23:48] [STDERR]     raise client_error(req.connection_key, exc) from exc
[2025-11-01 09:23:48] [STDERR] aiohttp.client_exceptions.ClientConnectorError: Cannot connect to host localhost:3100 ssl:default [Multiple exceptions: [Errno 61] Connect call failed ('127.0.0.1', 3100), [Errno 61] Connect call failed ('::1', 3100, 0, 0)]
[2025-11-01 09:23:53] [STDERR] 2025-11-01 09:23:53,052 - LokiExporter.loki-exporter - ERROR - Failed to export logs to Loki: Cannot connect to host localhost:3100 ssl:default [Multiple exceptions: [Errno 61] Connect call failed ('::1', 3100, 0, 0), [Errno 61] Connect call failed ('127.0.0.1', 3100)]
[2025-11-01 09:23:53] [STDERR] Traceback (most recent call last):
[2025-11-01 09:23:53] [STDERR]   File "/opt/homebrew/Caskroom/miniconda/base/lib/python3.11/site-packages/aiohttp/connector.py", line 1268, in _wrap_create_connection
[2025-11-01 09:23:53] [STDERR]     sock = await aiohappyeyeballs.start_connection(
[2025-11-01 09:23:53] [STDERR]            ^^^^^^^^^^^^^^^^^^^^^^^^^^^^^^^^^^^^^^^^
[2025-11-01 09:23:53] [STDERR]   File "/opt/homebrew/Caskroom/miniconda/base/lib/python3.11/site-packages/aiohappyeyeballs/impl.py", line 141, in start_connection
[2025-11-01 09:23:53] [STDERR]     raise OSError(first_errno, msg)
[2025-11-01 09:23:53] [STDERR] ConnectionRefusedError: [Errno 61] Multiple exceptions: [Errno 61] Connect call failed ('::1', 3100, 0, 0), [Errno 61] Connect call failed ('127.0.0.1', 3100)
[2025-11-01 09:23:53] [STDERR] 
[2025-11-01 09:23:53] [STDERR] The above exception was the direct cause of the following exception:
[2025-11-01 09:23:53] [STDERR] 
[2025-11-01 09:23:53] [STDERR] Traceback (most recent call last):
[2025-11-01 09:23:53] [STDERR]   File "/Users/leifmarkthaler/github/gleitzeit 0.0.7/src/gleitzeit/workers/loki_exporter_worker.py", line 251, in export_logs_to_loki
[2025-11-01 09:23:53] [STDERR]     async with self.session.post(
[2025-11-01 09:23:53] [STDERR]   File "/opt/homebrew/Caskroom/miniconda/base/lib/python3.11/site-packages/aiohttp/client.py", line 1488, in __aenter__
[2025-11-01 09:23:53] [STDERR]     self._resp: _RetType = await self._coro
[2025-11-01 09:23:53] [STDERR]                            ^^^^^^^^^^^^^^^^
[2025-11-01 09:23:53] [STDERR]   File "/opt/homebrew/Caskroom/miniconda/base/lib/python3.11/site-packages/aiohttp/client.py", line 770, in _request
[2025-11-01 09:23:53] [STDERR]     resp = await handler(req)
[2025-11-01 09:23:53] [STDERR]            ^^^^^^^^^^^^^^^^^^
[2025-11-01 09:23:53] [STDERR]   File "/opt/homebrew/Caskroom/miniconda/base/lib/python3.11/site-packages/aiohttp/client.py", line 725, in _connect_and_send_request
[2025-11-01 09:23:53] [STDERR]     conn = await self._connector.connect(
[2025-11-01 09:23:53] [STDERR]            ^^^^^^^^^^^^^^^^^^^^^^^^^^^^^^
[2025-11-01 09:23:53] [STDERR]   File "/opt/homebrew/Caskroom/miniconda/base/lib/python3.11/site-packages/aiohttp/connector.py", line 642, in connect
[2025-11-01 09:23:53] [STDERR]     proto = await self._create_connection(req, traces, timeout)
[2025-11-01 09:23:53] [STDERR]             ^^^^^^^^^^^^^^^^^^^^^^^^^^^^^^^^^^^^^^^^^^^^^^^^^^^
[2025-11-01 09:23:53] [STDERR]   File "/opt/homebrew/Caskroom/miniconda/base/lib/python3.11/site-packages/aiohttp/connector.py", line 1209, in _create_connection
[2025-11-01 09:23:53] [STDERR]     _, proto = await self._create_direct_connection(req, traces, timeout)
[2025-11-01 09:23:53] [STDERR]                ^^^^^^^^^^^^^^^^^^^^^^^^^^^^^^^^^^^^^^^^^^^^^^^^^^^^^^^^^^
[2025-11-01 09:23:53] [STDERR]   File "/opt/homebrew/Caskroom/miniconda/base/lib/python3.11/site-packages/aiohttp/connector.py", line 1581, in _create_direct_connection
[2025-11-01 09:23:53] [STDERR]     raise last_exc
[2025-11-01 09:23:53] [STDERR]   File "/opt/homebrew/Caskroom/miniconda/base/lib/python3.11/site-packages/aiohttp/connector.py", line 1550, in _create_direct_connection
[2025-11-01 09:23:53] [STDERR]     transp, proto = await self._wrap_create_connection(
[2025-11-01 09:23:53] [STDERR]                     ^^^^^^^^^^^^^^^^^^^^^^^^^^^^^^^^^^^
[2025-11-01 09:23:53] [STDERR]   File "/opt/homebrew/Caskroom/miniconda/base/lib/python3.11/site-packages/aiohttp/connector.py", line 1291, in _wrap_create_connection
[2025-11-01 09:23:53] [STDERR]     raise client_error(req.connection_key, exc) from exc
[2025-11-01 09:23:53] [STDERR] aiohttp.client_exceptions.ClientConnectorError: Cannot connect to host localhost:3100 ssl:default [Multiple exceptions: [Errno 61] Connect call failed ('::1', 3100, 0, 0), [Errno 61] Connect call failed ('127.0.0.1', 3100)]
[2025-11-01 09:23:58] [STDERR] 2025-11-01 09:23:58,087 - LokiExporter.loki-exporter - ERROR - Failed to export logs to Loki: Cannot connect to host localhost:3100 ssl:default [Multiple exceptions: [Errno 61] Connect call failed ('127.0.0.1', 3100), [Errno 61] Connect call failed ('::1', 3100, 0, 0)]
[2025-11-01 09:23:58] [STDERR] Traceback (most recent call last):
[2025-11-01 09:23:58] [STDERR]   File "/opt/homebrew/Caskroom/miniconda/base/lib/python3.11/site-packages/aiohttp/connector.py", line 1268, in _wrap_create_connection
[2025-11-01 09:23:58] [STDERR]     sock = await aiohappyeyeballs.start_connection(
[2025-11-01 09:23:58] [STDERR]            ^^^^^^^^^^^^^^^^^^^^^^^^^^^^^^^^^^^^^^^^
[2025-11-01 09:23:58] [STDERR]   File "/opt/homebrew/Caskroom/miniconda/base/lib/python3.11/site-packages/aiohappyeyeballs/impl.py", line 141, in start_connection
[2025-11-01 09:23:58] [STDERR]     raise OSError(first_errno, msg)
[2025-11-01 09:23:58] [STDERR] ConnectionRefusedError: [Errno 61] Multiple exceptions: [Errno 61] Connect call failed ('127.0.0.1', 3100), [Errno 61] Connect call failed ('::1', 3100, 0, 0)
[2025-11-01 09:23:58] [STDERR] 
[2025-11-01 09:23:58] [STDERR] The above exception was the direct cause of the following exception:
[2025-11-01 09:23:58] [STDERR] 
[2025-11-01 09:23:58] [STDERR] Traceback (most recent call last):
[2025-11-01 09:23:58] [STDERR]   File "/Users/leifmarkthaler/github/gleitzeit 0.0.7/src/gleitzeit/workers/loki_exporter_worker.py", line 251, in export_logs_to_loki
[2025-11-01 09:23:58] [STDERR]     async with self.session.post(
[2025-11-01 09:23:58] [STDERR]   File "/opt/homebrew/Caskroom/miniconda/base/lib/python3.11/site-packages/aiohttp/client.py", line 1488, in __aenter__
[2025-11-01 09:23:58] [STDERR]     self._resp: _RetType = await self._coro
[2025-11-01 09:23:58] [STDERR]                            ^^^^^^^^^^^^^^^^
[2025-11-01 09:23:58] [STDERR]   File "/opt/homebrew/Caskroom/miniconda/base/lib/python3.11/site-packages/aiohttp/client.py", line 770, in _request
[2025-11-01 09:23:58] [STDERR]     resp = await handler(req)
[2025-11-01 09:23:58] [STDERR]            ^^^^^^^^^^^^^^^^^^
[2025-11-01 09:23:58] [STDERR]   File "/opt/homebrew/Caskroom/miniconda/base/lib/python3.11/site-packages/aiohttp/client.py", line 725, in _connect_and_send_request
[2025-11-01 09:23:58] [STDERR]     conn = await self._connector.connect(
[2025-11-01 09:23:58] [STDERR]            ^^^^^^^^^^^^^^^^^^^^^^^^^^^^^^
[2025-11-01 09:23:58] [STDERR]   File "/opt/homebrew/Caskroom/miniconda/base/lib/python3.11/site-packages/aiohttp/connector.py", line 642, in connect
[2025-11-01 09:23:58] [STDERR]     proto = await self._create_connection(req, traces, timeout)
[2025-11-01 09:23:58] [STDERR]             ^^^^^^^^^^^^^^^^^^^^^^^^^^^^^^^^^^^^^^^^^^^^^^^^^^^
[2025-11-01 09:23:58] [STDERR]   File "/opt/homebrew/Caskroom/miniconda/base/lib/python3.11/site-packages/aiohttp/connector.py", line 1209, in _create_connection
[2025-11-01 09:23:58] [STDERR]     _, proto = await self._create_direct_connection(req, traces, timeout)
[2025-11-01 09:23:58] [STDERR]                ^^^^^^^^^^^^^^^^^^^^^^^^^^^^^^^^^^^^^^^^^^^^^^^^^^^^^^^^^^
[2025-11-01 09:23:58] [STDERR]   File "/opt/homebrew/Caskroom/miniconda/base/lib/python3.11/site-packages/aiohttp/connector.py", line 1581, in _create_direct_connection
[2025-11-01 09:23:58] [STDERR]     raise last_exc
[2025-11-01 09:23:58] [STDERR]   File "/opt/homebrew/Caskroom/miniconda/base/lib/python3.11/site-packages/aiohttp/connector.py", line 1550, in _create_direct_connection
[2025-11-01 09:23:58] [STDERR]     transp, proto = await self._wrap_create_connection(
[2025-11-01 09:23:58] [STDERR]                     ^^^^^^^^^^^^^^^^^^^^^^^^^^^^^^^^^^^
[2025-11-01 09:23:58] [STDERR]   File "/opt/homebrew/Caskroom/miniconda/base/lib/python3.11/site-packages/aiohttp/connector.py", line 1291, in _wrap_create_connection
[2025-11-01 09:23:58] [STDERR]     raise client_error(req.connection_key, exc) from exc
[2025-11-01 09:23:58] [STDERR] aiohttp.client_exceptions.ClientConnectorError: Cannot connect to host localhost:3100 ssl:default [Multiple exceptions: [Errno 61] Connect call failed ('127.0.0.1', 3100), [Errno 61] Connect call failed ('::1', 3100, 0, 0)]
[2025-11-01 09:24:03] [STDERR] 2025-11-01 09:24:03,116 - LokiExporter.loki-exporter - ERROR - Failed to export logs to Loki: Cannot connect to host localhost:3100 ssl:default [Multiple exceptions: [Errno 61] Connect call failed ('::1', 3100, 0, 0), [Errno 61] Connect call failed ('127.0.0.1', 3100)]
[2025-11-01 09:24:03] [STDERR] Traceback (most recent call last):
[2025-11-01 09:24:03] [STDERR]   File "/opt/homebrew/Caskroom/miniconda/base/lib/python3.11/site-packages/aiohttp/connector.py", line 1268, in _wrap_create_connection
[2025-11-01 09:24:03] [STDERR]     sock = await aiohappyeyeballs.start_connection(
[2025-11-01 09:24:03] [STDERR]            ^^^^^^^^^^^^^^^^^^^^^^^^^^^^^^^^^^^^^^^^
[2025-11-01 09:24:03] [STDERR]   File "/opt/homebrew/Caskroom/miniconda/base/lib/python3.11/site-packages/aiohappyeyeballs/impl.py", line 141, in start_connection
[2025-11-01 09:24:03] [STDERR]     raise OSError(first_errno, msg)
[2025-11-01 09:24:03] [STDERR] ConnectionRefusedError: [Errno 61] Multiple exceptions: [Errno 61] Connect call failed ('::1', 3100, 0, 0), [Errno 61] Connect call failed ('127.0.0.1', 3100)
[2025-11-01 09:24:03] [STDERR] 
[2025-11-01 09:24:03] [STDERR] The above exception was the direct cause of the following exception:
[2025-11-01 09:24:03] [STDERR] 
[2025-11-01 09:24:03] [STDERR] Traceback (most recent call last):
[2025-11-01 09:24:03] [STDERR]   File "/Users/leifmarkthaler/github/gleitzeit 0.0.7/src/gleitzeit/workers/loki_exporter_worker.py", line 251, in export_logs_to_loki
[2025-11-01 09:24:03] [STDERR]     async with self.session.post(
[2025-11-01 09:24:03] [STDERR]   File "/opt/homebrew/Caskroom/miniconda/base/lib/python3.11/site-packages/aiohttp/client.py", line 1488, in __aenter__
[2025-11-01 09:24:03] [STDERR]     self._resp: _RetType = await self._coro
[2025-11-01 09:24:03] [STDERR]                            ^^^^^^^^^^^^^^^^
[2025-11-01 09:24:03] [STDERR]   File "/opt/homebrew/Caskroom/miniconda/base/lib/python3.11/site-packages/aiohttp/client.py", line 770, in _request
[2025-11-01 09:24:03] [STDERR]     resp = await handler(req)
[2025-11-01 09:24:03] [STDERR]            ^^^^^^^^^^^^^^^^^^
[2025-11-01 09:24:03] [STDERR]   File "/opt/homebrew/Caskroom/miniconda/base/lib/python3.11/site-packages/aiohttp/client.py", line 725, in _connect_and_send_request
[2025-11-01 09:24:03] [STDERR]     conn = await self._connector.connect(
[2025-11-01 09:24:03] [STDERR]            ^^^^^^^^^^^^^^^^^^^^^^^^^^^^^^
[2025-11-01 09:24:03] [STDERR]   File "/opt/homebrew/Caskroom/miniconda/base/lib/python3.11/site-packages/aiohttp/connector.py", line 642, in connect
[2025-11-01 09:24:03] [STDERR]     proto = await self._create_connection(req, traces, timeout)
[2025-11-01 09:24:03] [STDERR]             ^^^^^^^^^^^^^^^^^^^^^^^^^^^^^^^^^^^^^^^^^^^^^^^^^^^
[2025-11-01 09:24:03] [STDERR]   File "/opt/homebrew/Caskroom/miniconda/base/lib/python3.11/site-packages/aiohttp/connector.py", line 1209, in _create_connection
[2025-11-01 09:24:03] [STDERR]     _, proto = await self._create_direct_connection(req, traces, timeout)
[2025-11-01 09:24:03] [STDERR]                ^^^^^^^^^^^^^^^^^^^^^^^^^^^^^^^^^^^^^^^^^^^^^^^^^^^^^^^^^^
[2025-11-01 09:24:03] [STDERR]   File "/opt/homebrew/Caskroom/miniconda/base/lib/python3.11/site-packages/aiohttp/connector.py", line 1581, in _create_direct_connection
[2025-11-01 09:24:03] [STDERR]     raise last_exc
[2025-11-01 09:24:03] [STDERR]   File "/opt/homebrew/Caskroom/miniconda/base/lib/python3.11/site-packages/aiohttp/connector.py", line 1550, in _create_direct_connection
[2025-11-01 09:24:03] [STDERR]     transp, proto = await self._wrap_create_connection(
[2025-11-01 09:24:03] [STDERR]                     ^^^^^^^^^^^^^^^^^^^^^^^^^^^^^^^^^^^
[2025-11-01 09:24:03] [STDERR]   File "/opt/homebrew/Caskroom/miniconda/base/lib/python3.11/site-packages/aiohttp/connector.py", line 1291, in _wrap_create_connection
[2025-11-01 09:24:03] [STDERR]     raise client_error(req.connection_key, exc) from exc
[2025-11-01 09:24:03] [STDERR] aiohttp.client_exceptions.ClientConnectorError: Cannot connect to host localhost:3100 ssl:default [Multiple exceptions: [Errno 61] Connect call failed ('::1', 3100, 0, 0), [Errno 61] Connect call failed ('127.0.0.1', 3100)]
[2025-11-01 09:24:08] [STDERR] 2025-11-01 09:24:08,159 - LokiExporter.loki-exporter - ERROR - Failed to export logs to Loki: Cannot connect to host localhost:3100 ssl:default [Multiple exceptions: [Errno 61] Connect call failed ('127.0.0.1', 3100), [Errno 61] Connect call failed ('::1', 3100, 0, 0)]
[2025-11-01 09:24:08] [STDERR] Traceback (most recent call last):
[2025-11-01 09:24:08] [STDERR]   File "/opt/homebrew/Caskroom/miniconda/base/lib/python3.11/site-packages/aiohttp/connector.py", line 1268, in _wrap_create_connection
[2025-11-01 09:24:08] [STDERR]     sock = await aiohappyeyeballs.start_connection(
[2025-11-01 09:24:08] [STDERR]            ^^^^^^^^^^^^^^^^^^^^^^^^^^^^^^^^^^^^^^^^
[2025-11-01 09:24:08] [STDERR]   File "/opt/homebrew/Caskroom/miniconda/base/lib/python3.11/site-packages/aiohappyeyeballs/impl.py", line 141, in start_connection
[2025-11-01 09:24:08] [STDERR]     raise OSError(first_errno, msg)
[2025-11-01 09:24:08] [STDERR] ConnectionRefusedError: [Errno 61] Multiple exceptions: [Errno 61] Connect call failed ('127.0.0.1', 3100), [Errno 61] Connect call failed ('::1', 3100, 0, 0)
[2025-11-01 09:24:08] [STDERR] 
[2025-11-01 09:24:08] [STDERR] The above exception was the direct cause of the following exception:
[2025-11-01 09:24:08] [STDERR] 
[2025-11-01 09:24:08] [STDERR] Traceback (most recent call last):
[2025-11-01 09:24:08] [STDERR]   File "/Users/leifmarkthaler/github/gleitzeit 0.0.7/src/gleitzeit/workers/loki_exporter_worker.py", line 251, in export_logs_to_loki
[2025-11-01 09:24:08] [STDERR]     async with self.session.post(
[2025-11-01 09:24:08] [STDERR]   File "/opt/homebrew/Caskroom/miniconda/base/lib/python3.11/site-packages/aiohttp/client.py", line 1488, in __aenter__
[2025-11-01 09:24:08] [STDERR]     self._resp: _RetType = await self._coro
[2025-11-01 09:24:08] [STDERR]                            ^^^^^^^^^^^^^^^^
[2025-11-01 09:24:08] [STDERR]   File "/opt/homebrew/Caskroom/miniconda/base/lib/python3.11/site-packages/aiohttp/client.py", line 770, in _request
[2025-11-01 09:24:08] [STDERR]     resp = await handler(req)
[2025-11-01 09:24:08] [STDERR]            ^^^^^^^^^^^^^^^^^^
[2025-11-01 09:24:08] [STDERR]   File "/opt/homebrew/Caskroom/miniconda/base/lib/python3.11/site-packages/aiohttp/client.py", line 725, in _connect_and_send_request
[2025-11-01 09:24:08] [STDERR]     conn = await self._connector.connect(
[2025-11-01 09:24:08] [STDERR]            ^^^^^^^^^^^^^^^^^^^^^^^^^^^^^^
[2025-11-01 09:24:08] [STDERR]   File "/opt/homebrew/Caskroom/miniconda/base/lib/python3.11/site-packages/aiohttp/connector.py", line 642, in connect
[2025-11-01 09:24:08] [STDERR]     proto = await self._create_connection(req, traces, timeout)
[2025-11-01 09:24:08] [STDERR]             ^^^^^^^^^^^^^^^^^^^^^^^^^^^^^^^^^^^^^^^^^^^^^^^^^^^
[2025-11-01 09:24:08] [STDERR]   File "/opt/homebrew/Caskroom/miniconda/base/lib/python3.11/site-packages/aiohttp/connector.py", line 1209, in _create_connection
[2025-11-01 09:24:08] [STDERR]     _, proto = await self._create_direct_connection(req, traces, timeout)
[2025-11-01 09:24:08] [STDERR]                ^^^^^^^^^^^^^^^^^^^^^^^^^^^^^^^^^^^^^^^^^^^^^^^^^^^^^^^^^^
[2025-11-01 09:24:08] [STDERR]   File "/opt/homebrew/Caskroom/miniconda/base/lib/python3.11/site-packages/aiohttp/connector.py", line 1581, in _create_direct_connection
[2025-11-01 09:24:08] [STDERR]     raise last_exc
[2025-11-01 09:24:08] [STDERR]   File "/opt/homebrew/Caskroom/miniconda/base/lib/python3.11/site-packages/aiohttp/connector.py", line 1550, in _create_direct_connection
[2025-11-01 09:24:08] [STDERR]     transp, proto = await self._wrap_create_connection(
[2025-11-01 09:24:08] [STDERR]                     ^^^^^^^^^^^^^^^^^^^^^^^^^^^^^^^^^^^
[2025-11-01 09:24:08] [STDERR]   File "/opt/homebrew/Caskroom/miniconda/base/lib/python3.11/site-packages/aiohttp/connector.py", line 1291, in _wrap_create_connection
[2025-11-01 09:24:08] [STDERR]     raise client_error(req.connection_key, exc) from exc
[2025-11-01 09:24:08] [STDERR] aiohttp.client_exceptions.ClientConnectorError: Cannot connect to host localhost:3100 ssl:default [Multiple exceptions: [Errno 61] Connect call failed ('127.0.0.1', 3100), [Errno 61] Connect call failed ('::1', 3100, 0, 0)]
[2025-11-01 09:24:13] [STDERR] 2025-11-01 09:24:13,196 - LokiExporter.loki-exporter - ERROR - Failed to export logs to Loki: Cannot connect to host localhost:3100 ssl:default [Multiple exceptions: [Errno 61] Connect call failed ('::1', 3100, 0, 0), [Errno 61] Connect call failed ('127.0.0.1', 3100)]
[2025-11-01 09:24:13] [STDERR] Traceback (most recent call last):
[2025-11-01 09:24:13] [STDERR]   File "/opt/homebrew/Caskroom/miniconda/base/lib/python3.11/site-packages/aiohttp/connector.py", line 1268, in _wrap_create_connection
[2025-11-01 09:24:13] [STDERR]     sock = await aiohappyeyeballs.start_connection(
[2025-11-01 09:24:13] [STDERR]            ^^^^^^^^^^^^^^^^^^^^^^^^^^^^^^^^^^^^^^^^
[2025-11-01 09:24:13] [STDERR]   File "/opt/homebrew/Caskroom/miniconda/base/lib/python3.11/site-packages/aiohappyeyeballs/impl.py", line 141, in start_connection
[2025-11-01 09:24:13] [STDERR]     raise OSError(first_errno, msg)
[2025-11-01 09:24:13] [STDERR] ConnectionRefusedError: [Errno 61] Multiple exceptions: [Errno 61] Connect call failed ('::1', 3100, 0, 0), [Errno 61] Connect call failed ('127.0.0.1', 3100)
[2025-11-01 09:24:13] [STDERR] 
[2025-11-01 09:24:13] [STDERR] The above exception was the direct cause of the following exception:
[2025-11-01 09:24:13] [STDERR] 
[2025-11-01 09:24:13] [STDERR] Traceback (most recent call last):
[2025-11-01 09:24:13] [STDERR]   File "/Users/leifmarkthaler/github/gleitzeit 0.0.7/src/gleitzeit/workers/loki_exporter_worker.py", line 251, in export_logs_to_loki
[2025-11-01 09:24:13] [STDERR]     async with self.session.post(
[2025-11-01 09:24:13] [STDERR]   File "/opt/homebrew/Caskroom/miniconda/base/lib/python3.11/site-packages/aiohttp/client.py", line 1488, in __aenter__
[2025-11-01 09:24:13] [STDERR]     self._resp: _RetType = await self._coro
[2025-11-01 09:24:13] [STDERR]                            ^^^^^^^^^^^^^^^^
[2025-11-01 09:24:13] [STDERR]   File "/opt/homebrew/Caskroom/miniconda/base/lib/python3.11/site-packages/aiohttp/client.py", line 770, in _request
[2025-11-01 09:24:13] [STDERR]     resp = await handler(req)
[2025-11-01 09:24:13] [STDERR]            ^^^^^^^^^^^^^^^^^^
[2025-11-01 09:24:13] [STDERR]   File "/opt/homebrew/Caskroom/miniconda/base/lib/python3.11/site-packages/aiohttp/client.py", line 725, in _connect_and_send_request
[2025-11-01 09:24:13] [STDERR]     conn = await self._connector.connect(
[2025-11-01 09:24:13] [STDERR]            ^^^^^^^^^^^^^^^^^^^^^^^^^^^^^^
[2025-11-01 09:24:13] [STDERR]   File "/opt/homebrew/Caskroom/miniconda/base/lib/python3.11/site-packages/aiohttp/connector.py", line 642, in connect
[2025-11-01 09:24:13] [STDERR]     proto = await self._create_connection(req, traces, timeout)
[2025-11-01 09:24:13] [STDERR]             ^^^^^^^^^^^^^^^^^^^^^^^^^^^^^^^^^^^^^^^^^^^^^^^^^^^
[2025-11-01 09:24:13] [STDERR]   File "/opt/homebrew/Caskroom/miniconda/base/lib/python3.11/site-packages/aiohttp/connector.py", line 1209, in _create_connection
[2025-11-01 09:24:13] [STDERR]     _, proto = await self._create_direct_connection(req, traces, timeout)
[2025-11-01 09:24:13] [STDERR]                ^^^^^^^^^^^^^^^^^^^^^^^^^^^^^^^^^^^^^^^^^^^^^^^^^^^^^^^^^^
[2025-11-01 09:24:13] [STDERR]   File "/opt/homebrew/Caskroom/miniconda/base/lib/python3.11/site-packages/aiohttp/connector.py", line 1581, in _create_direct_connection
[2025-11-01 09:24:13] [STDERR]     raise last_exc
[2025-11-01 09:24:13] [STDERR]   File "/opt/homebrew/Caskroom/miniconda/base/lib/python3.11/site-packages/aiohttp/connector.py", line 1550, in _create_direct_connection
[2025-11-01 09:24:13] [STDERR]     transp, proto = await self._wrap_create_connection(
[2025-11-01 09:24:13] [STDERR]                     ^^^^^^^^^^^^^^^^^^^^^^^^^^^^^^^^^^^
[2025-11-01 09:24:13] [STDERR]   File "/opt/homebrew/Caskroom/miniconda/base/lib/python3.11/site-packages/aiohttp/connector.py", line 1291, in _wrap_create_connection
[2025-11-01 09:24:13] [STDERR]     raise client_error(req.connection_key, exc) from exc
[2025-11-01 09:24:13] [STDERR] aiohttp.client_exceptions.ClientConnectorError: Cannot connect to host localhost:3100 ssl:default [Multiple exceptions: [Errno 61] Connect call failed ('::1', 3100, 0, 0), [Errno 61] Connect call failed ('127.0.0.1', 3100)]
[2025-11-01 09:24:18] [STDERR] 2025-11-01 09:24:18,238 - LokiExporter.loki-exporter - ERROR - Failed to export logs to Loki: Cannot connect to host localhost:3100 ssl:default [Multiple exceptions: [Errno 61] Connect call failed ('127.0.0.1', 3100), [Errno 61] Connect call failed ('::1', 3100, 0, 0)]
[2025-11-01 09:24:18] [STDERR] Traceback (most recent call last):
[2025-11-01 09:24:18] [STDERR]   File "/opt/homebrew/Caskroom/miniconda/base/lib/python3.11/site-packages/aiohttp/connector.py", line 1268, in _wrap_create_connection
[2025-11-01 09:24:18] [STDERR]     sock = await aiohappyeyeballs.start_connection(
[2025-11-01 09:24:18] [STDERR]            ^^^^^^^^^^^^^^^^^^^^^^^^^^^^^^^^^^^^^^^^
[2025-11-01 09:24:18] [STDERR]   File "/opt/homebrew/Caskroom/miniconda/base/lib/python3.11/site-packages/aiohappyeyeballs/impl.py", line 141, in start_connection
[2025-11-01 09:24:18] [STDERR]     raise OSError(first_errno, msg)
[2025-11-01 09:24:18] [STDERR] ConnectionRefusedError: [Errno 61] Multiple exceptions: [Errno 61] Connect call failed ('127.0.0.1', 3100), [Errno 61] Connect call failed ('::1', 3100, 0, 0)
[2025-11-01 09:24:18] [STDERR] 
[2025-11-01 09:24:18] [STDERR] The above exception was the direct cause of the following exception:
[2025-11-01 09:24:18] [STDERR] 
[2025-11-01 09:24:18] [STDERR] Traceback (most recent call last):
[2025-11-01 09:24:18] [STDERR]   File "/Users/leifmarkthaler/github/gleitzeit 0.0.7/src/gleitzeit/workers/loki_exporter_worker.py", line 251, in export_logs_to_loki
[2025-11-01 09:24:18] [STDERR]     async with self.session.post(
[2025-11-01 09:24:18] [STDERR]   File "/opt/homebrew/Caskroom/miniconda/base/lib/python3.11/site-packages/aiohttp/client.py", line 1488, in __aenter__
[2025-11-01 09:24:18] [STDERR]     self._resp: _RetType = await self._coro
[2025-11-01 09:24:18] [STDERR]                            ^^^^^^^^^^^^^^^^
[2025-11-01 09:24:18] [STDERR]   File "/opt/homebrew/Caskroom/miniconda/base/lib/python3.11/site-packages/aiohttp/client.py", line 770, in _request
[2025-11-01 09:24:18] [STDERR]     resp = await handler(req)
[2025-11-01 09:24:18] [STDERR]            ^^^^^^^^^^^^^^^^^^
[2025-11-01 09:24:18] [STDERR]   File "/opt/homebrew/Caskroom/miniconda/base/lib/python3.11/site-packages/aiohttp/client.py", line 725, in _connect_and_send_request
[2025-11-01 09:24:18] [STDERR]     conn = await self._connector.connect(
[2025-11-01 09:24:18] [STDERR]            ^^^^^^^^^^^^^^^^^^^^^^^^^^^^^^
[2025-11-01 09:24:18] [STDERR]   File "/opt/homebrew/Caskroom/miniconda/base/lib/python3.11/site-packages/aiohttp/connector.py", line 642, in connect
[2025-11-01 09:24:18] [STDERR]     proto = await self._create_connection(req, traces, timeout)
[2025-11-01 09:24:18] [STDERR]             ^^^^^^^^^^^^^^^^^^^^^^^^^^^^^^^^^^^^^^^^^^^^^^^^^^^
[2025-11-01 09:24:18] [STDERR]   File "/opt/homebrew/Caskroom/miniconda/base/lib/python3.11/site-packages/aiohttp/connector.py", line 1209, in _create_connection
[2025-11-01 09:24:18] [STDERR]     _, proto = await self._create_direct_connection(req, traces, timeout)
[2025-11-01 09:24:18] [STDERR]                ^^^^^^^^^^^^^^^^^^^^^^^^^^^^^^^^^^^^^^^^^^^^^^^^^^^^^^^^^^
[2025-11-01 09:24:18] [STDERR]   File "/opt/homebrew/Caskroom/miniconda/base/lib/python3.11/site-packages/aiohttp/connector.py", line 1581, in _create_direct_connection
[2025-11-01 09:24:18] [STDERR]     raise last_exc
[2025-11-01 09:24:18] [STDERR]   File "/opt/homebrew/Caskroom/miniconda/base/lib/python3.11/site-packages/aiohttp/connector.py", line 1550, in _create_direct_connection
[2025-11-01 09:24:18] [STDERR]     transp, proto = await self._wrap_create_connection(
[2025-11-01 09:24:18] [STDERR]                     ^^^^^^^^^^^^^^^^^^^^^^^^^^^^^^^^^^^
[2025-11-01 09:24:18] [STDERR]   File "/opt/homebrew/Caskroom/miniconda/base/lib/python3.11/site-packages/aiohttp/connector.py", line 1291, in _wrap_create_connection
[2025-11-01 09:24:18] [STDERR]     raise client_error(req.connection_key, exc) from exc
[2025-11-01 09:24:18] [STDERR] aiohttp.client_exceptions.ClientConnectorError: Cannot connect to host localhost:3100 ssl:default [Multiple exceptions: [Errno 61] Connect call failed ('127.0.0.1', 3100), [Errno 61] Connect call failed ('::1', 3100, 0, 0)]
[2025-11-01 09:24:23] [STDERR] 2025-11-01 09:24:23,275 - LokiExporter.loki-exporter - ERROR - Failed to export logs to Loki: Cannot connect to host localhost:3100 ssl:default [Multiple exceptions: [Errno 61] Connect call failed ('::1', 3100, 0, 0), [Errno 61] Connect call failed ('127.0.0.1', 3100)]
[2025-11-01 09:24:23] [STDERR] Traceback (most recent call last):
[2025-11-01 09:24:23] [STDERR]   File "/opt/homebrew/Caskroom/miniconda/base/lib/python3.11/site-packages/aiohttp/connector.py", line 1268, in _wrap_create_connection
[2025-11-01 09:24:23] [STDERR]     sock = await aiohappyeyeballs.start_connection(
[2025-11-01 09:24:23] [STDERR]            ^^^^^^^^^^^^^^^^^^^^^^^^^^^^^^^^^^^^^^^^
[2025-11-01 09:24:23] [STDERR]   File "/opt/homebrew/Caskroom/miniconda/base/lib/python3.11/site-packages/aiohappyeyeballs/impl.py", line 141, in start_connection
[2025-11-01 09:24:23] [STDERR]     raise OSError(first_errno, msg)
[2025-11-01 09:24:23] [STDERR] ConnectionRefusedError: [Errno 61] Multiple exceptions: [Errno 61] Connect call failed ('::1', 3100, 0, 0), [Errno 61] Connect call failed ('127.0.0.1', 3100)
[2025-11-01 09:24:23] [STDERR] 
[2025-11-01 09:24:23] [STDERR] The above exception was the direct cause of the following exception:
[2025-11-01 09:24:23] [STDERR] 
[2025-11-01 09:24:23] [STDERR] Traceback (most recent call last):
[2025-11-01 09:24:23] [STDERR]   File "/Users/leifmarkthaler/github/gleitzeit 0.0.7/src/gleitzeit/workers/loki_exporter_worker.py", line 251, in export_logs_to_loki
[2025-11-01 09:24:23] [STDERR]     async with self.session.post(
[2025-11-01 09:24:23] [STDERR]   File "/opt/homebrew/Caskroom/miniconda/base/lib/python3.11/site-packages/aiohttp/client.py", line 1488, in __aenter__
[2025-11-01 09:24:23] [STDERR]     self._resp: _RetType = await self._coro
[2025-11-01 09:24:23] [STDERR]                            ^^^^^^^^^^^^^^^^
[2025-11-01 09:24:23] [STDERR]   File "/opt/homebrew/Caskroom/miniconda/base/lib/python3.11/site-packages/aiohttp/client.py", line 770, in _request
[2025-11-01 09:24:23] [STDERR]     resp = await handler(req)
[2025-11-01 09:24:23] [STDERR]            ^^^^^^^^^^^^^^^^^^
[2025-11-01 09:24:23] [STDERR]   File "/opt/homebrew/Caskroom/miniconda/base/lib/python3.11/site-packages/aiohttp/client.py", line 725, in _connect_and_send_request
[2025-11-01 09:24:23] [STDERR]     conn = await self._connector.connect(
[2025-11-01 09:24:23] [STDERR]            ^^^^^^^^^^^^^^^^^^^^^^^^^^^^^^
[2025-11-01 09:24:23] [STDERR]   File "/opt/homebrew/Caskroom/miniconda/base/lib/python3.11/site-packages/aiohttp/connector.py", line 642, in connect
[2025-11-01 09:24:23] [STDERR]     proto = await self._create_connection(req, traces, timeout)
[2025-11-01 09:24:23] [STDERR]             ^^^^^^^^^^^^^^^^^^^^^^^^^^^^^^^^^^^^^^^^^^^^^^^^^^^
[2025-11-01 09:24:23] [STDERR]   File "/opt/homebrew/Caskroom/miniconda/base/lib/python3.11/site-packages/aiohttp/connector.py", line 1209, in _create_connection
[2025-11-01 09:24:23] [STDERR]     _, proto = await self._create_direct_connection(req, traces, timeout)
[2025-11-01 09:24:23] [STDERR]                ^^^^^^^^^^^^^^^^^^^^^^^^^^^^^^^^^^^^^^^^^^^^^^^^^^^^^^^^^^
[2025-11-01 09:24:23] [STDERR]   File "/opt/homebrew/Caskroom/miniconda/base/lib/python3.11/site-packages/aiohttp/connector.py", line 1581, in _create_direct_connection
[2025-11-01 09:24:23] [STDERR]     raise last_exc
[2025-11-01 09:24:23] [STDERR]   File "/opt/homebrew/Caskroom/miniconda/base/lib/python3.11/site-packages/aiohttp/connector.py", line 1550, in _create_direct_connection
[2025-11-01 09:24:23] [STDERR]     transp, proto = await self._wrap_create_connection(
[2025-11-01 09:24:23] [STDERR]                     ^^^^^^^^^^^^^^^^^^^^^^^^^^^^^^^^^^^
[2025-11-01 09:24:23] [STDERR]   File "/opt/homebrew/Caskroom/miniconda/base/lib/python3.11/site-packages/aiohttp/connector.py", line 1291, in _wrap_create_connection
[2025-11-01 09:24:23] [STDERR]     raise client_error(req.connection_key, exc) from exc
[2025-11-01 09:24:23] [STDERR] aiohttp.client_exceptions.ClientConnectorError: Cannot connect to host localhost:3100 ssl:default [Multiple exceptions: [Errno 61] Connect call failed ('::1', 3100, 0, 0), [Errno 61] Connect call failed ('127.0.0.1', 3100)]
[2025-11-01 09:24:28] [STDERR] 2025-11-01 09:24:28,310 - LokiExporter.loki-exporter - ERROR - Failed to export logs to Loki: Cannot connect to host localhost:3100 ssl:default [Multiple exceptions: [Errno 61] Connect call failed ('127.0.0.1', 3100), [Errno 61] Connect call failed ('::1', 3100, 0, 0)]
[2025-11-01 09:24:28] [STDERR] Traceback (most recent call last):
[2025-11-01 09:24:28] [STDERR]   File "/opt/homebrew/Caskroom/miniconda/base/lib/python3.11/site-packages/aiohttp/connector.py", line 1268, in _wrap_create_connection
[2025-11-01 09:24:28] [STDERR]     sock = await aiohappyeyeballs.start_connection(
[2025-11-01 09:24:28] [STDERR]            ^^^^^^^^^^^^^^^^^^^^^^^^^^^^^^^^^^^^^^^^
[2025-11-01 09:24:28] [STDERR]   File "/opt/homebrew/Caskroom/miniconda/base/lib/python3.11/site-packages/aiohappyeyeballs/impl.py", line 141, in start_connection
[2025-11-01 09:24:28] [STDERR]     raise OSError(first_errno, msg)
[2025-11-01 09:24:28] [STDERR] ConnectionRefusedError: [Errno 61] Multiple exceptions: [Errno 61] Connect call failed ('127.0.0.1', 3100), [Errno 61] Connect call failed ('::1', 3100, 0, 0)
[2025-11-01 09:24:28] [STDERR] 
[2025-11-01 09:24:28] [STDERR] The above exception was the direct cause of the following exception:
[2025-11-01 09:24:28] [STDERR] 
[2025-11-01 09:24:28] [STDERR] Traceback (most recent call last):
[2025-11-01 09:24:28] [STDERR]   File "/Users/leifmarkthaler/github/gleitzeit 0.0.7/src/gleitzeit/workers/loki_exporter_worker.py", line 251, in export_logs_to_loki
[2025-11-01 09:24:28] [STDERR]     async with self.session.post(
[2025-11-01 09:24:28] [STDERR]   File "/opt/homebrew/Caskroom/miniconda/base/lib/python3.11/site-packages/aiohttp/client.py", line 1488, in __aenter__
[2025-11-01 09:24:28] [STDERR]     self._resp: _RetType = await self._coro
[2025-11-01 09:24:28] [STDERR]                            ^^^^^^^^^^^^^^^^
[2025-11-01 09:24:28] [STDERR]   File "/opt/homebrew/Caskroom/miniconda/base/lib/python3.11/site-packages/aiohttp/client.py", line 770, in _request
[2025-11-01 09:24:28] [STDERR]     resp = await handler(req)
[2025-11-01 09:24:28] [STDERR]            ^^^^^^^^^^^^^^^^^^
[2025-11-01 09:24:28] [STDERR]   File "/opt/homebrew/Caskroom/miniconda/base/lib/python3.11/site-packages/aiohttp/client.py", line 725, in _connect_and_send_request
[2025-11-01 09:24:28] [STDERR]     conn = await self._connector.connect(
[2025-11-01 09:24:28] [STDERR]            ^^^^^^^^^^^^^^^^^^^^^^^^^^^^^^
[2025-11-01 09:24:28] [STDERR]   File "/opt/homebrew/Caskroom/miniconda/base/lib/python3.11/site-packages/aiohttp/connector.py", line 642, in connect
[2025-11-01 09:24:28] [STDERR]     proto = await self._create_connection(req, traces, timeout)
[2025-11-01 09:24:28] [STDERR]             ^^^^^^^^^^^^^^^^^^^^^^^^^^^^^^^^^^^^^^^^^^^^^^^^^^^
[2025-11-01 09:24:28] [STDERR]   File "/opt/homebrew/Caskroom/miniconda/base/lib/python3.11/site-packages/aiohttp/connector.py", line 1209, in _create_connection
[2025-11-01 09:24:28] [STDERR]     _, proto = await self._create_direct_connection(req, traces, timeout)
[2025-11-01 09:24:28] [STDERR]                ^^^^^^^^^^^^^^^^^^^^^^^^^^^^^^^^^^^^^^^^^^^^^^^^^^^^^^^^^^
[2025-11-01 09:24:28] [STDERR]   File "/opt/homebrew/Caskroom/miniconda/base/lib/python3.11/site-packages/aiohttp/connector.py", line 1581, in _create_direct_connection
[2025-11-01 09:24:28] [STDERR]     raise last_exc
[2025-11-01 09:24:28] [STDERR]   File "/opt/homebrew/Caskroom/miniconda/base/lib/python3.11/site-packages/aiohttp/connector.py", line 1550, in _create_direct_connection
[2025-11-01 09:24:28] [STDERR]     transp, proto = await self._wrap_create_connection(
[2025-11-01 09:24:28] [STDERR]                     ^^^^^^^^^^^^^^^^^^^^^^^^^^^^^^^^^^^
[2025-11-01 09:24:28] [STDERR]   File "/opt/homebrew/Caskroom/miniconda/base/lib/python3.11/site-packages/aiohttp/connector.py", line 1291, in _wrap_create_connection
[2025-11-01 09:24:28] [STDERR]     raise client_error(req.connection_key, exc) from exc
[2025-11-01 09:24:28] [STDERR] aiohttp.client_exceptions.ClientConnectorError: Cannot connect to host localhost:3100 ssl:default [Multiple exceptions: [Errno 61] Connect call failed ('127.0.0.1', 3100), [Errno 61] Connect call failed ('::1', 3100, 0, 0)]
[2025-11-01 09:24:33] [STDERR] 2025-11-01 09:24:33,338 - LokiExporter.loki-exporter - ERROR - Failed to export logs to Loki: Cannot connect to host localhost:3100 ssl:default [Multiple exceptions: [Errno 61] Connect call failed ('::1', 3100, 0, 0), [Errno 61] Connect call failed ('127.0.0.1', 3100)]
[2025-11-01 09:24:33] [STDERR] Traceback (most recent call last):
[2025-11-01 09:24:33] [STDERR]   File "/opt/homebrew/Caskroom/miniconda/base/lib/python3.11/site-packages/aiohttp/connector.py", line 1268, in _wrap_create_connection
[2025-11-01 09:24:33] [STDERR]     sock = await aiohappyeyeballs.start_connection(
[2025-11-01 09:24:33] [STDERR]            ^^^^^^^^^^^^^^^^^^^^^^^^^^^^^^^^^^^^^^^^
[2025-11-01 09:24:33] [STDERR]   File "/opt/homebrew/Caskroom/miniconda/base/lib/python3.11/site-packages/aiohappyeyeballs/impl.py", line 141, in start_connection
[2025-11-01 09:24:33] [STDERR]     raise OSError(first_errno, msg)
[2025-11-01 09:24:33] [STDERR] ConnectionRefusedError: [Errno 61] Multiple exceptions: [Errno 61] Connect call failed ('::1', 3100, 0, 0), [Errno 61] Connect call failed ('127.0.0.1', 3100)
[2025-11-01 09:24:33] [STDERR] 
[2025-11-01 09:24:33] [STDERR] The above exception was the direct cause of the following exception:
[2025-11-01 09:24:33] [STDERR] 
[2025-11-01 09:24:33] [STDERR] Traceback (most recent call last):
[2025-11-01 09:24:33] [STDERR]   File "/Users/leifmarkthaler/github/gleitzeit 0.0.7/src/gleitzeit/workers/loki_exporter_worker.py", line 251, in export_logs_to_loki
[2025-11-01 09:24:33] [STDERR]     async with self.session.post(
[2025-11-01 09:24:33] [STDERR]   File "/opt/homebrew/Caskroom/miniconda/base/lib/python3.11/site-packages/aiohttp/client.py", line 1488, in __aenter__
[2025-11-01 09:24:33] [STDERR]     self._resp: _RetType = await self._coro
[2025-11-01 09:24:33] [STDERR]                            ^^^^^^^^^^^^^^^^
[2025-11-01 09:24:33] [STDERR]   File "/opt/homebrew/Caskroom/miniconda/base/lib/python3.11/site-packages/aiohttp/client.py", line 770, in _request
[2025-11-01 09:24:33] [STDERR]     resp = await handler(req)
[2025-11-01 09:24:33] [STDERR]            ^^^^^^^^^^^^^^^^^^
[2025-11-01 09:24:33] [STDERR]   File "/opt/homebrew/Caskroom/miniconda/base/lib/python3.11/site-packages/aiohttp/client.py", line 725, in _connect_and_send_request
[2025-11-01 09:24:33] [STDERR]     conn = await self._connector.connect(
[2025-11-01 09:24:33] [STDERR]            ^^^^^^^^^^^^^^^^^^^^^^^^^^^^^^
[2025-11-01 09:24:33] [STDERR]   File "/opt/homebrew/Caskroom/miniconda/base/lib/python3.11/site-packages/aiohttp/connector.py", line 642, in connect
[2025-11-01 09:24:33] [STDERR]     proto = await self._create_connection(req, traces, timeout)
[2025-11-01 09:24:33] [STDERR]             ^^^^^^^^^^^^^^^^^^^^^^^^^^^^^^^^^^^^^^^^^^^^^^^^^^^
[2025-11-01 09:24:33] [STDERR]   File "/opt/homebrew/Caskroom/miniconda/base/lib/python3.11/site-packages/aiohttp/connector.py", line 1209, in _create_connection
[2025-11-01 09:24:33] [STDERR]     _, proto = await self._create_direct_connection(req, traces, timeout)
[2025-11-01 09:24:33] [STDERR]                ^^^^^^^^^^^^^^^^^^^^^^^^^^^^^^^^^^^^^^^^^^^^^^^^^^^^^^^^^^
[2025-11-01 09:24:33] [STDERR]   File "/opt/homebrew/Caskroom/miniconda/base/lib/python3.11/site-packages/aiohttp/connector.py", line 1581, in _create_direct_connection
[2025-11-01 09:24:33] [STDERR]     raise last_exc
[2025-11-01 09:24:33] [STDERR]   File "/opt/homebrew/Caskroom/miniconda/base/lib/python3.11/site-packages/aiohttp/connector.py", line 1550, in _create_direct_connection
[2025-11-01 09:24:33] [STDERR]     transp, proto = await self._wrap_create_connection(
[2025-11-01 09:24:33] [STDERR]                     ^^^^^^^^^^^^^^^^^^^^^^^^^^^^^^^^^^^
[2025-11-01 09:24:33] [STDERR]   File "/opt/homebrew/Caskroom/miniconda/base/lib/python3.11/site-packages/aiohttp/connector.py", line 1291, in _wrap_create_connection
[2025-11-01 09:24:33] [STDERR]     raise client_error(req.connection_key, exc) from exc
[2025-11-01 09:24:33] [STDERR] aiohttp.client_exceptions.ClientConnectorError: Cannot connect to host localhost:3100 ssl:default [Multiple exceptions: [Errno 61] Connect call failed ('::1', 3100, 0, 0), [Errno 61] Connect call failed ('127.0.0.1', 3100)]
[2025-11-01 09:24:38] [STDERR] 2025-11-01 09:24:38,372 - LokiExporter.loki-exporter - ERROR - Failed to export logs to Loki: Cannot connect to host localhost:3100 ssl:default [Multiple exceptions: [Errno 61] Connect call failed ('127.0.0.1', 3100), [Errno 61] Connect call failed ('::1', 3100, 0, 0)]
[2025-11-01 09:24:38] [STDERR] Traceback (most recent call last):
[2025-11-01 09:24:38] [STDERR]   File "/opt/homebrew/Caskroom/miniconda/base/lib/python3.11/site-packages/aiohttp/connector.py", line 1268, in _wrap_create_connection
[2025-11-01 09:24:38] [STDERR]     sock = await aiohappyeyeballs.start_connection(
[2025-11-01 09:24:38] [STDERR]            ^^^^^^^^^^^^^^^^^^^^^^^^^^^^^^^^^^^^^^^^
[2025-11-01 09:24:38] [STDERR]   File "/opt/homebrew/Caskroom/miniconda/base/lib/python3.11/site-packages/aiohappyeyeballs/impl.py", line 141, in start_connection
[2025-11-01 09:24:38] [STDERR]     raise OSError(first_errno, msg)
[2025-11-01 09:24:38] [STDERR] ConnectionRefusedError: [Errno 61] Multiple exceptions: [Errno 61] Connect call failed ('127.0.0.1', 3100), [Errno 61] Connect call failed ('::1', 3100, 0, 0)
[2025-11-01 09:24:38] [STDERR] 
[2025-11-01 09:24:38] [STDERR] The above exception was the direct cause of the following exception:
[2025-11-01 09:24:38] [STDERR] 
[2025-11-01 09:24:38] [STDERR] Traceback (most recent call last):
[2025-11-01 09:24:38] [STDERR]   File "/Users/leifmarkthaler/github/gleitzeit 0.0.7/src/gleitzeit/workers/loki_exporter_worker.py", line 251, in export_logs_to_loki
[2025-11-01 09:24:38] [STDERR]     async with self.session.post(
[2025-11-01 09:24:38] [STDERR]   File "/opt/homebrew/Caskroom/miniconda/base/lib/python3.11/site-packages/aiohttp/client.py", line 1488, in __aenter__
[2025-11-01 09:24:38] [STDERR]     self._resp: _RetType = await self._coro
[2025-11-01 09:24:38] [STDERR]                            ^^^^^^^^^^^^^^^^
[2025-11-01 09:24:38] [STDERR]   File "/opt/homebrew/Caskroom/miniconda/base/lib/python3.11/site-packages/aiohttp/client.py", line 770, in _request
[2025-11-01 09:24:38] [STDERR]     resp = await handler(req)
[2025-11-01 09:24:38] [STDERR]            ^^^^^^^^^^^^^^^^^^
[2025-11-01 09:24:38] [STDERR]   File "/opt/homebrew/Caskroom/miniconda/base/lib/python3.11/site-packages/aiohttp/client.py", line 725, in _connect_and_send_request
[2025-11-01 09:24:38] [STDERR]     conn = await self._connector.connect(
[2025-11-01 09:24:38] [STDERR]            ^^^^^^^^^^^^^^^^^^^^^^^^^^^^^^
[2025-11-01 09:24:38] [STDERR]   File "/opt/homebrew/Caskroom/miniconda/base/lib/python3.11/site-packages/aiohttp/connector.py", line 642, in connect
[2025-11-01 09:24:38] [STDERR]     proto = await self._create_connection(req, traces, timeout)
[2025-11-01 09:24:38] [STDERR]             ^^^^^^^^^^^^^^^^^^^^^^^^^^^^^^^^^^^^^^^^^^^^^^^^^^^
[2025-11-01 09:24:38] [STDERR]   File "/opt/homebrew/Caskroom/miniconda/base/lib/python3.11/site-packages/aiohttp/connector.py", line 1209, in _create_connection
[2025-11-01 09:24:38] [STDERR]     _, proto = await self._create_direct_connection(req, traces, timeout)
[2025-11-01 09:24:38] [STDERR]                ^^^^^^^^^^^^^^^^^^^^^^^^^^^^^^^^^^^^^^^^^^^^^^^^^^^^^^^^^^
[2025-11-01 09:24:38] [STDERR]   File "/opt/homebrew/Caskroom/miniconda/base/lib/python3.11/site-packages/aiohttp/connector.py", line 1581, in _create_direct_connection
[2025-11-01 09:24:38] [STDERR]     raise last_exc
[2025-11-01 09:24:38] [STDERR]   File "/opt/homebrew/Caskroom/miniconda/base/lib/python3.11/site-packages/aiohttp/connector.py", line 1550, in _create_direct_connection
[2025-11-01 09:24:38] [STDERR]     transp, proto = await self._wrap_create_connection(
[2025-11-01 09:24:38] [STDERR]                     ^^^^^^^^^^^^^^^^^^^^^^^^^^^^^^^^^^^
[2025-11-01 09:24:38] [STDERR]   File "/opt/homebrew/Caskroom/miniconda/base/lib/python3.11/site-packages/aiohttp/connector.py", line 1291, in _wrap_create_connection
[2025-11-01 09:24:38] [STDERR]     raise client_error(req.connection_key, exc) from exc
[2025-11-01 09:24:38] [STDERR] aiohttp.client_exceptions.ClientConnectorError: Cannot connect to host localhost:3100 ssl:default [Multiple exceptions: [Errno 61] Connect call failed ('127.0.0.1', 3100), [Errno 61] Connect call failed ('::1', 3100, 0, 0)]
[2025-11-01 09:24:43] [STDERR] 2025-11-01 09:24:43,398 - LokiExporter.loki-exporter - ERROR - Failed to export logs to Loki: Cannot connect to host localhost:3100 ssl:default [Multiple exceptions: [Errno 61] Connect call failed ('::1', 3100, 0, 0), [Errno 61] Connect call failed ('127.0.0.1', 3100)]
[2025-11-01 09:24:43] [STDERR] Traceback (most recent call last):
[2025-11-01 09:24:43] [STDERR]   File "/opt/homebrew/Caskroom/miniconda/base/lib/python3.11/site-packages/aiohttp/connector.py", line 1268, in _wrap_create_connection
[2025-11-01 09:24:43] [STDERR]     sock = await aiohappyeyeballs.start_connection(
[2025-11-01 09:24:43] [STDERR]            ^^^^^^^^^^^^^^^^^^^^^^^^^^^^^^^^^^^^^^^^
[2025-11-01 09:24:43] [STDERR]   File "/opt/homebrew/Caskroom/miniconda/base/lib/python3.11/site-packages/aiohappyeyeballs/impl.py", line 141, in start_connection
[2025-11-01 09:24:43] [STDERR]     raise OSError(first_errno, msg)
[2025-11-01 09:24:43] [STDERR] ConnectionRefusedError: [Errno 61] Multiple exceptions: [Errno 61] Connect call failed ('::1', 3100, 0, 0), [Errno 61] Connect call failed ('127.0.0.1', 3100)
[2025-11-01 09:24:43] [STDERR] 
[2025-11-01 09:24:43] [STDERR] The above exception was the direct cause of the following exception:
[2025-11-01 09:24:43] [STDERR] 
[2025-11-01 09:24:43] [STDERR] Traceback (most recent call last):
[2025-11-01 09:24:43] [STDERR]   File "/Users/leifmarkthaler/github/gleitzeit 0.0.7/src/gleitzeit/workers/loki_exporter_worker.py", line 251, in export_logs_to_loki
[2025-11-01 09:24:43] [STDERR]     async with self.session.post(
[2025-11-01 09:24:43] [STDERR]   File "/opt/homebrew/Caskroom/miniconda/base/lib/python3.11/site-packages/aiohttp/client.py", line 1488, in __aenter__
[2025-11-01 09:24:43] [STDERR]     self._resp: _RetType = await self._coro
[2025-11-01 09:24:43] [STDERR]                            ^^^^^^^^^^^^^^^^
[2025-11-01 09:24:43] [STDERR]   File "/opt/homebrew/Caskroom/miniconda/base/lib/python3.11/site-packages/aiohttp/client.py", line 770, in _request
[2025-11-01 09:24:43] [STDERR]     resp = await handler(req)
[2025-11-01 09:24:43] [STDERR]            ^^^^^^^^^^^^^^^^^^
[2025-11-01 09:24:43] [STDERR]   File "/opt/homebrew/Caskroom/miniconda/base/lib/python3.11/site-packages/aiohttp/client.py", line 725, in _connect_and_send_request
[2025-11-01 09:24:43] [STDERR]     conn = await self._connector.connect(
[2025-11-01 09:24:43] [STDERR]            ^^^^^^^^^^^^^^^^^^^^^^^^^^^^^^
[2025-11-01 09:24:43] [STDERR]   File "/opt/homebrew/Caskroom/miniconda/base/lib/python3.11/site-packages/aiohttp/connector.py", line 642, in connect
[2025-11-01 09:24:43] [STDERR]     proto = await self._create_connection(req, traces, timeout)
[2025-11-01 09:24:43] [STDERR]             ^^^^^^^^^^^^^^^^^^^^^^^^^^^^^^^^^^^^^^^^^^^^^^^^^^^
[2025-11-01 09:24:43] [STDERR]   File "/opt/homebrew/Caskroom/miniconda/base/lib/python3.11/site-packages/aiohttp/connector.py", line 1209, in _create_connection
[2025-11-01 09:24:43] [STDERR]     _, proto = await self._create_direct_connection(req, traces, timeout)
[2025-11-01 09:24:43] [STDERR]                ^^^^^^^^^^^^^^^^^^^^^^^^^^^^^^^^^^^^^^^^^^^^^^^^^^^^^^^^^^
[2025-11-01 09:24:43] [STDERR]   File "/opt/homebrew/Caskroom/miniconda/base/lib/python3.11/site-packages/aiohttp/connector.py", line 1581, in _create_direct_connection
[2025-11-01 09:24:43] [STDERR]     raise last_exc
[2025-11-01 09:24:43] [STDERR]   File "/opt/homebrew/Caskroom/miniconda/base/lib/python3.11/site-packages/aiohttp/connector.py", line 1550, in _create_direct_connection
[2025-11-01 09:24:43] [STDERR]     transp, proto = await self._wrap_create_connection(
[2025-11-01 09:24:43] [STDERR]                     ^^^^^^^^^^^^^^^^^^^^^^^^^^^^^^^^^^^
[2025-11-01 09:24:43] [STDERR]   File "/opt/homebrew/Caskroom/miniconda/base/lib/python3.11/site-packages/aiohttp/connector.py", line 1291, in _wrap_create_connection
[2025-11-01 09:24:43] [STDERR]     raise client_error(req.connection_key, exc) from exc
[2025-11-01 09:24:43] [STDERR] aiohttp.client_exceptions.ClientConnectorError: Cannot connect to host localhost:3100 ssl:default [Multiple exceptions: [Errno 61] Connect call failed ('::1', 3100, 0, 0), [Errno 61] Connect call failed ('127.0.0.1', 3100)]
[2025-11-01 09:24:48] [STDERR] 2025-11-01 09:24:48,438 - LokiExporter.loki-exporter - ERROR - Failed to export logs to Loki: Cannot connect to host localhost:3100 ssl:default [Multiple exceptions: [Errno 61] Connect call failed ('127.0.0.1', 3100), [Errno 61] Connect call failed ('::1', 3100, 0, 0)]
[2025-11-01 09:24:48] [STDERR] Traceback (most recent call last):
[2025-11-01 09:24:48] [STDERR]   File "/opt/homebrew/Caskroom/miniconda/base/lib/python3.11/site-packages/aiohttp/connector.py", line 1268, in _wrap_create_connection
[2025-11-01 09:24:48] [STDERR]     sock = await aiohappyeyeballs.start_connection(
[2025-11-01 09:24:48] [STDERR]            ^^^^^^^^^^^^^^^^^^^^^^^^^^^^^^^^^^^^^^^^
[2025-11-01 09:24:48] [STDERR]   File "/opt/homebrew/Caskroom/miniconda/base/lib/python3.11/site-packages/aiohappyeyeballs/impl.py", line 141, in start_connection
[2025-11-01 09:24:48] [STDERR]     raise OSError(first_errno, msg)
[2025-11-01 09:24:48] [STDERR] ConnectionRefusedError: [Errno 61] Multiple exceptions: [Errno 61] Connect call failed ('127.0.0.1', 3100), [Errno 61] Connect call failed ('::1', 3100, 0, 0)
[2025-11-01 09:24:48] [STDERR] 
[2025-11-01 09:24:48] [STDERR] The above exception was the direct cause of the following exception:
[2025-11-01 09:24:48] [STDERR] 
[2025-11-01 09:24:48] [STDERR] Traceback (most recent call last):
[2025-11-01 09:24:48] [STDERR]   File "/Users/leifmarkthaler/github/gleitzeit 0.0.7/src/gleitzeit/workers/loki_exporter_worker.py", line 251, in export_logs_to_loki
[2025-11-01 09:24:48] [STDERR]     async with self.session.post(
[2025-11-01 09:24:48] [STDERR]   File "/opt/homebrew/Caskroom/miniconda/base/lib/python3.11/site-packages/aiohttp/client.py", line 1488, in __aenter__
[2025-11-01 09:24:48] [STDERR]     self._resp: _RetType = await self._coro
[2025-11-01 09:24:48] [STDERR]                            ^^^^^^^^^^^^^^^^
[2025-11-01 09:24:48] [STDERR]   File "/opt/homebrew/Caskroom/miniconda/base/lib/python3.11/site-packages/aiohttp/client.py", line 770, in _request
[2025-11-01 09:24:48] [STDERR]     resp = await handler(req)
[2025-11-01 09:24:48] [STDERR]            ^^^^^^^^^^^^^^^^^^
[2025-11-01 09:24:48] [STDERR]   File "/opt/homebrew/Caskroom/miniconda/base/lib/python3.11/site-packages/aiohttp/client.py", line 725, in _connect_and_send_request
[2025-11-01 09:24:48] [STDERR]     conn = await self._connector.connect(
[2025-11-01 09:24:48] [STDERR]            ^^^^^^^^^^^^^^^^^^^^^^^^^^^^^^
[2025-11-01 09:24:48] [STDERR]   File "/opt/homebrew/Caskroom/miniconda/base/lib/python3.11/site-packages/aiohttp/connector.py", line 642, in connect
[2025-11-01 09:24:48] [STDERR]     proto = await self._create_connection(req, traces, timeout)
[2025-11-01 09:24:48] [STDERR]             ^^^^^^^^^^^^^^^^^^^^^^^^^^^^^^^^^^^^^^^^^^^^^^^^^^^
[2025-11-01 09:24:48] [STDERR]   File "/opt/homebrew/Caskroom/miniconda/base/lib/python3.11/site-packages/aiohttp/connector.py", line 1209, in _create_connection
[2025-11-01 09:24:48] [STDERR]     _, proto = await self._create_direct_connection(req, traces, timeout)
[2025-11-01 09:24:48] [STDERR]                ^^^^^^^^^^^^^^^^^^^^^^^^^^^^^^^^^^^^^^^^^^^^^^^^^^^^^^^^^^
[2025-11-01 09:24:48] [STDERR]   File "/opt/homebrew/Caskroom/miniconda/base/lib/python3.11/site-packages/aiohttp/connector.py", line 1581, in _create_direct_connection
[2025-11-01 09:24:48] [STDERR]     raise last_exc
[2025-11-01 09:24:48] [STDERR]   File "/opt/homebrew/Caskroom/miniconda/base/lib/python3.11/site-packages/aiohttp/connector.py", line 1550, in _create_direct_connection
[2025-11-01 09:24:48] [STDERR]     transp, proto = await self._wrap_create_connection(
[2025-11-01 09:24:48] [STDERR]                     ^^^^^^^^^^^^^^^^^^^^^^^^^^^^^^^^^^^
[2025-11-01 09:24:48] [STDERR]   File "/opt/homebrew/Caskroom/miniconda/base/lib/python3.11/site-packages/aiohttp/connector.py", line 1291, in _wrap_create_connection
[2025-11-01 09:24:48] [STDERR]     raise client_error(req.connection_key, exc) from exc
[2025-11-01 09:24:48] [STDERR] aiohttp.client_exceptions.ClientConnectorError: Cannot connect to host localhost:3100 ssl:default [Multiple exceptions: [Errno 61] Connect call failed ('127.0.0.1', 3100), [Errno 61] Connect call failed ('::1', 3100, 0, 0)]
[2025-11-01 09:24:53] [STDERR] 2025-11-01 09:24:53,480 - LokiExporter.loki-exporter - ERROR - Failed to export logs to Loki: Cannot connect to host localhost:3100 ssl:default [Multiple exceptions: [Errno 61] Connect call failed ('::1', 3100, 0, 0), [Errno 61] Connect call failed ('127.0.0.1', 3100)]
[2025-11-01 09:24:53] [STDERR] Traceback (most recent call last):
[2025-11-01 09:24:53] [STDERR]   File "/opt/homebrew/Caskroom/miniconda/base/lib/python3.11/site-packages/aiohttp/connector.py", line 1268, in _wrap_create_connection
[2025-11-01 09:24:53] [STDERR]     sock = await aiohappyeyeballs.start_connection(
[2025-11-01 09:24:53] [STDERR]            ^^^^^^^^^^^^^^^^^^^^^^^^^^^^^^^^^^^^^^^^
[2025-11-01 09:24:53] [STDERR]   File "/opt/homebrew/Caskroom/miniconda/base/lib/python3.11/site-packages/aiohappyeyeballs/impl.py", line 141, in start_connection
[2025-11-01 09:24:53] [STDERR]     raise OSError(first_errno, msg)
[2025-11-01 09:24:53] [STDERR] ConnectionRefusedError: [Errno 61] Multiple exceptions: [Errno 61] Connect call failed ('::1', 3100, 0, 0), [Errno 61] Connect call failed ('127.0.0.1', 3100)
[2025-11-01 09:24:53] [STDERR] 
[2025-11-01 09:24:53] [STDERR] The above exception was the direct cause of the following exception:
[2025-11-01 09:24:53] [STDERR] 
[2025-11-01 09:24:53] [STDERR] Traceback (most recent call last):
[2025-11-01 09:24:53] [STDERR]   File "/Users/leifmarkthaler/github/gleitzeit 0.0.7/src/gleitzeit/workers/loki_exporter_worker.py", line 251, in export_logs_to_loki
[2025-11-01 09:24:53] [STDERR]     async with self.session.post(
[2025-11-01 09:24:53] [STDERR]   File "/opt/homebrew/Caskroom/miniconda/base/lib/python3.11/site-packages/aiohttp/client.py", line 1488, in __aenter__
[2025-11-01 09:24:53] [STDERR]     self._resp: _RetType = await self._coro
[2025-11-01 09:24:53] [STDERR]                            ^^^^^^^^^^^^^^^^
[2025-11-01 09:24:53] [STDERR]   File "/opt/homebrew/Caskroom/miniconda/base/lib/python3.11/site-packages/aiohttp/client.py", line 770, in _request
[2025-11-01 09:24:53] [STDERR]     resp = await handler(req)
[2025-11-01 09:24:53] [STDERR]            ^^^^^^^^^^^^^^^^^^
[2025-11-01 09:24:53] [STDERR]   File "/opt/homebrew/Caskroom/miniconda/base/lib/python3.11/site-packages/aiohttp/client.py", line 725, in _connect_and_send_request
[2025-11-01 09:24:53] [STDERR]     conn = await self._connector.connect(
[2025-11-01 09:24:53] [STDERR]            ^^^^^^^^^^^^^^^^^^^^^^^^^^^^^^
[2025-11-01 09:24:53] [STDERR]   File "/opt/homebrew/Caskroom/miniconda/base/lib/python3.11/site-packages/aiohttp/connector.py", line 642, in connect
[2025-11-01 09:24:53] [STDERR]     proto = await self._create_connection(req, traces, timeout)
[2025-11-01 09:24:53] [STDERR]             ^^^^^^^^^^^^^^^^^^^^^^^^^^^^^^^^^^^^^^^^^^^^^^^^^^^
[2025-11-01 09:24:53] [STDERR]   File "/opt/homebrew/Caskroom/miniconda/base/lib/python3.11/site-packages/aiohttp/connector.py", line 1209, in _create_connection
[2025-11-01 09:24:53] [STDERR]     _, proto = await self._create_direct_connection(req, traces, timeout)
[2025-11-01 09:24:53] [STDERR]                ^^^^^^^^^^^^^^^^^^^^^^^^^^^^^^^^^^^^^^^^^^^^^^^^^^^^^^^^^^
[2025-11-01 09:24:53] [STDERR]   File "/opt/homebrew/Caskroom/miniconda/base/lib/python3.11/site-packages/aiohttp/connector.py", line 1581, in _create_direct_connection
[2025-11-01 09:24:53] [STDERR]     raise last_exc
[2025-11-01 09:24:53] [STDERR]   File "/opt/homebrew/Caskroom/miniconda/base/lib/python3.11/site-packages/aiohttp/connector.py", line 1550, in _create_direct_connection
[2025-11-01 09:24:53] [STDERR]     transp, proto = await self._wrap_create_connection(
[2025-11-01 09:24:53] [STDERR]                     ^^^^^^^^^^^^^^^^^^^^^^^^^^^^^^^^^^^
[2025-11-01 09:24:53] [STDERR]   File "/opt/homebrew/Caskroom/miniconda/base/lib/python3.11/site-packages/aiohttp/connector.py", line 1291, in _wrap_create_connection
[2025-11-01 09:24:53] [STDERR]     raise client_error(req.connection_key, exc) from exc
[2025-11-01 09:24:53] [STDERR] aiohttp.client_exceptions.ClientConnectorError: Cannot connect to host localhost:3100 ssl:default [Multiple exceptions: [Errno 61] Connect call failed ('::1', 3100, 0, 0), [Errno 61] Connect call failed ('127.0.0.1', 3100)]
[2025-11-01 09:24:58] [STDERR] 2025-11-01 09:24:58,511 - LokiExporter.loki-exporter - ERROR - Failed to export logs to Loki: Cannot connect to host localhost:3100 ssl:default [Multiple exceptions: [Errno 61] Connect call failed ('127.0.0.1', 3100), [Errno 61] Connect call failed ('::1', 3100, 0, 0)]
[2025-11-01 09:24:58] [STDERR] Traceback (most recent call last):
[2025-11-01 09:24:58] [STDERR]   File "/opt/homebrew/Caskroom/miniconda/base/lib/python3.11/site-packages/aiohttp/connector.py", line 1268, in _wrap_create_connection
[2025-11-01 09:24:58] [STDERR]     sock = await aiohappyeyeballs.start_connection(
[2025-11-01 09:24:58] [STDERR]            ^^^^^^^^^^^^^^^^^^^^^^^^^^^^^^^^^^^^^^^^
[2025-11-01 09:24:58] [STDERR]   File "/opt/homebrew/Caskroom/miniconda/base/lib/python3.11/site-packages/aiohappyeyeballs/impl.py", line 141, in start_connection
[2025-11-01 09:24:58] [STDERR]     raise OSError(first_errno, msg)
[2025-11-01 09:24:58] [STDERR] ConnectionRefusedError: [Errno 61] Multiple exceptions: [Errno 61] Connect call failed ('127.0.0.1', 3100), [Errno 61] Connect call failed ('::1', 3100, 0, 0)
[2025-11-01 09:24:58] [STDERR] 
[2025-11-01 09:24:58] [STDERR] The above exception was the direct cause of the following exception:
[2025-11-01 09:24:58] [STDERR] 
[2025-11-01 09:24:58] [STDERR] Traceback (most recent call last):
[2025-11-01 09:24:58] [STDERR]   File "/Users/leifmarkthaler/github/gleitzeit 0.0.7/src/gleitzeit/workers/loki_exporter_worker.py", line 251, in export_logs_to_loki
[2025-11-01 09:24:58] [STDERR]     async with self.session.post(
[2025-11-01 09:24:58] [STDERR]   File "/opt/homebrew/Caskroom/miniconda/base/lib/python3.11/site-packages/aiohttp/client.py", line 1488, in __aenter__
[2025-11-01 09:24:58] [STDERR]     self._resp: _RetType = await self._coro
[2025-11-01 09:24:58] [STDERR]                            ^^^^^^^^^^^^^^^^
[2025-11-01 09:24:58] [STDERR]   File "/opt/homebrew/Caskroom/miniconda/base/lib/python3.11/site-packages/aiohttp/client.py", line 770, in _request
[2025-11-01 09:24:58] [STDERR]     resp = await handler(req)
[2025-11-01 09:24:58] [STDERR]            ^^^^^^^^^^^^^^^^^^
[2025-11-01 09:24:58] [STDERR]   File "/opt/homebrew/Caskroom/miniconda/base/lib/python3.11/site-packages/aiohttp/client.py", line 725, in _connect_and_send_request
[2025-11-01 09:24:58] [STDERR]     conn = await self._connector.connect(
[2025-11-01 09:24:58] [STDERR]            ^^^^^^^^^^^^^^^^^^^^^^^^^^^^^^
[2025-11-01 09:24:58] [STDERR]   File "/opt/homebrew/Caskroom/miniconda/base/lib/python3.11/site-packages/aiohttp/connector.py", line 642, in connect
[2025-11-01 09:24:58] [STDERR]     proto = await self._create_connection(req, traces, timeout)
[2025-11-01 09:24:58] [STDERR]             ^^^^^^^^^^^^^^^^^^^^^^^^^^^^^^^^^^^^^^^^^^^^^^^^^^^
[2025-11-01 09:24:58] [STDERR]   File "/opt/homebrew/Caskroom/miniconda/base/lib/python3.11/site-packages/aiohttp/connector.py", line 1209, in _create_connection
[2025-11-01 09:24:58] [STDERR]     _, proto = await self._create_direct_connection(req, traces, timeout)
[2025-11-01 09:24:58] [STDERR]                ^^^^^^^^^^^^^^^^^^^^^^^^^^^^^^^^^^^^^^^^^^^^^^^^^^^^^^^^^^
[2025-11-01 09:24:58] [STDERR]   File "/opt/homebrew/Caskroom/miniconda/base/lib/python3.11/site-packages/aiohttp/connector.py", line 1581, in _create_direct_connection
[2025-11-01 09:24:58] [STDERR]     raise last_exc
[2025-11-01 09:24:58] [STDERR]   File "/opt/homebrew/Caskroom/miniconda/base/lib/python3.11/site-packages/aiohttp/connector.py", line 1550, in _create_direct_connection
[2025-11-01 09:24:58] [STDERR]     transp, proto = await self._wrap_create_connection(
[2025-11-01 09:24:58] [STDERR]                     ^^^^^^^^^^^^^^^^^^^^^^^^^^^^^^^^^^^
[2025-11-01 09:24:58] [STDERR]   File "/opt/homebrew/Caskroom/miniconda/base/lib/python3.11/site-packages/aiohttp/connector.py", line 1291, in _wrap_create_connection
[2025-11-01 09:24:58] [STDERR]     raise client_error(req.connection_key, exc) from exc
[2025-11-01 09:24:58] [STDERR] aiohttp.client_exceptions.ClientConnectorError: Cannot connect to host localhost:3100 ssl:default [Multiple exceptions: [Errno 61] Connect call failed ('127.0.0.1', 3100), [Errno 61] Connect call failed ('::1', 3100, 0, 0)]
[2025-11-01 09:25:03] [STDERR] 2025-11-01 09:25:03,550 - LokiExporter.loki-exporter - ERROR - Failed to export logs to Loki: Cannot connect to host localhost:3100 ssl:default [Multiple exceptions: [Errno 61] Connect call failed ('::1', 3100, 0, 0), [Errno 61] Connect call failed ('127.0.0.1', 3100)]
[2025-11-01 09:25:03] [STDERR] Traceback (most recent call last):
[2025-11-01 09:25:03] [STDERR]   File "/opt/homebrew/Caskroom/miniconda/base/lib/python3.11/site-packages/aiohttp/connector.py", line 1268, in _wrap_create_connection
[2025-11-01 09:25:03] [STDERR]     sock = await aiohappyeyeballs.start_connection(
[2025-11-01 09:25:03] [STDERR]            ^^^^^^^^^^^^^^^^^^^^^^^^^^^^^^^^^^^^^^^^
[2025-11-01 09:25:03] [STDERR]   File "/opt/homebrew/Caskroom/miniconda/base/lib/python3.11/site-packages/aiohappyeyeballs/impl.py", line 141, in start_connection
[2025-11-01 09:25:03] [STDERR]     raise OSError(first_errno, msg)
[2025-11-01 09:25:03] [STDERR] ConnectionRefusedError: [Errno 61] Multiple exceptions: [Errno 61] Connect call failed ('::1', 3100, 0, 0), [Errno 61] Connect call failed ('127.0.0.1', 3100)
[2025-11-01 09:25:03] [STDERR] 
[2025-11-01 09:25:03] [STDERR] The above exception was the direct cause of the following exception:
[2025-11-01 09:25:03] [STDERR] 
[2025-11-01 09:25:03] [STDERR] Traceback (most recent call last):
[2025-11-01 09:25:03] [STDERR]   File "/Users/leifmarkthaler/github/gleitzeit 0.0.7/src/gleitzeit/workers/loki_exporter_worker.py", line 251, in export_logs_to_loki
[2025-11-01 09:25:03] [STDERR]     async with self.session.post(
[2025-11-01 09:25:03] [STDERR]   File "/opt/homebrew/Caskroom/miniconda/base/lib/python3.11/site-packages/aiohttp/client.py", line 1488, in __aenter__
[2025-11-01 09:25:03] [STDERR]     self._resp: _RetType = await self._coro
[2025-11-01 09:25:03] [STDERR]                            ^^^^^^^^^^^^^^^^
[2025-11-01 09:25:03] [STDERR]   File "/opt/homebrew/Caskroom/miniconda/base/lib/python3.11/site-packages/aiohttp/client.py", line 770, in _request
[2025-11-01 09:25:03] [STDERR]     resp = await handler(req)
[2025-11-01 09:25:03] [STDERR]            ^^^^^^^^^^^^^^^^^^
[2025-11-01 09:25:03] [STDERR]   File "/opt/homebrew/Caskroom/miniconda/base/lib/python3.11/site-packages/aiohttp/client.py", line 725, in _connect_and_send_request
[2025-11-01 09:25:03] [STDERR]     conn = await self._connector.connect(
[2025-11-01 09:25:03] [STDERR]            ^^^^^^^^^^^^^^^^^^^^^^^^^^^^^^
[2025-11-01 09:25:03] [STDERR]   File "/opt/homebrew/Caskroom/miniconda/base/lib/python3.11/site-packages/aiohttp/connector.py", line 642, in connect
[2025-11-01 09:25:03] [STDERR]     proto = await self._create_connection(req, traces, timeout)
[2025-11-01 09:25:03] [STDERR]             ^^^^^^^^^^^^^^^^^^^^^^^^^^^^^^^^^^^^^^^^^^^^^^^^^^^
[2025-11-01 09:25:03] [STDERR]   File "/opt/homebrew/Caskroom/miniconda/base/lib/python3.11/site-packages/aiohttp/connector.py", line 1209, in _create_connection
[2025-11-01 09:25:03] [STDERR]     _, proto = await self._create_direct_connection(req, traces, timeout)
[2025-11-01 09:25:03] [STDERR]                ^^^^^^^^^^^^^^^^^^^^^^^^^^^^^^^^^^^^^^^^^^^^^^^^^^^^^^^^^^
[2025-11-01 09:25:03] [STDERR]   File "/opt/homebrew/Caskroom/miniconda/base/lib/python3.11/site-packages/aiohttp/connector.py", line 1581, in _create_direct_connection
[2025-11-01 09:25:03] [STDERR]     raise last_exc
[2025-11-01 09:25:03] [STDERR]   File "/opt/homebrew/Caskroom/miniconda/base/lib/python3.11/site-packages/aiohttp/connector.py", line 1550, in _create_direct_connection
[2025-11-01 09:25:03] [STDERR]     transp, proto = await self._wrap_create_connection(
[2025-11-01 09:25:03] [STDERR]                     ^^^^^^^^^^^^^^^^^^^^^^^^^^^^^^^^^^^
[2025-11-01 09:25:03] [STDERR]   File "/opt/homebrew/Caskroom/miniconda/base/lib/python3.11/site-packages/aiohttp/connector.py", line 1291, in _wrap_create_connection
[2025-11-01 09:25:03] [STDERR]     raise client_error(req.connection_key, exc) from exc
[2025-11-01 09:25:03] [STDERR] aiohttp.client_exceptions.ClientConnectorError: Cannot connect to host localhost:3100 ssl:default [Multiple exceptions: [Errno 61] Connect call failed ('::1', 3100, 0, 0), [Errno 61] Connect call failed ('127.0.0.1', 3100)]
[2025-11-01 09:25:08] [STDERR] 2025-11-01 09:25:08,577 - LokiExporter.loki-exporter - ERROR - Failed to export logs to Loki: Cannot connect to host localhost:3100 ssl:default [Multiple exceptions: [Errno 61] Connect call failed ('127.0.0.1', 3100), [Errno 61] Connect call failed ('::1', 3100, 0, 0)]
[2025-11-01 09:25:08] [STDERR] Traceback (most recent call last):
[2025-11-01 09:25:08] [STDERR]   File "/opt/homebrew/Caskroom/miniconda/base/lib/python3.11/site-packages/aiohttp/connector.py", line 1268, in _wrap_create_connection
[2025-11-01 09:25:08] [STDERR]     sock = await aiohappyeyeballs.start_connection(
[2025-11-01 09:25:08] [STDERR]            ^^^^^^^^^^^^^^^^^^^^^^^^^^^^^^^^^^^^^^^^
[2025-11-01 09:25:08] [STDERR]   File "/opt/homebrew/Caskroom/miniconda/base/lib/python3.11/site-packages/aiohappyeyeballs/impl.py", line 141, in start_connection
[2025-11-01 09:25:08] [STDERR]     raise OSError(first_errno, msg)
[2025-11-01 09:25:08] [STDERR] ConnectionRefusedError: [Errno 61] Multiple exceptions: [Errno 61] Connect call failed ('127.0.0.1', 3100), [Errno 61] Connect call failed ('::1', 3100, 0, 0)
[2025-11-01 09:25:08] [STDERR] 
[2025-11-01 09:25:08] [STDERR] The above exception was the direct cause of the following exception:
[2025-11-01 09:25:08] [STDERR] 
[2025-11-01 09:25:08] [STDERR] Traceback (most recent call last):
[2025-11-01 09:25:08] [STDERR]   File "/Users/leifmarkthaler/github/gleitzeit 0.0.7/src/gleitzeit/workers/loki_exporter_worker.py", line 251, in export_logs_to_loki
[2025-11-01 09:25:08] [STDERR]     async with self.session.post(
[2025-11-01 09:25:08] [STDERR]   File "/opt/homebrew/Caskroom/miniconda/base/lib/python3.11/site-packages/aiohttp/client.py", line 1488, in __aenter__
[2025-11-01 09:25:08] [STDERR]     self._resp: _RetType = await self._coro
[2025-11-01 09:25:08] [STDERR]                            ^^^^^^^^^^^^^^^^
[2025-11-01 09:25:08] [STDERR]   File "/opt/homebrew/Caskroom/miniconda/base/lib/python3.11/site-packages/aiohttp/client.py", line 770, in _request
[2025-11-01 09:25:08] [STDERR]     resp = await handler(req)
[2025-11-01 09:25:08] [STDERR]            ^^^^^^^^^^^^^^^^^^
[2025-11-01 09:25:08] [STDERR]   File "/opt/homebrew/Caskroom/miniconda/base/lib/python3.11/site-packages/aiohttp/client.py", line 725, in _connect_and_send_request
[2025-11-01 09:25:08] [STDERR]     conn = await self._connector.connect(
[2025-11-01 09:25:08] [STDERR]            ^^^^^^^^^^^^^^^^^^^^^^^^^^^^^^
[2025-11-01 09:25:08] [STDERR]   File "/opt/homebrew/Caskroom/miniconda/base/lib/python3.11/site-packages/aiohttp/connector.py", line 642, in connect
[2025-11-01 09:25:08] [STDERR]     proto = await self._create_connection(req, traces, timeout)
[2025-11-01 09:25:08] [STDERR]             ^^^^^^^^^^^^^^^^^^^^^^^^^^^^^^^^^^^^^^^^^^^^^^^^^^^
[2025-11-01 09:25:08] [STDERR]   File "/opt/homebrew/Caskroom/miniconda/base/lib/python3.11/site-packages/aiohttp/connector.py", line 1209, in _create_connection
[2025-11-01 09:25:08] [STDERR]     _, proto = await self._create_direct_connection(req, traces, timeout)
[2025-11-01 09:25:08] [STDERR]                ^^^^^^^^^^^^^^^^^^^^^^^^^^^^^^^^^^^^^^^^^^^^^^^^^^^^^^^^^^
[2025-11-01 09:25:08] [STDERR]   File "/opt/homebrew/Caskroom/miniconda/base/lib/python3.11/site-packages/aiohttp/connector.py", line 1581, in _create_direct_connection
[2025-11-01 09:25:08] [STDERR]     raise last_exc
[2025-11-01 09:25:08] [STDERR]   File "/opt/homebrew/Caskroom/miniconda/base/lib/python3.11/site-packages/aiohttp/connector.py", line 1550, in _create_direct_connection
[2025-11-01 09:25:08] [STDERR]     transp, proto = await self._wrap_create_connection(
[2025-11-01 09:25:08] [STDERR]                     ^^^^^^^^^^^^^^^^^^^^^^^^^^^^^^^^^^^
[2025-11-01 09:25:08] [STDERR]   File "/opt/homebrew/Caskroom/miniconda/base/lib/python3.11/site-packages/aiohttp/connector.py", line 1291, in _wrap_create_connection
[2025-11-01 09:25:08] [STDERR]     raise client_error(req.connection_key, exc) from exc
[2025-11-01 09:25:08] [STDERR] aiohttp.client_exceptions.ClientConnectorError: Cannot connect to host localhost:3100 ssl:default [Multiple exceptions: [Errno 61] Connect call failed ('127.0.0.1', 3100), [Errno 61] Connect call failed ('::1', 3100, 0, 0)]
[2025-11-01 09:25:13] [STDERR] 2025-11-01 09:25:13,610 - LokiExporter.loki-exporter - ERROR - Failed to export logs to Loki: Cannot connect to host localhost:3100 ssl:default [Multiple exceptions: [Errno 61] Connect call failed ('::1', 3100, 0, 0), [Errno 61] Connect call failed ('127.0.0.1', 3100)]
[2025-11-01 09:25:13] [STDERR] Traceback (most recent call last):
[2025-11-01 09:25:13] [STDERR]   File "/opt/homebrew/Caskroom/miniconda/base/lib/python3.11/site-packages/aiohttp/connector.py", line 1268, in _wrap_create_connection
[2025-11-01 09:25:13] [STDERR]     sock = await aiohappyeyeballs.start_connection(
[2025-11-01 09:25:13] [STDERR]            ^^^^^^^^^^^^^^^^^^^^^^^^^^^^^^^^^^^^^^^^
[2025-11-01 09:25:13] [STDERR]   File "/opt/homebrew/Caskroom/miniconda/base/lib/python3.11/site-packages/aiohappyeyeballs/impl.py", line 141, in start_connection
[2025-11-01 09:25:13] [STDERR]     raise OSError(first_errno, msg)
[2025-11-01 09:25:13] [STDERR] ConnectionRefusedError: [Errno 61] Multiple exceptions: [Errno 61] Connect call failed ('::1', 3100, 0, 0), [Errno 61] Connect call failed ('127.0.0.1', 3100)
[2025-11-01 09:25:13] [STDERR] 
[2025-11-01 09:25:13] [STDERR] The above exception was the direct cause of the following exception:
[2025-11-01 09:25:13] [STDERR] 
[2025-11-01 09:25:13] [STDERR] Traceback (most recent call last):
[2025-11-01 09:25:13] [STDERR]   File "/Users/leifmarkthaler/github/gleitzeit 0.0.7/src/gleitzeit/workers/loki_exporter_worker.py", line 251, in export_logs_to_loki
[2025-11-01 09:25:13] [STDERR]     async with self.session.post(
[2025-11-01 09:25:13] [STDERR]   File "/opt/homebrew/Caskroom/miniconda/base/lib/python3.11/site-packages/aiohttp/client.py", line 1488, in __aenter__
[2025-11-01 09:25:13] [STDERR]     self._resp: _RetType = await self._coro
[2025-11-01 09:25:13] [STDERR]                            ^^^^^^^^^^^^^^^^
[2025-11-01 09:25:13] [STDERR]   File "/opt/homebrew/Caskroom/miniconda/base/lib/python3.11/site-packages/aiohttp/client.py", line 770, in _request
[2025-11-01 09:25:13] [STDERR]     resp = await handler(req)
[2025-11-01 09:25:13] [STDERR]            ^^^^^^^^^^^^^^^^^^
[2025-11-01 09:25:13] [STDERR]   File "/opt/homebrew/Caskroom/miniconda/base/lib/python3.11/site-packages/aiohttp/client.py", line 725, in _connect_and_send_request
[2025-11-01 09:25:13] [STDERR]     conn = await self._connector.connect(
[2025-11-01 09:25:13] [STDERR]            ^^^^^^^^^^^^^^^^^^^^^^^^^^^^^^
[2025-11-01 09:25:13] [STDERR]   File "/opt/homebrew/Caskroom/miniconda/base/lib/python3.11/site-packages/aiohttp/connector.py", line 642, in connect
[2025-11-01 09:25:13] [STDERR]     proto = await self._create_connection(req, traces, timeout)
[2025-11-01 09:25:13] [STDERR]             ^^^^^^^^^^^^^^^^^^^^^^^^^^^^^^^^^^^^^^^^^^^^^^^^^^^
[2025-11-01 09:25:13] [STDERR]   File "/opt/homebrew/Caskroom/miniconda/base/lib/python3.11/site-packages/aiohttp/connector.py", line 1209, in _create_connection
[2025-11-01 09:25:13] [STDERR]     _, proto = await self._create_direct_connection(req, traces, timeout)
[2025-11-01 09:25:13] [STDERR]                ^^^^^^^^^^^^^^^^^^^^^^^^^^^^^^^^^^^^^^^^^^^^^^^^^^^^^^^^^^
[2025-11-01 09:25:13] [STDERR]   File "/opt/homebrew/Caskroom/miniconda/base/lib/python3.11/site-packages/aiohttp/connector.py", line 1581, in _create_direct_connection
[2025-11-01 09:25:13] [STDERR]     raise last_exc
[2025-11-01 09:25:13] [STDERR]   File "/opt/homebrew/Caskroom/miniconda/base/lib/python3.11/site-packages/aiohttp/connector.py", line 1550, in _create_direct_connection
[2025-11-01 09:25:13] [STDERR]     transp, proto = await self._wrap_create_connection(
[2025-11-01 09:25:13] [STDERR]                     ^^^^^^^^^^^^^^^^^^^^^^^^^^^^^^^^^^^
[2025-11-01 09:25:13] [STDERR]   File "/opt/homebrew/Caskroom/miniconda/base/lib/python3.11/site-packages/aiohttp/connector.py", line 1291, in _wrap_create_connection
[2025-11-01 09:25:13] [STDERR]     raise client_error(req.connection_key, exc) from exc
[2025-11-01 09:25:13] [STDERR] aiohttp.client_exceptions.ClientConnectorError: Cannot connect to host localhost:3100 ssl:default [Multiple exceptions: [Errno 61] Connect call failed ('::1', 3100, 0, 0), [Errno 61] Connect call failed ('127.0.0.1', 3100)]
[2025-11-01 09:25:18] [STDERR] 2025-11-01 09:25:18,644 - LokiExporter.loki-exporter - ERROR - Failed to export logs to Loki: Cannot connect to host localhost:3100 ssl:default [Multiple exceptions: [Errno 61] Connect call failed ('127.0.0.1', 3100), [Errno 61] Connect call failed ('::1', 3100, 0, 0)]
[2025-11-01 09:25:18] [STDERR] Traceback (most recent call last):
[2025-11-01 09:25:18] [STDERR]   File "/opt/homebrew/Caskroom/miniconda/base/lib/python3.11/site-packages/aiohttp/connector.py", line 1268, in _wrap_create_connection
[2025-11-01 09:25:18] [STDERR]     sock = await aiohappyeyeballs.start_connection(
[2025-11-01 09:25:18] [STDERR]            ^^^^^^^^^^^^^^^^^^^^^^^^^^^^^^^^^^^^^^^^
[2025-11-01 09:25:18] [STDERR]   File "/opt/homebrew/Caskroom/miniconda/base/lib/python3.11/site-packages/aiohappyeyeballs/impl.py", line 141, in start_connection
[2025-11-01 09:25:18] [STDERR]     raise OSError(first_errno, msg)
[2025-11-01 09:25:18] [STDERR] ConnectionRefusedError: [Errno 61] Multiple exceptions: [Errno 61] Connect call failed ('127.0.0.1', 3100), [Errno 61] Connect call failed ('::1', 3100, 0, 0)
[2025-11-01 09:25:18] [STDERR] 
[2025-11-01 09:25:18] [STDERR] The above exception was the direct cause of the following exception:
[2025-11-01 09:25:18] [STDERR] 
[2025-11-01 09:25:18] [STDERR] Traceback (most recent call last):
[2025-11-01 09:25:18] [STDERR]   File "/Users/leifmarkthaler/github/gleitzeit 0.0.7/src/gleitzeit/workers/loki_exporter_worker.py", line 251, in export_logs_to_loki
[2025-11-01 09:25:18] [STDERR]     async with self.session.post(
[2025-11-01 09:25:18] [STDERR]   File "/opt/homebrew/Caskroom/miniconda/base/lib/python3.11/site-packages/aiohttp/client.py", line 1488, in __aenter__
[2025-11-01 09:25:18] [STDERR]     self._resp: _RetType = await self._coro
[2025-11-01 09:25:18] [STDERR]                            ^^^^^^^^^^^^^^^^
[2025-11-01 09:25:18] [STDERR]   File "/opt/homebrew/Caskroom/miniconda/base/lib/python3.11/site-packages/aiohttp/client.py", line 770, in _request
[2025-11-01 09:25:18] [STDERR]     resp = await handler(req)
[2025-11-01 09:25:18] [STDERR]            ^^^^^^^^^^^^^^^^^^
[2025-11-01 09:25:18] [STDERR]   File "/opt/homebrew/Caskroom/miniconda/base/lib/python3.11/site-packages/aiohttp/client.py", line 725, in _connect_and_send_request
[2025-11-01 09:25:18] [STDERR]     conn = await self._connector.connect(
[2025-11-01 09:25:18] [STDERR]            ^^^^^^^^^^^^^^^^^^^^^^^^^^^^^^
[2025-11-01 09:25:18] [STDERR]   File "/opt/homebrew/Caskroom/miniconda/base/lib/python3.11/site-packages/aiohttp/connector.py", line 642, in connect
[2025-11-01 09:25:18] [STDERR]     proto = await self._create_connection(req, traces, timeout)
[2025-11-01 09:25:18] [STDERR]             ^^^^^^^^^^^^^^^^^^^^^^^^^^^^^^^^^^^^^^^^^^^^^^^^^^^
[2025-11-01 09:25:18] [STDERR]   File "/opt/homebrew/Caskroom/miniconda/base/lib/python3.11/site-packages/aiohttp/connector.py", line 1209, in _create_connection
[2025-11-01 09:25:18] [STDERR]     _, proto = await self._create_direct_connection(req, traces, timeout)
[2025-11-01 09:25:18] [STDERR]                ^^^^^^^^^^^^^^^^^^^^^^^^^^^^^^^^^^^^^^^^^^^^^^^^^^^^^^^^^^
[2025-11-01 09:25:18] [STDERR]   File "/opt/homebrew/Caskroom/miniconda/base/lib/python3.11/site-packages/aiohttp/connector.py", line 1581, in _create_direct_connection
[2025-11-01 09:25:18] [STDERR]     raise last_exc
[2025-11-01 09:25:18] [STDERR]   File "/opt/homebrew/Caskroom/miniconda/base/lib/python3.11/site-packages/aiohttp/connector.py", line 1550, in _create_direct_connection
[2025-11-01 09:25:18] [STDERR]     transp, proto = await self._wrap_create_connection(
[2025-11-01 09:25:18] [STDERR]                     ^^^^^^^^^^^^^^^^^^^^^^^^^^^^^^^^^^^
[2025-11-01 09:25:18] [STDERR]   File "/opt/homebrew/Caskroom/miniconda/base/lib/python3.11/site-packages/aiohttp/connector.py", line 1291, in _wrap_create_connection
[2025-11-01 09:25:18] [STDERR]     raise client_error(req.connection_key, exc) from exc
[2025-11-01 09:25:18] [STDERR] aiohttp.client_exceptions.ClientConnectorError: Cannot connect to host localhost:3100 ssl:default [Multiple exceptions: [Errno 61] Connect call failed ('127.0.0.1', 3100), [Errno 61] Connect call failed ('::1', 3100, 0, 0)]
[2025-11-01 09:25:23] [STDERR] 2025-11-01 09:25:23,682 - LokiExporter.loki-exporter - ERROR - Failed to export logs to Loki: Cannot connect to host localhost:3100 ssl:default [Multiple exceptions: [Errno 61] Connect call failed ('::1', 3100, 0, 0), [Errno 61] Connect call failed ('127.0.0.1', 3100)]
[2025-11-01 09:25:23] [STDERR] Traceback (most recent call last):
[2025-11-01 09:25:23] [STDERR]   File "/opt/homebrew/Caskroom/miniconda/base/lib/python3.11/site-packages/aiohttp/connector.py", line 1268, in _wrap_create_connection
[2025-11-01 09:25:23] [STDERR]     sock = await aiohappyeyeballs.start_connection(
[2025-11-01 09:25:23] [STDERR]            ^^^^^^^^^^^^^^^^^^^^^^^^^^^^^^^^^^^^^^^^
[2025-11-01 09:25:23] [STDERR]   File "/opt/homebrew/Caskroom/miniconda/base/lib/python3.11/site-packages/aiohappyeyeballs/impl.py", line 141, in start_connection
[2025-11-01 09:25:23] [STDERR]     raise OSError(first_errno, msg)
[2025-11-01 09:25:23] [STDERR] ConnectionRefusedError: [Errno 61] Multiple exceptions: [Errno 61] Connect call failed ('::1', 3100, 0, 0), [Errno 61] Connect call failed ('127.0.0.1', 3100)
[2025-11-01 09:25:23] [STDERR] 
[2025-11-01 09:25:23] [STDERR] The above exception was the direct cause of the following exception:
[2025-11-01 09:25:23] [STDERR] 
[2025-11-01 09:25:23] [STDERR] Traceback (most recent call last):
[2025-11-01 09:25:23] [STDERR]   File "/Users/leifmarkthaler/github/gleitzeit 0.0.7/src/gleitzeit/workers/loki_exporter_worker.py", line 251, in export_logs_to_loki
[2025-11-01 09:25:23] [STDERR]     async with self.session.post(
[2025-11-01 09:25:23] [STDERR]   File "/opt/homebrew/Caskroom/miniconda/base/lib/python3.11/site-packages/aiohttp/client.py", line 1488, in __aenter__
[2025-11-01 09:25:23] [STDERR]     self._resp: _RetType = await self._coro
[2025-11-01 09:25:23] [STDERR]                            ^^^^^^^^^^^^^^^^
[2025-11-01 09:25:23] [STDERR]   File "/opt/homebrew/Caskroom/miniconda/base/lib/python3.11/site-packages/aiohttp/client.py", line 770, in _request
[2025-11-01 09:25:23] [STDERR]     resp = await handler(req)
[2025-11-01 09:25:23] [STDERR]            ^^^^^^^^^^^^^^^^^^
[2025-11-01 09:25:23] [STDERR]   File "/opt/homebrew/Caskroom/miniconda/base/lib/python3.11/site-packages/aiohttp/client.py", line 725, in _connect_and_send_request
[2025-11-01 09:25:23] [STDERR]     conn = await self._connector.connect(
[2025-11-01 09:25:23] [STDERR]            ^^^^^^^^^^^^^^^^^^^^^^^^^^^^^^
[2025-11-01 09:25:23] [STDERR]   File "/opt/homebrew/Caskroom/miniconda/base/lib/python3.11/site-packages/aiohttp/connector.py", line 642, in connect
[2025-11-01 09:25:23] [STDERR]     proto = await self._create_connection(req, traces, timeout)
[2025-11-01 09:25:23] [STDERR]             ^^^^^^^^^^^^^^^^^^^^^^^^^^^^^^^^^^^^^^^^^^^^^^^^^^^
[2025-11-01 09:25:23] [STDERR]   File "/opt/homebrew/Caskroom/miniconda/base/lib/python3.11/site-packages/aiohttp/connector.py", line 1209, in _create_connection
[2025-11-01 09:25:23] [STDERR]     _, proto = await self._create_direct_connection(req, traces, timeout)
[2025-11-01 09:25:23] [STDERR]                ^^^^^^^^^^^^^^^^^^^^^^^^^^^^^^^^^^^^^^^^^^^^^^^^^^^^^^^^^^
[2025-11-01 09:25:23] [STDERR]   File "/opt/homebrew/Caskroom/miniconda/base/lib/python3.11/site-packages/aiohttp/connector.py", line 1581, in _create_direct_connection
[2025-11-01 09:25:23] [STDERR]     raise last_exc
[2025-11-01 09:25:23] [STDERR]   File "/opt/homebrew/Caskroom/miniconda/base/lib/python3.11/site-packages/aiohttp/connector.py", line 1550, in _create_direct_connection
[2025-11-01 09:25:23] [STDERR]     transp, proto = await self._wrap_create_connection(
[2025-11-01 09:25:23] [STDERR]                     ^^^^^^^^^^^^^^^^^^^^^^^^^^^^^^^^^^^
[2025-11-01 09:25:23] [STDERR]   File "/opt/homebrew/Caskroom/miniconda/base/lib/python3.11/site-packages/aiohttp/connector.py", line 1291, in _wrap_create_connection
[2025-11-01 09:25:23] [STDERR]     raise client_error(req.connection_key, exc) from exc
[2025-11-01 09:25:23] [STDERR] aiohttp.client_exceptions.ClientConnectorError: Cannot connect to host localhost:3100 ssl:default [Multiple exceptions: [Errno 61] Connect call failed ('::1', 3100, 0, 0), [Errno 61] Connect call failed ('127.0.0.1', 3100)]
[2025-11-01 09:25:28] [STDERR] 2025-11-01 09:25:28,709 - LokiExporter.loki-exporter - ERROR - Failed to export logs to Loki: Cannot connect to host localhost:3100 ssl:default [Multiple exceptions: [Errno 61] Connect call failed ('127.0.0.1', 3100), [Errno 61] Connect call failed ('::1', 3100, 0, 0)]
[2025-11-01 09:25:28] [STDERR] Traceback (most recent call last):
[2025-11-01 09:25:28] [STDERR]   File "/opt/homebrew/Caskroom/miniconda/base/lib/python3.11/site-packages/aiohttp/connector.py", line 1268, in _wrap_create_connection
[2025-11-01 09:25:28] [STDERR]     sock = await aiohappyeyeballs.start_connection(
[2025-11-01 09:25:28] [STDERR]            ^^^^^^^^^^^^^^^^^^^^^^^^^^^^^^^^^^^^^^^^
[2025-11-01 09:25:28] [STDERR]   File "/opt/homebrew/Caskroom/miniconda/base/lib/python3.11/site-packages/aiohappyeyeballs/impl.py", line 141, in start_connection
[2025-11-01 09:25:28] [STDERR]     raise OSError(first_errno, msg)
[2025-11-01 09:25:28] [STDERR] ConnectionRefusedError: [Errno 61] Multiple exceptions: [Errno 61] Connect call failed ('127.0.0.1', 3100), [Errno 61] Connect call failed ('::1', 3100, 0, 0)
[2025-11-01 09:25:28] [STDERR] 
[2025-11-01 09:25:28] [STDERR] The above exception was the direct cause of the following exception:
[2025-11-01 09:25:28] [STDERR] 
[2025-11-01 09:25:28] [STDERR] Traceback (most recent call last):
[2025-11-01 09:25:28] [STDERR]   File "/Users/leifmarkthaler/github/gleitzeit 0.0.7/src/gleitzeit/workers/loki_exporter_worker.py", line 251, in export_logs_to_loki
[2025-11-01 09:25:28] [STDERR]     async with self.session.post(
[2025-11-01 09:25:28] [STDERR]   File "/opt/homebrew/Caskroom/miniconda/base/lib/python3.11/site-packages/aiohttp/client.py", line 1488, in __aenter__
[2025-11-01 09:25:28] [STDERR]     self._resp: _RetType = await self._coro
[2025-11-01 09:25:28] [STDERR]                            ^^^^^^^^^^^^^^^^
[2025-11-01 09:25:28] [STDERR]   File "/opt/homebrew/Caskroom/miniconda/base/lib/python3.11/site-packages/aiohttp/client.py", line 770, in _request
[2025-11-01 09:25:28] [STDERR]     resp = await handler(req)
[2025-11-01 09:25:28] [STDERR]            ^^^^^^^^^^^^^^^^^^
[2025-11-01 09:25:28] [STDERR]   File "/opt/homebrew/Caskroom/miniconda/base/lib/python3.11/site-packages/aiohttp/client.py", line 725, in _connect_and_send_request
[2025-11-01 09:25:28] [STDERR]     conn = await self._connector.connect(
[2025-11-01 09:25:28] [STDERR]            ^^^^^^^^^^^^^^^^^^^^^^^^^^^^^^
[2025-11-01 09:25:28] [STDERR]   File "/opt/homebrew/Caskroom/miniconda/base/lib/python3.11/site-packages/aiohttp/connector.py", line 642, in connect
[2025-11-01 09:25:28] [STDERR]     proto = await self._create_connection(req, traces, timeout)
[2025-11-01 09:25:28] [STDERR]             ^^^^^^^^^^^^^^^^^^^^^^^^^^^^^^^^^^^^^^^^^^^^^^^^^^^
[2025-11-01 09:25:28] [STDERR]   File "/opt/homebrew/Caskroom/miniconda/base/lib/python3.11/site-packages/aiohttp/connector.py", line 1209, in _create_connection
[2025-11-01 09:25:28] [STDERR]     _, proto = await self._create_direct_connection(req, traces, timeout)
[2025-11-01 09:25:28] [STDERR]                ^^^^^^^^^^^^^^^^^^^^^^^^^^^^^^^^^^^^^^^^^^^^^^^^^^^^^^^^^^
[2025-11-01 09:25:28] [STDERR]   File "/opt/homebrew/Caskroom/miniconda/base/lib/python3.11/site-packages/aiohttp/connector.py", line 1581, in _create_direct_connection
[2025-11-01 09:25:28] [STDERR]     raise last_exc
[2025-11-01 09:25:28] [STDERR]   File "/opt/homebrew/Caskroom/miniconda/base/lib/python3.11/site-packages/aiohttp/connector.py", line 1550, in _create_direct_connection
[2025-11-01 09:25:28] [STDERR]     transp, proto = await self._wrap_create_connection(
[2025-11-01 09:25:28] [STDERR]                     ^^^^^^^^^^^^^^^^^^^^^^^^^^^^^^^^^^^
[2025-11-01 09:25:28] [STDERR]   File "/opt/homebrew/Caskroom/miniconda/base/lib/python3.11/site-packages/aiohttp/connector.py", line 1291, in _wrap_create_connection
[2025-11-01 09:25:28] [STDERR]     raise client_error(req.connection_key, exc) from exc
[2025-11-01 09:25:28] [STDERR] aiohttp.client_exceptions.ClientConnectorError: Cannot connect to host localhost:3100 ssl:default [Multiple exceptions: [Errno 61] Connect call failed ('127.0.0.1', 3100), [Errno 61] Connect call failed ('::1', 3100, 0, 0)]
[2025-11-01 09:25:33] [STDERR] 2025-11-01 09:25:33,743 - LokiExporter.loki-exporter - ERROR - Failed to export logs to Loki: Cannot connect to host localhost:3100 ssl:default [Multiple exceptions: [Errno 61] Connect call failed ('::1', 3100, 0, 0), [Errno 61] Connect call failed ('127.0.0.1', 3100)]
[2025-11-01 09:25:33] [STDERR] Traceback (most recent call last):
[2025-11-01 09:25:33] [STDERR]   File "/opt/homebrew/Caskroom/miniconda/base/lib/python3.11/site-packages/aiohttp/connector.py", line 1268, in _wrap_create_connection
[2025-11-01 09:25:33] [STDERR]     sock = await aiohappyeyeballs.start_connection(
[2025-11-01 09:25:33] [STDERR]            ^^^^^^^^^^^^^^^^^^^^^^^^^^^^^^^^^^^^^^^^
[2025-11-01 09:25:33] [STDERR]   File "/opt/homebrew/Caskroom/miniconda/base/lib/python3.11/site-packages/aiohappyeyeballs/impl.py", line 141, in start_connection
[2025-11-01 09:25:33] [STDERR]     raise OSError(first_errno, msg)
[2025-11-01 09:25:33] [STDERR] ConnectionRefusedError: [Errno 61] Multiple exceptions: [Errno 61] Connect call failed ('::1', 3100, 0, 0), [Errno 61] Connect call failed ('127.0.0.1', 3100)
[2025-11-01 09:25:33] [STDERR] 
[2025-11-01 09:25:33] [STDERR] The above exception was the direct cause of the following exception:
[2025-11-01 09:25:33] [STDERR] 
[2025-11-01 09:25:33] [STDERR] Traceback (most recent call last):
[2025-11-01 09:25:33] [STDERR]   File "/Users/leifmarkthaler/github/gleitzeit 0.0.7/src/gleitzeit/workers/loki_exporter_worker.py", line 251, in export_logs_to_loki
[2025-11-01 09:25:33] [STDERR]     async with self.session.post(
[2025-11-01 09:25:33] [STDERR]   File "/opt/homebrew/Caskroom/miniconda/base/lib/python3.11/site-packages/aiohttp/client.py", line 1488, in __aenter__
[2025-11-01 09:25:33] [STDERR]     self._resp: _RetType = await self._coro
[2025-11-01 09:25:33] [STDERR]                            ^^^^^^^^^^^^^^^^
[2025-11-01 09:25:33] [STDERR]   File "/opt/homebrew/Caskroom/miniconda/base/lib/python3.11/site-packages/aiohttp/client.py", line 770, in _request
[2025-11-01 09:25:33] [STDERR]     resp = await handler(req)
[2025-11-01 09:25:33] [STDERR]            ^^^^^^^^^^^^^^^^^^
[2025-11-01 09:25:33] [STDERR]   File "/opt/homebrew/Caskroom/miniconda/base/lib/python3.11/site-packages/aiohttp/client.py", line 725, in _connect_and_send_request
[2025-11-01 09:25:33] [STDERR]     conn = await self._connector.connect(
[2025-11-01 09:25:33] [STDERR]            ^^^^^^^^^^^^^^^^^^^^^^^^^^^^^^
[2025-11-01 09:25:33] [STDERR]   File "/opt/homebrew/Caskroom/miniconda/base/lib/python3.11/site-packages/aiohttp/connector.py", line 642, in connect
[2025-11-01 09:25:33] [STDERR]     proto = await self._create_connection(req, traces, timeout)
[2025-11-01 09:25:33] [STDERR]             ^^^^^^^^^^^^^^^^^^^^^^^^^^^^^^^^^^^^^^^^^^^^^^^^^^^
[2025-11-01 09:25:33] [STDERR]   File "/opt/homebrew/Caskroom/miniconda/base/lib/python3.11/site-packages/aiohttp/connector.py", line 1209, in _create_connection
[2025-11-01 09:25:33] [STDERR]     _, proto = await self._create_direct_connection(req, traces, timeout)
[2025-11-01 09:25:33] [STDERR]                ^^^^^^^^^^^^^^^^^^^^^^^^^^^^^^^^^^^^^^^^^^^^^^^^^^^^^^^^^^
[2025-11-01 09:25:33] [STDERR]   File "/opt/homebrew/Caskroom/miniconda/base/lib/python3.11/site-packages/aiohttp/connector.py", line 1581, in _create_direct_connection
[2025-11-01 09:25:33] [STDERR]     raise last_exc
[2025-11-01 09:25:33] [STDERR]   File "/opt/homebrew/Caskroom/miniconda/base/lib/python3.11/site-packages/aiohttp/connector.py", line 1550, in _create_direct_connection
[2025-11-01 09:25:33] [STDERR]     transp, proto = await self._wrap_create_connection(
[2025-11-01 09:25:33] [STDERR]                     ^^^^^^^^^^^^^^^^^^^^^^^^^^^^^^^^^^^
[2025-11-01 09:25:33] [STDERR]   File "/opt/homebrew/Caskroom/miniconda/base/lib/python3.11/site-packages/aiohttp/connector.py", line 1291, in _wrap_create_connection
[2025-11-01 09:25:33] [STDERR]     raise client_error(req.connection_key, exc) from exc
[2025-11-01 09:25:33] [STDERR] aiohttp.client_exceptions.ClientConnectorError: Cannot connect to host localhost:3100 ssl:default [Multiple exceptions: [Errno 61] Connect call failed ('::1', 3100, 0, 0), [Errno 61] Connect call failed ('127.0.0.1', 3100)]
[2025-11-01 09:25:38] [STDERR] 2025-11-01 09:25:38,785 - LokiExporter.loki-exporter - ERROR - Failed to export logs to Loki: Cannot connect to host localhost:3100 ssl:default [Multiple exceptions: [Errno 61] Connect call failed ('127.0.0.1', 3100), [Errno 61] Connect call failed ('::1', 3100, 0, 0)]
[2025-11-01 09:25:38] [STDERR] Traceback (most recent call last):
[2025-11-01 09:25:38] [STDERR]   File "/opt/homebrew/Caskroom/miniconda/base/lib/python3.11/site-packages/aiohttp/connector.py", line 1268, in _wrap_create_connection
[2025-11-01 09:25:38] [STDERR]     sock = await aiohappyeyeballs.start_connection(
[2025-11-01 09:25:38] [STDERR]            ^^^^^^^^^^^^^^^^^^^^^^^^^^^^^^^^^^^^^^^^
[2025-11-01 09:25:38] [STDERR]   File "/opt/homebrew/Caskroom/miniconda/base/lib/python3.11/site-packages/aiohappyeyeballs/impl.py", line 141, in start_connection
[2025-11-01 09:25:38] [STDERR]     raise OSError(first_errno, msg)
[2025-11-01 09:25:38] [STDERR] ConnectionRefusedError: [Errno 61] Multiple exceptions: [Errno 61] Connect call failed ('127.0.0.1', 3100), [Errno 61] Connect call failed ('::1', 3100, 0, 0)
[2025-11-01 09:25:38] [STDERR] 
[2025-11-01 09:25:38] [STDERR] The above exception was the direct cause of the following exception:
[2025-11-01 09:25:38] [STDERR] 
[2025-11-01 09:25:38] [STDERR] Traceback (most recent call last):
[2025-11-01 09:25:38] [STDERR]   File "/Users/leifmarkthaler/github/gleitzeit 0.0.7/src/gleitzeit/workers/loki_exporter_worker.py", line 251, in export_logs_to_loki
[2025-11-01 09:25:38] [STDERR]     async with self.session.post(
[2025-11-01 09:25:38] [STDERR]   File "/opt/homebrew/Caskroom/miniconda/base/lib/python3.11/site-packages/aiohttp/client.py", line 1488, in __aenter__
[2025-11-01 09:25:38] [STDERR]     self._resp: _RetType = await self._coro
[2025-11-01 09:25:38] [STDERR]                            ^^^^^^^^^^^^^^^^
[2025-11-01 09:25:38] [STDERR]   File "/opt/homebrew/Caskroom/miniconda/base/lib/python3.11/site-packages/aiohttp/client.py", line 770, in _request
[2025-11-01 09:25:38] [STDERR]     resp = await handler(req)
[2025-11-01 09:25:38] [STDERR]            ^^^^^^^^^^^^^^^^^^
[2025-11-01 09:25:38] [STDERR]   File "/opt/homebrew/Caskroom/miniconda/base/lib/python3.11/site-packages/aiohttp/client.py", line 725, in _connect_and_send_request
[2025-11-01 09:25:38] [STDERR]     conn = await self._connector.connect(
[2025-11-01 09:25:38] [STDERR]            ^^^^^^^^^^^^^^^^^^^^^^^^^^^^^^
[2025-11-01 09:25:38] [STDERR]   File "/opt/homebrew/Caskroom/miniconda/base/lib/python3.11/site-packages/aiohttp/connector.py", line 642, in connect
[2025-11-01 09:25:38] [STDERR]     proto = await self._create_connection(req, traces, timeout)
[2025-11-01 09:25:38] [STDERR]             ^^^^^^^^^^^^^^^^^^^^^^^^^^^^^^^^^^^^^^^^^^^^^^^^^^^
[2025-11-01 09:25:38] [STDERR]   File "/opt/homebrew/Caskroom/miniconda/base/lib/python3.11/site-packages/aiohttp/connector.py", line 1209, in _create_connection
[2025-11-01 09:25:38] [STDERR]     _, proto = await self._create_direct_connection(req, traces, timeout)
[2025-11-01 09:25:38] [STDERR]                ^^^^^^^^^^^^^^^^^^^^^^^^^^^^^^^^^^^^^^^^^^^^^^^^^^^^^^^^^^
[2025-11-01 09:25:38] [STDERR]   File "/opt/homebrew/Caskroom/miniconda/base/lib/python3.11/site-packages/aiohttp/connector.py", line 1581, in _create_direct_connection
[2025-11-01 09:25:38] [STDERR]     raise last_exc
[2025-11-01 09:25:38] [STDERR]   File "/opt/homebrew/Caskroom/miniconda/base/lib/python3.11/site-packages/aiohttp/connector.py", line 1550, in _create_direct_connection
[2025-11-01 09:25:38] [STDERR]     transp, proto = await self._wrap_create_connection(
[2025-11-01 09:25:38] [STDERR]                     ^^^^^^^^^^^^^^^^^^^^^^^^^^^^^^^^^^^
[2025-11-01 09:25:38] [STDERR]   File "/opt/homebrew/Caskroom/miniconda/base/lib/python3.11/site-packages/aiohttp/connector.py", line 1291, in _wrap_create_connection
[2025-11-01 09:25:38] [STDERR]     raise client_error(req.connection_key, exc) from exc
[2025-11-01 09:25:38] [STDERR] aiohttp.client_exceptions.ClientConnectorError: Cannot connect to host localhost:3100 ssl:default [Multiple exceptions: [Errno 61] Connect call failed ('127.0.0.1', 3100), [Errno 61] Connect call failed ('::1', 3100, 0, 0)]
