[2025-11-04 16:16:25] [STDERR] 
[2025-11-04 16:16:25] [STDERR] ⚠️  Gleitzeit is running outside a virtual environment
[2025-11-04 16:16:25] [STDERR] 
[2025-11-04 16:16:25] [STDERR] 💡 Recommendation: Use UV for better dependency management:
[2025-11-04 16:16:25] [STDERR]    uv venv && uv sync && uv run gleitzeit <command>
[2025-11-04 16:16:25] [STDERR] 
[2025-11-04 16:16:25] [STDERR]    Learn more: https://docs.astral.sh/uv/
[2025-11-04 16:16:25] [STDERR] 
[2025-11-04 16:16:25] [STDOUT] 📄 Loading configuration from: gleitzeit.yaml
[2025-11-04 16:16:25] [STDERR] 2025-11-04 16:16:25,992 - gleitzeit.orchestrator.component_orchestrator - INFO - Loaded handler configs for: ['python/v1', 'ollama/v1', 'http/v1', 'file/v1', 'timer/v1', 'signal/v1', 'workflow/v1']
[2025-11-04 16:16:25] [STDERR] 2025-11-04 16:16:25,992 - gleitzeit.orchestrator.component_orchestrator - INFO - Initializing ComponentOrchestrator
[2025-11-04 16:16:25] [STDERR] 2025-11-04 16:16:25,992 - gleitzeit.orchestrator.component_orchestrator - INFO - Loaded 10 worker specifications
[2025-11-04 16:16:25] [STDERR] 2025-11-04 16:16:25,992 - gleitzeit.orchestrator.component_orchestrator - INFO - ComponentOrchestrator initialized
[2025-11-04 16:16:25] [STDOUT] 🚀 Component Orchestrator started
[2025-11-04 16:16:25] [STDOUT] Managing workers: api, ui, task_execution, dependency, workflow_loader, workflow_submission, retry, timer, signal, reconciliation
[2025-11-04 16:16:25] [STDERR] 2025-11-04 16:16:25,992 - gleitzeit.orchestrator.component_orchestrator - INFO - Starting ComponentOrchestrator
[2025-11-04 16:16:25] [STDERR] 2025-11-04 16:16:25,995 - gleitzeit.orchestrator.component_orchestrator - INFO - Orchestrator PID: 63336
[2025-11-04 16:16:25] [STDERR] 2025-11-04 16:16:25,995 - gleitzeit.orchestrator.component_orchestrator - INFO - Starting 1 api workers
[2025-11-04 16:16:25] [STDERR] 2025-11-04 16:16:25,995 - gleitzeit.orchestrator.component_orchestrator - INFO - Starting worker api-0 with shards [0, 1, 2, 3, 4, 5, 6, 7, 8, 9, 10, 11, 12, 13, 14, 15]
[2025-11-04 16:16:25] [STDERR] 2025-11-04 16:16:25,995 - gleitzeit.orchestrator.component_orchestrator - INFO - Stored config for api-0 at key: worker:config:api-0:27c3510c
[2025-11-04 16:16:25] [STDERR] 2025-11-04 16:16:25,999 - gleitzeit.orchestrator.component_orchestrator - INFO - Starting 1 ui workers
[2025-11-04 16:16:25] [STDERR] 2025-11-04 16:16:25,999 - gleitzeit.orchestrator.component_orchestrator - INFO - Starting worker ui-0 with shards [0, 1, 2, 3, 4, 5, 6, 7, 8, 9, 10, 11, 12, 13, 14, 15]
[2025-11-04 16:16:25] [STDERR] 2025-11-04 16:16:25,999 - gleitzeit.orchestrator.component_orchestrator - INFO - Stored config for ui-0 at key: worker:config:ui-0:a6f900ac
[2025-11-04 16:16:26] [STDERR] 2025-11-04 16:16:26,002 - gleitzeit.orchestrator.component_orchestrator - INFO - Starting 2 task_execution workers
[2025-11-04 16:16:26] [STDERR] 2025-11-04 16:16:26,002 - gleitzeit.orchestrator.component_orchestrator - INFO - Starting worker task_execution-0 with shards [0, 2, 4, 6, 8, 10, 12, 14]
[2025-11-04 16:16:26] [STDERR] 2025-11-04 16:16:26,002 - gleitzeit.orchestrator.component_orchestrator - INFO - Stored config for task_execution-0 at key: worker:config:task_execution-0:a37c045d
[2025-11-04 16:16:26] [STDERR] 2025-11-04 16:16:26,006 - gleitzeit.orchestrator.component_orchestrator - INFO - Starting worker task_execution-1 with shards [1, 3, 5, 7, 9, 11, 13, 15]
[2025-11-04 16:16:26] [STDERR] 2025-11-04 16:16:26,006 - gleitzeit.orchestrator.component_orchestrator - INFO - Stored config for task_execution-1 at key: worker:config:task_execution-1:cb19ba08
[2025-11-04 16:16:26] [STDERR] 2025-11-04 16:16:26,009 - gleitzeit.orchestrator.component_orchestrator - INFO - Starting 1 dependency workers
[2025-11-04 16:16:26] [STDERR] 2025-11-04 16:16:26,010 - gleitzeit.orchestrator.component_orchestrator - INFO - Starting worker dependency-0 with shards [0, 1, 2, 3, 4, 5, 6, 7, 8, 9, 10, 11, 12, 13, 14, 15]
[2025-11-04 16:16:26] [STDERR] 2025-11-04 16:16:26,010 - gleitzeit.orchestrator.component_orchestrator - INFO - Stored config for dependency-0 at key: worker:config:dependency-0:1829a9d3
[2025-11-04 16:16:26] [STDERR] 2025-11-04 16:16:26,015 - gleitzeit.orchestrator.component_orchestrator - INFO - Starting 2 workflow_loader workers
[2025-11-04 16:16:26] [STDERR] 2025-11-04 16:16:26,015 - gleitzeit.orchestrator.component_orchestrator - INFO - Starting worker workflow_loader-0 with shards [0, 2, 4, 6, 8, 10, 12, 14]
[2025-11-04 16:16:26] [STDERR] 2025-11-04 16:16:26,016 - gleitzeit.orchestrator.component_orchestrator - INFO - Stored config for workflow_loader-0 at key: worker:config:workflow_loader-0:38111799
[2025-11-04 16:16:26] [STDERR] 2025-11-04 16:16:26,030 - gleitzeit.orchestrator.component_orchestrator - INFO - Starting worker workflow_loader-1 with shards [1, 3, 5, 7, 9, 11, 13, 15]
[2025-11-04 16:16:26] [STDERR] 2025-11-04 16:16:26,030 - gleitzeit.orchestrator.component_orchestrator - INFO - Stored config for workflow_loader-1 at key: worker:config:workflow_loader-1:7ac7dd94
[2025-11-04 16:16:26] [STDERR] 2025-11-04 16:16:26,043 - gleitzeit.orchestrator.component_orchestrator - INFO - Starting 1 workflow_submission workers
[2025-11-04 16:16:26] [STDERR] 2025-11-04 16:16:26,043 - gleitzeit.orchestrator.component_orchestrator - INFO - Starting worker workflow_submission-0 with shards [0, 1, 2, 3, 4, 5, 6, 7, 8, 9, 10, 11, 12, 13, 14, 15]
[2025-11-04 16:16:26] [STDERR] 2025-11-04 16:16:26,047 - gleitzeit.orchestrator.component_orchestrator - INFO - Stored config for workflow_submission-0 at key: worker:config:workflow_submission-0:8bc1498e
[2025-11-04 16:16:26] [STDERR] 2025-11-04 16:16:26,082 - gleitzeit.orchestrator.component_orchestrator - INFO - Starting 1 retry workers
[2025-11-04 16:16:26] [STDERR] 2025-11-04 16:16:26,083 - gleitzeit.orchestrator.component_orchestrator - INFO - Starting worker retry-0 with shards [0, 1, 2, 3, 4, 5, 6, 7, 8, 9, 10, 11, 12, 13, 14, 15]
[2025-11-04 16:16:26] [STDERR] 2025-11-04 16:16:26,145 - gleitzeit.orchestrator.component_orchestrator - INFO - Stored config for retry-0 at key: worker:config:retry-0:089b75c4
[2025-11-04 16:16:26] [STDERR] 2025-11-04 16:16:26,235 - gleitzeit.orchestrator.component_orchestrator - INFO - Starting 2 timer workers
[2025-11-04 16:16:26] [STDERR] 2025-11-04 16:16:26,235 - gleitzeit.orchestrator.component_orchestrator - INFO - Starting worker timer-0 with shards [0, 2, 4, 6, 8, 10, 12, 14]
[2025-11-04 16:16:26] [STDERR] 2025-11-04 16:16:26,237 - gleitzeit.orchestrator.component_orchestrator - INFO - Stored config for timer-0 at key: worker:config:timer-0:c9c001e2
[2025-11-04 16:16:26] [STDERR] 2025-11-04 16:16:26,243 - gleitzeit.orchestrator.component_orchestrator - INFO - Starting worker timer-1 with shards [1, 3, 5, 7, 9, 11, 13, 15]
[2025-11-04 16:16:26] [STDERR] 2025-11-04 16:16:26,244 - gleitzeit.orchestrator.component_orchestrator - INFO - Stored config for timer-1 at key: worker:config:timer-1:9b4fcd1d
[2025-11-04 16:16:26] [STDERR] 2025-11-04 16:16:26,324 - gleitzeit.orchestrator.component_orchestrator - INFO - [api-0:stderr] 2025-11-04 16:16:26,324 - __main__ - INFO - Initialized worker instance identity: gleitzei-529d6f54
[2025-11-04 16:16:26] [STDERR] 2025-11-04 16:16:26,325 - gleitzeit.orchestrator.component_orchestrator - INFO - [api-0:stderr] 2025-11-04 16:16:26,325 - __main__ - INFO - Loading configuration from Redis key: worker:config:api-0:27c3510c
[2025-11-04 16:16:26] [STDERR] 2025-11-04 16:16:26,347 - gleitzeit.orchestrator.component_orchestrator - INFO - Starting 1 signal workers
[2025-11-04 16:16:26] [STDERR] 2025-11-04 16:16:26,347 - gleitzeit.orchestrator.component_orchestrator - INFO - Starting worker signal-0 with shards [0, 1, 2, 3, 4, 5, 6, 7, 8, 9, 10, 11, 12, 13, 14, 15]
[2025-11-04 16:16:26] [STDERR] 2025-11-04 16:16:26,349 - gleitzeit.orchestrator.component_orchestrator - INFO - Stored config for signal-0 at key: worker:config:signal-0:ca72a71c
[2025-11-04 16:16:26] [STDERR] 2025-11-04 16:16:26,355 - gleitzeit.orchestrator.component_orchestrator - INFO - [api-0:stderr] 2025-11-04 16:16:26,350 - __main__ - INFO - Loaded config for worker api-0
[2025-11-04 16:16:26] [STDERR] 2025-11-04 16:16:26,357 - gleitzeit.orchestrator.component_orchestrator - INFO - Starting 1 reconciliation workers
[2025-11-04 16:16:26] [STDERR] 2025-11-04 16:16:26,357 - gleitzeit.orchestrator.component_orchestrator - INFO - Starting worker reconciliation-0 with shards [0, 1, 2, 3, 4, 5, 6, 7, 8, 9, 10, 11, 12, 13, 14, 15]
[2025-11-04 16:16:26] [STDERR] 2025-11-04 16:16:26,357 - gleitzeit.orchestrator.component_orchestrator - INFO - Stored config for reconciliation-0 at key: worker:config:reconciliation-0:351a30ff
[2025-11-04 16:16:26] [STDERR] 2025-11-04 16:16:26,376 - gleitzeit.orchestrator.component_orchestrator - INFO - [api-0:stderr] 2025-11-04 16:16:26,375 - __main__ - INFO - Worker api-0 handler configs: ['python/v1', 'ollama/v1', 'http/v1', 'file/v1', 'timer/v1', 'signal/v1', 'workflow/v1']
[2025-11-04 16:16:26] [STDERR] 2025-11-04 16:16:26,377 - gleitzeit.orchestrator.component_orchestrator - INFO - [api-0:stderr] 2025-11-04 16:16:26,376 - gleitzeit.core.redis_cluster - INFO - Redis single instance initialized at localhost:6379
[2025-11-04 16:16:26] [STDERR] 2025-11-04 16:16:26,377 - gleitzeit.orchestrator.component_orchestrator - ERROR - [api-0:stderr] 2025-11-04 16:16:26,376 - api.api-0 - ERROR - Cannot start API: Port 8000 is already in use. Either stop the existing service or use --api-port to specify a different port.
[2025-11-04 16:16:26] [STDERR] 2025-11-04 16:16:26,378 - gleitzeit.orchestrator.component_orchestrator - ERROR - [api-0:stderr] 2025-11-04 16:16:26,376 - __main__ - ERROR - Worker failed: Cannot start API: Port 8000 is already in use. Either stop the existing service or use --api-port to specify a different port.
[2025-11-04 16:16:26] [STDERR] 2025-11-04 16:16:26,378 - gleitzeit.orchestrator.component_orchestrator - INFO - [api-0:stderr] Traceback (most recent call last):
[2025-11-04 16:16:26] [STDERR] 2025-11-04 16:16:26,378 - gleitzeit.orchestrator.component_orchestrator - INFO - [api-0:stderr] File "/Users/leifmarkthaler/github/gleitzeit 0.0.7/src/gleitzeit/workers/runner.py", line 116, in run_worker
[2025-11-04 16:16:26] [STDERR] 2025-11-04 16:16:26,378 - gleitzeit.orchestrator.component_orchestrator - INFO - [api-0:stderr] await worker.initialize()
[2025-11-04 16:16:26] [STDERR] 2025-11-04 16:16:26,379 - gleitzeit.orchestrator.component_orchestrator - INFO - [api-0:stderr] File "/Users/leifmarkthaler/github/gleitzeit 0.0.7/src/gleitzeit/workers/base.py", line 113, in initialize
[2025-11-04 16:16:26] [STDERR] 2025-11-04 16:16:26,379 - gleitzeit.orchestrator.component_orchestrator - INFO - [api-0:stderr] await self.on_initialize()
[2025-11-04 16:16:26] [STDERR] 2025-11-04 16:16:26,379 - gleitzeit.orchestrator.component_orchestrator - INFO - [api-0:stderr] File "/Users/leifmarkthaler/github/gleitzeit 0.0.7/src/gleitzeit/workers/api_worker.py", line 45, in on_initialize
[2025-11-04 16:16:26] [STDERR] 2025-11-04 16:16:26,379 - gleitzeit.orchestrator.component_orchestrator - INFO - [api-0:stderr] raise RuntimeError(error_msg)
[2025-11-04 16:16:26] [STDERR] 2025-11-04 16:16:26,379 - gleitzeit.orchestrator.component_orchestrator - INFO - [api-0:stderr] RuntimeError: Cannot start API: Port 8000 is already in use. Either stop the existing service or use --api-port to specify a different port.
[2025-11-04 16:16:26] [STDERR] 2025-11-04 16:16:26,380 - gleitzeit.orchestrator.component_orchestrator - INFO - [ui-0:stderr] 2025-11-04 16:16:26,379 - __main__ - INFO - Initialized worker instance identity: gleitzei-529d6f54
[2025-11-04 16:16:26] [STDERR] 2025-11-04 16:16:26,380 - gleitzeit.orchestrator.component_orchestrator - INFO - [ui-0:stderr] 2025-11-04 16:16:26,380 - __main__ - INFO - Loading configuration from Redis key: worker:config:ui-0:a6f900ac
[2025-11-04 16:16:26] [STDERR] 2025-11-04 16:16:26,415 - gleitzeit.orchestrator.component_orchestrator - INFO - [task_execution-1:stderr] 2025-11-04 16:16:26,415 - __main__ - INFO - Initialized worker instance identity: gleitzei-529d6f54
[2025-11-04 16:16:26] [STDERR] 2025-11-04 16:16:26,416 - gleitzeit.orchestrator.component_orchestrator - INFO - [task_execution-1:stderr] 2025-11-04 16:16:26,416 - __main__ - INFO - Loading configuration from Redis key: worker:config:task_execution-1:cb19ba08
[2025-11-04 16:16:26] [STDERR] 2025-11-04 16:16:26,429 - gleitzeit.orchestrator.component_orchestrator - INFO - [task_execution-0:stderr] 2025-11-04 16:16:26,429 - __main__ - INFO - Initialized worker instance identity: gleitzei-529d6f54
[2025-11-04 16:16:26] [STDERR] 2025-11-04 16:16:26,430 - gleitzeit.orchestrator.component_orchestrator - INFO - [task_execution-0:stderr] 2025-11-04 16:16:26,430 - __main__ - INFO - Loading configuration from Redis key: worker:config:task_execution-0:a37c045d
[2025-11-04 16:16:26] [STDERR] 2025-11-04 16:16:26,455 - gleitzeit.orchestrator.component_orchestrator - INFO - [workflow_loader-0:stderr] 2025-11-04 16:16:26,453 - __main__ - INFO - Initialized worker instance identity: gleitzei-529d6f54
[2025-11-04 16:16:26] [STDERR] 2025-11-04 16:16:26,456 - gleitzeit.orchestrator.component_orchestrator - INFO - [workflow_loader-0:stderr] 2025-11-04 16:16:26,453 - __main__ - INFO - Loading configuration from Redis key: worker:config:workflow_loader-0:38111799
[2025-11-04 16:16:26] [STDERR] 2025-11-04 16:16:26,467 - gleitzeit.orchestrator.component_orchestrator - INFO - [dependency-0:stderr] 2025-11-04 16:16:26,466 - __main__ - INFO - Initialized worker instance identity: gleitzei-529d6f54
[2025-11-04 16:16:26] [STDERR] 2025-11-04 16:16:26,467 - gleitzeit.orchestrator.component_orchestrator - INFO - [dependency-0:stderr] 2025-11-04 16:16:26,467 - __main__ - INFO - Loading configuration from Redis key: worker:config:dependency-0:1829a9d3
[2025-11-04 16:16:26] [STDERR] 2025-11-04 16:16:26,497 - gleitzeit.orchestrator.component_orchestrator - INFO - [dependency-0:stderr] 2025-11-04 16:16:26,496 - __main__ - INFO - Loaded config for worker dependency-0
[2025-11-04 16:16:26] [STDERR] 2025-11-04 16:16:26,497 - gleitzeit.orchestrator.component_orchestrator - INFO - [workflow_loader-0:stderr] 2025-11-04 16:16:26,496 - __main__ - INFO - Loaded config for worker workflow_loader-0
[2025-11-04 16:16:26] [STDERR] 2025-11-04 16:16:26,497 - gleitzeit.orchestrator.component_orchestrator - INFO - [task_execution-1:stderr] 2025-11-04 16:16:26,497 - __main__ - INFO - Loaded config for worker task_execution-1
[2025-11-04 16:16:26] [STDERR] 2025-11-04 16:16:26,498 - gleitzeit.orchestrator.component_orchestrator - INFO - [dependency-0:stderr] 2025-11-04 16:16:26,496 - __main__ - INFO - Worker dependency-0 handler configs: ['python/v1', 'ollama/v1', 'http/v1', 'file/v1', 'timer/v1', 'signal/v1', 'workflow/v1']
[2025-11-04 16:16:26] [STDERR] 2025-11-04 16:16:26,498 - gleitzeit.orchestrator.component_orchestrator - INFO - [workflow_loader-0:stderr] 2025-11-04 16:16:26,496 - __main__ - INFO - Worker workflow_loader-0 handler configs: ['python/v1', 'ollama/v1', 'http/v1', 'file/v1', 'timer/v1', 'signal/v1', 'workflow/v1']
[2025-11-04 16:16:26] [STDERR] 2025-11-04 16:16:26,498 - gleitzeit.orchestrator.component_orchestrator - INFO - [task_execution-0:stderr] 2025-11-04 16:16:26,497 - __main__ - INFO - Loaded config for worker task_execution-0
[2025-11-04 16:16:26] [STDERR] 2025-11-04 16:16:26,498 - gleitzeit.orchestrator.component_orchestrator - INFO - [task_execution-1:stderr] 2025-11-04 16:16:26,497 - __main__ - INFO - Worker task_execution-1 handler configs: ['python/v1', 'ollama/v1', 'http/v1', 'file/v1', 'timer/v1', 'signal/v1', 'workflow/v1']
[2025-11-04 16:16:26] [STDERR] 2025-11-04 16:16:26,499 - gleitzeit.orchestrator.component_orchestrator - INFO - [dependency-0:stderr] 2025-11-04 16:16:26,497 - gleitzeit.core.redis_cluster - INFO - Redis single instance initialized at localhost:6379
[2025-11-04 16:16:26] [STDERR] 2025-11-04 16:16:26,499 - gleitzeit.orchestrator.component_orchestrator - INFO - [workflow_loader-0:stderr] 2025-11-04 16:16:26,496 - gleitzeit.core.cache - INFO - Created workflow cache with max_size=1000, ttl=3600
[2025-11-04 16:16:26] [STDERR] 2025-11-04 16:16:26,500 - gleitzeit.orchestrator.component_orchestrator - INFO - [task_execution-0:stderr] 2025-11-04 16:16:26,497 - __main__ - INFO - Worker task_execution-0 handler configs: ['python/v1', 'ollama/v1', 'http/v1', 'file/v1', 'timer/v1', 'signal/v1', 'workflow/v1']
[2025-11-04 16:16:26] [STDERR] 2025-11-04 16:16:26,500 - gleitzeit.orchestrator.component_orchestrator - INFO - [task_execution-1:stderr] 2025-11-04 16:16:26,497 - gleitzeit.core.config_loader - INFO - Found configuration file at: /Users/leifmarkthaler/github/gleitzeit 0.0.7/config/instance_config.yaml
[2025-11-04 16:16:26] [STDERR] 2025-11-04 16:16:26,500 - gleitzeit.orchestrator.component_orchestrator - INFO - [dependency-0:stderr] 2025-11-04 16:16:26,497 - gleitzeit.workers.dependency_worker - INFO - DependencyWorker initialized
[2025-11-04 16:16:26] [STDERR] 2025-11-04 16:16:26,500 - gleitzeit.orchestrator.component_orchestrator - INFO - [workflow_loader-0:stderr] 2025-11-04 16:16:26,497 - gleitzeit.handlers.registry - INFO - Registered handler FileHandler for protocol file/v1
[2025-11-04 16:16:26] [STDERR] 2025-11-04 16:16:26,500 - gleitzeit.orchestrator.component_orchestrator - INFO - [task_execution-0:stderr] 2025-11-04 16:16:26,498 - gleitzeit.core.config_loader - INFO - Found configuration file at: /Users/leifmarkthaler/github/gleitzeit 0.0.7/config/instance_config.yaml
[2025-11-04 16:16:26] [STDERR] 2025-11-04 16:16:26,501 - gleitzeit.orchestrator.component_orchestrator - INFO - [dependency-0:stderr] 2025-11-04 16:16:26,497 - gleitzeit.workers.dependency_worker - INFO - Dependency cache configured: size=500, ttl=1800s
[2025-11-04 16:16:26] [STDERR] 2025-11-04 16:16:26,501 - gleitzeit.orchestrator.component_orchestrator - INFO - [ui-0:stderr] 2025-11-04 16:16:26,500 - __main__ - INFO - Loaded config for worker ui-0
[2025-11-04 16:16:26] [STDERR] 2025-11-04 16:16:26,508 - gleitzeit.orchestrator.component_orchestrator - INFO - [task_execution-1:stderr] 2025-11-04 16:16:26,507 - gleitzeit.handlers.registry - INFO - Registered handler FileHandler for protocol file/v1
[2025-11-04 16:16:26] [STDERR] 2025-11-04 16:16:26,513 - gleitzeit.orchestrator.component_orchestrator - INFO - [task_execution-0:stderr] 2025-11-04 16:16:26,513 - gleitzeit.handlers.registry - INFO - Registered handler FileHandler for protocol file/v1
[2025-11-04 16:16:26] [STDERR] 2025-11-04 16:16:26,541 - gleitzeit.orchestrator.component_orchestrator - INFO - [ui-0:stderr] 2025-11-04 16:16:26,541 - __main__ - INFO - Worker ui-0 handler configs: ['python/v1', 'ollama/v1', 'http/v1', 'file/v1', 'timer/v1', 'signal/v1', 'workflow/v1']
[2025-11-04 16:16:26] [STDERR] 2025-11-04 16:16:26,542 - gleitzeit.orchestrator.component_orchestrator - INFO - [ui-0:stderr] 2025-11-04 16:16:26,541 - gleitzeit.core.redis_cluster - INFO - Redis single instance initialized at localhost:6379
[2025-11-04 16:16:26] [STDERR] 2025-11-04 16:16:26,542 - gleitzeit.orchestrator.component_orchestrator - ERROR - [ui-0:stderr] 2025-11-04 16:16:26,541 - ui.ui-0 - ERROR - Cannot start UI: Port 8004 is already in use. Either stop the existing service or use --ui-port to specify a different port.
[2025-11-04 16:16:26] [STDERR] 2025-11-04 16:16:26,542 - gleitzeit.orchestrator.component_orchestrator - ERROR - [ui-0:stderr] 2025-11-04 16:16:26,541 - __main__ - ERROR - Worker failed: Cannot start UI: Port 8004 is already in use. Either stop the existing service or use --ui-port to specify a different port.
[2025-11-04 16:16:26] [STDERR] 2025-11-04 16:16:26,543 - gleitzeit.orchestrator.component_orchestrator - INFO - [ui-0:stderr] Traceback (most recent call last):
[2025-11-04 16:16:26] [STDERR] 2025-11-04 16:16:26,543 - gleitzeit.orchestrator.component_orchestrator - INFO - [ui-0:stderr] File "/Users/leifmarkthaler/github/gleitzeit 0.0.7/src/gleitzeit/workers/runner.py", line 116, in run_worker
[2025-11-04 16:16:26] [STDERR] 2025-11-04 16:16:26,543 - gleitzeit.orchestrator.component_orchestrator - INFO - [ui-0:stderr] await worker.initialize()
[2025-11-04 16:16:26] [STDERR] 2025-11-04 16:16:26,543 - gleitzeit.orchestrator.component_orchestrator - INFO - [ui-0:stderr] File "/Users/leifmarkthaler/github/gleitzeit 0.0.7/src/gleitzeit/workers/base.py", line 113, in initialize
[2025-11-04 16:16:26] [STDERR] 2025-11-04 16:16:26,543 - gleitzeit.orchestrator.component_orchestrator - INFO - [ui-0:stderr] await self.on_initialize()
[2025-11-04 16:16:26] [STDERR] 2025-11-04 16:16:26,543 - gleitzeit.orchestrator.component_orchestrator - INFO - [ui-0:stderr] File "/Users/leifmarkthaler/github/gleitzeit 0.0.7/src/gleitzeit/workers/ui_worker.py", line 46, in on_initialize
[2025-11-04 16:16:26] [STDERR] 2025-11-04 16:16:26,544 - gleitzeit.orchestrator.component_orchestrator - INFO - [ui-0:stderr] raise RuntimeError(error_msg)
[2025-11-04 16:16:26] [STDERR] 2025-11-04 16:16:26,544 - gleitzeit.orchestrator.component_orchestrator - INFO - [ui-0:stderr] RuntimeError: Cannot start UI: Port 8004 is already in use. Either stop the existing service or use --ui-port to specify a different port.
[2025-11-04 16:16:26] [STDERR] 2025-11-04 16:16:26,554 - gleitzeit.orchestrator.component_orchestrator - INFO - [workflow_submission-0:stderr] 2025-11-04 16:16:26,554 - __main__ - INFO - Initialized worker instance identity: gleitzei-529d6f54
[2025-11-04 16:16:26] [STDERR] 2025-11-04 16:16:26,555 - gleitzeit.orchestrator.component_orchestrator - INFO - [workflow_submission-0:stderr] 2025-11-04 16:16:26,554 - __main__ - INFO - Loading configuration from Redis key: worker:config:workflow_submission-0:8bc1498e
[2025-11-04 16:16:26] [STDERR] 2025-11-04 16:16:26,572 - gleitzeit.orchestrator.component_orchestrator - INFO - [workflow_submission-0:stderr] 2025-11-04 16:16:26,570 - __main__ - INFO - Loaded config for worker workflow_submission-0
[2025-11-04 16:16:26] [STDERR] 2025-11-04 16:16:26,572 - gleitzeit.orchestrator.component_orchestrator - INFO - [workflow_submission-0:stderr] 2025-11-04 16:16:26,570 - __main__ - INFO - Worker workflow_submission-0 handler configs: ['python/v1', 'ollama/v1', 'http/v1', 'file/v1', 'timer/v1', 'signal/v1', 'workflow/v1']
[2025-11-04 16:16:26] [STDERR] 2025-11-04 16:16:26,572 - gleitzeit.orchestrator.component_orchestrator - INFO - [workflow_submission-0:stderr] 2025-11-04 16:16:26,572 - gleitzeit.core.redis_cluster - INFO - Redis single instance initialized at localhost:6379
[2025-11-04 16:16:26] [STDERR] 2025-11-04 16:16:26,572 - gleitzeit.orchestrator.component_orchestrator - INFO - [workflow_submission-0:stderr] 2025-11-04 16:16:26,572 - gleitzeit.workers.workflow_submission_worker - INFO - WorkflowSubmissionWorker initialized with shards [0, 1, 2, 3, 4, 5, 6, 7, 8, 9, 10, 11, 12, 13, 14, 15] monitoring streams: ['workflow:submit']
[2025-11-04 16:16:26] [STDERR] 2025-11-04 16:16:26,578 - gleitzeit.orchestrator.component_orchestrator - INFO - [workflow_loader-1:stderr] 2025-11-04 16:16:26,578 - __main__ - INFO - Initialized worker instance identity: gleitzei-529d6f54
[2025-11-04 16:16:26] [STDERR] 2025-11-04 16:16:26,578 - gleitzeit.orchestrator.component_orchestrator - INFO - [workflow_submission-0:stderr] 2025-11-04 16:16:26,578 - workflow_submission.workflow_submission-0 - INFO - Worker workflow_submission-0 initialized with Redis Cluster, shards [0, 1, 2, 3, 4, 5, 6, 7, 8, 9, 10, 11, 12, 13, 14, 15]
[2025-11-04 16:16:26] [STDERR] 2025-11-04 16:16:26,579 - gleitzeit.orchestrator.component_orchestrator - INFO - [dependency-0:stderr] 2025-11-04 16:16:26,578 - dependency.dependency-0 - INFO - Worker dependency-0 initialized with Redis Cluster, shards [0, 1, 2, 3, 4, 5, 6, 7, 8, 9, 10, 11, 12, 13, 14, 15]
[2025-11-04 16:16:26] [STDERR] 2025-11-04 16:16:26,579 - gleitzeit.orchestrator.component_orchestrator - INFO - [workflow_loader-1:stderr] 2025-11-04 16:16:26,578 - __main__ - INFO - Loading configuration from Redis key: worker:config:workflow_loader-1:7ac7dd94
[2025-11-04 16:16:26] [STDERR] 2025-11-04 16:16:26,579 - gleitzeit.orchestrator.component_orchestrator - INFO - [workflow_submission-0:stderr] 2025-11-04 16:16:26,578 - __main__ - INFO - Worker workflow_submission-0 started successfully
[2025-11-04 16:16:26] [STDERR] 2025-11-04 16:16:26,579 - gleitzeit.orchestrator.component_orchestrator - INFO - [dependency-0:stderr] 2025-11-04 16:16:26,578 - __main__ - INFO - Worker dependency-0 started successfully
[2025-11-04 16:16:26] [STDERR] 2025-11-04 16:16:26,579 - gleitzeit.orchestrator.component_orchestrator - INFO - [workflow_submission-0:stderr] 2025-11-04 16:16:26,578 - __main__ - INFO - Handler configurations loaded for: ['python/v1', 'ollama/v1', 'http/v1', 'file/v1', 'timer/v1', 'signal/v1', 'workflow/v1']
[2025-11-04 16:16:26] [STDERR] 2025-11-04 16:16:26,579 - gleitzeit.orchestrator.component_orchestrator - INFO - [dependency-0:stderr] 2025-11-04 16:16:26,578 - __main__ - INFO - Handler configurations loaded for: ['python/v1', 'ollama/v1', 'http/v1', 'file/v1', 'timer/v1', 'signal/v1', 'workflow/v1']
[2025-11-04 16:16:26] [STDERR] 2025-11-04 16:16:26,580 - gleitzeit.orchestrator.component_orchestrator - INFO - [workflow_submission-0:stderr] 2025-11-04 16:16:26,578 - gleitzeit.workers.pending_recovery - INFO - Started pending recovery task for workflow_submission-0
[2025-11-04 16:16:26] [STDERR] 2025-11-04 16:16:26,580 - gleitzeit.orchestrator.component_orchestrator - INFO - [dependency-0:stderr] 2025-11-04 16:16:26,578 - gleitzeit.workers.pending_recovery - INFO - Started pending recovery task for dependency-0
[2025-11-04 16:16:26] [STDERR] 2025-11-04 16:16:26,587 - gleitzeit.orchestrator.component_orchestrator - INFO - [workflow_loader-1:stderr] 2025-11-04 16:16:26,587 - __main__ - INFO - Loaded config for worker workflow_loader-1
[2025-11-04 16:16:26] [STDERR] 2025-11-04 16:16:26,588 - gleitzeit.orchestrator.component_orchestrator - INFO - [workflow_loader-1:stderr] 2025-11-04 16:16:26,587 - __main__ - INFO - Worker workflow_loader-1 handler configs: ['python/v1', 'ollama/v1', 'http/v1', 'file/v1', 'timer/v1', 'signal/v1', 'workflow/v1']
[2025-11-04 16:16:26] [STDERR] 2025-11-04 16:16:26,588 - gleitzeit.orchestrator.component_orchestrator - INFO - [workflow_loader-1:stderr] 2025-11-04 16:16:26,587 - gleitzeit.core.cache - INFO - Created workflow cache with max_size=1000, ttl=3600
[2025-11-04 16:16:26] [STDERR] 2025-11-04 16:16:26,589 - gleitzeit.orchestrator.component_orchestrator - INFO - [workflow_loader-1:stderr] 2025-11-04 16:16:26,588 - gleitzeit.handlers.registry - INFO - Registered handler FileHandler for protocol file/v1
[2025-11-04 16:16:26] [STDERR] 2025-11-04 16:16:26,674 - gleitzeit.orchestrator.component_orchestrator - INFO - [retry-0:stderr] 2025-11-04 16:16:26,672 - __main__ - INFO - Initialized worker instance identity: gleitzei-529d6f54
[2025-11-04 16:16:26] [STDERR] 2025-11-04 16:16:26,675 - gleitzeit.orchestrator.component_orchestrator - INFO - [retry-0:stderr] 2025-11-04 16:16:26,673 - __main__ - INFO - Loading configuration from Redis key: worker:config:retry-0:089b75c4
[2025-11-04 16:16:26] [STDERR] 2025-11-04 16:16:26,680 - gleitzeit.orchestrator.component_orchestrator - INFO - [retry-0:stderr] 2025-11-04 16:16:26,680 - __main__ - INFO - Loaded config for worker retry-0
[2025-11-04 16:16:26] [STDERR] 2025-11-04 16:16:26,682 - gleitzeit.orchestrator.component_orchestrator - INFO - [retry-0:stderr] 2025-11-04 16:16:26,682 - __main__ - INFO - Worker retry-0 handler configs: ['python/v1', 'ollama/v1', 'http/v1', 'file/v1', 'timer/v1', 'signal/v1', 'workflow/v1']
[2025-11-04 16:16:26] [STDERR] 2025-11-04 16:16:26,683 - gleitzeit.orchestrator.component_orchestrator - INFO - [retry-0:stderr] 2025-11-04 16:16:26,682 - gleitzeit.workers.retry_worker - INFO - RetryWorker retry-0 initialized with batch_size=10
[2025-11-04 16:16:26] [STDERR] 2025-11-04 16:16:26,684 - gleitzeit.orchestrator.component_orchestrator - INFO - [retry-0:stderr] 2025-11-04 16:16:26,683 - gleitzeit.core.redis_cluster - INFO - Redis single instance initialized at localhost:6379
[2025-11-04 16:16:26] [STDERR] 2025-11-04 16:16:26,684 - gleitzeit.orchestrator.component_orchestrator - INFO - [retry-0:stderr] 2025-11-04 16:16:26,683 - gleitzeit.workers.retry_worker - INFO - RetryWorker retry-0 event store initialized
[2025-11-04 16:16:26] [STDERR] 2025-11-04 16:16:26,687 - gleitzeit.orchestrator.component_orchestrator - INFO - [retry-0:stderr] 2025-11-04 16:16:26,686 - retry.retry-0 - INFO - Worker retry-0 initialized with Redis Cluster, shards [0, 1, 2, 3, 4, 5, 6, 7, 8, 9, 10, 11, 12, 13, 14, 15]
[2025-11-04 16:16:26] [STDERR] 2025-11-04 16:16:26,687 - gleitzeit.orchestrator.component_orchestrator - INFO - [retry-0:stderr] 2025-11-04 16:16:26,686 - gleitzeit.workers.retry_worker - INFO - RetryWorker retry-0 initialized retry service
[2025-11-04 16:16:26] [STDERR] 2025-11-04 16:16:26,688 - gleitzeit.orchestrator.component_orchestrator - INFO - [retry-0:stderr] 2025-11-04 16:16:26,686 - __main__ - INFO - Worker retry-0 started successfully
[2025-11-04 16:16:26] [STDERR] 2025-11-04 16:16:26,688 - gleitzeit.orchestrator.component_orchestrator - INFO - [retry-0:stderr] 2025-11-04 16:16:26,686 - __main__ - INFO - Handler configurations loaded for: ['python/v1', 'ollama/v1', 'http/v1', 'file/v1', 'timer/v1', 'signal/v1', 'workflow/v1']
[2025-11-04 16:16:26] [STDERR] 2025-11-04 16:16:26,688 - gleitzeit.orchestrator.component_orchestrator - INFO - [retry-0:stderr] 2025-11-04 16:16:26,686 - gleitzeit.workers.pending_recovery - INFO - Started pending recovery task for retry-0
[2025-11-04 16:16:26] [STDERR] 2025-11-04 16:16:26,699 - gleitzeit.orchestrator.component_orchestrator - INFO - [timer-1:stderr] 2025-11-04 16:16:26,698 - __main__ - INFO - Initialized worker instance identity: gleitzei-529d6f54
[2025-11-04 16:16:26] [STDERR] 2025-11-04 16:16:26,699 - gleitzeit.orchestrator.component_orchestrator - INFO - [workflow_loader-0:stderr] 2025-11-04 16:16:26,699 - gleitzeit.handlers.registry - INFO - Registered handler HttpHandler for protocol http/v1
[2025-11-04 16:16:26] [STDERR] 2025-11-04 16:16:26,700 - gleitzeit.orchestrator.component_orchestrator - INFO - [timer-1:stderr] 2025-11-04 16:16:26,699 - __main__ - INFO - Loading configuration from Redis key: worker:config:timer-1:9b4fcd1d
[2025-11-04 16:16:26] [STDERR] 2025-11-04 16:16:26,701 - gleitzeit.orchestrator.component_orchestrator - INFO - [workflow_loader-0:stderr] 2025-11-04 16:16:26,700 - gleitzeit.handlers.registry - INFO - Registered handler OllamaHandler for protocol ollama/v1
[2025-11-04 16:16:26] [STDERR] 2025-11-04 16:16:26,701 - gleitzeit.orchestrator.component_orchestrator - INFO - [workflow_loader-0:stderr] 2025-11-04 16:16:26,701 - gleitzeit.handlers.registry - INFO - Registered handler PythonHandler for protocol python/v1
[2025-11-04 16:16:26] [STDERR] 2025-11-04 16:16:26,701 - gleitzeit.orchestrator.component_orchestrator - INFO - [workflow_loader-0:stderr] 2025-11-04 16:16:26,701 - gleitzeit.handlers.registry - INFO - Registered handler SignalHandler for protocol signal/v1
[2025-11-04 16:16:26] [STDERR] 2025-11-04 16:16:26,702 - gleitzeit.orchestrator.component_orchestrator - INFO - [workflow_loader-0:stderr] 2025-11-04 16:16:26,701 - gleitzeit.handlers.registry - INFO - Registered handler TimerHandler for protocol timer/v1
[2025-11-04 16:16:26] [STDERR] 2025-11-04 16:16:26,702 - gleitzeit.orchestrator.component_orchestrator - INFO - [workflow_loader-0:stderr] 2025-11-04 16:16:26,702 - gleitzeit.handlers.registry - INFO - Registered handler ValidationHandler for protocol validation/v1
[2025-11-04 16:16:26] [STDERR] 2025-11-04 16:16:26,702 - gleitzeit.orchestrator.component_orchestrator - INFO - [workflow_loader-0:stderr] 2025-11-04 16:16:26,702 - gleitzeit.handlers.registry - INFO - Registered handler WorkflowHandler for protocol workflow/v1
[2025-11-04 16:16:26] [STDERR] 2025-11-04 16:16:26,703 - gleitzeit.orchestrator.component_orchestrator - INFO - [workflow_loader-0:stderr] 2025-11-04 16:16:26,702 - gleitzeit.handlers - INFO - Auto-discovered 8 handler modules: file, http, ollama, python, signal, timer, validation, workflow
[2025-11-04 16:16:26] [STDERR] 2025-11-04 16:16:26,703 - gleitzeit.orchestrator.component_orchestrator - INFO - [workflow_loader-0:stderr] 2025-11-04 16:16:26,702 - gleitzeit.workers.workflow_loader_worker_v2 - INFO - Built protocol mappings from handler registry with 24 task types
[2025-11-04 16:16:26] [STDERR] 2025-11-04 16:16:26,703 - gleitzeit.orchestrator.component_orchestrator - INFO - [workflow_loader-0:stderr] 2025-11-04 16:16:26,702 - gleitzeit.core.redis_cluster - INFO - Redis single instance initialized at localhost:6379
[2025-11-04 16:16:26] [STDERR] 2025-11-04 16:16:26,704 - gleitzeit.orchestrator.component_orchestrator - INFO - [workflow_loader-0:stderr] 2025-11-04 16:16:26,702 - gleitzeit.workers.workflow_loader_worker_v2 - INFO - WorkflowLoaderWorkerV2 initialized with max tasks: 10000
[2025-11-04 16:16:26] [STDERR] 2025-11-04 16:16:26,704 - gleitzeit.orchestrator.component_orchestrator - INFO - [workflow_loader-0:stderr] 2025-11-04 16:16:26,702 - gleitzeit.workers.workflow_loader_worker_v2 - INFO - Workflow cache configured: size=1000, ttl=3600s
[2025-11-04 16:16:26] [STDERR] 2025-11-04 16:16:26,704 - gleitzeit.orchestrator.component_orchestrator - INFO - [workflow_loader-0:stderr] 2025-11-04 16:16:26,702 - gleitzeit.workers.workflow_loader_worker_v2 - INFO - Available protocols: ['file/v1', 'http/v1', 'ollama/v1', 'python/v1', 'signal/v1', 'timer/v1', 'validation/v1', 'workflow/v1']
[2025-11-04 16:16:26] [STDERR] 2025-11-04 16:16:26,716 - gleitzeit.orchestrator.component_orchestrator - INFO - [timer-0:stderr] 2025-11-04 16:16:26,715 - __main__ - INFO - Initialized worker instance identity: gleitzei-529d6f54
[2025-11-04 16:16:26] [STDERR] 2025-11-04 16:16:26,717 - gleitzeit.orchestrator.component_orchestrator - INFO - [timer-0:stderr] 2025-11-04 16:16:26,716 - __main__ - INFO - Loading configuration from Redis key: worker:config:timer-0:c9c001e2
[2025-11-04 16:16:26] [STDERR] 2025-11-04 16:16:26,718 - gleitzeit.orchestrator.component_orchestrator - INFO - [task_execution-1:stderr] 2025-11-04 16:16:26,717 - gleitzeit.handlers.registry - INFO - Registered handler HttpHandler for protocol http/v1
[2025-11-04 16:16:26] [STDERR] 2025-11-04 16:16:26,720 - gleitzeit.orchestrator.component_orchestrator - INFO - [task_execution-0:stderr] 2025-11-04 16:16:26,719 - gleitzeit.handlers.registry - INFO - Registered handler HttpHandler for protocol http/v1
[2025-11-04 16:16:26] [STDERR] 2025-11-04 16:16:26,720 - gleitzeit.orchestrator.component_orchestrator - INFO - [timer-1:stderr] 2025-11-04 16:16:26,719 - __main__ - INFO - Loaded config for worker timer-1
[2025-11-04 16:16:26] [STDERR] 2025-11-04 16:16:26,720 - gleitzeit.orchestrator.component_orchestrator - INFO - [task_execution-1:stderr] 2025-11-04 16:16:26,720 - gleitzeit.handlers.registry - INFO - Registered handler OllamaHandler for protocol ollama/v1
[2025-11-04 16:16:26] [STDERR] 2025-11-04 16:16:26,720 - gleitzeit.orchestrator.component_orchestrator - INFO - [timer-1:stderr] 2025-11-04 16:16:26,720 - __main__ - INFO - Worker timer-1 handler configs: ['python/v1', 'ollama/v1', 'http/v1', 'file/v1', 'timer/v1', 'signal/v1', 'workflow/v1']
[2025-11-04 16:16:26] [STDERR] 2025-11-04 16:16:26,720 - gleitzeit.orchestrator.component_orchestrator - INFO - [timer-1:stderr] 2025-11-04 16:16:26,720 - gleitzeit.core.redis_cluster - INFO - Redis single instance initialized at localhost:6379
[2025-11-04 16:16:26] [STDERR] 2025-11-04 16:16:26,721 - gleitzeit.orchestrator.component_orchestrator - INFO - [task_execution-1:stderr] 2025-11-04 16:16:26,721 - gleitzeit.handlers.registry - INFO - Registered handler PythonHandler for protocol python/v1
[2025-11-04 16:16:26] [STDERR] 2025-11-04 16:16:26,721 - gleitzeit.orchestrator.component_orchestrator - INFO - [task_execution-1:stderr] 2025-11-04 16:16:26,721 - gleitzeit.handlers.registry - INFO - Registered handler SignalHandler for protocol signal/v1
[2025-11-04 16:16:26] [STDERR] 2025-11-04 16:16:26,721 - gleitzeit.orchestrator.component_orchestrator - INFO - [task_execution-1:stderr] 2025-11-04 16:16:26,721 - gleitzeit.handlers.registry - INFO - Registered handler TimerHandler for protocol timer/v1
[2025-11-04 16:16:26] [STDERR] 2025-11-04 16:16:26,722 - gleitzeit.orchestrator.component_orchestrator - INFO - [task_execution-0:stderr] 2025-11-04 16:16:26,722 - gleitzeit.handlers.registry - INFO - Registered handler OllamaHandler for protocol ollama/v1
[2025-11-04 16:16:26] [STDERR] 2025-11-04 16:16:26,722 - gleitzeit.orchestrator.component_orchestrator - INFO - [task_execution-1:stderr] 2025-11-04 16:16:26,722 - gleitzeit.handlers.registry - INFO - Registered handler ValidationHandler for protocol validation/v1
[2025-11-04 16:16:26] [STDERR] 2025-11-04 16:16:26,722 - gleitzeit.orchestrator.component_orchestrator - INFO - [task_execution-1:stderr] 2025-11-04 16:16:26,722 - gleitzeit.handlers.registry - INFO - Registered handler WorkflowHandler for protocol workflow/v1
[2025-11-04 16:16:26] [STDERR] 2025-11-04 16:16:26,722 - gleitzeit.orchestrator.component_orchestrator - INFO - [task_execution-1:stderr] 2025-11-04 16:16:26,722 - gleitzeit.handlers - INFO - Auto-discovered 8 handler modules: file, http, ollama, python, signal, timer, validation, workflow
[2025-11-04 16:16:26] [STDERR] 2025-11-04 16:16:26,722 - gleitzeit.orchestrator.component_orchestrator - INFO - [task_execution-1:stderr] 2025-11-04 16:16:26,722 - gleitzeit.workers.task_execution_worker - INFO - Found handler configurations for: ['python/v1', 'ollama/v1', 'http/v1', 'file/v1', 'timer/v1', 'signal/v1', 'workflow/v1']
[2025-11-04 16:16:26] [STDERR] 2025-11-04 16:16:26,722 - gleitzeit.orchestrator.component_orchestrator - INFO - [task_execution-1:stderr] 2025-11-04 16:16:26,722 - gleitzeit.handlers.base - INFO - Handler FileHandler initialized with ID: 22749aba-3b47-47e4-a728-2c142e660799
[2025-11-04 16:16:26] [STDERR] 2025-11-04 16:16:26,722 - gleitzeit.orchestrator.component_orchestrator - INFO - [task_execution-1:stderr] 2025-11-04 16:16:26,722 - gleitzeit.workers.task_execution_worker - INFO - Loaded handler for protocol file/v1: FileHandler (ID: 22749aba)
[2025-11-04 16:16:26] [STDERR] 2025-11-04 16:16:26,723 - gleitzeit.orchestrator.component_orchestrator - INFO - [task_execution-1:stderr] 2025-11-04 16:16:26,722 - gleitzeit.workers.task_execution_worker - INFO -   Handler config keys: ['base_directories', 'max_file_size_mb', 'execution_mode', 'worker_id']
[2025-11-04 16:16:26] [STDERR] 2025-11-04 16:16:26,723 - gleitzeit.orchestrator.component_orchestrator - INFO - [task_execution-0:stderr] 2025-11-04 16:16:26,722 - gleitzeit.handlers.registry - INFO - Registered handler PythonHandler for protocol python/v1
[2025-11-04 16:16:26] [STDERR] 2025-11-04 16:16:26,723 - gleitzeit.orchestrator.component_orchestrator - INFO - [task_execution-1:stderr] 2025-11-04 16:16:26,722 - gleitzeit.handlers.base - INFO - Handler HttpHandler initialized with ID: 6cc98590-b115-4b31-bc12-66bc82c1cb94
[2025-11-04 16:16:26] [STDERR] 2025-11-04 16:16:26,723 - gleitzeit.orchestrator.component_orchestrator - INFO - [task_execution-0:stderr] 2025-11-04 16:16:26,722 - gleitzeit.handlers.registry - INFO - Registered handler SignalHandler for protocol signal/v1
[2025-11-04 16:16:26] [STDERR] 2025-11-04 16:16:26,723 - gleitzeit.orchestrator.component_orchestrator - INFO - [task_execution-1:stderr] 2025-11-04 16:16:26,722 - gleitzeit.workers.task_execution_worker - INFO - Loaded handler for protocol http/v1: HttpHandler (ID: 6cc98590)
[2025-11-04 16:16:26] [STDERR] 2025-11-04 16:16:26,723 - gleitzeit.orchestrator.component_orchestrator - INFO - [task_execution-0:stderr] 2025-11-04 16:16:26,723 - gleitzeit.handlers.registry - INFO - Registered handler TimerHandler for protocol timer/v1
[2025-11-04 16:16:26] [STDERR] 2025-11-04 16:16:26,723 - gleitzeit.orchestrator.component_orchestrator - INFO - [task_execution-1:stderr] 2025-11-04 16:16:26,722 - gleitzeit.workers.task_execution_worker - INFO -   Handler config keys: ['timeout', 'max_retries', 'allowed_hosts', 'default_headers', 'execution_mode', 'worker_id']
[2025-11-04 16:16:26] [STDERR] 2025-11-04 16:16:26,724 - gleitzeit.orchestrator.component_orchestrator - INFO - [workflow_loader-0:stderr] 2025-11-04 16:16:26,723 - workflow_loader.workflow_loader-0 - INFO - Worker workflow_loader-0 initialized with Redis Cluster, shards [0, 2, 4, 6, 8, 10, 12, 14]
[2025-11-04 16:16:26] [STDERR] 2025-11-04 16:16:26,724 - gleitzeit.orchestrator.component_orchestrator - INFO - [task_execution-1:stderr] 2025-11-04 16:16:26,722 - gleitzeit.handlers.base - INFO - Handler OllamaHandler initialized with ID: a80c350a-a3be-4eb6-87c5-9e96b75d869c
[2025-11-04 16:16:26] [STDERR] 2025-11-04 16:16:26,724 - gleitzeit.orchestrator.component_orchestrator - INFO - [workflow_loader-0:stderr] 2025-11-04 16:16:26,723 - __main__ - INFO - Worker workflow_loader-0 started successfully
[2025-11-04 16:16:26] [STDERR] 2025-11-04 16:16:26,724 - gleitzeit.orchestrator.component_orchestrator - INFO - [task_execution-1:stderr] 2025-11-04 16:16:26,722 - gleitzeit.core.circuit_breaker - INFO - Circuit breaker 'ollama_http://localhost:11434' initialized with threshold=5
[2025-11-04 16:16:26] [STDERR] 2025-11-04 16:16:26,724 - gleitzeit.orchestrator.component_orchestrator - INFO - [task_execution-0:stderr] 2025-11-04 16:16:26,723 - gleitzeit.handlers.registry - INFO - Registered handler ValidationHandler for protocol validation/v1
[2025-11-04 16:16:26] [STDERR] 2025-11-04 16:16:26,724 - gleitzeit.orchestrator.component_orchestrator - INFO - [workflow_loader-0:stderr] 2025-11-04 16:16:26,723 - __main__ - INFO - Handler configurations loaded for: ['python/v1', 'ollama/v1', 'http/v1', 'file/v1', 'timer/v1', 'signal/v1', 'workflow/v1']
[2025-11-04 16:16:26] [STDERR] 2025-11-04 16:16:26,724 - gleitzeit.orchestrator.component_orchestrator - INFO - [task_execution-1:stderr] 2025-11-04 16:16:26,722 - gleitzeit.workers.task_execution_worker - INFO - Loaded handler for protocol ollama/v1: OllamaHandler (ID: a80c350a)
[2025-11-04 16:16:26] [STDERR] 2025-11-04 16:16:26,724 - gleitzeit.orchestrator.component_orchestrator - INFO - [task_execution-0:stderr] 2025-11-04 16:16:26,723 - gleitzeit.handlers.registry - INFO - Registered handler WorkflowHandler for protocol workflow/v1
[2025-11-04 16:16:26] [STDERR] 2025-11-04 16:16:26,724 - gleitzeit.orchestrator.component_orchestrator - INFO - [workflow_loader-0:stderr] 2025-11-04 16:16:26,724 - gleitzeit.workers.pending_recovery - INFO - Started pending recovery task for workflow_loader-0
[2025-11-04 16:16:26] [STDERR] 2025-11-04 16:16:26,724 - gleitzeit.orchestrator.component_orchestrator - INFO - [task_execution-1:stderr] 2025-11-04 16:16:26,722 - gleitzeit.workers.task_execution_worker - INFO -   Handler config keys: ['base_url', 'timeout', 'default_model', 'worker_id']
[2025-11-04 16:16:26] [STDERR] 2025-11-04 16:16:26,724 - gleitzeit.orchestrator.component_orchestrator - INFO - [task_execution-0:stderr] 2025-11-04 16:16:26,724 - gleitzeit.handlers - INFO - Auto-discovered 8 handler modules: file, http, ollama, python, signal, timer, validation, workflow
[2025-11-04 16:16:26] [STDERR] 2025-11-04 16:16:26,725 - gleitzeit.orchestrator.component_orchestrator - INFO - [task_execution-1:stderr] 2025-11-04 16:16:26,722 - gleitzeit.handlers.base - INFO - Handler PythonHandler initialized with ID: 000a828f-7964-4fa0-b9d0-e539ac0c9860
[2025-11-04 16:16:26] [STDERR] 2025-11-04 16:16:26,725 - gleitzeit.orchestrator.component_orchestrator - INFO - [task_execution-0:stderr] 2025-11-04 16:16:26,724 - gleitzeit.workers.task_execution_worker - INFO - Found handler configurations for: ['python/v1', 'ollama/v1', 'http/v1', 'file/v1', 'timer/v1', 'signal/v1', 'workflow/v1']
[2025-11-04 16:16:26] [STDERR] 2025-11-04 16:16:26,725 - gleitzeit.orchestrator.component_orchestrator - INFO - [task_execution-1:stderr] 2025-11-04 16:16:26,723 - gleitzeit.handlers.python - INFO - Python handler will use subprocess pool (min=2, max=20)
[2025-11-04 16:16:26] [STDERR] 2025-11-04 16:16:26,725 - gleitzeit.orchestrator.component_orchestrator - INFO - [task_execution-0:stderr] 2025-11-04 16:16:26,724 - gleitzeit.handlers.base - INFO - Handler FileHandler initialized with ID: 05d3ba88-e6e9-4517-b557-8d3b16fbf70d
[2025-11-04 16:16:26] [STDERR] 2025-11-04 16:16:26,725 - gleitzeit.orchestrator.component_orchestrator - INFO - [task_execution-1:stderr] 2025-11-04 16:16:26,723 - gleitzeit.workers.task_execution_worker - INFO - Loaded handler for protocol python/v1: PythonHandler (ID: 000a828f)
[2025-11-04 16:16:26] [STDERR] 2025-11-04 16:16:26,725 - gleitzeit.orchestrator.component_orchestrator - INFO - [task_execution-0:stderr] 2025-11-04 16:16:26,724 - gleitzeit.workers.task_execution_worker - INFO - Loaded handler for protocol file/v1: FileHandler (ID: 05d3ba88)
[2025-11-04 16:16:26] [STDERR] 2025-11-04 16:16:26,725 - gleitzeit.orchestrator.component_orchestrator - INFO - [task_execution-1:stderr] 2025-11-04 16:16:26,723 - gleitzeit.workers.task_execution_worker - INFO -   Handler config keys: ['subprocess_pool_enabled', 'subprocess_pool_max_size', 'default_timeout', 'worker_id']
[2025-11-04 16:16:26] [STDERR] 2025-11-04 16:16:26,725 - gleitzeit.orchestrator.component_orchestrator - INFO - [task_execution-0:stderr] 2025-11-04 16:16:26,724 - gleitzeit.workers.task_execution_worker - INFO -   Handler config keys: ['base_directories', 'max_file_size_mb', 'execution_mode', 'worker_id']
[2025-11-04 16:16:26] [STDERR] 2025-11-04 16:16:26,725 - gleitzeit.orchestrator.component_orchestrator - INFO - [task_execution-1:stderr] 2025-11-04 16:16:26,723 - gleitzeit.handlers.base - INFO - Handler SignalHandler initialized with ID: 2fe0fa3a-e6c9-403f-b074-1c33f3911a94
[2025-11-04 16:16:26] [STDERR] 2025-11-04 16:16:26,725 - gleitzeit.orchestrator.component_orchestrator - INFO - [task_execution-0:stderr] 2025-11-04 16:16:26,724 - gleitzeit.handlers.base - INFO - Handler HttpHandler initialized with ID: bf128e6f-252a-46d0-95b5-29ba1d35fd25
[2025-11-04 16:16:26] [STDERR] 2025-11-04 16:16:26,726 - gleitzeit.orchestrator.component_orchestrator - INFO - [task_execution-1:stderr] 2025-11-04 16:16:26,723 - gleitzeit.workers.task_execution_worker - INFO - Loaded handler for protocol signal/v1: SignalHandler (ID: 2fe0fa3a)
[2025-11-04 16:16:26] [STDERR] 2025-11-04 16:16:26,726 - gleitzeit.orchestrator.component_orchestrator - INFO - [task_execution-0:stderr] 2025-11-04 16:16:26,724 - gleitzeit.workers.task_execution_worker - INFO - Loaded handler for protocol http/v1: HttpHandler (ID: bf128e6f)
[2025-11-04 16:16:26] [STDERR] 2025-11-04 16:16:26,726 - gleitzeit.orchestrator.component_orchestrator - INFO - [task_execution-1:stderr] 2025-11-04 16:16:26,723 - gleitzeit.workers.task_execution_worker - INFO -   Handler config keys: ['delivery_mode', 'max_signals_per_workflow', 'signal_registry_ttl', 'execution_mode', 'worker_id']
[2025-11-04 16:16:26] [STDERR] 2025-11-04 16:16:26,726 - gleitzeit.orchestrator.component_orchestrator - INFO - [task_execution-0:stderr] 2025-11-04 16:16:26,724 - gleitzeit.workers.task_execution_worker - INFO -   Handler config keys: ['timeout', 'max_retries', 'allowed_hosts', 'default_headers', 'execution_mode', 'worker_id']
[2025-11-04 16:16:26] [STDERR] 2025-11-04 16:16:26,726 - gleitzeit.orchestrator.component_orchestrator - INFO - [task_execution-1:stderr] 2025-11-04 16:16:26,723 - gleitzeit.handlers.base - INFO - Handler TimerHandler initialized with ID: 05523908-ca7d-4a2c-b71f-3981bcd45483
[2025-11-04 16:16:26] [STDERR] 2025-11-04 16:16:26,726 - gleitzeit.orchestrator.component_orchestrator - INFO - [task_execution-0:stderr] 2025-11-04 16:16:26,724 - gleitzeit.handlers.base - INFO - Handler OllamaHandler initialized with ID: 5bd8abda-4c77-4e04-9dbd-17aa4270e189
[2025-11-04 16:16:26] [STDERR] 2025-11-04 16:16:26,726 - gleitzeit.orchestrator.component_orchestrator - INFO - [task_execution-1:stderr] 2025-11-04 16:16:26,723 - gleitzeit.workers.task_execution_worker - INFO - Loaded handler for protocol timer/v1: TimerHandler (ID: 05523908)
[2025-11-04 16:16:26] [STDERR] 2025-11-04 16:16:26,726 - gleitzeit.orchestrator.component_orchestrator - INFO - [task_execution-0:stderr] 2025-11-04 16:16:26,724 - gleitzeit.core.circuit_breaker - INFO - Circuit breaker 'ollama_http://localhost:11434' initialized with threshold=5
[2025-11-04 16:16:26] [STDERR] 2025-11-04 16:16:26,726 - gleitzeit.orchestrator.component_orchestrator - INFO - [task_execution-1:stderr] 2025-11-04 16:16:26,723 - gleitzeit.workers.task_execution_worker - INFO -   Handler config keys: ['precision_ms', 'backend', 'execution_mode', 'worker_id']
[2025-11-04 16:16:26] [STDERR] 2025-11-04 16:16:26,726 - gleitzeit.orchestrator.component_orchestrator - INFO - [task_execution-0:stderr] 2025-11-04 16:16:26,724 - gleitzeit.workers.task_execution_worker - INFO - Loaded handler for protocol ollama/v1: OllamaHandler (ID: 5bd8abda)
[2025-11-04 16:16:26] [STDERR] 2025-11-04 16:16:26,726 - gleitzeit.orchestrator.component_orchestrator - INFO - [task_execution-1:stderr] 2025-11-04 16:16:26,723 - gleitzeit.handlers.base - INFO - Handler ValidationHandler initialized with ID: 2eeab68a-68b2-4444-ace8-86c0161e8fa9
[2025-11-04 16:16:26] [STDERR] 2025-11-04 16:16:26,727 - gleitzeit.orchestrator.component_orchestrator - INFO - [task_execution-0:stderr] 2025-11-04 16:16:26,724 - gleitzeit.workers.task_execution_worker - INFO -   Handler config keys: ['base_url', 'timeout', 'default_model', 'worker_id']
[2025-11-04 16:16:26] [STDERR] 2025-11-04 16:16:26,727 - gleitzeit.orchestrator.component_orchestrator - INFO - [task_execution-1:stderr] 2025-11-04 16:16:26,723 - gleitzeit.workers.task_execution_worker - INFO - Loaded handler for protocol validation/v1: ValidationHandler (ID: 2eeab68a)
[2025-11-04 16:16:26] [STDERR] 2025-11-04 16:16:26,727 - gleitzeit.orchestrator.component_orchestrator - INFO - [task_execution-0:stderr] 2025-11-04 16:16:26,724 - gleitzeit.handlers.base - INFO - Handler PythonHandler initialized with ID: 7db2dfc2-34a7-4b39-a5cf-849534039e4d
[2025-11-04 16:16:26] [STDERR] 2025-11-04 16:16:26,727 - gleitzeit.orchestrator.component_orchestrator - INFO - [task_execution-1:stderr] 2025-11-04 16:16:26,723 - gleitzeit.workers.task_execution_worker - INFO -   Handler config keys: ['worker_id']
[2025-11-04 16:16:26] [STDERR] 2025-11-04 16:16:26,727 - gleitzeit.orchestrator.component_orchestrator - INFO - [task_execution-0:stderr] 2025-11-04 16:16:26,724 - gleitzeit.handlers.python - INFO - Python handler will use subprocess pool (min=2, max=20)
[2025-11-04 16:16:26] [STDERR] 2025-11-04 16:16:26,727 - gleitzeit.orchestrator.component_orchestrator - INFO - [task_execution-1:stderr] 2025-11-04 16:16:26,723 - gleitzeit.handlers.base - INFO - Handler WorkflowHandler initialized with ID: 85331e55-2a80-4c9f-a4ea-9ef4d57a35f8
[2025-11-04 16:16:26] [STDERR] 2025-11-04 16:16:26,727 - gleitzeit.orchestrator.component_orchestrator - INFO - [task_execution-0:stderr] 2025-11-04 16:16:26,725 - gleitzeit.workers.task_execution_worker - INFO - Loaded handler for protocol python/v1: PythonHandler (ID: 7db2dfc2)
[2025-11-04 16:16:26] [STDERR] 2025-11-04 16:16:26,728 - gleitzeit.orchestrator.component_orchestrator - INFO - [task_execution-1:stderr] 2025-11-04 16:16:26,723 - gleitzeit.workers.task_execution_worker - INFO - Loaded handler for protocol workflow/v1: WorkflowHandler (ID: 85331e55)
[2025-11-04 16:16:26] [STDERR] 2025-11-04 16:16:26,728 - gleitzeit.orchestrator.component_orchestrator - INFO - [task_execution-0:stderr] 2025-11-04 16:16:26,725 - gleitzeit.workers.task_execution_worker - INFO -   Handler config keys: ['subprocess_pool_enabled', 'subprocess_pool_max_size', 'default_timeout', 'worker_id']
[2025-11-04 16:16:26] [STDERR] 2025-11-04 16:16:26,728 - gleitzeit.orchestrator.component_orchestrator - INFO - [task_execution-1:stderr] 2025-11-04 16:16:26,723 - gleitzeit.workers.task_execution_worker - INFO -   Handler config keys: ['max_child_workflows', 'async_submission', 'execution_mode', 'worker_id']
[2025-11-04 16:16:26] [STDERR] 2025-11-04 16:16:26,728 - gleitzeit.orchestrator.component_orchestrator - INFO - [task_execution-0:stderr] 2025-11-04 16:16:26,725 - gleitzeit.handlers.base - INFO - Handler SignalHandler initialized with ID: 10915805-acfd-4f07-8c80-c557d67a34c3
[2025-11-04 16:16:26] [STDERR] 2025-11-04 16:16:26,728 - gleitzeit.orchestrator.component_orchestrator - INFO - [task_execution-1:stderr] 2025-11-04 16:16:26,723 - gleitzeit.workers.task_execution_worker - INFO - Worker initialized with 8 handlers: ['file/v1', 'http/v1', 'ollama/v1', 'python/v1', 'signal/v1', 'timer/v1', 'validation/v1', 'workflow/v1']
[2025-11-04 16:16:26] [STDERR] 2025-11-04 16:16:26,728 - gleitzeit.orchestrator.component_orchestrator - INFO - [task_execution-0:stderr] 2025-11-04 16:16:26,725 - gleitzeit.workers.task_execution_worker - INFO - Loaded handler for protocol signal/v1: SignalHandler (ID: 10915805)
[2025-11-04 16:16:26] [STDERR] 2025-11-04 16:16:26,728 - gleitzeit.orchestrator.component_orchestrator - INFO - [task_execution-1:stderr] 2025-11-04 16:16:26,723 - gleitzeit.core.cache - INFO - Created workflow cache with max_size=1000, ttl=3600
[2025-11-04 16:16:26] [STDERR] 2025-11-04 16:16:26,728 - gleitzeit.orchestrator.component_orchestrator - INFO - [task_execution-0:stderr] 2025-11-04 16:16:26,725 - gleitzeit.workers.task_execution_worker - INFO -   Handler config keys: ['delivery_mode', 'max_signals_per_workflow', 'signal_registry_ttl', 'execution_mode', 'worker_id']
[2025-11-04 16:16:26] [STDERR] 2025-11-04 16:16:26,729 - gleitzeit.orchestrator.component_orchestrator - INFO - [task_execution-1:stderr] 2025-11-04 16:16:26,723 - gleitzeit.core.redis_cluster - INFO - Redis single instance initialized at localhost:6379
[2025-11-04 16:16:26] [STDERR] 2025-11-04 16:16:26,729 - gleitzeit.orchestrator.component_orchestrator - INFO - [task_execution-0:stderr] 2025-11-04 16:16:26,725 - gleitzeit.handlers.base - INFO - Handler TimerHandler initialized with ID: 5c2ddbd7-af58-45f5-835d-93e3e141616c
[2025-11-04 16:16:26] [STDERR] 2025-11-04 16:16:26,729 - gleitzeit.orchestrator.component_orchestrator - INFO - [task_execution-1:stderr] 2025-11-04 16:16:26,723 - gleitzeit.workers.task_execution_worker - INFO - TaskExecutionWorker initialized with enabled types: ['all']
[2025-11-04 16:16:26] [STDERR] 2025-11-04 16:16:26,729 - gleitzeit.orchestrator.component_orchestrator - INFO - [task_execution-0:stderr] 2025-11-04 16:16:26,725 - gleitzeit.workers.task_execution_worker - INFO - Loaded handler for protocol timer/v1: TimerHandler (ID: 5c2ddbd7)
[2025-11-04 16:16:26] [STDERR] 2025-11-04 16:16:26,729 - gleitzeit.orchestrator.component_orchestrator - INFO - [task_execution-1:stderr] 2025-11-04 16:16:26,723 - gleitzeit.workers.task_execution_worker - INFO - Available handlers: ['file/v1', 'http/v1', 'ollama/v1', 'python/v1', 'signal/v1', 'timer/v1', 'validation/v1', 'workflow/v1']
[2025-11-04 16:16:26] [STDERR] 2025-11-04 16:16:26,729 - gleitzeit.orchestrator.component_orchestrator - INFO - [task_execution-0:stderr] 2025-11-04 16:16:26,725 - gleitzeit.workers.task_execution_worker - INFO -   Handler config keys: ['precision_ms', 'backend', 'execution_mode', 'worker_id']
[2025-11-04 16:16:26] [STDERR] 2025-11-04 16:16:26,730 - gleitzeit.orchestrator.component_orchestrator - INFO - [task_execution-1:stderr] 2025-11-04 16:16:26,723 - gleitzeit.workers.task_execution_worker - INFO - Workflow cache configured: size=1000, ttl=3600s
[2025-11-04 16:16:26] [STDERR] 2025-11-04 16:16:26,730 - gleitzeit.orchestrator.component_orchestrator - INFO - [task_execution-0:stderr] 2025-11-04 16:16:26,725 - gleitzeit.handlers.base - INFO - Handler ValidationHandler initialized with ID: 26dae568-64fc-4a7c-9454-5b7a3ee17551
[2025-11-04 16:16:26] [STDERR] 2025-11-04 16:16:26,730 - gleitzeit.orchestrator.component_orchestrator - INFO - [task_execution-1:stderr] 2025-11-04 16:16:26,723 - gleitzeit.handlers.python - INFO - Eagerly initializing subprocess pool...
[2025-11-04 16:16:26] [STDERR] 2025-11-04 16:16:26,730 - gleitzeit.orchestrator.component_orchestrator - INFO - [task_execution-0:stderr] 2025-11-04 16:16:26,725 - gleitzeit.workers.task_execution_worker - INFO - Loaded handler for protocol validation/v1: ValidationHandler (ID: 26dae568)
[2025-11-04 16:16:26] [STDERR] 2025-11-04 16:16:26,730 - gleitzeit.orchestrator.component_orchestrator - INFO - [task_execution-1:stderr] 2025-11-04 16:16:26,723 - gleitzeit.core.subprocess_pool - INFO - Initializing Python subprocess pool (min=2, max=20)
[2025-11-04 16:16:26] [STDERR] 2025-11-04 16:16:26,730 - gleitzeit.orchestrator.component_orchestrator - INFO - [task_execution-0:stderr] 2025-11-04 16:16:26,725 - gleitzeit.workers.task_execution_worker - INFO -   Handler config keys: ['worker_id']
[2025-11-04 16:16:26] [STDERR] 2025-11-04 16:16:26,731 - gleitzeit.orchestrator.component_orchestrator - INFO - [task_execution-0:stderr] 2025-11-04 16:16:26,725 - gleitzeit.handlers.base - INFO - Handler WorkflowHandler initialized with ID: 51d0775a-43ed-4912-bc67-057d64b0172a
[2025-11-04 16:16:26] [STDERR] 2025-11-04 16:16:26,731 - gleitzeit.orchestrator.component_orchestrator - INFO - [task_execution-0:stderr] 2025-11-04 16:16:26,725 - gleitzeit.workers.task_execution_worker - INFO - Loaded handler for protocol workflow/v1: WorkflowHandler (ID: 51d0775a)
[2025-11-04 16:16:26] [STDERR] 2025-11-04 16:16:26,731 - gleitzeit.orchestrator.component_orchestrator - INFO - [task_execution-0:stderr] 2025-11-04 16:16:26,725 - gleitzeit.workers.task_execution_worker - INFO -   Handler config keys: ['max_child_workflows', 'async_submission', 'execution_mode', 'worker_id']
[2025-11-04 16:16:26] [STDERR] 2025-11-04 16:16:26,732 - gleitzeit.orchestrator.component_orchestrator - INFO - [task_execution-0:stderr] 2025-11-04 16:16:26,725 - gleitzeit.workers.task_execution_worker - INFO - Worker initialized with 8 handlers: ['file/v1', 'http/v1', 'ollama/v1', 'python/v1', 'signal/v1', 'timer/v1', 'validation/v1', 'workflow/v1']
[2025-11-04 16:16:26] [STDERR] 2025-11-04 16:16:26,732 - gleitzeit.orchestrator.component_orchestrator - INFO - [task_execution-0:stderr] 2025-11-04 16:16:26,725 - gleitzeit.core.cache - INFO - Created workflow cache with max_size=1000, ttl=3600
[2025-11-04 16:16:26] [STDERR] 2025-11-04 16:16:26,732 - gleitzeit.orchestrator.component_orchestrator - INFO - [task_execution-0:stderr] 2025-11-04 16:16:26,726 - gleitzeit.core.redis_cluster - INFO - Redis single instance initialized at localhost:6379
[2025-11-04 16:16:26] [STDERR] 2025-11-04 16:16:26,732 - gleitzeit.orchestrator.component_orchestrator - INFO - [task_execution-0:stderr] 2025-11-04 16:16:26,726 - gleitzeit.workers.task_execution_worker - INFO - TaskExecutionWorker initialized with enabled types: ['all']
[2025-11-04 16:16:26] [STDERR] 2025-11-04 16:16:26,732 - gleitzeit.orchestrator.component_orchestrator - INFO - [task_execution-0:stderr] 2025-11-04 16:16:26,726 - gleitzeit.workers.task_execution_worker - INFO - Available handlers: ['file/v1', 'http/v1', 'ollama/v1', 'python/v1', 'signal/v1', 'timer/v1', 'validation/v1', 'workflow/v1']
[2025-11-04 16:16:26] [STDERR] 2025-11-04 16:16:26,733 - gleitzeit.orchestrator.component_orchestrator - INFO - [task_execution-0:stderr] 2025-11-04 16:16:26,726 - gleitzeit.workers.task_execution_worker - INFO - Workflow cache configured: size=1000, ttl=3600s
[2025-11-04 16:16:26] [STDERR] 2025-11-04 16:16:26,733 - gleitzeit.orchestrator.component_orchestrator - INFO - [task_execution-0:stderr] 2025-11-04 16:16:26,726 - gleitzeit.handlers.python - INFO - Eagerly initializing subprocess pool...
[2025-11-04 16:16:26] [STDERR] 2025-11-04 16:16:26,733 - gleitzeit.orchestrator.component_orchestrator - INFO - [task_execution-0:stderr] 2025-11-04 16:16:26,726 - gleitzeit.core.subprocess_pool - INFO - Initializing Python subprocess pool (min=2, max=20)
[2025-11-04 16:16:26] [STDERR] 2025-11-04 16:16:26,733 - gleitzeit.orchestrator.component_orchestrator - INFO - [timer-0:stderr] 2025-11-04 16:16:26,733 - __main__ - INFO - Loaded config for worker timer-0
[2025-11-04 16:16:26] [STDERR] 2025-11-04 16:16:26,734 - gleitzeit.orchestrator.component_orchestrator - INFO - [timer-1:stderr] 2025-11-04 16:16:26,733 - gleitzeit.workers.timer_worker - INFO - Loaded Lua script: 39d270f1e9cbc74498f7520db6b7984da4caedc8
[2025-11-04 16:16:26] [STDERR] 2025-11-04 16:16:26,734 - gleitzeit.orchestrator.component_orchestrator - INFO - [timer-1:stderr] 2025-11-04 16:16:26,733 - gleitzeit.workers.timer_worker - INFO - TimerWorker initialized (direct-scan mode, 1.0s interval)
[2025-11-04 16:16:26] [STDERR] 2025-11-04 16:16:26,734 - gleitzeit.orchestrator.component_orchestrator - INFO - [timer-0:stderr] 2025-11-04 16:16:26,734 - __main__ - INFO - Worker timer-0 handler configs: ['python/v1', 'ollama/v1', 'http/v1', 'file/v1', 'timer/v1', 'signal/v1', 'workflow/v1']
[2025-11-04 16:16:26] [STDERR] 2025-11-04 16:16:26,735 - gleitzeit.orchestrator.component_orchestrator - INFO - [timer-0:stderr] 2025-11-04 16:16:26,734 - gleitzeit.core.redis_cluster - INFO - Redis single instance initialized at localhost:6379
[2025-11-04 16:16:26] [STDERR] 2025-11-04 16:16:26,741 - gleitzeit.orchestrator.component_orchestrator - INFO - [timer-1:stderr] 2025-11-04 16:16:26,741 - timer.timer-1 - INFO - Worker timer-1 initialized with Redis Cluster, shards [1, 3, 5, 7, 9, 11, 13, 15]
[2025-11-04 16:16:26] [STDERR] 2025-11-04 16:16:26,742 - gleitzeit.orchestrator.component_orchestrator - INFO - [timer-1:stderr] 2025-11-04 16:16:26,741 - __main__ - INFO - Worker timer-1 started successfully
[2025-11-04 16:16:26] [STDERR] 2025-11-04 16:16:26,742 - gleitzeit.orchestrator.component_orchestrator - INFO - [timer-1:stderr] 2025-11-04 16:16:26,741 - __main__ - INFO - Handler configurations loaded for: ['python/v1', 'ollama/v1', 'http/v1', 'file/v1', 'timer/v1', 'signal/v1', 'workflow/v1']
[2025-11-04 16:16:26] [STDERR] 2025-11-04 16:16:26,742 - gleitzeit.orchestrator.component_orchestrator - INFO - [timer-1:stderr] 2025-11-04 16:16:26,741 - gleitzeit.workers.timer_worker - INFO - Worker timer-1 starting timer scan loop
[2025-11-04 16:16:26] [STDERR] 2025-11-04 16:16:26,742 - gleitzeit.orchestrator.component_orchestrator - INFO - [timer-1:stderr] 2025-11-04 16:16:26,741 - gleitzeit.workers.timer_worker - INFO - Timer scan loop started
[2025-11-04 16:16:26] [STDERR] 2025-11-04 16:16:26,742 - gleitzeit.orchestrator.component_orchestrator - INFO - [timer-0:stderr] 2025-11-04 16:16:26,742 - gleitzeit.workers.timer_worker - INFO - Loaded Lua script: 39d270f1e9cbc74498f7520db6b7984da4caedc8
[2025-11-04 16:16:26] [STDERR] 2025-11-04 16:16:26,743 - gleitzeit.orchestrator.component_orchestrator - INFO - [timer-0:stderr] 2025-11-04 16:16:26,742 - gleitzeit.workers.timer_worker - INFO - TimerWorker initialized (direct-scan mode, 1.0s interval)
[2025-11-04 16:16:26] [STDERR] 2025-11-04 16:16:26,747 - gleitzeit.orchestrator.component_orchestrator - INFO - [timer-0:stderr] 2025-11-04 16:16:26,746 - timer.timer-0 - INFO - Worker timer-0 initialized with Redis Cluster, shards [0, 2, 4, 6, 8, 10, 12, 14]
[2025-11-04 16:16:26] [STDERR] 2025-11-04 16:16:26,748 - gleitzeit.orchestrator.component_orchestrator - INFO - [timer-0:stderr] 2025-11-04 16:16:26,746 - __main__ - INFO - Worker timer-0 started successfully
[2025-11-04 16:16:26] [STDERR] 2025-11-04 16:16:26,748 - gleitzeit.orchestrator.component_orchestrator - INFO - [timer-0:stderr] 2025-11-04 16:16:26,747 - __main__ - INFO - Handler configurations loaded for: ['python/v1', 'ollama/v1', 'http/v1', 'file/v1', 'timer/v1', 'signal/v1', 'workflow/v1']
[2025-11-04 16:16:26] [STDERR] 2025-11-04 16:16:26,749 - gleitzeit.orchestrator.component_orchestrator - INFO - [timer-0:stderr] 2025-11-04 16:16:26,747 - gleitzeit.workers.timer_worker - INFO - Worker timer-0 starting timer scan loop
[2025-11-04 16:16:26] [STDERR] 2025-11-04 16:16:26,749 - gleitzeit.orchestrator.component_orchestrator - INFO - [timer-0:stderr] 2025-11-04 16:16:26,747 - gleitzeit.workers.timer_worker - INFO - Timer scan loop started
[2025-11-04 16:16:26] [STDERR] 2025-11-04 16:16:26,763 - gleitzeit.orchestrator.component_orchestrator - INFO - [reconciliation-0:stderr] 2025-11-04 16:16:26,762 - __main__ - INFO - Initialized worker instance identity: gleitzei-529d6f54
[2025-11-04 16:16:26] [STDERR] 2025-11-04 16:16:26,763 - gleitzeit.orchestrator.component_orchestrator - INFO - [reconciliation-0:stderr] 2025-11-04 16:16:26,762 - __main__ - INFO - Loading configuration from Redis key: worker:config:reconciliation-0:351a30ff
[2025-11-04 16:16:26] [STDERR] 2025-11-04 16:16:26,766 - gleitzeit.orchestrator.component_orchestrator - INFO - [reconciliation-0:stderr] 2025-11-04 16:16:26,766 - __main__ - INFO - Loaded config for worker reconciliation-0
[2025-11-04 16:16:26] [STDERR] 2025-11-04 16:16:26,767 - gleitzeit.orchestrator.component_orchestrator - INFO - [workflow_loader-1:stderr] 2025-11-04 16:16:26,766 - gleitzeit.handlers.registry - INFO - Registered handler HttpHandler for protocol http/v1
[2025-11-04 16:16:26] [STDERR] 2025-11-04 16:16:26,767 - gleitzeit.orchestrator.component_orchestrator - INFO - [reconciliation-0:stderr] 2025-11-04 16:16:26,767 - __main__ - INFO - Worker reconciliation-0 handler configs: ['python/v1', 'ollama/v1', 'http/v1', 'file/v1', 'timer/v1', 'signal/v1', 'workflow/v1']
[2025-11-04 16:16:26] [STDERR] 2025-11-04 16:16:26,768 - gleitzeit.orchestrator.component_orchestrator - INFO - [reconciliation-0:stderr] 2025-11-04 16:16:26,767 - gleitzeit.core.redis_cluster - INFO - Redis single instance initialized at localhost:6379
[2025-11-04 16:16:26] [STDERR] 2025-11-04 16:16:26,770 - gleitzeit.orchestrator.component_orchestrator - INFO - [workflow_loader-1:stderr] 2025-11-04 16:16:26,770 - gleitzeit.handlers.registry - INFO - Registered handler OllamaHandler for protocol ollama/v1
[2025-11-04 16:16:26] [STDERR] 2025-11-04 16:16:26,770 - gleitzeit.orchestrator.component_orchestrator - INFO - [reconciliation-0:stderr] 2025-11-04 16:16:26,770 - gleitzeit.core.reconciliation_sharding - INFO - Reconciliation worker shard assignment changed: [] -> [8, 9, 10, 11, 12, 13, 14, 15] (2 instances)
[2025-11-04 16:16:26] [STDERR] 2025-11-04 16:16:26,771 - gleitzeit.orchestrator.component_orchestrator - INFO - [reconciliation-0:stderr] 2025-11-04 16:16:26,770 - gleitzeit.workers.reconciliation_worker - INFO - WorkflowReconciliationWorker initialized: scan_interval=60s, batch_size=100, shards=[8, 9, 10, 11, 12, 13, 14, 15]
[2025-11-04 16:16:26] [STDERR] 2025-11-04 16:16:26,772 - gleitzeit.orchestrator.component_orchestrator - INFO - [reconciliation-0:stderr] 2025-11-04 16:16:26,771 - reconciliation.reconciliation-0 - INFO - Worker reconciliation-0 initialized with Redis Cluster, shards [8, 9, 10, 11, 12, 13, 14, 15]
[2025-11-04 16:16:26] [STDERR] 2025-11-04 16:16:26,772 - gleitzeit.orchestrator.component_orchestrator - INFO - [workflow_loader-1:stderr] 2025-11-04 16:16:26,771 - gleitzeit.handlers.registry - INFO - Registered handler PythonHandler for protocol python/v1
[2025-11-04 16:16:26] [STDERR] 2025-11-04 16:16:26,772 - gleitzeit.orchestrator.component_orchestrator - INFO - [reconciliation-0:stderr] 2025-11-04 16:16:26,771 - __main__ - INFO - Worker reconciliation-0 started successfully
[2025-11-04 16:16:26] [STDERR] 2025-11-04 16:16:26,772 - gleitzeit.orchestrator.component_orchestrator - INFO - [reconciliation-0:stderr] 2025-11-04 16:16:26,771 - __main__ - INFO - Handler configurations loaded for: ['python/v1', 'ollama/v1', 'http/v1', 'file/v1', 'timer/v1', 'signal/v1', 'workflow/v1']
[2025-11-04 16:16:26] [STDERR] 2025-11-04 16:16:26,772 - gleitzeit.orchestrator.component_orchestrator - INFO - [workflow_loader-1:stderr] 2025-11-04 16:16:26,772 - gleitzeit.handlers.registry - INFO - Registered handler SignalHandler for protocol signal/v1
[2025-11-04 16:16:26] [STDERR] 2025-11-04 16:16:26,772 - gleitzeit.orchestrator.component_orchestrator - INFO - [reconciliation-0:stderr] 2025-11-04 16:16:26,772 - gleitzeit.core.reconciliation_sharding - INFO - Starting reconciliation shard assignment heartbeat (interval=30s)
[2025-11-04 16:16:26] [STDERR] 2025-11-04 16:16:26,772 - gleitzeit.orchestrator.component_orchestrator - INFO - [workflow_loader-1:stderr] 2025-11-04 16:16:26,772 - gleitzeit.handlers.registry - INFO - Registered handler TimerHandler for protocol timer/v1
[2025-11-04 16:16:26] [STDERR] 2025-11-04 16:16:26,773 - gleitzeit.orchestrator.component_orchestrator - INFO - [signal-0:stderr] 2025-11-04 16:16:26,773 - __main__ - INFO - Initialized worker instance identity: gleitzei-529d6f54
[2025-11-04 16:16:26] [STDERR] 2025-11-04 16:16:26,773 - gleitzeit.orchestrator.component_orchestrator - INFO - [signal-0:stderr] 2025-11-04 16:16:26,773 - __main__ - INFO - Loading configuration from Redis key: worker:config:signal-0:ca72a71c
[2025-11-04 16:16:26] [STDERR] 2025-11-04 16:16:26,774 - gleitzeit.orchestrator.component_orchestrator - INFO - [workflow_loader-1:stderr] 2025-11-04 16:16:26,773 - gleitzeit.handlers.registry - INFO - Registered handler ValidationHandler for protocol validation/v1
[2025-11-04 16:16:26] [STDERR] 2025-11-04 16:16:26,774 - gleitzeit.orchestrator.component_orchestrator - INFO - [workflow_loader-1:stderr] 2025-11-04 16:16:26,774 - gleitzeit.handlers.registry - INFO - Registered handler WorkflowHandler for protocol workflow/v1
[2025-11-04 16:16:26] [STDERR] 2025-11-04 16:16:26,774 - gleitzeit.orchestrator.component_orchestrator - INFO - [workflow_loader-1:stderr] 2025-11-04 16:16:26,774 - gleitzeit.handlers - INFO - Auto-discovered 8 handler modules: file, http, ollama, python, signal, timer, validation, workflow
[2025-11-04 16:16:26] [STDERR] 2025-11-04 16:16:26,774 - gleitzeit.orchestrator.component_orchestrator - INFO - [workflow_loader-1:stderr] 2025-11-04 16:16:26,774 - gleitzeit.workers.workflow_loader_worker_v2 - INFO - Built protocol mappings from handler registry with 24 task types
[2025-11-04 16:16:26] [STDERR] 2025-11-04 16:16:26,775 - gleitzeit.orchestrator.component_orchestrator - INFO - [workflow_loader-1:stderr] 2025-11-04 16:16:26,774 - gleitzeit.core.redis_cluster - INFO - Redis single instance initialized at localhost:6379
[2025-11-04 16:16:26] [STDERR] 2025-11-04 16:16:26,775 - gleitzeit.orchestrator.component_orchestrator - INFO - [workflow_loader-1:stderr] 2025-11-04 16:16:26,774 - gleitzeit.workers.workflow_loader_worker_v2 - INFO - WorkflowLoaderWorkerV2 initialized with max tasks: 10000
[2025-11-04 16:16:26] [STDERR] 2025-11-04 16:16:26,775 - gleitzeit.orchestrator.component_orchestrator - INFO - [reconciliation-0:stderr] 2025-11-04 16:16:26,775 - gleitzeit.core.reconciliation_sharding - INFO - Instance count changed: 0 -> 2
[2025-11-04 16:16:26] [STDERR] 2025-11-04 16:16:26,775 - gleitzeit.orchestrator.component_orchestrator - INFO - [workflow_loader-1:stderr] 2025-11-04 16:16:26,774 - gleitzeit.workers.workflow_loader_worker_v2 - INFO - Workflow cache configured: size=1000, ttl=3600s
[2025-11-04 16:16:26] [STDERR] 2025-11-04 16:16:26,775 - gleitzeit.orchestrator.component_orchestrator - INFO - [workflow_loader-1:stderr] 2025-11-04 16:16:26,774 - gleitzeit.workers.workflow_loader_worker_v2 - INFO - Available protocols: ['file/v1', 'http/v1', 'ollama/v1', 'python/v1', 'signal/v1', 'timer/v1', 'validation/v1', 'workflow/v1']
[2025-11-04 16:16:26] [STDERR] 2025-11-04 16:16:26,776 - gleitzeit.orchestrator.component_orchestrator - INFO - [signal-0:stderr] 2025-11-04 16:16:26,776 - __main__ - INFO - Loaded config for worker signal-0
[2025-11-04 16:16:26] [STDERR] 2025-11-04 16:16:26,777 - gleitzeit.orchestrator.component_orchestrator - INFO - [signal-0:stderr] 2025-11-04 16:16:26,776 - __main__ - INFO - Worker signal-0 handler configs: ['python/v1', 'ollama/v1', 'http/v1', 'file/v1', 'timer/v1', 'signal/v1', 'workflow/v1']
[2025-11-04 16:16:26] [STDERR] 2025-11-04 16:16:26,777 - gleitzeit.orchestrator.component_orchestrator - INFO - [signal-0:stderr] 2025-11-04 16:16:26,777 - gleitzeit.core.redis_cluster - INFO - Redis single instance initialized at localhost:6379
[2025-11-04 16:16:26] [STDERR] 2025-11-04 16:16:26,777 - gleitzeit.orchestrator.component_orchestrator - INFO - [workflow_loader-1:stderr] 2025-11-04 16:16:26,777 - workflow_loader.workflow_loader-1 - INFO - Worker workflow_loader-1 initialized with Redis Cluster, shards [1, 3, 5, 7, 9, 11, 13, 15]
[2025-11-04 16:16:26] [STDERR] 2025-11-04 16:16:26,777 - gleitzeit.orchestrator.component_orchestrator - INFO - [signal-0:stderr] 2025-11-04 16:16:26,777 - gleitzeit.workers.signal_worker - INFO - SignalWorker initialized with atomic leader election and event store
[2025-11-04 16:16:26] [STDERR] 2025-11-04 16:16:26,777 - gleitzeit.orchestrator.component_orchestrator - INFO - [workflow_loader-1:stderr] 2025-11-04 16:16:26,777 - __main__ - INFO - Worker workflow_loader-1 started successfully
[2025-11-04 16:16:26] [STDERR] 2025-11-04 16:16:26,777 - gleitzeit.orchestrator.component_orchestrator - INFO - [workflow_loader-1:stderr] 2025-11-04 16:16:26,777 - __main__ - INFO - Handler configurations loaded for: ['python/v1', 'ollama/v1', 'http/v1', 'file/v1', 'timer/v1', 'signal/v1', 'workflow/v1']
[2025-11-04 16:16:26] [STDERR] 2025-11-04 16:16:26,778 - gleitzeit.orchestrator.component_orchestrator - INFO - [workflow_loader-1:stderr] 2025-11-04 16:16:26,777 - gleitzeit.workers.pending_recovery - INFO - Started pending recovery task for workflow_loader-1
[2025-11-04 16:16:26] [STDERR] 2025-11-04 16:16:26,779 - gleitzeit.orchestrator.component_orchestrator - INFO - [signal-0:stderr] 2025-11-04 16:16:26,779 - signal.signal-0 - INFO - Worker signal-0 initialized with Redis Cluster, shards [0, 1, 2, 3, 4, 5, 6, 7, 8, 9, 10, 11, 12, 13, 14, 15]
[2025-11-04 16:16:26] [STDERR] 2025-11-04 16:16:26,779 - gleitzeit.orchestrator.component_orchestrator - INFO - [signal-0:stderr] 2025-11-04 16:16:26,779 - __main__ - INFO - Worker signal-0 started successfully
[2025-11-04 16:16:26] [STDERR] 2025-11-04 16:16:26,780 - gleitzeit.orchestrator.component_orchestrator - INFO - [signal-0:stderr] 2025-11-04 16:16:26,779 - __main__ - INFO - Handler configurations loaded for: ['python/v1', 'ollama/v1', 'http/v1', 'file/v1', 'timer/v1', 'signal/v1', 'workflow/v1']
[2025-11-04 16:16:26] [STDERR] 2025-11-04 16:16:26,780 - gleitzeit.orchestrator.component_orchestrator - INFO - [signal-0:stderr] 2025-11-04 16:16:26,779 - gleitzeit.workers.signal_worker - INFO - Worker signal-0 starting with consumer group signal-group
[2025-11-04 16:16:26] [STDERR] 2025-11-04 16:16:26,780 - gleitzeit.orchestrator.component_orchestrator - INFO - [signal-0:stderr] 2025-11-04 16:16:26,780 - gleitzeit.workers.signal_worker - INFO - Starting atomic leader election loop for signal-0
[2025-11-04 16:16:26] [STDERR] 2025-11-04 16:16:26,780 - gleitzeit.orchestrator.component_orchestrator - INFO - [signal-0:stderr] 2025-11-04 16:16:26,780 - gleitzeit.workers.signal_worker - INFO - Signal processing loop started for signal-0
[2025-11-04 16:16:26] [STDERR] 2025-11-04 16:16:26,780 - gleitzeit.orchestrator.component_orchestrator - INFO - [signal-0:stderr] 2025-11-04 16:16:26,780 - gleitzeit.workers.signal_worker - INFO - Signal processing loop iteration 1
[2025-11-04 16:16:26] [STDERR] 2025-11-04 16:16:26,792 - gleitzeit.orchestrator.component_orchestrator - INFO - [task_execution-0:stderr] 2025-11-04 16:16:26,792 - gleitzeit.core.subprocess_pool - INFO - Subprocess pool initialized with 2 processes
[2025-11-04 16:16:26] [STDERR] 2025-11-04 16:16:26,792 - gleitzeit.orchestrator.component_orchestrator - INFO - [task_execution-0:stderr] 2025-11-04 16:16:26,792 - gleitzeit.handlers.python - INFO - Subprocess pool initialized successfully
[2025-11-04 16:16:26] [STDERR] 2025-11-04 16:16:26,792 - gleitzeit.orchestrator.component_orchestrator - INFO - [task_execution-1:stderr] 2025-11-04 16:16:26,792 - gleitzeit.core.subprocess_pool - INFO - Subprocess pool initialized with 2 processes
[2025-11-04 16:16:26] [STDERR] 2025-11-04 16:16:26,793 - gleitzeit.orchestrator.component_orchestrator - INFO - [task_execution-0:stderr] 2025-11-04 16:16:26,792 - gleitzeit.workers.task_execution_worker - INFO - Async initialization completed for handler python/v1
[2025-11-04 16:16:26] [STDERR] 2025-11-04 16:16:26,793 - gleitzeit.orchestrator.component_orchestrator - INFO - [task_execution-1:stderr] 2025-11-04 16:16:26,792 - gleitzeit.handlers.python - INFO - Subprocess pool initialized successfully
[2025-11-04 16:16:26] [STDERR] 2025-11-04 16:16:26,793 - gleitzeit.orchestrator.component_orchestrator - INFO - [task_execution-1:stderr] 2025-11-04 16:16:26,792 - gleitzeit.workers.task_execution_worker - INFO - Async initialization completed for handler python/v1
[2025-11-04 16:16:26] [STDERR] 2025-11-04 16:16:26,794 - gleitzeit.orchestrator.component_orchestrator - INFO - [task_execution-0:stderr] 2025-11-04 16:16:26,794 - gleitzeit.workers.task_execution_worker - INFO - Registered handler 05d3ba88 for protocol file/v1
[2025-11-04 16:16:26] [STDERR] 2025-11-04 16:16:26,794 - gleitzeit.orchestrator.component_orchestrator - INFO - [task_execution-1:stderr] 2025-11-04 16:16:26,794 - gleitzeit.workers.task_execution_worker - INFO - Registered handler 22749aba for protocol file/v1
[2025-11-04 16:16:26] [STDERR] 2025-11-04 16:16:26,795 - gleitzeit.orchestrator.component_orchestrator - INFO - [task_execution-1:stderr] 2025-11-04 16:16:26,794 - gleitzeit.workers.task_execution_worker - INFO - Registered handler 6cc98590 for protocol http/v1
[2025-11-04 16:16:26] [STDERR] 2025-11-04 16:16:26,795 - gleitzeit.orchestrator.component_orchestrator - INFO - [task_execution-0:stderr] 2025-11-04 16:16:26,794 - gleitzeit.workers.task_execution_worker - INFO - Registered handler bf128e6f for protocol http/v1
[2025-11-04 16:16:26] [STDERR] 2025-11-04 16:16:26,795 - gleitzeit.orchestrator.component_orchestrator - INFO - [task_execution-1:stderr] 2025-11-04 16:16:26,795 - gleitzeit.workers.task_execution_worker - INFO - Registered handler a80c350a for protocol ollama/v1
[2025-11-04 16:16:26] [STDERR] 2025-11-04 16:16:26,795 - gleitzeit.orchestrator.component_orchestrator - INFO - [task_execution-0:stderr] 2025-11-04 16:16:26,795 - gleitzeit.workers.task_execution_worker - INFO - Registered handler 5bd8abda for protocol ollama/v1
[2025-11-04 16:16:26] [STDERR] 2025-11-04 16:16:26,795 - gleitzeit.orchestrator.component_orchestrator - INFO - [task_execution-0:stderr] 2025-11-04 16:16:26,795 - gleitzeit.workers.task_execution_worker - INFO - Registered handler 7db2dfc2 for protocol python/v1
[2025-11-04 16:16:26] [STDERR] 2025-11-04 16:16:26,795 - gleitzeit.orchestrator.component_orchestrator - INFO - [task_execution-1:stderr] 2025-11-04 16:16:26,795 - gleitzeit.workers.task_execution_worker - INFO - Registered handler 000a828f for protocol python/v1
[2025-11-04 16:16:26] [STDERR] 2025-11-04 16:16:26,796 - gleitzeit.orchestrator.component_orchestrator - INFO - [task_execution-0:stderr] 2025-11-04 16:16:26,795 - gleitzeit.workers.task_execution_worker - INFO - Registered handler 10915805 for protocol signal/v1
[2025-11-04 16:16:26] [STDERR] 2025-11-04 16:16:26,796 - gleitzeit.orchestrator.component_orchestrator - INFO - [task_execution-1:stderr] 2025-11-04 16:16:26,796 - gleitzeit.workers.task_execution_worker - INFO - Registered handler 2fe0fa3a for protocol signal/v1
[2025-11-04 16:16:26] [STDERR] 2025-11-04 16:16:26,796 - gleitzeit.orchestrator.component_orchestrator - INFO - [task_execution-0:stderr] 2025-11-04 16:16:26,796 - gleitzeit.workers.task_execution_worker - INFO - Registered handler 5c2ddbd7 for protocol timer/v1
[2025-11-04 16:16:26] [STDERR] 2025-11-04 16:16:26,796 - gleitzeit.orchestrator.component_orchestrator - INFO - [task_execution-1:stderr] 2025-11-04 16:16:26,796 - gleitzeit.workers.task_execution_worker - INFO - Registered handler 05523908 for protocol timer/v1
[2025-11-04 16:16:26] [STDERR] 2025-11-04 16:16:26,797 - gleitzeit.orchestrator.component_orchestrator - INFO - [task_execution-0:stderr] 2025-11-04 16:16:26,796 - gleitzeit.workers.task_execution_worker - INFO - Registered handler 26dae568 for protocol validation/v1
[2025-11-04 16:16:26] [STDERR] 2025-11-04 16:16:26,797 - gleitzeit.orchestrator.component_orchestrator - INFO - [task_execution-1:stderr] 2025-11-04 16:16:26,796 - gleitzeit.workers.task_execution_worker - INFO - Registered handler 2eeab68a for protocol validation/v1
[2025-11-04 16:16:26] [STDERR] 2025-11-04 16:16:26,797 - gleitzeit.orchestrator.component_orchestrator - INFO - [task_execution-0:stderr] 2025-11-04 16:16:26,797 - gleitzeit.workers.task_execution_worker - INFO - Registered handler 51d0775a for protocol workflow/v1
[2025-11-04 16:16:26] [STDERR] 2025-11-04 16:16:26,797 - gleitzeit.orchestrator.component_orchestrator - INFO - [task_execution-1:stderr] 2025-11-04 16:16:26,797 - gleitzeit.workers.task_execution_worker - INFO - Registered handler 85331e55 for protocol workflow/v1
[2025-11-04 16:16:26] [STDERR] 2025-11-04 16:16:26,797 - gleitzeit.orchestrator.component_orchestrator - INFO - [task_execution-0:stderr] 2025-11-04 16:16:26,797 - task_execution.task_execution-0 - INFO - Worker task_execution-0 initialized with Redis Cluster, shards [0, 2, 4, 6, 8, 10, 12, 14]
[2025-11-04 16:16:26] [STDERR] 2025-11-04 16:16:26,798 - gleitzeit.orchestrator.component_orchestrator - INFO - [task_execution-1:stderr] 2025-11-04 16:16:26,797 - task_execution.task_execution-1 - INFO - Worker task_execution-1 initialized with Redis Cluster, shards [1, 3, 5, 7, 9, 11, 13, 15]
[2025-11-04 16:16:26] [STDERR] 2025-11-04 16:16:26,798 - gleitzeit.orchestrator.component_orchestrator - INFO - [task_execution-0:stderr] 2025-11-04 16:16:26,797 - __main__ - INFO - Worker task_execution-0 started successfully
[2025-11-04 16:16:26] [STDERR] 2025-11-04 16:16:26,798 - gleitzeit.orchestrator.component_orchestrator - INFO - [task_execution-1:stderr] 2025-11-04 16:16:26,797 - __main__ - INFO - Worker task_execution-1 started successfully
[2025-11-04 16:16:26] [STDERR] 2025-11-04 16:16:26,798 - gleitzeit.orchestrator.component_orchestrator - INFO - [task_execution-0:stderr] 2025-11-04 16:16:26,797 - __main__ - INFO - Handler configurations loaded for: ['python/v1', 'ollama/v1', 'http/v1', 'file/v1', 'timer/v1', 'signal/v1', 'workflow/v1']
[2025-11-04 16:16:26] [STDERR] 2025-11-04 16:16:26,798 - gleitzeit.orchestrator.component_orchestrator - INFO - [task_execution-1:stderr] 2025-11-04 16:16:26,797 - __main__ - INFO - Handler configurations loaded for: ['python/v1', 'ollama/v1', 'http/v1', 'file/v1', 'timer/v1', 'signal/v1', 'workflow/v1']
[2025-11-04 16:16:26] [STDERR] 2025-11-04 16:16:26,798 - gleitzeit.orchestrator.component_orchestrator - INFO - [task_execution-0:stderr] 2025-11-04 16:16:26,797 - gleitzeit.workers.pending_recovery - INFO - Started pending recovery task for task_execution-0
[2025-11-04 16:16:26] [STDERR] 2025-11-04 16:16:26,798 - gleitzeit.orchestrator.component_orchestrator - INFO - [task_execution-1:stderr] 2025-11-04 16:16:26,797 - gleitzeit.workers.pending_recovery - INFO - Started pending recovery task for task_execution-1
[2025-11-04 16:16:27] [STDERR] 2025-11-04 16:16:27,281 - gleitzeit.orchestrator.component_orchestrator - INFO - [signal-0:stderr] 2025-11-04 16:16:27,281 - gleitzeit.workers.signal_worker - INFO - Signal processing loop iteration 2
[2025-11-04 16:16:27] [STDERR] 2025-11-04 16:16:27,782 - gleitzeit.orchestrator.component_orchestrator - INFO - [signal-0:stderr] 2025-11-04 16:16:27,782 - gleitzeit.workers.signal_worker - INFO - Signal processing loop iteration 3
[2025-11-04 16:16:36] [STDERR] 2025-11-04 16:16:36,299 - gleitzeit.orchestrator.component_orchestrator - INFO - [signal-0:stderr] 2025-11-04 16:16:36,298 - gleitzeit.workers.signal_worker - INFO - Signal processing loop iteration 20
[2025-11-04 16:16:46] [STDERR] 2025-11-04 16:16:46,318 - gleitzeit.orchestrator.component_orchestrator - INFO - [signal-0:stderr] 2025-11-04 16:16:46,318 - gleitzeit.workers.signal_worker - INFO - Signal processing loop iteration 40
[2025-11-04 16:16:56] [STDERR] 2025-11-04 16:16:56,339 - gleitzeit.orchestrator.component_orchestrator - INFO - [signal-0:stderr] 2025-11-04 16:16:56,339 - gleitzeit.workers.signal_worker - INFO - Signal processing loop iteration 60
[2025-11-04 16:16:56] [STDERR] 2025-11-04 16:16:56,594 - gleitzeit.orchestrator.component_orchestrator - WARNING - Worker api-0 unhealthy, restarting
[2025-11-04 16:16:56] [STDERR] 2025-11-04 16:16:56,594 - gleitzeit.orchestrator.component_orchestrator - INFO - Restarting worker api-0
[2025-11-04 16:16:56] [STDERR] 2025-11-04 16:16:56,594 - gleitzeit.orchestrator.component_orchestrator - INFO - Stopping worker api-0
[2025-11-04 16:16:56] [STDERR] 2025-11-04 16:16:56,595 - gleitzeit.orchestrator.component_orchestrator - INFO - Starting worker api-0 with shards [0, 1, 2, 3, 4, 5, 6, 7, 8, 9, 10, 11, 12, 13, 14, 15]
[2025-11-04 16:16:56] [STDERR] 2025-11-04 16:16:56,595 - gleitzeit.orchestrator.component_orchestrator - INFO - Stored config for api-0 at key: worker:config:api-0:fab81aed
[2025-11-04 16:16:56] [STDERR] 2025-11-04 16:16:56,598 - gleitzeit.orchestrator.component_orchestrator - WARNING - Worker ui-0 unhealthy, restarting
[2025-11-04 16:16:56] [STDERR] 2025-11-04 16:16:56,598 - gleitzeit.orchestrator.component_orchestrator - INFO - Restarting worker ui-0
[2025-11-04 16:16:56] [STDERR] 2025-11-04 16:16:56,598 - gleitzeit.orchestrator.component_orchestrator - INFO - Stopping worker ui-0
[2025-11-04 16:16:56] [STDERR] 2025-11-04 16:16:56,598 - gleitzeit.orchestrator.component_orchestrator - INFO - Starting worker ui-0 with shards [0, 1, 2, 3, 4, 5, 6, 7, 8, 9, 10, 11, 12, 13, 14, 15]
[2025-11-04 16:16:56] [STDERR] 2025-11-04 16:16:56,598 - gleitzeit.orchestrator.component_orchestrator - INFO - Stored config for ui-0 at key: worker:config:ui-0:42902e32
[2025-11-04 16:16:56] [STDERR] 2025-11-04 16:16:56,842 - gleitzeit.orchestrator.component_orchestrator - INFO - [ui-0:stderr] 2025-11-04 16:16:56,842 - __main__ - INFO - Initialized worker instance identity: gleitzei-529d6f54
[2025-11-04 16:16:56] [STDERR] 2025-11-04 16:16:56,842 - gleitzeit.orchestrator.component_orchestrator - INFO - [api-0:stderr] 2025-11-04 16:16:56,842 - __main__ - INFO - Initialized worker instance identity: gleitzei-529d6f54
[2025-11-04 16:16:56] [STDERR] 2025-11-04 16:16:56,842 - gleitzeit.orchestrator.component_orchestrator - INFO - [api-0:stderr] 2025-11-04 16:16:56,842 - __main__ - INFO - Loading configuration from Redis key: worker:config:api-0:fab81aed
[2025-11-04 16:16:56] [STDERR] 2025-11-04 16:16:56,842 - gleitzeit.orchestrator.component_orchestrator - INFO - [ui-0:stderr] 2025-11-04 16:16:56,842 - __main__ - INFO - Loading configuration from Redis key: worker:config:ui-0:42902e32
[2025-11-04 16:16:56] [STDERR] 2025-11-04 16:16:56,844 - gleitzeit.orchestrator.component_orchestrator - INFO - [api-0:stderr] 2025-11-04 16:16:56,844 - __main__ - INFO - Loaded config for worker api-0
[2025-11-04 16:16:56] [STDERR] 2025-11-04 16:16:56,844 - gleitzeit.orchestrator.component_orchestrator - INFO - [ui-0:stderr] 2025-11-04 16:16:56,844 - __main__ - INFO - Loaded config for worker ui-0
[2025-11-04 16:16:56] [STDERR] 2025-11-04 16:16:56,863 - gleitzeit.orchestrator.component_orchestrator - INFO - [ui-0:stderr] 2025-11-04 16:16:56,863 - __main__ - INFO - Worker ui-0 handler configs: ['python/v1', 'ollama/v1', 'http/v1', 'file/v1', 'timer/v1', 'signal/v1', 'workflow/v1']
[2025-11-04 16:16:56] [STDERR] 2025-11-04 16:16:56,863 - gleitzeit.orchestrator.component_orchestrator - INFO - [api-0:stderr] 2025-11-04 16:16:56,863 - __main__ - INFO - Worker api-0 handler configs: ['python/v1', 'ollama/v1', 'http/v1', 'file/v1', 'timer/v1', 'signal/v1', 'workflow/v1']
[2025-11-04 16:16:56] [STDERR] 2025-11-04 16:16:56,863 - gleitzeit.orchestrator.component_orchestrator - INFO - [ui-0:stderr] 2025-11-04 16:16:56,863 - gleitzeit.core.redis_cluster - INFO - Redis single instance initialized at localhost:6379
[2025-11-04 16:16:56] [STDERR] 2025-11-04 16:16:56,863 - gleitzeit.orchestrator.component_orchestrator - INFO - [api-0:stderr] 2025-11-04 16:16:56,863 - gleitzeit.core.redis_cluster - INFO - Redis single instance initialized at localhost:6379
[2025-11-04 16:16:56] [STDERR] 2025-11-04 16:16:56,863 - gleitzeit.orchestrator.component_orchestrator - ERROR - [ui-0:stderr] 2025-11-04 16:16:56,863 - ui.ui-0 - ERROR - Cannot start UI: Port 8004 is already in use. Either stop the existing service or use --ui-port to specify a different port.
[2025-11-04 16:16:56] [STDERR] 2025-11-04 16:16:56,863 - gleitzeit.orchestrator.component_orchestrator - ERROR - [api-0:stderr] 2025-11-04 16:16:56,863 - api.api-0 - ERROR - Cannot start API: Port 8000 is already in use. Either stop the existing service or use --api-port to specify a different port.
[2025-11-04 16:16:56] [STDERR] 2025-11-04 16:16:56,864 - gleitzeit.orchestrator.component_orchestrator - ERROR - [api-0:stderr] 2025-11-04 16:16:56,863 - __main__ - ERROR - Worker failed: Cannot start API: Port 8000 is already in use. Either stop the existing service or use --api-port to specify a different port.
[2025-11-04 16:16:56] [STDERR] 2025-11-04 16:16:56,865 - gleitzeit.orchestrator.component_orchestrator - INFO - [api-0:stderr] Traceback (most recent call last):
[2025-11-04 16:16:56] [STDERR] 2025-11-04 16:16:56,865 - gleitzeit.orchestrator.component_orchestrator - ERROR - [ui-0:stderr] 2025-11-04 16:16:56,863 - __main__ - ERROR - Worker failed: Cannot start UI: Port 8004 is already in use. Either stop the existing service or use --ui-port to specify a different port.
[2025-11-04 16:16:56] [STDERR] 2025-11-04 16:16:56,865 - gleitzeit.orchestrator.component_orchestrator - INFO - [api-0:stderr] File "/Users/leifmarkthaler/github/gleitzeit 0.0.7/src/gleitzeit/workers/runner.py", line 116, in run_worker
[2025-11-04 16:16:56] [STDERR] 2025-11-04 16:16:56,865 - gleitzeit.orchestrator.component_orchestrator - INFO - [ui-0:stderr] Traceback (most recent call last):
[2025-11-04 16:16:56] [STDERR] 2025-11-04 16:16:56,865 - gleitzeit.orchestrator.component_orchestrator - INFO - [api-0:stderr] await worker.initialize()
[2025-11-04 16:16:56] [STDERR] 2025-11-04 16:16:56,865 - gleitzeit.orchestrator.component_orchestrator - INFO - [ui-0:stderr] File "/Users/leifmarkthaler/github/gleitzeit 0.0.7/src/gleitzeit/workers/runner.py", line 116, in run_worker
[2025-11-04 16:16:56] [STDERR] 2025-11-04 16:16:56,865 - gleitzeit.orchestrator.component_orchestrator - INFO - [api-0:stderr] File "/Users/leifmarkthaler/github/gleitzeit 0.0.7/src/gleitzeit/workers/base.py", line 113, in initialize
[2025-11-04 16:16:56] [STDERR] 2025-11-04 16:16:56,865 - gleitzeit.orchestrator.component_orchestrator - INFO - [ui-0:stderr] await worker.initialize()
[2025-11-04 16:16:56] [STDERR] 2025-11-04 16:16:56,866 - gleitzeit.orchestrator.component_orchestrator - INFO - [api-0:stderr] await self.on_initialize()
[2025-11-04 16:16:56] [STDERR] 2025-11-04 16:16:56,866 - gleitzeit.orchestrator.component_orchestrator - INFO - [ui-0:stderr] File "/Users/leifmarkthaler/github/gleitzeit 0.0.7/src/gleitzeit/workers/base.py", line 113, in initialize
[2025-11-04 16:16:56] [STDERR] 2025-11-04 16:16:56,866 - gleitzeit.orchestrator.component_orchestrator - INFO - [api-0:stderr] File "/Users/leifmarkthaler/github/gleitzeit 0.0.7/src/gleitzeit/workers/api_worker.py", line 45, in on_initialize
[2025-11-04 16:16:56] [STDERR] 2025-11-04 16:16:56,866 - gleitzeit.orchestrator.component_orchestrator - INFO - [ui-0:stderr] await self.on_initialize()
[2025-11-04 16:16:56] [STDERR] 2025-11-04 16:16:56,866 - gleitzeit.orchestrator.component_orchestrator - INFO - [api-0:stderr] raise RuntimeError(error_msg)
[2025-11-04 16:16:56] [STDERR] 2025-11-04 16:16:56,866 - gleitzeit.orchestrator.component_orchestrator - INFO - [ui-0:stderr] File "/Users/leifmarkthaler/github/gleitzeit 0.0.7/src/gleitzeit/workers/ui_worker.py", line 46, in on_initialize
[2025-11-04 16:16:56] [STDERR] 2025-11-04 16:16:56,866 - gleitzeit.orchestrator.component_orchestrator - INFO - [api-0:stderr] RuntimeError: Cannot start API: Port 8000 is already in use. Either stop the existing service or use --api-port to specify a different port.
[2025-11-04 16:16:56] [STDERR] 2025-11-04 16:16:56,866 - gleitzeit.orchestrator.component_orchestrator - INFO - [ui-0:stderr] raise RuntimeError(error_msg)
[2025-11-04 16:16:56] [STDERR] 2025-11-04 16:16:56,866 - gleitzeit.orchestrator.component_orchestrator - INFO - [ui-0:stderr] RuntimeError: Cannot start UI: Port 8004 is already in use. Either stop the existing service or use --ui-port to specify a different port.
[2025-11-04 16:17:04] [STDERR] 2025-11-04 16:17:04,858 - gleitzeit.orchestrator.component_orchestrator - INFO - [workflow_loader-1:stderr] 2025-11-04 16:17:04,858 - gleitzeit.workers.workflow_loader_worker_v2 - INFO - Loading workflow f4ae229d-1853-4f54-8561-3dc777c28d97 from inline
[2025-11-04 16:17:04] [STDERR] 2025-11-04 16:17:04,860 - gleitzeit.orchestrator.component_orchestrator - INFO - [workflow_loader-1:stderr] 2025-11-04 16:17:04,860 - gleitzeit.workers.workflow_loader_worker_v2 - INFO - Raw workflow before transform: {
[2025-11-04 16:17:04] [STDERR] 2025-11-04 16:17:04,860 - gleitzeit.orchestrator.component_orchestrator - INFO - [workflow_loader-1:stderr] "name": "Test Workflow",
[2025-11-04 16:17:04] [STDERR] 2025-11-04 16:17:04,860 - gleitzeit.orchestrator.component_orchestrator - INFO - [workflow_loader-1:stderr] "tasks": [
[2025-11-04 16:17:04] [STDERR] 2025-11-04 16:17:04,860 - gleitzeit.orchestrator.component_orchestrator - INFO - [workflow_loader-1:stderr] {
[2025-11-04 16:17:04] [STDERR] 2025-11-04 16:17:04,860 - gleitzeit.orchestrator.component_orchestrator - INFO - [workflow_loader-1:stderr] "id": "task1",
[2025-11-04 16:17:04] [STDERR] 2025-11-04 16:17:04,860 - gleitzeit.orchestrator.component_orchestrator - INFO - [workflow_loader-1:stderr] "type": "python",
[2025-11-04 16:17:04] [STDERR] 2025-11-04 16:17:04,860 - gleitzeit.orchestrator.component_orchestrator - INFO - [workflow_loader-1:stderr] "params": {
[2025-11-04 16:17:04] [STDERR] 2025-11-04 16:17:04,860 - gleitzeit.orchestrator.component_orchestrator - INFO - [workflow_loader-1:stderr] "code": "\nresult = {\"status\": \"success\", \"message\": \"Hello from Gleitzeit 0.0.7!\"}\nprint(\"Task completed successfully\")\n"
[2025-11-04 16:17:04] [STDERR] 2025-11-04 16:17:04,860 - gleitzeit.orchestrator.component_orchestrator - INFO - [workflow_loader-1:stderr] }
[2025-11-04 16:17:04] [STDERR] 2025-11-04 16:17:04,860 - gleitzeit.orchestrator.component_orchestrator - INFO - [workflow_loader-1:stderr] }
[2025-11-04 16:17:04] [STDERR] 2025-11-04 16:17:04,861 - gleitzeit.orchestrator.component_orchestrator - INFO - [workflow_loader-1:stderr] ],
[2025-11-04 16:17:04] [STDERR] 2025-11-04 16:17:04,861 - gleitzeit.orchestrator.component_orchestrator - INFO - [workflow_loader-1:stderr] "workflow_id": "f4ae229d-1853-4f54-8561-3dc777c28d97"
[2025-11-04 16:17:04] [STDERR] 2025-11-04 16:17:04,861 - gleitzeit.orchestrator.component_orchestrator - INFO - [workflow_loader-1:stderr] }
[2025-11-04 16:17:04] [STDERR] 2025-11-04 16:17:04,861 - gleitzeit.orchestrator.component_orchestrator - INFO - [workflow_loader-1:stderr] 2025-11-04 16:17:04,860 - gleitzeit.workers.workflow_loader_worker_v2 - INFO - Workflow after transform: {
[2025-11-04 16:17:04] [STDERR] 2025-11-04 16:17:04,861 - gleitzeit.orchestrator.component_orchestrator - INFO - [workflow_loader-1:stderr] "id": "f4ae229d-1853-4f54-8561-3dc777c28d97",
[2025-11-04 16:17:04] [STDERR] 2025-11-04 16:17:04,861 - gleitzeit.orchestrator.component_orchestrator - INFO - [workflow_loader-1:stderr] "name": "Test Workflow",
[2025-11-04 16:17:04] [STDERR] 2025-11-04 16:17:04,861 - gleitzeit.orchestrator.component_orchestrator - INFO - [dependency-0:stderr] 2025-11-04 16:17:04,861 - gleitzeit.workers.dependency_worker - INFO - Processing workflow submission: f4ae229d-1853-4f54-8561-3dc777c28d97
[2025-11-04 16:17:04] [STDERR] 2025-11-04 16:17:04,861 - gleitzeit.orchestrator.component_orchestrator - INFO - [workflow_loader-1:stderr] "description": "",
[2025-11-04 16:17:04] [STDERR] 2025-11-04 16:17:04,861 - gleitzeit.orchestrator.component_orchestrator - INFO - [workflow_loader-1:stderr] "version": "1.0.0",
[2025-11-04 16:17:04] [STDERR] 2025-11-04 16:17:04,862 - gleitzeit.orchestrator.component_orchestrator - INFO - [workflow_loader-1:stderr] "created_at": "2025-11-04T15:17:04.860143",
[2025-11-04 16:17:04] [STDERR] 2025-11-04 16:17:04,862 - gleitzeit.orchestrator.component_orchestrator - INFO - [workflow_loader-1:stderr] "tasks": [
[2025-11-04 16:17:04] [STDERR] 2025-11-04 16:17:04,862 - gleitzeit.orchestrator.component_orchestrator - INFO - [workflow_loader-1:stderr] {
[2025-11-04 16:17:04] [STDERR] 2025-11-04 16:17:04,862 - gleitzeit.orchestrator.component_orchestrator - INFO - [workflow_loader-1:stderr] "id": "2d5d7ff6-1744-4680-9d6d-8d0c776ac9f8",
[2025-11-04 16:17:04] [STDERR] 2025-11-04 16:17:04,862 - gleitzeit.orchestrator.component_orchestrator - INFO - [workflow_loader-1:stderr] "workflow_id": "f4ae229d-1853-4f54-8561-3dc777c28d97",
[2025-11-04 16:17:04] [STDERR] 2025-11-04 16:17:04,862 - gleitzeit.orchestrator.component_orchestrator - INFO - [workflow_loader-1:stderr] "name": "2d5d7ff6-1744-4680-9d6d-8d0c776ac9f8",
[2025-11-04 16:17:04] [STDERR] 2025-11-04 16:17:04,862 - gleitzeit.orchestrator.component_orchestrator - INFO - [workflow_loader-1:stderr] "description": "",
[2025-11-04 16:17:04] [STDERR] 2025-11-04 16:17:04,862 - gleitzeit.orchestrator.component_orchestrator - INFO - [workflow_loader-1:stderr] "protocol": "python/v1",
[2025-11-04 16:17:04] [STDERR] 2025-11-04 16:17:04,862 - gleitzeit.orchestrator.component_orchestrator - INFO - [workflow_loader-1:stderr] "method": "python/execute",
[2025-11-04 16:17:04] [STDERR] 2025-11-04 16:17:04,862 - gleitzeit.orchestrator.component_orchestrator - INFO - [workflow_loader-1:stderr] "params": {
[2025-11-04 16:17:04] [STDERR] 2025-11-04 16:17:04,863 - gleitzeit.orchestrator.component_orchestrator - INFO - [workflow_loader-1:stderr] "code": "\nresult = {\"status\": \"success\", \"message\": \"Hello from Gleitzeit 0.0.7!\"}\nprint(\"Task completed successfully\")\n"
[2025-11-04 16:17:04] [STDERR] 2025-11-04 16:17:04,863 - gleitzeit.orchestrator.component_orchestrator - INFO - [workflow_loader-1:stderr] },
[2025-11-04 16:17:04] [STDERR] 2025-11-04 16:17:04,863 - gleitzeit.orchestrator.component_orchestrator - INFO - [workflow_loader-1:stderr] "dependencies": [],
[2025-11-04 16:17:04] [STDERR] 2025-11-04 16:17:04,863 - gleitzeit.orchestrator.component_orchestrator - INFO - [workflow_loader-1:stderr] "timeout": 300,
[2025-11-04 16:17:04] [STDERR] 2025-11-04 16:17:04,863 - gleitzeit.orchestrator.component_orchestrator - INFO - [workflow_loader-1:stderr] "retry": {
[2025-11-04 16:17:04] [STDERR] 2025-11-04 16:17:04,863 - gleitzeit.orchestrator.component_orchestrator - INFO - [workflow_loader-1:stderr] "max_retries": 2,
[2025-11-04 16:17:04] [STDERR] 2025-11-04 16:17:04,863 - gleitzeit.orchestrator.component_orchestrator - INFO - [workflow_loader-1:stderr] "strategy": "exponential_jitter",
[2025-11-04 16:17:04] [STDERR] 2025-11-04 16:17:04,863 - gleitzeit.orchestrator.component_orchestrator - INFO - [workflow_loader-1:stderr] "base_delay": 1.0,
[2025-11-04 16:17:04] [STDERR] 2025-11-04 16:17:04,863 - gleitzeit.orchestrator.component_orchestrator - INFO - [workflow_loader-1:stderr] "max_delay": 30.0,
[2025-11-04 16:17:04] [STDERR] 2025-11-04 16:17:04,864 - gleitzeit.orchestrator.component_orchestrator - INFO - [workflow_loader-1:stderr] "jitter": true,
[2025-11-04 16:17:04] [STDERR] 2025-11-04 16:17:04,864 - gleitzeit.orchestrator.component_orchestrator - INFO - [workflow_loader-1:stderr] "multiplier": 2.0
[2025-11-04 16:17:04] [STDERR] 2025-11-04 16:17:04,864 - gleitzeit.orchestrator.component_orchestrator - INFO - [workflow_loader-1:stderr] }
[2025-11-04 16:17:04] [STDERR] 2025-11-04 16:17:04,864 - gleitzeit.orchestrator.component_orchestrator - INFO - [workflow_loader-1:stderr] }
[2025-11-04 16:17:04] [STDERR] 2025-11-04 16:17:04,864 - gleitzeit.orchestrator.component_orchestrator - INFO - [workflow_loader-1:stderr] ]
[2025-11-04 16:17:04] [STDERR] 2025-11-04 16:17:04,864 - gleitzeit.orchestrator.component_orchestrator - INFO - [workflow_loader-1:stderr] }
[2025-11-04 16:17:04] [STDERR] 2025-11-04 16:17:04,864 - gleitzeit.orchestrator.component_orchestrator - INFO - [workflow_loader-1:stderr] 2025-11-04 16:17:04,863 - gleitzeit.workers.workflow_loader_worker_v2 - INFO - Workflow f4ae229d-1853-4f54-8561-3dc777c28d97 loaded and submitted to shard 5 with indexes
[2025-11-04 16:17:04] [STDERR] 2025-11-04 16:17:04,866 - gleitzeit.orchestrator.component_orchestrator - INFO - [dependency-0:stderr] 2025-11-04 16:17:04,865 - gleitzeit.workers.dependency_worker - INFO - Emitted initial task 2d5d7ff6-1744-4680-9d6d-8d0c776ac9f8 to shard 5
[2025-11-04 16:17:06] [STDERR] 2025-11-04 16:17:06,357 - gleitzeit.orchestrator.component_orchestrator - INFO - [signal-0:stderr] 2025-11-04 16:17:06,357 - gleitzeit.workers.signal_worker - INFO - Signal processing loop iteration 80
[2025-11-04 16:17:16] [STDERR] 2025-11-04 16:17:16,376 - gleitzeit.orchestrator.component_orchestrator - INFO - [signal-0:stderr] 2025-11-04 16:17:16,376 - gleitzeit.workers.signal_worker - INFO - Signal processing loop iteration 100
[2025-11-04 16:17:26] [STDERR] 2025-11-04 16:17:26,396 - gleitzeit.orchestrator.component_orchestrator - INFO - [signal-0:stderr] 2025-11-04 16:17:26,395 - gleitzeit.workers.signal_worker - INFO - Signal processing loop iteration 120
[2025-11-04 16:17:36] [STDERR] 2025-11-04 16:17:36,416 - gleitzeit.orchestrator.component_orchestrator - INFO - [signal-0:stderr] 2025-11-04 16:17:36,415 - gleitzeit.workers.signal_worker - INFO - Signal processing loop iteration 140
[2025-11-04 16:17:36] [STDERR] 2025-11-04 16:17:36,612 - gleitzeit.orchestrator.component_orchestrator - WARNING - Worker api-0 unhealthy, restarting
[2025-11-04 16:17:36] [STDERR] 2025-11-04 16:17:36,612 - gleitzeit.orchestrator.component_orchestrator - INFO - Restarting worker api-0
[2025-11-04 16:17:36] [STDERR] 2025-11-04 16:17:36,612 - gleitzeit.orchestrator.component_orchestrator - INFO - Stopping worker api-0
[2025-11-04 16:17:36] [STDERR] 2025-11-04 16:17:36,613 - gleitzeit.orchestrator.component_orchestrator - INFO - Starting worker api-0 with shards [0, 1, 2, 3, 4, 5, 6, 7, 8, 9, 10, 11, 12, 13, 14, 15]
[2025-11-04 16:17:36] [STDERR] 2025-11-04 16:17:36,614 - gleitzeit.orchestrator.component_orchestrator - INFO - Stored config for api-0 at key: worker:config:api-0:1ec174b4
[2025-11-04 16:17:36] [STDERR] 2025-11-04 16:17:36,618 - gleitzeit.orchestrator.component_orchestrator - WARNING - Worker ui-0 unhealthy, restarting
[2025-11-04 16:17:36] [STDERR] 2025-11-04 16:17:36,619 - gleitzeit.orchestrator.component_orchestrator - INFO - Restarting worker ui-0
[2025-11-04 16:17:36] [STDERR] 2025-11-04 16:17:36,619 - gleitzeit.orchestrator.component_orchestrator - INFO - Stopping worker ui-0
[2025-11-04 16:17:36] [STDERR] 2025-11-04 16:17:36,619 - gleitzeit.orchestrator.component_orchestrator - INFO - Starting worker ui-0 with shards [0, 1, 2, 3, 4, 5, 6, 7, 8, 9, 10, 11, 12, 13, 14, 15]
[2025-11-04 16:17:36] [STDERR] 2025-11-04 16:17:36,619 - gleitzeit.orchestrator.component_orchestrator - INFO - Stored config for ui-0 at key: worker:config:ui-0:e35f5aff
[2025-11-04 16:17:36] [STDERR] 2025-11-04 16:17:36,835 - gleitzeit.orchestrator.component_orchestrator - INFO - [api-0:stderr] 2025-11-04 16:17:36,835 - __main__ - INFO - Initialized worker instance identity: gleitzei-529d6f54
[2025-11-04 16:17:36] [STDERR] 2025-11-04 16:17:36,835 - gleitzeit.orchestrator.component_orchestrator - INFO - [ui-0:stderr] 2025-11-04 16:17:36,835 - __main__ - INFO - Initialized worker instance identity: gleitzei-529d6f54
[2025-11-04 16:17:36] [STDERR] 2025-11-04 16:17:36,835 - gleitzeit.orchestrator.component_orchestrator - INFO - [api-0:stderr] 2025-11-04 16:17:36,835 - __main__ - INFO - Loading configuration from Redis key: worker:config:api-0:1ec174b4
[2025-11-04 16:17:36] [STDERR] 2025-11-04 16:17:36,835 - gleitzeit.orchestrator.component_orchestrator - INFO - [ui-0:stderr] 2025-11-04 16:17:36,835 - __main__ - INFO - Loading configuration from Redis key: worker:config:ui-0:e35f5aff
[2025-11-04 16:17:36] [STDERR] 2025-11-04 16:17:36,837 - gleitzeit.orchestrator.component_orchestrator - INFO - [ui-0:stderr] 2025-11-04 16:17:36,837 - __main__ - INFO - Loaded config for worker ui-0
[2025-11-04 16:17:36] [STDERR] 2025-11-04 16:17:36,837 - gleitzeit.orchestrator.component_orchestrator - INFO - [api-0:stderr] 2025-11-04 16:17:36,837 - __main__ - INFO - Loaded config for worker api-0
[2025-11-04 16:17:36] [STDERR] 2025-11-04 16:17:36,856 - gleitzeit.orchestrator.component_orchestrator - INFO - [api-0:stderr] 2025-11-04 16:17:36,856 - __main__ - INFO - Worker api-0 handler configs: ['python/v1', 'ollama/v1', 'http/v1', 'file/v1', 'timer/v1', 'signal/v1', 'workflow/v1']
[2025-11-04 16:17:36] [STDERR] 2025-11-04 16:17:36,856 - gleitzeit.orchestrator.component_orchestrator - INFO - [ui-0:stderr] 2025-11-04 16:17:36,856 - __main__ - INFO - Worker ui-0 handler configs: ['python/v1', 'ollama/v1', 'http/v1', 'file/v1', 'timer/v1', 'signal/v1', 'workflow/v1']
[2025-11-04 16:17:36] [STDERR] 2025-11-04 16:17:36,856 - gleitzeit.orchestrator.component_orchestrator - INFO - [ui-0:stderr] 2025-11-04 16:17:36,856 - gleitzeit.core.redis_cluster - INFO - Redis single instance initialized at localhost:6379
[2025-11-04 16:17:36] [STDERR] 2025-11-04 16:17:36,856 - gleitzeit.orchestrator.component_orchestrator - INFO - [api-0:stderr] 2025-11-04 16:17:36,856 - gleitzeit.core.redis_cluster - INFO - Redis single instance initialized at localhost:6379
[2025-11-04 16:17:36] [STDERR] 2025-11-04 16:17:36,857 - gleitzeit.orchestrator.component_orchestrator - ERROR - [ui-0:stderr] 2025-11-04 16:17:36,856 - ui.ui-0 - ERROR - Cannot start UI: Port 8004 is already in use. Either stop the existing service or use --ui-port to specify a different port.
[2025-11-04 16:17:36] [STDERR] 2025-11-04 16:17:36,857 - gleitzeit.orchestrator.component_orchestrator - ERROR - [api-0:stderr] 2025-11-04 16:17:36,856 - api.api-0 - ERROR - Cannot start API: Port 8000 is already in use. Either stop the existing service or use --api-port to specify a different port.
[2025-11-04 16:17:36] [STDERR] 2025-11-04 16:17:36,857 - gleitzeit.orchestrator.component_orchestrator - ERROR - [api-0:stderr] 2025-11-04 16:17:36,856 - __main__ - ERROR - Worker failed: Cannot start API: Port 8000 is already in use. Either stop the existing service or use --api-port to specify a different port.
[2025-11-04 16:17:36] [STDERR] 2025-11-04 16:17:36,858 - gleitzeit.orchestrator.component_orchestrator - INFO - [api-0:stderr] Traceback (most recent call last):
[2025-11-04 16:17:36] [STDERR] 2025-11-04 16:17:36,858 - gleitzeit.orchestrator.component_orchestrator - INFO - [api-0:stderr] File "/Users/leifmarkthaler/github/gleitzeit 0.0.7/src/gleitzeit/workers/runner.py", line 116, in run_worker
[2025-11-04 16:17:36] [STDERR] 2025-11-04 16:17:36,858 - gleitzeit.orchestrator.component_orchestrator - INFO - [api-0:stderr] await worker.initialize()
[2025-11-04 16:17:36] [STDERR] 2025-11-04 16:17:36,858 - gleitzeit.orchestrator.component_orchestrator - ERROR - [ui-0:stderr] 2025-11-04 16:17:36,856 - __main__ - ERROR - Worker failed: Cannot start UI: Port 8004 is already in use. Either stop the existing service or use --ui-port to specify a different port.
[2025-11-04 16:17:36] [STDERR] 2025-11-04 16:17:36,858 - gleitzeit.orchestrator.component_orchestrator - INFO - [api-0:stderr] File "/Users/leifmarkthaler/github/gleitzeit 0.0.7/src/gleitzeit/workers/base.py", line 113, in initialize
[2025-11-04 16:17:36] [STDERR] 2025-11-04 16:17:36,858 - gleitzeit.orchestrator.component_orchestrator - INFO - [ui-0:stderr] Traceback (most recent call last):
[2025-11-04 16:17:36] [STDERR] 2025-11-04 16:17:36,858 - gleitzeit.orchestrator.component_orchestrator - INFO - [api-0:stderr] await self.on_initialize()
[2025-11-04 16:17:36] [STDERR] 2025-11-04 16:17:36,858 - gleitzeit.orchestrator.component_orchestrator - INFO - [ui-0:stderr] File "/Users/leifmarkthaler/github/gleitzeit 0.0.7/src/gleitzeit/workers/runner.py", line 116, in run_worker
[2025-11-04 16:17:36] [STDERR] 2025-11-04 16:17:36,858 - gleitzeit.orchestrator.component_orchestrator - INFO - [api-0:stderr] File "/Users/leifmarkthaler/github/gleitzeit 0.0.7/src/gleitzeit/workers/api_worker.py", line 45, in on_initialize
[2025-11-04 16:17:36] [STDERR] 2025-11-04 16:17:36,858 - gleitzeit.orchestrator.component_orchestrator - INFO - [ui-0:stderr] await worker.initialize()
[2025-11-04 16:17:36] [STDERR] 2025-11-04 16:17:36,858 - gleitzeit.orchestrator.component_orchestrator - INFO - [api-0:stderr] raise RuntimeError(error_msg)
[2025-11-04 16:17:36] [STDERR] 2025-11-04 16:17:36,858 - gleitzeit.orchestrator.component_orchestrator - INFO - [ui-0:stderr] File "/Users/leifmarkthaler/github/gleitzeit 0.0.7/src/gleitzeit/workers/base.py", line 113, in initialize
[2025-11-04 16:17:36] [STDERR] 2025-11-04 16:17:36,859 - gleitzeit.orchestrator.component_orchestrator - INFO - [api-0:stderr] RuntimeError: Cannot start API: Port 8000 is already in use. Either stop the existing service or use --api-port to specify a different port.
[2025-11-04 16:17:36] [STDERR] 2025-11-04 16:17:36,859 - gleitzeit.orchestrator.component_orchestrator - INFO - [ui-0:stderr] await self.on_initialize()
[2025-11-04 16:17:36] [STDERR] 2025-11-04 16:17:36,859 - gleitzeit.orchestrator.component_orchestrator - INFO - [ui-0:stderr] File "/Users/leifmarkthaler/github/gleitzeit 0.0.7/src/gleitzeit/workers/ui_worker.py", line 46, in on_initialize
[2025-11-04 16:17:36] [STDERR] 2025-11-04 16:17:36,859 - gleitzeit.orchestrator.component_orchestrator - INFO - [ui-0:stderr] raise RuntimeError(error_msg)
[2025-11-04 16:17:36] [STDERR] 2025-11-04 16:17:36,859 - gleitzeit.orchestrator.component_orchestrator - INFO - [ui-0:stderr] RuntimeError: Cannot start UI: Port 8004 is already in use. Either stop the existing service or use --ui-port to specify a different port.
[2025-11-04 16:17:46] [STDERR] 2025-11-04 16:17:46,438 - gleitzeit.orchestrator.component_orchestrator - INFO - [signal-0:stderr] 2025-11-04 16:17:46,438 - gleitzeit.workers.signal_worker - INFO - Signal processing loop iteration 160
[2025-11-04 16:17:56] [STDERR] 2025-11-04 16:17:56,458 - gleitzeit.orchestrator.component_orchestrator - INFO - [signal-0:stderr] 2025-11-04 16:17:56,458 - gleitzeit.workers.signal_worker - INFO - Signal processing loop iteration 180
[2025-11-04 16:18:06] [STDERR] 2025-11-04 16:18:06,478 - gleitzeit.orchestrator.component_orchestrator - INFO - [signal-0:stderr] 2025-11-04 16:18:06,478 - gleitzeit.workers.signal_worker - INFO - Signal processing loop iteration 200
[2025-11-04 16:18:16] [STDERR] 2025-11-04 16:18:16,500 - gleitzeit.orchestrator.component_orchestrator - INFO - [signal-0:stderr] 2025-11-04 16:18:16,499 - gleitzeit.workers.signal_worker - INFO - Signal processing loop iteration 220
[2025-11-04 16:18:16] [STDERR] 2025-11-04 16:18:16,636 - gleitzeit.orchestrator.component_orchestrator - WARNING - Worker api-0 unhealthy, restarting
[2025-11-04 16:18:16] [STDERR] 2025-11-04 16:18:16,636 - gleitzeit.orchestrator.component_orchestrator - INFO - Restarting worker api-0
[2025-11-04 16:18:16] [STDERR] 2025-11-04 16:18:16,636 - gleitzeit.orchestrator.component_orchestrator - INFO - Stopping worker api-0
[2025-11-04 16:18:16] [STDERR] 2025-11-04 16:18:16,636 - gleitzeit.orchestrator.component_orchestrator - INFO - Starting worker api-0 with shards [0, 1, 2, 3, 4, 5, 6, 7, 8, 9, 10, 11, 12, 13, 14, 15]
[2025-11-04 16:18:16] [STDERR] 2025-11-04 16:18:16,636 - gleitzeit.orchestrator.component_orchestrator - INFO - Stored config for api-0 at key: worker:config:api-0:54bf2539
[2025-11-04 16:18:16] [STDERR] 2025-11-04 16:18:16,639 - gleitzeit.orchestrator.component_orchestrator - WARNING - Worker ui-0 unhealthy, restarting
[2025-11-04 16:18:16] [STDERR] 2025-11-04 16:18:16,639 - gleitzeit.orchestrator.component_orchestrator - INFO - Restarting worker ui-0
[2025-11-04 16:18:16] [STDERR] 2025-11-04 16:18:16,639 - gleitzeit.orchestrator.component_orchestrator - INFO - Stopping worker ui-0
[2025-11-04 16:18:16] [STDERR] 2025-11-04 16:18:16,639 - gleitzeit.orchestrator.component_orchestrator - INFO - Starting worker ui-0 with shards [0, 1, 2, 3, 4, 5, 6, 7, 8, 9, 10, 11, 12, 13, 14, 15]
[2025-11-04 16:18:16] [STDERR] 2025-11-04 16:18:16,639 - gleitzeit.orchestrator.component_orchestrator - INFO - Stored config for ui-0 at key: worker:config:ui-0:3fb8631c
[2025-11-04 16:18:16] [STDERR] 2025-11-04 16:18:16,854 - gleitzeit.orchestrator.component_orchestrator - INFO - [ui-0:stderr] 2025-11-04 16:18:16,854 - __main__ - INFO - Initialized worker instance identity: gleitzei-529d6f54
[2025-11-04 16:18:16] [STDERR] 2025-11-04 16:18:16,855 - gleitzeit.orchestrator.component_orchestrator - INFO - [ui-0:stderr] 2025-11-04 16:18:16,854 - __main__ - INFO - Loading configuration from Redis key: worker:config:ui-0:3fb8631c
[2025-11-04 16:18:16] [STDERR] 2025-11-04 16:18:16,855 - gleitzeit.orchestrator.component_orchestrator - INFO - [api-0:stderr] 2025-11-04 16:18:16,854 - __main__ - INFO - Initialized worker instance identity: gleitzei-529d6f54
[2025-11-04 16:18:16] [STDERR] 2025-11-04 16:18:16,855 - gleitzeit.orchestrator.component_orchestrator - INFO - [api-0:stderr] 2025-11-04 16:18:16,855 - __main__ - INFO - Loading configuration from Redis key: worker:config:api-0:54bf2539
[2025-11-04 16:18:16] [STDERR] 2025-11-04 16:18:16,857 - gleitzeit.orchestrator.component_orchestrator - INFO - [ui-0:stderr] 2025-11-04 16:18:16,857 - __main__ - INFO - Loaded config for worker ui-0
[2025-11-04 16:18:16] [STDERR] 2025-11-04 16:18:16,857 - gleitzeit.orchestrator.component_orchestrator - INFO - [api-0:stderr] 2025-11-04 16:18:16,857 - __main__ - INFO - Loaded config for worker api-0
[2025-11-04 16:18:16] [STDERR] 2025-11-04 16:18:16,887 - gleitzeit.orchestrator.component_orchestrator - INFO - [api-0:stderr] 2025-11-04 16:18:16,887 - __main__ - INFO - Worker api-0 handler configs: ['python/v1', 'ollama/v1', 'http/v1', 'file/v1', 'timer/v1', 'signal/v1', 'workflow/v1']
[2025-11-04 16:18:16] [STDERR] 2025-11-04 16:18:16,888 - gleitzeit.orchestrator.component_orchestrator - INFO - [api-0:stderr] 2025-11-04 16:18:16,887 - gleitzeit.core.redis_cluster - INFO - Redis single instance initialized at localhost:6379
[2025-11-04 16:18:16] [STDERR] 2025-11-04 16:18:16,888 - gleitzeit.orchestrator.component_orchestrator - INFO - [ui-0:stderr] 2025-11-04 16:18:16,887 - __main__ - INFO - Worker ui-0 handler configs: ['python/v1', 'ollama/v1', 'http/v1', 'file/v1', 'timer/v1', 'signal/v1', 'workflow/v1']
[2025-11-04 16:18:16] [STDERR] 2025-11-04 16:18:16,888 - gleitzeit.orchestrator.component_orchestrator - ERROR - [api-0:stderr] 2025-11-04 16:18:16,887 - api.api-0 - ERROR - Cannot start API: Port 8000 is already in use. Either stop the existing service or use --api-port to specify a different port.
[2025-11-04 16:18:16] [STDERR] 2025-11-04 16:18:16,888 - gleitzeit.orchestrator.component_orchestrator - INFO - [ui-0:stderr] 2025-11-04 16:18:16,888 - gleitzeit.core.redis_cluster - INFO - Redis single instance initialized at localhost:6379
[2025-11-04 16:18:16] [STDERR] 2025-11-04 16:18:16,888 - gleitzeit.orchestrator.component_orchestrator - ERROR - [ui-0:stderr] 2025-11-04 16:18:16,888 - ui.ui-0 - ERROR - Cannot start UI: Port 8004 is already in use. Either stop the existing service or use --ui-port to specify a different port.
[2025-11-04 16:18:16] [STDERR] 2025-11-04 16:18:16,889 - gleitzeit.orchestrator.component_orchestrator - ERROR - [api-0:stderr] 2025-11-04 16:18:16,887 - __main__ - ERROR - Worker failed: Cannot start API: Port 8000 is already in use. Either stop the existing service or use --api-port to specify a different port.
[2025-11-04 16:18:16] [STDERR] 2025-11-04 16:18:16,889 - gleitzeit.orchestrator.component_orchestrator - INFO - [api-0:stderr] Traceback (most recent call last):
[2025-11-04 16:18:16] [STDERR] 2025-11-04 16:18:16,889 - gleitzeit.orchestrator.component_orchestrator - INFO - [api-0:stderr] File "/Users/leifmarkthaler/github/gleitzeit 0.0.7/src/gleitzeit/workers/runner.py", line 116, in run_worker
[2025-11-04 16:18:16] [STDERR] 2025-11-04 16:18:16,889 - gleitzeit.orchestrator.component_orchestrator - ERROR - [ui-0:stderr] 2025-11-04 16:18:16,888 - __main__ - ERROR - Worker failed: Cannot start UI: Port 8004 is already in use. Either stop the existing service or use --ui-port to specify a different port.
[2025-11-04 16:18:16] [STDERR] 2025-11-04 16:18:16,889 - gleitzeit.orchestrator.component_orchestrator - INFO - [api-0:stderr] await worker.initialize()
[2025-11-04 16:18:16] [STDERR] 2025-11-04 16:18:16,890 - gleitzeit.orchestrator.component_orchestrator - INFO - [ui-0:stderr] Traceback (most recent call last):
[2025-11-04 16:18:16] [STDERR] 2025-11-04 16:18:16,890 - gleitzeit.orchestrator.component_orchestrator - INFO - [api-0:stderr] File "/Users/leifmarkthaler/github/gleitzeit 0.0.7/src/gleitzeit/workers/base.py", line 113, in initialize
[2025-11-04 16:18:16] [STDERR] 2025-11-04 16:18:16,890 - gleitzeit.orchestrator.component_orchestrator - INFO - [ui-0:stderr] File "/Users/leifmarkthaler/github/gleitzeit 0.0.7/src/gleitzeit/workers/runner.py", line 116, in run_worker
[2025-11-04 16:18:16] [STDERR] 2025-11-04 16:18:16,890 - gleitzeit.orchestrator.component_orchestrator - INFO - [api-0:stderr] await self.on_initialize()
[2025-11-04 16:18:16] [STDERR] 2025-11-04 16:18:16,890 - gleitzeit.orchestrator.component_orchestrator - INFO - [ui-0:stderr] await worker.initialize()
[2025-11-04 16:18:16] [STDERR] 2025-11-04 16:18:16,890 - gleitzeit.orchestrator.component_orchestrator - INFO - [api-0:stderr] File "/Users/leifmarkthaler/github/gleitzeit 0.0.7/src/gleitzeit/workers/api_worker.py", line 45, in on_initialize
[2025-11-04 16:18:16] [STDERR] 2025-11-04 16:18:16,890 - gleitzeit.orchestrator.component_orchestrator - INFO - [ui-0:stderr] File "/Users/leifmarkthaler/github/gleitzeit 0.0.7/src/gleitzeit/workers/base.py", line 113, in initialize
[2025-11-04 16:18:16] [STDERR] 2025-11-04 16:18:16,890 - gleitzeit.orchestrator.component_orchestrator - INFO - [api-0:stderr] raise RuntimeError(error_msg)
[2025-11-04 16:18:16] [STDERR] 2025-11-04 16:18:16,890 - gleitzeit.orchestrator.component_orchestrator - INFO - [ui-0:stderr] await self.on_initialize()
[2025-11-04 16:18:16] [STDERR] 2025-11-04 16:18:16,890 - gleitzeit.orchestrator.component_orchestrator - INFO - [api-0:stderr] RuntimeError: Cannot start API: Port 8000 is already in use. Either stop the existing service or use --api-port to specify a different port.
[2025-11-04 16:18:16] [STDERR] 2025-11-04 16:18:16,890 - gleitzeit.orchestrator.component_orchestrator - INFO - [ui-0:stderr] File "/Users/leifmarkthaler/github/gleitzeit 0.0.7/src/gleitzeit/workers/ui_worker.py", line 46, in on_initialize
[2025-11-04 16:18:16] [STDERR] 2025-11-04 16:18:16,890 - gleitzeit.orchestrator.component_orchestrator - INFO - [ui-0:stderr] raise RuntimeError(error_msg)
[2025-11-04 16:18:16] [STDERR] 2025-11-04 16:18:16,891 - gleitzeit.orchestrator.component_orchestrator - INFO - [ui-0:stderr] RuntimeError: Cannot start UI: Port 8004 is already in use. Either stop the existing service or use --ui-port to specify a different port.
[2025-11-04 16:18:26] [STDERR] 2025-11-04 16:18:26,522 - gleitzeit.orchestrator.component_orchestrator - INFO - [signal-0:stderr] 2025-11-04 16:18:26,521 - gleitzeit.workers.signal_worker - INFO - Signal processing loop iteration 240
[2025-11-04 16:18:36] [STDERR] 2025-11-04 16:18:36,542 - gleitzeit.orchestrator.component_orchestrator - INFO - [signal-0:stderr] 2025-11-04 16:18:36,542 - gleitzeit.workers.signal_worker - INFO - Signal processing loop iteration 260
[2025-11-04 16:18:46] [STDERR] 2025-11-04 16:18:46,574 - gleitzeit.orchestrator.component_orchestrator - INFO - [signal-0:stderr] 2025-11-04 16:18:46,573 - gleitzeit.workers.signal_worker - INFO - Signal processing loop iteration 280
[2025-11-04 16:18:56] [STDERR] 2025-11-04 16:18:56,604 - gleitzeit.orchestrator.component_orchestrator - INFO - [signal-0:stderr] 2025-11-04 16:18:56,603 - gleitzeit.workers.signal_worker - INFO - Signal processing loop iteration 300
[2025-11-04 16:18:56] [STDERR] 2025-11-04 16:18:56,653 - gleitzeit.orchestrator.component_orchestrator - WARNING - Worker api-0 unhealthy, restarting
[2025-11-04 16:18:56] [STDERR] 2025-11-04 16:18:56,653 - gleitzeit.orchestrator.component_orchestrator - INFO - Restarting worker api-0
[2025-11-04 16:18:56] [STDERR] 2025-11-04 16:18:56,653 - gleitzeit.orchestrator.component_orchestrator - INFO - Stopping worker api-0
[2025-11-04 16:18:56] [STDERR] 2025-11-04 16:18:56,653 - gleitzeit.orchestrator.component_orchestrator - INFO - Starting worker api-0 with shards [0, 1, 2, 3, 4, 5, 6, 7, 8, 9, 10, 11, 12, 13, 14, 15]
[2025-11-04 16:18:56] [STDERR] 2025-11-04 16:18:56,654 - gleitzeit.orchestrator.component_orchestrator - INFO - Stored config for api-0 at key: worker:config:api-0:06c32612
[2025-11-04 16:18:56] [STDERR] 2025-11-04 16:18:56,656 - gleitzeit.orchestrator.component_orchestrator - WARNING - Worker ui-0 unhealthy, restarting
[2025-11-04 16:18:56] [STDERR] 2025-11-04 16:18:56,657 - gleitzeit.orchestrator.component_orchestrator - INFO - Restarting worker ui-0
[2025-11-04 16:18:56] [STDERR] 2025-11-04 16:18:56,657 - gleitzeit.orchestrator.component_orchestrator - INFO - Stopping worker ui-0
[2025-11-04 16:18:56] [STDERR] 2025-11-04 16:18:56,657 - gleitzeit.orchestrator.component_orchestrator - INFO - Starting worker ui-0 with shards [0, 1, 2, 3, 4, 5, 6, 7, 8, 9, 10, 11, 12, 13, 14, 15]
[2025-11-04 16:18:56] [STDERR] 2025-11-04 16:18:56,657 - gleitzeit.orchestrator.component_orchestrator - INFO - Stored config for ui-0 at key: worker:config:ui-0:6a74d953
[2025-11-04 16:18:56] [STDERR] 2025-11-04 16:18:56,897 - gleitzeit.orchestrator.component_orchestrator - INFO - [api-0:stderr] 2025-11-04 16:18:56,897 - __main__ - INFO - Initialized worker instance identity: gleitzei-529d6f54
[2025-11-04 16:18:56] [STDERR] 2025-11-04 16:18:56,898 - gleitzeit.orchestrator.component_orchestrator - INFO - [ui-0:stderr] 2025-11-04 16:18:56,897 - __main__ - INFO - Initialized worker instance identity: gleitzei-529d6f54
[2025-11-04 16:18:56] [STDERR] 2025-11-04 16:18:56,898 - gleitzeit.orchestrator.component_orchestrator - INFO - [api-0:stderr] 2025-11-04 16:18:56,897 - __main__ - INFO - Loading configuration from Redis key: worker:config:api-0:06c32612
[2025-11-04 16:18:56] [STDERR] 2025-11-04 16:18:56,898 - gleitzeit.orchestrator.component_orchestrator - INFO - [ui-0:stderr] 2025-11-04 16:18:56,898 - __main__ - INFO - Loading configuration from Redis key: worker:config:ui-0:6a74d953
[2025-11-04 16:18:56] [STDERR] 2025-11-04 16:18:56,900 - gleitzeit.orchestrator.component_orchestrator - INFO - [ui-0:stderr] 2025-11-04 16:18:56,900 - __main__ - INFO - Loaded config for worker ui-0
[2025-11-04 16:18:56] [STDERR] 2025-11-04 16:18:56,901 - gleitzeit.orchestrator.component_orchestrator - INFO - [api-0:stderr] 2025-11-04 16:18:56,900 - __main__ - INFO - Loaded config for worker api-0
[2025-11-04 16:18:56] [STDERR] 2025-11-04 16:18:56,921 - gleitzeit.orchestrator.component_orchestrator - INFO - [api-0:stderr] 2025-11-04 16:18:56,921 - __main__ - INFO - Worker api-0 handler configs: ['python/v1', 'ollama/v1', 'http/v1', 'file/v1', 'timer/v1', 'signal/v1', 'workflow/v1']
[2025-11-04 16:18:56] [STDERR] 2025-11-04 16:18:56,921 - gleitzeit.orchestrator.component_orchestrator - INFO - [ui-0:stderr] 2025-11-04 16:18:56,921 - __main__ - INFO - Worker ui-0 handler configs: ['python/v1', 'ollama/v1', 'http/v1', 'file/v1', 'timer/v1', 'signal/v1', 'workflow/v1']
[2025-11-04 16:18:56] [STDERR] 2025-11-04 16:18:56,921 - gleitzeit.orchestrator.component_orchestrator - INFO - [api-0:stderr] 2025-11-04 16:18:56,921 - gleitzeit.core.redis_cluster - INFO - Redis single instance initialized at localhost:6379
[2025-11-04 16:18:56] [STDERR] 2025-11-04 16:18:56,921 - gleitzeit.orchestrator.component_orchestrator - INFO - [ui-0:stderr] 2025-11-04 16:18:56,921 - gleitzeit.core.redis_cluster - INFO - Redis single instance initialized at localhost:6379
[2025-11-04 16:18:56] [STDERR] 2025-11-04 16:18:56,921 - gleitzeit.orchestrator.component_orchestrator - ERROR - [api-0:stderr] 2025-11-04 16:18:56,921 - api.api-0 - ERROR - Cannot start API: Port 8000 is already in use. Either stop the existing service or use --api-port to specify a different port.
[2025-11-04 16:18:56] [STDERR] 2025-11-04 16:18:56,921 - gleitzeit.orchestrator.component_orchestrator - ERROR - [ui-0:stderr] 2025-11-04 16:18:56,921 - ui.ui-0 - ERROR - Cannot start UI: Port 8004 is already in use. Either stop the existing service or use --ui-port to specify a different port.
[2025-11-04 16:18:56] [STDERR] 2025-11-04 16:18:56,922 - gleitzeit.orchestrator.component_orchestrator - ERROR - [api-0:stderr] 2025-11-04 16:18:56,921 - __main__ - ERROR - Worker failed: Cannot start API: Port 8000 is already in use. Either stop the existing service or use --api-port to specify a different port.
[2025-11-04 16:18:56] [STDERR] 2025-11-04 16:18:56,922 - gleitzeit.orchestrator.component_orchestrator - ERROR - [ui-0:stderr] 2025-11-04 16:18:56,921 - __main__ - ERROR - Worker failed: Cannot start UI: Port 8004 is already in use. Either stop the existing service or use --ui-port to specify a different port.
[2025-11-04 16:18:56] [STDERR] 2025-11-04 16:18:56,922 - gleitzeit.orchestrator.component_orchestrator - INFO - [api-0:stderr] Traceback (most recent call last):
[2025-11-04 16:18:56] [STDERR] 2025-11-04 16:18:56,922 - gleitzeit.orchestrator.component_orchestrator - INFO - [ui-0:stderr] Traceback (most recent call last):
[2025-11-04 16:18:56] [STDERR] 2025-11-04 16:18:56,922 - gleitzeit.orchestrator.component_orchestrator - INFO - [api-0:stderr] File "/Users/leifmarkthaler/github/gleitzeit 0.0.7/src/gleitzeit/workers/runner.py", line 116, in run_worker
[2025-11-04 16:18:56] [STDERR] 2025-11-04 16:18:56,922 - gleitzeit.orchestrator.component_orchestrator - INFO - [ui-0:stderr] File "/Users/leifmarkthaler/github/gleitzeit 0.0.7/src/gleitzeit/workers/runner.py", line 116, in run_worker
[2025-11-04 16:18:56] [STDERR] 2025-11-04 16:18:56,922 - gleitzeit.orchestrator.component_orchestrator - INFO - [api-0:stderr] await worker.initialize()
[2025-11-04 16:18:56] [STDERR] 2025-11-04 16:18:56,922 - gleitzeit.orchestrator.component_orchestrator - INFO - [ui-0:stderr] await worker.initialize()
[2025-11-04 16:18:56] [STDERR] 2025-11-04 16:18:56,922 - gleitzeit.orchestrator.component_orchestrator - INFO - [api-0:stderr] File "/Users/leifmarkthaler/github/gleitzeit 0.0.7/src/gleitzeit/workers/base.py", line 113, in initialize
[2025-11-04 16:18:56] [STDERR] 2025-11-04 16:18:56,922 - gleitzeit.orchestrator.component_orchestrator - INFO - [ui-0:stderr] File "/Users/leifmarkthaler/github/gleitzeit 0.0.7/src/gleitzeit/workers/base.py", line 113, in initialize
[2025-11-04 16:18:56] [STDERR] 2025-11-04 16:18:56,922 - gleitzeit.orchestrator.component_orchestrator - INFO - [api-0:stderr] await self.on_initialize()
[2025-11-04 16:18:56] [STDERR] 2025-11-04 16:18:56,922 - gleitzeit.orchestrator.component_orchestrator - INFO - [ui-0:stderr] await self.on_initialize()
[2025-11-04 16:18:56] [STDERR] 2025-11-04 16:18:56,923 - gleitzeit.orchestrator.component_orchestrator - INFO - [api-0:stderr] File "/Users/leifmarkthaler/github/gleitzeit 0.0.7/src/gleitzeit/workers/api_worker.py", line 45, in on_initialize
[2025-11-04 16:18:56] [STDERR] 2025-11-04 16:18:56,923 - gleitzeit.orchestrator.component_orchestrator - INFO - [ui-0:stderr] File "/Users/leifmarkthaler/github/gleitzeit 0.0.7/src/gleitzeit/workers/ui_worker.py", line 46, in on_initialize
[2025-11-04 16:18:56] [STDERR] 2025-11-04 16:18:56,923 - gleitzeit.orchestrator.component_orchestrator - INFO - [api-0:stderr] raise RuntimeError(error_msg)
[2025-11-04 16:18:56] [STDERR] 2025-11-04 16:18:56,923 - gleitzeit.orchestrator.component_orchestrator - INFO - [ui-0:stderr] raise RuntimeError(error_msg)
[2025-11-04 16:18:56] [STDERR] 2025-11-04 16:18:56,923 - gleitzeit.orchestrator.component_orchestrator - INFO - [api-0:stderr] RuntimeError: Cannot start API: Port 8000 is already in use. Either stop the existing service or use --api-port to specify a different port.
[2025-11-04 16:18:56] [STDERR] 2025-11-04 16:18:56,923 - gleitzeit.orchestrator.component_orchestrator - INFO - [ui-0:stderr] RuntimeError: Cannot start UI: Port 8004 is already in use. Either stop the existing service or use --ui-port to specify a different port.
[2025-11-04 16:19:06] [STDERR] 2025-11-04 16:19:06,625 - gleitzeit.orchestrator.component_orchestrator - INFO - [signal-0:stderr] 2025-11-04 16:19:06,625 - gleitzeit.workers.signal_worker - INFO - Signal processing loop iteration 320
[2025-11-04 16:19:16] [STDERR] 2025-11-04 16:19:16,646 - gleitzeit.orchestrator.component_orchestrator - INFO - [signal-0:stderr] 2025-11-04 16:19:16,646 - gleitzeit.workers.signal_worker - INFO - Signal processing loop iteration 340
[2025-11-04 16:19:26] [STDERR] 2025-11-04 16:19:26,668 - gleitzeit.orchestrator.component_orchestrator - INFO - [signal-0:stderr] 2025-11-04 16:19:26,668 - gleitzeit.workers.signal_worker - INFO - Signal processing loop iteration 360
[2025-11-04 16:19:36] [STDERR] 2025-11-04 16:19:36,673 - gleitzeit.orchestrator.component_orchestrator - WARNING - Worker api-0 unhealthy, restarting
[2025-11-04 16:19:36] [STDERR] 2025-11-04 16:19:36,673 - gleitzeit.orchestrator.component_orchestrator - INFO - Restarting worker api-0
[2025-11-04 16:19:36] [STDERR] 2025-11-04 16:19:36,673 - gleitzeit.orchestrator.component_orchestrator - INFO - Stopping worker api-0
[2025-11-04 16:19:36] [STDERR] 2025-11-04 16:19:36,674 - gleitzeit.orchestrator.component_orchestrator - INFO - Starting worker api-0 with shards [0, 1, 2, 3, 4, 5, 6, 7, 8, 9, 10, 11, 12, 13, 14, 15]
[2025-11-04 16:19:36] [STDERR] 2025-11-04 16:19:36,675 - gleitzeit.orchestrator.component_orchestrator - INFO - Stored config for api-0 at key: worker:config:api-0:1db3ac19
[2025-11-04 16:19:36] [STDERR] 2025-11-04 16:19:36,680 - gleitzeit.orchestrator.component_orchestrator - WARNING - Worker ui-0 unhealthy, restarting
[2025-11-04 16:19:36] [STDERR] 2025-11-04 16:19:36,681 - gleitzeit.orchestrator.component_orchestrator - INFO - Restarting worker ui-0
[2025-11-04 16:19:36] [STDERR] 2025-11-04 16:19:36,681 - gleitzeit.orchestrator.component_orchestrator - INFO - Stopping worker ui-0
[2025-11-04 16:19:36] [STDERR] 2025-11-04 16:19:36,681 - gleitzeit.orchestrator.component_orchestrator - INFO - Starting worker ui-0 with shards [0, 1, 2, 3, 4, 5, 6, 7, 8, 9, 10, 11, 12, 13, 14, 15]
[2025-11-04 16:19:36] [STDERR] 2025-11-04 16:19:36,681 - gleitzeit.orchestrator.component_orchestrator - INFO - Stored config for ui-0 at key: worker:config:ui-0:5f4281ad
[2025-11-04 16:19:36] [STDERR] 2025-11-04 16:19:36,687 - gleitzeit.orchestrator.component_orchestrator - INFO - [signal-0:stderr] 2025-11-04 16:19:36,687 - gleitzeit.workers.signal_worker - INFO - Signal processing loop iteration 380
[2025-11-04 16:19:36] [STDERR] 2025-11-04 16:19:36,926 - gleitzeit.orchestrator.component_orchestrator - INFO - [ui-0:stderr] 2025-11-04 16:19:36,925 - __main__ - INFO - Initialized worker instance identity: gleitzei-529d6f54
[2025-11-04 16:19:36] [STDERR] 2025-11-04 16:19:36,926 - gleitzeit.orchestrator.component_orchestrator - INFO - [api-0:stderr] 2025-11-04 16:19:36,926 - __main__ - INFO - Initialized worker instance identity: gleitzei-529d6f54
[2025-11-04 16:19:36] [STDERR] 2025-11-04 16:19:36,926 - gleitzeit.orchestrator.component_orchestrator - INFO - [ui-0:stderr] 2025-11-04 16:19:36,926 - __main__ - INFO - Loading configuration from Redis key: worker:config:ui-0:5f4281ad
[2025-11-04 16:19:36] [STDERR] 2025-11-04 16:19:36,926 - gleitzeit.orchestrator.component_orchestrator - INFO - [api-0:stderr] 2025-11-04 16:19:36,926 - __main__ - INFO - Loading configuration from Redis key: worker:config:api-0:1db3ac19
[2025-11-04 16:19:36] [STDERR] 2025-11-04 16:19:36,928 - gleitzeit.orchestrator.component_orchestrator - INFO - [ui-0:stderr] 2025-11-04 16:19:36,928 - __main__ - INFO - Loaded config for worker ui-0
[2025-11-04 16:19:36] [STDERR] 2025-11-04 16:19:36,928 - gleitzeit.orchestrator.component_orchestrator - INFO - [api-0:stderr] 2025-11-04 16:19:36,928 - __main__ - INFO - Loaded config for worker api-0
[2025-11-04 16:19:36] [STDERR] 2025-11-04 16:19:36,947 - gleitzeit.orchestrator.component_orchestrator - INFO - [ui-0:stderr] 2025-11-04 16:19:36,947 - __main__ - INFO - Worker ui-0 handler configs: ['python/v1', 'ollama/v1', 'http/v1', 'file/v1', 'timer/v1', 'signal/v1', 'workflow/v1']
[2025-11-04 16:19:36] [STDERR] 2025-11-04 16:19:36,947 - gleitzeit.orchestrator.component_orchestrator - INFO - [api-0:stderr] 2025-11-04 16:19:36,947 - __main__ - INFO - Worker api-0 handler configs: ['python/v1', 'ollama/v1', 'http/v1', 'file/v1', 'timer/v1', 'signal/v1', 'workflow/v1']
[2025-11-04 16:19:36] [STDERR] 2025-11-04 16:19:36,948 - gleitzeit.orchestrator.component_orchestrator - INFO - [ui-0:stderr] 2025-11-04 16:19:36,947 - gleitzeit.core.redis_cluster - INFO - Redis single instance initialized at localhost:6379
[2025-11-04 16:19:36] [STDERR] 2025-11-04 16:19:36,948 - gleitzeit.orchestrator.component_orchestrator - INFO - [api-0:stderr] 2025-11-04 16:19:36,947 - gleitzeit.core.redis_cluster - INFO - Redis single instance initialized at localhost:6379
[2025-11-04 16:19:36] [STDERR] 2025-11-04 16:19:36,948 - gleitzeit.orchestrator.component_orchestrator - ERROR - [ui-0:stderr] 2025-11-04 16:19:36,947 - ui.ui-0 - ERROR - Cannot start UI: Port 8004 is already in use. Either stop the existing service or use --ui-port to specify a different port.
[2025-11-04 16:19:36] [STDERR] 2025-11-04 16:19:36,948 - gleitzeit.orchestrator.component_orchestrator - ERROR - [api-0:stderr] 2025-11-04 16:19:36,947 - api.api-0 - ERROR - Cannot start API: Port 8000 is already in use. Either stop the existing service or use --api-port to specify a different port.
[2025-11-04 16:19:36] [STDERR] 2025-11-04 16:19:36,948 - gleitzeit.orchestrator.component_orchestrator - ERROR - [api-0:stderr] 2025-11-04 16:19:36,947 - __main__ - ERROR - Worker failed: Cannot start API: Port 8000 is already in use. Either stop the existing service or use --api-port to specify a different port.
[2025-11-04 16:19:36] [STDERR] 2025-11-04 16:19:36,948 - gleitzeit.orchestrator.component_orchestrator - ERROR - [ui-0:stderr] 2025-11-04 16:19:36,947 - __main__ - ERROR - Worker failed: Cannot start UI: Port 8004 is already in use. Either stop the existing service or use --ui-port to specify a different port.
[2025-11-04 16:19:36] [STDERR] 2025-11-04 16:19:36,948 - gleitzeit.orchestrator.component_orchestrator - INFO - [api-0:stderr] Traceback (most recent call last):
[2025-11-04 16:19:36] [STDERR] 2025-11-04 16:19:36,948 - gleitzeit.orchestrator.component_orchestrator - INFO - [ui-0:stderr] Traceback (most recent call last):
[2025-11-04 16:19:36] [STDERR] 2025-11-04 16:19:36,948 - gleitzeit.orchestrator.component_orchestrator - INFO - [api-0:stderr] File "/Users/leifmarkthaler/github/gleitzeit 0.0.7/src/gleitzeit/workers/runner.py", line 116, in run_worker
[2025-11-04 16:19:36] [STDERR] 2025-11-04 16:19:36,948 - gleitzeit.orchestrator.component_orchestrator - INFO - [ui-0:stderr] File "/Users/leifmarkthaler/github/gleitzeit 0.0.7/src/gleitzeit/workers/runner.py", line 116, in run_worker
[2025-11-04 16:19:36] [STDERR] 2025-11-04 16:19:36,948 - gleitzeit.orchestrator.component_orchestrator - INFO - [api-0:stderr] await worker.initialize()
[2025-11-04 16:19:36] [STDERR] 2025-11-04 16:19:36,948 - gleitzeit.orchestrator.component_orchestrator - INFO - [ui-0:stderr] await worker.initialize()
[2025-11-04 16:19:36] [STDERR] 2025-11-04 16:19:36,948 - gleitzeit.orchestrator.component_orchestrator - INFO - [api-0:stderr] File "/Users/leifmarkthaler/github/gleitzeit 0.0.7/src/gleitzeit/workers/base.py", line 113, in initialize
[2025-11-04 16:19:36] [STDERR] 2025-11-04 16:19:36,948 - gleitzeit.orchestrator.component_orchestrator - INFO - [ui-0:stderr] File "/Users/leifmarkthaler/github/gleitzeit 0.0.7/src/gleitzeit/workers/base.py", line 113, in initialize
[2025-11-04 16:19:36] [STDERR] 2025-11-04 16:19:36,949 - gleitzeit.orchestrator.component_orchestrator - INFO - [api-0:stderr] await self.on_initialize()
[2025-11-04 16:19:36] [STDERR] 2025-11-04 16:19:36,949 - gleitzeit.orchestrator.component_orchestrator - INFO - [ui-0:stderr] await self.on_initialize()
[2025-11-04 16:19:36] [STDERR] 2025-11-04 16:19:36,949 - gleitzeit.orchestrator.component_orchestrator - INFO - [api-0:stderr] File "/Users/leifmarkthaler/github/gleitzeit 0.0.7/src/gleitzeit/workers/api_worker.py", line 45, in on_initialize
[2025-11-04 16:19:36] [STDERR] 2025-11-04 16:19:36,949 - gleitzeit.orchestrator.component_orchestrator - INFO - [ui-0:stderr] File "/Users/leifmarkthaler/github/gleitzeit 0.0.7/src/gleitzeit/workers/ui_worker.py", line 46, in on_initialize
[2025-11-04 16:19:36] [STDERR] 2025-11-04 16:19:36,949 - gleitzeit.orchestrator.component_orchestrator - INFO - [api-0:stderr] raise RuntimeError(error_msg)
[2025-11-04 16:19:36] [STDERR] 2025-11-04 16:19:36,949 - gleitzeit.orchestrator.component_orchestrator - INFO - [ui-0:stderr] raise RuntimeError(error_msg)
[2025-11-04 16:19:36] [STDERR] 2025-11-04 16:19:36,949 - gleitzeit.orchestrator.component_orchestrator - INFO - [api-0:stderr] RuntimeError: Cannot start API: Port 8000 is already in use. Either stop the existing service or use --api-port to specify a different port.
[2025-11-04 16:19:36] [STDERR] 2025-11-04 16:19:36,949 - gleitzeit.orchestrator.component_orchestrator - INFO - [ui-0:stderr] RuntimeError: Cannot start UI: Port 8004 is already in use. Either stop the existing service or use --ui-port to specify a different port.
[2025-11-04 16:19:46] [STDERR] 2025-11-04 16:19:46,709 - gleitzeit.orchestrator.component_orchestrator - INFO - [signal-0:stderr] 2025-11-04 16:19:46,708 - gleitzeit.workers.signal_worker - INFO - Signal processing loop iteration 400
[2025-11-04 16:19:50] [STDERR] 2025-11-04 16:19:50,532 - gleitzeit.orchestrator.component_orchestrator - INFO - [workflow_loader-0:stderr] 2025-11-04 16:19:50,532 - gleitzeit.workers.workflow_loader_worker_v2 - INFO - Loading workflow easy-workflow-773a613f from inline
[2025-11-04 16:19:50] [STDERR] 2025-11-04 16:19:50,534 - gleitzeit.orchestrator.component_orchestrator - INFO - [workflow_loader-0:stderr] 2025-11-04 16:19:50,534 - gleitzeit.workers.workflow_loader_worker_v2 - INFO - Raw workflow before transform: {
[2025-11-04 16:19:50] [STDERR] 2025-11-04 16:19:50,534 - gleitzeit.orchestrator.component_orchestrator - INFO - [workflow_loader-0:stderr] "name": "Hello World",
[2025-11-04 16:19:50] [STDERR] 2025-11-04 16:19:50,534 - gleitzeit.orchestrator.component_orchestrator - INFO - [workflow_loader-0:stderr] "tasks": [
[2025-11-04 16:19:50] [STDERR] 2025-11-04 16:19:50,534 - gleitzeit.orchestrator.component_orchestrator - INFO - [workflow_loader-0:stderr] {
[2025-11-04 16:19:50] [STDERR] 2025-11-04 16:19:50,534 - gleitzeit.orchestrator.component_orchestrator - INFO - [workflow_loader-0:stderr] "name": "hello",
[2025-11-04 16:19:50] [STDERR] 2025-11-04 16:19:50,534 - gleitzeit.orchestrator.component_orchestrator - INFO - [workflow_loader-0:stderr] "protocol": "python/v1",
[2025-11-04 16:19:50] [STDERR] 2025-11-04 16:19:50,534 - gleitzeit.orchestrator.component_orchestrator - INFO - [workflow_loader-0:stderr] "method": "python/execute",
[2025-11-04 16:19:50] [STDERR] 2025-11-04 16:19:50,534 - gleitzeit.orchestrator.component_orchestrator - INFO - [workflow_loader-0:stderr] "params": {
[2025-11-04 16:19:50] [STDERR] 2025-11-04 16:19:50,534 - gleitzeit.orchestrator.component_orchestrator - INFO - [workflow_loader-0:stderr] "code": "result = \"Hello, World!\""
[2025-11-04 16:19:50] [STDERR] 2025-11-04 16:19:50,535 - gleitzeit.orchestrator.component_orchestrator - INFO - [workflow_loader-0:stderr] }
[2025-11-04 16:19:50] [STDERR] 2025-11-04 16:19:50,535 - gleitzeit.orchestrator.component_orchestrator - INFO - [workflow_loader-0:stderr] }
[2025-11-04 16:19:50] [STDERR] 2025-11-04 16:19:50,535 - gleitzeit.orchestrator.component_orchestrator - INFO - [workflow_loader-0:stderr] ],
[2025-11-04 16:19:50] [STDERR] 2025-11-04 16:19:50,535 - gleitzeit.orchestrator.component_orchestrator - INFO - [workflow_loader-0:stderr] "workflow_id": "easy-workflow-773a613f"
[2025-11-04 16:19:50] [STDERR] 2025-11-04 16:19:50,535 - gleitzeit.orchestrator.component_orchestrator - INFO - [workflow_loader-0:stderr] }
[2025-11-04 16:19:50] [STDERR] 2025-11-04 16:19:50,535 - gleitzeit.orchestrator.component_orchestrator - INFO - [workflow_loader-0:stderr] 2025-11-04 16:19:50,534 - gleitzeit.workers.workflow_loader_worker_v2 - INFO - Workflow after transform: {
[2025-11-04 16:19:50] [STDERR] 2025-11-04 16:19:50,535 - gleitzeit.orchestrator.component_orchestrator - INFO - [workflow_loader-0:stderr] "id": "easy-workflow-773a613f",
[2025-11-04 16:19:50] [STDERR] 2025-11-04 16:19:50,535 - gleitzeit.orchestrator.component_orchestrator - INFO - [workflow_loader-0:stderr] "name": "Hello World",
[2025-11-04 16:19:50] [STDERR] 2025-11-04 16:19:50,535 - gleitzeit.orchestrator.component_orchestrator - INFO - [workflow_loader-0:stderr] "description": "",
[2025-11-04 16:19:50] [STDERR] 2025-11-04 16:19:50,536 - gleitzeit.orchestrator.component_orchestrator - INFO - [workflow_loader-0:stderr] "version": "1.0.0",
[2025-11-04 16:19:50] [STDERR] 2025-11-04 16:19:50,536 - gleitzeit.orchestrator.component_orchestrator - INFO - [workflow_loader-0:stderr] "created_at": "2025-11-04T15:19:50.534244",
[2025-11-04 16:19:50] [STDERR] 2025-11-04 16:19:50,536 - gleitzeit.orchestrator.component_orchestrator - INFO - [workflow_loader-0:stderr] "tasks": [
[2025-11-04 16:19:50] [STDERR] 2025-11-04 16:19:50,536 - gleitzeit.orchestrator.component_orchestrator - INFO - [workflow_loader-0:stderr] {
[2025-11-04 16:19:50] [STDERR] 2025-11-04 16:19:50,536 - gleitzeit.orchestrator.component_orchestrator - INFO - [workflow_loader-0:stderr] "id": "6c6e0d38-2a02-4a11-8750-5fb73d5d85f2",
[2025-11-04 16:19:50] [STDERR] 2025-11-04 16:19:50,536 - gleitzeit.orchestrator.component_orchestrator - INFO - [workflow_loader-0:stderr] "workflow_id": "easy-workflow-773a613f",
[2025-11-04 16:19:50] [STDERR] 2025-11-04 16:19:50,536 - gleitzeit.orchestrator.component_orchestrator - INFO - [workflow_loader-0:stderr] "name": "hello",
[2025-11-04 16:19:50] [STDERR] 2025-11-04 16:19:50,536 - gleitzeit.orchestrator.component_orchestrator - INFO - [workflow_loader-0:stderr] "description": "",
[2025-11-04 16:19:50] [STDERR] 2025-11-04 16:19:50,537 - gleitzeit.orchestrator.component_orchestrator - INFO - [workflow_loader-0:stderr] "protocol": "python/v1",
[2025-11-04 16:19:50] [STDERR] 2025-11-04 16:19:50,537 - gleitzeit.orchestrator.component_orchestrator - INFO - [workflow_loader-0:stderr] "method": "python/execute",
[2025-11-04 16:19:50] [STDERR] 2025-11-04 16:19:50,537 - gleitzeit.orchestrator.component_orchestrator - INFO - [workflow_loader-0:stderr] "params": {
[2025-11-04 16:19:50] [STDERR] 2025-11-04 16:19:50,537 - gleitzeit.orchestrator.component_orchestrator - INFO - [workflow_loader-0:stderr] "code": "result = \"Hello, World!\""
[2025-11-04 16:19:50] [STDERR] 2025-11-04 16:19:50,537 - gleitzeit.orchestrator.component_orchestrator - INFO - [workflow_loader-0:stderr] },
[2025-11-04 16:19:50] [STDERR] 2025-11-04 16:19:50,537 - gleitzeit.orchestrator.component_orchestrator - INFO - [workflow_loader-0:stderr] "dependencies": [],
[2025-11-04 16:19:50] [STDERR] 2025-11-04 16:19:50,537 - gleitzeit.orchestrator.component_orchestrator - INFO - [workflow_loader-0:stderr] "timeout": 300,
[2025-11-04 16:19:50] [STDERR] 2025-11-04 16:19:50,537 - gleitzeit.orchestrator.component_orchestrator - INFO - [workflow_loader-0:stderr] "retry": {
[2025-11-04 16:19:50] [STDERR] 2025-11-04 16:19:50,538 - gleitzeit.orchestrator.component_orchestrator - INFO - [workflow_loader-0:stderr] "max_retries": 2,
[2025-11-04 16:19:50] [STDERR] 2025-11-04 16:19:50,538 - gleitzeit.orchestrator.component_orchestrator - INFO - [workflow_loader-0:stderr] "strategy": "exponential_jitter",
[2025-11-04 16:19:50] [STDERR] 2025-11-04 16:19:50,538 - gleitzeit.orchestrator.component_orchestrator - INFO - [workflow_loader-0:stderr] "base_delay": 1.0,
[2025-11-04 16:19:50] [STDERR] 2025-11-04 16:19:50,538 - gleitzeit.orchestrator.component_orchestrator - INFO - [workflow_loader-0:stderr] "max_delay": 30.0,
[2025-11-04 16:19:50] [STDERR] 2025-11-04 16:19:50,538 - gleitzeit.orchestrator.component_orchestrator - INFO - [workflow_loader-0:stderr] "jitter": true,
[2025-11-04 16:19:50] [STDERR] 2025-11-04 16:19:50,539 - gleitzeit.orchestrator.component_orchestrator - INFO - [workflow_loader-0:stderr] "multiplier": 2.0
[2025-11-04 16:19:50] [STDERR] 2025-11-04 16:19:50,539 - gleitzeit.orchestrator.component_orchestrator - INFO - [workflow_loader-0:stderr] }
[2025-11-04 16:19:50] [STDERR] 2025-11-04 16:19:50,539 - gleitzeit.orchestrator.component_orchestrator - INFO - [workflow_loader-0:stderr] }
[2025-11-04 16:19:50] [STDERR] 2025-11-04 16:19:50,539 - gleitzeit.orchestrator.component_orchestrator - INFO - [workflow_loader-0:stderr] ]
[2025-11-04 16:19:50] [STDERR] 2025-11-04 16:19:50,540 - gleitzeit.orchestrator.component_orchestrator - INFO - [workflow_loader-0:stderr] }
[2025-11-04 16:19:50] [STDERR] 2025-11-04 16:19:50,540 - gleitzeit.orchestrator.component_orchestrator - INFO - [workflow_loader-0:stderr] 2025-11-04 16:19:50,537 - gleitzeit.workers.workflow_loader_worker_v2 - INFO - Workflow easy-workflow-773a613f loaded and submitted to shard 12 with indexes
[2025-11-04 16:19:50] [STDERR] 2025-11-04 16:19:50,547 - gleitzeit.orchestrator.component_orchestrator - INFO - [dependency-0:stderr] 2025-11-04 16:19:50,547 - gleitzeit.workers.dependency_worker - INFO - Processing task completion: 6c6e0d38-2a02-4a11-8750-5fb73d5d85f2 from workflow easy-workflow-773a613f
[2025-11-04 16:19:50] [STDERR] 2025-11-04 16:19:50,550 - gleitzeit.orchestrator.component_orchestrator - INFO - [dependency-0:stderr] 2025-11-04 16:19:50,549 - gleitzeit.workers.dependency_worker - INFO - Workflow easy-workflow-773a613f completed successfully!
[2025-11-04 16:19:56] [STDERR] 2025-11-04 16:19:56,730 - gleitzeit.orchestrator.component_orchestrator - INFO - [signal-0:stderr] 2025-11-04 16:19:56,730 - gleitzeit.workers.signal_worker - INFO - Signal processing loop iteration 420
[2025-11-04 16:20:06] [STDERR] 2025-11-04 16:20:06,751 - gleitzeit.orchestrator.component_orchestrator - INFO - [signal-0:stderr] 2025-11-04 16:20:06,751 - gleitzeit.workers.signal_worker - INFO - Signal processing loop iteration 440
[2025-11-04 16:20:16] [STDERR] 2025-11-04 16:20:16,698 - gleitzeit.orchestrator.component_orchestrator - WARNING - Worker api-0 unhealthy, restarting
[2025-11-04 16:20:16] [STDERR] 2025-11-04 16:20:16,698 - gleitzeit.orchestrator.component_orchestrator - INFO - Restarting worker api-0
[2025-11-04 16:20:16] [STDERR] 2025-11-04 16:20:16,698 - gleitzeit.orchestrator.component_orchestrator - INFO - Stopping worker api-0
[2025-11-04 16:20:16] [STDERR] 2025-11-04 16:20:16,698 - gleitzeit.orchestrator.component_orchestrator - INFO - Starting worker api-0 with shards [0, 1, 2, 3, 4, 5, 6, 7, 8, 9, 10, 11, 12, 13, 14, 15]
[2025-11-04 16:20:16] [STDERR] 2025-11-04 16:20:16,699 - gleitzeit.orchestrator.component_orchestrator - INFO - Stored config for api-0 at key: worker:config:api-0:2d8615e6
[2025-11-04 16:20:16] [STDERR] 2025-11-04 16:20:16,701 - gleitzeit.orchestrator.component_orchestrator - WARNING - Worker ui-0 unhealthy, restarting
[2025-11-04 16:20:16] [STDERR] 2025-11-04 16:20:16,701 - gleitzeit.orchestrator.component_orchestrator - INFO - Restarting worker ui-0
[2025-11-04 16:20:16] [STDERR] 2025-11-04 16:20:16,701 - gleitzeit.orchestrator.component_orchestrator - INFO - Stopping worker ui-0
[2025-11-04 16:20:16] [STDERR] 2025-11-04 16:20:16,701 - gleitzeit.orchestrator.component_orchestrator - INFO - Starting worker ui-0 with shards [0, 1, 2, 3, 4, 5, 6, 7, 8, 9, 10, 11, 12, 13, 14, 15]
[2025-11-04 16:20:16] [STDERR] 2025-11-04 16:20:16,701 - gleitzeit.orchestrator.component_orchestrator - INFO - Stored config for ui-0 at key: worker:config:ui-0:e3661184
[2025-11-04 16:20:16] [STDERR] 2025-11-04 16:20:16,789 - gleitzeit.orchestrator.component_orchestrator - INFO - [signal-0:stderr] 2025-11-04 16:20:16,789 - gleitzeit.workers.signal_worker - INFO - Signal processing loop iteration 460
[2025-11-04 16:20:16] [STDERR] 2025-11-04 16:20:16,986 - gleitzeit.orchestrator.component_orchestrator - INFO - [api-0:stderr] 2025-11-04 16:20:16,985 - __main__ - INFO - Initialized worker instance identity: gleitzei-529d6f54
[2025-11-04 16:20:16] [STDERR] 2025-11-04 16:20:16,986 - gleitzeit.orchestrator.component_orchestrator - INFO - [ui-0:stderr] 2025-11-04 16:20:16,985 - __main__ - INFO - Initialized worker instance identity: gleitzei-529d6f54
[2025-11-04 16:20:16] [STDERR] 2025-11-04 16:20:16,986 - gleitzeit.orchestrator.component_orchestrator - INFO - [api-0:stderr] 2025-11-04 16:20:16,986 - __main__ - INFO - Loading configuration from Redis key: worker:config:api-0:2d8615e6
[2025-11-04 16:20:16] [STDERR] 2025-11-04 16:20:16,986 - gleitzeit.orchestrator.component_orchestrator - INFO - [ui-0:stderr] 2025-11-04 16:20:16,986 - __main__ - INFO - Loading configuration from Redis key: worker:config:ui-0:e3661184
[2025-11-04 16:20:16] [STDERR] 2025-11-04 16:20:16,988 - gleitzeit.orchestrator.component_orchestrator - INFO - [ui-0:stderr] 2025-11-04 16:20:16,988 - __main__ - INFO - Loaded config for worker ui-0
[2025-11-04 16:20:16] [STDERR] 2025-11-04 16:20:16,988 - gleitzeit.orchestrator.component_orchestrator - INFO - [api-0:stderr] 2025-11-04 16:20:16,988 - __main__ - INFO - Loaded config for worker api-0
[2025-11-04 16:20:17] [STDERR] 2025-11-04 16:20:17,007 - gleitzeit.orchestrator.component_orchestrator - INFO - [api-0:stderr] 2025-11-04 16:20:17,007 - __main__ - INFO - Worker api-0 handler configs: ['python/v1', 'ollama/v1', 'http/v1', 'file/v1', 'timer/v1', 'signal/v1', 'workflow/v1']
[2025-11-04 16:20:17] [STDERR] 2025-11-04 16:20:17,007 - gleitzeit.orchestrator.component_orchestrator - INFO - [ui-0:stderr] 2025-11-04 16:20:17,007 - __main__ - INFO - Worker ui-0 handler configs: ['python/v1', 'ollama/v1', 'http/v1', 'file/v1', 'timer/v1', 'signal/v1', 'workflow/v1']
[2025-11-04 16:20:17] [STDERR] 2025-11-04 16:20:17,007 - gleitzeit.orchestrator.component_orchestrator - INFO - [api-0:stderr] 2025-11-04 16:20:17,007 - gleitzeit.core.redis_cluster - INFO - Redis single instance initialized at localhost:6379
[2025-11-04 16:20:17] [STDERR] 2025-11-04 16:20:17,007 - gleitzeit.orchestrator.component_orchestrator - INFO - [ui-0:stderr] 2025-11-04 16:20:17,007 - gleitzeit.core.redis_cluster - INFO - Redis single instance initialized at localhost:6379
[2025-11-04 16:20:17] [STDERR] 2025-11-04 16:20:17,007 - gleitzeit.orchestrator.component_orchestrator - ERROR - [api-0:stderr] 2025-11-04 16:20:17,007 - api.api-0 - ERROR - Cannot start API: Port 8000 is already in use. Either stop the existing service or use --api-port to specify a different port.
[2025-11-04 16:20:17] [STDERR] 2025-11-04 16:20:17,008 - gleitzeit.orchestrator.component_orchestrator - ERROR - [ui-0:stderr] 2025-11-04 16:20:17,007 - ui.ui-0 - ERROR - Cannot start UI: Port 8004 is already in use. Either stop the existing service or use --ui-port to specify a different port.
[2025-11-04 16:20:17] [STDERR] 2025-11-04 16:20:17,008 - gleitzeit.orchestrator.component_orchestrator - ERROR - [api-0:stderr] 2025-11-04 16:20:17,007 - __main__ - ERROR - Worker failed: Cannot start API: Port 8000 is already in use. Either stop the existing service or use --api-port to specify a different port.
[2025-11-04 16:20:17] [STDERR] 2025-11-04 16:20:17,008 - gleitzeit.orchestrator.component_orchestrator - INFO - [api-0:stderr] Traceback (most recent call last):
[2025-11-04 16:20:17] [STDERR] 2025-11-04 16:20:17,009 - gleitzeit.orchestrator.component_orchestrator - ERROR - [ui-0:stderr] 2025-11-04 16:20:17,007 - __main__ - ERROR - Worker failed: Cannot start UI: Port 8004 is already in use. Either stop the existing service or use --ui-port to specify a different port.
[2025-11-04 16:20:17] [STDERR] 2025-11-04 16:20:17,009 - gleitzeit.orchestrator.component_orchestrator - INFO - [api-0:stderr] File "/Users/leifmarkthaler/github/gleitzeit 0.0.7/src/gleitzeit/workers/runner.py", line 116, in run_worker
[2025-11-04 16:20:17] [STDERR] 2025-11-04 16:20:17,009 - gleitzeit.orchestrator.component_orchestrator - INFO - [ui-0:stderr] Traceback (most recent call last):
[2025-11-04 16:20:17] [STDERR] 2025-11-04 16:20:17,009 - gleitzeit.orchestrator.component_orchestrator - INFO - [api-0:stderr] await worker.initialize()
[2025-11-04 16:20:17] [STDERR] 2025-11-04 16:20:17,009 - gleitzeit.orchestrator.component_orchestrator - INFO - [ui-0:stderr] File "/Users/leifmarkthaler/github/gleitzeit 0.0.7/src/gleitzeit/workers/runner.py", line 116, in run_worker
[2025-11-04 16:20:17] [STDERR] 2025-11-04 16:20:17,009 - gleitzeit.orchestrator.component_orchestrator - INFO - [api-0:stderr] File "/Users/leifmarkthaler/github/gleitzeit 0.0.7/src/gleitzeit/workers/base.py", line 113, in initialize
[2025-11-04 16:20:17] [STDERR] 2025-11-04 16:20:17,009 - gleitzeit.orchestrator.component_orchestrator - INFO - [ui-0:stderr] await worker.initialize()
[2025-11-04 16:20:17] [STDERR] 2025-11-04 16:20:17,009 - gleitzeit.orchestrator.component_orchestrator - INFO - [api-0:stderr] await self.on_initialize()
[2025-11-04 16:20:17] [STDERR] 2025-11-04 16:20:17,009 - gleitzeit.orchestrator.component_orchestrator - INFO - [ui-0:stderr] File "/Users/leifmarkthaler/github/gleitzeit 0.0.7/src/gleitzeit/workers/base.py", line 113, in initialize
[2025-11-04 16:20:17] [STDERR] 2025-11-04 16:20:17,010 - gleitzeit.orchestrator.component_orchestrator - INFO - [api-0:stderr] File "/Users/leifmarkthaler/github/gleitzeit 0.0.7/src/gleitzeit/workers/api_worker.py", line 45, in on_initialize
[2025-11-04 16:20:17] [STDERR] 2025-11-04 16:20:17,010 - gleitzeit.orchestrator.component_orchestrator - INFO - [ui-0:stderr] await self.on_initialize()
[2025-11-04 16:20:17] [STDERR] 2025-11-04 16:20:17,010 - gleitzeit.orchestrator.component_orchestrator - INFO - [api-0:stderr] raise RuntimeError(error_msg)
[2025-11-04 16:20:17] [STDERR] 2025-11-04 16:20:17,010 - gleitzeit.orchestrator.component_orchestrator - INFO - [ui-0:stderr] File "/Users/leifmarkthaler/github/gleitzeit 0.0.7/src/gleitzeit/workers/ui_worker.py", line 46, in on_initialize
[2025-11-04 16:20:17] [STDERR] 2025-11-04 16:20:17,010 - gleitzeit.orchestrator.component_orchestrator - INFO - [api-0:stderr] RuntimeError: Cannot start API: Port 8000 is already in use. Either stop the existing service or use --api-port to specify a different port.
[2025-11-04 16:20:17] [STDERR] 2025-11-04 16:20:17,010 - gleitzeit.orchestrator.component_orchestrator - INFO - [ui-0:stderr] raise RuntimeError(error_msg)
[2025-11-04 16:20:17] [STDERR] 2025-11-04 16:20:17,010 - gleitzeit.orchestrator.component_orchestrator - INFO - [ui-0:stderr] RuntimeError: Cannot start UI: Port 8004 is already in use. Either stop the existing service or use --ui-port to specify a different port.
[2025-11-04 16:20:26] [STDERR] 2025-11-04 16:20:26,809 - gleitzeit.orchestrator.component_orchestrator - INFO - [signal-0:stderr] 2025-11-04 16:20:26,808 - gleitzeit.workers.signal_worker - INFO - Signal processing loop iteration 480
[2025-11-04 16:20:36] [STDERR] 2025-11-04 16:20:36,835 - gleitzeit.orchestrator.component_orchestrator - INFO - [signal-0:stderr] 2025-11-04 16:20:36,834 - gleitzeit.workers.signal_worker - INFO - Signal processing loop iteration 500
[2025-11-04 16:20:46] [STDERR] 2025-11-04 16:20:46,855 - gleitzeit.orchestrator.component_orchestrator - INFO - [signal-0:stderr] 2025-11-04 16:20:46,855 - gleitzeit.workers.signal_worker - INFO - Signal processing loop iteration 520
[2025-11-04 16:20:56] [STDERR] 2025-11-04 16:20:56,717 - gleitzeit.orchestrator.component_orchestrator - WARNING - Worker api-0 unhealthy, restarting
[2025-11-04 16:20:56] [STDERR] 2025-11-04 16:20:56,717 - gleitzeit.orchestrator.component_orchestrator - INFO - Restarting worker api-0
[2025-11-04 16:20:56] [STDERR] 2025-11-04 16:20:56,717 - gleitzeit.orchestrator.component_orchestrator - INFO - Stopping worker api-0
[2025-11-04 16:20:56] [STDERR] 2025-11-04 16:20:56,717 - gleitzeit.orchestrator.component_orchestrator - INFO - Starting worker api-0 with shards [0, 1, 2, 3, 4, 5, 6, 7, 8, 9, 10, 11, 12, 13, 14, 15]
[2025-11-04 16:20:56] [STDERR] 2025-11-04 16:20:56,718 - gleitzeit.orchestrator.component_orchestrator - INFO - Stored config for api-0 at key: worker:config:api-0:4989dbe9
[2025-11-04 16:20:56] [STDERR] 2025-11-04 16:20:56,722 - gleitzeit.orchestrator.component_orchestrator - WARNING - Worker ui-0 unhealthy, restarting
[2025-11-04 16:20:56] [STDERR] 2025-11-04 16:20:56,723 - gleitzeit.orchestrator.component_orchestrator - INFO - Restarting worker ui-0
[2025-11-04 16:20:56] [STDERR] 2025-11-04 16:20:56,723 - gleitzeit.orchestrator.component_orchestrator - INFO - Stopping worker ui-0
[2025-11-04 16:20:56] [STDERR] 2025-11-04 16:20:56,723 - gleitzeit.orchestrator.component_orchestrator - INFO - Starting worker ui-0 with shards [0, 1, 2, 3, 4, 5, 6, 7, 8, 9, 10, 11, 12, 13, 14, 15]
[2025-11-04 16:20:56] [STDERR] 2025-11-04 16:20:56,723 - gleitzeit.orchestrator.component_orchestrator - INFO - Stored config for ui-0 at key: worker:config:ui-0:3afef5ff
[2025-11-04 16:20:56] [STDERR] 2025-11-04 16:20:56,884 - gleitzeit.orchestrator.component_orchestrator - INFO - [signal-0:stderr] 2025-11-04 16:20:56,884 - gleitzeit.workers.signal_worker - INFO - Signal processing loop iteration 540
[2025-11-04 16:20:56] [STDERR] 2025-11-04 16:20:56,962 - gleitzeit.orchestrator.component_orchestrator - INFO - [ui-0:stderr] 2025-11-04 16:20:56,961 - __main__ - INFO - Initialized worker instance identity: gleitzei-529d6f54
[2025-11-04 16:20:56] [STDERR] 2025-11-04 16:20:56,962 - gleitzeit.orchestrator.component_orchestrator - INFO - [api-0:stderr] 2025-11-04 16:20:56,961 - __main__ - INFO - Initialized worker instance identity: gleitzei-529d6f54
[2025-11-04 16:20:56] [STDERR] 2025-11-04 16:20:56,962 - gleitzeit.orchestrator.component_orchestrator - INFO - [ui-0:stderr] 2025-11-04 16:20:56,962 - __main__ - INFO - Loading configuration from Redis key: worker:config:ui-0:3afef5ff
[2025-11-04 16:20:56] [STDERR] 2025-11-04 16:20:56,962 - gleitzeit.orchestrator.component_orchestrator - INFO - [api-0:stderr] 2025-11-04 16:20:56,962 - __main__ - INFO - Loading configuration from Redis key: worker:config:api-0:4989dbe9
[2025-11-04 16:20:56] [STDERR] 2025-11-04 16:20:56,964 - gleitzeit.orchestrator.component_orchestrator - INFO - [api-0:stderr] 2025-11-04 16:20:56,964 - __main__ - INFO - Loaded config for worker api-0
[2025-11-04 16:20:56] [STDERR] 2025-11-04 16:20:56,964 - gleitzeit.orchestrator.component_orchestrator - INFO - [ui-0:stderr] 2025-11-04 16:20:56,964 - __main__ - INFO - Loaded config for worker ui-0
[2025-11-04 16:20:56] [STDERR] 2025-11-04 16:20:56,983 - gleitzeit.orchestrator.component_orchestrator - INFO - [api-0:stderr] 2025-11-04 16:20:56,982 - __main__ - INFO - Worker api-0 handler configs: ['python/v1', 'ollama/v1', 'http/v1', 'file/v1', 'timer/v1', 'signal/v1', 'workflow/v1']
[2025-11-04 16:20:56] [STDERR] 2025-11-04 16:20:56,983 - gleitzeit.orchestrator.component_orchestrator - INFO - [ui-0:stderr] 2025-11-04 16:20:56,982 - __main__ - INFO - Worker ui-0 handler configs: ['python/v1', 'ollama/v1', 'http/v1', 'file/v1', 'timer/v1', 'signal/v1', 'workflow/v1']
[2025-11-04 16:20:56] [STDERR] 2025-11-04 16:20:56,983 - gleitzeit.orchestrator.component_orchestrator - INFO - [api-0:stderr] 2025-11-04 16:20:56,983 - gleitzeit.core.redis_cluster - INFO - Redis single instance initialized at localhost:6379
[2025-11-04 16:20:56] [STDERR] 2025-11-04 16:20:56,983 - gleitzeit.orchestrator.component_orchestrator - INFO - [ui-0:stderr] 2025-11-04 16:20:56,983 - gleitzeit.core.redis_cluster - INFO - Redis single instance initialized at localhost:6379
[2025-11-04 16:20:56] [STDERR] 2025-11-04 16:20:56,983 - gleitzeit.orchestrator.component_orchestrator - ERROR - [api-0:stderr] 2025-11-04 16:20:56,983 - api.api-0 - ERROR - Cannot start API: Port 8000 is already in use. Either stop the existing service or use --api-port to specify a different port.
[2025-11-04 16:20:56] [STDERR] 2025-11-04 16:20:56,983 - gleitzeit.orchestrator.component_orchestrator - ERROR - [ui-0:stderr] 2025-11-04 16:20:56,983 - ui.ui-0 - ERROR - Cannot start UI: Port 8004 is already in use. Either stop the existing service or use --ui-port to specify a different port.
[2025-11-04 16:20:56] [STDERR] 2025-11-04 16:20:56,984 - gleitzeit.orchestrator.component_orchestrator - ERROR - [api-0:stderr] 2025-11-04 16:20:56,983 - __main__ - ERROR - Worker failed: Cannot start API: Port 8000 is already in use. Either stop the existing service or use --api-port to specify a different port.
[2025-11-04 16:20:56] [STDERR] 2025-11-04 16:20:56,984 - gleitzeit.orchestrator.component_orchestrator - INFO - [api-0:stderr] Traceback (most recent call last):
[2025-11-04 16:20:56] [STDERR] 2025-11-04 16:20:56,984 - gleitzeit.orchestrator.component_orchestrator - INFO - [api-0:stderr] File "/Users/leifmarkthaler/github/gleitzeit 0.0.7/src/gleitzeit/workers/runner.py", line 116, in run_worker
[2025-11-04 16:20:56] [STDERR] 2025-11-04 16:20:56,984 - gleitzeit.orchestrator.component_orchestrator - INFO - [api-0:stderr] await worker.initialize()
[2025-11-04 16:20:56] [STDERR] 2025-11-04 16:20:56,984 - gleitzeit.orchestrator.component_orchestrator - ERROR - [ui-0:stderr] 2025-11-04 16:20:56,983 - __main__ - ERROR - Worker failed: Cannot start UI: Port 8004 is already in use. Either stop the existing service or use --ui-port to specify a different port.
[2025-11-04 16:20:56] [STDERR] 2025-11-04 16:20:56,984 - gleitzeit.orchestrator.component_orchestrator - INFO - [api-0:stderr] File "/Users/leifmarkthaler/github/gleitzeit 0.0.7/src/gleitzeit/workers/base.py", line 113, in initialize
[2025-11-04 16:20:56] [STDERR] 2025-11-04 16:20:56,984 - gleitzeit.orchestrator.component_orchestrator - INFO - [ui-0:stderr] Traceback (most recent call last):
[2025-11-04 16:20:56] [STDERR] 2025-11-04 16:20:56,985 - gleitzeit.orchestrator.component_orchestrator - INFO - [api-0:stderr] await self.on_initialize()
[2025-11-04 16:20:56] [STDERR] 2025-11-04 16:20:56,985 - gleitzeit.orchestrator.component_orchestrator - INFO - [ui-0:stderr] File "/Users/leifmarkthaler/github/gleitzeit 0.0.7/src/gleitzeit/workers/runner.py", line 116, in run_worker
[2025-11-04 16:20:56] [STDERR] 2025-11-04 16:20:56,985 - gleitzeit.orchestrator.component_orchestrator - INFO - [api-0:stderr] File "/Users/leifmarkthaler/github/gleitzeit 0.0.7/src/gleitzeit/workers/api_worker.py", line 45, in on_initialize
[2025-11-04 16:20:56] [STDERR] 2025-11-04 16:20:56,985 - gleitzeit.orchestrator.component_orchestrator - INFO - [ui-0:stderr] await worker.initialize()
[2025-11-04 16:20:56] [STDERR] 2025-11-04 16:20:56,985 - gleitzeit.orchestrator.component_orchestrator - INFO - [api-0:stderr] raise RuntimeError(error_msg)
[2025-11-04 16:20:56] [STDERR] 2025-11-04 16:20:56,985 - gleitzeit.orchestrator.component_orchestrator - INFO - [ui-0:stderr] File "/Users/leifmarkthaler/github/gleitzeit 0.0.7/src/gleitzeit/workers/base.py", line 113, in initialize
[2025-11-04 16:20:56] [STDERR] 2025-11-04 16:20:56,985 - gleitzeit.orchestrator.component_orchestrator - INFO - [api-0:stderr] RuntimeError: Cannot start API: Port 8000 is already in use. Either stop the existing service or use --api-port to specify a different port.
[2025-11-04 16:20:56] [STDERR] 2025-11-04 16:20:56,985 - gleitzeit.orchestrator.component_orchestrator - INFO - [ui-0:stderr] await self.on_initialize()
[2025-11-04 16:20:56] [STDERR] 2025-11-04 16:20:56,985 - gleitzeit.orchestrator.component_orchestrator - INFO - [ui-0:stderr] File "/Users/leifmarkthaler/github/gleitzeit 0.0.7/src/gleitzeit/workers/ui_worker.py", line 46, in on_initialize
[2025-11-04 16:20:56] [STDERR] 2025-11-04 16:20:56,985 - gleitzeit.orchestrator.component_orchestrator - INFO - [ui-0:stderr] raise RuntimeError(error_msg)
[2025-11-04 16:20:56] [STDERR] 2025-11-04 16:20:56,985 - gleitzeit.orchestrator.component_orchestrator - INFO - [ui-0:stderr] RuntimeError: Cannot start UI: Port 8004 is already in use. Either stop the existing service or use --ui-port to specify a different port.
[2025-11-04 16:21:05] [STDERR] 2025-11-04 16:21:05,441 - gleitzeit.orchestrator.component_orchestrator - INFO - [workflow_loader-0:stderr] 2025-11-04 16:21:05,441 - gleitzeit.workers.workflow_loader_worker_v2 - INFO - Loading workflow 7a354242-9ba4-49c8-94b7-68b6977fd41f from inline
[2025-11-04 16:21:05] [STDERR] 2025-11-04 16:21:05,442 - gleitzeit.orchestrator.component_orchestrator - INFO - [workflow_loader-0:stderr] 2025-11-04 16:21:05,442 - gleitzeit.workers.workflow_loader_worker_v2 - INFO - Raw workflow before transform: {
[2025-11-04 16:21:05] [STDERR] 2025-11-04 16:21:05,443 - gleitzeit.orchestrator.component_orchestrator - INFO - [workflow_loader-0:stderr] "name": "Simple Calculation",
[2025-11-04 16:21:05] [STDERR] 2025-11-04 16:21:05,443 - gleitzeit.orchestrator.component_orchestrator - INFO - [workflow_loader-0:stderr] "tasks": [
[2025-11-04 16:21:05] [STDERR] 2025-11-04 16:21:05,443 - gleitzeit.orchestrator.component_orchestrator - INFO - [workflow_loader-0:stderr] {
[2025-11-04 16:21:05] [STDERR] 2025-11-04 16:21:05,443 - gleitzeit.orchestrator.component_orchestrator - INFO - [workflow_loader-0:stderr] "id": "calculate",
[2025-11-04 16:21:05] [STDERR] 2025-11-04 16:21:05,443 - gleitzeit.orchestrator.component_orchestrator - INFO - [workflow_loader-0:stderr] "type": "python",
[2025-11-04 16:21:05] [STDERR] 2025-11-04 16:21:05,443 - gleitzeit.orchestrator.component_orchestrator - INFO - [workflow_loader-0:stderr] "params": {
[2025-11-04 16:21:05] [STDERR] 2025-11-04 16:21:05,443 - gleitzeit.orchestrator.component_orchestrator - INFO - [workflow_loader-0:stderr] "code": "\nresult = 2 + 2\nprint(f\"The answer is: {result}\")\n"
[2025-11-04 16:21:05] [STDERR] 2025-11-04 16:21:05,443 - gleitzeit.orchestrator.component_orchestrator - INFO - [workflow_loader-0:stderr] }
[2025-11-04 16:21:05] [STDERR] 2025-11-04 16:21:05,443 - gleitzeit.orchestrator.component_orchestrator - INFO - [workflow_loader-0:stderr] }
[2025-11-04 16:21:05] [STDERR] 2025-11-04 16:21:05,444 - gleitzeit.orchestrator.component_orchestrator - INFO - [workflow_loader-0:stderr] ],
[2025-11-04 16:21:05] [STDERR] 2025-11-04 16:21:05,444 - gleitzeit.orchestrator.component_orchestrator - INFO - [workflow_loader-0:stderr] "workflow_id": "7a354242-9ba4-49c8-94b7-68b6977fd41f"
[2025-11-04 16:21:05] [STDERR] 2025-11-04 16:21:05,444 - gleitzeit.orchestrator.component_orchestrator - INFO - [workflow_loader-0:stderr] }
[2025-11-04 16:21:05] [STDERR] 2025-11-04 16:21:05,444 - gleitzeit.orchestrator.component_orchestrator - INFO - [workflow_loader-0:stderr] 2025-11-04 16:21:05,442 - gleitzeit.workers.workflow_loader_worker_v2 - INFO - Workflow after transform: {
[2025-11-04 16:21:05] [STDERR] 2025-11-04 16:21:05,444 - gleitzeit.orchestrator.component_orchestrator - INFO - [workflow_loader-0:stderr] "id": "7a354242-9ba4-49c8-94b7-68b6977fd41f",
[2025-11-04 16:21:05] [STDERR] 2025-11-04 16:21:05,444 - gleitzeit.orchestrator.component_orchestrator - INFO - [workflow_loader-0:stderr] "name": "Simple Calculation",
[2025-11-04 16:21:05] [STDERR] 2025-11-04 16:21:05,444 - gleitzeit.orchestrator.component_orchestrator - INFO - [workflow_loader-0:stderr] "description": "",
[2025-11-04 16:21:05] [STDERR] 2025-11-04 16:21:05,445 - gleitzeit.orchestrator.component_orchestrator - INFO - [workflow_loader-0:stderr] "version": "1.0.0",
[2025-11-04 16:21:05] [STDERR] 2025-11-04 16:21:05,445 - gleitzeit.orchestrator.component_orchestrator - INFO - [workflow_loader-0:stderr] "created_at": "2025-11-04T15:21:05.442762",
[2025-11-04 16:21:05] [STDERR] 2025-11-04 16:21:05,445 - gleitzeit.orchestrator.component_orchestrator - INFO - [workflow_loader-0:stderr] "tasks": [
[2025-11-04 16:21:05] [STDERR] 2025-11-04 16:21:05,445 - gleitzeit.orchestrator.component_orchestrator - INFO - [workflow_loader-0:stderr] {
[2025-11-04 16:21:05] [STDERR] 2025-11-04 16:21:05,445 - gleitzeit.orchestrator.component_orchestrator - INFO - [workflow_loader-0:stderr] "id": "5275e609-a9cd-478e-9a16-0f58928bfe05",
[2025-11-04 16:21:05] [STDERR] 2025-11-04 16:21:05,445 - gleitzeit.orchestrator.component_orchestrator - INFO - [workflow_loader-0:stderr] "workflow_id": "7a354242-9ba4-49c8-94b7-68b6977fd41f",
[2025-11-04 16:21:05] [STDERR] 2025-11-04 16:21:05,445 - gleitzeit.orchestrator.component_orchestrator - INFO - [workflow_loader-0:stderr] "name": "5275e609-a9cd-478e-9a16-0f58928bfe05",
[2025-11-04 16:21:05] [STDERR] 2025-11-04 16:21:05,445 - gleitzeit.orchestrator.component_orchestrator - INFO - [workflow_loader-0:stderr] "description": "",
[2025-11-04 16:21:05] [STDERR] 2025-11-04 16:21:05,446 - gleitzeit.orchestrator.component_orchestrator - INFO - [workflow_loader-0:stderr] "protocol": "python/v1",
[2025-11-04 16:21:05] [STDERR] 2025-11-04 16:21:05,446 - gleitzeit.orchestrator.component_orchestrator - INFO - [workflow_loader-0:stderr] "method": "python/execute",
[2025-11-04 16:21:05] [STDERR] 2025-11-04 16:21:05,446 - gleitzeit.orchestrator.component_orchestrator - INFO - [workflow_loader-0:stderr] "params": {
[2025-11-04 16:21:05] [STDERR] 2025-11-04 16:21:05,446 - gleitzeit.orchestrator.component_orchestrator - INFO - [workflow_loader-0:stderr] "code": "\nresult = 2 + 2\nprint(f\"The answer is: {result}\")\n"
[2025-11-04 16:21:05] [STDERR] 2025-11-04 16:21:05,446 - gleitzeit.orchestrator.component_orchestrator - INFO - [workflow_loader-0:stderr] },
[2025-11-04 16:21:05] [STDERR] 2025-11-04 16:21:05,446 - gleitzeit.orchestrator.component_orchestrator - INFO - [workflow_loader-0:stderr] "dependencies": [],
[2025-11-04 16:21:05] [STDERR] 2025-11-04 16:21:05,446 - gleitzeit.orchestrator.component_orchestrator - INFO - [workflow_loader-0:stderr] "timeout": 300,
[2025-11-04 16:21:05] [STDERR] 2025-11-04 16:21:05,447 - gleitzeit.orchestrator.component_orchestrator - INFO - [workflow_loader-0:stderr] "retry": {
[2025-11-04 16:21:05] [STDERR] 2025-11-04 16:21:05,447 - gleitzeit.orchestrator.component_orchestrator - INFO - [workflow_loader-0:stderr] "max_retries": 2,
[2025-11-04 16:21:05] [STDERR] 2025-11-04 16:21:05,447 - gleitzeit.orchestrator.component_orchestrator - INFO - [workflow_loader-0:stderr] "strategy": "exponential_jitter",
[2025-11-04 16:21:05] [STDERR] 2025-11-04 16:21:05,447 - gleitzeit.orchestrator.component_orchestrator - INFO - [workflow_loader-0:stderr] "base_delay": 1.0,
[2025-11-04 16:21:05] [STDERR] 2025-11-04 16:21:05,448 - gleitzeit.orchestrator.component_orchestrator - INFO - [workflow_loader-0:stderr] "max_delay": 30.0,
[2025-11-04 16:21:05] [STDERR] 2025-11-04 16:21:05,448 - gleitzeit.orchestrator.component_orchestrator - INFO - [workflow_loader-0:stderr] "jitter": true,
[2025-11-04 16:21:05] [STDERR] 2025-11-04 16:21:05,448 - gleitzeit.orchestrator.component_orchestrator - INFO - [workflow_loader-0:stderr] "multiplier": 2.0
[2025-11-04 16:21:05] [STDERR] 2025-11-04 16:21:05,448 - gleitzeit.orchestrator.component_orchestrator - INFO - [workflow_loader-0:stderr] }
[2025-11-04 16:21:05] [STDERR] 2025-11-04 16:21:05,448 - gleitzeit.orchestrator.component_orchestrator - INFO - [workflow_loader-0:stderr] }
[2025-11-04 16:21:05] [STDERR] 2025-11-04 16:21:05,448 - gleitzeit.orchestrator.component_orchestrator - INFO - [workflow_loader-0:stderr] ]
[2025-11-04 16:21:05] [STDERR] 2025-11-04 16:21:05,449 - gleitzeit.orchestrator.component_orchestrator - INFO - [workflow_loader-0:stderr] }
[2025-11-04 16:21:05] [STDERR] 2025-11-04 16:21:05,449 - gleitzeit.orchestrator.component_orchestrator - INFO - [workflow_loader-0:stderr] 2025-11-04 16:21:05,447 - gleitzeit.workers.workflow_loader_worker_v2 - INFO - Workflow 7a354242-9ba4-49c8-94b7-68b6977fd41f loaded and submitted to shard 10 with indexes
[2025-11-04 16:21:05] [STDERR] 2025-11-04 16:21:05,455 - gleitzeit.orchestrator.component_orchestrator - INFO - [dependency-0:stderr] 2025-11-04 16:21:05,454 - gleitzeit.workers.dependency_worker - INFO - Processing task completion: 5275e609-a9cd-478e-9a16-0f58928bfe05 from workflow 7a354242-9ba4-49c8-94b7-68b6977fd41f
[2025-11-04 16:21:05] [STDERR] 2025-11-04 16:21:05,457 - gleitzeit.orchestrator.component_orchestrator - INFO - [dependency-0:stderr] 2025-11-04 16:21:05,457 - gleitzeit.workers.dependency_worker - INFO - Workflow 7a354242-9ba4-49c8-94b7-68b6977fd41f completed successfully!
[2025-11-04 16:21:06] [STDERR] 2025-11-04 16:21:06,940 - gleitzeit.orchestrator.component_orchestrator - INFO - [signal-0:stderr] 2025-11-04 16:21:06,939 - gleitzeit.workers.signal_worker - INFO - Signal processing loop iteration 560
[2025-11-04 16:21:16] [STDERR] 2025-11-04 16:21:16,959 - gleitzeit.orchestrator.component_orchestrator - INFO - [signal-0:stderr] 2025-11-04 16:21:16,958 - gleitzeit.workers.signal_worker - INFO - Signal processing loop iteration 580
[2025-11-04 16:21:26] [STDERR] 2025-11-04 16:21:26,979 - gleitzeit.orchestrator.component_orchestrator - INFO - [signal-0:stderr] 2025-11-04 16:21:26,978 - gleitzeit.workers.signal_worker - INFO - Signal processing loop iteration 600
[2025-11-04 16:21:36] [STDERR] 2025-11-04 16:21:36,741 - gleitzeit.orchestrator.component_orchestrator - WARNING - Worker api-0 unhealthy, restarting
[2025-11-04 16:21:36] [STDERR] 2025-11-04 16:21:36,741 - gleitzeit.orchestrator.component_orchestrator - INFO - Restarting worker api-0
[2025-11-04 16:21:36] [STDERR] 2025-11-04 16:21:36,741 - gleitzeit.orchestrator.component_orchestrator - INFO - Stopping worker api-0
[2025-11-04 16:21:36] [STDERR] 2025-11-04 16:21:36,743 - gleitzeit.orchestrator.component_orchestrator - INFO - Starting worker api-0 with shards [0, 1, 2, 3, 4, 5, 6, 7, 8, 9, 10, 11, 12, 13, 14, 15]
[2025-11-04 16:21:36] [STDERR] 2025-11-04 16:21:36,743 - gleitzeit.orchestrator.component_orchestrator - INFO - Stored config for api-0 at key: worker:config:api-0:67060f7a
[2025-11-04 16:21:36] [STDERR] 2025-11-04 16:21:36,747 - gleitzeit.orchestrator.component_orchestrator - WARNING - Worker ui-0 unhealthy, restarting
[2025-11-04 16:21:36] [STDERR] 2025-11-04 16:21:36,747 - gleitzeit.orchestrator.component_orchestrator - INFO - Restarting worker ui-0
[2025-11-04 16:21:36] [STDERR] 2025-11-04 16:21:36,747 - gleitzeit.orchestrator.component_orchestrator - INFO - Stopping worker ui-0
[2025-11-04 16:21:36] [STDERR] 2025-11-04 16:21:36,747 - gleitzeit.orchestrator.component_orchestrator - INFO - Starting worker ui-0 with shards [0, 1, 2, 3, 4, 5, 6, 7, 8, 9, 10, 11, 12, 13, 14, 15]
[2025-11-04 16:21:36] [STDERR] 2025-11-04 16:21:36,747 - gleitzeit.orchestrator.component_orchestrator - INFO - Stored config for ui-0 at key: worker:config:ui-0:6c86e513
[2025-11-04 16:21:36] [STDERR] 2025-11-04 16:21:36,941 - gleitzeit.orchestrator.component_orchestrator - INFO - [api-0:stderr] 2025-11-04 16:21:36,941 - __main__ - INFO - Initialized worker instance identity: gleitzei-529d6f54
[2025-11-04 16:21:36] [STDERR] 2025-11-04 16:21:36,941 - gleitzeit.orchestrator.component_orchestrator - INFO - [ui-0:stderr] 2025-11-04 16:21:36,941 - __main__ - INFO - Initialized worker instance identity: gleitzei-529d6f54
[2025-11-04 16:21:36] [STDERR] 2025-11-04 16:21:36,941 - gleitzeit.orchestrator.component_orchestrator - INFO - [api-0:stderr] 2025-11-04 16:21:36,941 - __main__ - INFO - Loading configuration from Redis key: worker:config:api-0:67060f7a
[2025-11-04 16:21:36] [STDERR] 2025-11-04 16:21:36,941 - gleitzeit.orchestrator.component_orchestrator - INFO - [ui-0:stderr] 2025-11-04 16:21:36,941 - __main__ - INFO - Loading configuration from Redis key: worker:config:ui-0:6c86e513
[2025-11-04 16:21:36] [STDERR] 2025-11-04 16:21:36,943 - gleitzeit.orchestrator.component_orchestrator - INFO - [ui-0:stderr] 2025-11-04 16:21:36,943 - __main__ - INFO - Loaded config for worker ui-0
[2025-11-04 16:21:36] [STDERR] 2025-11-04 16:21:36,943 - gleitzeit.orchestrator.component_orchestrator - INFO - [api-0:stderr] 2025-11-04 16:21:36,943 - __main__ - INFO - Loaded config for worker api-0
[2025-11-04 16:21:36] [STDERR] 2025-11-04 16:21:36,962 - gleitzeit.orchestrator.component_orchestrator - INFO - [ui-0:stderr] 2025-11-04 16:21:36,962 - __main__ - INFO - Worker ui-0 handler configs: ['python/v1', 'ollama/v1', 'http/v1', 'file/v1', 'timer/v1', 'signal/v1', 'workflow/v1']
[2025-11-04 16:21:36] [STDERR] 2025-11-04 16:21:36,962 - gleitzeit.orchestrator.component_orchestrator - INFO - [api-0:stderr] 2025-11-04 16:21:36,962 - __main__ - INFO - Worker api-0 handler configs: ['python/v1', 'ollama/v1', 'http/v1', 'file/v1', 'timer/v1', 'signal/v1', 'workflow/v1']
[2025-11-04 16:21:36] [STDERR] 2025-11-04 16:21:36,962 - gleitzeit.orchestrator.component_orchestrator - INFO - [ui-0:stderr] 2025-11-04 16:21:36,962 - gleitzeit.core.redis_cluster - INFO - Redis single instance initialized at localhost:6379
[2025-11-04 16:21:36] [STDERR] 2025-11-04 16:21:36,962 - gleitzeit.orchestrator.component_orchestrator - INFO - [api-0:stderr] 2025-11-04 16:21:36,962 - gleitzeit.core.redis_cluster - INFO - Redis single instance initialized at localhost:6379
[2025-11-04 16:21:36] [STDERR] 2025-11-04 16:21:36,962 - gleitzeit.orchestrator.component_orchestrator - ERROR - [ui-0:stderr] 2025-11-04 16:21:36,962 - ui.ui-0 - ERROR - Cannot start UI: Port 8004 is already in use. Either stop the existing service or use --ui-port to specify a different port.
[2025-11-04 16:21:36] [STDERR] 2025-11-04 16:21:36,962 - gleitzeit.orchestrator.component_orchestrator - ERROR - [api-0:stderr] 2025-11-04 16:21:36,962 - api.api-0 - ERROR - Cannot start API: Port 8000 is already in use. Either stop the existing service or use --api-port to specify a different port.
[2025-11-04 16:21:36] [STDERR] 2025-11-04 16:21:36,963 - gleitzeit.orchestrator.component_orchestrator - ERROR - [api-0:stderr] 2025-11-04 16:21:36,962 - __main__ - ERROR - Worker failed: Cannot start API: Port 8000 is already in use. Either stop the existing service or use --api-port to specify a different port.
[2025-11-04 16:21:36] [STDERR] 2025-11-04 16:21:36,964 - gleitzeit.orchestrator.component_orchestrator - ERROR - [ui-0:stderr] 2025-11-04 16:21:36,962 - __main__ - ERROR - Worker failed: Cannot start UI: Port 8004 is already in use. Either stop the existing service or use --ui-port to specify a different port.
[2025-11-04 16:21:36] [STDERR] 2025-11-04 16:21:36,964 - gleitzeit.orchestrator.component_orchestrator - INFO - [api-0:stderr] Traceback (most recent call last):
[2025-11-04 16:21:36] [STDERR] 2025-11-04 16:21:36,964 - gleitzeit.orchestrator.component_orchestrator - INFO - [ui-0:stderr] Traceback (most recent call last):
[2025-11-04 16:21:36] [STDERR] 2025-11-04 16:21:36,964 - gleitzeit.orchestrator.component_orchestrator - INFO - [api-0:stderr] File "/Users/leifmarkthaler/github/gleitzeit 0.0.7/src/gleitzeit/workers/runner.py", line 116, in run_worker
[2025-11-04 16:21:36] [STDERR] 2025-11-04 16:21:36,964 - gleitzeit.orchestrator.component_orchestrator - INFO - [ui-0:stderr] File "/Users/leifmarkthaler/github/gleitzeit 0.0.7/src/gleitzeit/workers/runner.py", line 116, in run_worker
[2025-11-04 16:21:36] [STDERR] 2025-11-04 16:21:36,964 - gleitzeit.orchestrator.component_orchestrator - INFO - [api-0:stderr] await worker.initialize()
[2025-11-04 16:21:36] [STDERR] 2025-11-04 16:21:36,964 - gleitzeit.orchestrator.component_orchestrator - INFO - [ui-0:stderr] await worker.initialize()
[2025-11-04 16:21:36] [STDERR] 2025-11-04 16:21:36,964 - gleitzeit.orchestrator.component_orchestrator - INFO - [api-0:stderr] File "/Users/leifmarkthaler/github/gleitzeit 0.0.7/src/gleitzeit/workers/base.py", line 113, in initialize
[2025-11-04 16:21:36] [STDERR] 2025-11-04 16:21:36,964 - gleitzeit.orchestrator.component_orchestrator - INFO - [ui-0:stderr] File "/Users/leifmarkthaler/github/gleitzeit 0.0.7/src/gleitzeit/workers/base.py", line 113, in initialize
[2025-11-04 16:21:36] [STDERR] 2025-11-04 16:21:36,964 - gleitzeit.orchestrator.component_orchestrator - INFO - [api-0:stderr] await self.on_initialize()
[2025-11-04 16:21:36] [STDERR] 2025-11-04 16:21:36,964 - gleitzeit.orchestrator.component_orchestrator - INFO - [ui-0:stderr] await self.on_initialize()
[2025-11-04 16:21:36] [STDERR] 2025-11-04 16:21:36,964 - gleitzeit.orchestrator.component_orchestrator - INFO - [api-0:stderr] File "/Users/leifmarkthaler/github/gleitzeit 0.0.7/src/gleitzeit/workers/api_worker.py", line 45, in on_initialize
[2025-11-04 16:21:36] [STDERR] 2025-11-04 16:21:36,964 - gleitzeit.orchestrator.component_orchestrator - INFO - [ui-0:stderr] File "/Users/leifmarkthaler/github/gleitzeit 0.0.7/src/gleitzeit/workers/ui_worker.py", line 46, in on_initialize
[2025-11-04 16:21:36] [STDERR] 2025-11-04 16:21:36,965 - gleitzeit.orchestrator.component_orchestrator - INFO - [api-0:stderr] raise RuntimeError(error_msg)
[2025-11-04 16:21:36] [STDERR] 2025-11-04 16:21:36,965 - gleitzeit.orchestrator.component_orchestrator - INFO - [ui-0:stderr] raise RuntimeError(error_msg)
[2025-11-04 16:21:36] [STDERR] 2025-11-04 16:21:36,965 - gleitzeit.orchestrator.component_orchestrator - INFO - [api-0:stderr] RuntimeError: Cannot start API: Port 8000 is already in use. Either stop the existing service or use --api-port to specify a different port.
[2025-11-04 16:21:36] [STDERR] 2025-11-04 16:21:36,965 - gleitzeit.orchestrator.component_orchestrator - INFO - [ui-0:stderr] RuntimeError: Cannot start UI: Port 8004 is already in use. Either stop the existing service or use --ui-port to specify a different port.
[2025-11-04 16:21:37] [STDERR] 2025-11-04 16:21:37,041 - gleitzeit.orchestrator.component_orchestrator - INFO - [signal-0:stderr] 2025-11-04 16:21:37,041 - gleitzeit.workers.signal_worker - INFO - Signal processing loop iteration 620
[2025-11-04 16:21:47] [STDERR] 2025-11-04 16:21:47,073 - gleitzeit.orchestrator.component_orchestrator - INFO - [signal-0:stderr] 2025-11-04 16:21:47,073 - gleitzeit.workers.signal_worker - INFO - Signal processing loop iteration 640
[2025-11-04 16:21:57] [STDERR] 2025-11-04 16:21:57,174 - gleitzeit.orchestrator.component_orchestrator - INFO - [signal-0:stderr] 2025-11-04 16:21:57,173 - gleitzeit.workers.signal_worker - INFO - Signal processing loop iteration 660
[2025-11-04 16:22:07] [STDERR] 2025-11-04 16:22:07,229 - gleitzeit.orchestrator.component_orchestrator - INFO - [signal-0:stderr] 2025-11-04 16:22:07,229 - gleitzeit.workers.signal_worker - INFO - Signal processing loop iteration 680
[2025-11-04 16:22:16] [STDERR] 2025-11-04 16:22:16,761 - gleitzeit.orchestrator.component_orchestrator - WARNING - Worker api-0 unhealthy, restarting
[2025-11-04 16:22:16] [STDERR] 2025-11-04 16:22:16,761 - gleitzeit.orchestrator.component_orchestrator - INFO - Restarting worker api-0
[2025-11-04 16:22:16] [STDERR] 2025-11-04 16:22:16,761 - gleitzeit.orchestrator.component_orchestrator - INFO - Stopping worker api-0
[2025-11-04 16:22:16] [STDERR] 2025-11-04 16:22:16,761 - gleitzeit.orchestrator.component_orchestrator - INFO - Starting worker api-0 with shards [0, 1, 2, 3, 4, 5, 6, 7, 8, 9, 10, 11, 12, 13, 14, 15]
[2025-11-04 16:22:16] [STDERR] 2025-11-04 16:22:16,761 - gleitzeit.orchestrator.component_orchestrator - INFO - Stored config for api-0 at key: worker:config:api-0:8314247c
[2025-11-04 16:22:16] [STDERR] 2025-11-04 16:22:16,764 - gleitzeit.orchestrator.component_orchestrator - WARNING - Worker ui-0 unhealthy, restarting
[2025-11-04 16:22:16] [STDERR] 2025-11-04 16:22:16,764 - gleitzeit.orchestrator.component_orchestrator - INFO - Restarting worker ui-0
[2025-11-04 16:22:16] [STDERR] 2025-11-04 16:22:16,764 - gleitzeit.orchestrator.component_orchestrator - INFO - Stopping worker ui-0
[2025-11-04 16:22:16] [STDERR] 2025-11-04 16:22:16,765 - gleitzeit.orchestrator.component_orchestrator - INFO - Starting worker ui-0 with shards [0, 1, 2, 3, 4, 5, 6, 7, 8, 9, 10, 11, 12, 13, 14, 15]
[2025-11-04 16:22:16] [STDERR] 2025-11-04 16:22:16,765 - gleitzeit.orchestrator.component_orchestrator - INFO - Stored config for ui-0 at key: worker:config:ui-0:9cd28c9a
[2025-11-04 16:22:17] [STDERR] 2025-11-04 16:22:17,040 - gleitzeit.orchestrator.component_orchestrator - INFO - [api-0:stderr] 2025-11-04 16:22:17,039 - __main__ - INFO - Initialized worker instance identity: gleitzei-529d6f54
[2025-11-04 16:22:17] [STDERR] 2025-11-04 16:22:17,040 - gleitzeit.orchestrator.component_orchestrator - INFO - [ui-0:stderr] 2025-11-04 16:22:17,039 - __main__ - INFO - Initialized worker instance identity: gleitzei-529d6f54
[2025-11-04 16:22:17] [STDERR] 2025-11-04 16:22:17,040 - gleitzeit.orchestrator.component_orchestrator - INFO - [ui-0:stderr] 2025-11-04 16:22:17,039 - __main__ - INFO - Loading configuration from Redis key: worker:config:ui-0:9cd28c9a
[2025-11-04 16:22:17] [STDERR] 2025-11-04 16:22:17,040 - gleitzeit.orchestrator.component_orchestrator - INFO - [api-0:stderr] 2025-11-04 16:22:17,039 - __main__ - INFO - Loading configuration from Redis key: worker:config:api-0:8314247c
[2025-11-04 16:22:17] [STDERR] 2025-11-04 16:22:17,041 - gleitzeit.orchestrator.component_orchestrator - INFO - [ui-0:stderr] 2025-11-04 16:22:17,041 - __main__ - INFO - Loaded config for worker ui-0
[2025-11-04 16:22:17] [STDERR] 2025-11-04 16:22:17,041 - gleitzeit.orchestrator.component_orchestrator - INFO - [api-0:stderr] 2025-11-04 16:22:17,041 - __main__ - INFO - Loaded config for worker api-0
[2025-11-04 16:22:17] [STDERR] 2025-11-04 16:22:17,061 - gleitzeit.orchestrator.component_orchestrator - INFO - [api-0:stderr] 2025-11-04 16:22:17,061 - __main__ - INFO - Worker api-0 handler configs: ['python/v1', 'ollama/v1', 'http/v1', 'file/v1', 'timer/v1', 'signal/v1', 'workflow/v1']
[2025-11-04 16:22:17] [STDERR] 2025-11-04 16:22:17,061 - gleitzeit.orchestrator.component_orchestrator - INFO - [ui-0:stderr] 2025-11-04 16:22:17,061 - __main__ - INFO - Worker ui-0 handler configs: ['python/v1', 'ollama/v1', 'http/v1', 'file/v1', 'timer/v1', 'signal/v1', 'workflow/v1']
[2025-11-04 16:22:17] [STDERR] 2025-11-04 16:22:17,062 - gleitzeit.orchestrator.component_orchestrator - INFO - [api-0:stderr] 2025-11-04 16:22:17,061 - gleitzeit.core.redis_cluster - INFO - Redis single instance initialized at localhost:6379
[2025-11-04 16:22:17] [STDERR] 2025-11-04 16:22:17,062 - gleitzeit.orchestrator.component_orchestrator - INFO - [ui-0:stderr] 2025-11-04 16:22:17,061 - gleitzeit.core.redis_cluster - INFO - Redis single instance initialized at localhost:6379
[2025-11-04 16:22:17] [STDERR] 2025-11-04 16:22:17,062 - gleitzeit.orchestrator.component_orchestrator - ERROR - [api-0:stderr] 2025-11-04 16:22:17,061 - api.api-0 - ERROR - Cannot start API: Port 8000 is already in use. Either stop the existing service or use --api-port to specify a different port.
[2025-11-04 16:22:17] [STDERR] 2025-11-04 16:22:17,062 - gleitzeit.orchestrator.component_orchestrator - ERROR - [ui-0:stderr] 2025-11-04 16:22:17,061 - ui.ui-0 - ERROR - Cannot start UI: Port 8004 is already in use. Either stop the existing service or use --ui-port to specify a different port.
[2025-11-04 16:22:17] [STDERR] 2025-11-04 16:22:17,063 - gleitzeit.orchestrator.component_orchestrator - ERROR - [api-0:stderr] 2025-11-04 16:22:17,061 - __main__ - ERROR - Worker failed: Cannot start API: Port 8000 is already in use. Either stop the existing service or use --api-port to specify a different port.
[2025-11-04 16:22:17] [STDERR] 2025-11-04 16:22:17,063 - gleitzeit.orchestrator.component_orchestrator - INFO - [api-0:stderr] Traceback (most recent call last):
[2025-11-04 16:22:17] [STDERR] 2025-11-04 16:22:17,063 - gleitzeit.orchestrator.component_orchestrator - ERROR - [ui-0:stderr] 2025-11-04 16:22:17,061 - __main__ - ERROR - Worker failed: Cannot start UI: Port 8004 is already in use. Either stop the existing service or use --ui-port to specify a different port.
[2025-11-04 16:22:17] [STDERR] 2025-11-04 16:22:17,063 - gleitzeit.orchestrator.component_orchestrator - INFO - [api-0:stderr] File "/Users/leifmarkthaler/github/gleitzeit 0.0.7/src/gleitzeit/workers/runner.py", line 116, in run_worker
[2025-11-04 16:22:17] [STDERR] 2025-11-04 16:22:17,063 - gleitzeit.orchestrator.component_orchestrator - INFO - [ui-0:stderr] Traceback (most recent call last):
[2025-11-04 16:22:17] [STDERR] 2025-11-04 16:22:17,063 - gleitzeit.orchestrator.component_orchestrator - INFO - [api-0:stderr] await worker.initialize()
[2025-11-04 16:22:17] [STDERR] 2025-11-04 16:22:17,063 - gleitzeit.orchestrator.component_orchestrator - INFO - [ui-0:stderr] File "/Users/leifmarkthaler/github/gleitzeit 0.0.7/src/gleitzeit/workers/runner.py", line 116, in run_worker
[2025-11-04 16:22:17] [STDERR] 2025-11-04 16:22:17,063 - gleitzeit.orchestrator.component_orchestrator - INFO - [api-0:stderr] File "/Users/leifmarkthaler/github/gleitzeit 0.0.7/src/gleitzeit/workers/base.py", line 113, in initialize
[2025-11-04 16:22:17] [STDERR] 2025-11-04 16:22:17,064 - gleitzeit.orchestrator.component_orchestrator - INFO - [ui-0:stderr] await worker.initialize()
[2025-11-04 16:22:17] [STDERR] 2025-11-04 16:22:17,064 - gleitzeit.orchestrator.component_orchestrator - INFO - [api-0:stderr] await self.on_initialize()
[2025-11-04 16:22:17] [STDERR] 2025-11-04 16:22:17,064 - gleitzeit.orchestrator.component_orchestrator - INFO - [ui-0:stderr] File "/Users/leifmarkthaler/github/gleitzeit 0.0.7/src/gleitzeit/workers/base.py", line 113, in initialize
[2025-11-04 16:22:17] [STDERR] 2025-11-04 16:22:17,064 - gleitzeit.orchestrator.component_orchestrator - INFO - [api-0:stderr] File "/Users/leifmarkthaler/github/gleitzeit 0.0.7/src/gleitzeit/workers/api_worker.py", line 45, in on_initialize
[2025-11-04 16:22:17] [STDERR] 2025-11-04 16:22:17,064 - gleitzeit.orchestrator.component_orchestrator - INFO - [ui-0:stderr] await self.on_initialize()
[2025-11-04 16:22:17] [STDERR] 2025-11-04 16:22:17,064 - gleitzeit.orchestrator.component_orchestrator - INFO - [api-0:stderr] raise RuntimeError(error_msg)
[2025-11-04 16:22:17] [STDERR] 2025-11-04 16:22:17,064 - gleitzeit.orchestrator.component_orchestrator - INFO - [ui-0:stderr] File "/Users/leifmarkthaler/github/gleitzeit 0.0.7/src/gleitzeit/workers/ui_worker.py", line 46, in on_initialize
[2025-11-04 16:22:17] [STDERR] 2025-11-04 16:22:17,064 - gleitzeit.orchestrator.component_orchestrator - INFO - [api-0:stderr] RuntimeError: Cannot start API: Port 8000 is already in use. Either stop the existing service or use --api-port to specify a different port.
[2025-11-04 16:22:17] [STDERR] 2025-11-04 16:22:17,064 - gleitzeit.orchestrator.component_orchestrator - INFO - [ui-0:stderr] raise RuntimeError(error_msg)
[2025-11-04 16:22:17] [STDERR] 2025-11-04 16:22:17,064 - gleitzeit.orchestrator.component_orchestrator - INFO - [ui-0:stderr] RuntimeError: Cannot start UI: Port 8004 is already in use. Either stop the existing service or use --ui-port to specify a different port.
[2025-11-04 16:22:17] [STDERR] 2025-11-04 16:22:17,263 - gleitzeit.orchestrator.component_orchestrator - INFO - [signal-0:stderr] 2025-11-04 16:22:17,263 - gleitzeit.workers.signal_worker - INFO - Signal processing loop iteration 700
[2025-11-04 16:22:20] [STDERR] 2025-11-04 16:22:20,629 - gleitzeit.orchestrator.component_orchestrator - INFO - [workflow_loader-1:stderr] 2025-11-04 16:22:20,629 - gleitzeit.workers.workflow_loader_worker_v2 - INFO - Loading workflow c4f23137-23d1-4254-bef1-92c79dbbbf61 from inline
[2025-11-04 16:22:20] [STDERR] 2025-11-04 16:22:20,631 - gleitzeit.orchestrator.component_orchestrator - INFO - [workflow_loader-1:stderr] 2025-11-04 16:22:20,630 - gleitzeit.workers.workflow_loader_worker_v2 - INFO - Raw workflow before transform: {
[2025-11-04 16:22:20] [STDERR] 2025-11-04 16:22:20,631 - gleitzeit.orchestrator.component_orchestrator - INFO - [workflow_loader-1:stderr] "name": "Simple Calculation",
[2025-11-04 16:22:20] [STDERR] 2025-11-04 16:22:20,631 - gleitzeit.orchestrator.component_orchestrator - INFO - [workflow_loader-1:stderr] "tasks": [
[2025-11-04 16:22:20] [STDERR] 2025-11-04 16:22:20,631 - gleitzeit.orchestrator.component_orchestrator - INFO - [workflow_loader-1:stderr] {
[2025-11-04 16:22:20] [STDERR] 2025-11-04 16:22:20,631 - gleitzeit.orchestrator.component_orchestrator - INFO - [workflow_loader-1:stderr] "id": "calculate",
[2025-11-04 16:22:20] [STDERR] 2025-11-04 16:22:20,631 - gleitzeit.orchestrator.component_orchestrator - INFO - [workflow_loader-1:stderr] "type": "python",
[2025-11-04 16:22:20] [STDERR] 2025-11-04 16:22:20,631 - gleitzeit.orchestrator.component_orchestrator - INFO - [workflow_loader-1:stderr] "params": {
[2025-11-04 16:22:20] [STDERR] 2025-11-04 16:22:20,632 - gleitzeit.orchestrator.component_orchestrator - INFO - [workflow_loader-1:stderr] "code": "\nresult = 2 + 2\nprint(f\"The answer is: {result}\")\n"
[2025-11-04 16:22:20] [STDERR] 2025-11-04 16:22:20,632 - gleitzeit.orchestrator.component_orchestrator - INFO - [workflow_loader-1:stderr] }
[2025-11-04 16:22:20] [STDERR] 2025-11-04 16:22:20,632 - gleitzeit.orchestrator.component_orchestrator - INFO - [workflow_loader-1:stderr] }
[2025-11-04 16:22:20] [STDERR] 2025-11-04 16:22:20,632 - gleitzeit.orchestrator.component_orchestrator - INFO - [workflow_loader-1:stderr] ],
[2025-11-04 16:22:20] [STDERR] 2025-11-04 16:22:20,632 - gleitzeit.orchestrator.component_orchestrator - INFO - [workflow_loader-1:stderr] "workflow_id": "c4f23137-23d1-4254-bef1-92c79dbbbf61"
[2025-11-04 16:22:20] [STDERR] 2025-11-04 16:22:20,632 - gleitzeit.orchestrator.component_orchestrator - INFO - [workflow_loader-1:stderr] }
[2025-11-04 16:22:20] [STDERR] 2025-11-04 16:22:20,632 - gleitzeit.orchestrator.component_orchestrator - INFO - [workflow_loader-1:stderr] 2025-11-04 16:22:20,630 - gleitzeit.workers.workflow_loader_worker_v2 - INFO - Workflow after transform: {
[2025-11-04 16:22:20] [STDERR] 2025-11-04 16:22:20,633 - gleitzeit.orchestrator.component_orchestrator - INFO - [workflow_loader-1:stderr] "id": "c4f23137-23d1-4254-bef1-92c79dbbbf61",
[2025-11-04 16:22:20] [STDERR] 2025-11-04 16:22:20,633 - gleitzeit.orchestrator.component_orchestrator - INFO - [workflow_loader-1:stderr] "name": "Simple Calculation",
[2025-11-04 16:22:20] [STDERR] 2025-11-04 16:22:20,633 - gleitzeit.orchestrator.component_orchestrator - INFO - [workflow_loader-1:stderr] "description": "",
[2025-11-04 16:22:20] [STDERR] 2025-11-04 16:22:20,633 - gleitzeit.orchestrator.component_orchestrator - INFO - [workflow_loader-1:stderr] "version": "1.0.0",
[2025-11-04 16:22:20] [STDERR] 2025-11-04 16:22:20,633 - gleitzeit.orchestrator.component_orchestrator - INFO - [workflow_loader-1:stderr] "created_at": "2025-11-04T15:22:20.630886",
[2025-11-04 16:22:20] [STDERR] 2025-11-04 16:22:20,633 - gleitzeit.orchestrator.component_orchestrator - INFO - [workflow_loader-1:stderr] "tasks": [
[2025-11-04 16:22:20] [STDERR] 2025-11-04 16:22:20,633 - gleitzeit.orchestrator.component_orchestrator - INFO - [workflow_loader-1:stderr] {
[2025-11-04 16:22:20] [STDERR] 2025-11-04 16:22:20,633 - gleitzeit.orchestrator.component_orchestrator - INFO - [workflow_loader-1:stderr] "id": "3b628590-f4ad-4032-97d6-f1deaa28c94e",
[2025-11-04 16:22:20] [STDERR] 2025-11-04 16:22:20,634 - gleitzeit.orchestrator.component_orchestrator - INFO - [workflow_loader-1:stderr] "workflow_id": "c4f23137-23d1-4254-bef1-92c79dbbbf61",
[2025-11-04 16:22:20] [STDERR] 2025-11-04 16:22:20,634 - gleitzeit.orchestrator.component_orchestrator - INFO - [workflow_loader-1:stderr] "name": "3b628590-f4ad-4032-97d6-f1deaa28c94e",
[2025-11-04 16:22:20] [STDERR] 2025-11-04 16:22:20,634 - gleitzeit.orchestrator.component_orchestrator - INFO - [workflow_loader-1:stderr] "description": "",
[2025-11-04 16:22:20] [STDERR] 2025-11-04 16:22:20,634 - gleitzeit.orchestrator.component_orchestrator - INFO - [workflow_loader-1:stderr] "protocol": "python/v1",
[2025-11-04 16:22:20] [STDERR] 2025-11-04 16:22:20,634 - gleitzeit.orchestrator.component_orchestrator - INFO - [workflow_loader-1:stderr] "method": "python/execute",
[2025-11-04 16:22:20] [STDERR] 2025-11-04 16:22:20,634 - gleitzeit.orchestrator.component_orchestrator - INFO - [workflow_loader-1:stderr] "params": {
[2025-11-04 16:22:20] [STDERR] 2025-11-04 16:22:20,634 - gleitzeit.orchestrator.component_orchestrator - INFO - [workflow_loader-1:stderr] "code": "\nresult = 2 + 2\nprint(f\"The answer is: {result}\")\n"
[2025-11-04 16:22:20] [STDERR] 2025-11-04 16:22:20,634 - gleitzeit.orchestrator.component_orchestrator - INFO - [workflow_loader-1:stderr] },
[2025-11-04 16:22:20] [STDERR] 2025-11-04 16:22:20,635 - gleitzeit.orchestrator.component_orchestrator - INFO - [workflow_loader-1:stderr] "dependencies": [],
[2025-11-04 16:22:20] [STDERR] 2025-11-04 16:22:20,635 - gleitzeit.orchestrator.component_orchestrator - INFO - [workflow_loader-1:stderr] "timeout": 300,
[2025-11-04 16:22:20] [STDERR] 2025-11-04 16:22:20,635 - gleitzeit.orchestrator.component_orchestrator - INFO - [workflow_loader-1:stderr] "retry": {
[2025-11-04 16:22:20] [STDERR] 2025-11-04 16:22:20,635 - gleitzeit.orchestrator.component_orchestrator - INFO - [workflow_loader-1:stderr] "max_retries": 2,
[2025-11-04 16:22:20] [STDERR] 2025-11-04 16:22:20,635 - gleitzeit.orchestrator.component_orchestrator - INFO - [workflow_loader-1:stderr] "strategy": "exponential_jitter",
[2025-11-04 16:22:20] [STDERR] 2025-11-04 16:22:20,635 - gleitzeit.orchestrator.component_orchestrator - INFO - [workflow_loader-1:stderr] "base_delay": 1.0,
[2025-11-04 16:22:20] [STDERR] 2025-11-04 16:22:20,636 - gleitzeit.orchestrator.component_orchestrator - INFO - [workflow_loader-1:stderr] "max_delay": 30.0,
[2025-11-04 16:22:20] [STDERR] 2025-11-04 16:22:20,636 - gleitzeit.orchestrator.component_orchestrator - INFO - [workflow_loader-1:stderr] "jitter": true,
[2025-11-04 16:22:20] [STDERR] 2025-11-04 16:22:20,636 - gleitzeit.orchestrator.component_orchestrator - INFO - [workflow_loader-1:stderr] "multiplier": 2.0
[2025-11-04 16:22:20] [STDERR] 2025-11-04 16:22:20,636 - gleitzeit.orchestrator.component_orchestrator - INFO - [workflow_loader-1:stderr] }
[2025-11-04 16:22:20] [STDERR] 2025-11-04 16:22:20,636 - gleitzeit.orchestrator.component_orchestrator - INFO - [workflow_loader-1:stderr] }
[2025-11-04 16:22:20] [STDERR] 2025-11-04 16:22:20,637 - gleitzeit.orchestrator.component_orchestrator - INFO - [workflow_loader-1:stderr] ]
[2025-11-04 16:22:20] [STDERR] 2025-11-04 16:22:20,637 - gleitzeit.orchestrator.component_orchestrator - INFO - [workflow_loader-1:stderr] }
[2025-11-04 16:22:20] [STDERR] 2025-11-04 16:22:20,637 - gleitzeit.orchestrator.component_orchestrator - INFO - [workflow_loader-1:stderr] 2025-11-04 16:22:20,634 - gleitzeit.workers.workflow_loader_worker_v2 - INFO - Workflow c4f23137-23d1-4254-bef1-92c79dbbbf61 loaded and submitted to shard 13 with indexes
[2025-11-04 16:22:20] [STDERR] 2025-11-04 16:22:20,733 - gleitzeit.orchestrator.component_orchestrator - INFO - [dependency-0:stderr] 2025-11-04 16:22:20,733 - gleitzeit.workers.dependency_worker - INFO - Processing task completion: 3b628590-f4ad-4032-97d6-f1deaa28c94e from workflow c4f23137-23d1-4254-bef1-92c79dbbbf61
[2025-11-04 16:22:20] [STDERR] 2025-11-04 16:22:20,735 - gleitzeit.orchestrator.component_orchestrator - INFO - [dependency-0:stderr] 2025-11-04 16:22:20,735 - gleitzeit.workers.dependency_worker - INFO - Workflow c4f23137-23d1-4254-bef1-92c79dbbbf61 completed successfully!
[2025-11-04 16:22:27] [STDERR] 2025-11-04 16:22:27,283 - gleitzeit.orchestrator.component_orchestrator - INFO - [signal-0:stderr] 2025-11-04 16:22:27,283 - gleitzeit.workers.signal_worker - INFO - Signal processing loop iteration 720
[2025-11-04 16:22:37] [STDERR] 2025-11-04 16:22:37,301 - gleitzeit.orchestrator.component_orchestrator - INFO - [signal-0:stderr] 2025-11-04 16:22:37,301 - gleitzeit.workers.signal_worker - INFO - Signal processing loop iteration 740
[2025-11-04 16:22:47] [STDERR] 2025-11-04 16:22:47,322 - gleitzeit.orchestrator.component_orchestrator - INFO - [signal-0:stderr] 2025-11-04 16:22:47,322 - gleitzeit.workers.signal_worker - INFO - Signal processing loop iteration 760
[2025-11-04 16:22:56] [STDERR] 2025-11-04 16:22:56,775 - gleitzeit.orchestrator.component_orchestrator - WARNING - Worker api-0 unhealthy, restarting
[2025-11-04 16:22:56] [STDERR] 2025-11-04 16:22:56,775 - gleitzeit.orchestrator.component_orchestrator - INFO - Restarting worker api-0
[2025-11-04 16:22:56] [STDERR] 2025-11-04 16:22:56,775 - gleitzeit.orchestrator.component_orchestrator - INFO - Stopping worker api-0
[2025-11-04 16:22:56] [STDERR] 2025-11-04 16:22:56,776 - gleitzeit.orchestrator.component_orchestrator - INFO - Starting worker api-0 with shards [0, 1, 2, 3, 4, 5, 6, 7, 8, 9, 10, 11, 12, 13, 14, 15]
[2025-11-04 16:22:56] [STDERR] 2025-11-04 16:22:56,776 - gleitzeit.orchestrator.component_orchestrator - INFO - Stored config for api-0 at key: worker:config:api-0:0397b6c1
[2025-11-04 16:22:56] [STDERR] 2025-11-04 16:22:56,779 - gleitzeit.orchestrator.component_orchestrator - WARNING - Worker ui-0 unhealthy, restarting
[2025-11-04 16:22:56] [STDERR] 2025-11-04 16:22:56,779 - gleitzeit.orchestrator.component_orchestrator - INFO - Restarting worker ui-0
[2025-11-04 16:22:56] [STDERR] 2025-11-04 16:22:56,779 - gleitzeit.orchestrator.component_orchestrator - INFO - Stopping worker ui-0
[2025-11-04 16:22:56] [STDERR] 2025-11-04 16:22:56,779 - gleitzeit.orchestrator.component_orchestrator - INFO - Starting worker ui-0 with shards [0, 1, 2, 3, 4, 5, 6, 7, 8, 9, 10, 11, 12, 13, 14, 15]
[2025-11-04 16:22:56] [STDERR] 2025-11-04 16:22:56,779 - gleitzeit.orchestrator.component_orchestrator - INFO - Stored config for ui-0 at key: worker:config:ui-0:de7a7e5a
[2025-11-04 16:22:56] [STDERR] 2025-11-04 16:22:56,970 - gleitzeit.orchestrator.component_orchestrator - INFO - [api-0:stderr] 2025-11-04 16:22:56,969 - __main__ - INFO - Initialized worker instance identity: gleitzei-529d6f54
[2025-11-04 16:22:56] [STDERR] 2025-11-04 16:22:56,970 - gleitzeit.orchestrator.component_orchestrator - INFO - [ui-0:stderr] 2025-11-04 16:22:56,969 - __main__ - INFO - Initialized worker instance identity: gleitzei-529d6f54
[2025-11-04 16:22:56] [STDERR] 2025-11-04 16:22:56,970 - gleitzeit.orchestrator.component_orchestrator - INFO - [ui-0:stderr] 2025-11-04 16:22:56,970 - __main__ - INFO - Loading configuration from Redis key: worker:config:ui-0:de7a7e5a
[2025-11-04 16:22:56] [STDERR] 2025-11-04 16:22:56,970 - gleitzeit.orchestrator.component_orchestrator - INFO - [api-0:stderr] 2025-11-04 16:22:56,970 - __main__ - INFO - Loading configuration from Redis key: worker:config:api-0:0397b6c1
[2025-11-04 16:22:56] [STDERR] 2025-11-04 16:22:56,972 - gleitzeit.orchestrator.component_orchestrator - INFO - [ui-0:stderr] 2025-11-04 16:22:56,972 - __main__ - INFO - Loaded config for worker ui-0
[2025-11-04 16:22:56] [STDERR] 2025-11-04 16:22:56,972 - gleitzeit.orchestrator.component_orchestrator - INFO - [api-0:stderr] 2025-11-04 16:22:56,972 - __main__ - INFO - Loaded config for worker api-0
[2025-11-04 16:22:56] [STDERR] 2025-11-04 16:22:56,992 - gleitzeit.orchestrator.component_orchestrator - INFO - [ui-0:stderr] 2025-11-04 16:22:56,992 - __main__ - INFO - Worker ui-0 handler configs: ['python/v1', 'ollama/v1', 'http/v1', 'file/v1', 'timer/v1', 'signal/v1', 'workflow/v1']
[2025-11-04 16:22:56] [STDERR] 2025-11-04 16:22:56,993 - gleitzeit.orchestrator.component_orchestrator - INFO - [api-0:stderr] 2025-11-04 16:22:56,992 - __main__ - INFO - Worker api-0 handler configs: ['python/v1', 'ollama/v1', 'http/v1', 'file/v1', 'timer/v1', 'signal/v1', 'workflow/v1']
[2025-11-04 16:22:56] [STDERR] 2025-11-04 16:22:56,993 - gleitzeit.orchestrator.component_orchestrator - INFO - [ui-0:stderr] 2025-11-04 16:22:56,992 - gleitzeit.core.redis_cluster - INFO - Redis single instance initialized at localhost:6379
[2025-11-04 16:22:56] [STDERR] 2025-11-04 16:22:56,993 - gleitzeit.orchestrator.component_orchestrator - INFO - [api-0:stderr] 2025-11-04 16:22:56,992 - gleitzeit.core.redis_cluster - INFO - Redis single instance initialized at localhost:6379
[2025-11-04 16:22:56] [STDERR] 2025-11-04 16:22:56,993 - gleitzeit.orchestrator.component_orchestrator - ERROR - [ui-0:stderr] 2025-11-04 16:22:56,992 - ui.ui-0 - ERROR - Cannot start UI: Port 8004 is already in use. Either stop the existing service or use --ui-port to specify a different port.
[2025-11-04 16:22:56] [STDERR] 2025-11-04 16:22:56,993 - gleitzeit.orchestrator.component_orchestrator - ERROR - [api-0:stderr] 2025-11-04 16:22:56,993 - api.api-0 - ERROR - Cannot start API: Port 8000 is already in use. Either stop the existing service or use --api-port to specify a different port.
[2025-11-04 16:22:56] [STDERR] 2025-11-04 16:22:56,994 - gleitzeit.orchestrator.component_orchestrator - ERROR - [api-0:stderr] 2025-11-04 16:22:56,993 - __main__ - ERROR - Worker failed: Cannot start API: Port 8000 is already in use. Either stop the existing service or use --api-port to specify a different port.
[2025-11-04 16:22:56] [STDERR] 2025-11-04 16:22:56,994 - gleitzeit.orchestrator.component_orchestrator - INFO - [api-0:stderr] Traceback (most recent call last):
[2025-11-04 16:22:56] [STDERR] 2025-11-04 16:22:56,994 - gleitzeit.orchestrator.component_orchestrator - INFO - [api-0:stderr] File "/Users/leifmarkthaler/github/gleitzeit 0.0.7/src/gleitzeit/workers/runner.py", line 116, in run_worker
[2025-11-04 16:22:56] [STDERR] 2025-11-04 16:22:56,994 - gleitzeit.orchestrator.component_orchestrator - ERROR - [ui-0:stderr] 2025-11-04 16:22:56,993 - __main__ - ERROR - Worker failed: Cannot start UI: Port 8004 is already in use. Either stop the existing service or use --ui-port to specify a different port.
[2025-11-04 16:22:56] [STDERR] 2025-11-04 16:22:56,994 - gleitzeit.orchestrator.component_orchestrator - INFO - [api-0:stderr] await worker.initialize()
[2025-11-04 16:22:56] [STDERR] 2025-11-04 16:22:56,994 - gleitzeit.orchestrator.component_orchestrator - INFO - [ui-0:stderr] Traceback (most recent call last):
[2025-11-04 16:22:56] [STDERR] 2025-11-04 16:22:56,995 - gleitzeit.orchestrator.component_orchestrator - INFO - [api-0:stderr] File "/Users/leifmarkthaler/github/gleitzeit 0.0.7/src/gleitzeit/workers/base.py", line 113, in initialize
[2025-11-04 16:22:56] [STDERR] 2025-11-04 16:22:56,995 - gleitzeit.orchestrator.component_orchestrator - INFO - [ui-0:stderr] File "/Users/leifmarkthaler/github/gleitzeit 0.0.7/src/gleitzeit/workers/runner.py", line 116, in run_worker
[2025-11-04 16:22:56] [STDERR] 2025-11-04 16:22:56,995 - gleitzeit.orchestrator.component_orchestrator - INFO - [api-0:stderr] await self.on_initialize()
[2025-11-04 16:22:56] [STDERR] 2025-11-04 16:22:56,995 - gleitzeit.orchestrator.component_orchestrator - INFO - [ui-0:stderr] await worker.initialize()
[2025-11-04 16:22:56] [STDERR] 2025-11-04 16:22:56,995 - gleitzeit.orchestrator.component_orchestrator - INFO - [api-0:stderr] File "/Users/leifmarkthaler/github/gleitzeit 0.0.7/src/gleitzeit/workers/api_worker.py", line 45, in on_initialize
[2025-11-04 16:22:56] [STDERR] 2025-11-04 16:22:56,995 - gleitzeit.orchestrator.component_orchestrator - INFO - [ui-0:stderr] File "/Users/leifmarkthaler/github/gleitzeit 0.0.7/src/gleitzeit/workers/base.py", line 113, in initialize
[2025-11-04 16:22:56] [STDERR] 2025-11-04 16:22:56,995 - gleitzeit.orchestrator.component_orchestrator - INFO - [api-0:stderr] raise RuntimeError(error_msg)
[2025-11-04 16:22:56] [STDERR] 2025-11-04 16:22:56,995 - gleitzeit.orchestrator.component_orchestrator - INFO - [ui-0:stderr] await self.on_initialize()
[2025-11-04 16:22:56] [STDERR] 2025-11-04 16:22:56,995 - gleitzeit.orchestrator.component_orchestrator - INFO - [api-0:stderr] RuntimeError: Cannot start API: Port 8000 is already in use. Either stop the existing service or use --api-port to specify a different port.
[2025-11-04 16:22:56] [STDERR] 2025-11-04 16:22:56,995 - gleitzeit.orchestrator.component_orchestrator - INFO - [ui-0:stderr] File "/Users/leifmarkthaler/github/gleitzeit 0.0.7/src/gleitzeit/workers/ui_worker.py", line 46, in on_initialize
[2025-11-04 16:22:56] [STDERR] 2025-11-04 16:22:56,996 - gleitzeit.orchestrator.component_orchestrator - INFO - [ui-0:stderr] raise RuntimeError(error_msg)
[2025-11-04 16:22:56] [STDERR] 2025-11-04 16:22:56,996 - gleitzeit.orchestrator.component_orchestrator - INFO - [ui-0:stderr] RuntimeError: Cannot start UI: Port 8004 is already in use. Either stop the existing service or use --ui-port to specify a different port.
[2025-11-04 16:22:57] [STDERR] 2025-11-04 16:22:57,342 - gleitzeit.orchestrator.component_orchestrator - INFO - [signal-0:stderr] 2025-11-04 16:22:57,342 - gleitzeit.workers.signal_worker - INFO - Signal processing loop iteration 780
[2025-11-04 16:23:07] [STDERR] 2025-11-04 16:23:07,361 - gleitzeit.orchestrator.component_orchestrator - INFO - [signal-0:stderr] 2025-11-04 16:23:07,361 - gleitzeit.workers.signal_worker - INFO - Signal processing loop iteration 800
[2025-11-04 16:23:17] [STDERR] 2025-11-04 16:23:17,380 - gleitzeit.orchestrator.component_orchestrator - INFO - [signal-0:stderr] 2025-11-04 16:23:17,380 - gleitzeit.workers.signal_worker - INFO - Signal processing loop iteration 820
[2025-11-04 16:23:27] [STDERR] 2025-11-04 16:23:27,401 - gleitzeit.orchestrator.component_orchestrator - INFO - [signal-0:stderr] 2025-11-04 16:23:27,401 - gleitzeit.workers.signal_worker - INFO - Signal processing loop iteration 840
[2025-11-04 16:23:36] [STDERR] 2025-11-04 16:23:36,794 - gleitzeit.orchestrator.component_orchestrator - WARNING - Worker api-0 unhealthy, restarting
[2025-11-04 16:23:36] [STDERR] 2025-11-04 16:23:36,795 - gleitzeit.orchestrator.component_orchestrator - INFO - Restarting worker api-0
[2025-11-04 16:23:36] [STDERR] 2025-11-04 16:23:36,795 - gleitzeit.orchestrator.component_orchestrator - INFO - Stopping worker api-0
[2025-11-04 16:23:36] [STDERR] 2025-11-04 16:23:36,795 - gleitzeit.orchestrator.component_orchestrator - INFO - Starting worker api-0 with shards [0, 1, 2, 3, 4, 5, 6, 7, 8, 9, 10, 11, 12, 13, 14, 15]
[2025-11-04 16:23:36] [STDERR] 2025-11-04 16:23:36,796 - gleitzeit.orchestrator.component_orchestrator - INFO - Stored config for api-0 at key: worker:config:api-0:687dff4d
[2025-11-04 16:23:36] [STDERR] 2025-11-04 16:23:36,801 - gleitzeit.orchestrator.component_orchestrator - WARNING - Worker ui-0 unhealthy, restarting
[2025-11-04 16:23:36] [STDERR] 2025-11-04 16:23:36,801 - gleitzeit.orchestrator.component_orchestrator - INFO - Restarting worker ui-0
[2025-11-04 16:23:36] [STDERR] 2025-11-04 16:23:36,801 - gleitzeit.orchestrator.component_orchestrator - INFO - Stopping worker ui-0
[2025-11-04 16:23:36] [STDERR] 2025-11-04 16:23:36,801 - gleitzeit.orchestrator.component_orchestrator - INFO - Starting worker ui-0 with shards [0, 1, 2, 3, 4, 5, 6, 7, 8, 9, 10, 11, 12, 13, 14, 15]
[2025-11-04 16:23:36] [STDERR] 2025-11-04 16:23:36,801 - gleitzeit.orchestrator.component_orchestrator - INFO - Stored config for ui-0 at key: worker:config:ui-0:69c470e3
[2025-11-04 16:23:37] [STDERR] 2025-11-04 16:23:37,038 - gleitzeit.orchestrator.component_orchestrator - INFO - [api-0:stderr] 2025-11-04 16:23:37,038 - __main__ - INFO - Initialized worker instance identity: gleitzei-529d6f54
[2025-11-04 16:23:37] [STDERR] 2025-11-04 16:23:37,038 - gleitzeit.orchestrator.component_orchestrator - INFO - [ui-0:stderr] 2025-11-04 16:23:37,038 - __main__ - INFO - Initialized worker instance identity: gleitzei-529d6f54
[2025-11-04 16:23:37] [STDERR] 2025-11-04 16:23:37,039 - gleitzeit.orchestrator.component_orchestrator - INFO - [api-0:stderr] 2025-11-04 16:23:37,038 - __main__ - INFO - Loading configuration from Redis key: worker:config:api-0:687dff4d
[2025-11-04 16:23:37] [STDERR] 2025-11-04 16:23:37,039 - gleitzeit.orchestrator.component_orchestrator - INFO - [ui-0:stderr] 2025-11-04 16:23:37,038 - __main__ - INFO - Loading configuration from Redis key: worker:config:ui-0:69c470e3
[2025-11-04 16:23:37] [STDERR] 2025-11-04 16:23:37,041 - gleitzeit.orchestrator.component_orchestrator - INFO - [ui-0:stderr] 2025-11-04 16:23:37,040 - __main__ - INFO - Loaded config for worker ui-0
[2025-11-04 16:23:37] [STDERR] 2025-11-04 16:23:37,041 - gleitzeit.orchestrator.component_orchestrator - INFO - [api-0:stderr] 2025-11-04 16:23:37,040 - __main__ - INFO - Loaded config for worker api-0
[2025-11-04 16:23:37] [STDERR] 2025-11-04 16:23:37,065 - gleitzeit.orchestrator.component_orchestrator - INFO - [api-0:stderr] 2025-11-04 16:23:37,065 - __main__ - INFO - Worker api-0 handler configs: ['python/v1', 'ollama/v1', 'http/v1', 'file/v1', 'timer/v1', 'signal/v1', 'workflow/v1']
[2025-11-04 16:23:37] [STDERR] 2025-11-04 16:23:37,066 - gleitzeit.orchestrator.component_orchestrator - INFO - [api-0:stderr] 2025-11-04 16:23:37,065 - gleitzeit.core.redis_cluster - INFO - Redis single instance initialized at localhost:6379
[2025-11-04 16:23:37] [STDERR] 2025-11-04 16:23:37,066 - gleitzeit.orchestrator.component_orchestrator - ERROR - [api-0:stderr] 2025-11-04 16:23:37,065 - api.api-0 - ERROR - Cannot start API: Port 8000 is already in use. Either stop the existing service or use --api-port to specify a different port.
[2025-11-04 16:23:37] [STDERR] 2025-11-04 16:23:37,066 - gleitzeit.orchestrator.component_orchestrator - INFO - [ui-0:stderr] 2025-11-04 16:23:37,066 - __main__ - INFO - Worker ui-0 handler configs: ['python/v1', 'ollama/v1', 'http/v1', 'file/v1', 'timer/v1', 'signal/v1', 'workflow/v1']
[2025-11-04 16:23:37] [STDERR] 2025-11-04 16:23:37,066 - gleitzeit.orchestrator.component_orchestrator - INFO - [ui-0:stderr] 2025-11-04 16:23:37,066 - gleitzeit.core.redis_cluster - INFO - Redis single instance initialized at localhost:6379
[2025-11-04 16:23:37] [STDERR] 2025-11-04 16:23:37,066 - gleitzeit.orchestrator.component_orchestrator - ERROR - [ui-0:stderr] 2025-11-04 16:23:37,066 - ui.ui-0 - ERROR - Cannot start UI: Port 8004 is already in use. Either stop the existing service or use --ui-port to specify a different port.
[2025-11-04 16:23:37] [STDERR] 2025-11-04 16:23:37,067 - gleitzeit.orchestrator.component_orchestrator - ERROR - [api-0:stderr] 2025-11-04 16:23:37,065 - __main__ - ERROR - Worker failed: Cannot start API: Port 8000 is already in use. Either stop the existing service or use --api-port to specify a different port.
[2025-11-04 16:23:37] [STDERR] 2025-11-04 16:23:37,067 - gleitzeit.orchestrator.component_orchestrator - INFO - [api-0:stderr] Traceback (most recent call last):
[2025-11-04 16:23:37] [STDERR] 2025-11-04 16:23:37,067 - gleitzeit.orchestrator.component_orchestrator - INFO - [api-0:stderr] File "/Users/leifmarkthaler/github/gleitzeit 0.0.7/src/gleitzeit/workers/runner.py", line 116, in run_worker
[2025-11-04 16:23:37] [STDERR] 2025-11-04 16:23:37,067 - gleitzeit.orchestrator.component_orchestrator - ERROR - [ui-0:stderr] 2025-11-04 16:23:37,066 - __main__ - ERROR - Worker failed: Cannot start UI: Port 8004 is already in use. Either stop the existing service or use --ui-port to specify a different port.
[2025-11-04 16:23:37] [STDERR] 2025-11-04 16:23:37,068 - gleitzeit.orchestrator.component_orchestrator - INFO - [api-0:stderr] await worker.initialize()
[2025-11-04 16:23:37] [STDERR] 2025-11-04 16:23:37,068 - gleitzeit.orchestrator.component_orchestrator - INFO - [ui-0:stderr] Traceback (most recent call last):
[2025-11-04 16:23:37] [STDERR] 2025-11-04 16:23:37,068 - gleitzeit.orchestrator.component_orchestrator - INFO - [api-0:stderr] File "/Users/leifmarkthaler/github/gleitzeit 0.0.7/src/gleitzeit/workers/base.py", line 113, in initialize
[2025-11-04 16:23:37] [STDERR] 2025-11-04 16:23:37,068 - gleitzeit.orchestrator.component_orchestrator - INFO - [ui-0:stderr] File "/Users/leifmarkthaler/github/gleitzeit 0.0.7/src/gleitzeit/workers/runner.py", line 116, in run_worker
[2025-11-04 16:23:37] [STDERR] 2025-11-04 16:23:37,068 - gleitzeit.orchestrator.component_orchestrator - INFO - [api-0:stderr] await self.on_initialize()
[2025-11-04 16:23:37] [STDERR] 2025-11-04 16:23:37,068 - gleitzeit.orchestrator.component_orchestrator - INFO - [ui-0:stderr] await worker.initialize()
[2025-11-04 16:23:37] [STDERR] 2025-11-04 16:23:37,068 - gleitzeit.orchestrator.component_orchestrator - INFO - [api-0:stderr] File "/Users/leifmarkthaler/github/gleitzeit 0.0.7/src/gleitzeit/workers/api_worker.py", line 45, in on_initialize
[2025-11-04 16:23:37] [STDERR] 2025-11-04 16:23:37,068 - gleitzeit.orchestrator.component_orchestrator - INFO - [ui-0:stderr] File "/Users/leifmarkthaler/github/gleitzeit 0.0.7/src/gleitzeit/workers/base.py", line 113, in initialize
[2025-11-04 16:23:37] [STDERR] 2025-11-04 16:23:37,068 - gleitzeit.orchestrator.component_orchestrator - INFO - [api-0:stderr] raise RuntimeError(error_msg)
[2025-11-04 16:23:37] [STDERR] 2025-11-04 16:23:37,068 - gleitzeit.orchestrator.component_orchestrator - INFO - [ui-0:stderr] await self.on_initialize()
[2025-11-04 16:23:37] [STDERR] 2025-11-04 16:23:37,068 - gleitzeit.orchestrator.component_orchestrator - INFO - [api-0:stderr] RuntimeError: Cannot start API: Port 8000 is already in use. Either stop the existing service or use --api-port to specify a different port.
[2025-11-04 16:23:37] [STDERR] 2025-11-04 16:23:37,069 - gleitzeit.orchestrator.component_orchestrator - INFO - [ui-0:stderr] File "/Users/leifmarkthaler/github/gleitzeit 0.0.7/src/gleitzeit/workers/ui_worker.py", line 46, in on_initialize
[2025-11-04 16:23:37] [STDERR] 2025-11-04 16:23:37,069 - gleitzeit.orchestrator.component_orchestrator - INFO - [ui-0:stderr] raise RuntimeError(error_msg)
[2025-11-04 16:23:37] [STDERR] 2025-11-04 16:23:37,069 - gleitzeit.orchestrator.component_orchestrator - INFO - [ui-0:stderr] RuntimeError: Cannot start UI: Port 8004 is already in use. Either stop the existing service or use --ui-port to specify a different port.
[2025-11-04 16:23:37] [STDERR] 2025-11-04 16:23:37,463 - gleitzeit.orchestrator.component_orchestrator - INFO - [signal-0:stderr] 2025-11-04 16:23:37,463 - gleitzeit.workers.signal_worker - INFO - Signal processing loop iteration 860
[2025-11-04 16:23:47] [STDERR] 2025-11-04 16:23:47,485 - gleitzeit.orchestrator.component_orchestrator - INFO - [signal-0:stderr] 2025-11-04 16:23:47,485 - gleitzeit.workers.signal_worker - INFO - Signal processing loop iteration 880
[2025-11-04 16:23:57] [STDERR] 2025-11-04 16:23:57,506 - gleitzeit.orchestrator.component_orchestrator - INFO - [signal-0:stderr] 2025-11-04 16:23:57,505 - gleitzeit.workers.signal_worker - INFO - Signal processing loop iteration 900
[2025-11-04 16:24:07] [STDERR] 2025-11-04 16:24:07,570 - gleitzeit.orchestrator.component_orchestrator - INFO - [signal-0:stderr] 2025-11-04 16:24:07,570 - gleitzeit.workers.signal_worker - INFO - Signal processing loop iteration 920
[2025-11-04 16:24:16] [STDERR] 2025-11-04 16:24:16,816 - gleitzeit.orchestrator.component_orchestrator - WARNING - Worker api-0 unhealthy, restarting
[2025-11-04 16:24:16] [STDERR] 2025-11-04 16:24:16,816 - gleitzeit.orchestrator.component_orchestrator - INFO - Restarting worker api-0
[2025-11-04 16:24:16] [STDERR] 2025-11-04 16:24:16,816 - gleitzeit.orchestrator.component_orchestrator - INFO - Stopping worker api-0
[2025-11-04 16:24:16] [STDERR] 2025-11-04 16:24:16,816 - gleitzeit.orchestrator.component_orchestrator - INFO - Starting worker api-0 with shards [0, 1, 2, 3, 4, 5, 6, 7, 8, 9, 10, 11, 12, 13, 14, 15]
[2025-11-04 16:24:16] [STDERR] 2025-11-04 16:24:16,817 - gleitzeit.orchestrator.component_orchestrator - INFO - Stored config for api-0 at key: worker:config:api-0:2925e86c
[2025-11-04 16:24:16] [STDERR] 2025-11-04 16:24:16,819 - gleitzeit.orchestrator.component_orchestrator - WARNING - Worker ui-0 unhealthy, restarting
[2025-11-04 16:24:16] [STDERR] 2025-11-04 16:24:16,820 - gleitzeit.orchestrator.component_orchestrator - INFO - Restarting worker ui-0
[2025-11-04 16:24:16] [STDERR] 2025-11-04 16:24:16,820 - gleitzeit.orchestrator.component_orchestrator - INFO - Stopping worker ui-0
[2025-11-04 16:24:16] [STDERR] 2025-11-04 16:24:16,820 - gleitzeit.orchestrator.component_orchestrator - INFO - Starting worker ui-0 with shards [0, 1, 2, 3, 4, 5, 6, 7, 8, 9, 10, 11, 12, 13, 14, 15]
[2025-11-04 16:24:16] [STDERR] 2025-11-04 16:24:16,820 - gleitzeit.orchestrator.component_orchestrator - INFO - Stored config for ui-0 at key: worker:config:ui-0:cae700f6
[2025-11-04 16:24:17] [STDERR] 2025-11-04 16:24:17,068 - gleitzeit.orchestrator.component_orchestrator - INFO - [ui-0:stderr] 2025-11-04 16:24:17,068 - __main__ - INFO - Initialized worker instance identity: gleitzei-529d6f54
[2025-11-04 16:24:17] [STDERR] 2025-11-04 16:24:17,068 - gleitzeit.orchestrator.component_orchestrator - INFO - [api-0:stderr] 2025-11-04 16:24:17,068 - __main__ - INFO - Initialized worker instance identity: gleitzei-529d6f54
[2025-11-04 16:24:17] [STDERR] 2025-11-04 16:24:17,068 - gleitzeit.orchestrator.component_orchestrator - INFO - [ui-0:stderr] 2025-11-04 16:24:17,068 - __main__ - INFO - Loading configuration from Redis key: worker:config:ui-0:cae700f6
[2025-11-04 16:24:17] [STDERR] 2025-11-04 16:24:17,068 - gleitzeit.orchestrator.component_orchestrator - INFO - [api-0:stderr] 2025-11-04 16:24:17,068 - __main__ - INFO - Loading configuration from Redis key: worker:config:api-0:2925e86c
[2025-11-04 16:24:17] [STDERR] 2025-11-04 16:24:17,070 - gleitzeit.orchestrator.component_orchestrator - INFO - [api-0:stderr] 2025-11-04 16:24:17,070 - __main__ - INFO - Loaded config for worker api-0
[2025-11-04 16:24:17] [STDERR] 2025-11-04 16:24:17,070 - gleitzeit.orchestrator.component_orchestrator - INFO - [ui-0:stderr] 2025-11-04 16:24:17,070 - __main__ - INFO - Loaded config for worker ui-0
[2025-11-04 16:24:17] [STDERR] 2025-11-04 16:24:17,091 - gleitzeit.orchestrator.component_orchestrator - INFO - [ui-0:stderr] 2025-11-04 16:24:17,091 - __main__ - INFO - Worker ui-0 handler configs: ['python/v1', 'ollama/v1', 'http/v1', 'file/v1', 'timer/v1', 'signal/v1', 'workflow/v1']
[2025-11-04 16:24:17] [STDERR] 2025-11-04 16:24:17,091 - gleitzeit.orchestrator.component_orchestrator - INFO - [api-0:stderr] 2025-11-04 16:24:17,091 - __main__ - INFO - Worker api-0 handler configs: ['python/v1', 'ollama/v1', 'http/v1', 'file/v1', 'timer/v1', 'signal/v1', 'workflow/v1']
[2025-11-04 16:24:17] [STDERR] 2025-11-04 16:24:17,092 - gleitzeit.orchestrator.component_orchestrator - INFO - [api-0:stderr] 2025-11-04 16:24:17,091 - gleitzeit.core.redis_cluster - INFO - Redis single instance initialized at localhost:6379
[2025-11-04 16:24:17] [STDERR] 2025-11-04 16:24:17,092 - gleitzeit.orchestrator.component_orchestrator - INFO - [ui-0:stderr] 2025-11-04 16:24:17,091 - gleitzeit.core.redis_cluster - INFO - Redis single instance initialized at localhost:6379
[2025-11-04 16:24:17] [STDERR] 2025-11-04 16:24:17,092 - gleitzeit.orchestrator.component_orchestrator - ERROR - [api-0:stderr] 2025-11-04 16:24:17,091 - api.api-0 - ERROR - Cannot start API: Port 8000 is already in use. Either stop the existing service or use --api-port to specify a different port.
[2025-11-04 16:24:17] [STDERR] 2025-11-04 16:24:17,092 - gleitzeit.orchestrator.component_orchestrator - ERROR - [ui-0:stderr] 2025-11-04 16:24:17,091 - ui.ui-0 - ERROR - Cannot start UI: Port 8004 is already in use. Either stop the existing service or use --ui-port to specify a different port.
[2025-11-04 16:24:17] [STDERR] 2025-11-04 16:24:17,093 - gleitzeit.orchestrator.component_orchestrator - ERROR - [api-0:stderr] 2025-11-04 16:24:17,092 - __main__ - ERROR - Worker failed: Cannot start API: Port 8000 is already in use. Either stop the existing service or use --api-port to specify a different port.
[2025-11-04 16:24:17] [STDERR] 2025-11-04 16:24:17,093 - gleitzeit.orchestrator.component_orchestrator - INFO - [api-0:stderr] Traceback (most recent call last):
[2025-11-04 16:24:17] [STDERR] 2025-11-04 16:24:17,093 - gleitzeit.orchestrator.component_orchestrator - INFO - [api-0:stderr] File "/Users/leifmarkthaler/github/gleitzeit 0.0.7/src/gleitzeit/workers/runner.py", line 116, in run_worker
[2025-11-04 16:24:17] [STDERR] 2025-11-04 16:24:17,093 - gleitzeit.orchestrator.component_orchestrator - ERROR - [ui-0:stderr] 2025-11-04 16:24:17,092 - __main__ - ERROR - Worker failed: Cannot start UI: Port 8004 is already in use. Either stop the existing service or use --ui-port to specify a different port.
[2025-11-04 16:24:17] [STDERR] 2025-11-04 16:24:17,093 - gleitzeit.orchestrator.component_orchestrator - INFO - [api-0:stderr] await worker.initialize()
[2025-11-04 16:24:17] [STDERR] 2025-11-04 16:24:17,093 - gleitzeit.orchestrator.component_orchestrator - INFO - [ui-0:stderr] Traceback (most recent call last):
[2025-11-04 16:24:17] [STDERR] 2025-11-04 16:24:17,093 - gleitzeit.orchestrator.component_orchestrator - INFO - [api-0:stderr] File "/Users/leifmarkthaler/github/gleitzeit 0.0.7/src/gleitzeit/workers/base.py", line 113, in initialize
[2025-11-04 16:24:17] [STDERR] 2025-11-04 16:24:17,093 - gleitzeit.orchestrator.component_orchestrator - INFO - [ui-0:stderr] File "/Users/leifmarkthaler/github/gleitzeit 0.0.7/src/gleitzeit/workers/runner.py", line 116, in run_worker
[2025-11-04 16:24:17] [STDERR] 2025-11-04 16:24:17,093 - gleitzeit.orchestrator.component_orchestrator - INFO - [api-0:stderr] await self.on_initialize()
[2025-11-04 16:24:17] [STDERR] 2025-11-04 16:24:17,094 - gleitzeit.orchestrator.component_orchestrator - INFO - [ui-0:stderr] await worker.initialize()
[2025-11-04 16:24:17] [STDERR] 2025-11-04 16:24:17,094 - gleitzeit.orchestrator.component_orchestrator - INFO - [api-0:stderr] File "/Users/leifmarkthaler/github/gleitzeit 0.0.7/src/gleitzeit/workers/api_worker.py", line 45, in on_initialize
[2025-11-04 16:24:17] [STDERR] 2025-11-04 16:24:17,094 - gleitzeit.orchestrator.component_orchestrator - INFO - [ui-0:stderr] File "/Users/leifmarkthaler/github/gleitzeit 0.0.7/src/gleitzeit/workers/base.py", line 113, in initialize
[2025-11-04 16:24:17] [STDERR] 2025-11-04 16:24:17,094 - gleitzeit.orchestrator.component_orchestrator - INFO - [api-0:stderr] raise RuntimeError(error_msg)
[2025-11-04 16:24:17] [STDERR] 2025-11-04 16:24:17,094 - gleitzeit.orchestrator.component_orchestrator - INFO - [ui-0:stderr] await self.on_initialize()
[2025-11-04 16:24:17] [STDERR] 2025-11-04 16:24:17,094 - gleitzeit.orchestrator.component_orchestrator - INFO - [api-0:stderr] RuntimeError: Cannot start API: Port 8000 is already in use. Either stop the existing service or use --api-port to specify a different port.
[2025-11-04 16:24:17] [STDERR] 2025-11-04 16:24:17,094 - gleitzeit.orchestrator.component_orchestrator - INFO - [ui-0:stderr] File "/Users/leifmarkthaler/github/gleitzeit 0.0.7/src/gleitzeit/workers/ui_worker.py", line 46, in on_initialize
[2025-11-04 16:24:17] [STDERR] 2025-11-04 16:24:17,094 - gleitzeit.orchestrator.component_orchestrator - INFO - [ui-0:stderr] raise RuntimeError(error_msg)
[2025-11-04 16:24:17] [STDERR] 2025-11-04 16:24:17,094 - gleitzeit.orchestrator.component_orchestrator - INFO - [ui-0:stderr] RuntimeError: Cannot start UI: Port 8004 is already in use. Either stop the existing service or use --ui-port to specify a different port.
[2025-11-04 16:24:17] [STDERR] 2025-11-04 16:24:17,589 - gleitzeit.orchestrator.component_orchestrator - INFO - [signal-0:stderr] 2025-11-04 16:24:17,589 - gleitzeit.workers.signal_worker - INFO - Signal processing loop iteration 940
[2025-11-04 16:24:27] [STDERR] 2025-11-04 16:24:27,609 - gleitzeit.orchestrator.component_orchestrator - INFO - [signal-0:stderr] 2025-11-04 16:24:27,609 - gleitzeit.workers.signal_worker - INFO - Signal processing loop iteration 960
[2025-11-04 16:24:37] [STDERR] 2025-11-04 16:24:37,672 - gleitzeit.orchestrator.component_orchestrator - INFO - [signal-0:stderr] 2025-11-04 16:24:37,672 - gleitzeit.workers.signal_worker - INFO - Signal processing loop iteration 980
[2025-11-04 16:24:47] [STDERR] 2025-11-04 16:24:47,693 - gleitzeit.orchestrator.component_orchestrator - INFO - [signal-0:stderr] 2025-11-04 16:24:47,692 - gleitzeit.workers.signal_worker - INFO - Signal processing loop iteration 1000
[2025-11-04 16:24:56] [STDERR] 2025-11-04 16:24:56,835 - gleitzeit.orchestrator.component_orchestrator - WARNING - Worker api-0 unhealthy, restarting
[2025-11-04 16:24:56] [STDERR] 2025-11-04 16:24:56,835 - gleitzeit.orchestrator.component_orchestrator - INFO - Restarting worker api-0
[2025-11-04 16:24:56] [STDERR] 2025-11-04 16:24:56,835 - gleitzeit.orchestrator.component_orchestrator - INFO - Stopping worker api-0
[2025-11-04 16:24:56] [STDERR] 2025-11-04 16:24:56,835 - gleitzeit.orchestrator.component_orchestrator - INFO - Starting worker api-0 with shards [0, 1, 2, 3, 4, 5, 6, 7, 8, 9, 10, 11, 12, 13, 14, 15]
[2025-11-04 16:24:56] [STDERR] 2025-11-04 16:24:56,836 - gleitzeit.orchestrator.component_orchestrator - INFO - Stored config for api-0 at key: worker:config:api-0:9d6f3c93
[2025-11-04 16:24:56] [STDERR] 2025-11-04 16:24:56,840 - gleitzeit.orchestrator.component_orchestrator - WARNING - Worker ui-0 unhealthy, restarting
[2025-11-04 16:24:56] [STDERR] 2025-11-04 16:24:56,840 - gleitzeit.orchestrator.component_orchestrator - INFO - Restarting worker ui-0
[2025-11-04 16:24:56] [STDERR] 2025-11-04 16:24:56,840 - gleitzeit.orchestrator.component_orchestrator - INFO - Stopping worker ui-0
[2025-11-04 16:24:56] [STDERR] 2025-11-04 16:24:56,840 - gleitzeit.orchestrator.component_orchestrator - INFO - Starting worker ui-0 with shards [0, 1, 2, 3, 4, 5, 6, 7, 8, 9, 10, 11, 12, 13, 14, 15]
[2025-11-04 16:24:56] [STDERR] 2025-11-04 16:24:56,840 - gleitzeit.orchestrator.component_orchestrator - INFO - Stored config for ui-0 at key: worker:config:ui-0:fda44c7b
[2025-11-04 16:24:57] [STDERR] 2025-11-04 16:24:57,011 - gleitzeit.orchestrator.component_orchestrator - INFO - [ui-0:stderr] 2025-11-04 16:24:57,011 - __main__ - INFO - Initialized worker instance identity: gleitzei-529d6f54
[2025-11-04 16:24:57] [STDERR] 2025-11-04 16:24:57,011 - gleitzeit.orchestrator.component_orchestrator - INFO - [api-0:stderr] 2025-11-04 16:24:57,011 - __main__ - INFO - Initialized worker instance identity: gleitzei-529d6f54
[2025-11-04 16:24:57] [STDERR] 2025-11-04 16:24:57,011 - gleitzeit.orchestrator.component_orchestrator - INFO - [api-0:stderr] 2025-11-04 16:24:57,011 - __main__ - INFO - Loading configuration from Redis key: worker:config:api-0:9d6f3c93
[2025-11-04 16:24:57] [STDERR] 2025-11-04 16:24:57,011 - gleitzeit.orchestrator.component_orchestrator - INFO - [ui-0:stderr] 2025-11-04 16:24:57,011 - __main__ - INFO - Loading configuration from Redis key: worker:config:ui-0:fda44c7b
[2025-11-04 16:24:57] [STDERR] 2025-11-04 16:24:57,013 - gleitzeit.orchestrator.component_orchestrator - INFO - [api-0:stderr] 2025-11-04 16:24:57,013 - __main__ - INFO - Loaded config for worker api-0
[2025-11-04 16:24:57] [STDERR] 2025-11-04 16:24:57,013 - gleitzeit.orchestrator.component_orchestrator - INFO - [ui-0:stderr] 2025-11-04 16:24:57,013 - __main__ - INFO - Loaded config for worker ui-0
[2025-11-04 16:24:57] [STDERR] 2025-11-04 16:24:57,025 - gleitzeit.orchestrator.component_orchestrator - INFO - [ui-0:stderr] 2025-11-04 16:24:57,025 - __main__ - INFO - Worker ui-0 handler configs: ['python/v1', 'ollama/v1', 'http/v1', 'file/v1', 'timer/v1', 'signal/v1', 'workflow/v1']
[2025-11-04 16:24:57] [STDERR] 2025-11-04 16:24:57,026 - gleitzeit.orchestrator.component_orchestrator - INFO - [api-0:stderr] 2025-11-04 16:24:57,025 - __main__ - INFO - Worker api-0 handler configs: ['python/v1', 'ollama/v1', 'http/v1', 'file/v1', 'timer/v1', 'signal/v1', 'workflow/v1']
[2025-11-04 16:24:57] [STDERR] 2025-11-04 16:24:57,026 - gleitzeit.orchestrator.component_orchestrator - INFO - [ui-0:stderr] 2025-11-04 16:24:57,025 - gleitzeit.core.redis_cluster - INFO - Redis single instance initialized at localhost:6379
[2025-11-04 16:24:57] [STDERR] 2025-11-04 16:24:57,026 - gleitzeit.orchestrator.component_orchestrator - INFO - [api-0:stderr] 2025-11-04 16:24:57,025 - gleitzeit.core.redis_cluster - INFO - Redis single instance initialized at localhost:6379
[2025-11-04 16:24:57] [STDERR] 2025-11-04 16:24:57,026 - gleitzeit.orchestrator.component_orchestrator - ERROR - [ui-0:stderr] 2025-11-04 16:24:57,025 - ui.ui-0 - ERROR - Cannot start UI: Port 8004 is already in use. Either stop the existing service or use --ui-port to specify a different port.
[2025-11-04 16:24:57] [STDERR] 2025-11-04 16:24:57,026 - gleitzeit.orchestrator.component_orchestrator - ERROR - [api-0:stderr] 2025-11-04 16:24:57,025 - api.api-0 - ERROR - Cannot start API: Port 8000 is already in use. Either stop the existing service or use --api-port to specify a different port.
[2025-11-04 16:24:57] [STDERR] 2025-11-04 16:24:57,026 - gleitzeit.orchestrator.component_orchestrator - ERROR - [ui-0:stderr] 2025-11-04 16:24:57,025 - __main__ - ERROR - Worker failed: Cannot start UI: Port 8004 is already in use. Either stop the existing service or use --ui-port to specify a different port.
[2025-11-04 16:24:57] [STDERR] 2025-11-04 16:24:57,026 - gleitzeit.orchestrator.component_orchestrator - ERROR - [api-0:stderr] 2025-11-04 16:24:57,025 - __main__ - ERROR - Worker failed: Cannot start API: Port 8000 is already in use. Either stop the existing service or use --api-port to specify a different port.
[2025-11-04 16:24:57] [STDERR] 2025-11-04 16:24:57,026 - gleitzeit.orchestrator.component_orchestrator - INFO - [ui-0:stderr] Traceback (most recent call last):
[2025-11-04 16:24:57] [STDERR] 2025-11-04 16:24:57,027 - gleitzeit.orchestrator.component_orchestrator - INFO - [api-0:stderr] Traceback (most recent call last):
[2025-11-04 16:24:57] [STDERR] 2025-11-04 16:24:57,027 - gleitzeit.orchestrator.component_orchestrator - INFO - [ui-0:stderr] File "/Users/leifmarkthaler/github/gleitzeit 0.0.7/src/gleitzeit/workers/runner.py", line 116, in run_worker
[2025-11-04 16:24:57] [STDERR] 2025-11-04 16:24:57,027 - gleitzeit.orchestrator.component_orchestrator - INFO - [api-0:stderr] File "/Users/leifmarkthaler/github/gleitzeit 0.0.7/src/gleitzeit/workers/runner.py", line 116, in run_worker
[2025-11-04 16:24:57] [STDERR] 2025-11-04 16:24:57,027 - gleitzeit.orchestrator.component_orchestrator - INFO - [ui-0:stderr] await worker.initialize()
[2025-11-04 16:24:57] [STDERR] 2025-11-04 16:24:57,027 - gleitzeit.orchestrator.component_orchestrator - INFO - [api-0:stderr] await worker.initialize()
[2025-11-04 16:24:57] [STDERR] 2025-11-04 16:24:57,027 - gleitzeit.orchestrator.component_orchestrator - INFO - [ui-0:stderr] File "/Users/leifmarkthaler/github/gleitzeit 0.0.7/src/gleitzeit/workers/base.py", line 113, in initialize
[2025-11-04 16:24:57] [STDERR] 2025-11-04 16:24:57,027 - gleitzeit.orchestrator.component_orchestrator - INFO - [api-0:stderr] File "/Users/leifmarkthaler/github/gleitzeit 0.0.7/src/gleitzeit/workers/base.py", line 113, in initialize
[2025-11-04 16:24:57] [STDERR] 2025-11-04 16:24:57,027 - gleitzeit.orchestrator.component_orchestrator - INFO - [ui-0:stderr] await self.on_initialize()
[2025-11-04 16:24:57] [STDERR] 2025-11-04 16:24:57,027 - gleitzeit.orchestrator.component_orchestrator - INFO - [api-0:stderr] await self.on_initialize()
[2025-11-04 16:24:57] [STDERR] 2025-11-04 16:24:57,027 - gleitzeit.orchestrator.component_orchestrator - INFO - [ui-0:stderr] File "/Users/leifmarkthaler/github/gleitzeit 0.0.7/src/gleitzeit/workers/ui_worker.py", line 46, in on_initialize
[2025-11-04 16:24:57] [STDERR] 2025-11-04 16:24:57,028 - gleitzeit.orchestrator.component_orchestrator - INFO - [api-0:stderr] File "/Users/leifmarkthaler/github/gleitzeit 0.0.7/src/gleitzeit/workers/api_worker.py", line 45, in on_initialize
[2025-11-04 16:24:57] [STDERR] 2025-11-04 16:24:57,028 - gleitzeit.orchestrator.component_orchestrator - INFO - [ui-0:stderr] raise RuntimeError(error_msg)
[2025-11-04 16:24:57] [STDERR] 2025-11-04 16:24:57,028 - gleitzeit.orchestrator.component_orchestrator - INFO - [api-0:stderr] raise RuntimeError(error_msg)
[2025-11-04 16:24:57] [STDERR] 2025-11-04 16:24:57,028 - gleitzeit.orchestrator.component_orchestrator - INFO - [ui-0:stderr] RuntimeError: Cannot start UI: Port 8004 is already in use. Either stop the existing service or use --ui-port to specify a different port.
[2025-11-04 16:24:57] [STDERR] 2025-11-04 16:24:57,028 - gleitzeit.orchestrator.component_orchestrator - INFO - [api-0:stderr] RuntimeError: Cannot start API: Port 8000 is already in use. Either stop the existing service or use --api-port to specify a different port.
[2025-11-04 16:24:57] [STDERR] 2025-11-04 16:24:57,712 - gleitzeit.orchestrator.component_orchestrator - INFO - [signal-0:stderr] 2025-11-04 16:24:57,712 - gleitzeit.workers.signal_worker - INFO - Signal processing loop iteration 1020
[2025-11-04 16:25:07] [STDERR] 2025-11-04 16:25:07,782 - gleitzeit.orchestrator.component_orchestrator - INFO - [signal-0:stderr] 2025-11-04 16:25:07,781 - gleitzeit.workers.signal_worker - INFO - Signal processing loop iteration 1040
[2025-11-04 16:25:11] [STDERR] 2025-11-04 16:25:11,692 - gleitzeit.orchestrator.component_orchestrator - INFO - [workflow_loader-1:stderr] 2025-11-04 16:25:11,692 - gleitzeit.workers.workflow_loader_worker_v2 - INFO - Loading workflow eb05b0c8-a6f0-41f1-9af1-9ad3d971fa54 from inline
[2025-11-04 16:25:11] [STDERR] 2025-11-04 16:25:11,694 - gleitzeit.orchestrator.component_orchestrator - INFO - [workflow_loader-1:stderr] 2025-11-04 16:25:11,693 - gleitzeit.workers.workflow_loader_worker_v2 - INFO - Raw workflow before transform: {
[2025-11-04 16:25:11] [STDERR] 2025-11-04 16:25:11,694 - gleitzeit.orchestrator.component_orchestrator - INFO - [workflow_loader-1:stderr] "name": "Simple Calculation",
[2025-11-04 16:25:11] [STDERR] 2025-11-04 16:25:11,694 - gleitzeit.orchestrator.component_orchestrator - INFO - [workflow_loader-1:stderr] "tasks": [
[2025-11-04 16:25:11] [STDERR] 2025-11-04 16:25:11,694 - gleitzeit.orchestrator.component_orchestrator - INFO - [workflow_loader-1:stderr] {
[2025-11-04 16:25:11] [STDERR] 2025-11-04 16:25:11,694 - gleitzeit.orchestrator.component_orchestrator - INFO - [workflow_loader-1:stderr] "id": "calculate",
[2025-11-04 16:25:11] [STDERR] 2025-11-04 16:25:11,694 - gleitzeit.orchestrator.component_orchestrator - INFO - [workflow_loader-1:stderr] "type": "python",
[2025-11-04 16:25:11] [STDERR] 2025-11-04 16:25:11,694 - gleitzeit.orchestrator.component_orchestrator - INFO - [workflow_loader-1:stderr] "params": {
[2025-11-04 16:25:11] [STDERR] 2025-11-04 16:25:11,695 - gleitzeit.orchestrator.component_orchestrator - INFO - [workflow_loader-1:stderr] "code": "\nresult = 2 + 2\nprint(f\"The answer is: {result}\")\n"
[2025-11-04 16:25:11] [STDERR] 2025-11-04 16:25:11,695 - gleitzeit.orchestrator.component_orchestrator - INFO - [workflow_loader-1:stderr] }
[2025-11-04 16:25:11] [STDERR] 2025-11-04 16:25:11,695 - gleitzeit.orchestrator.component_orchestrator - INFO - [workflow_loader-1:stderr] }
[2025-11-04 16:25:11] [STDERR] 2025-11-04 16:25:11,695 - gleitzeit.orchestrator.component_orchestrator - INFO - [workflow_loader-1:stderr] ],
[2025-11-04 16:25:11] [STDERR] 2025-11-04 16:25:11,695 - gleitzeit.orchestrator.component_orchestrator - INFO - [workflow_loader-1:stderr] "workflow_id": "eb05b0c8-a6f0-41f1-9af1-9ad3d971fa54"
[2025-11-04 16:25:11] [STDERR] 2025-11-04 16:25:11,695 - gleitzeit.orchestrator.component_orchestrator - INFO - [workflow_loader-1:stderr] }
[2025-11-04 16:25:11] [STDERR] 2025-11-04 16:25:11,695 - gleitzeit.orchestrator.component_orchestrator - INFO - [workflow_loader-1:stderr] 2025-11-04 16:25:11,694 - gleitzeit.workers.workflow_loader_worker_v2 - INFO - Workflow after transform: {
[2025-11-04 16:25:11] [STDERR] 2025-11-04 16:25:11,696 - gleitzeit.orchestrator.component_orchestrator - INFO - [workflow_loader-1:stderr] "id": "eb05b0c8-a6f0-41f1-9af1-9ad3d971fa54",
[2025-11-04 16:25:11] [STDERR] 2025-11-04 16:25:11,696 - gleitzeit.orchestrator.component_orchestrator - INFO - [workflow_loader-1:stderr] "name": "Simple Calculation",
[2025-11-04 16:25:11] [STDERR] 2025-11-04 16:25:11,696 - gleitzeit.orchestrator.component_orchestrator - INFO - [workflow_loader-1:stderr] "description": "",
[2025-11-04 16:25:11] [STDERR] 2025-11-04 16:25:11,696 - gleitzeit.orchestrator.component_orchestrator - INFO - [workflow_loader-1:stderr] "version": "1.0.0",
[2025-11-04 16:25:11] [STDERR] 2025-11-04 16:25:11,696 - gleitzeit.orchestrator.component_orchestrator - INFO - [workflow_loader-1:stderr] "created_at": "2025-11-04T15:25:11.693949",
[2025-11-04 16:25:11] [STDERR] 2025-11-04 16:25:11,696 - gleitzeit.orchestrator.component_orchestrator - INFO - [workflow_loader-1:stderr] "tasks": [
[2025-11-04 16:25:11] [STDERR] 2025-11-04 16:25:11,696 - gleitzeit.orchestrator.component_orchestrator - INFO - [workflow_loader-1:stderr] {
[2025-11-04 16:25:11] [STDERR] 2025-11-04 16:25:11,696 - gleitzeit.orchestrator.component_orchestrator - INFO - [workflow_loader-1:stderr] "id": "3c9bd677-2746-469e-8c2d-6c1fe655f0b4",
[2025-11-04 16:25:11] [STDERR] 2025-11-04 16:25:11,696 - gleitzeit.orchestrator.component_orchestrator - INFO - [workflow_loader-1:stderr] "workflow_id": "eb05b0c8-a6f0-41f1-9af1-9ad3d971fa54",
[2025-11-04 16:25:11] [STDERR] 2025-11-04 16:25:11,697 - gleitzeit.orchestrator.component_orchestrator - INFO - [workflow_loader-1:stderr] "name": "3c9bd677-2746-469e-8c2d-6c1fe655f0b4",
[2025-11-04 16:25:11] [STDERR] 2025-11-04 16:25:11,697 - gleitzeit.orchestrator.component_orchestrator - INFO - [workflow_loader-1:stderr] "description": "",
[2025-11-04 16:25:11] [STDERR] 2025-11-04 16:25:11,697 - gleitzeit.orchestrator.component_orchestrator - INFO - [workflow_loader-1:stderr] "protocol": "python/v1",
[2025-11-04 16:25:11] [STDERR] 2025-11-04 16:25:11,697 - gleitzeit.orchestrator.component_orchestrator - INFO - [workflow_loader-1:stderr] "method": "python/execute",
[2025-11-04 16:25:11] [STDERR] 2025-11-04 16:25:11,697 - gleitzeit.orchestrator.component_orchestrator - INFO - [workflow_loader-1:stderr] "params": {
[2025-11-04 16:25:11] [STDERR] 2025-11-04 16:25:11,697 - gleitzeit.orchestrator.component_orchestrator - INFO - [workflow_loader-1:stderr] "code": "\nresult = 2 + 2\nprint(f\"The answer is: {result}\")\n"
[2025-11-04 16:25:11] [STDERR] 2025-11-04 16:25:11,697 - gleitzeit.orchestrator.component_orchestrator - INFO - [workflow_loader-1:stderr] },
[2025-11-04 16:25:11] [STDERR] 2025-11-04 16:25:11,697 - gleitzeit.orchestrator.component_orchestrator - INFO - [workflow_loader-1:stderr] "dependencies": [],
[2025-11-04 16:25:11] [STDERR] 2025-11-04 16:25:11,698 - gleitzeit.orchestrator.component_orchestrator - INFO - [workflow_loader-1:stderr] "timeout": 300,
[2025-11-04 16:25:11] [STDERR] 2025-11-04 16:25:11,698 - gleitzeit.orchestrator.component_orchestrator - INFO - [workflow_loader-1:stderr] "retry": {
[2025-11-04 16:25:11] [STDERR] 2025-11-04 16:25:11,698 - gleitzeit.orchestrator.component_orchestrator - INFO - [workflow_loader-1:stderr] "max_retries": 2,
[2025-11-04 16:25:11] [STDERR] 2025-11-04 16:25:11,698 - gleitzeit.orchestrator.component_orchestrator - INFO - [workflow_loader-1:stderr] "strategy": "exponential_jitter",
[2025-11-04 16:25:11] [STDERR] 2025-11-04 16:25:11,698 - gleitzeit.orchestrator.component_orchestrator - INFO - [workflow_loader-1:stderr] "base_delay": 1.0,
[2025-11-04 16:25:11] [STDERR] 2025-11-04 16:25:11,698 - gleitzeit.orchestrator.component_orchestrator - INFO - [workflow_loader-1:stderr] "max_delay": 30.0,
[2025-11-04 16:25:11] [STDERR] 2025-11-04 16:25:11,698 - gleitzeit.orchestrator.component_orchestrator - INFO - [workflow_loader-1:stderr] "jitter": true,
[2025-11-04 16:25:11] [STDERR] 2025-11-04 16:25:11,699 - gleitzeit.orchestrator.component_orchestrator - INFO - [workflow_loader-1:stderr] "multiplier": 2.0
[2025-11-04 16:25:11] [STDERR] 2025-11-04 16:25:11,699 - gleitzeit.orchestrator.component_orchestrator - INFO - [workflow_loader-1:stderr] }
[2025-11-04 16:25:11] [STDERR] 2025-11-04 16:25:11,699 - gleitzeit.orchestrator.component_orchestrator - INFO - [workflow_loader-1:stderr] }
[2025-11-04 16:25:11] [STDERR] 2025-11-04 16:25:11,699 - gleitzeit.orchestrator.component_orchestrator - INFO - [workflow_loader-1:stderr] ]
[2025-11-04 16:25:11] [STDERR] 2025-11-04 16:25:11,700 - gleitzeit.orchestrator.component_orchestrator - INFO - [workflow_loader-1:stderr] }
[2025-11-04 16:25:11] [STDERR] 2025-11-04 16:25:11,700 - gleitzeit.orchestrator.component_orchestrator - INFO - [workflow_loader-1:stderr] 2025-11-04 16:25:11,697 - gleitzeit.workers.workflow_loader_worker_v2 - INFO - Workflow eb05b0c8-a6f0-41f1-9af1-9ad3d971fa54 loaded and submitted to shard 3 with indexes
[2025-11-04 16:25:11] [STDERR] 2025-11-04 16:25:11,709 - gleitzeit.orchestrator.component_orchestrator - INFO - [dependency-0:stderr] 2025-11-04 16:25:11,708 - gleitzeit.workers.dependency_worker - INFO - Processing task completion: 3c9bd677-2746-469e-8c2d-6c1fe655f0b4 from workflow eb05b0c8-a6f0-41f1-9af1-9ad3d971fa54
[2025-11-04 16:25:11] [STDERR] 2025-11-04 16:25:11,712 - gleitzeit.orchestrator.component_orchestrator - INFO - [dependency-0:stderr] 2025-11-04 16:25:11,712 - gleitzeit.workers.dependency_worker - INFO - Workflow eb05b0c8-a6f0-41f1-9af1-9ad3d971fa54 completed successfully!
[2025-11-04 16:25:17] [STDERR] 2025-11-04 16:25:17,802 - gleitzeit.orchestrator.component_orchestrator - INFO - [signal-0:stderr] 2025-11-04 16:25:17,801 - gleitzeit.workers.signal_worker - INFO - Signal processing loop iteration 1060
[2025-11-04 16:25:27] [STDERR] 2025-11-04 16:25:27,823 - gleitzeit.orchestrator.component_orchestrator - INFO - [signal-0:stderr] 2025-11-04 16:25:27,823 - gleitzeit.workers.signal_worker - INFO - Signal processing loop iteration 1080
[2025-11-04 16:25:36] [STDERR] 2025-11-04 16:25:36,854 - gleitzeit.orchestrator.component_orchestrator - WARNING - Worker api-0 unhealthy, restarting
[2025-11-04 16:25:36] [STDERR] 2025-11-04 16:25:36,854 - gleitzeit.orchestrator.component_orchestrator - INFO - Restarting worker api-0
[2025-11-04 16:25:36] [STDERR] 2025-11-04 16:25:36,854 - gleitzeit.orchestrator.component_orchestrator - INFO - Stopping worker api-0
[2025-11-04 16:25:36] [STDERR] 2025-11-04 16:25:36,856 - gleitzeit.orchestrator.component_orchestrator - INFO - Starting worker api-0 with shards [0, 1, 2, 3, 4, 5, 6, 7, 8, 9, 10, 11, 12, 13, 14, 15]
[2025-11-04 16:25:36] [STDERR] 2025-11-04 16:25:36,856 - gleitzeit.orchestrator.component_orchestrator - INFO - Stored config for api-0 at key: worker:config:api-0:042c91d9
[2025-11-04 16:25:36] [STDERR] 2025-11-04 16:25:36,862 - gleitzeit.orchestrator.component_orchestrator - WARNING - Worker ui-0 unhealthy, restarting
[2025-11-04 16:25:36] [STDERR] 2025-11-04 16:25:36,862 - gleitzeit.orchestrator.component_orchestrator - INFO - Restarting worker ui-0
[2025-11-04 16:25:36] [STDERR] 2025-11-04 16:25:36,862 - gleitzeit.orchestrator.component_orchestrator - INFO - Stopping worker ui-0
[2025-11-04 16:25:36] [STDERR] 2025-11-04 16:25:36,862 - gleitzeit.orchestrator.component_orchestrator - INFO - Starting worker ui-0 with shards [0, 1, 2, 3, 4, 5, 6, 7, 8, 9, 10, 11, 12, 13, 14, 15]
[2025-11-04 16:25:36] [STDERR] 2025-11-04 16:25:36,863 - gleitzeit.orchestrator.component_orchestrator - INFO - Stored config for ui-0 at key: worker:config:ui-0:53cdf5d2
[2025-11-04 16:25:37] [STDERR] 2025-11-04 16:25:37,045 - gleitzeit.orchestrator.component_orchestrator - INFO - [ui-0:stderr] 2025-11-04 16:25:37,045 - __main__ - INFO - Initialized worker instance identity: gleitzei-529d6f54
[2025-11-04 16:25:37] [STDERR] 2025-11-04 16:25:37,045 - gleitzeit.orchestrator.component_orchestrator - INFO - [api-0:stderr] 2025-11-04 16:25:37,045 - __main__ - INFO - Initialized worker instance identity: gleitzei-529d6f54
[2025-11-04 16:25:37] [STDERR] 2025-11-04 16:25:37,045 - gleitzeit.orchestrator.component_orchestrator - INFO - [ui-0:stderr] 2025-11-04 16:25:37,045 - __main__ - INFO - Loading configuration from Redis key: worker:config:ui-0:53cdf5d2
[2025-11-04 16:25:37] [STDERR] 2025-11-04 16:25:37,045 - gleitzeit.orchestrator.component_orchestrator - INFO - [api-0:stderr] 2025-11-04 16:25:37,045 - __main__ - INFO - Loading configuration from Redis key: worker:config:api-0:042c91d9
[2025-11-04 16:25:37] [STDERR] 2025-11-04 16:25:37,047 - gleitzeit.orchestrator.component_orchestrator - INFO - [api-0:stderr] 2025-11-04 16:25:37,047 - __main__ - INFO - Loaded config for worker api-0
[2025-11-04 16:25:37] [STDERR] 2025-11-04 16:25:37,047 - gleitzeit.orchestrator.component_orchestrator - INFO - [ui-0:stderr] 2025-11-04 16:25:37,047 - __main__ - INFO - Loaded config for worker ui-0
[2025-11-04 16:25:37] [STDERR] 2025-11-04 16:25:37,060 - gleitzeit.orchestrator.component_orchestrator - INFO - [ui-0:stderr] 2025-11-04 16:25:37,060 - __main__ - INFO - Worker ui-0 handler configs: ['python/v1', 'ollama/v1', 'http/v1', 'file/v1', 'timer/v1', 'signal/v1', 'workflow/v1']
[2025-11-04 16:25:37] [STDERR] 2025-11-04 16:25:37,060 - gleitzeit.orchestrator.component_orchestrator - INFO - [ui-0:stderr] 2025-11-04 16:25:37,060 - gleitzeit.core.redis_cluster - INFO - Redis single instance initialized at localhost:6379
[2025-11-04 16:25:37] [STDERR] 2025-11-04 16:25:37,060 - gleitzeit.orchestrator.component_orchestrator - ERROR - [ui-0:stderr] 2025-11-04 16:25:37,060 - ui.ui-0 - ERROR - Cannot start UI: Port 8004 is already in use. Either stop the existing service or use --ui-port to specify a different port.
[2025-11-04 16:25:37] [STDERR] 2025-11-04 16:25:37,061 - gleitzeit.orchestrator.component_orchestrator - ERROR - [ui-0:stderr] 2025-11-04 16:25:37,060 - __main__ - ERROR - Worker failed: Cannot start UI: Port 8004 is already in use. Either stop the existing service or use --ui-port to specify a different port.
[2025-11-04 16:25:37] [STDERR] 2025-11-04 16:25:37,061 - gleitzeit.orchestrator.component_orchestrator - INFO - [ui-0:stderr] Traceback (most recent call last):
[2025-11-04 16:25:37] [STDERR] 2025-11-04 16:25:37,061 - gleitzeit.orchestrator.component_orchestrator - INFO - [ui-0:stderr] File "/Users/leifmarkthaler/github/gleitzeit 0.0.7/src/gleitzeit/workers/runner.py", line 116, in run_worker
[2025-11-04 16:25:37] [STDERR] 2025-11-04 16:25:37,061 - gleitzeit.orchestrator.component_orchestrator - INFO - [ui-0:stderr] await worker.initialize()
[2025-11-04 16:25:37] [STDERR] 2025-11-04 16:25:37,061 - gleitzeit.orchestrator.component_orchestrator - INFO - [api-0:stderr] 2025-11-04 16:25:37,061 - __main__ - INFO - Worker api-0 handler configs: ['python/v1', 'ollama/v1', 'http/v1', 'file/v1', 'timer/v1', 'signal/v1', 'workflow/v1']
[2025-11-04 16:25:37] [STDERR] 2025-11-04 16:25:37,061 - gleitzeit.orchestrator.component_orchestrator - INFO - [ui-0:stderr] File "/Users/leifmarkthaler/github/gleitzeit 0.0.7/src/gleitzeit/workers/base.py", line 113, in initialize
[2025-11-04 16:25:37] [STDERR] 2025-11-04 16:25:37,062 - gleitzeit.orchestrator.component_orchestrator - INFO - [ui-0:stderr] await self.on_initialize()
[2025-11-04 16:25:37] [STDERR] 2025-11-04 16:25:37,062 - gleitzeit.orchestrator.component_orchestrator - INFO - [api-0:stderr] 2025-11-04 16:25:37,061 - gleitzeit.core.redis_cluster - INFO - Redis single instance initialized at localhost:6379
[2025-11-04 16:25:37] [STDERR] 2025-11-04 16:25:37,062 - gleitzeit.orchestrator.component_orchestrator - INFO - [ui-0:stderr] File "/Users/leifmarkthaler/github/gleitzeit 0.0.7/src/gleitzeit/workers/ui_worker.py", line 46, in on_initialize
[2025-11-04 16:25:37] [STDERR] 2025-11-04 16:25:37,062 - gleitzeit.orchestrator.component_orchestrator - ERROR - [api-0:stderr] 2025-11-04 16:25:37,061 - api.api-0 - ERROR - Cannot start API: Port 8000 is already in use. Either stop the existing service or use --api-port to specify a different port.
[2025-11-04 16:25:37] [STDERR] 2025-11-04 16:25:37,062 - gleitzeit.orchestrator.component_orchestrator - INFO - [ui-0:stderr] raise RuntimeError(error_msg)
[2025-11-04 16:25:37] [STDERR] 2025-11-04 16:25:37,062 - gleitzeit.orchestrator.component_orchestrator - INFO - [ui-0:stderr] RuntimeError: Cannot start UI: Port 8004 is already in use. Either stop the existing service or use --ui-port to specify a different port.
[2025-11-04 16:25:37] [STDERR] 2025-11-04 16:25:37,062 - gleitzeit.orchestrator.component_orchestrator - ERROR - [api-0:stderr] 2025-11-04 16:25:37,061 - __main__ - ERROR - Worker failed: Cannot start API: Port 8000 is already in use. Either stop the existing service or use --api-port to specify a different port.
[2025-11-04 16:25:37] [STDERR] 2025-11-04 16:25:37,062 - gleitzeit.orchestrator.component_orchestrator - INFO - [api-0:stderr] Traceback (most recent call last):
[2025-11-04 16:25:37] [STDERR] 2025-11-04 16:25:37,063 - gleitzeit.orchestrator.component_orchestrator - INFO - [api-0:stderr] File "/Users/leifmarkthaler/github/gleitzeit 0.0.7/src/gleitzeit/workers/runner.py", line 116, in run_worker
[2025-11-04 16:25:37] [STDERR] 2025-11-04 16:25:37,063 - gleitzeit.orchestrator.component_orchestrator - INFO - [api-0:stderr] await worker.initialize()
[2025-11-04 16:25:37] [STDERR] 2025-11-04 16:25:37,063 - gleitzeit.orchestrator.component_orchestrator - INFO - [api-0:stderr] File "/Users/leifmarkthaler/github/gleitzeit 0.0.7/src/gleitzeit/workers/base.py", line 113, in initialize
[2025-11-04 16:25:37] [STDERR] 2025-11-04 16:25:37,063 - gleitzeit.orchestrator.component_orchestrator - INFO - [api-0:stderr] await self.on_initialize()
[2025-11-04 16:25:37] [STDERR] 2025-11-04 16:25:37,063 - gleitzeit.orchestrator.component_orchestrator - INFO - [api-0:stderr] File "/Users/leifmarkthaler/github/gleitzeit 0.0.7/src/gleitzeit/workers/api_worker.py", line 45, in on_initialize
[2025-11-04 16:25:37] [STDERR] 2025-11-04 16:25:37,063 - gleitzeit.orchestrator.component_orchestrator - INFO - [api-0:stderr] raise RuntimeError(error_msg)
[2025-11-04 16:25:37] [STDERR] 2025-11-04 16:25:37,063 - gleitzeit.orchestrator.component_orchestrator - INFO - [api-0:stderr] RuntimeError: Cannot start API: Port 8000 is already in use. Either stop the existing service or use --api-port to specify a different port.
[2025-11-04 16:25:37] [STDERR] 2025-11-04 16:25:37,883 - gleitzeit.orchestrator.component_orchestrator - INFO - [signal-0:stderr] 2025-11-04 16:25:37,883 - gleitzeit.workers.signal_worker - INFO - Signal processing loop iteration 1100
[2025-11-04 16:25:47] [STDERR] 2025-11-04 16:25:47,905 - gleitzeit.orchestrator.component_orchestrator - INFO - [signal-0:stderr] 2025-11-04 16:25:47,905 - gleitzeit.workers.signal_worker - INFO - Signal processing loop iteration 1120
[2025-11-04 16:25:57] [STDERR] 2025-11-04 16:25:57,926 - gleitzeit.orchestrator.component_orchestrator - INFO - [signal-0:stderr] 2025-11-04 16:25:57,926 - gleitzeit.workers.signal_worker - INFO - Signal processing loop iteration 1140
[2025-11-04 16:26:05] [STDERR] 2025-11-04 16:26:05,542 - gleitzeit.orchestrator.component_orchestrator - INFO - [task_execution-1:stderr] 2025-11-04 16:26:05,541 - gleitzeit.workers.task_execution_worker - INFO - Processing task cc40ebcb-817d-4477-a0be-901a911871b3 from workflow ecc6fecc-6c78-48cd-a99e-971154e142c4
[2025-11-04 16:26:05] [STDERR] 2025-11-04 16:26:05,546 - gleitzeit.orchestrator.component_orchestrator - INFO - [task_execution-1:stderr] 2025-11-04 16:26:05,546 - gleitzeit.workers.task_execution_worker - INFO - Executing task cc40ebcb-817d-4477-a0be-901a911871b3 with handler PythonHandler
[2025-11-04 16:26:05] [STDERR] 2025-11-04 16:26:05,609 - gleitzeit.orchestrator.component_orchestrator - INFO - [task_execution-1:stderr] 2025-11-04 16:26:05,609 - gleitzeit.workers.task_execution_worker - INFO - Task cc40ebcb-817d-4477-a0be-901a911871b3 completed successfully by handler 000a828f-7964-4fa0-b9d0-e539ac0c9860
[2025-11-04 16:26:05] [STDERR] 2025-11-04 16:26:05,610 - gleitzeit.orchestrator.component_orchestrator - INFO - [dependency-0:stderr] 2025-11-04 16:26:05,609 - gleitzeit.workers.dependency_worker - INFO - Processing task completion: cc40ebcb-817d-4477-a0be-901a911871b3 from workflow ecc6fecc-6c78-48cd-a99e-971154e142c4
[2025-11-04 16:26:05] [STDERR] 2025-11-04 16:26:05,612 - gleitzeit.orchestrator.component_orchestrator - INFO - [dependency-0:stderr] 2025-11-04 16:26:05,612 - gleitzeit.workers.dependency_worker - INFO - Workflow ecc6fecc-6c78-48cd-a99e-971154e142c4 completed successfully!
[2025-11-04 16:26:07] [STDERR] 2025-11-04 16:26:07,987 - gleitzeit.orchestrator.component_orchestrator - INFO - [signal-0:stderr] 2025-11-04 16:26:07,986 - gleitzeit.workers.signal_worker - INFO - Signal processing loop iteration 1160
[2025-11-04 16:26:16] [STDERR] 2025-11-04 16:26:16,879 - gleitzeit.orchestrator.component_orchestrator - WARNING - Worker api-0 unhealthy, restarting
[2025-11-04 16:26:16] [STDERR] 2025-11-04 16:26:16,879 - gleitzeit.orchestrator.component_orchestrator - INFO - Restarting worker api-0
[2025-11-04 16:26:16] [STDERR] 2025-11-04 16:26:16,879 - gleitzeit.orchestrator.component_orchestrator - INFO - Stopping worker api-0
[2025-11-04 16:26:16] [STDERR] 2025-11-04 16:26:16,880 - gleitzeit.orchestrator.component_orchestrator - INFO - Starting worker api-0 with shards [0, 1, 2, 3, 4, 5, 6, 7, 8, 9, 10, 11, 12, 13, 14, 15]
[2025-11-04 16:26:16] [STDERR] 2025-11-04 16:26:16,880 - gleitzeit.orchestrator.component_orchestrator - INFO - Stored config for api-0 at key: worker:config:api-0:19ba7d3a
[2025-11-04 16:26:16] [STDERR] 2025-11-04 16:26:16,884 - gleitzeit.orchestrator.component_orchestrator - WARNING - Worker ui-0 unhealthy, restarting
[2025-11-04 16:26:16] [STDERR] 2025-11-04 16:26:16,885 - gleitzeit.orchestrator.component_orchestrator - INFO - Restarting worker ui-0
[2025-11-04 16:26:16] [STDERR] 2025-11-04 16:26:16,885 - gleitzeit.orchestrator.component_orchestrator - INFO - Stopping worker ui-0
[2025-11-04 16:26:16] [STDERR] 2025-11-04 16:26:16,885 - gleitzeit.orchestrator.component_orchestrator - INFO - Starting worker ui-0 with shards [0, 1, 2, 3, 4, 5, 6, 7, 8, 9, 10, 11, 12, 13, 14, 15]
[2025-11-04 16:26:16] [STDERR] 2025-11-04 16:26:16,886 - gleitzeit.orchestrator.component_orchestrator - INFO - Stored config for ui-0 at key: worker:config:ui-0:4033d44e
[2025-11-04 16:26:17] [STDERR] 2025-11-04 16:26:17,161 - gleitzeit.orchestrator.component_orchestrator - INFO - [api-0:stderr] 2025-11-04 16:26:17,160 - __main__ - INFO - Initialized worker instance identity: gleitzei-529d6f54
[2025-11-04 16:26:17] [STDERR] 2025-11-04 16:26:17,161 - gleitzeit.orchestrator.component_orchestrator - INFO - [ui-0:stderr] 2025-11-04 16:26:17,160 - __main__ - INFO - Initialized worker instance identity: gleitzei-529d6f54
[2025-11-04 16:26:17] [STDERR] 2025-11-04 16:26:17,161 - gleitzeit.orchestrator.component_orchestrator - INFO - [api-0:stderr] 2025-11-04 16:26:17,161 - __main__ - INFO - Loading configuration from Redis key: worker:config:api-0:19ba7d3a
[2025-11-04 16:26:17] [STDERR] 2025-11-04 16:26:17,161 - gleitzeit.orchestrator.component_orchestrator - INFO - [ui-0:stderr] 2025-11-04 16:26:17,161 - __main__ - INFO - Loading configuration from Redis key: worker:config:ui-0:4033d44e
[2025-11-04 16:26:17] [STDERR] 2025-11-04 16:26:17,163 - gleitzeit.orchestrator.component_orchestrator - INFO - [ui-0:stderr] 2025-11-04 16:26:17,163 - __main__ - INFO - Loaded config for worker ui-0
[2025-11-04 16:26:17] [STDERR] 2025-11-04 16:26:17,163 - gleitzeit.orchestrator.component_orchestrator - INFO - [api-0:stderr] 2025-11-04 16:26:17,163 - __main__ - INFO - Loaded config for worker api-0
[2025-11-04 16:26:17] [STDERR] 2025-11-04 16:26:17,189 - gleitzeit.orchestrator.component_orchestrator - INFO - [ui-0:stderr] 2025-11-04 16:26:17,189 - __main__ - INFO - Worker ui-0 handler configs: ['python/v1', 'ollama/v1', 'http/v1', 'file/v1', 'timer/v1', 'signal/v1', 'workflow/v1']
[2025-11-04 16:26:17] [STDERR] 2025-11-04 16:26:17,189 - gleitzeit.orchestrator.component_orchestrator - INFO - [api-0:stderr] 2025-11-04 16:26:17,189 - __main__ - INFO - Worker api-0 handler configs: ['python/v1', 'ollama/v1', 'http/v1', 'file/v1', 'timer/v1', 'signal/v1', 'workflow/v1']
[2025-11-04 16:26:17] [STDERR] 2025-11-04 16:26:17,189 - gleitzeit.orchestrator.component_orchestrator - INFO - [ui-0:stderr] 2025-11-04 16:26:17,189 - gleitzeit.core.redis_cluster - INFO - Redis single instance initialized at localhost:6379
[2025-11-04 16:26:17] [STDERR] 2025-11-04 16:26:17,189 - gleitzeit.orchestrator.component_orchestrator - INFO - [api-0:stderr] 2025-11-04 16:26:17,189 - gleitzeit.core.redis_cluster - INFO - Redis single instance initialized at localhost:6379
[2025-11-04 16:26:17] [STDERR] 2025-11-04 16:26:17,190 - gleitzeit.orchestrator.component_orchestrator - ERROR - [ui-0:stderr] 2025-11-04 16:26:17,189 - ui.ui-0 - ERROR - Cannot start UI: Port 8004 is already in use. Either stop the existing service or use --ui-port to specify a different port.
[2025-11-04 16:26:17] [STDERR] 2025-11-04 16:26:17,190 - gleitzeit.orchestrator.component_orchestrator - ERROR - [api-0:stderr] 2025-11-04 16:26:17,189 - api.api-0 - ERROR - Cannot start API: Port 8000 is already in use. Either stop the existing service or use --api-port to specify a different port.
[2025-11-04 16:26:17] [STDERR] 2025-11-04 16:26:17,191 - gleitzeit.orchestrator.component_orchestrator - ERROR - [api-0:stderr] 2025-11-04 16:26:17,189 - __main__ - ERROR - Worker failed: Cannot start API: Port 8000 is already in use. Either stop the existing service or use --api-port to specify a different port.
[2025-11-04 16:26:17] [STDERR] 2025-11-04 16:26:17,191 - gleitzeit.orchestrator.component_orchestrator - INFO - [api-0:stderr] Traceback (most recent call last):
[2025-11-04 16:26:17] [STDERR] 2025-11-04 16:26:17,191 - gleitzeit.orchestrator.component_orchestrator - INFO - [api-0:stderr] File "/Users/leifmarkthaler/github/gleitzeit 0.0.7/src/gleitzeit/workers/runner.py", line 116, in run_worker
[2025-11-04 16:26:17] [STDERR] 2025-11-04 16:26:17,191 - gleitzeit.orchestrator.component_orchestrator - ERROR - [ui-0:stderr] 2025-11-04 16:26:17,189 - __main__ - ERROR - Worker failed: Cannot start UI: Port 8004 is already in use. Either stop the existing service or use --ui-port to specify a different port.
[2025-11-04 16:26:17] [STDERR] 2025-11-04 16:26:17,191 - gleitzeit.orchestrator.component_orchestrator - INFO - [api-0:stderr] await worker.initialize()
[2025-11-04 16:26:17] [STDERR] 2025-11-04 16:26:17,191 - gleitzeit.orchestrator.component_orchestrator - INFO - [ui-0:stderr] Traceback (most recent call last):
[2025-11-04 16:26:17] [STDERR] 2025-11-04 16:26:17,191 - gleitzeit.orchestrator.component_orchestrator - INFO - [api-0:stderr] File "/Users/leifmarkthaler/github/gleitzeit 0.0.7/src/gleitzeit/workers/base.py", line 113, in initialize
[2025-11-04 16:26:17] [STDERR] 2025-11-04 16:26:17,191 - gleitzeit.orchestrator.component_orchestrator - INFO - [ui-0:stderr] File "/Users/leifmarkthaler/github/gleitzeit 0.0.7/src/gleitzeit/workers/runner.py", line 116, in run_worker
[2025-11-04 16:26:17] [STDERR] 2025-11-04 16:26:17,192 - gleitzeit.orchestrator.component_orchestrator - INFO - [api-0:stderr] await self.on_initialize()
[2025-11-04 16:26:17] [STDERR] 2025-11-04 16:26:17,192 - gleitzeit.orchestrator.component_orchestrator - INFO - [ui-0:stderr] await worker.initialize()
[2025-11-04 16:26:17] [STDERR] 2025-11-04 16:26:17,192 - gleitzeit.orchestrator.component_orchestrator - INFO - [api-0:stderr] File "/Users/leifmarkthaler/github/gleitzeit 0.0.7/src/gleitzeit/workers/api_worker.py", line 45, in on_initialize
[2025-11-04 16:26:17] [STDERR] 2025-11-04 16:26:17,192 - gleitzeit.orchestrator.component_orchestrator - INFO - [ui-0:stderr] File "/Users/leifmarkthaler/github/gleitzeit 0.0.7/src/gleitzeit/workers/base.py", line 113, in initialize
[2025-11-04 16:26:17] [STDERR] 2025-11-04 16:26:17,192 - gleitzeit.orchestrator.component_orchestrator - INFO - [api-0:stderr] raise RuntimeError(error_msg)
[2025-11-04 16:26:17] [STDERR] 2025-11-04 16:26:17,192 - gleitzeit.orchestrator.component_orchestrator - INFO - [ui-0:stderr] await self.on_initialize()
[2025-11-04 16:26:17] [STDERR] 2025-11-04 16:26:17,192 - gleitzeit.orchestrator.component_orchestrator - INFO - [api-0:stderr] RuntimeError: Cannot start API: Port 8000 is already in use. Either stop the existing service or use --api-port to specify a different port.
[2025-11-04 16:26:17] [STDERR] 2025-11-04 16:26:17,192 - gleitzeit.orchestrator.component_orchestrator - INFO - [ui-0:stderr] File "/Users/leifmarkthaler/github/gleitzeit 0.0.7/src/gleitzeit/workers/ui_worker.py", line 46, in on_initialize
[2025-11-04 16:26:17] [STDERR] 2025-11-04 16:26:17,192 - gleitzeit.orchestrator.component_orchestrator - INFO - [ui-0:stderr] raise RuntimeError(error_msg)
[2025-11-04 16:26:17] [STDERR] 2025-11-04 16:26:17,193 - gleitzeit.orchestrator.component_orchestrator - INFO - [ui-0:stderr] RuntimeError: Cannot start UI: Port 8004 is already in use. Either stop the existing service or use --ui-port to specify a different port.
[2025-11-04 16:26:18] [STDERR] 2025-11-04 16:26:18,009 - gleitzeit.orchestrator.component_orchestrator - INFO - [signal-0:stderr] 2025-11-04 16:26:18,009 - gleitzeit.workers.signal_worker - INFO - Signal processing loop iteration 1180
[2025-11-04 16:26:28] [STDERR] 2025-11-04 16:26:28,057 - gleitzeit.orchestrator.component_orchestrator - INFO - [signal-0:stderr] 2025-11-04 16:26:28,057 - gleitzeit.workers.signal_worker - INFO - Signal processing loop iteration 1200
[2025-11-04 16:26:38] [STDERR] 2025-11-04 16:26:38,129 - gleitzeit.orchestrator.component_orchestrator - INFO - [signal-0:stderr] 2025-11-04 16:26:38,129 - gleitzeit.workers.signal_worker - INFO - Signal processing loop iteration 1220
[2025-11-04 16:26:42] [STDERR] 2025-11-04 16:26:42,308 - gleitzeit.orchestrator.component_orchestrator - INFO - [task_execution-0:stderr] 2025-11-04 16:26:42,308 - gleitzeit.workers.task_execution_worker - INFO - Processing task 395c4c45-b675-4c67-b325-02d9b8d02bcd from workflow 18c522d6-3eea-4d52-935e-93381d62aa80
[2025-11-04 16:26:42] [STDERR] 2025-11-04 16:26:42,311 - gleitzeit.orchestrator.component_orchestrator - INFO - [task_execution-0:stderr] 2025-11-04 16:26:42,311 - gleitzeit.workers.task_execution_worker - INFO - Executing task 395c4c45-b675-4c67-b325-02d9b8d02bcd with handler PythonHandler
[2025-11-04 16:26:42] [STDERR] 2025-11-04 16:26:42,369 - gleitzeit.orchestrator.component_orchestrator - INFO - [task_execution-0:stderr] 2025-11-04 16:26:42,369 - gleitzeit.workers.task_execution_worker - INFO - Task 395c4c45-b675-4c67-b325-02d9b8d02bcd completed successfully by handler 7db2dfc2-34a7-4b39-a5cf-849534039e4d
[2025-11-04 16:26:42] [STDERR] 2025-11-04 16:26:42,370 - gleitzeit.orchestrator.component_orchestrator - INFO - [dependency-0:stderr] 2025-11-04 16:26:42,369 - gleitzeit.workers.dependency_worker - INFO - Processing task completion: 395c4c45-b675-4c67-b325-02d9b8d02bcd from workflow 18c522d6-3eea-4d52-935e-93381d62aa80
[2025-11-04 16:26:42] [STDERR] 2025-11-04 16:26:42,373 - gleitzeit.orchestrator.component_orchestrator - INFO - [dependency-0:stderr] 2025-11-04 16:26:42,373 - gleitzeit.workers.dependency_worker - INFO - Workflow 18c522d6-3eea-4d52-935e-93381d62aa80 completed successfully!
[2025-11-04 16:26:43] [STDERR] 2025-11-04 16:26:43,319 - gleitzeit.orchestrator.component_orchestrator - INFO - [workflow_loader-0:stderr] 2025-11-04 16:26:43,319 - gleitzeit.workers.workflow_loader_worker_v2 - INFO - Loading workflow 7fa96e75-55a9-4dfa-867d-fdb22279389e from inline
[2025-11-04 16:26:43] [STDERR] 2025-11-04 16:26:43,321 - gleitzeit.orchestrator.component_orchestrator - INFO - [workflow_loader-0:stderr] 2025-11-04 16:26:43,320 - gleitzeit.workers.workflow_loader_worker_v2 - INFO - Raw workflow before transform: {
[2025-11-04 16:26:43] [STDERR] 2025-11-04 16:26:43,321 - gleitzeit.orchestrator.component_orchestrator - INFO - [workflow_loader-0:stderr] "name": "Data Pipeline",
[2025-11-04 16:26:43] [STDERR] 2025-11-04 16:26:43,321 - gleitzeit.orchestrator.component_orchestrator - INFO - [workflow_loader-0:stderr] "tasks": [
[2025-11-04 16:26:43] [STDERR] 2025-11-04 16:26:43,321 - gleitzeit.orchestrator.component_orchestrator - INFO - [workflow_loader-0:stderr] {
[2025-11-04 16:26:43] [STDERR] 2025-11-04 16:26:43,321 - gleitzeit.orchestrator.component_orchestrator - INFO - [workflow_loader-0:stderr] "id": "fetch_data",
[2025-11-04 16:26:43] [STDERR] 2025-11-04 16:26:43,321 - gleitzeit.orchestrator.component_orchestrator - INFO - [workflow_loader-0:stderr] "type": "python",
[2025-11-04 16:26:43] [STDERR] 2025-11-04 16:26:43,321 - gleitzeit.orchestrator.component_orchestrator - INFO - [workflow_loader-0:stderr] "params": {
[2025-11-04 16:26:43] [STDERR] 2025-11-04 16:26:43,322 - gleitzeit.orchestrator.component_orchestrator - INFO - [workflow_loader-0:stderr] "code": "\n# Simulate fetching data\ndata = [1, 2, 3, 4, 5]\nresult = {\"data\": data, \"count\": len(data)}\nprint(f\"Fetched {len(data)} items\")\n"
[2025-11-04 16:26:43] [STDERR] 2025-11-04 16:26:43,322 - gleitzeit.orchestrator.component_orchestrator - INFO - [workflow_loader-0:stderr] }
[2025-11-04 16:26:43] [STDERR] 2025-11-04 16:26:43,322 - gleitzeit.orchestrator.component_orchestrator - INFO - [workflow_loader-0:stderr] },
[2025-11-04 16:26:43] [STDERR] 2025-11-04 16:26:43,322 - gleitzeit.orchestrator.component_orchestrator - INFO - [workflow_loader-0:stderr] {
[2025-11-04 16:26:43] [STDERR] 2025-11-04 16:26:43,322 - gleitzeit.orchestrator.component_orchestrator - INFO - [workflow_loader-0:stderr] "id": "process_data",
[2025-11-04 16:26:43] [STDERR] 2025-11-04 16:26:43,322 - gleitzeit.orchestrator.component_orchestrator - INFO - [workflow_loader-0:stderr] "type": "python",
[2025-11-04 16:26:43] [STDERR] 2025-11-04 16:26:43,322 - gleitzeit.orchestrator.component_orchestrator - INFO - [workflow_loader-0:stderr] "depends_on": [
[2025-11-04 16:26:43] [STDERR] 2025-11-04 16:26:43,322 - gleitzeit.orchestrator.component_orchestrator - INFO - [workflow_loader-0:stderr] "fetch_data"
[2025-11-04 16:26:43] [STDERR] 2025-11-04 16:26:43,322 - gleitzeit.orchestrator.component_orchestrator - INFO - [workflow_loader-0:stderr] ],
[2025-11-04 16:26:43] [STDERR] 2025-11-04 16:26:43,322 - gleitzeit.orchestrator.component_orchestrator - INFO - [workflow_loader-0:stderr] "params": {
[2025-11-04 16:26:43] [STDERR] 2025-11-04 16:26:43,322 - gleitzeit.orchestrator.component_orchestrator - INFO - [workflow_loader-0:stderr] "code": "\n# Access previous task's result via dependencies\nfetch_result = dependencies.get(\"fetch_data\", {})\ndata = fetch_result.get(\"data\", [])\n\n# Process the data\nprocessed = [x * 2 for x in data]\nresult = {\"processed\": processed, \"sum\": sum(processed)}\nprint(f\"Processed {len(processed)} items, sum: {sum(processed)}\")\n"
[2025-11-04 16:26:43] [STDERR] 2025-11-04 16:26:43,323 - gleitzeit.orchestrator.component_orchestrator - INFO - [workflow_loader-0:stderr] }
[2025-11-04 16:26:43] [STDERR] 2025-11-04 16:26:43,323 - gleitzeit.orchestrator.component_orchestrator - INFO - [workflow_loader-0:stderr] },
[2025-11-04 16:26:43] [STDERR] 2025-11-04 16:26:43,323 - gleitzeit.orchestrator.component_orchestrator - INFO - [workflow_loader-0:stderr] {
[2025-11-04 16:26:43] [STDERR] 2025-11-04 16:26:43,323 - gleitzeit.orchestrator.component_orchestrator - INFO - [workflow_loader-0:stderr] "id": "save_results",
[2025-11-04 16:26:43] [STDERR] 2025-11-04 16:26:43,323 - gleitzeit.orchestrator.component_orchestrator - INFO - [workflow_loader-0:stderr] "type": "python",
[2025-11-04 16:26:43] [STDERR] 2025-11-04 16:26:43,323 - gleitzeit.orchestrator.component_orchestrator - INFO - [workflow_loader-0:stderr] "depends_on": [
[2025-11-04 16:26:43] [STDERR] 2025-11-04 16:26:43,323 - gleitzeit.orchestrator.component_orchestrator - INFO - [workflow_loader-0:stderr] "process_data"
[2025-11-04 16:26:43] [STDERR] 2025-11-04 16:26:43,323 - gleitzeit.orchestrator.component_orchestrator - INFO - [workflow_loader-0:stderr] ],
[2025-11-04 16:26:43] [STDERR] 2025-11-04 16:26:43,323 - gleitzeit.orchestrator.component_orchestrator - INFO - [workflow_loader-0:stderr] "params": {
[2025-11-04 16:26:43] [STDERR] 2025-11-04 16:26:43,324 - gleitzeit.orchestrator.component_orchestrator - INFO - [workflow_loader-0:stderr] "code": "\n# Access process_data result\nprocess_result = dependencies.get(\"process_data\", {})\nprint(f\"Saving results: {process_result}\")\nresult = {\"status\": \"saved\", \"data\": process_result}\n"
[2025-11-04 16:26:43] [STDERR] 2025-11-04 16:26:43,324 - gleitzeit.orchestrator.component_orchestrator - INFO - [workflow_loader-0:stderr] }
[2025-11-04 16:26:43] [STDERR] 2025-11-04 16:26:43,324 - gleitzeit.orchestrator.component_orchestrator - INFO - [workflow_loader-0:stderr] }
[2025-11-04 16:26:43] [STDERR] 2025-11-04 16:26:43,324 - gleitzeit.orchestrator.component_orchestrator - INFO - [workflow_loader-0:stderr] ],
[2025-11-04 16:26:43] [STDERR] 2025-11-04 16:26:43,324 - gleitzeit.orchestrator.component_orchestrator - INFO - [workflow_loader-0:stderr] "workflow_id": "7fa96e75-55a9-4dfa-867d-fdb22279389e"
[2025-11-04 16:26:43] [STDERR] 2025-11-04 16:26:43,324 - gleitzeit.orchestrator.component_orchestrator - INFO - [workflow_loader-0:stderr] }
[2025-11-04 16:26:43] [STDERR] 2025-11-04 16:26:43,324 - gleitzeit.orchestrator.component_orchestrator - INFO - [workflow_loader-0:stderr] 2025-11-04 16:26:43,321 - gleitzeit.workers.workflow_loader_worker_v2 - INFO - Workflow after transform: {
[2025-11-04 16:26:43] [STDERR] 2025-11-04 16:26:43,324 - gleitzeit.orchestrator.component_orchestrator - INFO - [workflow_loader-0:stderr] "id": "7fa96e75-55a9-4dfa-867d-fdb22279389e",
[2025-11-04 16:26:43] [STDERR] 2025-11-04 16:26:43,324 - gleitzeit.orchestrator.component_orchestrator - INFO - [workflow_loader-0:stderr] "name": "Data Pipeline",
[2025-11-04 16:26:43] [STDERR] 2025-11-04 16:26:43,325 - gleitzeit.orchestrator.component_orchestrator - INFO - [workflow_loader-0:stderr] "description": "",
[2025-11-04 16:26:43] [STDERR] 2025-11-04 16:26:43,325 - gleitzeit.orchestrator.component_orchestrator - INFO - [workflow_loader-0:stderr] "version": "1.0.0",
[2025-11-04 16:26:43] [STDERR] 2025-11-04 16:26:43,325 - gleitzeit.orchestrator.component_orchestrator - INFO - [workflow_loader-0:stderr] "created_at": "2025-11-04T15:26:43.320903",
[2025-11-04 16:26:43] [STDERR] 2025-11-04 16:26:43,325 - gleitzeit.orchestrator.component_orchestrator - INFO - [workflow_loader-0:stderr] "tasks": [
[2025-11-04 16:26:43] [STDERR] 2025-11-04 16:26:43,325 - gleitzeit.orchestrator.component_orchestrator - INFO - [workflow_loader-0:stderr] {
[2025-11-04 16:26:43] [STDERR] 2025-11-04 16:26:43,325 - gleitzeit.orchestrator.component_orchestrator - INFO - [workflow_loader-0:stderr] "id": "1e8c945b-6c6e-4e95-af05-e73d8baaeea4",
[2025-11-04 16:26:43] [STDERR] 2025-11-04 16:26:43,325 - gleitzeit.orchestrator.component_orchestrator - INFO - [workflow_loader-0:stderr] "workflow_id": "7fa96e75-55a9-4dfa-867d-fdb22279389e",
[2025-11-04 16:26:43] [STDERR] 2025-11-04 16:26:43,325 - gleitzeit.orchestrator.component_orchestrator - INFO - [workflow_loader-0:stderr] "name": "1e8c945b-6c6e-4e95-af05-e73d8baaeea4",
[2025-11-04 16:26:43] [STDERR] 2025-11-04 16:26:43,326 - gleitzeit.orchestrator.component_orchestrator - INFO - [workflow_loader-0:stderr] "description": "",
[2025-11-04 16:26:43] [STDERR] 2025-11-04 16:26:43,326 - gleitzeit.orchestrator.component_orchestrator - INFO - [workflow_loader-0:stderr] "protocol": "python/v1",
[2025-11-04 16:26:43] [STDERR] 2025-11-04 16:26:43,326 - gleitzeit.orchestrator.component_orchestrator - INFO - [workflow_loader-0:stderr] "method": "python/execute",
[2025-11-04 16:26:43] [STDERR] 2025-11-04 16:26:43,326 - gleitzeit.orchestrator.component_orchestrator - INFO - [workflow_loader-0:stderr] "params": {
[2025-11-04 16:26:43] [STDERR] 2025-11-04 16:26:43,326 - gleitzeit.orchestrator.component_orchestrator - INFO - [workflow_loader-0:stderr] "code": "\n# Simulate fetching data\ndata = [1, 2, 3, 4, 5]\nresult = {\"data\": data, \"count\": len(data)}\nprint(f\"Fetched {len(data)} items\")\n"
[2025-11-04 16:26:43] [STDERR] 2025-11-04 16:26:43,326 - gleitzeit.orchestrator.component_orchestrator - INFO - [workflow_loader-0:stderr] },
[2025-11-04 16:26:43] [STDERR] 2025-11-04 16:26:43,326 - gleitzeit.orchestrator.component_orchestrator - INFO - [workflow_loader-0:stderr] "dependencies": [],
[2025-11-04 16:26:43] [STDERR] 2025-11-04 16:26:43,326 - gleitzeit.orchestrator.component_orchestrator - INFO - [workflow_loader-0:stderr] "timeout": 300,
[2025-11-04 16:26:43] [STDERR] 2025-11-04 16:26:43,327 - gleitzeit.orchestrator.component_orchestrator - INFO - [workflow_loader-0:stderr] "retry": {
[2025-11-04 16:26:43] [STDERR] 2025-11-04 16:26:43,327 - gleitzeit.orchestrator.component_orchestrator - INFO - [workflow_loader-0:stderr] "max_retries": 2,
[2025-11-04 16:26:43] [STDERR] 2025-11-04 16:26:43,327 - gleitzeit.orchestrator.component_orchestrator - INFO - [workflow_loader-0:stderr] "strategy": "exponential_jitter",
[2025-11-04 16:26:43] [STDERR] 2025-11-04 16:26:43,327 - gleitzeit.orchestrator.component_orchestrator - INFO - [workflow_loader-0:stderr] "base_delay": 1.0,
[2025-11-04 16:26:43] [STDERR] 2025-11-04 16:26:43,327 - gleitzeit.orchestrator.component_orchestrator - INFO - [workflow_loader-0:stderr] "max_delay": 30.0,
[2025-11-04 16:26:43] [STDERR] 2025-11-04 16:26:43,327 - gleitzeit.orchestrator.component_orchestrator - INFO - [workflow_loader-0:stderr] "jitter": true,
[2025-11-04 16:26:43] [STDERR] 2025-11-04 16:26:43,327 - gleitzeit.orchestrator.component_orchestrator - INFO - [workflow_loader-0:stderr] "multiplier": 2.0
[2025-11-04 16:26:43] [STDERR] 2025-11-04 16:26:43,327 - gleitzeit.orchestrator.component_orchestrator - INFO - [workflow_loader-0:stderr] }
[2025-11-04 16:26:43] [STDERR] 2025-11-04 16:26:43,328 - gleitzeit.orchestrator.component_orchestrator - INFO - [workflow_loader-0:stderr] },
[2025-11-04 16:26:43] [STDERR] 2025-11-04 16:26:43,328 - gleitzeit.orchestrator.component_orchestrator - INFO - [workflow_loader-0:stderr] {
[2025-11-04 16:26:43] [STDERR] 2025-11-04 16:26:43,328 - gleitzeit.orchestrator.component_orchestrator - INFO - [workflow_loader-0:stderr] "id": "6f035b6a-4a3b-45e1-9ed0-f35801aa059d",
[2025-11-04 16:26:43] [STDERR] 2025-11-04 16:26:43,328 - gleitzeit.orchestrator.component_orchestrator - INFO - [workflow_loader-0:stderr] "workflow_id": "7fa96e75-55a9-4dfa-867d-fdb22279389e",
[2025-11-04 16:26:43] [STDERR] 2025-11-04 16:26:43,328 - gleitzeit.orchestrator.component_orchestrator - INFO - [workflow_loader-0:stderr] "name": "6f035b6a-4a3b-45e1-9ed0-f35801aa059d",
[2025-11-04 16:26:43] [STDERR] 2025-11-04 16:26:43,328 - gleitzeit.orchestrator.component_orchestrator - INFO - [workflow_loader-0:stderr] "description": "",
[2025-11-04 16:26:43] [STDERR] 2025-11-04 16:26:43,328 - gleitzeit.orchestrator.component_orchestrator - INFO - [workflow_loader-0:stderr] "protocol": "python/v1",
[2025-11-04 16:26:43] [STDERR] 2025-11-04 16:26:43,328 - gleitzeit.orchestrator.component_orchestrator - INFO - [workflow_loader-0:stderr] "method": "python/execute",
[2025-11-04 16:26:43] [STDERR] 2025-11-04 16:26:43,329 - gleitzeit.orchestrator.component_orchestrator - INFO - [workflow_loader-0:stderr] "params": {
[2025-11-04 16:26:43] [STDERR] 2025-11-04 16:26:43,329 - gleitzeit.orchestrator.component_orchestrator - INFO - [workflow_loader-0:stderr] "code": "\n# Access previous task's result via dependencies\nfetch_result = dependencies.get(\"fetch_data\", {})\ndata = fetch_result.get(\"data\", [])\n\n# Process the data\nprocessed = [x * 2 for x in data]\nresult = {\"processed\": processed, \"sum\": sum(processed)}\nprint(f\"Processed {len(processed)} items, sum: {sum(processed)}\")\n"
[2025-11-04 16:26:43] [STDERR] 2025-11-04 16:26:43,329 - gleitzeit.orchestrator.component_orchestrator - INFO - [workflow_loader-0:stderr] },
[2025-11-04 16:26:43] [STDERR] 2025-11-04 16:26:43,329 - gleitzeit.orchestrator.component_orchestrator - INFO - [workflow_loader-0:stderr] "dependencies": [
[2025-11-04 16:26:43] [STDERR] 2025-11-04 16:26:43,329 - gleitzeit.orchestrator.component_orchestrator - INFO - [workflow_loader-0:stderr] "1e8c945b-6c6e-4e95-af05-e73d8baaeea4"
[2025-11-04 16:26:43] [STDERR] 2025-11-04 16:26:43,329 - gleitzeit.orchestrator.component_orchestrator - INFO - [workflow_loader-0:stderr] ],
[2025-11-04 16:26:43] [STDERR] 2025-11-04 16:26:43,330 - gleitzeit.orchestrator.component_orchestrator - INFO - [workflow_loader-0:stderr] "timeout": 300,
[2025-11-04 16:26:43] [STDERR] 2025-11-04 16:26:43,330 - gleitzeit.orchestrator.component_orchestrator - INFO - [workflow_loader-0:stderr] "retry": {
[2025-11-04 16:26:43] [STDERR] 2025-11-04 16:26:43,330 - gleitzeit.orchestrator.component_orchestrator - INFO - [workflow_loader-0:stderr] "max_retries": 2,
[2025-11-04 16:26:43] [STDERR] 2025-11-04 16:26:43,330 - gleitzeit.orchestrator.component_orchestrator - INFO - [workflow_loader-0:stderr] "strategy": "exponential_jitter",
[2025-11-04 16:26:43] [STDERR] 2025-11-04 16:26:43,330 - gleitzeit.orchestrator.component_orchestrator - INFO - [workflow_loader-0:stderr] "base_delay": 1.0,
[2025-11-04 16:26:43] [STDERR] 2025-11-04 16:26:43,330 - gleitzeit.orchestrator.component_orchestrator - INFO - [workflow_loader-0:stderr] "max_delay": 30.0,
[2025-11-04 16:26:43] [STDERR] 2025-11-04 16:26:43,330 - gleitzeit.orchestrator.component_orchestrator - INFO - [workflow_loader-0:stderr] "jitter": true,
[2025-11-04 16:26:43] [STDERR] 2025-11-04 16:26:43,331 - gleitzeit.orchestrator.component_orchestrator - INFO - [workflow_loader-0:stderr] "multiplier": 2.0
[2025-11-04 16:26:43] [STDERR] 2025-11-04 16:26:43,331 - gleitzeit.orchestrator.component_orchestrator - INFO - [workflow_loader-0:stderr] }
[2025-11-04 16:26:43] [STDERR] 2025-11-04 16:26:43,331 - gleitzeit.orchestrator.component_orchestrator - INFO - [workflow_loader-0:stderr] },
[2025-11-04 16:26:43] [STDERR] 2025-11-04 16:26:43,331 - gleitzeit.orchestrator.component_orchestrator - INFO - [workflow_loader-0:stderr] {
[2025-11-04 16:26:43] [STDERR] 2025-11-04 16:26:43,331 - gleitzeit.orchestrator.component_orchestrator - INFO - [workflow_loader-0:stderr] "id": "d11819e1-c42c-4dcb-8e5c-d7bd2f57db9c",
[2025-11-04 16:26:43] [STDERR] 2025-11-04 16:26:43,331 - gleitzeit.orchestrator.component_orchestrator - INFO - [workflow_loader-0:stderr] "workflow_id": "7fa96e75-55a9-4dfa-867d-fdb22279389e",
[2025-11-04 16:26:43] [STDERR] 2025-11-04 16:26:43,331 - gleitzeit.orchestrator.component_orchestrator - INFO - [workflow_loader-0:stderr] "name": "d11819e1-c42c-4dcb-8e5c-d7bd2f57db9c",
[2025-11-04 16:26:43] [STDERR] 2025-11-04 16:26:43,331 - gleitzeit.orchestrator.component_orchestrator - INFO - [workflow_loader-0:stderr] "description": "",
[2025-11-04 16:26:43] [STDERR] 2025-11-04 16:26:43,331 - gleitzeit.orchestrator.component_orchestrator - INFO - [workflow_loader-0:stderr] "protocol": "python/v1",
[2025-11-04 16:26:43] [STDERR] 2025-11-04 16:26:43,331 - gleitzeit.orchestrator.component_orchestrator - INFO - [workflow_loader-0:stderr] "method": "python/execute",
[2025-11-04 16:26:43] [STDERR] 2025-11-04 16:26:43,332 - gleitzeit.orchestrator.component_orchestrator - INFO - [workflow_loader-0:stderr] "params": {
[2025-11-04 16:26:43] [STDERR] 2025-11-04 16:26:43,332 - gleitzeit.orchestrator.component_orchestrator - INFO - [workflow_loader-0:stderr] "code": "\n# Access process_data result\nprocess_result = dependencies.get(\"process_data\", {})\nprint(f\"Saving results: {process_result}\")\nresult = {\"status\": \"saved\", \"data\": process_result}\n"
[2025-11-04 16:26:43] [STDERR] 2025-11-04 16:26:43,332 - gleitzeit.orchestrator.component_orchestrator - INFO - [workflow_loader-0:stderr] },
[2025-11-04 16:26:43] [STDERR] 2025-11-04 16:26:43,332 - gleitzeit.orchestrator.component_orchestrator - INFO - [workflow_loader-0:stderr] "dependencies": [
[2025-11-04 16:26:43] [STDERR] 2025-11-04 16:26:43,332 - gleitzeit.orchestrator.component_orchestrator - INFO - [workflow_loader-0:stderr] "6f035b6a-4a3b-45e1-9ed0-f35801aa059d"
[2025-11-04 16:26:43] [STDERR] 2025-11-04 16:26:43,332 - gleitzeit.orchestrator.component_orchestrator - INFO - [workflow_loader-0:stderr] ],
[2025-11-04 16:26:43] [STDERR] 2025-11-04 16:26:43,332 - gleitzeit.orchestrator.component_orchestrator - INFO - [workflow_loader-0:stderr] "timeout": 300,
[2025-11-04 16:26:43] [STDERR] 2025-11-04 16:26:43,332 - gleitzeit.orchestrator.component_orchestrator - INFO - [workflow_loader-0:stderr] "retry": {
[2025-11-04 16:26:43] [STDERR] 2025-11-04 16:26:43,332 - gleitzeit.orchestrator.component_orchestrator - INFO - [workflow_loader-0:stderr] "max_retries": 2,
[2025-11-04 16:26:43] [STDERR] 2025-11-04 16:26:43,332 - gleitzeit.orchestrator.component_orchestrator - INFO - [workflow_loader-0:stderr] "strategy": "exponential_jitter",
[2025-11-04 16:26:43] [STDERR] 2025-11-04 16:26:43,332 - gleitzeit.orchestrator.component_orchestrator - INFO - [workflow_loader-0:stderr] "base_delay": 1.0,
[2025-11-04 16:26:43] [STDERR] 2025-11-04 16:26:43,333 - gleitzeit.orchestrator.component_orchestrator - INFO - [workflow_loader-0:stderr] "max_delay": 30.0,
[2025-11-04 16:26:43] [STDERR] 2025-11-04 16:26:43,333 - gleitzeit.orchestrator.component_orchestrator - INFO - [workflow_loader-0:stderr] "jitter": true,
[2025-11-04 16:26:43] [STDERR] 2025-11-04 16:26:43,333 - gleitzeit.orchestrator.component_orchestrator - INFO - [workflow_loader-0:stderr] "multiplier": 2.0
[2025-11-04 16:26:43] [STDERR] 2025-11-04 16:26:43,333 - gleitzeit.orchestrator.component_orchestrator - INFO - [workflow_loader-0:stderr] }
[2025-11-04 16:26:43] [STDERR] 2025-11-04 16:26:43,333 - gleitzeit.orchestrator.component_orchestrator - INFO - [workflow_loader-0:stderr] }
[2025-11-04 16:26:43] [STDERR] 2025-11-04 16:26:43,333 - gleitzeit.orchestrator.component_orchestrator - INFO - [workflow_loader-0:stderr] ]
[2025-11-04 16:26:43] [STDERR] 2025-11-04 16:26:43,333 - gleitzeit.orchestrator.component_orchestrator - INFO - [workflow_loader-0:stderr] }
[2025-11-04 16:26:43] [STDERR] 2025-11-04 16:26:43,333 - gleitzeit.orchestrator.component_orchestrator - INFO - [workflow_loader-0:stderr] 2025-11-04 16:26:43,325 - gleitzeit.workers.workflow_loader_worker_v2 - INFO - Workflow 7fa96e75-55a9-4dfa-867d-fdb22279389e loaded and submitted to shard 14 with indexes
[2025-11-04 16:26:43] [STDERR] 2025-11-04 16:26:43,334 - gleitzeit.orchestrator.component_orchestrator - INFO - [dependency-0:stderr] 2025-11-04 16:26:43,334 - gleitzeit.workers.dependency_worker - INFO - Processing task completion: 1e8c945b-6c6e-4e95-af05-e73d8baaeea4 from workflow 7fa96e75-55a9-4dfa-867d-fdb22279389e
[2025-11-04 16:26:43] [STDERR] 2025-11-04 16:26:43,339 - gleitzeit.orchestrator.component_orchestrator - INFO - [dependency-0:stderr] 2025-11-04 16:26:43,339 - gleitzeit.workers.dependency_worker - INFO - Emitted ready task 6f035b6a-4a3b-45e1-9ed0-f35801aa059d to shard 14
[2025-11-04 16:26:43] [STDERR] 2025-11-04 16:26:43,339 - gleitzeit.orchestrator.component_orchestrator - INFO - [task_execution-0:stderr] 2025-11-04 16:26:43,339 - gleitzeit.workers.task_execution_worker - INFO - Processing task 6f035b6a-4a3b-45e1-9ed0-f35801aa059d from workflow 7fa96e75-55a9-4dfa-867d-fdb22279389e
[2025-11-04 16:26:43] [STDERR] 2025-11-04 16:26:43,340 - gleitzeit.orchestrator.component_orchestrator - WARNING - [dependency-0:stderr] 2025-11-04 16:26:43,340 - gleitzeit.workers.dependency_worker - WARNING - Workflow 7fa96e75-55a9-4dfa-867d-fdb22279389e not found
[2025-11-04 16:26:43] [STDERR] 2025-11-04 16:26:43,340 - gleitzeit.orchestrator.component_orchestrator - INFO - [dependency-0:stderr] 2025-11-04 16:26:43,340 - gleitzeit.workers.dependency_worker - INFO - Transitioning workflow 7fa96e75-55a9-4dfa-867d-fdb22279389e from running to pending (task counts: {'completed': 0, 'failed': 0, 'scheduled': 0, 'waiting': 0, 'pending': 0, 'cancelled': 0, 'paused': 0})
[2025-11-04 16:26:43] [STDERR] 2025-11-04 16:26:43,341 - gleitzeit.orchestrator.component_orchestrator - INFO - [task_execution-0:stderr] 2025-11-04 16:26:43,341 - gleitzeit.workers.task_execution_worker - INFO - Executing task 6f035b6a-4a3b-45e1-9ed0-f35801aa059d with handler PythonHandler
[2025-11-04 16:26:43] [STDERR] 2025-11-04 16:26:43,344 - gleitzeit.orchestrator.component_orchestrator - ERROR - [task_execution-0:stderr] 2025-11-04 16:26:43,344 - gleitzeit.workers.task_execution_worker - ERROR - Task 6f035b6a-4a3b-45e1-9ed0-f35801aa059d failed: [TASK_EXECUTION_FAILED] Python execution failed: name 'dependencies' is not defined
[2025-11-04 16:26:43] [STDERR] 2025-11-04 16:26:43,347 - gleitzeit.orchestrator.component_orchestrator - INFO - [task_execution-0:stderr] 2025-11-04 16:26:43,347 - gleitzeit.workers.task_execution_worker - INFO - Emitted task failure to RetryWorker for 6f035b6a-4a3b-45e1-9ed0-f35801aa059d
[2025-11-04 16:26:43] [STDERR] 2025-11-04 16:26:43,348 - gleitzeit.orchestrator.component_orchestrator - INFO - [retry-0:stderr] 2025-11-04 16:26:43,348 - gleitzeit.workers.retry_worker - INFO - Retry decision for 6f035b6a-4a3b-45e1-9ed0-f35801aa059d: skip (attempt 0)
[2025-11-04 16:26:43] [STDERR] 2025-11-04 16:26:43,350 - gleitzeit.orchestrator.component_orchestrator - WARNING - [retry-0:stderr] 2025-11-04 16:26:43,349 - gleitzeit.workers.retry_worker - WARNING - Task 6f035b6a-4a3b-45e1-9ed0-f35801aa059d permanently failed: skip ({'reason': 'non_retryable_error'})
[2025-11-04 16:26:44] [STDERR] 2025-11-04 16:26:44,343 - gleitzeit.orchestrator.component_orchestrator - INFO - [dependency-0:stderr] 2025-11-04 16:26:44,343 - gleitzeit.workers.dependency_worker - INFO - Processing workflow submission: d8bdd45a-3264-444f-8c34-019f7deb4c29
[2025-11-04 16:26:44] [STDERR] 2025-11-04 16:26:44,348 - gleitzeit.orchestrator.component_orchestrator - INFO - [dependency-0:stderr] 2025-11-04 16:26:44,348 - gleitzeit.workers.dependency_worker - INFO - Emitted initial task 57430522-1d6e-4ea5-a11d-cfcdc10d0c82 to shard 4
[2025-11-04 16:26:44] [STDERR] 2025-11-04 16:26:44,349 - gleitzeit.orchestrator.component_orchestrator - INFO - [dependency-0:stderr] 2025-11-04 16:26:44,348 - gleitzeit.workers.dependency_worker - INFO - Emitted initial task b8e917e0-9145-4879-b79f-c68068465499 to shard 4
[2025-11-04 16:26:44] [STDERR] 2025-11-04 16:26:44,349 - gleitzeit.orchestrator.component_orchestrator - INFO - [task_execution-0:stderr] 2025-11-04 16:26:44,349 - gleitzeit.workers.task_execution_worker - INFO - Processing task b8e917e0-9145-4879-b79f-c68068465499 from workflow d8bdd45a-3264-444f-8c34-019f7deb4c29
[2025-11-04 16:26:44] [STDERR] 2025-11-04 16:26:44,349 - gleitzeit.orchestrator.component_orchestrator - INFO - [dependency-0:stderr] 2025-11-04 16:26:44,349 - gleitzeit.workers.dependency_worker - INFO - Emitted initial task a81c377b-07db-41d4-a383-28386ce1f92a to shard 4
[2025-11-04 16:26:44] [STDERR] 2025-11-04 16:26:44,352 - gleitzeit.orchestrator.component_orchestrator - INFO - [task_execution-0:stderr] 2025-11-04 16:26:44,352 - gleitzeit.workers.task_execution_worker - INFO - Executing task b8e917e0-9145-4879-b79f-c68068465499 with handler PythonHandler
[2025-11-04 16:26:45] [STDERR] 2025-11-04 16:26:45,361 - gleitzeit.orchestrator.component_orchestrator - INFO - [task_execution-0:stderr] 2025-11-04 16:26:45,360 - gleitzeit.workers.task_execution_worker - INFO - Task b8e917e0-9145-4879-b79f-c68068465499 completed successfully by handler 7db2dfc2-34a7-4b39-a5cf-849534039e4d
[2025-11-04 16:26:45] [STDERR] 2025-11-04 16:26:45,361 - gleitzeit.orchestrator.component_orchestrator - INFO - [dependency-0:stderr] 2025-11-04 16:26:45,361 - gleitzeit.workers.dependency_worker - INFO - Processing task completion: 57430522-1d6e-4ea5-a11d-cfcdc10d0c82 from workflow d8bdd45a-3264-444f-8c34-019f7deb4c29
[2025-11-04 16:26:45] [STDERR] 2025-11-04 16:26:45,364 - gleitzeit.orchestrator.component_orchestrator - WARNING - [dependency-0:stderr] 2025-11-04 16:26:45,363 - gleitzeit.workers.dependency_worker - WARNING - Workflow d8bdd45a-3264-444f-8c34-019f7deb4c29 not found
[2025-11-04 16:26:46] [STDERR] 2025-11-04 16:26:46,380 - gleitzeit.orchestrator.component_orchestrator - INFO - [task_execution-0:stderr] 2025-11-04 16:26:46,379 - gleitzeit.workers.task_execution_worker - INFO - Processing task cbacaa90-9c98-4cb5-a31a-d12b094855be from workflow d8bdd45a-3264-444f-8c34-019f7deb4c29
[2025-11-04 16:26:46] [STDERR] 2025-11-04 16:26:46,382 - gleitzeit.orchestrator.component_orchestrator - INFO - [task_execution-0:stderr] 2025-11-04 16:26:46,382 - gleitzeit.workers.task_execution_worker - INFO - Executing task cbacaa90-9c98-4cb5-a31a-d12b094855be with handler PythonHandler
[2025-11-04 16:26:46] [STDERR] 2025-11-04 16:26:46,383 - gleitzeit.orchestrator.component_orchestrator - ERROR - [task_execution-0:stderr] 2025-11-04 16:26:46,383 - gleitzeit.workers.task_execution_worker - ERROR - Task cbacaa90-9c98-4cb5-a31a-d12b094855be failed: [TASK_EXECUTION_FAILED] Python execution failed: name 'dependencies' is not defined
[2025-11-04 16:26:46] [STDERR] 2025-11-04 16:26:46,385 - gleitzeit.orchestrator.component_orchestrator - INFO - [task_execution-0:stderr] 2025-11-04 16:26:46,385 - gleitzeit.workers.task_execution_worker - INFO - Emitted task failure to RetryWorker for cbacaa90-9c98-4cb5-a31a-d12b094855be
[2025-11-04 16:26:46] [STDERR] 2025-11-04 16:26:46,385 - gleitzeit.orchestrator.component_orchestrator - INFO - [dependency-0:stderr] 2025-11-04 16:26:46,385 - gleitzeit.workers.dependency_worker - INFO - Processing task failure: cbacaa90-9c98-4cb5-a31a-d12b094855be from workflow d8bdd45a-3264-444f-8c34-019f7deb4c29
[2025-11-04 16:26:46] [STDERR] 2025-11-04 16:26:46,386 - gleitzeit.orchestrator.component_orchestrator - WARNING - [dependency-0:stderr] 2025-11-04 16:26:46,386 - gleitzeit.workers.dependency_worker - WARNING - Task cbacaa90-9c98-4cb5-a31a-d12b094855be failed - applying HARD FAIL policy for workflow d8bdd45a-3264-444f-8c34-019f7deb4c29
[2025-11-04 16:26:46] [STDERR] 2025-11-04 16:26:46,386 - gleitzeit.orchestrator.component_orchestrator - INFO - [dependency-0:stderr] 2025-11-04 16:26:46,386 - gleitzeit.workers.dependency_worker - INFO - Workflow d8bdd45a-3264-444f-8c34-019f7deb4c29 marked as FAILED due to task cbacaa90-9c98-4cb5-a31a-d12b094855be failure (hard fail policy)
[2025-11-04 16:26:48] [STDERR] 2025-11-04 16:26:48,157 - gleitzeit.orchestrator.component_orchestrator - INFO - [signal-0:stderr] 2025-11-04 16:26:48,156 - gleitzeit.workers.signal_worker - INFO - Signal processing loop iteration 1240
[2025-11-04 16:26:56] [STDERR] 2025-11-04 16:26:56,949 - gleitzeit.orchestrator.component_orchestrator - WARNING - Worker api-0 unhealthy, restarting
[2025-11-04 16:26:56] [STDERR] 2025-11-04 16:26:56,949 - gleitzeit.orchestrator.component_orchestrator - INFO - Restarting worker api-0
[2025-11-04 16:26:56] [STDERR] 2025-11-04 16:26:56,949 - gleitzeit.orchestrator.component_orchestrator - INFO - Stopping worker api-0
[2025-11-04 16:26:56] [STDERR] 2025-11-04 16:26:56,950 - gleitzeit.orchestrator.component_orchestrator - INFO - Starting worker api-0 with shards [0, 1, 2, 3, 4, 5, 6, 7, 8, 9, 10, 11, 12, 13, 14, 15]
[2025-11-04 16:26:56] [STDERR] 2025-11-04 16:26:56,950 - gleitzeit.orchestrator.component_orchestrator - INFO - Stored config for api-0 at key: worker:config:api-0:98c2e2ea
[2025-11-04 16:26:56] [STDERR] 2025-11-04 16:26:56,953 - gleitzeit.orchestrator.component_orchestrator - WARNING - Worker ui-0 unhealthy, restarting
[2025-11-04 16:26:56] [STDERR] 2025-11-04 16:26:56,953 - gleitzeit.orchestrator.component_orchestrator - INFO - Restarting worker ui-0
[2025-11-04 16:26:56] [STDERR] 2025-11-04 16:26:56,953 - gleitzeit.orchestrator.component_orchestrator - INFO - Stopping worker ui-0
[2025-11-04 16:26:56] [STDERR] 2025-11-04 16:26:56,953 - gleitzeit.orchestrator.component_orchestrator - INFO - Starting worker ui-0 with shards [0, 1, 2, 3, 4, 5, 6, 7, 8, 9, 10, 11, 12, 13, 14, 15]
[2025-11-04 16:26:56] [STDERR] 2025-11-04 16:26:56,953 - gleitzeit.orchestrator.component_orchestrator - INFO - Stored config for ui-0 at key: worker:config:ui-0:7e4af00a
[2025-11-04 16:26:57] [STDERR] 2025-11-04 16:26:57,195 - gleitzeit.orchestrator.component_orchestrator - INFO - [api-0:stderr] 2025-11-04 16:26:57,194 - __main__ - INFO - Initialized worker instance identity: gleitzei-529d6f54
[2025-11-04 16:26:57] [STDERR] 2025-11-04 16:26:57,195 - gleitzeit.orchestrator.component_orchestrator - INFO - [ui-0:stderr] 2025-11-04 16:26:57,194 - __main__ - INFO - Initialized worker instance identity: gleitzei-529d6f54
[2025-11-04 16:26:57] [STDERR] 2025-11-04 16:26:57,195 - gleitzeit.orchestrator.component_orchestrator - INFO - [api-0:stderr] 2025-11-04 16:26:57,195 - __main__ - INFO - Loading configuration from Redis key: worker:config:api-0:98c2e2ea
[2025-11-04 16:26:57] [STDERR] 2025-11-04 16:26:57,195 - gleitzeit.orchestrator.component_orchestrator - INFO - [ui-0:stderr] 2025-11-04 16:26:57,195 - __main__ - INFO - Loading configuration from Redis key: worker:config:ui-0:7e4af00a
[2025-11-04 16:26:57] [STDERR] 2025-11-04 16:26:57,197 - gleitzeit.orchestrator.component_orchestrator - INFO - [api-0:stderr] 2025-11-04 16:26:57,197 - __main__ - INFO - Loaded config for worker api-0
[2025-11-04 16:26:57] [STDERR] 2025-11-04 16:26:57,197 - gleitzeit.orchestrator.component_orchestrator - INFO - [ui-0:stderr] 2025-11-04 16:26:57,197 - __main__ - INFO - Loaded config for worker ui-0
[2025-11-04 16:26:57] [STDERR] 2025-11-04 16:26:57,218 - gleitzeit.orchestrator.component_orchestrator - INFO - [api-0:stderr] 2025-11-04 16:26:57,218 - __main__ - INFO - Worker api-0 handler configs: ['python/v1', 'ollama/v1', 'http/v1', 'file/v1', 'timer/v1', 'signal/v1', 'workflow/v1']
[2025-11-04 16:26:57] [STDERR] 2025-11-04 16:26:57,218 - gleitzeit.orchestrator.component_orchestrator - INFO - [api-0:stderr] 2025-11-04 16:26:57,218 - gleitzeit.core.redis_cluster - INFO - Redis single instance initialized at localhost:6379
[2025-11-04 16:26:57] [STDERR] 2025-11-04 16:26:57,218 - gleitzeit.orchestrator.component_orchestrator - ERROR - [api-0:stderr] 2025-11-04 16:26:57,218 - api.api-0 - ERROR - Cannot start API: Port 8000 is already in use. Either stop the existing service or use --api-port to specify a different port.
[2025-11-04 16:26:57] [STDERR] 2025-11-04 16:26:57,218 - gleitzeit.orchestrator.component_orchestrator - INFO - [ui-0:stderr] 2025-11-04 16:26:57,218 - __main__ - INFO - Worker ui-0 handler configs: ['python/v1', 'ollama/v1', 'http/v1', 'file/v1', 'timer/v1', 'signal/v1', 'workflow/v1']
[2025-11-04 16:26:57] [STDERR] 2025-11-04 16:26:57,219 - gleitzeit.orchestrator.component_orchestrator - INFO - [ui-0:stderr] 2025-11-04 16:26:57,218 - gleitzeit.core.redis_cluster - INFO - Redis single instance initialized at localhost:6379
[2025-11-04 16:26:57] [STDERR] 2025-11-04 16:26:57,219 - gleitzeit.orchestrator.component_orchestrator - ERROR - [ui-0:stderr] 2025-11-04 16:26:57,218 - ui.ui-0 - ERROR - Cannot start UI: Port 8004 is already in use. Either stop the existing service or use --ui-port to specify a different port.
[2025-11-04 16:26:57] [STDERR] 2025-11-04 16:26:57,220 - gleitzeit.orchestrator.component_orchestrator - ERROR - [api-0:stderr] 2025-11-04 16:26:57,218 - __main__ - ERROR - Worker failed: Cannot start API: Port 8000 is already in use. Either stop the existing service or use --api-port to specify a different port.
[2025-11-04 16:26:57] [STDERR] 2025-11-04 16:26:57,220 - gleitzeit.orchestrator.component_orchestrator - INFO - [api-0:stderr] Traceback (most recent call last):
[2025-11-04 16:26:57] [STDERR] 2025-11-04 16:26:57,220 - gleitzeit.orchestrator.component_orchestrator - INFO - [api-0:stderr] File "/Users/leifmarkthaler/github/gleitzeit 0.0.7/src/gleitzeit/workers/runner.py", line 116, in run_worker
[2025-11-04 16:26:57] [STDERR] 2025-11-04 16:26:57,220 - gleitzeit.orchestrator.component_orchestrator - ERROR - [ui-0:stderr] 2025-11-04 16:26:57,219 - __main__ - ERROR - Worker failed: Cannot start UI: Port 8004 is already in use. Either stop the existing service or use --ui-port to specify a different port.
[2025-11-04 16:26:57] [STDERR] 2025-11-04 16:26:57,220 - gleitzeit.orchestrator.component_orchestrator - INFO - [api-0:stderr] await worker.initialize()
[2025-11-04 16:26:57] [STDERR] 2025-11-04 16:26:57,220 - gleitzeit.orchestrator.component_orchestrator - INFO - [ui-0:stderr] Traceback (most recent call last):
[2025-11-04 16:26:57] [STDERR] 2025-11-04 16:26:57,220 - gleitzeit.orchestrator.component_orchestrator - INFO - [api-0:stderr] File "/Users/leifmarkthaler/github/gleitzeit 0.0.7/src/gleitzeit/workers/base.py", line 113, in initialize
[2025-11-04 16:26:57] [STDERR] 2025-11-04 16:26:57,220 - gleitzeit.orchestrator.component_orchestrator - INFO - [ui-0:stderr] File "/Users/leifmarkthaler/github/gleitzeit 0.0.7/src/gleitzeit/workers/runner.py", line 116, in run_worker
[2025-11-04 16:26:57] [STDERR] 2025-11-04 16:26:57,221 - gleitzeit.orchestrator.component_orchestrator - INFO - [api-0:stderr] await self.on_initialize()
[2025-11-04 16:26:57] [STDERR] 2025-11-04 16:26:57,221 - gleitzeit.orchestrator.component_orchestrator - INFO - [ui-0:stderr] await worker.initialize()
[2025-11-04 16:26:57] [STDERR] 2025-11-04 16:26:57,221 - gleitzeit.orchestrator.component_orchestrator - INFO - [api-0:stderr] File "/Users/leifmarkthaler/github/gleitzeit 0.0.7/src/gleitzeit/workers/api_worker.py", line 45, in on_initialize
[2025-11-04 16:26:57] [STDERR] 2025-11-04 16:26:57,221 - gleitzeit.orchestrator.component_orchestrator - INFO - [ui-0:stderr] File "/Users/leifmarkthaler/github/gleitzeit 0.0.7/src/gleitzeit/workers/base.py", line 113, in initialize
[2025-11-04 16:26:57] [STDERR] 2025-11-04 16:26:57,221 - gleitzeit.orchestrator.component_orchestrator - INFO - [api-0:stderr] raise RuntimeError(error_msg)
[2025-11-04 16:26:57] [STDERR] 2025-11-04 16:26:57,221 - gleitzeit.orchestrator.component_orchestrator - INFO - [ui-0:stderr] await self.on_initialize()
[2025-11-04 16:26:57] [STDERR] 2025-11-04 16:26:57,221 - gleitzeit.orchestrator.component_orchestrator - INFO - [api-0:stderr] RuntimeError: Cannot start API: Port 8000 is already in use. Either stop the existing service or use --api-port to specify a different port.
[2025-11-04 16:26:57] [STDERR] 2025-11-04 16:26:57,221 - gleitzeit.orchestrator.component_orchestrator - INFO - [ui-0:stderr] File "/Users/leifmarkthaler/github/gleitzeit 0.0.7/src/gleitzeit/workers/ui_worker.py", line 46, in on_initialize
[2025-11-04 16:26:57] [STDERR] 2025-11-04 16:26:57,221 - gleitzeit.orchestrator.component_orchestrator - INFO - [ui-0:stderr] raise RuntimeError(error_msg)
[2025-11-04 16:26:57] [STDERR] 2025-11-04 16:26:57,222 - gleitzeit.orchestrator.component_orchestrator - INFO - [ui-0:stderr] RuntimeError: Cannot start UI: Port 8004 is already in use. Either stop the existing service or use --ui-port to specify a different port.
[2025-11-04 16:26:58] [STDERR] 2025-11-04 16:26:58,180 - gleitzeit.orchestrator.component_orchestrator - INFO - [signal-0:stderr] 2025-11-04 16:26:58,180 - gleitzeit.workers.signal_worker - INFO - Signal processing loop iteration 1260
[2025-11-04 16:27:08] [STDERR] 2025-11-04 16:27:08,244 - gleitzeit.orchestrator.component_orchestrator - INFO - [signal-0:stderr] 2025-11-04 16:27:08,244 - gleitzeit.workers.signal_worker - INFO - Signal processing loop iteration 1280
[2025-11-04 16:27:18] [STDERR] 2025-11-04 16:27:18,265 - gleitzeit.orchestrator.component_orchestrator - INFO - [signal-0:stderr] 2025-11-04 16:27:18,265 - gleitzeit.workers.signal_worker - INFO - Signal processing loop iteration 1300
[2025-11-04 16:27:28] [STDERR] 2025-11-04 16:27:28,286 - gleitzeit.orchestrator.component_orchestrator - INFO - [signal-0:stderr] 2025-11-04 16:27:28,286 - gleitzeit.workers.signal_worker - INFO - Signal processing loop iteration 1320
[2025-11-04 16:27:36] [STDERR] 2025-11-04 16:27:36,971 - gleitzeit.orchestrator.component_orchestrator - WARNING - Worker api-0 unhealthy, restarting
[2025-11-04 16:27:36] [STDERR] 2025-11-04 16:27:36,971 - gleitzeit.orchestrator.component_orchestrator - INFO - Restarting worker api-0
[2025-11-04 16:27:36] [STDERR] 2025-11-04 16:27:36,971 - gleitzeit.orchestrator.component_orchestrator - INFO - Stopping worker api-0
[2025-11-04 16:27:36] [STDERR] 2025-11-04 16:27:36,971 - gleitzeit.orchestrator.component_orchestrator - INFO - Starting worker api-0 with shards [0, 1, 2, 3, 4, 5, 6, 7, 8, 9, 10, 11, 12, 13, 14, 15]
[2025-11-04 16:27:36] [STDERR] 2025-11-04 16:27:36,971 - gleitzeit.orchestrator.component_orchestrator - INFO - Stored config for api-0 at key: worker:config:api-0:6ce3240d
[2025-11-04 16:27:36] [STDERR] 2025-11-04 16:27:36,974 - gleitzeit.orchestrator.component_orchestrator - WARNING - Worker ui-0 unhealthy, restarting
[2025-11-04 16:27:36] [STDERR] 2025-11-04 16:27:36,974 - gleitzeit.orchestrator.component_orchestrator - INFO - Restarting worker ui-0
[2025-11-04 16:27:36] [STDERR] 2025-11-04 16:27:36,974 - gleitzeit.orchestrator.component_orchestrator - INFO - Stopping worker ui-0
[2025-11-04 16:27:36] [STDERR] 2025-11-04 16:27:36,974 - gleitzeit.orchestrator.component_orchestrator - INFO - Starting worker ui-0 with shards [0, 1, 2, 3, 4, 5, 6, 7, 8, 9, 10, 11, 12, 13, 14, 15]
[2025-11-04 16:27:36] [STDERR] 2025-11-04 16:27:36,974 - gleitzeit.orchestrator.component_orchestrator - INFO - Stored config for ui-0 at key: worker:config:ui-0:a6bdbb6a
[2025-11-04 16:27:37] [STDERR] 2025-11-04 16:27:37,143 - gleitzeit.orchestrator.component_orchestrator - INFO - [ui-0:stderr] 2025-11-04 16:27:37,143 - __main__ - INFO - Initialized worker instance identity: gleitzei-529d6f54
[2025-11-04 16:27:37] [STDERR] 2025-11-04 16:27:37,143 - gleitzeit.orchestrator.component_orchestrator - INFO - [api-0:stderr] 2025-11-04 16:27:37,143 - __main__ - INFO - Initialized worker instance identity: gleitzei-529d6f54
[2025-11-04 16:27:37] [STDERR] 2025-11-04 16:27:37,143 - gleitzeit.orchestrator.component_orchestrator - INFO - [ui-0:stderr] 2025-11-04 16:27:37,143 - __main__ - INFO - Loading configuration from Redis key: worker:config:ui-0:a6bdbb6a
[2025-11-04 16:27:37] [STDERR] 2025-11-04 16:27:37,143 - gleitzeit.orchestrator.component_orchestrator - INFO - [api-0:stderr] 2025-11-04 16:27:37,143 - __main__ - INFO - Loading configuration from Redis key: worker:config:api-0:6ce3240d
[2025-11-04 16:27:37] [STDERR] 2025-11-04 16:27:37,145 - gleitzeit.orchestrator.component_orchestrator - INFO - [api-0:stderr] 2025-11-04 16:27:37,145 - __main__ - INFO - Loaded config for worker api-0
[2025-11-04 16:27:37] [STDERR] 2025-11-04 16:27:37,145 - gleitzeit.orchestrator.component_orchestrator - INFO - [ui-0:stderr] 2025-11-04 16:27:37,145 - __main__ - INFO - Loaded config for worker ui-0
[2025-11-04 16:27:37] [STDERR] 2025-11-04 16:27:37,158 - gleitzeit.orchestrator.component_orchestrator - INFO - [ui-0:stderr] 2025-11-04 16:27:37,158 - __main__ - INFO - Worker ui-0 handler configs: ['python/v1', 'ollama/v1', 'http/v1', 'file/v1', 'timer/v1', 'signal/v1', 'workflow/v1']
[2025-11-04 16:27:37] [STDERR] 2025-11-04 16:27:37,158 - gleitzeit.orchestrator.component_orchestrator - INFO - [ui-0:stderr] 2025-11-04 16:27:37,158 - gleitzeit.core.redis_cluster - INFO - Redis single instance initialized at localhost:6379
[2025-11-04 16:27:37] [STDERR] 2025-11-04 16:27:37,158 - gleitzeit.orchestrator.component_orchestrator - INFO - [api-0:stderr] 2025-11-04 16:27:37,158 - __main__ - INFO - Worker api-0 handler configs: ['python/v1', 'ollama/v1', 'http/v1', 'file/v1', 'timer/v1', 'signal/v1', 'workflow/v1']
[2025-11-04 16:27:37] [STDERR] 2025-11-04 16:27:37,158 - gleitzeit.orchestrator.component_orchestrator - ERROR - [ui-0:stderr] 2025-11-04 16:27:37,158 - ui.ui-0 - ERROR - Cannot start UI: Port 8004 is already in use. Either stop the existing service or use --ui-port to specify a different port.
[2025-11-04 16:27:37] [STDERR] 2025-11-04 16:27:37,159 - gleitzeit.orchestrator.component_orchestrator - INFO - [api-0:stderr] 2025-11-04 16:27:37,158 - gleitzeit.core.redis_cluster - INFO - Redis single instance initialized at localhost:6379
[2025-11-04 16:27:37] [STDERR] 2025-11-04 16:27:37,159 - gleitzeit.orchestrator.component_orchestrator - ERROR - [api-0:stderr] 2025-11-04 16:27:37,158 - api.api-0 - ERROR - Cannot start API: Port 8000 is already in use. Either stop the existing service or use --api-port to specify a different port.
[2025-11-04 16:27:37] [STDERR] 2025-11-04 16:27:37,159 - gleitzeit.orchestrator.component_orchestrator - ERROR - [ui-0:stderr] 2025-11-04 16:27:37,158 - __main__ - ERROR - Worker failed: Cannot start UI: Port 8004 is already in use. Either stop the existing service or use --ui-port to specify a different port.
[2025-11-04 16:27:37] [STDERR] 2025-11-04 16:27:37,159 - gleitzeit.orchestrator.component_orchestrator - ERROR - [api-0:stderr] 2025-11-04 16:27:37,158 - __main__ - ERROR - Worker failed: Cannot start API: Port 8000 is already in use. Either stop the existing service or use --api-port to specify a different port.
[2025-11-04 16:27:37] [STDERR] 2025-11-04 16:27:37,159 - gleitzeit.orchestrator.component_orchestrator - INFO - [ui-0:stderr] Traceback (most recent call last):
[2025-11-04 16:27:37] [STDERR] 2025-11-04 16:27:37,159 - gleitzeit.orchestrator.component_orchestrator - INFO - [api-0:stderr] Traceback (most recent call last):
[2025-11-04 16:27:37] [STDERR] 2025-11-04 16:27:37,159 - gleitzeit.orchestrator.component_orchestrator - INFO - [ui-0:stderr] File "/Users/leifmarkthaler/github/gleitzeit 0.0.7/src/gleitzeit/workers/runner.py", line 116, in run_worker
[2025-11-04 16:27:37] [STDERR] 2025-11-04 16:27:37,159 - gleitzeit.orchestrator.component_orchestrator - INFO - [api-0:stderr] File "/Users/leifmarkthaler/github/gleitzeit 0.0.7/src/gleitzeit/workers/runner.py", line 116, in run_worker
[2025-11-04 16:27:37] [STDERR] 2025-11-04 16:27:37,159 - gleitzeit.orchestrator.component_orchestrator - INFO - [ui-0:stderr] await worker.initialize()
[2025-11-04 16:27:37] [STDERR] 2025-11-04 16:27:37,159 - gleitzeit.orchestrator.component_orchestrator - INFO - [api-0:stderr] await worker.initialize()
[2025-11-04 16:27:37] [STDERR] 2025-11-04 16:27:37,159 - gleitzeit.orchestrator.component_orchestrator - INFO - [ui-0:stderr] File "/Users/leifmarkthaler/github/gleitzeit 0.0.7/src/gleitzeit/workers/base.py", line 113, in initialize
[2025-11-04 16:27:37] [STDERR] 2025-11-04 16:27:37,160 - gleitzeit.orchestrator.component_orchestrator - INFO - [api-0:stderr] File "/Users/leifmarkthaler/github/gleitzeit 0.0.7/src/gleitzeit/workers/base.py", line 113, in initialize
[2025-11-04 16:27:37] [STDERR] 2025-11-04 16:27:37,160 - gleitzeit.orchestrator.component_orchestrator - INFO - [ui-0:stderr] await self.on_initialize()
[2025-11-04 16:27:37] [STDERR] 2025-11-04 16:27:37,160 - gleitzeit.orchestrator.component_orchestrator - INFO - [api-0:stderr] await self.on_initialize()
[2025-11-04 16:27:37] [STDERR] 2025-11-04 16:27:37,160 - gleitzeit.orchestrator.component_orchestrator - INFO - [ui-0:stderr] File "/Users/leifmarkthaler/github/gleitzeit 0.0.7/src/gleitzeit/workers/ui_worker.py", line 46, in on_initialize
[2025-11-04 16:27:37] [STDERR] 2025-11-04 16:27:37,160 - gleitzeit.orchestrator.component_orchestrator - INFO - [api-0:stderr] File "/Users/leifmarkthaler/github/gleitzeit 0.0.7/src/gleitzeit/workers/api_worker.py", line 45, in on_initialize
[2025-11-04 16:27:37] [STDERR] 2025-11-04 16:27:37,160 - gleitzeit.orchestrator.component_orchestrator - INFO - [ui-0:stderr] raise RuntimeError(error_msg)
[2025-11-04 16:27:37] [STDERR] 2025-11-04 16:27:37,160 - gleitzeit.orchestrator.component_orchestrator - INFO - [api-0:stderr] raise RuntimeError(error_msg)
[2025-11-04 16:27:37] [STDERR] 2025-11-04 16:27:37,160 - gleitzeit.orchestrator.component_orchestrator - INFO - [ui-0:stderr] RuntimeError: Cannot start UI: Port 8004 is already in use. Either stop the existing service or use --ui-port to specify a different port.
[2025-11-04 16:27:37] [STDERR] 2025-11-04 16:27:37,160 - gleitzeit.orchestrator.component_orchestrator - INFO - [api-0:stderr] RuntimeError: Cannot start API: Port 8000 is already in use. Either stop the existing service or use --api-port to specify a different port.
[2025-11-04 16:27:38] [STDERR] 2025-11-04 16:27:38,351 - gleitzeit.orchestrator.component_orchestrator - INFO - [signal-0:stderr] 2025-11-04 16:27:38,351 - gleitzeit.workers.signal_worker - INFO - Signal processing loop iteration 1340
[2025-11-04 16:27:48] [STDERR] 2025-11-04 16:27:48,369 - gleitzeit.orchestrator.component_orchestrator - INFO - [signal-0:stderr] 2025-11-04 16:27:48,368 - gleitzeit.workers.signal_worker - INFO - Signal processing loop iteration 1360
[2025-11-04 16:27:58] [STDERR] 2025-11-04 16:27:58,389 - gleitzeit.orchestrator.component_orchestrator - INFO - [signal-0:stderr] 2025-11-04 16:27:58,389 - gleitzeit.workers.signal_worker - INFO - Signal processing loop iteration 1380
[2025-11-04 16:28:08] [STDERR] 2025-11-04 16:28:08,462 - gleitzeit.orchestrator.component_orchestrator - INFO - [signal-0:stderr] 2025-11-04 16:28:08,462 - gleitzeit.workers.signal_worker - INFO - Signal processing loop iteration 1400
[2025-11-04 16:28:16] [STDERR] 2025-11-04 16:28:16,987 - gleitzeit.orchestrator.component_orchestrator - WARNING - Worker api-0 unhealthy, restarting
[2025-11-04 16:28:16] [STDERR] 2025-11-04 16:28:16,987 - gleitzeit.orchestrator.component_orchestrator - INFO - Restarting worker api-0
[2025-11-04 16:28:16] [STDERR] 2025-11-04 16:28:16,987 - gleitzeit.orchestrator.component_orchestrator - INFO - Stopping worker api-0
[2025-11-04 16:28:16] [STDERR] 2025-11-04 16:28:16,987 - gleitzeit.orchestrator.component_orchestrator - INFO - Starting worker api-0 with shards [0, 1, 2, 3, 4, 5, 6, 7, 8, 9, 10, 11, 12, 13, 14, 15]
[2025-11-04 16:28:16] [STDERR] 2025-11-04 16:28:16,987 - gleitzeit.orchestrator.component_orchestrator - INFO - Stored config for api-0 at key: worker:config:api-0:0333e2cf
[2025-11-04 16:28:16] [STDERR] 2025-11-04 16:28:16,990 - gleitzeit.orchestrator.component_orchestrator - WARNING - Worker ui-0 unhealthy, restarting
[2025-11-04 16:28:16] [STDERR] 2025-11-04 16:28:16,990 - gleitzeit.orchestrator.component_orchestrator - INFO - Restarting worker ui-0
[2025-11-04 16:28:16] [STDERR] 2025-11-04 16:28:16,990 - gleitzeit.orchestrator.component_orchestrator - INFO - Stopping worker ui-0
[2025-11-04 16:28:16] [STDERR] 2025-11-04 16:28:16,990 - gleitzeit.orchestrator.component_orchestrator - INFO - Starting worker ui-0 with shards [0, 1, 2, 3, 4, 5, 6, 7, 8, 9, 10, 11, 12, 13, 14, 15]
[2025-11-04 16:28:16] [STDERR] 2025-11-04 16:28:16,991 - gleitzeit.orchestrator.component_orchestrator - INFO - Stored config for ui-0 at key: worker:config:ui-0:73c4b2e9
[2025-11-04 16:28:17] [STDERR] 2025-11-04 16:28:17,222 - gleitzeit.orchestrator.component_orchestrator - INFO - [ui-0:stderr] 2025-11-04 16:28:17,222 - __main__ - INFO - Initialized worker instance identity: gleitzei-529d6f54
[2025-11-04 16:28:17] [STDERR] 2025-11-04 16:28:17,222 - gleitzeit.orchestrator.component_orchestrator - INFO - [api-0:stderr] 2025-11-04 16:28:17,222 - __main__ - INFO - Initialized worker instance identity: gleitzei-529d6f54
[2025-11-04 16:28:17] [STDERR] 2025-11-04 16:28:17,222 - gleitzeit.orchestrator.component_orchestrator - INFO - [ui-0:stderr] 2025-11-04 16:28:17,222 - __main__ - INFO - Loading configuration from Redis key: worker:config:ui-0:73c4b2e9
[2025-11-04 16:28:17] [STDERR] 2025-11-04 16:28:17,222 - gleitzeit.orchestrator.component_orchestrator - INFO - [api-0:stderr] 2025-11-04 16:28:17,222 - __main__ - INFO - Loading configuration from Redis key: worker:config:api-0:0333e2cf
[2025-11-04 16:28:17] [STDERR] 2025-11-04 16:28:17,224 - gleitzeit.orchestrator.component_orchestrator - INFO - [ui-0:stderr] 2025-11-04 16:28:17,224 - __main__ - INFO - Loaded config for worker ui-0
[2025-11-04 16:28:17] [STDERR] 2025-11-04 16:28:17,224 - gleitzeit.orchestrator.component_orchestrator - INFO - [api-0:stderr] 2025-11-04 16:28:17,224 - __main__ - INFO - Loaded config for worker api-0
[2025-11-04 16:28:17] [STDERR] 2025-11-04 16:28:17,244 - gleitzeit.orchestrator.component_orchestrator - INFO - [api-0:stderr] 2025-11-04 16:28:17,244 - __main__ - INFO - Worker api-0 handler configs: ['python/v1', 'ollama/v1', 'http/v1', 'file/v1', 'timer/v1', 'signal/v1', 'workflow/v1']
[2025-11-04 16:28:17] [STDERR] 2025-11-04 16:28:17,244 - gleitzeit.orchestrator.component_orchestrator - INFO - [ui-0:stderr] 2025-11-04 16:28:17,244 - __main__ - INFO - Worker ui-0 handler configs: ['python/v1', 'ollama/v1', 'http/v1', 'file/v1', 'timer/v1', 'signal/v1', 'workflow/v1']
[2025-11-04 16:28:17] [STDERR] 2025-11-04 16:28:17,244 - gleitzeit.orchestrator.component_orchestrator - INFO - [api-0:stderr] 2025-11-04 16:28:17,244 - gleitzeit.core.redis_cluster - INFO - Redis single instance initialized at localhost:6379
[2025-11-04 16:28:17] [STDERR] 2025-11-04 16:28:17,244 - gleitzeit.orchestrator.component_orchestrator - INFO - [ui-0:stderr] 2025-11-04 16:28:17,244 - gleitzeit.core.redis_cluster - INFO - Redis single instance initialized at localhost:6379
[2025-11-04 16:28:17] [STDERR] 2025-11-04 16:28:17,244 - gleitzeit.orchestrator.component_orchestrator - ERROR - [api-0:stderr] 2025-11-04 16:28:17,244 - api.api-0 - ERROR - Cannot start API: Port 8000 is already in use. Either stop the existing service or use --api-port to specify a different port.
[2025-11-04 16:28:17] [STDERR] 2025-11-04 16:28:17,244 - gleitzeit.orchestrator.component_orchestrator - ERROR - [ui-0:stderr] 2025-11-04 16:28:17,244 - ui.ui-0 - ERROR - Cannot start UI: Port 8004 is already in use. Either stop the existing service or use --ui-port to specify a different port.
[2025-11-04 16:28:17] [STDERR] 2025-11-04 16:28:17,245 - gleitzeit.orchestrator.component_orchestrator - ERROR - [ui-0:stderr] 2025-11-04 16:28:17,244 - __main__ - ERROR - Worker failed: Cannot start UI: Port 8004 is already in use. Either stop the existing service or use --ui-port to specify a different port.
[2025-11-04 16:28:17] [STDERR] 2025-11-04 16:28:17,245 - gleitzeit.orchestrator.component_orchestrator - ERROR - [api-0:stderr] 2025-11-04 16:28:17,244 - __main__ - ERROR - Worker failed: Cannot start API: Port 8000 is already in use. Either stop the existing service or use --api-port to specify a different port.
[2025-11-04 16:28:17] [STDERR] 2025-11-04 16:28:17,245 - gleitzeit.orchestrator.component_orchestrator - INFO - [ui-0:stderr] Traceback (most recent call last):
[2025-11-04 16:28:17] [STDERR] 2025-11-04 16:28:17,245 - gleitzeit.orchestrator.component_orchestrator - INFO - [api-0:stderr] Traceback (most recent call last):
[2025-11-04 16:28:17] [STDERR] 2025-11-04 16:28:17,245 - gleitzeit.orchestrator.component_orchestrator - INFO - [ui-0:stderr] File "/Users/leifmarkthaler/github/gleitzeit 0.0.7/src/gleitzeit/workers/runner.py", line 116, in run_worker
[2025-11-04 16:28:17] [STDERR] 2025-11-04 16:28:17,245 - gleitzeit.orchestrator.component_orchestrator - INFO - [api-0:stderr] File "/Users/leifmarkthaler/github/gleitzeit 0.0.7/src/gleitzeit/workers/runner.py", line 116, in run_worker
[2025-11-04 16:28:17] [STDERR] 2025-11-04 16:28:17,245 - gleitzeit.orchestrator.component_orchestrator - INFO - [ui-0:stderr] await worker.initialize()
[2025-11-04 16:28:17] [STDERR] 2025-11-04 16:28:17,245 - gleitzeit.orchestrator.component_orchestrator - INFO - [api-0:stderr] await worker.initialize()
[2025-11-04 16:28:17] [STDERR] 2025-11-04 16:28:17,245 - gleitzeit.orchestrator.component_orchestrator - INFO - [ui-0:stderr] File "/Users/leifmarkthaler/github/gleitzeit 0.0.7/src/gleitzeit/workers/base.py", line 113, in initialize
[2025-11-04 16:28:17] [STDERR] 2025-11-04 16:28:17,245 - gleitzeit.orchestrator.component_orchestrator - INFO - [api-0:stderr] File "/Users/leifmarkthaler/github/gleitzeit 0.0.7/src/gleitzeit/workers/base.py", line 113, in initialize
[2025-11-04 16:28:17] [STDERR] 2025-11-04 16:28:17,245 - gleitzeit.orchestrator.component_orchestrator - INFO - [ui-0:stderr] await self.on_initialize()
[2025-11-04 16:28:17] [STDERR] 2025-11-04 16:28:17,245 - gleitzeit.orchestrator.component_orchestrator - INFO - [api-0:stderr] await self.on_initialize()
[2025-11-04 16:28:17] [STDERR] 2025-11-04 16:28:17,246 - gleitzeit.orchestrator.component_orchestrator - INFO - [ui-0:stderr] File "/Users/leifmarkthaler/github/gleitzeit 0.0.7/src/gleitzeit/workers/ui_worker.py", line 46, in on_initialize
[2025-11-04 16:28:17] [STDERR] 2025-11-04 16:28:17,246 - gleitzeit.orchestrator.component_orchestrator - INFO - [api-0:stderr] File "/Users/leifmarkthaler/github/gleitzeit 0.0.7/src/gleitzeit/workers/api_worker.py", line 45, in on_initialize
[2025-11-04 16:28:17] [STDERR] 2025-11-04 16:28:17,246 - gleitzeit.orchestrator.component_orchestrator - INFO - [ui-0:stderr] raise RuntimeError(error_msg)
[2025-11-04 16:28:17] [STDERR] 2025-11-04 16:28:17,246 - gleitzeit.orchestrator.component_orchestrator - INFO - [api-0:stderr] raise RuntimeError(error_msg)
[2025-11-04 16:28:17] [STDERR] 2025-11-04 16:28:17,246 - gleitzeit.orchestrator.component_orchestrator - INFO - [ui-0:stderr] RuntimeError: Cannot start UI: Port 8004 is already in use. Either stop the existing service or use --ui-port to specify a different port.
[2025-11-04 16:28:17] [STDERR] 2025-11-04 16:28:17,246 - gleitzeit.orchestrator.component_orchestrator - INFO - [api-0:stderr] RuntimeError: Cannot start API: Port 8000 is already in use. Either stop the existing service or use --api-port to specify a different port.
[2025-11-04 16:28:18] [STDERR] 2025-11-04 16:28:18,482 - gleitzeit.orchestrator.component_orchestrator - INFO - [signal-0:stderr] 2025-11-04 16:28:18,482 - gleitzeit.workers.signal_worker - INFO - Signal processing loop iteration 1420
[2025-11-04 16:28:28] [STDERR] 2025-11-04 16:28:28,502 - gleitzeit.orchestrator.component_orchestrator - INFO - [signal-0:stderr] 2025-11-04 16:28:28,502 - gleitzeit.workers.signal_worker - INFO - Signal processing loop iteration 1440
[2025-11-04 16:28:38] [STDERR] 2025-11-04 16:28:38,576 - gleitzeit.orchestrator.component_orchestrator - INFO - [signal-0:stderr] 2025-11-04 16:28:38,576 - gleitzeit.workers.signal_worker - INFO - Signal processing loop iteration 1460
[2025-11-04 16:28:48] [STDERR] 2025-11-04 16:28:48,598 - gleitzeit.orchestrator.component_orchestrator - INFO - [signal-0:stderr] 2025-11-04 16:28:48,598 - gleitzeit.workers.signal_worker - INFO - Signal processing loop iteration 1480
[2025-11-04 16:28:57] [STDERR] 2025-11-04 16:28:57,002 - gleitzeit.orchestrator.component_orchestrator - WARNING - Worker api-0 unhealthy, restarting
[2025-11-04 16:28:57] [STDERR] 2025-11-04 16:28:57,002 - gleitzeit.orchestrator.component_orchestrator - INFO - Restarting worker api-0
[2025-11-04 16:28:57] [STDERR] 2025-11-04 16:28:57,002 - gleitzeit.orchestrator.component_orchestrator - INFO - Stopping worker api-0
[2025-11-04 16:28:57] [STDERR] 2025-11-04 16:28:57,003 - gleitzeit.orchestrator.component_orchestrator - INFO - Starting worker api-0 with shards [0, 1, 2, 3, 4, 5, 6, 7, 8, 9, 10, 11, 12, 13, 14, 15]
[2025-11-04 16:28:57] [STDERR] 2025-11-04 16:28:57,004 - gleitzeit.orchestrator.component_orchestrator - INFO - Stored config for api-0 at key: worker:config:api-0:16f3e51c
[2025-11-04 16:28:57] [STDERR] 2025-11-04 16:28:57,009 - gleitzeit.orchestrator.component_orchestrator - WARNING - Worker ui-0 unhealthy, restarting
[2025-11-04 16:28:57] [STDERR] 2025-11-04 16:28:57,009 - gleitzeit.orchestrator.component_orchestrator - INFO - Restarting worker ui-0
[2025-11-04 16:28:57] [STDERR] 2025-11-04 16:28:57,009 - gleitzeit.orchestrator.component_orchestrator - INFO - Stopping worker ui-0
[2025-11-04 16:28:57] [STDERR] 2025-11-04 16:28:57,009 - gleitzeit.orchestrator.component_orchestrator - INFO - Starting worker ui-0 with shards [0, 1, 2, 3, 4, 5, 6, 7, 8, 9, 10, 11, 12, 13, 14, 15]
[2025-11-04 16:28:57] [STDERR] 2025-11-04 16:28:57,010 - gleitzeit.orchestrator.component_orchestrator - INFO - Stored config for ui-0 at key: worker:config:ui-0:2224aede
[2025-11-04 16:28:57] [STDERR] 2025-11-04 16:28:57,242 - gleitzeit.orchestrator.component_orchestrator - INFO - [ui-0:stderr] 2025-11-04 16:28:57,242 - __main__ - INFO - Initialized worker instance identity: gleitzei-529d6f54
[2025-11-04 16:28:57] [STDERR] 2025-11-04 16:28:57,242 - gleitzeit.orchestrator.component_orchestrator - INFO - [api-0:stderr] 2025-11-04 16:28:57,242 - __main__ - INFO - Initialized worker instance identity: gleitzei-529d6f54
[2025-11-04 16:28:57] [STDERR] 2025-11-04 16:28:57,243 - gleitzeit.orchestrator.component_orchestrator - INFO - [ui-0:stderr] 2025-11-04 16:28:57,242 - __main__ - INFO - Loading configuration from Redis key: worker:config:ui-0:2224aede
[2025-11-04 16:28:57] [STDERR] 2025-11-04 16:28:57,243 - gleitzeit.orchestrator.component_orchestrator - INFO - [api-0:stderr] 2025-11-04 16:28:57,242 - __main__ - INFO - Loading configuration from Redis key: worker:config:api-0:16f3e51c
[2025-11-04 16:28:57] [STDERR] 2025-11-04 16:28:57,244 - gleitzeit.orchestrator.component_orchestrator - INFO - [api-0:stderr] 2025-11-04 16:28:57,244 - __main__ - INFO - Loaded config for worker api-0
[2025-11-04 16:28:57] [STDERR] 2025-11-04 16:28:57,244 - gleitzeit.orchestrator.component_orchestrator - INFO - [ui-0:stderr] 2025-11-04 16:28:57,244 - __main__ - INFO - Loaded config for worker ui-0
[2025-11-04 16:28:57] [STDERR] 2025-11-04 16:28:57,270 - gleitzeit.orchestrator.component_orchestrator - INFO - [ui-0:stderr] 2025-11-04 16:28:57,270 - __main__ - INFO - Worker ui-0 handler configs: ['python/v1', 'ollama/v1', 'http/v1', 'file/v1', 'timer/v1', 'signal/v1', 'workflow/v1']
[2025-11-04 16:28:57] [STDERR] 2025-11-04 16:28:57,270 - gleitzeit.orchestrator.component_orchestrator - INFO - [api-0:stderr] 2025-11-04 16:28:57,270 - __main__ - INFO - Worker api-0 handler configs: ['python/v1', 'ollama/v1', 'http/v1', 'file/v1', 'timer/v1', 'signal/v1', 'workflow/v1']
[2025-11-04 16:28:57] [STDERR] 2025-11-04 16:28:57,270 - gleitzeit.orchestrator.component_orchestrator - INFO - [ui-0:stderr] 2025-11-04 16:28:57,270 - gleitzeit.core.redis_cluster - INFO - Redis single instance initialized at localhost:6379
[2025-11-04 16:28:57] [STDERR] 2025-11-04 16:28:57,270 - gleitzeit.orchestrator.component_orchestrator - INFO - [api-0:stderr] 2025-11-04 16:28:57,270 - gleitzeit.core.redis_cluster - INFO - Redis single instance initialized at localhost:6379
[2025-11-04 16:28:57] [STDERR] 2025-11-04 16:28:57,270 - gleitzeit.orchestrator.component_orchestrator - ERROR - [ui-0:stderr] 2025-11-04 16:28:57,270 - ui.ui-0 - ERROR - Cannot start UI: Port 8004 is already in use. Either stop the existing service or use --ui-port to specify a different port.
[2025-11-04 16:28:57] [STDERR] 2025-11-04 16:28:57,270 - gleitzeit.orchestrator.component_orchestrator - ERROR - [api-0:stderr] 2025-11-04 16:28:57,270 - api.api-0 - ERROR - Cannot start API: Port 8000 is already in use. Either stop the existing service or use --api-port to specify a different port.
[2025-11-04 16:28:57] [STDERR] 2025-11-04 16:28:57,271 - gleitzeit.orchestrator.component_orchestrator - ERROR - [ui-0:stderr] 2025-11-04 16:28:57,270 - __main__ - ERROR - Worker failed: Cannot start UI: Port 8004 is already in use. Either stop the existing service or use --ui-port to specify a different port.
[2025-11-04 16:28:57] [STDERR] 2025-11-04 16:28:57,271 - gleitzeit.orchestrator.component_orchestrator - ERROR - [api-0:stderr] 2025-11-04 16:28:57,270 - __main__ - ERROR - Worker failed: Cannot start API: Port 8000 is already in use. Either stop the existing service or use --api-port to specify a different port.
[2025-11-04 16:28:57] [STDERR] 2025-11-04 16:28:57,271 - gleitzeit.orchestrator.component_orchestrator - INFO - [ui-0:stderr] Traceback (most recent call last):
[2025-11-04 16:28:57] [STDERR] 2025-11-04 16:28:57,271 - gleitzeit.orchestrator.component_orchestrator - INFO - [api-0:stderr] Traceback (most recent call last):
[2025-11-04 16:28:57] [STDERR] 2025-11-04 16:28:57,271 - gleitzeit.orchestrator.component_orchestrator - INFO - [ui-0:stderr] File "/Users/leifmarkthaler/github/gleitzeit 0.0.7/src/gleitzeit/workers/runner.py", line 116, in run_worker
[2025-11-04 16:28:57] [STDERR] 2025-11-04 16:28:57,271 - gleitzeit.orchestrator.component_orchestrator - INFO - [api-0:stderr] File "/Users/leifmarkthaler/github/gleitzeit 0.0.7/src/gleitzeit/workers/runner.py", line 116, in run_worker
[2025-11-04 16:28:57] [STDERR] 2025-11-04 16:28:57,271 - gleitzeit.orchestrator.component_orchestrator - INFO - [ui-0:stderr] await worker.initialize()
[2025-11-04 16:28:57] [STDERR] 2025-11-04 16:28:57,271 - gleitzeit.orchestrator.component_orchestrator - INFO - [api-0:stderr] await worker.initialize()
[2025-11-04 16:28:57] [STDERR] 2025-11-04 16:28:57,271 - gleitzeit.orchestrator.component_orchestrator - INFO - [ui-0:stderr] File "/Users/leifmarkthaler/github/gleitzeit 0.0.7/src/gleitzeit/workers/base.py", line 113, in initialize
[2025-11-04 16:28:57] [STDERR] 2025-11-04 16:28:57,271 - gleitzeit.orchestrator.component_orchestrator - INFO - [api-0:stderr] File "/Users/leifmarkthaler/github/gleitzeit 0.0.7/src/gleitzeit/workers/base.py", line 113, in initialize
[2025-11-04 16:28:57] [STDERR] 2025-11-04 16:28:57,271 - gleitzeit.orchestrator.component_orchestrator - INFO - [ui-0:stderr] await self.on_initialize()
[2025-11-04 16:28:57] [STDERR] 2025-11-04 16:28:57,271 - gleitzeit.orchestrator.component_orchestrator - INFO - [api-0:stderr] await self.on_initialize()
[2025-11-04 16:28:57] [STDERR] 2025-11-04 16:28:57,272 - gleitzeit.orchestrator.component_orchestrator - INFO - [ui-0:stderr] File "/Users/leifmarkthaler/github/gleitzeit 0.0.7/src/gleitzeit/workers/ui_worker.py", line 46, in on_initialize
[2025-11-04 16:28:57] [STDERR] 2025-11-04 16:28:57,272 - gleitzeit.orchestrator.component_orchestrator - INFO - [api-0:stderr] File "/Users/leifmarkthaler/github/gleitzeit 0.0.7/src/gleitzeit/workers/api_worker.py", line 45, in on_initialize
[2025-11-04 16:28:57] [STDERR] 2025-11-04 16:28:57,272 - gleitzeit.orchestrator.component_orchestrator - INFO - [ui-0:stderr] raise RuntimeError(error_msg)
[2025-11-04 16:28:57] [STDERR] 2025-11-04 16:28:57,272 - gleitzeit.orchestrator.component_orchestrator - INFO - [api-0:stderr] raise RuntimeError(error_msg)
[2025-11-04 16:28:57] [STDERR] 2025-11-04 16:28:57,272 - gleitzeit.orchestrator.component_orchestrator - INFO - [ui-0:stderr] RuntimeError: Cannot start UI: Port 8004 is already in use. Either stop the existing service or use --ui-port to specify a different port.
[2025-11-04 16:28:57] [STDERR] 2025-11-04 16:28:57,272 - gleitzeit.orchestrator.component_orchestrator - INFO - [api-0:stderr] RuntimeError: Cannot start API: Port 8000 is already in use. Either stop the existing service or use --api-port to specify a different port.
[2025-11-04 16:28:58] [STDERR] 2025-11-04 16:28:58,653 - gleitzeit.orchestrator.component_orchestrator - INFO - [signal-0:stderr] 2025-11-04 16:28:58,653 - gleitzeit.workers.signal_worker - INFO - Signal processing loop iteration 1500
[2025-11-04 16:29:08] [STDERR] 2025-11-04 16:29:08,675 - gleitzeit.orchestrator.component_orchestrator - INFO - [signal-0:stderr] 2025-11-04 16:29:08,675 - gleitzeit.workers.signal_worker - INFO - Signal processing loop iteration 1520
[2025-11-04 16:29:18] [STDERR] 2025-11-04 16:29:18,695 - gleitzeit.orchestrator.component_orchestrator - INFO - [signal-0:stderr] 2025-11-04 16:29:18,695 - gleitzeit.workers.signal_worker - INFO - Signal processing loop iteration 1540
[2025-11-04 16:29:28] [STDERR] 2025-11-04 16:29:28,715 - gleitzeit.orchestrator.component_orchestrator - INFO - [signal-0:stderr] 2025-11-04 16:29:28,715 - gleitzeit.workers.signal_worker - INFO - Signal processing loop iteration 1560
[2025-11-04 16:29:37] [STDERR] 2025-11-04 16:29:37,029 - gleitzeit.orchestrator.component_orchestrator - WARNING - Worker api-0 unhealthy, restarting
[2025-11-04 16:29:37] [STDERR] 2025-11-04 16:29:37,029 - gleitzeit.orchestrator.component_orchestrator - INFO - Restarting worker api-0
[2025-11-04 16:29:37] [STDERR] 2025-11-04 16:29:37,029 - gleitzeit.orchestrator.component_orchestrator - INFO - Stopping worker api-0
[2025-11-04 16:29:37] [STDERR] 2025-11-04 16:29:37,029 - gleitzeit.orchestrator.component_orchestrator - INFO - Starting worker api-0 with shards [0, 1, 2, 3, 4, 5, 6, 7, 8, 9, 10, 11, 12, 13, 14, 15]
[2025-11-04 16:29:37] [STDERR] 2025-11-04 16:29:37,029 - gleitzeit.orchestrator.component_orchestrator - INFO - Stored config for api-0 at key: worker:config:api-0:045708b6
[2025-11-04 16:29:37] [STDERR] 2025-11-04 16:29:37,033 - gleitzeit.orchestrator.component_orchestrator - WARNING - Worker ui-0 unhealthy, restarting
[2025-11-04 16:29:37] [STDERR] 2025-11-04 16:29:37,033 - gleitzeit.orchestrator.component_orchestrator - INFO - Restarting worker ui-0
[2025-11-04 16:29:37] [STDERR] 2025-11-04 16:29:37,033 - gleitzeit.orchestrator.component_orchestrator - INFO - Stopping worker ui-0
[2025-11-04 16:29:37] [STDERR] 2025-11-04 16:29:37,033 - gleitzeit.orchestrator.component_orchestrator - INFO - Starting worker ui-0 with shards [0, 1, 2, 3, 4, 5, 6, 7, 8, 9, 10, 11, 12, 13, 14, 15]
[2025-11-04 16:29:37] [STDERR] 2025-11-04 16:29:37,034 - gleitzeit.orchestrator.component_orchestrator - INFO - Stored config for ui-0 at key: worker:config:ui-0:70098c5a
[2025-11-04 16:29:37] [STDERR] 2025-11-04 16:29:37,310 - gleitzeit.orchestrator.component_orchestrator - INFO - [api-0:stderr] 2025-11-04 16:29:37,310 - __main__ - INFO - Initialized worker instance identity: gleitzei-529d6f54
[2025-11-04 16:29:37] [STDERR] 2025-11-04 16:29:37,310 - gleitzeit.orchestrator.component_orchestrator - INFO - [ui-0:stderr] 2025-11-04 16:29:37,310 - __main__ - INFO - Initialized worker instance identity: gleitzei-529d6f54
[2025-11-04 16:29:37] [STDERR] 2025-11-04 16:29:37,310 - gleitzeit.orchestrator.component_orchestrator - INFO - [api-0:stderr] 2025-11-04 16:29:37,310 - __main__ - INFO - Loading configuration from Redis key: worker:config:api-0:045708b6
[2025-11-04 16:29:37] [STDERR] 2025-11-04 16:29:37,311 - gleitzeit.orchestrator.component_orchestrator - INFO - [ui-0:stderr] 2025-11-04 16:29:37,310 - __main__ - INFO - Loading configuration from Redis key: worker:config:ui-0:70098c5a
[2025-11-04 16:29:37] [STDERR] 2025-11-04 16:29:37,312 - gleitzeit.orchestrator.component_orchestrator - INFO - [api-0:stderr] 2025-11-04 16:29:37,312 - __main__ - INFO - Loaded config for worker api-0
[2025-11-04 16:29:37] [STDERR] 2025-11-04 16:29:37,312 - gleitzeit.orchestrator.component_orchestrator - INFO - [ui-0:stderr] 2025-11-04 16:29:37,312 - __main__ - INFO - Loaded config for worker ui-0
[2025-11-04 16:29:37] [STDERR] 2025-11-04 16:29:37,334 - gleitzeit.orchestrator.component_orchestrator - INFO - [api-0:stderr] 2025-11-04 16:29:37,333 - __main__ - INFO - Worker api-0 handler configs: ['python/v1', 'ollama/v1', 'http/v1', 'file/v1', 'timer/v1', 'signal/v1', 'workflow/v1']
[2025-11-04 16:29:37] [STDERR] 2025-11-04 16:29:37,334 - gleitzeit.orchestrator.component_orchestrator - INFO - [ui-0:stderr] 2025-11-04 16:29:37,333 - __main__ - INFO - Worker ui-0 handler configs: ['python/v1', 'ollama/v1', 'http/v1', 'file/v1', 'timer/v1', 'signal/v1', 'workflow/v1']
[2025-11-04 16:29:37] [STDERR] 2025-11-04 16:29:37,334 - gleitzeit.orchestrator.component_orchestrator - INFO - [api-0:stderr] 2025-11-04 16:29:37,333 - gleitzeit.core.redis_cluster - INFO - Redis single instance initialized at localhost:6379
[2025-11-04 16:29:37] [STDERR] 2025-11-04 16:29:37,334 - gleitzeit.orchestrator.component_orchestrator - INFO - [ui-0:stderr] 2025-11-04 16:29:37,333 - gleitzeit.core.redis_cluster - INFO - Redis single instance initialized at localhost:6379
[2025-11-04 16:29:37] [STDERR] 2025-11-04 16:29:37,334 - gleitzeit.orchestrator.component_orchestrator - ERROR - [api-0:stderr] 2025-11-04 16:29:37,334 - api.api-0 - ERROR - Cannot start API: Port 8000 is already in use. Either stop the existing service or use --api-port to specify a different port.
[2025-11-04 16:29:37] [STDERR] 2025-11-04 16:29:37,334 - gleitzeit.orchestrator.component_orchestrator - ERROR - [ui-0:stderr] 2025-11-04 16:29:37,334 - ui.ui-0 - ERROR - Cannot start UI: Port 8004 is already in use. Either stop the existing service or use --ui-port to specify a different port.
[2025-11-04 16:29:37] [STDERR] 2025-11-04 16:29:37,335 - gleitzeit.orchestrator.component_orchestrator - ERROR - [api-0:stderr] 2025-11-04 16:29:37,334 - __main__ - ERROR - Worker failed: Cannot start API: Port 8000 is already in use. Either stop the existing service or use --api-port to specify a different port.
[2025-11-04 16:29:37] [STDERR] 2025-11-04 16:29:37,335 - gleitzeit.orchestrator.component_orchestrator - ERROR - [ui-0:stderr] 2025-11-04 16:29:37,334 - __main__ - ERROR - Worker failed: Cannot start UI: Port 8004 is already in use. Either stop the existing service or use --ui-port to specify a different port.
[2025-11-04 16:29:37] [STDERR] 2025-11-04 16:29:37,335 - gleitzeit.orchestrator.component_orchestrator - INFO - [api-0:stderr] Traceback (most recent call last):
[2025-11-04 16:29:37] [STDERR] 2025-11-04 16:29:37,335 - gleitzeit.orchestrator.component_orchestrator - INFO - [ui-0:stderr] Traceback (most recent call last):
[2025-11-04 16:29:37] [STDERR] 2025-11-04 16:29:37,335 - gleitzeit.orchestrator.component_orchestrator - INFO - [api-0:stderr] File "/Users/leifmarkthaler/github/gleitzeit 0.0.7/src/gleitzeit/workers/runner.py", line 116, in run_worker
[2025-11-04 16:29:37] [STDERR] 2025-11-04 16:29:37,335 - gleitzeit.orchestrator.component_orchestrator - INFO - [ui-0:stderr] File "/Users/leifmarkthaler/github/gleitzeit 0.0.7/src/gleitzeit/workers/runner.py", line 116, in run_worker
[2025-11-04 16:29:37] [STDERR] 2025-11-04 16:29:37,335 - gleitzeit.orchestrator.component_orchestrator - INFO - [api-0:stderr] await worker.initialize()
[2025-11-04 16:29:37] [STDERR] 2025-11-04 16:29:37,336 - gleitzeit.orchestrator.component_orchestrator - INFO - [ui-0:stderr] await worker.initialize()
[2025-11-04 16:29:37] [STDERR] 2025-11-04 16:29:37,336 - gleitzeit.orchestrator.component_orchestrator - INFO - [api-0:stderr] File "/Users/leifmarkthaler/github/gleitzeit 0.0.7/src/gleitzeit/workers/base.py", line 113, in initialize
[2025-11-04 16:29:37] [STDERR] 2025-11-04 16:29:37,336 - gleitzeit.orchestrator.component_orchestrator - INFO - [ui-0:stderr] File "/Users/leifmarkthaler/github/gleitzeit 0.0.7/src/gleitzeit/workers/base.py", line 113, in initialize
[2025-11-04 16:29:37] [STDERR] 2025-11-04 16:29:37,336 - gleitzeit.orchestrator.component_orchestrator - INFO - [api-0:stderr] await self.on_initialize()
[2025-11-04 16:29:37] [STDERR] 2025-11-04 16:29:37,336 - gleitzeit.orchestrator.component_orchestrator - INFO - [ui-0:stderr] await self.on_initialize()
[2025-11-04 16:29:37] [STDERR] 2025-11-04 16:29:37,336 - gleitzeit.orchestrator.component_orchestrator - INFO - [api-0:stderr] File "/Users/leifmarkthaler/github/gleitzeit 0.0.7/src/gleitzeit/workers/api_worker.py", line 45, in on_initialize
[2025-11-04 16:29:37] [STDERR] 2025-11-04 16:29:37,336 - gleitzeit.orchestrator.component_orchestrator - INFO - [ui-0:stderr] File "/Users/leifmarkthaler/github/gleitzeit 0.0.7/src/gleitzeit/workers/ui_worker.py", line 46, in on_initialize
[2025-11-04 16:29:37] [STDERR] 2025-11-04 16:29:37,336 - gleitzeit.orchestrator.component_orchestrator - INFO - [api-0:stderr] raise RuntimeError(error_msg)
[2025-11-04 16:29:37] [STDERR] 2025-11-04 16:29:37,336 - gleitzeit.orchestrator.component_orchestrator - INFO - [ui-0:stderr] raise RuntimeError(error_msg)
[2025-11-04 16:29:37] [STDERR] 2025-11-04 16:29:37,336 - gleitzeit.orchestrator.component_orchestrator - INFO - [api-0:stderr] RuntimeError: Cannot start API: Port 8000 is already in use. Either stop the existing service or use --api-port to specify a different port.
[2025-11-04 16:29:37] [STDERR] 2025-11-04 16:29:37,337 - gleitzeit.orchestrator.component_orchestrator - INFO - [ui-0:stderr] RuntimeError: Cannot start UI: Port 8004 is already in use. Either stop the existing service or use --ui-port to specify a different port.
[2025-11-04 16:29:38] [STDERR] 2025-11-04 16:29:38,779 - gleitzeit.orchestrator.component_orchestrator - INFO - [signal-0:stderr] 2025-11-04 16:29:38,779 - gleitzeit.workers.signal_worker - INFO - Signal processing loop iteration 1580
[2025-11-04 16:29:48] [STDERR] 2025-11-04 16:29:48,817 - gleitzeit.orchestrator.component_orchestrator - INFO - [signal-0:stderr] 2025-11-04 16:29:48,817 - gleitzeit.workers.signal_worker - INFO - Signal processing loop iteration 1600
[2025-11-04 16:29:58] [STDERR] 2025-11-04 16:29:58,836 - gleitzeit.orchestrator.component_orchestrator - INFO - [signal-0:stderr] 2025-11-04 16:29:58,836 - gleitzeit.workers.signal_worker - INFO - Signal processing loop iteration 1620
[2025-11-04 16:30:08] [STDERR] 2025-11-04 16:30:08,891 - gleitzeit.orchestrator.component_orchestrator - INFO - [signal-0:stderr] 2025-11-04 16:30:08,890 - gleitzeit.workers.signal_worker - INFO - Signal processing loop iteration 1640
[2025-11-04 16:30:17] [STDERR] 2025-11-04 16:30:17,050 - gleitzeit.orchestrator.component_orchestrator - WARNING - Worker api-0 unhealthy, restarting
[2025-11-04 16:30:17] [STDERR] 2025-11-04 16:30:17,050 - gleitzeit.orchestrator.component_orchestrator - INFO - Restarting worker api-0
[2025-11-04 16:30:17] [STDERR] 2025-11-04 16:30:17,050 - gleitzeit.orchestrator.component_orchestrator - INFO - Stopping worker api-0
[2025-11-04 16:30:17] [STDERR] 2025-11-04 16:30:17,050 - gleitzeit.orchestrator.component_orchestrator - INFO - Starting worker api-0 with shards [0, 1, 2, 3, 4, 5, 6, 7, 8, 9, 10, 11, 12, 13, 14, 15]
[2025-11-04 16:30:17] [STDERR] 2025-11-04 16:30:17,051 - gleitzeit.orchestrator.component_orchestrator - INFO - Stored config for api-0 at key: worker:config:api-0:88dde45c
[2025-11-04 16:30:17] [STDERR] 2025-11-04 16:30:17,053 - gleitzeit.orchestrator.component_orchestrator - WARNING - Worker ui-0 unhealthy, restarting
[2025-11-04 16:30:17] [STDERR] 2025-11-04 16:30:17,053 - gleitzeit.orchestrator.component_orchestrator - INFO - Restarting worker ui-0
[2025-11-04 16:30:17] [STDERR] 2025-11-04 16:30:17,053 - gleitzeit.orchestrator.component_orchestrator - INFO - Stopping worker ui-0
[2025-11-04 16:30:17] [STDERR] 2025-11-04 16:30:17,053 - gleitzeit.orchestrator.component_orchestrator - INFO - Starting worker ui-0 with shards [0, 1, 2, 3, 4, 5, 6, 7, 8, 9, 10, 11, 12, 13, 14, 15]
[2025-11-04 16:30:17] [STDERR] 2025-11-04 16:30:17,054 - gleitzeit.orchestrator.component_orchestrator - INFO - Stored config for ui-0 at key: worker:config:ui-0:5460bcac
[2025-11-04 16:30:17] [STDERR] 2025-11-04 16:30:17,278 - gleitzeit.orchestrator.component_orchestrator - INFO - [ui-0:stderr] 2025-11-04 16:30:17,278 - __main__ - INFO - Initialized worker instance identity: gleitzei-529d6f54
[2025-11-04 16:30:17] [STDERR] 2025-11-04 16:30:17,279 - gleitzeit.orchestrator.component_orchestrator - INFO - [api-0:stderr] 2025-11-04 16:30:17,278 - __main__ - INFO - Initialized worker instance identity: gleitzei-529d6f54
[2025-11-04 16:30:17] [STDERR] 2025-11-04 16:30:17,279 - gleitzeit.orchestrator.component_orchestrator - INFO - [api-0:stderr] 2025-11-04 16:30:17,278 - __main__ - INFO - Loading configuration from Redis key: worker:config:api-0:88dde45c
[2025-11-04 16:30:17] [STDERR] 2025-11-04 16:30:17,279 - gleitzeit.orchestrator.component_orchestrator - INFO - [ui-0:stderr] 2025-11-04 16:30:17,278 - __main__ - INFO - Loading configuration from Redis key: worker:config:ui-0:5460bcac
[2025-11-04 16:30:17] [STDERR] 2025-11-04 16:30:17,280 - gleitzeit.orchestrator.component_orchestrator - INFO - [ui-0:stderr] 2025-11-04 16:30:17,280 - __main__ - INFO - Loaded config for worker ui-0
[2025-11-04 16:30:17] [STDERR] 2025-11-04 16:30:17,281 - gleitzeit.orchestrator.component_orchestrator - INFO - [api-0:stderr] 2025-11-04 16:30:17,280 - __main__ - INFO - Loaded config for worker api-0
[2025-11-04 16:30:17] [STDERR] 2025-11-04 16:30:17,299 - gleitzeit.orchestrator.component_orchestrator - INFO - [api-0:stderr] 2025-11-04 16:30:17,299 - __main__ - INFO - Worker api-0 handler configs: ['python/v1', 'ollama/v1', 'http/v1', 'file/v1', 'timer/v1', 'signal/v1', 'workflow/v1']
[2025-11-04 16:30:17] [STDERR] 2025-11-04 16:30:17,299 - gleitzeit.orchestrator.component_orchestrator - INFO - [ui-0:stderr] 2025-11-04 16:30:17,299 - __main__ - INFO - Worker ui-0 handler configs: ['python/v1', 'ollama/v1', 'http/v1', 'file/v1', 'timer/v1', 'signal/v1', 'workflow/v1']
[2025-11-04 16:30:17] [STDERR] 2025-11-04 16:30:17,299 - gleitzeit.orchestrator.component_orchestrator - INFO - [api-0:stderr] 2025-11-04 16:30:17,299 - gleitzeit.core.redis_cluster - INFO - Redis single instance initialized at localhost:6379
[2025-11-04 16:30:17] [STDERR] 2025-11-04 16:30:17,300 - gleitzeit.orchestrator.component_orchestrator - INFO - [ui-0:stderr] 2025-11-04 16:30:17,299 - gleitzeit.core.redis_cluster - INFO - Redis single instance initialized at localhost:6379
[2025-11-04 16:30:17] [STDERR] 2025-11-04 16:30:17,300 - gleitzeit.orchestrator.component_orchestrator - ERROR - [api-0:stderr] 2025-11-04 16:30:17,299 - api.api-0 - ERROR - Cannot start API: Port 8000 is already in use. Either stop the existing service or use --api-port to specify a different port.
[2025-11-04 16:30:17] [STDERR] 2025-11-04 16:30:17,300 - gleitzeit.orchestrator.component_orchestrator - ERROR - [ui-0:stderr] 2025-11-04 16:30:17,299 - ui.ui-0 - ERROR - Cannot start UI: Port 8004 is already in use. Either stop the existing service or use --ui-port to specify a different port.
[2025-11-04 16:30:17] [STDERR] 2025-11-04 16:30:17,301 - gleitzeit.orchestrator.component_orchestrator - ERROR - [api-0:stderr] 2025-11-04 16:30:17,299 - __main__ - ERROR - Worker failed: Cannot start API: Port 8000 is already in use. Either stop the existing service or use --api-port to specify a different port.
[2025-11-04 16:30:17] [STDERR] 2025-11-04 16:30:17,301 - gleitzeit.orchestrator.component_orchestrator - INFO - [api-0:stderr] Traceback (most recent call last):
[2025-11-04 16:30:17] [STDERR] 2025-11-04 16:30:17,301 - gleitzeit.orchestrator.component_orchestrator - INFO - [api-0:stderr] File "/Users/leifmarkthaler/github/gleitzeit 0.0.7/src/gleitzeit/workers/runner.py", line 116, in run_worker
[2025-11-04 16:30:17] [STDERR] 2025-11-04 16:30:17,301 - gleitzeit.orchestrator.component_orchestrator - INFO - [api-0:stderr] await worker.initialize()
[2025-11-04 16:30:17] [STDERR] 2025-11-04 16:30:17,301 - gleitzeit.orchestrator.component_orchestrator - ERROR - [ui-0:stderr] 2025-11-04 16:30:17,299 - __main__ - ERROR - Worker failed: Cannot start UI: Port 8004 is already in use. Either stop the existing service or use --ui-port to specify a different port.
[2025-11-04 16:30:17] [STDERR] 2025-11-04 16:30:17,301 - gleitzeit.orchestrator.component_orchestrator - INFO - [api-0:stderr] File "/Users/leifmarkthaler/github/gleitzeit 0.0.7/src/gleitzeit/workers/base.py", line 113, in initialize
[2025-11-04 16:30:17] [STDERR] 2025-11-04 16:30:17,301 - gleitzeit.orchestrator.component_orchestrator - INFO - [ui-0:stderr] Traceback (most recent call last):
[2025-11-04 16:30:17] [STDERR] 2025-11-04 16:30:17,301 - gleitzeit.orchestrator.component_orchestrator - INFO - [api-0:stderr] await self.on_initialize()
[2025-11-04 16:30:17] [STDERR] 2025-11-04 16:30:17,301 - gleitzeit.orchestrator.component_orchestrator - INFO - [ui-0:stderr] File "/Users/leifmarkthaler/github/gleitzeit 0.0.7/src/gleitzeit/workers/runner.py", line 116, in run_worker
[2025-11-04 16:30:17] [STDERR] 2025-11-04 16:30:17,301 - gleitzeit.orchestrator.component_orchestrator - INFO - [api-0:stderr] File "/Users/leifmarkthaler/github/gleitzeit 0.0.7/src/gleitzeit/workers/api_worker.py", line 45, in on_initialize
[2025-11-04 16:30:17] [STDERR] 2025-11-04 16:30:17,301 - gleitzeit.orchestrator.component_orchestrator - INFO - [ui-0:stderr] await worker.initialize()
[2025-11-04 16:30:17] [STDERR] 2025-11-04 16:30:17,301 - gleitzeit.orchestrator.component_orchestrator - INFO - [api-0:stderr] raise RuntimeError(error_msg)
[2025-11-04 16:30:17] [STDERR] 2025-11-04 16:30:17,302 - gleitzeit.orchestrator.component_orchestrator - INFO - [ui-0:stderr] File "/Users/leifmarkthaler/github/gleitzeit 0.0.7/src/gleitzeit/workers/base.py", line 113, in initialize
[2025-11-04 16:30:17] [STDERR] 2025-11-04 16:30:17,302 - gleitzeit.orchestrator.component_orchestrator - INFO - [api-0:stderr] RuntimeError: Cannot start API: Port 8000 is already in use. Either stop the existing service or use --api-port to specify a different port.
[2025-11-04 16:30:17] [STDERR] 2025-11-04 16:30:17,302 - gleitzeit.orchestrator.component_orchestrator - INFO - [ui-0:stderr] await self.on_initialize()
[2025-11-04 16:30:17] [STDERR] 2025-11-04 16:30:17,302 - gleitzeit.orchestrator.component_orchestrator - INFO - [ui-0:stderr] File "/Users/leifmarkthaler/github/gleitzeit 0.0.7/src/gleitzeit/workers/ui_worker.py", line 46, in on_initialize
[2025-11-04 16:30:17] [STDERR] 2025-11-04 16:30:17,302 - gleitzeit.orchestrator.component_orchestrator - INFO - [ui-0:stderr] raise RuntimeError(error_msg)
[2025-11-04 16:30:17] [STDERR] 2025-11-04 16:30:17,302 - gleitzeit.orchestrator.component_orchestrator - INFO - [ui-0:stderr] RuntimeError: Cannot start UI: Port 8004 is already in use. Either stop the existing service or use --ui-port to specify a different port.
[2025-11-04 16:30:18] [STDERR] 2025-11-04 16:30:18,912 - gleitzeit.orchestrator.component_orchestrator - INFO - [signal-0:stderr] 2025-11-04 16:30:18,911 - gleitzeit.workers.signal_worker - INFO - Signal processing loop iteration 1660
[2025-11-04 16:30:28] [STDERR] 2025-11-04 16:30:28,932 - gleitzeit.orchestrator.component_orchestrator - INFO - [signal-0:stderr] 2025-11-04 16:30:28,932 - gleitzeit.workers.signal_worker - INFO - Signal processing loop iteration 1680
[2025-11-04 16:30:38] [STDERR] 2025-11-04 16:30:38,991 - gleitzeit.orchestrator.component_orchestrator - INFO - [signal-0:stderr] 2025-11-04 16:30:38,991 - gleitzeit.workers.signal_worker - INFO - Signal processing loop iteration 1700
[2025-11-04 16:30:49] [STDERR] 2025-11-04 16:30:49,010 - gleitzeit.orchestrator.component_orchestrator - INFO - [signal-0:stderr] 2025-11-04 16:30:49,010 - gleitzeit.workers.signal_worker - INFO - Signal processing loop iteration 1720
[2025-11-04 16:30:57] [STDERR] 2025-11-04 16:30:57,069 - gleitzeit.orchestrator.component_orchestrator - WARNING - Worker api-0 unhealthy, restarting
[2025-11-04 16:30:57] [STDERR] 2025-11-04 16:30:57,069 - gleitzeit.orchestrator.component_orchestrator - INFO - Restarting worker api-0
[2025-11-04 16:30:57] [STDERR] 2025-11-04 16:30:57,069 - gleitzeit.orchestrator.component_orchestrator - INFO - Stopping worker api-0
[2025-11-04 16:30:57] [STDERR] 2025-11-04 16:30:57,071 - gleitzeit.orchestrator.component_orchestrator - INFO - Starting worker api-0 with shards [0, 1, 2, 3, 4, 5, 6, 7, 8, 9, 10, 11, 12, 13, 14, 15]
[2025-11-04 16:30:57] [STDERR] 2025-11-04 16:30:57,071 - gleitzeit.orchestrator.component_orchestrator - INFO - Stored config for api-0 at key: worker:config:api-0:d277f968
[2025-11-04 16:30:57] [STDERR] 2025-11-04 16:30:57,075 - gleitzeit.orchestrator.component_orchestrator - WARNING - Worker ui-0 unhealthy, restarting
[2025-11-04 16:30:57] [STDERR] 2025-11-04 16:30:57,075 - gleitzeit.orchestrator.component_orchestrator - INFO - Restarting worker ui-0
[2025-11-04 16:30:57] [STDERR] 2025-11-04 16:30:57,075 - gleitzeit.orchestrator.component_orchestrator - INFO - Stopping worker ui-0
[2025-11-04 16:30:57] [STDERR] 2025-11-04 16:30:57,076 - gleitzeit.orchestrator.component_orchestrator - INFO - Starting worker ui-0 with shards [0, 1, 2, 3, 4, 5, 6, 7, 8, 9, 10, 11, 12, 13, 14, 15]
[2025-11-04 16:30:57] [STDERR] 2025-11-04 16:30:57,076 - gleitzeit.orchestrator.component_orchestrator - INFO - Stored config for ui-0 at key: worker:config:ui-0:fc773114
[2025-11-04 16:30:57] [STDERR] 2025-11-04 16:30:57,335 - gleitzeit.orchestrator.component_orchestrator - INFO - [ui-0:stderr] 2025-11-04 16:30:57,335 - __main__ - INFO - Initialized worker instance identity: gleitzei-529d6f54
[2025-11-04 16:30:57] [STDERR] 2025-11-04 16:30:57,336 - gleitzeit.orchestrator.component_orchestrator - INFO - [api-0:stderr] 2025-11-04 16:30:57,335 - __main__ - INFO - Initialized worker instance identity: gleitzei-529d6f54
[2025-11-04 16:30:57] [STDERR] 2025-11-04 16:30:57,336 - gleitzeit.orchestrator.component_orchestrator - INFO - [api-0:stderr] 2025-11-04 16:30:57,335 - __main__ - INFO - Loading configuration from Redis key: worker:config:api-0:d277f968
[2025-11-04 16:30:57] [STDERR] 2025-11-04 16:30:57,336 - gleitzeit.orchestrator.component_orchestrator - INFO - [ui-0:stderr] 2025-11-04 16:30:57,336 - __main__ - INFO - Loading configuration from Redis key: worker:config:ui-0:fc773114
[2025-11-04 16:30:57] [STDERR] 2025-11-04 16:30:57,338 - gleitzeit.orchestrator.component_orchestrator - INFO - [ui-0:stderr] 2025-11-04 16:30:57,338 - __main__ - INFO - Loaded config for worker ui-0
[2025-11-04 16:30:57] [STDERR] 2025-11-04 16:30:57,338 - gleitzeit.orchestrator.component_orchestrator - INFO - [api-0:stderr] 2025-11-04 16:30:57,338 - __main__ - INFO - Loaded config for worker api-0
[2025-11-04 16:30:57] [STDERR] 2025-11-04 16:30:57,357 - gleitzeit.orchestrator.component_orchestrator - INFO - [api-0:stderr] 2025-11-04 16:30:57,357 - __main__ - INFO - Worker api-0 handler configs: ['python/v1', 'ollama/v1', 'http/v1', 'file/v1', 'timer/v1', 'signal/v1', 'workflow/v1']
[2025-11-04 16:30:57] [STDERR] 2025-11-04 16:30:57,357 - gleitzeit.orchestrator.component_orchestrator - INFO - [ui-0:stderr] 2025-11-04 16:30:57,357 - __main__ - INFO - Worker ui-0 handler configs: ['python/v1', 'ollama/v1', 'http/v1', 'file/v1', 'timer/v1', 'signal/v1', 'workflow/v1']
[2025-11-04 16:30:57] [STDERR] 2025-11-04 16:30:57,357 - gleitzeit.orchestrator.component_orchestrator - INFO - [ui-0:stderr] 2025-11-04 16:30:57,357 - gleitzeit.core.redis_cluster - INFO - Redis single instance initialized at localhost:6379
[2025-11-04 16:30:57] [STDERR] 2025-11-04 16:30:57,357 - gleitzeit.orchestrator.component_orchestrator - INFO - [api-0:stderr] 2025-11-04 16:30:57,357 - gleitzeit.core.redis_cluster - INFO - Redis single instance initialized at localhost:6379
[2025-11-04 16:30:57] [STDERR] 2025-11-04 16:30:57,357 - gleitzeit.orchestrator.component_orchestrator - ERROR - [ui-0:stderr] 2025-11-04 16:30:57,357 - ui.ui-0 - ERROR - Cannot start UI: Port 8004 is already in use. Either stop the existing service or use --ui-port to specify a different port.
[2025-11-04 16:30:57] [STDERR] 2025-11-04 16:30:57,357 - gleitzeit.orchestrator.component_orchestrator - ERROR - [api-0:stderr] 2025-11-04 16:30:57,357 - api.api-0 - ERROR - Cannot start API: Port 8000 is already in use. Either stop the existing service or use --api-port to specify a different port.
[2025-11-04 16:30:57] [STDERR] 2025-11-04 16:30:57,358 - gleitzeit.orchestrator.component_orchestrator - ERROR - [api-0:stderr] 2025-11-04 16:30:57,357 - __main__ - ERROR - Worker failed: Cannot start API: Port 8000 is already in use. Either stop the existing service or use --api-port to specify a different port.
[2025-11-04 16:30:57] [STDERR] 2025-11-04 16:30:57,359 - gleitzeit.orchestrator.component_orchestrator - INFO - [api-0:stderr] Traceback (most recent call last):
[2025-11-04 16:30:57] [STDERR] 2025-11-04 16:30:57,359 - gleitzeit.orchestrator.component_orchestrator - INFO - [api-0:stderr] File "/Users/leifmarkthaler/github/gleitzeit 0.0.7/src/gleitzeit/workers/runner.py", line 116, in run_worker
[2025-11-04 16:30:57] [STDERR] 2025-11-04 16:30:57,359 - gleitzeit.orchestrator.component_orchestrator - INFO - [api-0:stderr] await worker.initialize()
[2025-11-04 16:30:57] [STDERR] 2025-11-04 16:30:57,359 - gleitzeit.orchestrator.component_orchestrator - ERROR - [ui-0:stderr] 2025-11-04 16:30:57,357 - __main__ - ERROR - Worker failed: Cannot start UI: Port 8004 is already in use. Either stop the existing service or use --ui-port to specify a different port.
[2025-11-04 16:30:57] [STDERR] 2025-11-04 16:30:57,359 - gleitzeit.orchestrator.component_orchestrator - INFO - [api-0:stderr] File "/Users/leifmarkthaler/github/gleitzeit 0.0.7/src/gleitzeit/workers/base.py", line 113, in initialize
[2025-11-04 16:30:57] [STDERR] 2025-11-04 16:30:57,359 - gleitzeit.orchestrator.component_orchestrator - INFO - [ui-0:stderr] Traceback (most recent call last):
[2025-11-04 16:30:57] [STDERR] 2025-11-04 16:30:57,359 - gleitzeit.orchestrator.component_orchestrator - INFO - [api-0:stderr] await self.on_initialize()
[2025-11-04 16:30:57] [STDERR] 2025-11-04 16:30:57,359 - gleitzeit.orchestrator.component_orchestrator - INFO - [ui-0:stderr] File "/Users/leifmarkthaler/github/gleitzeit 0.0.7/src/gleitzeit/workers/runner.py", line 116, in run_worker
[2025-11-04 16:30:57] [STDERR] 2025-11-04 16:30:57,359 - gleitzeit.orchestrator.component_orchestrator - INFO - [api-0:stderr] File "/Users/leifmarkthaler/github/gleitzeit 0.0.7/src/gleitzeit/workers/api_worker.py", line 45, in on_initialize
[2025-11-04 16:30:57] [STDERR] 2025-11-04 16:30:57,359 - gleitzeit.orchestrator.component_orchestrator - INFO - [ui-0:stderr] await worker.initialize()
[2025-11-04 16:30:57] [STDERR] 2025-11-04 16:30:57,359 - gleitzeit.orchestrator.component_orchestrator - INFO - [api-0:stderr] raise RuntimeError(error_msg)
[2025-11-04 16:30:57] [STDERR] 2025-11-04 16:30:57,359 - gleitzeit.orchestrator.component_orchestrator - INFO - [ui-0:stderr] File "/Users/leifmarkthaler/github/gleitzeit 0.0.7/src/gleitzeit/workers/base.py", line 113, in initialize
[2025-11-04 16:30:57] [STDERR] 2025-11-04 16:30:57,359 - gleitzeit.orchestrator.component_orchestrator - INFO - [api-0:stderr] RuntimeError: Cannot start API: Port 8000 is already in use. Either stop the existing service or use --api-port to specify a different port.
[2025-11-04 16:30:57] [STDERR] 2025-11-04 16:30:57,360 - gleitzeit.orchestrator.component_orchestrator - INFO - [ui-0:stderr] await self.on_initialize()
[2025-11-04 16:30:57] [STDERR] 2025-11-04 16:30:57,360 - gleitzeit.orchestrator.component_orchestrator - INFO - [ui-0:stderr] File "/Users/leifmarkthaler/github/gleitzeit 0.0.7/src/gleitzeit/workers/ui_worker.py", line 46, in on_initialize
[2025-11-04 16:30:57] [STDERR] 2025-11-04 16:30:57,360 - gleitzeit.orchestrator.component_orchestrator - INFO - [ui-0:stderr] raise RuntimeError(error_msg)
[2025-11-04 16:30:57] [STDERR] 2025-11-04 16:30:57,360 - gleitzeit.orchestrator.component_orchestrator - INFO - [ui-0:stderr] RuntimeError: Cannot start UI: Port 8004 is already in use. Either stop the existing service or use --ui-port to specify a different port.
[2025-11-04 16:30:59] [STDERR] 2025-11-04 16:30:59,032 - gleitzeit.orchestrator.component_orchestrator - INFO - [signal-0:stderr] 2025-11-04 16:30:59,032 - gleitzeit.workers.signal_worker - INFO - Signal processing loop iteration 1740
[2025-11-04 16:31:09] [STDERR] 2025-11-04 16:31:09,098 - gleitzeit.orchestrator.component_orchestrator - INFO - [signal-0:stderr] 2025-11-04 16:31:09,098 - gleitzeit.workers.signal_worker - INFO - Signal processing loop iteration 1760
[2025-11-04 16:31:19] [STDERR] 2025-11-04 16:31:19,122 - gleitzeit.orchestrator.component_orchestrator - INFO - [signal-0:stderr] 2025-11-04 16:31:19,122 - gleitzeit.workers.signal_worker - INFO - Signal processing loop iteration 1780
[2025-11-04 16:31:29] [STDERR] 2025-11-04 16:31:29,141 - gleitzeit.orchestrator.component_orchestrator - INFO - [signal-0:stderr] 2025-11-04 16:31:29,140 - gleitzeit.workers.signal_worker - INFO - Signal processing loop iteration 1800
[2025-11-04 16:31:37] [STDERR] 2025-11-04 16:31:37,098 - gleitzeit.orchestrator.component_orchestrator - WARNING - Worker api-0 unhealthy, restarting
[2025-11-04 16:31:37] [STDERR] 2025-11-04 16:31:37,098 - gleitzeit.orchestrator.component_orchestrator - INFO - Restarting worker api-0
[2025-11-04 16:31:37] [STDERR] 2025-11-04 16:31:37,098 - gleitzeit.orchestrator.component_orchestrator - INFO - Stopping worker api-0
[2025-11-04 16:31:37] [STDERR] 2025-11-04 16:31:37,098 - gleitzeit.orchestrator.component_orchestrator - INFO - Starting worker api-0 with shards [0, 1, 2, 3, 4, 5, 6, 7, 8, 9, 10, 11, 12, 13, 14, 15]
[2025-11-04 16:31:37] [STDERR] 2025-11-04 16:31:37,098 - gleitzeit.orchestrator.component_orchestrator - INFO - Stored config for api-0 at key: worker:config:api-0:3d29fd96
[2025-11-04 16:31:37] [STDERR] 2025-11-04 16:31:37,101 - gleitzeit.orchestrator.component_orchestrator - WARNING - Worker ui-0 unhealthy, restarting
[2025-11-04 16:31:37] [STDERR] 2025-11-04 16:31:37,101 - gleitzeit.orchestrator.component_orchestrator - INFO - Restarting worker ui-0
[2025-11-04 16:31:37] [STDERR] 2025-11-04 16:31:37,101 - gleitzeit.orchestrator.component_orchestrator - INFO - Stopping worker ui-0
[2025-11-04 16:31:37] [STDERR] 2025-11-04 16:31:37,101 - gleitzeit.orchestrator.component_orchestrator - INFO - Starting worker ui-0 with shards [0, 1, 2, 3, 4, 5, 6, 7, 8, 9, 10, 11, 12, 13, 14, 15]
[2025-11-04 16:31:37] [STDERR] 2025-11-04 16:31:37,101 - gleitzeit.orchestrator.component_orchestrator - INFO - Stored config for ui-0 at key: worker:config:ui-0:4c8b1842
[2025-11-04 16:31:37] [STDERR] 2025-11-04 16:31:37,301 - gleitzeit.orchestrator.component_orchestrator - INFO - [ui-0:stderr] 2025-11-04 16:31:37,300 - __main__ - INFO - Initialized worker instance identity: gleitzei-529d6f54
[2025-11-04 16:31:37] [STDERR] 2025-11-04 16:31:37,301 - gleitzeit.orchestrator.component_orchestrator - INFO - [api-0:stderr] 2025-11-04 16:31:37,300 - __main__ - INFO - Initialized worker instance identity: gleitzei-529d6f54
[2025-11-04 16:31:37] [STDERR] 2025-11-04 16:31:37,301 - gleitzeit.orchestrator.component_orchestrator - INFO - [api-0:stderr] 2025-11-04 16:31:37,301 - __main__ - INFO - Loading configuration from Redis key: worker:config:api-0:3d29fd96
[2025-11-04 16:31:37] [STDERR] 2025-11-04 16:31:37,301 - gleitzeit.orchestrator.component_orchestrator - INFO - [ui-0:stderr] 2025-11-04 16:31:37,301 - __main__ - INFO - Loading configuration from Redis key: worker:config:ui-0:4c8b1842
[2025-11-04 16:31:37] [STDERR] 2025-11-04 16:31:37,303 - gleitzeit.orchestrator.component_orchestrator - INFO - [ui-0:stderr] 2025-11-04 16:31:37,303 - __main__ - INFO - Loaded config for worker ui-0
[2025-11-04 16:31:37] [STDERR] 2025-11-04 16:31:37,303 - gleitzeit.orchestrator.component_orchestrator - INFO - [api-0:stderr] 2025-11-04 16:31:37,303 - __main__ - INFO - Loaded config for worker api-0
[2025-11-04 16:31:37] [STDERR] 2025-11-04 16:31:37,325 - gleitzeit.orchestrator.component_orchestrator - INFO - [ui-0:stderr] 2025-11-04 16:31:37,325 - __main__ - INFO - Worker ui-0 handler configs: ['python/v1', 'ollama/v1', 'http/v1', 'file/v1', 'timer/v1', 'signal/v1', 'workflow/v1']
[2025-11-04 16:31:37] [STDERR] 2025-11-04 16:31:37,325 - gleitzeit.orchestrator.component_orchestrator - INFO - [api-0:stderr] 2025-11-04 16:31:37,325 - __main__ - INFO - Worker api-0 handler configs: ['python/v1', 'ollama/v1', 'http/v1', 'file/v1', 'timer/v1', 'signal/v1', 'workflow/v1']
[2025-11-04 16:31:37] [STDERR] 2025-11-04 16:31:37,325 - gleitzeit.orchestrator.component_orchestrator - INFO - [api-0:stderr] 2025-11-04 16:31:37,325 - gleitzeit.core.redis_cluster - INFO - Redis single instance initialized at localhost:6379
[2025-11-04 16:31:37] [STDERR] 2025-11-04 16:31:37,326 - gleitzeit.orchestrator.component_orchestrator - INFO - [ui-0:stderr] 2025-11-04 16:31:37,325 - gleitzeit.core.redis_cluster - INFO - Redis single instance initialized at localhost:6379
[2025-11-04 16:31:37] [STDERR] 2025-11-04 16:31:37,326 - gleitzeit.orchestrator.component_orchestrator - ERROR - [api-0:stderr] 2025-11-04 16:31:37,325 - api.api-0 - ERROR - Cannot start API: Port 8000 is already in use. Either stop the existing service or use --api-port to specify a different port.
[2025-11-04 16:31:37] [STDERR] 2025-11-04 16:31:37,326 - gleitzeit.orchestrator.component_orchestrator - ERROR - [ui-0:stderr] 2025-11-04 16:31:37,325 - ui.ui-0 - ERROR - Cannot start UI: Port 8004 is already in use. Either stop the existing service or use --ui-port to specify a different port.
[2025-11-04 16:31:37] [STDERR] 2025-11-04 16:31:37,327 - gleitzeit.orchestrator.component_orchestrator - ERROR - [api-0:stderr] 2025-11-04 16:31:37,325 - __main__ - ERROR - Worker failed: Cannot start API: Port 8000 is already in use. Either stop the existing service or use --api-port to specify a different port.
[2025-11-04 16:31:37] [STDERR] 2025-11-04 16:31:37,327 - gleitzeit.orchestrator.component_orchestrator - INFO - [api-0:stderr] Traceback (most recent call last):
[2025-11-04 16:31:37] [STDERR] 2025-11-04 16:31:37,327 - gleitzeit.orchestrator.component_orchestrator - INFO - [api-0:stderr] File "/Users/leifmarkthaler/github/gleitzeit 0.0.7/src/gleitzeit/workers/runner.py", line 116, in run_worker
[2025-11-04 16:31:37] [STDERR] 2025-11-04 16:31:37,327 - gleitzeit.orchestrator.component_orchestrator - INFO - [api-0:stderr] await worker.initialize()
[2025-11-04 16:31:37] [STDERR] 2025-11-04 16:31:37,327 - gleitzeit.orchestrator.component_orchestrator - ERROR - [ui-0:stderr] 2025-11-04 16:31:37,325 - __main__ - ERROR - Worker failed: Cannot start UI: Port 8004 is already in use. Either stop the existing service or use --ui-port to specify a different port.
[2025-11-04 16:31:37] [STDERR] 2025-11-04 16:31:37,327 - gleitzeit.orchestrator.component_orchestrator - INFO - [api-0:stderr] File "/Users/leifmarkthaler/github/gleitzeit 0.0.7/src/gleitzeit/workers/base.py", line 113, in initialize
[2025-11-04 16:31:37] [STDERR] 2025-11-04 16:31:37,327 - gleitzeit.orchestrator.component_orchestrator - INFO - [ui-0:stderr] Traceback (most recent call last):
[2025-11-04 16:31:37] [STDERR] 2025-11-04 16:31:37,327 - gleitzeit.orchestrator.component_orchestrator - INFO - [api-0:stderr] await self.on_initialize()
[2025-11-04 16:31:37] [STDERR] 2025-11-04 16:31:37,327 - gleitzeit.orchestrator.component_orchestrator - INFO - [ui-0:stderr] File "/Users/leifmarkthaler/github/gleitzeit 0.0.7/src/gleitzeit/workers/runner.py", line 116, in run_worker
[2025-11-04 16:31:37] [STDERR] 2025-11-04 16:31:37,327 - gleitzeit.orchestrator.component_orchestrator - INFO - [api-0:stderr] File "/Users/leifmarkthaler/github/gleitzeit 0.0.7/src/gleitzeit/workers/api_worker.py", line 45, in on_initialize
[2025-11-04 16:31:37] [STDERR] 2025-11-04 16:31:37,327 - gleitzeit.orchestrator.component_orchestrator - INFO - [ui-0:stderr] await worker.initialize()
[2025-11-04 16:31:37] [STDERR] 2025-11-04 16:31:37,327 - gleitzeit.orchestrator.component_orchestrator - INFO - [api-0:stderr] raise RuntimeError(error_msg)
[2025-11-04 16:31:37] [STDERR] 2025-11-04 16:31:37,327 - gleitzeit.orchestrator.component_orchestrator - INFO - [ui-0:stderr] File "/Users/leifmarkthaler/github/gleitzeit 0.0.7/src/gleitzeit/workers/base.py", line 113, in initialize
[2025-11-04 16:31:37] [STDERR] 2025-11-04 16:31:37,328 - gleitzeit.orchestrator.component_orchestrator - INFO - [api-0:stderr] RuntimeError: Cannot start API: Port 8000 is already in use. Either stop the existing service or use --api-port to specify a different port.
[2025-11-04 16:31:37] [STDERR] 2025-11-04 16:31:37,328 - gleitzeit.orchestrator.component_orchestrator - INFO - [ui-0:stderr] await self.on_initialize()
[2025-11-04 16:31:37] [STDERR] 2025-11-04 16:31:37,328 - gleitzeit.orchestrator.component_orchestrator - INFO - [ui-0:stderr] File "/Users/leifmarkthaler/github/gleitzeit 0.0.7/src/gleitzeit/workers/ui_worker.py", line 46, in on_initialize
[2025-11-04 16:31:37] [STDERR] 2025-11-04 16:31:37,328 - gleitzeit.orchestrator.component_orchestrator - INFO - [ui-0:stderr] raise RuntimeError(error_msg)
[2025-11-04 16:31:37] [STDERR] 2025-11-04 16:31:37,328 - gleitzeit.orchestrator.component_orchestrator - INFO - [ui-0:stderr] RuntimeError: Cannot start UI: Port 8004 is already in use. Either stop the existing service or use --ui-port to specify a different port.
[2025-11-04 16:31:39] [STDERR] 2025-11-04 16:31:39,210 - gleitzeit.orchestrator.component_orchestrator - INFO - [signal-0:stderr] 2025-11-04 16:31:39,205 - gleitzeit.workers.signal_worker - INFO - Signal processing loop iteration 1820
[2025-11-04 16:31:49] [STDERR] 2025-11-04 16:31:49,231 - gleitzeit.orchestrator.component_orchestrator - INFO - [signal-0:stderr] 2025-11-04 16:31:49,231 - gleitzeit.workers.signal_worker - INFO - Signal processing loop iteration 1840
[2025-11-04 16:31:59] [STDERR] 2025-11-04 16:31:59,252 - gleitzeit.orchestrator.component_orchestrator - INFO - [signal-0:stderr] 2025-11-04 16:31:59,251 - gleitzeit.workers.signal_worker - INFO - Signal processing loop iteration 1860
[2025-11-04 16:32:07] [STDERR] 2025-11-04 16:32:07,973 - gleitzeit.orchestrator.component_orchestrator - INFO - [workflow_loader-0:stderr] 2025-11-04 16:32:07,973 - gleitzeit.workers.workflow_loader_worker_v2 - INFO - Loading workflow 47cd6202-78a2-4895-84eb-84ad206949d2 from inline
[2025-11-04 16:32:07] [STDERR] 2025-11-04 16:32:07,975 - gleitzeit.orchestrator.component_orchestrator - INFO - [workflow_loader-0:stderr] 2025-11-04 16:32:07,975 - gleitzeit.workers.workflow_loader_worker_v2 - INFO - Raw workflow before transform: {
[2025-11-04 16:32:07] [STDERR] 2025-11-04 16:32:07,975 - gleitzeit.orchestrator.component_orchestrator - INFO - [workflow_loader-0:stderr] "name": "Simple Calculation",
[2025-11-04 16:32:07] [STDERR] 2025-11-04 16:32:07,976 - gleitzeit.orchestrator.component_orchestrator - INFO - [workflow_loader-0:stderr] "tasks": [
[2025-11-04 16:32:07] [STDERR] 2025-11-04 16:32:07,976 - gleitzeit.orchestrator.component_orchestrator - INFO - [workflow_loader-0:stderr] {
[2025-11-04 16:32:07] [STDERR] 2025-11-04 16:32:07,976 - gleitzeit.orchestrator.component_orchestrator - INFO - [workflow_loader-0:stderr] "id": "calculate",
[2025-11-04 16:32:07] [STDERR] 2025-11-04 16:32:07,976 - gleitzeit.orchestrator.component_orchestrator - INFO - [workflow_loader-0:stderr] "type": "python",
[2025-11-04 16:32:07] [STDERR] 2025-11-04 16:32:07,976 - gleitzeit.orchestrator.component_orchestrator - INFO - [workflow_loader-0:stderr] "params": {
[2025-11-04 16:32:07] [STDERR] 2025-11-04 16:32:07,976 - gleitzeit.orchestrator.component_orchestrator - INFO - [workflow_loader-0:stderr] "code": "\nresult = 2 + 2\nprint(f\"The answer is: {result}\")\n"
[2025-11-04 16:32:07] [STDERR] 2025-11-04 16:32:07,976 - gleitzeit.orchestrator.component_orchestrator - INFO - [workflow_loader-0:stderr] }
[2025-11-04 16:32:07] [STDERR] 2025-11-04 16:32:07,977 - gleitzeit.orchestrator.component_orchestrator - INFO - [workflow_loader-0:stderr] }
[2025-11-04 16:32:07] [STDERR] 2025-11-04 16:32:07,977 - gleitzeit.orchestrator.component_orchestrator - INFO - [workflow_loader-0:stderr] ],
[2025-11-04 16:32:07] [STDERR] 2025-11-04 16:32:07,977 - gleitzeit.orchestrator.component_orchestrator - INFO - [workflow_loader-0:stderr] "workflow_id": "47cd6202-78a2-4895-84eb-84ad206949d2"
[2025-11-04 16:32:07] [STDERR] 2025-11-04 16:32:07,977 - gleitzeit.orchestrator.component_orchestrator - INFO - [workflow_loader-0:stderr] }
[2025-11-04 16:32:07] [STDERR] 2025-11-04 16:32:07,977 - gleitzeit.orchestrator.component_orchestrator - INFO - [workflow_loader-0:stderr] 2025-11-04 16:32:07,975 - gleitzeit.workers.workflow_loader_worker_v2 - INFO - Workflow after transform: {
[2025-11-04 16:32:07] [STDERR] 2025-11-04 16:32:07,977 - gleitzeit.orchestrator.component_orchestrator - INFO - [workflow_loader-0:stderr] "id": "47cd6202-78a2-4895-84eb-84ad206949d2",
[2025-11-04 16:32:07] [STDERR] 2025-11-04 16:32:07,977 - gleitzeit.orchestrator.component_orchestrator - INFO - [workflow_loader-0:stderr] "name": "Simple Calculation",
[2025-11-04 16:32:07] [STDERR] 2025-11-04 16:32:07,978 - gleitzeit.orchestrator.component_orchestrator - INFO - [workflow_loader-0:stderr] "description": "",
[2025-11-04 16:32:07] [STDERR] 2025-11-04 16:32:07,978 - gleitzeit.orchestrator.component_orchestrator - INFO - [workflow_loader-0:stderr] "version": "1.0.0",
[2025-11-04 16:32:07] [STDERR] 2025-11-04 16:32:07,978 - gleitzeit.orchestrator.component_orchestrator - INFO - [workflow_loader-0:stderr] "created_at": "2025-11-04T15:32:07.975464",
[2025-11-04 16:32:07] [STDERR] 2025-11-04 16:32:07,978 - gleitzeit.orchestrator.component_orchestrator - INFO - [workflow_loader-0:stderr] "tasks": [
[2025-11-04 16:32:07] [STDERR] 2025-11-04 16:32:07,978 - gleitzeit.orchestrator.component_orchestrator - INFO - [workflow_loader-0:stderr] {
[2025-11-04 16:32:07] [STDERR] 2025-11-04 16:32:07,978 - gleitzeit.orchestrator.component_orchestrator - INFO - [workflow_loader-0:stderr] "id": "a3c511b8-0b6a-4738-9a12-c7acb3ae3bf8",
[2025-11-04 16:32:07] [STDERR] 2025-11-04 16:32:07,979 - gleitzeit.orchestrator.component_orchestrator - INFO - [workflow_loader-0:stderr] "workflow_id": "47cd6202-78a2-4895-84eb-84ad206949d2",
[2025-11-04 16:32:07] [STDERR] 2025-11-04 16:32:07,979 - gleitzeit.orchestrator.component_orchestrator - INFO - [workflow_loader-0:stderr] "name": "a3c511b8-0b6a-4738-9a12-c7acb3ae3bf8",
[2025-11-04 16:32:07] [STDERR] 2025-11-04 16:32:07,979 - gleitzeit.orchestrator.component_orchestrator - INFO - [workflow_loader-0:stderr] "description": "",
[2025-11-04 16:32:07] [STDERR] 2025-11-04 16:32:07,979 - gleitzeit.orchestrator.component_orchestrator - INFO - [workflow_loader-0:stderr] "protocol": "python/v1",
[2025-11-04 16:32:07] [STDERR] 2025-11-04 16:32:07,979 - gleitzeit.orchestrator.component_orchestrator - INFO - [workflow_loader-0:stderr] "method": "python/execute",
[2025-11-04 16:32:07] [STDERR] 2025-11-04 16:32:07,980 - gleitzeit.orchestrator.component_orchestrator - INFO - [workflow_loader-0:stderr] "params": {
[2025-11-04 16:32:07] [STDERR] 2025-11-04 16:32:07,980 - gleitzeit.orchestrator.component_orchestrator - INFO - [workflow_loader-0:stderr] "code": "\nresult = 2 + 2\nprint(f\"The answer is: {result}\")\n"
[2025-11-04 16:32:07] [STDERR] 2025-11-04 16:32:07,980 - gleitzeit.orchestrator.component_orchestrator - INFO - [workflow_loader-0:stderr] },
[2025-11-04 16:32:07] [STDERR] 2025-11-04 16:32:07,980 - gleitzeit.orchestrator.component_orchestrator - INFO - [workflow_loader-0:stderr] "dependencies": [],
[2025-11-04 16:32:07] [STDERR] 2025-11-04 16:32:07,980 - gleitzeit.orchestrator.component_orchestrator - INFO - [workflow_loader-0:stderr] "timeout": 300,
[2025-11-04 16:32:07] [STDERR] 2025-11-04 16:32:07,980 - gleitzeit.orchestrator.component_orchestrator - INFO - [workflow_loader-0:stderr] "retry": {
[2025-11-04 16:32:07] [STDERR] 2025-11-04 16:32:07,980 - gleitzeit.orchestrator.component_orchestrator - INFO - [workflow_loader-0:stderr] "max_retries": 2,
[2025-11-04 16:32:07] [STDERR] 2025-11-04 16:32:07,981 - gleitzeit.orchestrator.component_orchestrator - INFO - [workflow_loader-0:stderr] "strategy": "exponential_jitter",
[2025-11-04 16:32:07] [STDERR] 2025-11-04 16:32:07,981 - gleitzeit.orchestrator.component_orchestrator - INFO - [workflow_loader-0:stderr] "base_delay": 1.0,
[2025-11-04 16:32:07] [STDERR] 2025-11-04 16:32:07,981 - gleitzeit.orchestrator.component_orchestrator - INFO - [workflow_loader-0:stderr] "max_delay": 30.0,
[2025-11-04 16:32:07] [STDERR] 2025-11-04 16:32:07,981 - gleitzeit.orchestrator.component_orchestrator - INFO - [workflow_loader-0:stderr] "jitter": true,
[2025-11-04 16:32:07] [STDERR] 2025-11-04 16:32:07,981 - gleitzeit.orchestrator.component_orchestrator - INFO - [workflow_loader-0:stderr] "multiplier": 2.0
[2025-11-04 16:32:07] [STDERR] 2025-11-04 16:32:07,981 - gleitzeit.orchestrator.component_orchestrator - INFO - [workflow_loader-0:stderr] }
[2025-11-04 16:32:07] [STDERR] 2025-11-04 16:32:07,982 - gleitzeit.orchestrator.component_orchestrator - INFO - [workflow_loader-0:stderr] }
[2025-11-04 16:32:07] [STDERR] 2025-11-04 16:32:07,982 - gleitzeit.orchestrator.component_orchestrator - INFO - [workflow_loader-0:stderr] ]
[2025-11-04 16:32:07] [STDERR] 2025-11-04 16:32:07,982 - gleitzeit.orchestrator.component_orchestrator - INFO - [workflow_loader-0:stderr] }
[2025-11-04 16:32:07] [STDERR] 2025-11-04 16:32:07,982 - gleitzeit.orchestrator.component_orchestrator - INFO - [workflow_loader-0:stderr] 2025-11-04 16:32:07,979 - gleitzeit.workers.workflow_loader_worker_v2 - INFO - Workflow 47cd6202-78a2-4895-84eb-84ad206949d2 loaded and submitted to shard 14 with indexes
[2025-11-04 16:32:08] [STDERR] 2025-11-04 16:32:08,065 - gleitzeit.orchestrator.component_orchestrator - INFO - [dependency-0:stderr] 2025-11-04 16:32:08,065 - gleitzeit.workers.dependency_worker - INFO - Processing task completion: a3c511b8-0b6a-4738-9a12-c7acb3ae3bf8 from workflow 47cd6202-78a2-4895-84eb-84ad206949d2
[2025-11-04 16:32:08] [STDERR] 2025-11-04 16:32:08,068 - gleitzeit.orchestrator.component_orchestrator - INFO - [dependency-0:stderr] 2025-11-04 16:32:08,068 - gleitzeit.workers.dependency_worker - INFO - Workflow 47cd6202-78a2-4895-84eb-84ad206949d2 completed successfully!
[2025-11-04 16:32:08] [STDERR] 2025-11-04 16:32:08,999 - gleitzeit.orchestrator.component_orchestrator - INFO - [dependency-0:stderr] 2025-11-04 16:32:08,998 - gleitzeit.workers.dependency_worker - INFO - Processing task completion: a6cb48ad-92af-4c48-86aa-5bd0cf60fd3d from workflow 9e7f87e0-f960-4cdf-ae5a-a16a34ae4683
[2025-11-04 16:32:09] [STDERR] 2025-11-04 16:32:09,003 - gleitzeit.orchestrator.component_orchestrator - INFO - [dependency-0:stderr] 2025-11-04 16:32:09,003 - gleitzeit.workers.dependency_worker - INFO - Emitted ready task ac95088b-df8f-4851-bb1a-3e318d9b1267 to shard 6
[2025-11-04 16:32:09] [STDERR] 2025-11-04 16:32:09,003 - gleitzeit.orchestrator.component_orchestrator - INFO - [task_execution-0:stderr] 2025-11-04 16:32:09,003 - gleitzeit.workers.task_execution_worker - INFO - Processing task ac95088b-df8f-4851-bb1a-3e318d9b1267 from workflow 9e7f87e0-f960-4cdf-ae5a-a16a34ae4683
[2025-11-04 16:32:09] [STDERR] 2025-11-04 16:32:09,004 - gleitzeit.orchestrator.component_orchestrator - WARNING - [dependency-0:stderr] 2025-11-04 16:32:09,004 - gleitzeit.workers.dependency_worker - WARNING - Workflow 9e7f87e0-f960-4cdf-ae5a-a16a34ae4683 not found
[2025-11-04 16:32:09] [STDERR] 2025-11-04 16:32:09,004 - gleitzeit.orchestrator.component_orchestrator - INFO - [dependency-0:stderr] 2025-11-04 16:32:09,004 - gleitzeit.workers.dependency_worker - INFO - Transitioning workflow 9e7f87e0-f960-4cdf-ae5a-a16a34ae4683 from running to pending (task counts: {'completed': 0, 'failed': 0, 'scheduled': 0, 'waiting': 0, 'pending': 0, 'cancelled': 0, 'paused': 0})
[2025-11-04 16:32:09] [STDERR] 2025-11-04 16:32:09,006 - gleitzeit.orchestrator.component_orchestrator - INFO - [task_execution-0:stderr] 2025-11-04 16:32:09,005 - gleitzeit.workers.task_execution_worker - INFO - Executing task ac95088b-df8f-4851-bb1a-3e318d9b1267 with handler PythonHandler
[2025-11-04 16:32:09] [STDERR] 2025-11-04 16:32:09,055 - gleitzeit.orchestrator.component_orchestrator - ERROR - [task_execution-0:stderr] 2025-11-04 16:32:09,055 - gleitzeit.workers.task_execution_worker - ERROR - Task ac95088b-df8f-4851-bb1a-3e318d9b1267 failed: [TASK_EXECUTION_FAILED] Python execution failed: name 'dependencies' is not defined
[2025-11-04 16:32:09] [STDERR] 2025-11-04 16:32:09,059 - gleitzeit.orchestrator.component_orchestrator - INFO - [task_execution-0:stderr] 2025-11-04 16:32:09,058 - gleitzeit.workers.task_execution_worker - INFO - Emitted task failure to RetryWorker for ac95088b-df8f-4851-bb1a-3e318d9b1267
[2025-11-04 16:32:09] [STDERR] 2025-11-04 16:32:09,059 - gleitzeit.orchestrator.component_orchestrator - INFO - [retry-0:stderr] 2025-11-04 16:32:09,059 - gleitzeit.workers.retry_worker - INFO - Retry decision for ac95088b-df8f-4851-bb1a-3e318d9b1267: skip (attempt 0)
[2025-11-04 16:32:09] [STDERR] 2025-11-04 16:32:09,060 - gleitzeit.orchestrator.component_orchestrator - INFO - [dependency-0:stderr] 2025-11-04 16:32:09,060 - gleitzeit.workers.dependency_worker - INFO - Processing task completion: ac95088b-df8f-4851-bb1a-3e318d9b1267 from workflow 9e7f87e0-f960-4cdf-ae5a-a16a34ae4683
[2025-11-04 16:32:09] [STDERR] 2025-11-04 16:32:09,061 - gleitzeit.orchestrator.component_orchestrator - WARNING - [retry-0:stderr] 2025-11-04 16:32:09,061 - gleitzeit.workers.retry_worker - WARNING - Task ac95088b-df8f-4851-bb1a-3e318d9b1267 permanently failed: skip ({'reason': 'non_retryable_error'})
[2025-11-04 16:32:09] [STDERR] 2025-11-04 16:32:09,061 - gleitzeit.orchestrator.component_orchestrator - INFO - [dependency-0:stderr] 2025-11-04 16:32:09,061 - gleitzeit.workers.dependency_worker - INFO - Task 483c208e-7d74-42bb-aa20-7223f4636a8b blocked due to failed dependencies: ['ac95088b-df8f-4851-bb1a-3e318d9b1267']
[2025-11-04 16:32:09] [STDERR] 2025-11-04 16:32:09,064 - gleitzeit.orchestrator.component_orchestrator - INFO - [dependency-0:stderr] 2025-11-04 16:32:09,064 - gleitzeit.workers.dependency_worker - INFO - Workflow 9e7f87e0-f960-4cdf-ae5a-a16a34ae4683 failed with 1 failed tasks
[2025-11-04 16:32:09] [STDERR] 2025-11-04 16:32:09,311 - gleitzeit.orchestrator.component_orchestrator - INFO - [signal-0:stderr] 2025-11-04 16:32:09,311 - gleitzeit.workers.signal_worker - INFO - Signal processing loop iteration 1880
[2025-11-04 16:32:10] [STDERR] 2025-11-04 16:32:10,003 - gleitzeit.orchestrator.component_orchestrator - INFO - [workflow_loader-1:stderr] 2025-11-04 16:32:10,002 - gleitzeit.workers.workflow_loader_worker_v2 - INFO - Loading workflow ec4ef728-2fe3-449e-8a0b-12c9b92c218e from inline
[2025-11-04 16:32:10] [STDERR] 2025-11-04 16:32:10,005 - gleitzeit.orchestrator.component_orchestrator - INFO - [workflow_loader-1:stderr] 2025-11-04 16:32:10,005 - gleitzeit.workers.workflow_loader_worker_v2 - INFO - Raw workflow before transform: {
[2025-11-04 16:32:10] [STDERR] 2025-11-04 16:32:10,005 - gleitzeit.orchestrator.component_orchestrator - INFO - [workflow_loader-1:stderr] "name": "Parallel Processing",
[2025-11-04 16:32:10] [STDERR] 2025-11-04 16:32:10,005 - gleitzeit.orchestrator.component_orchestrator - INFO - [workflow_loader-1:stderr] "tasks": [
[2025-11-04 16:32:10] [STDERR] 2025-11-04 16:32:10,005 - gleitzeit.orchestrator.component_orchestrator - INFO - [workflow_loader-1:stderr] {
[2025-11-04 16:32:10] [STDERR] 2025-11-04 16:32:10,006 - gleitzeit.orchestrator.component_orchestrator - INFO - [workflow_loader-1:stderr] "id": "task_a",
[2025-11-04 16:32:10] [STDERR] 2025-11-04 16:32:10,006 - gleitzeit.orchestrator.component_orchestrator - INFO - [workflow_loader-1:stderr] "type": "python",
[2025-11-04 16:32:10] [STDERR] 2025-11-04 16:32:10,006 - gleitzeit.orchestrator.component_orchestrator - INFO - [workflow_loader-1:stderr] "params": {
[2025-11-04 16:32:10] [STDERR] 2025-11-04 16:32:10,006 - gleitzeit.orchestrator.component_orchestrator - INFO - [workflow_loader-1:stderr] "code": "\nimport time\ntime.sleep(1)\nresult = {\"task\": \"A\", \"value\": 100}\nprint(\"Task A completed\")\n"
[2025-11-04 16:32:10] [STDERR] 2025-11-04 16:32:10,006 - gleitzeit.orchestrator.component_orchestrator - INFO - [workflow_loader-1:stderr] }
[2025-11-04 16:32:10] [STDERR] 2025-11-04 16:32:10,006 - gleitzeit.orchestrator.component_orchestrator - INFO - [workflow_loader-1:stderr] },
[2025-11-04 16:32:10] [STDERR] 2025-11-04 16:32:10,007 - gleitzeit.orchestrator.component_orchestrator - INFO - [workflow_loader-1:stderr] {
[2025-11-04 16:32:10] [STDERR] 2025-11-04 16:32:10,007 - gleitzeit.orchestrator.component_orchestrator - INFO - [workflow_loader-1:stderr] "id": "task_b",
[2025-11-04 16:32:10] [STDERR] 2025-11-04 16:32:10,007 - gleitzeit.orchestrator.component_orchestrator - INFO - [workflow_loader-1:stderr] "type": "python",
[2025-11-04 16:32:10] [STDERR] 2025-11-04 16:32:10,007 - gleitzeit.orchestrator.component_orchestrator - INFO - [workflow_loader-1:stderr] "params": {
[2025-11-04 16:32:10] [STDERR] 2025-11-04 16:32:10,007 - gleitzeit.orchestrator.component_orchestrator - INFO - [workflow_loader-1:stderr] "code": "\nimport time\ntime.sleep(1)\nresult = {\"task\": \"B\", \"value\": 200}\nprint(\"Task B completed\")\n"
[2025-11-04 16:32:10] [STDERR] 2025-11-04 16:32:10,007 - gleitzeit.orchestrator.component_orchestrator - INFO - [workflow_loader-1:stderr] }
[2025-11-04 16:32:10] [STDERR] 2025-11-04 16:32:10,008 - gleitzeit.orchestrator.component_orchestrator - INFO - [workflow_loader-1:stderr] },
[2025-11-04 16:32:10] [STDERR] 2025-11-04 16:32:10,008 - gleitzeit.orchestrator.component_orchestrator - INFO - [workflow_loader-1:stderr] {
[2025-11-04 16:32:10] [STDERR] 2025-11-04 16:32:10,008 - gleitzeit.orchestrator.component_orchestrator - INFO - [workflow_loader-1:stderr] "id": "task_c",
[2025-11-04 16:32:10] [STDERR] 2025-11-04 16:32:10,008 - gleitzeit.orchestrator.component_orchestrator - INFO - [workflow_loader-1:stderr] "type": "python",
[2025-11-04 16:32:10] [STDERR] 2025-11-04 16:32:10,008 - gleitzeit.orchestrator.component_orchestrator - INFO - [workflow_loader-1:stderr] "params": {
[2025-11-04 16:32:10] [STDERR] 2025-11-04 16:32:10,008 - gleitzeit.orchestrator.component_orchestrator - INFO - [workflow_loader-1:stderr] "code": "\nimport time\ntime.sleep(1)\nresult = {\"task\": \"C\", \"value\": 300}\nprint(\"Task C completed\")\n"
[2025-11-04 16:32:10] [STDERR] 2025-11-04 16:32:10,008 - gleitzeit.orchestrator.component_orchestrator - INFO - [workflow_loader-1:stderr] }
[2025-11-04 16:32:10] [STDERR] 2025-11-04 16:32:10,009 - gleitzeit.orchestrator.component_orchestrator - INFO - [workflow_loader-1:stderr] },
[2025-11-04 16:32:10] [STDERR] 2025-11-04 16:32:10,009 - gleitzeit.orchestrator.component_orchestrator - INFO - [workflow_loader-1:stderr] {
[2025-11-04 16:32:10] [STDERR] 2025-11-04 16:32:10,009 - gleitzeit.orchestrator.component_orchestrator - INFO - [workflow_loader-1:stderr] "id": "combine",
[2025-11-04 16:32:10] [STDERR] 2025-11-04 16:32:10,009 - gleitzeit.orchestrator.component_orchestrator - INFO - [workflow_loader-1:stderr] "type": "python",
[2025-11-04 16:32:10] [STDERR] 2025-11-04 16:32:10,009 - gleitzeit.orchestrator.component_orchestrator - INFO - [workflow_loader-1:stderr] "depends_on": [
[2025-11-04 16:32:10] [STDERR] 2025-11-04 16:32:10,010 - gleitzeit.orchestrator.component_orchestrator - INFO - [workflow_loader-1:stderr] "task_a",
[2025-11-04 16:32:10] [STDERR] 2025-11-04 16:32:10,010 - gleitzeit.orchestrator.component_orchestrator - INFO - [workflow_loader-1:stderr] "task_b",
[2025-11-04 16:32:10] [STDERR] 2025-11-04 16:32:10,010 - gleitzeit.orchestrator.component_orchestrator - INFO - [workflow_loader-1:stderr] "task_c"
[2025-11-04 16:32:10] [STDERR] 2025-11-04 16:32:10,010 - gleitzeit.orchestrator.component_orchestrator - INFO - [workflow_loader-1:stderr] ],
[2025-11-04 16:32:10] [STDERR] 2025-11-04 16:32:10,010 - gleitzeit.orchestrator.component_orchestrator - INFO - [workflow_loader-1:stderr] "params": {
[2025-11-04 16:32:10] [STDERR] 2025-11-04 16:32:10,010 - gleitzeit.orchestrator.component_orchestrator - INFO - [workflow_loader-1:stderr] "code": "\n# Combine results from all parallel tasks\na = dependencies.get(\"task_a\", {})\nb = dependencies.get(\"task_b\", {})\nc = dependencies.get(\"task_c\", {})\n\ntotal = a.get(\"value\", 0) + b.get(\"value\", 0) + c.get(\"value\", 0)\nresult = {\n    \"all_tasks\": [a, b, c],\n    \"total\": total\n}\nprint(f\"Combined total: {total}\")\n"
[2025-11-04 16:32:10] [STDERR] 2025-11-04 16:32:10,011 - gleitzeit.orchestrator.component_orchestrator - INFO - [workflow_loader-1:stderr] }
[2025-11-04 16:32:10] [STDERR] 2025-11-04 16:32:10,011 - gleitzeit.orchestrator.component_orchestrator - INFO - [workflow_loader-1:stderr] }
[2025-11-04 16:32:10] [STDERR] 2025-11-04 16:32:10,011 - gleitzeit.orchestrator.component_orchestrator - INFO - [workflow_loader-1:stderr] ],
[2025-11-04 16:32:10] [STDERR] 2025-11-04 16:32:10,011 - gleitzeit.orchestrator.component_orchestrator - INFO - [task_execution-1:stderr] 2025-11-04 16:32:10,011 - gleitzeit.workers.task_execution_worker - INFO - Processing task cdc1e660-fe50-450b-aeae-3a8cd6dad7ad from workflow ec4ef728-2fe3-449e-8a0b-12c9b92c218e
[2025-11-04 16:32:10] [STDERR] 2025-11-04 16:32:10,011 - gleitzeit.orchestrator.component_orchestrator - INFO - [workflow_loader-1:stderr] "workflow_id": "ec4ef728-2fe3-449e-8a0b-12c9b92c218e"
[2025-11-04 16:32:10] [STDERR] 2025-11-04 16:32:10,011 - gleitzeit.orchestrator.component_orchestrator - INFO - [workflow_loader-1:stderr] }
[2025-11-04 16:32:10] [STDERR] 2025-11-04 16:32:10,012 - gleitzeit.orchestrator.component_orchestrator - INFO - [workflow_loader-1:stderr] 2025-11-04 16:32:10,005 - gleitzeit.workers.workflow_loader_worker_v2 - INFO - Workflow after transform: {
[2025-11-04 16:32:10] [STDERR] 2025-11-04 16:32:10,012 - gleitzeit.orchestrator.component_orchestrator - INFO - [workflow_loader-1:stderr] "id": "ec4ef728-2fe3-449e-8a0b-12c9b92c218e",
[2025-11-04 16:32:10] [STDERR] 2025-11-04 16:32:10,012 - gleitzeit.orchestrator.component_orchestrator - INFO - [workflow_loader-1:stderr] "name": "Parallel Processing",
[2025-11-04 16:32:10] [STDERR] 2025-11-04 16:32:10,012 - gleitzeit.orchestrator.component_orchestrator - INFO - [workflow_loader-1:stderr] "description": "",
[2025-11-04 16:32:10] [STDERR] 2025-11-04 16:32:10,013 - gleitzeit.orchestrator.component_orchestrator - INFO - [workflow_loader-1:stderr] "version": "1.0.0",
[2025-11-04 16:32:10] [STDERR] 2025-11-04 16:32:10,013 - gleitzeit.orchestrator.component_orchestrator - INFO - [workflow_loader-1:stderr] "created_at": "2025-11-04T15:32:10.005221",
[2025-11-04 16:32:10] [STDERR] 2025-11-04 16:32:10,013 - gleitzeit.orchestrator.component_orchestrator - INFO - [workflow_loader-1:stderr] "tasks": [
[2025-11-04 16:32:10] [STDERR] 2025-11-04 16:32:10,013 - gleitzeit.orchestrator.component_orchestrator - INFO - [workflow_loader-1:stderr] {
[2025-11-04 16:32:10] [STDERR] 2025-11-04 16:32:10,013 - gleitzeit.orchestrator.component_orchestrator - INFO - [workflow_loader-1:stderr] "id": "cdc1e660-fe50-450b-aeae-3a8cd6dad7ad",
[2025-11-04 16:32:10] [STDERR] 2025-11-04 16:32:10,013 - gleitzeit.orchestrator.component_orchestrator - INFO - [workflow_loader-1:stderr] "workflow_id": "ec4ef728-2fe3-449e-8a0b-12c9b92c218e",
[2025-11-04 16:32:10] [STDERR] 2025-11-04 16:32:10,014 - gleitzeit.orchestrator.component_orchestrator - INFO - [workflow_loader-1:stderr] "name": "cdc1e660-fe50-450b-aeae-3a8cd6dad7ad",
[2025-11-04 16:32:10] [STDERR] 2025-11-04 16:32:10,014 - gleitzeit.orchestrator.component_orchestrator - INFO - [workflow_loader-1:stderr] "description": "",
[2025-11-04 16:32:10] [STDERR] 2025-11-04 16:32:10,014 - gleitzeit.orchestrator.component_orchestrator - INFO - [workflow_loader-1:stderr] "protocol": "python/v1",
[2025-11-04 16:32:10] [STDERR] 2025-11-04 16:32:10,014 - gleitzeit.orchestrator.component_orchestrator - INFO - [workflow_loader-1:stderr] "method": "python/execute",
[2025-11-04 16:32:10] [STDERR] 2025-11-04 16:32:10,014 - gleitzeit.orchestrator.component_orchestrator - INFO - [workflow_loader-1:stderr] "params": {
[2025-11-04 16:32:10] [STDERR] 2025-11-04 16:32:10,014 - gleitzeit.orchestrator.component_orchestrator - INFO - [workflow_loader-1:stderr] "code": "\nimport time\ntime.sleep(1)\nresult = {\"task\": \"A\", \"value\": 100}\nprint(\"Task A completed\")\n"
[2025-11-04 16:32:10] [STDERR] 2025-11-04 16:32:10,015 - gleitzeit.orchestrator.component_orchestrator - INFO - [workflow_loader-1:stderr] },
[2025-11-04 16:32:10] [STDERR] 2025-11-04 16:32:10,015 - gleitzeit.orchestrator.component_orchestrator - INFO - [workflow_loader-1:stderr] "dependencies": [],
[2025-11-04 16:32:10] [STDERR] 2025-11-04 16:32:10,015 - gleitzeit.orchestrator.component_orchestrator - INFO - [workflow_loader-1:stderr] "timeout": 300,
[2025-11-04 16:32:10] [STDERR] 2025-11-04 16:32:10,015 - gleitzeit.orchestrator.component_orchestrator - INFO - [workflow_loader-1:stderr] "retry": {
[2025-11-04 16:32:10] [STDERR] 2025-11-04 16:32:10,015 - gleitzeit.orchestrator.component_orchestrator - INFO - [workflow_loader-1:stderr] "max_retries": 2,
[2025-11-04 16:32:10] [STDERR] 2025-11-04 16:32:10,015 - gleitzeit.orchestrator.component_orchestrator - INFO - [workflow_loader-1:stderr] "strategy": "exponential_jitter",
[2025-11-04 16:32:10] [STDERR] 2025-11-04 16:32:10,016 - gleitzeit.orchestrator.component_orchestrator - INFO - [workflow_loader-1:stderr] "base_delay": 1.0,
[2025-11-04 16:32:10] [STDERR] 2025-11-04 16:32:10,016 - gleitzeit.orchestrator.component_orchestrator - INFO - [workflow_loader-1:stderr] "max_delay": 30.0,
[2025-11-04 16:32:10] [STDERR] 2025-11-04 16:32:10,016 - gleitzeit.orchestrator.component_orchestrator - INFO - [workflow_loader-1:stderr] "jitter": true,
[2025-11-04 16:32:10] [STDERR] 2025-11-04 16:32:10,016 - gleitzeit.orchestrator.component_orchestrator - INFO - [workflow_loader-1:stderr] "multiplier": 2.0
[2025-11-04 16:32:10] [STDERR] 2025-11-04 16:32:10,016 - gleitzeit.orchestrator.component_orchestrator - INFO - [task_execution-1:stderr] 2025-11-04 16:32:10,016 - gleitzeit.workers.task_execution_worker - INFO - Executing task cdc1e660-fe50-450b-aeae-3a8cd6dad7ad with handler PythonHandler
[2025-11-04 16:32:10] [STDERR] 2025-11-04 16:32:10,016 - gleitzeit.orchestrator.component_orchestrator - INFO - [workflow_loader-1:stderr] }
[2025-11-04 16:32:10] [STDERR] 2025-11-04 16:32:10,016 - gleitzeit.orchestrator.component_orchestrator - INFO - [workflow_loader-1:stderr] },
[2025-11-04 16:32:10] [STDERR] 2025-11-04 16:32:10,017 - gleitzeit.orchestrator.component_orchestrator - INFO - [workflow_loader-1:stderr] {
[2025-11-04 16:32:10] [STDERR] 2025-11-04 16:32:10,017 - gleitzeit.orchestrator.component_orchestrator - INFO - [workflow_loader-1:stderr] "id": "1640f534-a426-4bc1-b537-0ce571218dd8",
[2025-11-04 16:32:10] [STDERR] 2025-11-04 16:32:10,017 - gleitzeit.orchestrator.component_orchestrator - INFO - [workflow_loader-1:stderr] "workflow_id": "ec4ef728-2fe3-449e-8a0b-12c9b92c218e",
[2025-11-04 16:32:10] [STDERR] 2025-11-04 16:32:10,017 - gleitzeit.orchestrator.component_orchestrator - INFO - [workflow_loader-1:stderr] "name": "1640f534-a426-4bc1-b537-0ce571218dd8",
[2025-11-04 16:32:10] [STDERR] 2025-11-04 16:32:10,017 - gleitzeit.orchestrator.component_orchestrator - INFO - [workflow_loader-1:stderr] "description": "",
[2025-11-04 16:32:10] [STDERR] 2025-11-04 16:32:10,017 - gleitzeit.orchestrator.component_orchestrator - INFO - [workflow_loader-1:stderr] "protocol": "python/v1",
[2025-11-04 16:32:10] [STDERR] 2025-11-04 16:32:10,017 - gleitzeit.orchestrator.component_orchestrator - INFO - [workflow_loader-1:stderr] "method": "python/execute",
[2025-11-04 16:32:10] [STDERR] 2025-11-04 16:32:10,018 - gleitzeit.orchestrator.component_orchestrator - INFO - [workflow_loader-1:stderr] "params": {
[2025-11-04 16:32:10] [STDERR] 2025-11-04 16:32:10,018 - gleitzeit.orchestrator.component_orchestrator - INFO - [workflow_loader-1:stderr] "code": "\nimport time\ntime.sleep(1)\nresult = {\"task\": \"B\", \"value\": 200}\nprint(\"Task B completed\")\n"
[2025-11-04 16:32:10] [STDERR] 2025-11-04 16:32:10,018 - gleitzeit.orchestrator.component_orchestrator - INFO - [workflow_loader-1:stderr] },
[2025-11-04 16:32:10] [STDERR] 2025-11-04 16:32:10,018 - gleitzeit.orchestrator.component_orchestrator - INFO - [workflow_loader-1:stderr] "dependencies": [],
[2025-11-04 16:32:10] [STDERR] 2025-11-04 16:32:10,018 - gleitzeit.orchestrator.component_orchestrator - INFO - [workflow_loader-1:stderr] "timeout": 300,
[2025-11-04 16:32:10] [STDERR] 2025-11-04 16:32:10,018 - gleitzeit.orchestrator.component_orchestrator - INFO - [workflow_loader-1:stderr] "retry": {
[2025-11-04 16:32:10] [STDERR] 2025-11-04 16:32:10,018 - gleitzeit.orchestrator.component_orchestrator - INFO - [workflow_loader-1:stderr] "max_retries": 2,
[2025-11-04 16:32:10] [STDERR] 2025-11-04 16:32:10,018 - gleitzeit.orchestrator.component_orchestrator - INFO - [workflow_loader-1:stderr] "strategy": "exponential_jitter",
[2025-11-04 16:32:10] [STDERR] 2025-11-04 16:32:10,018 - gleitzeit.orchestrator.component_orchestrator - INFO - [workflow_loader-1:stderr] "base_delay": 1.0,
[2025-11-04 16:32:10] [STDERR] 2025-11-04 16:32:10,019 - gleitzeit.orchestrator.component_orchestrator - INFO - [workflow_loader-1:stderr] "max_delay": 30.0,
[2025-11-04 16:32:10] [STDERR] 2025-11-04 16:32:10,019 - gleitzeit.orchestrator.component_orchestrator - INFO - [workflow_loader-1:stderr] "jitter": true,
[2025-11-04 16:32:10] [STDERR] 2025-11-04 16:32:10,019 - gleitzeit.orchestrator.component_orchestrator - INFO - [workflow_loader-1:stderr] "multiplier": 2.0
[2025-11-04 16:32:10] [STDERR] 2025-11-04 16:32:10,019 - gleitzeit.orchestrator.component_orchestrator - INFO - [workflow_loader-1:stderr] }
[2025-11-04 16:32:10] [STDERR] 2025-11-04 16:32:10,019 - gleitzeit.orchestrator.component_orchestrator - INFO - [workflow_loader-1:stderr] },
[2025-11-04 16:32:10] [STDERR] 2025-11-04 16:32:10,019 - gleitzeit.orchestrator.component_orchestrator - INFO - [workflow_loader-1:stderr] {
[2025-11-04 16:32:10] [STDERR] 2025-11-04 16:32:10,020 - gleitzeit.orchestrator.component_orchestrator - INFO - [workflow_loader-1:stderr] "id": "d21ef7c9-0a7e-4826-8ed0-2358b7b950f4",
[2025-11-04 16:32:10] [STDERR] 2025-11-04 16:32:10,020 - gleitzeit.orchestrator.component_orchestrator - INFO - [workflow_loader-1:stderr] "workflow_id": "ec4ef728-2fe3-449e-8a0b-12c9b92c218e",
[2025-11-04 16:32:10] [STDERR] 2025-11-04 16:32:10,020 - gleitzeit.orchestrator.component_orchestrator - INFO - [workflow_loader-1:stderr] "name": "d21ef7c9-0a7e-4826-8ed0-2358b7b950f4",
[2025-11-04 16:32:10] [STDERR] 2025-11-04 16:32:10,020 - gleitzeit.orchestrator.component_orchestrator - INFO - [workflow_loader-1:stderr] "description": "",
[2025-11-04 16:32:10] [STDERR] 2025-11-04 16:32:10,020 - gleitzeit.orchestrator.component_orchestrator - INFO - [workflow_loader-1:stderr] "protocol": "python/v1",
[2025-11-04 16:32:10] [STDERR] 2025-11-04 16:32:10,020 - gleitzeit.orchestrator.component_orchestrator - INFO - [workflow_loader-1:stderr] "method": "python/execute",
[2025-11-04 16:32:10] [STDERR] 2025-11-04 16:32:10,020 - gleitzeit.orchestrator.component_orchestrator - INFO - [workflow_loader-1:stderr] "params": {
[2025-11-04 16:32:10] [STDERR] 2025-11-04 16:32:10,020 - gleitzeit.orchestrator.component_orchestrator - INFO - [workflow_loader-1:stderr] "code": "\nimport time\ntime.sleep(1)\nresult = {\"task\": \"C\", \"value\": 300}\nprint(\"Task C completed\")\n"
[2025-11-04 16:32:10] [STDERR] 2025-11-04 16:32:10,020 - gleitzeit.orchestrator.component_orchestrator - INFO - [workflow_loader-1:stderr] },
[2025-11-04 16:32:10] [STDERR] 2025-11-04 16:32:10,020 - gleitzeit.orchestrator.component_orchestrator - INFO - [workflow_loader-1:stderr] "dependencies": [],
[2025-11-04 16:32:10] [STDERR] 2025-11-04 16:32:10,020 - gleitzeit.orchestrator.component_orchestrator - INFO - [workflow_loader-1:stderr] "timeout": 300,
[2025-11-04 16:32:10] [STDERR] 2025-11-04 16:32:10,021 - gleitzeit.orchestrator.component_orchestrator - INFO - [workflow_loader-1:stderr] "retry": {
[2025-11-04 16:32:10] [STDERR] 2025-11-04 16:32:10,021 - gleitzeit.orchestrator.component_orchestrator - INFO - [workflow_loader-1:stderr] "max_retries": 2,
[2025-11-04 16:32:10] [STDERR] 2025-11-04 16:32:10,021 - gleitzeit.orchestrator.component_orchestrator - INFO - [workflow_loader-1:stderr] "strategy": "exponential_jitter",
[2025-11-04 16:32:10] [STDERR] 2025-11-04 16:32:10,021 - gleitzeit.orchestrator.component_orchestrator - INFO - [workflow_loader-1:stderr] "base_delay": 1.0,
[2025-11-04 16:32:10] [STDERR] 2025-11-04 16:32:10,021 - gleitzeit.orchestrator.component_orchestrator - INFO - [workflow_loader-1:stderr] "max_delay": 30.0,
[2025-11-04 16:32:10] [STDERR] 2025-11-04 16:32:10,021 - gleitzeit.orchestrator.component_orchestrator - INFO - [workflow_loader-1:stderr] "jitter": true,
[2025-11-04 16:32:10] [STDERR] 2025-11-04 16:32:10,022 - gleitzeit.orchestrator.component_orchestrator - INFO - [workflow_loader-1:stderr] "multiplier": 2.0
[2025-11-04 16:32:10] [STDERR] 2025-11-04 16:32:10,022 - gleitzeit.orchestrator.component_orchestrator - INFO - [workflow_loader-1:stderr] }
[2025-11-04 16:32:10] [STDERR] 2025-11-04 16:32:10,022 - gleitzeit.orchestrator.component_orchestrator - INFO - [workflow_loader-1:stderr] },
[2025-11-04 16:32:10] [STDERR] 2025-11-04 16:32:10,022 - gleitzeit.orchestrator.component_orchestrator - INFO - [workflow_loader-1:stderr] {
[2025-11-04 16:32:10] [STDERR] 2025-11-04 16:32:10,022 - gleitzeit.orchestrator.component_orchestrator - INFO - [workflow_loader-1:stderr] "id": "75d40d34-c8a2-4dfe-ac12-c80c505574f8",
[2025-11-04 16:32:10] [STDERR] 2025-11-04 16:32:10,022 - gleitzeit.orchestrator.component_orchestrator - INFO - [workflow_loader-1:stderr] "workflow_id": "ec4ef728-2fe3-449e-8a0b-12c9b92c218e",
[2025-11-04 16:32:10] [STDERR] 2025-11-04 16:32:10,022 - gleitzeit.orchestrator.component_orchestrator - INFO - [workflow_loader-1:stderr] "name": "75d40d34-c8a2-4dfe-ac12-c80c505574f8",
[2025-11-04 16:32:10] [STDERR] 2025-11-04 16:32:10,022 - gleitzeit.orchestrator.component_orchestrator - INFO - [workflow_loader-1:stderr] "description": "",
[2025-11-04 16:32:10] [STDERR] 2025-11-04 16:32:10,022 - gleitzeit.orchestrator.component_orchestrator - INFO - [workflow_loader-1:stderr] "protocol": "python/v1",
[2025-11-04 16:32:10] [STDERR] 2025-11-04 16:32:10,022 - gleitzeit.orchestrator.component_orchestrator - INFO - [workflow_loader-1:stderr] "method": "python/execute",
[2025-11-04 16:32:10] [STDERR] 2025-11-04 16:32:10,022 - gleitzeit.orchestrator.component_orchestrator - INFO - [workflow_loader-1:stderr] "params": {
[2025-11-04 16:32:10] [STDERR] 2025-11-04 16:32:10,022 - gleitzeit.orchestrator.component_orchestrator - INFO - [workflow_loader-1:stderr] "code": "\n# Combine results from all parallel tasks\na = dependencies.get(\"task_a\", {})\nb = dependencies.get(\"task_b\", {})\nc = dependencies.get(\"task_c\", {})\n\ntotal = a.get(\"value\", 0) + b.get(\"value\", 0) + c.get(\"value\", 0)\nresult = {\n    \"all_tasks\": [a, b, c],\n    \"total\": total\n}\nprint(f\"Combined total: {total}\")\n"
[2025-11-04 16:32:10] [STDERR] 2025-11-04 16:32:10,022 - gleitzeit.orchestrator.component_orchestrator - INFO - [workflow_loader-1:stderr] },
[2025-11-04 16:32:10] [STDERR] 2025-11-04 16:32:10,022 - gleitzeit.orchestrator.component_orchestrator - INFO - [workflow_loader-1:stderr] "dependencies": [
[2025-11-04 16:32:10] [STDERR] 2025-11-04 16:32:10,022 - gleitzeit.orchestrator.component_orchestrator - INFO - [workflow_loader-1:stderr] "cdc1e660-fe50-450b-aeae-3a8cd6dad7ad",
[2025-11-04 16:32:10] [STDERR] 2025-11-04 16:32:10,022 - gleitzeit.orchestrator.component_orchestrator - INFO - [workflow_loader-1:stderr] "1640f534-a426-4bc1-b537-0ce571218dd8",
[2025-11-04 16:32:10] [STDERR] 2025-11-04 16:32:10,022 - gleitzeit.orchestrator.component_orchestrator - INFO - [workflow_loader-1:stderr] "d21ef7c9-0a7e-4826-8ed0-2358b7b950f4"
[2025-11-04 16:32:10] [STDERR] 2025-11-04 16:32:10,023 - gleitzeit.orchestrator.component_orchestrator - INFO - [workflow_loader-1:stderr] ],
[2025-11-04 16:32:10] [STDERR] 2025-11-04 16:32:10,023 - gleitzeit.orchestrator.component_orchestrator - INFO - [workflow_loader-1:stderr] "timeout": 300,
[2025-11-04 16:32:10] [STDERR] 2025-11-04 16:32:10,023 - gleitzeit.orchestrator.component_orchestrator - INFO - [workflow_loader-1:stderr] "retry": {
[2025-11-04 16:32:10] [STDERR] 2025-11-04 16:32:10,023 - gleitzeit.orchestrator.component_orchestrator - INFO - [workflow_loader-1:stderr] "max_retries": 2,
[2025-11-04 16:32:10] [STDERR] 2025-11-04 16:32:10,023 - gleitzeit.orchestrator.component_orchestrator - INFO - [workflow_loader-1:stderr] "strategy": "exponential_jitter",
[2025-11-04 16:32:10] [STDERR] 2025-11-04 16:32:10,023 - gleitzeit.orchestrator.component_orchestrator - INFO - [workflow_loader-1:stderr] "base_delay": 1.0,
[2025-11-04 16:32:10] [STDERR] 2025-11-04 16:32:10,023 - gleitzeit.orchestrator.component_orchestrator - INFO - [workflow_loader-1:stderr] "max_delay": 30.0,
[2025-11-04 16:32:10] [STDERR] 2025-11-04 16:32:10,023 - gleitzeit.orchestrator.component_orchestrator - INFO - [workflow_loader-1:stderr] "jitter": true,
[2025-11-04 16:32:10] [STDERR] 2025-11-04 16:32:10,023 - gleitzeit.orchestrator.component_orchestrator - INFO - [workflow_loader-1:stderr] "multiplier": 2.0
[2025-11-04 16:32:10] [STDERR] 2025-11-04 16:32:10,023 - gleitzeit.orchestrator.component_orchestrator - INFO - [workflow_loader-1:stderr] }
[2025-11-04 16:32:10] [STDERR] 2025-11-04 16:32:10,023 - gleitzeit.orchestrator.component_orchestrator - INFO - [workflow_loader-1:stderr] }
[2025-11-04 16:32:10] [STDERR] 2025-11-04 16:32:10,023 - gleitzeit.orchestrator.component_orchestrator - INFO - [workflow_loader-1:stderr] ]
[2025-11-04 16:32:10] [STDERR] 2025-11-04 16:32:10,023 - gleitzeit.orchestrator.component_orchestrator - INFO - [workflow_loader-1:stderr] }
[2025-11-04 16:32:10] [STDERR] 2025-11-04 16:32:10,023 - gleitzeit.orchestrator.component_orchestrator - INFO - [workflow_loader-1:stderr] 2025-11-04 16:32:10,010 - gleitzeit.workers.workflow_loader_worker_v2 - INFO - Workflow ec4ef728-2fe3-449e-8a0b-12c9b92c218e loaded and submitted to shard 7 with indexes
[2025-11-04 16:32:11] [STDERR] 2025-11-04 16:32:11,025 - gleitzeit.orchestrator.component_orchestrator - INFO - [dependency-0:stderr] 2025-11-04 16:32:11,025 - gleitzeit.workers.dependency_worker - INFO - Processing task completion: 1640f534-a426-4bc1-b537-0ce571218dd8 from workflow ec4ef728-2fe3-449e-8a0b-12c9b92c218e
[2025-11-04 16:32:11] [STDERR] 2025-11-04 16:32:11,027 - gleitzeit.orchestrator.component_orchestrator - WARNING - [dependency-0:stderr] 2025-11-04 16:32:11,027 - gleitzeit.workers.dependency_worker - WARNING - Workflow ec4ef728-2fe3-449e-8a0b-12c9b92c218e not found
[2025-11-04 16:32:11] [STDERR] 2025-11-04 16:32:11,027 - gleitzeit.orchestrator.component_orchestrator - INFO - [dependency-0:stderr] 2025-11-04 16:32:11,027 - gleitzeit.workers.dependency_worker - INFO - Transitioning workflow ec4ef728-2fe3-449e-8a0b-12c9b92c218e from running to pending (task counts: {'completed': 0, 'failed': 0, 'scheduled': 0, 'waiting': 0, 'pending': 0, 'cancelled': 0, 'paused': 0})
[2025-11-04 16:32:11] [STDERR] 2025-11-04 16:32:11,072 - gleitzeit.orchestrator.component_orchestrator - INFO - [task_execution-1:stderr] 2025-11-04 16:32:11,072 - gleitzeit.workers.task_execution_worker - INFO - Task cdc1e660-fe50-450b-aeae-3a8cd6dad7ad completed successfully by handler 000a828f-7964-4fa0-b9d0-e539ac0c9860
[2025-11-04 16:32:12] [STDERR] 2025-11-04 16:32:12,038 - gleitzeit.orchestrator.component_orchestrator - INFO - [dependency-0:stderr] 2025-11-04 16:32:12,037 - gleitzeit.workers.dependency_worker - INFO - Processing task completion: d21ef7c9-0a7e-4826-8ed0-2358b7b950f4 from workflow ec4ef728-2fe3-449e-8a0b-12c9b92c218e
[2025-11-04 16:32:12] [STDERR] 2025-11-04 16:32:12,042 - gleitzeit.orchestrator.component_orchestrator - INFO - [dependency-0:stderr] 2025-11-04 16:32:12,042 - gleitzeit.workers.dependency_worker - INFO - Emitted ready task 75d40d34-c8a2-4dfe-ac12-c80c505574f8 to shard 7
[2025-11-04 16:32:12] [STDERR] 2025-11-04 16:32:12,043 - gleitzeit.orchestrator.component_orchestrator - INFO - [task_execution-1:stderr] 2025-11-04 16:32:12,042 - gleitzeit.workers.task_execution_worker - INFO - Processing task 75d40d34-c8a2-4dfe-ac12-c80c505574f8 from workflow ec4ef728-2fe3-449e-8a0b-12c9b92c218e
[2025-11-04 16:32:12] [STDERR] 2025-11-04 16:32:12,044 - gleitzeit.orchestrator.component_orchestrator - WARNING - [dependency-0:stderr] 2025-11-04 16:32:12,044 - gleitzeit.workers.dependency_worker - WARNING - Workflow ec4ef728-2fe3-449e-8a0b-12c9b92c218e not found
[2025-11-04 16:32:12] [STDERR] 2025-11-04 16:32:12,046 - gleitzeit.orchestrator.component_orchestrator - INFO - [task_execution-1:stderr] 2025-11-04 16:32:12,046 - gleitzeit.workers.task_execution_worker - INFO - Executing task 75d40d34-c8a2-4dfe-ac12-c80c505574f8 with handler PythonHandler
[2025-11-04 16:32:12] [STDERR] 2025-11-04 16:32:12,049 - gleitzeit.orchestrator.component_orchestrator - ERROR - [task_execution-1:stderr] 2025-11-04 16:32:12,049 - gleitzeit.workers.task_execution_worker - ERROR - Task 75d40d34-c8a2-4dfe-ac12-c80c505574f8 failed: [TASK_EXECUTION_FAILED] Python execution failed: name 'dependencies' is not defined
[2025-11-04 16:32:12] [STDERR] 2025-11-04 16:32:12,052 - gleitzeit.orchestrator.component_orchestrator - INFO - [task_execution-1:stderr] 2025-11-04 16:32:12,051 - gleitzeit.workers.task_execution_worker - INFO - Emitted task failure to RetryWorker for 75d40d34-c8a2-4dfe-ac12-c80c505574f8
[2025-11-04 16:32:17] [STDERR] 2025-11-04 16:32:17,117 - gleitzeit.orchestrator.component_orchestrator - WARNING - Worker api-0 unhealthy, restarting
[2025-11-04 16:32:17] [STDERR] 2025-11-04 16:32:17,117 - gleitzeit.orchestrator.component_orchestrator - INFO - Restarting worker api-0
[2025-11-04 16:32:17] [STDERR] 2025-11-04 16:32:17,117 - gleitzeit.orchestrator.component_orchestrator - INFO - Stopping worker api-0
[2025-11-04 16:32:17] [STDERR] 2025-11-04 16:32:17,117 - gleitzeit.orchestrator.component_orchestrator - INFO - Starting worker api-0 with shards [0, 1, 2, 3, 4, 5, 6, 7, 8, 9, 10, 11, 12, 13, 14, 15]
[2025-11-04 16:32:17] [STDERR] 2025-11-04 16:32:17,117 - gleitzeit.orchestrator.component_orchestrator - INFO - Stored config for api-0 at key: worker:config:api-0:82f3c5bd
[2025-11-04 16:32:17] [STDERR] 2025-11-04 16:32:17,120 - gleitzeit.orchestrator.component_orchestrator - WARNING - Worker ui-0 unhealthy, restarting
[2025-11-04 16:32:17] [STDERR] 2025-11-04 16:32:17,120 - gleitzeit.orchestrator.component_orchestrator - INFO - Restarting worker ui-0
[2025-11-04 16:32:17] [STDERR] 2025-11-04 16:32:17,120 - gleitzeit.orchestrator.component_orchestrator - INFO - Stopping worker ui-0
[2025-11-04 16:32:17] [STDERR] 2025-11-04 16:32:17,120 - gleitzeit.orchestrator.component_orchestrator - INFO - Starting worker ui-0 with shards [0, 1, 2, 3, 4, 5, 6, 7, 8, 9, 10, 11, 12, 13, 14, 15]
[2025-11-04 16:32:17] [STDERR] 2025-11-04 16:32:17,120 - gleitzeit.orchestrator.component_orchestrator - INFO - Stored config for ui-0 at key: worker:config:ui-0:1de7e90b
[2025-11-04 16:32:17] [STDERR] 2025-11-04 16:32:17,331 - gleitzeit.orchestrator.component_orchestrator - INFO - [api-0:stderr] 2025-11-04 16:32:17,330 - __main__ - INFO - Initialized worker instance identity: gleitzei-529d6f54
[2025-11-04 16:32:17] [STDERR] 2025-11-04 16:32:17,331 - gleitzeit.orchestrator.component_orchestrator - INFO - [ui-0:stderr] 2025-11-04 16:32:17,330 - __main__ - INFO - Initialized worker instance identity: gleitzei-529d6f54
[2025-11-04 16:32:17] [STDERR] 2025-11-04 16:32:17,331 - gleitzeit.orchestrator.component_orchestrator - INFO - [api-0:stderr] 2025-11-04 16:32:17,331 - __main__ - INFO - Loading configuration from Redis key: worker:config:api-0:82f3c5bd
[2025-11-04 16:32:17] [STDERR] 2025-11-04 16:32:17,331 - gleitzeit.orchestrator.component_orchestrator - INFO - [ui-0:stderr] 2025-11-04 16:32:17,331 - __main__ - INFO - Loading configuration from Redis key: worker:config:ui-0:1de7e90b
[2025-11-04 16:32:17] [STDERR] 2025-11-04 16:32:17,333 - gleitzeit.orchestrator.component_orchestrator - INFO - [api-0:stderr] 2025-11-04 16:32:17,332 - __main__ - INFO - Loaded config for worker api-0
[2025-11-04 16:32:17] [STDERR] 2025-11-04 16:32:17,333 - gleitzeit.orchestrator.component_orchestrator - INFO - [ui-0:stderr] 2025-11-04 16:32:17,333 - __main__ - INFO - Loaded config for worker ui-0
[2025-11-04 16:32:17] [STDERR] 2025-11-04 16:32:17,352 - gleitzeit.orchestrator.component_orchestrator - INFO - [api-0:stderr] 2025-11-04 16:32:17,352 - __main__ - INFO - Worker api-0 handler configs: ['python/v1', 'ollama/v1', 'http/v1', 'file/v1', 'timer/v1', 'signal/v1', 'workflow/v1']
[2025-11-04 16:32:17] [STDERR] 2025-11-04 16:32:17,352 - gleitzeit.orchestrator.component_orchestrator - INFO - [ui-0:stderr] 2025-11-04 16:32:17,352 - __main__ - INFO - Worker ui-0 handler configs: ['python/v1', 'ollama/v1', 'http/v1', 'file/v1', 'timer/v1', 'signal/v1', 'workflow/v1']
[2025-11-04 16:32:17] [STDERR] 2025-11-04 16:32:17,352 - gleitzeit.orchestrator.component_orchestrator - INFO - [api-0:stderr] 2025-11-04 16:32:17,352 - gleitzeit.core.redis_cluster - INFO - Redis single instance initialized at localhost:6379
[2025-11-04 16:32:17] [STDERR] 2025-11-04 16:32:17,352 - gleitzeit.orchestrator.component_orchestrator - INFO - [ui-0:stderr] 2025-11-04 16:32:17,352 - gleitzeit.core.redis_cluster - INFO - Redis single instance initialized at localhost:6379
[2025-11-04 16:32:17] [STDERR] 2025-11-04 16:32:17,352 - gleitzeit.orchestrator.component_orchestrator - ERROR - [api-0:stderr] 2025-11-04 16:32:17,352 - api.api-0 - ERROR - Cannot start API: Port 8000 is already in use. Either stop the existing service or use --api-port to specify a different port.
[2025-11-04 16:32:17] [STDERR] 2025-11-04 16:32:17,352 - gleitzeit.orchestrator.component_orchestrator - ERROR - [ui-0:stderr] 2025-11-04 16:32:17,352 - ui.ui-0 - ERROR - Cannot start UI: Port 8004 is already in use. Either stop the existing service or use --ui-port to specify a different port.
[2025-11-04 16:32:17] [STDERR] 2025-11-04 16:32:17,353 - gleitzeit.orchestrator.component_orchestrator - ERROR - [api-0:stderr] 2025-11-04 16:32:17,352 - __main__ - ERROR - Worker failed: Cannot start API: Port 8000 is already in use. Either stop the existing service or use --api-port to specify a different port.
[2025-11-04 16:32:17] [STDERR] 2025-11-04 16:32:17,353 - gleitzeit.orchestrator.component_orchestrator - INFO - [api-0:stderr] Traceback (most recent call last):
[2025-11-04 16:32:17] [STDERR] 2025-11-04 16:32:17,354 - gleitzeit.orchestrator.component_orchestrator - INFO - [api-0:stderr] File "/Users/leifmarkthaler/github/gleitzeit 0.0.7/src/gleitzeit/workers/runner.py", line 116, in run_worker
[2025-11-04 16:32:17] [STDERR] 2025-11-04 16:32:17,354 - gleitzeit.orchestrator.component_orchestrator - INFO - [api-0:stderr] await worker.initialize()
[2025-11-04 16:32:17] [STDERR] 2025-11-04 16:32:17,354 - gleitzeit.orchestrator.component_orchestrator - ERROR - [ui-0:stderr] 2025-11-04 16:32:17,352 - __main__ - ERROR - Worker failed: Cannot start UI: Port 8004 is already in use. Either stop the existing service or use --ui-port to specify a different port.
[2025-11-04 16:32:17] [STDERR] 2025-11-04 16:32:17,354 - gleitzeit.orchestrator.component_orchestrator - INFO - [api-0:stderr] File "/Users/leifmarkthaler/github/gleitzeit 0.0.7/src/gleitzeit/workers/base.py", line 113, in initialize
[2025-11-04 16:32:17] [STDERR] 2025-11-04 16:32:17,354 - gleitzeit.orchestrator.component_orchestrator - INFO - [ui-0:stderr] Traceback (most recent call last):
[2025-11-04 16:32:17] [STDERR] 2025-11-04 16:32:17,354 - gleitzeit.orchestrator.component_orchestrator - INFO - [api-0:stderr] await self.on_initialize()
[2025-11-04 16:32:17] [STDERR] 2025-11-04 16:32:17,354 - gleitzeit.orchestrator.component_orchestrator - INFO - [ui-0:stderr] File "/Users/leifmarkthaler/github/gleitzeit 0.0.7/src/gleitzeit/workers/runner.py", line 116, in run_worker
[2025-11-04 16:32:17] [STDERR] 2025-11-04 16:32:17,354 - gleitzeit.orchestrator.component_orchestrator - INFO - [api-0:stderr] File "/Users/leifmarkthaler/github/gleitzeit 0.0.7/src/gleitzeit/workers/api_worker.py", line 45, in on_initialize
[2025-11-04 16:32:17] [STDERR] 2025-11-04 16:32:17,354 - gleitzeit.orchestrator.component_orchestrator - INFO - [ui-0:stderr] await worker.initialize()
[2025-11-04 16:32:17] [STDERR] 2025-11-04 16:32:17,354 - gleitzeit.orchestrator.component_orchestrator - INFO - [api-0:stderr] raise RuntimeError(error_msg)
[2025-11-04 16:32:17] [STDERR] 2025-11-04 16:32:17,354 - gleitzeit.orchestrator.component_orchestrator - INFO - [ui-0:stderr] File "/Users/leifmarkthaler/github/gleitzeit 0.0.7/src/gleitzeit/workers/base.py", line 113, in initialize
[2025-11-04 16:32:17] [STDERR] 2025-11-04 16:32:17,354 - gleitzeit.orchestrator.component_orchestrator - INFO - [api-0:stderr] RuntimeError: Cannot start API: Port 8000 is already in use. Either stop the existing service or use --api-port to specify a different port.
[2025-11-04 16:32:17] [STDERR] 2025-11-04 16:32:17,354 - gleitzeit.orchestrator.component_orchestrator - INFO - [ui-0:stderr] await self.on_initialize()
[2025-11-04 16:32:17] [STDERR] 2025-11-04 16:32:17,354 - gleitzeit.orchestrator.component_orchestrator - INFO - [ui-0:stderr] File "/Users/leifmarkthaler/github/gleitzeit 0.0.7/src/gleitzeit/workers/ui_worker.py", line 46, in on_initialize
[2025-11-04 16:32:17] [STDERR] 2025-11-04 16:32:17,355 - gleitzeit.orchestrator.component_orchestrator - INFO - [ui-0:stderr] raise RuntimeError(error_msg)
[2025-11-04 16:32:17] [STDERR] 2025-11-04 16:32:17,355 - gleitzeit.orchestrator.component_orchestrator - INFO - [ui-0:stderr] RuntimeError: Cannot start UI: Port 8004 is already in use. Either stop the existing service or use --ui-port to specify a different port.
[2025-11-04 16:32:19] [STDERR] 2025-11-04 16:32:19,334 - gleitzeit.orchestrator.component_orchestrator - INFO - [signal-0:stderr] 2025-11-04 16:32:19,334 - gleitzeit.workers.signal_worker - INFO - Signal processing loop iteration 1900
[2025-11-04 16:32:29] [STDERR] 2025-11-04 16:32:29,352 - gleitzeit.orchestrator.component_orchestrator - INFO - [signal-0:stderr] 2025-11-04 16:32:29,352 - gleitzeit.workers.signal_worker - INFO - Signal processing loop iteration 1920
[2025-11-04 16:32:39] [STDERR] 2025-11-04 16:32:39,415 - gleitzeit.orchestrator.component_orchestrator - INFO - [signal-0:stderr] 2025-11-04 16:32:39,415 - gleitzeit.workers.signal_worker - INFO - Signal processing loop iteration 1940
[2025-11-04 16:32:49] [STDERR] 2025-11-04 16:32:49,435 - gleitzeit.orchestrator.component_orchestrator - INFO - [signal-0:stderr] 2025-11-04 16:32:49,435 - gleitzeit.workers.signal_worker - INFO - Signal processing loop iteration 1960
[2025-11-04 16:32:57] [STDERR] 2025-11-04 16:32:57,138 - gleitzeit.orchestrator.component_orchestrator - WARNING - Worker api-0 unhealthy, restarting
[2025-11-04 16:32:57] [STDERR] 2025-11-04 16:32:57,138 - gleitzeit.orchestrator.component_orchestrator - INFO - Restarting worker api-0
[2025-11-04 16:32:57] [STDERR] 2025-11-04 16:32:57,138 - gleitzeit.orchestrator.component_orchestrator - INFO - Stopping worker api-0
[2025-11-04 16:32:57] [STDERR] 2025-11-04 16:32:57,139 - gleitzeit.orchestrator.component_orchestrator - INFO - Starting worker api-0 with shards [0, 1, 2, 3, 4, 5, 6, 7, 8, 9, 10, 11, 12, 13, 14, 15]
[2025-11-04 16:32:57] [STDERR] 2025-11-04 16:32:57,139 - gleitzeit.orchestrator.component_orchestrator - INFO - Stored config for api-0 at key: worker:config:api-0:588672ac
[2025-11-04 16:32:57] [STDERR] 2025-11-04 16:32:57,145 - gleitzeit.orchestrator.component_orchestrator - WARNING - Worker ui-0 unhealthy, restarting
[2025-11-04 16:32:57] [STDERR] 2025-11-04 16:32:57,145 - gleitzeit.orchestrator.component_orchestrator - INFO - Restarting worker ui-0
[2025-11-04 16:32:57] [STDERR] 2025-11-04 16:32:57,145 - gleitzeit.orchestrator.component_orchestrator - INFO - Stopping worker ui-0
[2025-11-04 16:32:57] [STDERR] 2025-11-04 16:32:57,145 - gleitzeit.orchestrator.component_orchestrator - INFO - Starting worker ui-0 with shards [0, 1, 2, 3, 4, 5, 6, 7, 8, 9, 10, 11, 12, 13, 14, 15]
[2025-11-04 16:32:57] [STDERR] 2025-11-04 16:32:57,145 - gleitzeit.orchestrator.component_orchestrator - INFO - Stored config for ui-0 at key: worker:config:ui-0:180b6dcf
[2025-11-04 16:32:57] [STDERR] 2025-11-04 16:32:57,320 - gleitzeit.orchestrator.component_orchestrator - INFO - [ui-0:stderr] 2025-11-04 16:32:57,320 - __main__ - INFO - Initialized worker instance identity: gleitzei-529d6f54
[2025-11-04 16:32:57] [STDERR] 2025-11-04 16:32:57,320 - gleitzeit.orchestrator.component_orchestrator - INFO - [api-0:stderr] 2025-11-04 16:32:57,320 - __main__ - INFO - Initialized worker instance identity: gleitzei-529d6f54
[2025-11-04 16:32:57] [STDERR] 2025-11-04 16:32:57,321 - gleitzeit.orchestrator.component_orchestrator - INFO - [ui-0:stderr] 2025-11-04 16:32:57,320 - __main__ - INFO - Loading configuration from Redis key: worker:config:ui-0:180b6dcf
[2025-11-04 16:32:57] [STDERR] 2025-11-04 16:32:57,321 - gleitzeit.orchestrator.component_orchestrator - INFO - [api-0:stderr] 2025-11-04 16:32:57,320 - __main__ - INFO - Loading configuration from Redis key: worker:config:api-0:588672ac
[2025-11-04 16:32:57] [STDERR] 2025-11-04 16:32:57,333 - gleitzeit.orchestrator.component_orchestrator - INFO - [api-0:stderr] 2025-11-04 16:32:57,333 - __main__ - INFO - Loaded config for worker api-0
[2025-11-04 16:32:57] [STDERR] 2025-11-04 16:32:57,333 - gleitzeit.orchestrator.component_orchestrator - INFO - [ui-0:stderr] 2025-11-04 16:32:57,333 - __main__ - INFO - Loaded config for worker ui-0
[2025-11-04 16:32:57] [STDERR] 2025-11-04 16:32:57,353 - gleitzeit.orchestrator.component_orchestrator - INFO - [api-0:stderr] 2025-11-04 16:32:57,353 - __main__ - INFO - Worker api-0 handler configs: ['python/v1', 'ollama/v1', 'http/v1', 'file/v1', 'timer/v1', 'signal/v1', 'workflow/v1']
[2025-11-04 16:32:57] [STDERR] 2025-11-04 16:32:57,353 - gleitzeit.orchestrator.component_orchestrator - INFO - [ui-0:stderr] 2025-11-04 16:32:57,353 - __main__ - INFO - Worker ui-0 handler configs: ['python/v1', 'ollama/v1', 'http/v1', 'file/v1', 'timer/v1', 'signal/v1', 'workflow/v1']
[2025-11-04 16:32:57] [STDERR] 2025-11-04 16:32:57,353 - gleitzeit.orchestrator.component_orchestrator - INFO - [ui-0:stderr] 2025-11-04 16:32:57,353 - gleitzeit.core.redis_cluster - INFO - Redis single instance initialized at localhost:6379
[2025-11-04 16:32:57] [STDERR] 2025-11-04 16:32:57,353 - gleitzeit.orchestrator.component_orchestrator - INFO - [api-0:stderr] 2025-11-04 16:32:57,353 - gleitzeit.core.redis_cluster - INFO - Redis single instance initialized at localhost:6379
[2025-11-04 16:32:57] [STDERR] 2025-11-04 16:32:57,353 - gleitzeit.orchestrator.component_orchestrator - ERROR - [ui-0:stderr] 2025-11-04 16:32:57,353 - ui.ui-0 - ERROR - Cannot start UI: Port 8004 is already in use. Either stop the existing service or use --ui-port to specify a different port.
[2025-11-04 16:32:57] [STDERR] 2025-11-04 16:32:57,353 - gleitzeit.orchestrator.component_orchestrator - ERROR - [api-0:stderr] 2025-11-04 16:32:57,353 - api.api-0 - ERROR - Cannot start API: Port 8000 is already in use. Either stop the existing service or use --api-port to specify a different port.
[2025-11-04 16:32:57] [STDERR] 2025-11-04 16:32:57,354 - gleitzeit.orchestrator.component_orchestrator - ERROR - [api-0:stderr] 2025-11-04 16:32:57,353 - __main__ - ERROR - Worker failed: Cannot start API: Port 8000 is already in use. Either stop the existing service or use --api-port to specify a different port.
[2025-11-04 16:32:57] [STDERR] 2025-11-04 16:32:57,354 - gleitzeit.orchestrator.component_orchestrator - INFO - [api-0:stderr] Traceback (most recent call last):
[2025-11-04 16:32:57] [STDERR] 2025-11-04 16:32:57,354 - gleitzeit.orchestrator.component_orchestrator - INFO - [api-0:stderr] File "/Users/leifmarkthaler/github/gleitzeit 0.0.7/src/gleitzeit/workers/runner.py", line 116, in run_worker
[2025-11-04 16:32:57] [STDERR] 2025-11-04 16:32:57,355 - gleitzeit.orchestrator.component_orchestrator - INFO - [api-0:stderr] await worker.initialize()
[2025-11-04 16:32:57] [STDERR] 2025-11-04 16:32:57,355 - gleitzeit.orchestrator.component_orchestrator - ERROR - [ui-0:stderr] 2025-11-04 16:32:57,353 - __main__ - ERROR - Worker failed: Cannot start UI: Port 8004 is already in use. Either stop the existing service or use --ui-port to specify a different port.
[2025-11-04 16:32:57] [STDERR] 2025-11-04 16:32:57,355 - gleitzeit.orchestrator.component_orchestrator - INFO - [api-0:stderr] File "/Users/leifmarkthaler/github/gleitzeit 0.0.7/src/gleitzeit/workers/base.py", line 113, in initialize
[2025-11-04 16:32:57] [STDERR] 2025-11-04 16:32:57,355 - gleitzeit.orchestrator.component_orchestrator - INFO - [ui-0:stderr] Traceback (most recent call last):
[2025-11-04 16:32:57] [STDERR] 2025-11-04 16:32:57,355 - gleitzeit.orchestrator.component_orchestrator - INFO - [api-0:stderr] await self.on_initialize()
[2025-11-04 16:32:57] [STDERR] 2025-11-04 16:32:57,355 - gleitzeit.orchestrator.component_orchestrator - INFO - [ui-0:stderr] File "/Users/leifmarkthaler/github/gleitzeit 0.0.7/src/gleitzeit/workers/runner.py", line 116, in run_worker
[2025-11-04 16:32:57] [STDERR] 2025-11-04 16:32:57,355 - gleitzeit.orchestrator.component_orchestrator - INFO - [api-0:stderr] File "/Users/leifmarkthaler/github/gleitzeit 0.0.7/src/gleitzeit/workers/api_worker.py", line 45, in on_initialize
[2025-11-04 16:32:57] [STDERR] 2025-11-04 16:32:57,355 - gleitzeit.orchestrator.component_orchestrator - INFO - [ui-0:stderr] await worker.initialize()
[2025-11-04 16:32:57] [STDERR] 2025-11-04 16:32:57,355 - gleitzeit.orchestrator.component_orchestrator - INFO - [api-0:stderr] raise RuntimeError(error_msg)
[2025-11-04 16:32:57] [STDERR] 2025-11-04 16:32:57,355 - gleitzeit.orchestrator.component_orchestrator - INFO - [ui-0:stderr] File "/Users/leifmarkthaler/github/gleitzeit 0.0.7/src/gleitzeit/workers/base.py", line 113, in initialize
[2025-11-04 16:32:57] [STDERR] 2025-11-04 16:32:57,355 - gleitzeit.orchestrator.component_orchestrator - INFO - [api-0:stderr] RuntimeError: Cannot start API: Port 8000 is already in use. Either stop the existing service or use --api-port to specify a different port.
[2025-11-04 16:32:57] [STDERR] 2025-11-04 16:32:57,355 - gleitzeit.orchestrator.component_orchestrator - INFO - [ui-0:stderr] await self.on_initialize()
[2025-11-04 16:32:57] [STDERR] 2025-11-04 16:32:57,355 - gleitzeit.orchestrator.component_orchestrator - INFO - [ui-0:stderr] File "/Users/leifmarkthaler/github/gleitzeit 0.0.7/src/gleitzeit/workers/ui_worker.py", line 46, in on_initialize
[2025-11-04 16:32:57] [STDERR] 2025-11-04 16:32:57,356 - gleitzeit.orchestrator.component_orchestrator - INFO - [ui-0:stderr] raise RuntimeError(error_msg)
[2025-11-04 16:32:57] [STDERR] 2025-11-04 16:32:57,356 - gleitzeit.orchestrator.component_orchestrator - INFO - [ui-0:stderr] RuntimeError: Cannot start UI: Port 8004 is already in use. Either stop the existing service or use --ui-port to specify a different port.
[2025-11-04 16:32:59] [STDERR] 2025-11-04 16:32:59,454 - gleitzeit.orchestrator.component_orchestrator - INFO - [signal-0:stderr] 2025-11-04 16:32:59,454 - gleitzeit.workers.signal_worker - INFO - Signal processing loop iteration 1980
[2025-11-04 16:33:09] [STDERR] 2025-11-04 16:33:09,518 - gleitzeit.orchestrator.component_orchestrator - INFO - [signal-0:stderr] 2025-11-04 16:33:09,517 - gleitzeit.workers.signal_worker - INFO - Signal processing loop iteration 2000
[2025-11-04 16:33:19] [STDERR] 2025-11-04 16:33:19,537 - gleitzeit.orchestrator.component_orchestrator - INFO - [signal-0:stderr] 2025-11-04 16:33:19,537 - gleitzeit.workers.signal_worker - INFO - Signal processing loop iteration 2020
[2025-11-04 16:33:29] [STDERR] 2025-11-04 16:33:29,557 - gleitzeit.orchestrator.component_orchestrator - INFO - [signal-0:stderr] 2025-11-04 16:33:29,557 - gleitzeit.workers.signal_worker - INFO - Signal processing loop iteration 2040
[2025-11-04 16:33:37] [STDERR] 2025-11-04 16:33:37,160 - gleitzeit.orchestrator.component_orchestrator - WARNING - Worker api-0 unhealthy, restarting
[2025-11-04 16:33:37] [STDERR] 2025-11-04 16:33:37,160 - gleitzeit.orchestrator.component_orchestrator - INFO - Restarting worker api-0
[2025-11-04 16:33:37] [STDERR] 2025-11-04 16:33:37,160 - gleitzeit.orchestrator.component_orchestrator - INFO - Stopping worker api-0
[2025-11-04 16:33:37] [STDERR] 2025-11-04 16:33:37,160 - gleitzeit.orchestrator.component_orchestrator - INFO - Starting worker api-0 with shards [0, 1, 2, 3, 4, 5, 6, 7, 8, 9, 10, 11, 12, 13, 14, 15]
[2025-11-04 16:33:37] [STDERR] 2025-11-04 16:33:37,161 - gleitzeit.orchestrator.component_orchestrator - INFO - Stored config for api-0 at key: worker:config:api-0:89b4232a
[2025-11-04 16:33:37] [STDERR] 2025-11-04 16:33:37,163 - gleitzeit.orchestrator.component_orchestrator - WARNING - Worker ui-0 unhealthy, restarting
[2025-11-04 16:33:37] [STDERR] 2025-11-04 16:33:37,164 - gleitzeit.orchestrator.component_orchestrator - INFO - Restarting worker ui-0
[2025-11-04 16:33:37] [STDERR] 2025-11-04 16:33:37,164 - gleitzeit.orchestrator.component_orchestrator - INFO - Stopping worker ui-0
[2025-11-04 16:33:37] [STDERR] 2025-11-04 16:33:37,164 - gleitzeit.orchestrator.component_orchestrator - INFO - Starting worker ui-0 with shards [0, 1, 2, 3, 4, 5, 6, 7, 8, 9, 10, 11, 12, 13, 14, 15]
[2025-11-04 16:33:37] [STDERR] 2025-11-04 16:33:37,164 - gleitzeit.orchestrator.component_orchestrator - INFO - Stored config for ui-0 at key: worker:config:ui-0:67c79648
[2025-11-04 16:33:37] [STDERR] 2025-11-04 16:33:37,789 - gleitzeit.orchestrator.component_orchestrator - INFO - [api-0:stderr] 2025-11-04 16:33:37,788 - __main__ - INFO - Initialized worker instance identity: gleitzei-529d6f54
[2025-11-04 16:33:37] [STDERR] 2025-11-04 16:33:37,789 - gleitzeit.orchestrator.component_orchestrator - INFO - [ui-0:stderr] 2025-11-04 16:33:37,788 - __main__ - INFO - Initialized worker instance identity: gleitzei-529d6f54
[2025-11-04 16:33:37] [STDERR] 2025-11-04 16:33:37,789 - gleitzeit.orchestrator.component_orchestrator - INFO - [ui-0:stderr] 2025-11-04 16:33:37,789 - __main__ - INFO - Loading configuration from Redis key: worker:config:ui-0:67c79648
[2025-11-04 16:33:37] [STDERR] 2025-11-04 16:33:37,789 - gleitzeit.orchestrator.component_orchestrator - INFO - [api-0:stderr] 2025-11-04 16:33:37,789 - __main__ - INFO - Loading configuration from Redis key: worker:config:api-0:89b4232a
[2025-11-04 16:33:37] [STDERR] 2025-11-04 16:33:37,792 - gleitzeit.orchestrator.component_orchestrator - INFO - [api-0:stderr] 2025-11-04 16:33:37,792 - __main__ - INFO - Loaded config for worker api-0
[2025-11-04 16:33:37] [STDERR] 2025-11-04 16:33:37,792 - gleitzeit.orchestrator.component_orchestrator - INFO - [ui-0:stderr] 2025-11-04 16:33:37,792 - __main__ - INFO - Loaded config for worker ui-0
[2025-11-04 16:33:37] [STDERR] 2025-11-04 16:33:37,864 - gleitzeit.orchestrator.component_orchestrator - INFO - [api-0:stderr] 2025-11-04 16:33:37,863 - __main__ - INFO - Worker api-0 handler configs: ['python/v1', 'ollama/v1', 'http/v1', 'file/v1', 'timer/v1', 'signal/v1', 'workflow/v1']
[2025-11-04 16:33:37] [STDERR] 2025-11-04 16:33:37,864 - gleitzeit.orchestrator.component_orchestrator - INFO - [ui-0:stderr] 2025-11-04 16:33:37,863 - __main__ - INFO - Worker ui-0 handler configs: ['python/v1', 'ollama/v1', 'http/v1', 'file/v1', 'timer/v1', 'signal/v1', 'workflow/v1']
[2025-11-04 16:33:37] [STDERR] 2025-11-04 16:33:37,864 - gleitzeit.orchestrator.component_orchestrator - INFO - [ui-0:stderr] 2025-11-04 16:33:37,864 - gleitzeit.core.redis_cluster - INFO - Redis single instance initialized at localhost:6379
[2025-11-04 16:33:37] [STDERR] 2025-11-04 16:33:37,864 - gleitzeit.orchestrator.component_orchestrator - INFO - [api-0:stderr] 2025-11-04 16:33:37,864 - gleitzeit.core.redis_cluster - INFO - Redis single instance initialized at localhost:6379
[2025-11-04 16:33:37] [STDERR] 2025-11-04 16:33:37,864 - gleitzeit.orchestrator.component_orchestrator - ERROR - [ui-0:stderr] 2025-11-04 16:33:37,864 - ui.ui-0 - ERROR - Cannot start UI: Port 8004 is already in use. Either stop the existing service or use --ui-port to specify a different port.
[2025-11-04 16:33:37] [STDERR] 2025-11-04 16:33:37,864 - gleitzeit.orchestrator.component_orchestrator - ERROR - [api-0:stderr] 2025-11-04 16:33:37,864 - api.api-0 - ERROR - Cannot start API: Port 8000 is already in use. Either stop the existing service or use --api-port to specify a different port.
[2025-11-04 16:33:37] [STDERR] 2025-11-04 16:33:37,870 - gleitzeit.orchestrator.component_orchestrator - ERROR - [api-0:stderr] 2025-11-04 16:33:37,864 - __main__ - ERROR - Worker failed: Cannot start API: Port 8000 is already in use. Either stop the existing service or use --api-port to specify a different port.
[2025-11-04 16:33:37] [STDERR] 2025-11-04 16:33:37,870 - gleitzeit.orchestrator.component_orchestrator - INFO - [api-0:stderr] Traceback (most recent call last):
[2025-11-04 16:33:37] [STDERR] 2025-11-04 16:33:37,870 - gleitzeit.orchestrator.component_orchestrator - INFO - [api-0:stderr] File "/Users/leifmarkthaler/github/gleitzeit 0.0.7/src/gleitzeit/workers/runner.py", line 116, in run_worker
[2025-11-04 16:33:37] [STDERR] 2025-11-04 16:33:37,870 - gleitzeit.orchestrator.component_orchestrator - INFO - [api-0:stderr] await worker.initialize()
[2025-11-04 16:33:37] [STDERR] 2025-11-04 16:33:37,871 - gleitzeit.orchestrator.component_orchestrator - INFO - [api-0:stderr] File "/Users/leifmarkthaler/github/gleitzeit 0.0.7/src/gleitzeit/workers/base.py", line 113, in initialize
[2025-11-04 16:33:37] [STDERR] 2025-11-04 16:33:37,871 - gleitzeit.orchestrator.component_orchestrator - ERROR - [ui-0:stderr] 2025-11-04 16:33:37,864 - __main__ - ERROR - Worker failed: Cannot start UI: Port 8004 is already in use. Either stop the existing service or use --ui-port to specify a different port.
[2025-11-04 16:33:37] [STDERR] 2025-11-04 16:33:37,871 - gleitzeit.orchestrator.component_orchestrator - INFO - [api-0:stderr] await self.on_initialize()
[2025-11-04 16:33:37] [STDERR] 2025-11-04 16:33:37,871 - gleitzeit.orchestrator.component_orchestrator - INFO - [ui-0:stderr] Traceback (most recent call last):
[2025-11-04 16:33:37] [STDERR] 2025-11-04 16:33:37,871 - gleitzeit.orchestrator.component_orchestrator - INFO - [api-0:stderr] File "/Users/leifmarkthaler/github/gleitzeit 0.0.7/src/gleitzeit/workers/api_worker.py", line 45, in on_initialize
[2025-11-04 16:33:37] [STDERR] 2025-11-04 16:33:37,871 - gleitzeit.orchestrator.component_orchestrator - INFO - [ui-0:stderr] File "/Users/leifmarkthaler/github/gleitzeit 0.0.7/src/gleitzeit/workers/runner.py", line 116, in run_worker
[2025-11-04 16:33:37] [STDERR] 2025-11-04 16:33:37,871 - gleitzeit.orchestrator.component_orchestrator - INFO - [api-0:stderr] raise RuntimeError(error_msg)
[2025-11-04 16:33:37] [STDERR] 2025-11-04 16:33:37,871 - gleitzeit.orchestrator.component_orchestrator - INFO - [ui-0:stderr] await worker.initialize()
[2025-11-04 16:33:37] [STDERR] 2025-11-04 16:33:37,871 - gleitzeit.orchestrator.component_orchestrator - INFO - [api-0:stderr] RuntimeError: Cannot start API: Port 8000 is already in use. Either stop the existing service or use --api-port to specify a different port.
[2025-11-04 16:33:37] [STDERR] 2025-11-04 16:33:37,871 - gleitzeit.orchestrator.component_orchestrator - INFO - [ui-0:stderr] File "/Users/leifmarkthaler/github/gleitzeit 0.0.7/src/gleitzeit/workers/base.py", line 113, in initialize
[2025-11-04 16:33:37] [STDERR] 2025-11-04 16:33:37,871 - gleitzeit.orchestrator.component_orchestrator - INFO - [ui-0:stderr] await self.on_initialize()
[2025-11-04 16:33:37] [STDERR] 2025-11-04 16:33:37,871 - gleitzeit.orchestrator.component_orchestrator - INFO - [ui-0:stderr] File "/Users/leifmarkthaler/github/gleitzeit 0.0.7/src/gleitzeit/workers/ui_worker.py", line 46, in on_initialize
[2025-11-04 16:33:37] [STDERR] 2025-11-04 16:33:37,872 - gleitzeit.orchestrator.component_orchestrator - INFO - [ui-0:stderr] raise RuntimeError(error_msg)
[2025-11-04 16:33:37] [STDERR] 2025-11-04 16:33:37,872 - gleitzeit.orchestrator.component_orchestrator - INFO - [ui-0:stderr] RuntimeError: Cannot start UI: Port 8004 is already in use. Either stop the existing service or use --ui-port to specify a different port.
[2025-11-04 16:33:39] [STDERR] 2025-11-04 16:33:39,627 - gleitzeit.orchestrator.component_orchestrator - INFO - [signal-0:stderr] 2025-11-04 16:33:39,627 - gleitzeit.workers.signal_worker - INFO - Signal processing loop iteration 2060
[2025-11-04 16:33:49] [STDERR] 2025-11-04 16:33:49,648 - gleitzeit.orchestrator.component_orchestrator - INFO - [signal-0:stderr] 2025-11-04 16:33:49,648 - gleitzeit.workers.signal_worker - INFO - Signal processing loop iteration 2080
[2025-11-04 16:33:53] [STDERR] 2025-11-04 16:33:53,221 - gleitzeit.orchestrator.component_orchestrator - INFO - [workflow_loader-0:stderr] 2025-11-04 16:33:53,220 - gleitzeit.workers.workflow_loader_worker_v2 - INFO - Loading workflow 53cb4ead-5ae5-44fe-918f-ade2aaee69a0 from inline
[2025-11-04 16:33:53] [STDERR] 2025-11-04 16:33:53,223 - gleitzeit.orchestrator.component_orchestrator - INFO - [workflow_loader-0:stderr] 2025-11-04 16:33:53,222 - gleitzeit.workers.workflow_loader_worker_v2 - INFO - Raw workflow before transform: {
[2025-11-04 16:33:53] [STDERR] 2025-11-04 16:33:53,223 - gleitzeit.orchestrator.component_orchestrator - INFO - [workflow_loader-0:stderr] "name": "Simple Calculation",
[2025-11-04 16:33:53] [STDERR] 2025-11-04 16:33:53,223 - gleitzeit.orchestrator.component_orchestrator - INFO - [workflow_loader-0:stderr] "tasks": [
[2025-11-04 16:33:53] [STDERR] 2025-11-04 16:33:53,223 - gleitzeit.orchestrator.component_orchestrator - INFO - [workflow_loader-0:stderr] {
[2025-11-04 16:33:53] [STDERR] 2025-11-04 16:33:53,223 - gleitzeit.orchestrator.component_orchestrator - INFO - [workflow_loader-0:stderr] "id": "calculate",
[2025-11-04 16:33:53] [STDERR] 2025-11-04 16:33:53,224 - gleitzeit.orchestrator.component_orchestrator - INFO - [workflow_loader-0:stderr] "type": "python",
[2025-11-04 16:33:53] [STDERR] 2025-11-04 16:33:53,224 - gleitzeit.orchestrator.component_orchestrator - INFO - [workflow_loader-0:stderr] "params": {
[2025-11-04 16:33:53] [STDERR] 2025-11-04 16:33:53,224 - gleitzeit.orchestrator.component_orchestrator - INFO - [workflow_loader-0:stderr] "code": "\nresult = 2 + 2\nprint(f\"The answer is: {result}\")\n"
[2025-11-04 16:33:53] [STDERR] 2025-11-04 16:33:53,224 - gleitzeit.orchestrator.component_orchestrator - INFO - [workflow_loader-0:stderr] }
[2025-11-04 16:33:53] [STDERR] 2025-11-04 16:33:53,224 - gleitzeit.orchestrator.component_orchestrator - INFO - [workflow_loader-0:stderr] }
[2025-11-04 16:33:53] [STDERR] 2025-11-04 16:33:53,224 - gleitzeit.orchestrator.component_orchestrator - INFO - [workflow_loader-0:stderr] ],
[2025-11-04 16:33:53] [STDERR] 2025-11-04 16:33:53,225 - gleitzeit.orchestrator.component_orchestrator - INFO - [workflow_loader-0:stderr] "workflow_id": "53cb4ead-5ae5-44fe-918f-ade2aaee69a0"
[2025-11-04 16:33:53] [STDERR] 2025-11-04 16:33:53,225 - gleitzeit.orchestrator.component_orchestrator - INFO - [workflow_loader-0:stderr] }
[2025-11-04 16:33:53] [STDERR] 2025-11-04 16:33:53,225 - gleitzeit.orchestrator.component_orchestrator - INFO - [workflow_loader-0:stderr] 2025-11-04 16:33:53,222 - gleitzeit.workers.workflow_loader_worker_v2 - INFO - Workflow after transform: {
[2025-11-04 16:33:53] [STDERR] 2025-11-04 16:33:53,225 - gleitzeit.orchestrator.component_orchestrator - INFO - [workflow_loader-0:stderr] "id": "53cb4ead-5ae5-44fe-918f-ade2aaee69a0",
[2025-11-04 16:33:53] [STDERR] 2025-11-04 16:33:53,225 - gleitzeit.orchestrator.component_orchestrator - INFO - [workflow_loader-0:stderr] "name": "Simple Calculation",
[2025-11-04 16:33:53] [STDERR] 2025-11-04 16:33:53,225 - gleitzeit.orchestrator.component_orchestrator - INFO - [workflow_loader-0:stderr] "description": "",
[2025-11-04 16:33:53] [STDERR] 2025-11-04 16:33:53,225 - gleitzeit.orchestrator.component_orchestrator - INFO - [workflow_loader-0:stderr] "version": "1.0.0",
[2025-11-04 16:33:53] [STDERR] 2025-11-04 16:33:53,226 - gleitzeit.orchestrator.component_orchestrator - INFO - [workflow_loader-0:stderr] "created_at": "2025-11-04T15:33:53.222893",
[2025-11-04 16:33:53] [STDERR] 2025-11-04 16:33:53,226 - gleitzeit.orchestrator.component_orchestrator - INFO - [workflow_loader-0:stderr] "tasks": [
[2025-11-04 16:33:53] [STDERR] 2025-11-04 16:33:53,226 - gleitzeit.orchestrator.component_orchestrator - INFO - [workflow_loader-0:stderr] {
[2025-11-04 16:33:53] [STDERR] 2025-11-04 16:33:53,226 - gleitzeit.orchestrator.component_orchestrator - INFO - [workflow_loader-0:stderr] "id": "693c1724-c8e5-4163-8244-04bc35fc7de6",
[2025-11-04 16:33:53] [STDERR] 2025-11-04 16:33:53,226 - gleitzeit.orchestrator.component_orchestrator - INFO - [workflow_loader-0:stderr] "workflow_id": "53cb4ead-5ae5-44fe-918f-ade2aaee69a0",
[2025-11-04 16:33:53] [STDERR] 2025-11-04 16:33:53,226 - gleitzeit.orchestrator.component_orchestrator - INFO - [workflow_loader-0:stderr] "name": "693c1724-c8e5-4163-8244-04bc35fc7de6",
[2025-11-04 16:33:53] [STDERR] 2025-11-04 16:33:53,226 - gleitzeit.orchestrator.component_orchestrator - INFO - [workflow_loader-0:stderr] "description": "",
[2025-11-04 16:33:53] [STDERR] 2025-11-04 16:33:53,227 - gleitzeit.orchestrator.component_orchestrator - INFO - [workflow_loader-0:stderr] "protocol": "python/v1",
[2025-11-04 16:33:53] [STDERR] 2025-11-04 16:33:53,227 - gleitzeit.orchestrator.component_orchestrator - INFO - [workflow_loader-0:stderr] "method": "python/execute",
[2025-11-04 16:33:53] [STDERR] 2025-11-04 16:33:53,227 - gleitzeit.orchestrator.component_orchestrator - INFO - [workflow_loader-0:stderr] "params": {
[2025-11-04 16:33:53] [STDERR] 2025-11-04 16:33:53,227 - gleitzeit.orchestrator.component_orchestrator - INFO - [workflow_loader-0:stderr] "code": "\nresult = 2 + 2\nprint(f\"The answer is: {result}\")\n"
[2025-11-04 16:33:53] [STDERR] 2025-11-04 16:33:53,227 - gleitzeit.orchestrator.component_orchestrator - INFO - [workflow_loader-0:stderr] },
[2025-11-04 16:33:53] [STDERR] 2025-11-04 16:33:53,227 - gleitzeit.orchestrator.component_orchestrator - INFO - [workflow_loader-0:stderr] "dependencies": [],
[2025-11-04 16:33:53] [STDERR] 2025-11-04 16:33:53,228 - gleitzeit.orchestrator.component_orchestrator - INFO - [workflow_loader-0:stderr] "timeout": 300,
[2025-11-04 16:33:53] [STDERR] 2025-11-04 16:33:53,228 - gleitzeit.orchestrator.component_orchestrator - INFO - [workflow_loader-0:stderr] "retry": {
[2025-11-04 16:33:53] [STDERR] 2025-11-04 16:33:53,228 - gleitzeit.orchestrator.component_orchestrator - INFO - [workflow_loader-0:stderr] "max_retries": 2,
[2025-11-04 16:33:53] [STDERR] 2025-11-04 16:33:53,228 - gleitzeit.orchestrator.component_orchestrator - INFO - [workflow_loader-0:stderr] "strategy": "exponential_jitter",
[2025-11-04 16:33:53] [STDERR] 2025-11-04 16:33:53,228 - gleitzeit.orchestrator.component_orchestrator - INFO - [workflow_loader-0:stderr] "base_delay": 1.0,
[2025-11-04 16:33:53] [STDERR] 2025-11-04 16:33:53,228 - gleitzeit.orchestrator.component_orchestrator - INFO - [workflow_loader-0:stderr] "max_delay": 30.0,
[2025-11-04 16:33:53] [STDERR] 2025-11-04 16:33:53,228 - gleitzeit.orchestrator.component_orchestrator - INFO - [workflow_loader-0:stderr] "jitter": true,
[2025-11-04 16:33:53] [STDERR] 2025-11-04 16:33:53,229 - gleitzeit.orchestrator.component_orchestrator - INFO - [workflow_loader-0:stderr] "multiplier": 2.0
[2025-11-04 16:33:53] [STDERR] 2025-11-04 16:33:53,229 - gleitzeit.orchestrator.component_orchestrator - INFO - [workflow_loader-0:stderr] }
[2025-11-04 16:33:53] [STDERR] 2025-11-04 16:33:53,229 - gleitzeit.orchestrator.component_orchestrator - INFO - [workflow_loader-0:stderr] }
[2025-11-04 16:33:53] [STDERR] 2025-11-04 16:33:53,229 - gleitzeit.orchestrator.component_orchestrator - INFO - [workflow_loader-0:stderr] ]
[2025-11-04 16:33:53] [STDERR] 2025-11-04 16:33:53,229 - gleitzeit.orchestrator.component_orchestrator - INFO - [workflow_loader-0:stderr] }
[2025-11-04 16:33:53] [STDERR] 2025-11-04 16:33:53,229 - gleitzeit.orchestrator.component_orchestrator - INFO - [workflow_loader-0:stderr] 2025-11-04 16:33:53,229 - gleitzeit.workers.workflow_loader_worker_v2 - INFO - Workflow 53cb4ead-5ae5-44fe-918f-ade2aaee69a0 loaded and submitted to shard 12 with indexes
[2025-11-04 16:33:53] [STDERR] 2025-11-04 16:33:53,230 - gleitzeit.orchestrator.component_orchestrator - INFO - [task_execution-0:stderr] 2025-11-04 16:33:53,229 - gleitzeit.workers.task_execution_worker - INFO - Processing task 693c1724-c8e5-4163-8244-04bc35fc7de6 from workflow 53cb4ead-5ae5-44fe-918f-ade2aaee69a0
[2025-11-04 16:33:53] [STDERR] 2025-11-04 16:33:53,232 - gleitzeit.orchestrator.component_orchestrator - INFO - [task_execution-0:stderr] 2025-11-04 16:33:53,232 - gleitzeit.workers.task_execution_worker - INFO - Executing task 693c1724-c8e5-4163-8244-04bc35fc7de6 with handler PythonHandler
[2025-11-04 16:33:53] [STDERR] 2025-11-04 16:33:53,235 - gleitzeit.orchestrator.component_orchestrator - INFO - [task_execution-0:stderr] 2025-11-04 16:33:53,235 - gleitzeit.workers.task_execution_worker - INFO - Task 693c1724-c8e5-4163-8244-04bc35fc7de6 completed successfully by handler 7db2dfc2-34a7-4b39-a5cf-849534039e4d
[2025-11-04 16:33:53] [STDERR] 2025-11-04 16:33:53,235 - gleitzeit.orchestrator.component_orchestrator - INFO - [dependency-0:stderr] 2025-11-04 16:33:53,235 - gleitzeit.workers.dependency_worker - INFO - Processing task completion: 693c1724-c8e5-4163-8244-04bc35fc7de6 from workflow 53cb4ead-5ae5-44fe-918f-ade2aaee69a0
[2025-11-04 16:33:53] [STDERR] 2025-11-04 16:33:53,237 - gleitzeit.orchestrator.component_orchestrator - INFO - [dependency-0:stderr] 2025-11-04 16:33:53,237 - gleitzeit.workers.dependency_worker - INFO - Workflow 53cb4ead-5ae5-44fe-918f-ade2aaee69a0 completed successfully!
[2025-11-04 16:33:54] [STDERR] 2025-11-04 16:33:54,250 - gleitzeit.orchestrator.component_orchestrator - INFO - [dependency-0:stderr] 2025-11-04 16:33:54,249 - gleitzeit.workers.dependency_worker - INFO - Processing task completion: 66f09b44-0486-446f-988e-79c8194f3da6 from workflow eccc2fc7-34f0-4af6-a18f-1c060017eea9
[2025-11-04 16:33:54] [STDERR] 2025-11-04 16:33:54,254 - gleitzeit.orchestrator.component_orchestrator - INFO - [dependency-0:stderr] 2025-11-04 16:33:54,254 - gleitzeit.workers.dependency_worker - INFO - Emitted ready task 76bf849f-bf7f-4890-acae-77838afb54de to shard 0
[2025-11-04 16:33:54] [STDERR] 2025-11-04 16:33:54,254 - gleitzeit.orchestrator.component_orchestrator - INFO - [task_execution-0:stderr] 2025-11-04 16:33:54,254 - gleitzeit.workers.task_execution_worker - INFO - Processing task 76bf849f-bf7f-4890-acae-77838afb54de from workflow eccc2fc7-34f0-4af6-a18f-1c060017eea9
[2025-11-04 16:33:54] [STDERR] 2025-11-04 16:33:54,255 - gleitzeit.orchestrator.component_orchestrator - WARNING - [dependency-0:stderr] 2025-11-04 16:33:54,255 - gleitzeit.workers.dependency_worker - WARNING - Workflow eccc2fc7-34f0-4af6-a18f-1c060017eea9 not found
[2025-11-04 16:33:54] [STDERR] 2025-11-04 16:33:54,255 - gleitzeit.orchestrator.component_orchestrator - INFO - [dependency-0:stderr] 2025-11-04 16:33:54,255 - gleitzeit.workers.dependency_worker - INFO - Transitioning workflow eccc2fc7-34f0-4af6-a18f-1c060017eea9 from running to pending (task counts: {'completed': 0, 'failed': 0, 'scheduled': 0, 'waiting': 0, 'pending': 0, 'cancelled': 0, 'paused': 0})
[2025-11-04 16:33:54] [STDERR] 2025-11-04 16:33:54,256 - gleitzeit.orchestrator.component_orchestrator - INFO - [task_execution-0:stderr] 2025-11-04 16:33:54,256 - gleitzeit.workers.task_execution_worker - INFO - Executing task 76bf849f-bf7f-4890-acae-77838afb54de with handler PythonHandler
[2025-11-04 16:33:54] [STDERR] 2025-11-04 16:33:54,259 - gleitzeit.orchestrator.component_orchestrator - INFO - [task_execution-0:stderr] 2025-11-04 16:33:54,259 - gleitzeit.workers.task_execution_worker - INFO - Task 76bf849f-bf7f-4890-acae-77838afb54de completed successfully by handler 7db2dfc2-34a7-4b39-a5cf-849534039e4d
[2025-11-04 16:33:55] [STDERR] 2025-11-04 16:33:55,252 - gleitzeit.orchestrator.component_orchestrator - INFO - [workflow_loader-0:stderr] 2025-11-04 16:33:55,251 - gleitzeit.workers.workflow_loader_worker_v2 - INFO - Loading workflow 0ea6efb6-d77c-4e1a-9d84-8c0f8d0fa656 from inline
[2025-11-04 16:33:55] [STDERR] 2025-11-04 16:33:55,254 - gleitzeit.orchestrator.component_orchestrator - INFO - [workflow_loader-0:stderr] 2025-11-04 16:33:55,254 - gleitzeit.workers.workflow_loader_worker_v2 - INFO - Raw workflow before transform: {
[2025-11-04 16:33:55] [STDERR] 2025-11-04 16:33:55,254 - gleitzeit.orchestrator.component_orchestrator - INFO - [workflow_loader-0:stderr] "name": "Parallel Processing",
[2025-11-04 16:33:55] [STDERR] 2025-11-04 16:33:55,254 - gleitzeit.orchestrator.component_orchestrator - INFO - [workflow_loader-0:stderr] "tasks": [
[2025-11-04 16:33:55] [STDERR] 2025-11-04 16:33:55,254 - gleitzeit.orchestrator.component_orchestrator - INFO - [workflow_loader-0:stderr] {
[2025-11-04 16:33:55] [STDERR] 2025-11-04 16:33:55,255 - gleitzeit.orchestrator.component_orchestrator - INFO - [workflow_loader-0:stderr] "id": "task_a",
[2025-11-04 16:33:55] [STDERR] 2025-11-04 16:33:55,255 - gleitzeit.orchestrator.component_orchestrator - INFO - [workflow_loader-0:stderr] "type": "python",
[2025-11-04 16:33:55] [STDERR] 2025-11-04 16:33:55,255 - gleitzeit.orchestrator.component_orchestrator - INFO - [workflow_loader-0:stderr] "params": {
[2025-11-04 16:33:55] [STDERR] 2025-11-04 16:33:55,255 - gleitzeit.orchestrator.component_orchestrator - INFO - [workflow_loader-0:stderr] "code": "\nimport time\ntime.sleep(1)\nresult = {\"task\": \"A\", \"value\": 100}\nprint(\"Task A completed\")\n"
[2025-11-04 16:33:55] [STDERR] 2025-11-04 16:33:55,255 - gleitzeit.orchestrator.component_orchestrator - INFO - [workflow_loader-0:stderr] }
[2025-11-04 16:33:55] [STDERR] 2025-11-04 16:33:55,255 - gleitzeit.orchestrator.component_orchestrator - INFO - [workflow_loader-0:stderr] },
[2025-11-04 16:33:55] [STDERR] 2025-11-04 16:33:55,255 - gleitzeit.orchestrator.component_orchestrator - INFO - [workflow_loader-0:stderr] {
[2025-11-04 16:33:55] [STDERR] 2025-11-04 16:33:55,255 - gleitzeit.orchestrator.component_orchestrator - INFO - [workflow_loader-0:stderr] "id": "task_b",
[2025-11-04 16:33:55] [STDERR] 2025-11-04 16:33:55,256 - gleitzeit.orchestrator.component_orchestrator - INFO - [workflow_loader-0:stderr] "type": "python",
[2025-11-04 16:33:55] [STDERR] 2025-11-04 16:33:55,256 - gleitzeit.orchestrator.component_orchestrator - INFO - [dependency-0:stderr] 2025-11-04 16:33:55,255 - gleitzeit.workers.dependency_worker - INFO - Processing workflow submission: 0ea6efb6-d77c-4e1a-9d84-8c0f8d0fa656
[2025-11-04 16:33:55] [STDERR] 2025-11-04 16:33:55,256 - gleitzeit.orchestrator.component_orchestrator - INFO - [workflow_loader-0:stderr] "params": {
[2025-11-04 16:33:55] [STDERR] 2025-11-04 16:33:55,256 - gleitzeit.orchestrator.component_orchestrator - INFO - [workflow_loader-0:stderr] "code": "\nimport time\ntime.sleep(1)\nresult = {\"task\": \"B\", \"value\": 200}\nprint(\"Task B completed\")\n"
[2025-11-04 16:33:55] [STDERR] 2025-11-04 16:33:55,256 - gleitzeit.orchestrator.component_orchestrator - INFO - [workflow_loader-0:stderr] }
[2025-11-04 16:33:55] [STDERR] 2025-11-04 16:33:55,256 - gleitzeit.orchestrator.component_orchestrator - INFO - [workflow_loader-0:stderr] },
[2025-11-04 16:33:55] [STDERR] 2025-11-04 16:33:55,256 - gleitzeit.orchestrator.component_orchestrator - INFO - [workflow_loader-0:stderr] {
[2025-11-04 16:33:55] [STDERR] 2025-11-04 16:33:55,256 - gleitzeit.orchestrator.component_orchestrator - INFO - [workflow_loader-0:stderr] "id": "task_c",
[2025-11-04 16:33:55] [STDERR] 2025-11-04 16:33:55,256 - gleitzeit.orchestrator.component_orchestrator - INFO - [workflow_loader-0:stderr] "type": "python",
[2025-11-04 16:33:55] [STDERR] 2025-11-04 16:33:55,256 - gleitzeit.orchestrator.component_orchestrator - INFO - [workflow_loader-0:stderr] "params": {
[2025-11-04 16:33:55] [STDERR] 2025-11-04 16:33:55,257 - gleitzeit.orchestrator.component_orchestrator - INFO - [workflow_loader-0:stderr] "code": "\nimport time\ntime.sleep(1)\nresult = {\"task\": \"C\", \"value\": 300}\nprint(\"Task C completed\")\n"
[2025-11-04 16:33:55] [STDERR] 2025-11-04 16:33:55,257 - gleitzeit.orchestrator.component_orchestrator - INFO - [workflow_loader-0:stderr] }
[2025-11-04 16:33:55] [STDERR] 2025-11-04 16:33:55,257 - gleitzeit.orchestrator.component_orchestrator - INFO - [workflow_loader-0:stderr] },
[2025-11-04 16:33:55] [STDERR] 2025-11-04 16:33:55,257 - gleitzeit.orchestrator.component_orchestrator - INFO - [workflow_loader-0:stderr] {
[2025-11-04 16:33:55] [STDERR] 2025-11-04 16:33:55,257 - gleitzeit.orchestrator.component_orchestrator - INFO - [workflow_loader-0:stderr] "id": "combine",
[2025-11-04 16:33:55] [STDERR] 2025-11-04 16:33:55,257 - gleitzeit.orchestrator.component_orchestrator - INFO - [workflow_loader-0:stderr] "type": "python",
[2025-11-04 16:33:55] [STDERR] 2025-11-04 16:33:55,257 - gleitzeit.orchestrator.component_orchestrator - INFO - [workflow_loader-0:stderr] "depends_on": [
[2025-11-04 16:33:55] [STDERR] 2025-11-04 16:33:55,257 - gleitzeit.orchestrator.component_orchestrator - INFO - [workflow_loader-0:stderr] "task_a",
[2025-11-04 16:33:55] [STDERR] 2025-11-04 16:33:55,258 - gleitzeit.orchestrator.component_orchestrator - INFO - [workflow_loader-0:stderr] "task_b",
[2025-11-04 16:33:55] [STDERR] 2025-11-04 16:33:55,258 - gleitzeit.orchestrator.component_orchestrator - INFO - [workflow_loader-0:stderr] "task_c"
[2025-11-04 16:33:55] [STDERR] 2025-11-04 16:33:55,258 - gleitzeit.orchestrator.component_orchestrator - INFO - [workflow_loader-0:stderr] ],
[2025-11-04 16:33:55] [STDERR] 2025-11-04 16:33:55,258 - gleitzeit.orchestrator.component_orchestrator - INFO - [workflow_loader-0:stderr] "params": {
[2025-11-04 16:33:55] [STDERR] 2025-11-04 16:33:55,258 - gleitzeit.orchestrator.component_orchestrator - INFO - [workflow_loader-0:stderr] "code": "\n# Combine results from all parallel tasks via inputs\na = inputs.get(\"task_a\", {})\nb = inputs.get(\"task_b\", {})\nc = inputs.get(\"task_c\", {})\n\ntotal = a.get(\"value\", 0) + b.get(\"value\", 0) + c.get(\"value\", 0)\nresult = {\n    \"all_tasks\": [a, b, c],\n    \"total\": total\n}\nprint(f\"Combined total: {total}\")\n"
[2025-11-04 16:33:55] [STDERR] 2025-11-04 16:33:55,258 - gleitzeit.orchestrator.component_orchestrator - INFO - [workflow_loader-0:stderr] }
[2025-11-04 16:33:55] [STDERR] 2025-11-04 16:33:55,258 - gleitzeit.orchestrator.component_orchestrator - INFO - [workflow_loader-0:stderr] }
[2025-11-04 16:33:55] [STDERR] 2025-11-04 16:33:55,258 - gleitzeit.orchestrator.component_orchestrator - INFO - [workflow_loader-0:stderr] ],
[2025-11-04 16:33:55] [STDERR] 2025-11-04 16:33:55,259 - gleitzeit.orchestrator.component_orchestrator - INFO - [workflow_loader-0:stderr] "workflow_id": "0ea6efb6-d77c-4e1a-9d84-8c0f8d0fa656"
[2025-11-04 16:33:55] [STDERR] 2025-11-04 16:33:55,259 - gleitzeit.orchestrator.component_orchestrator - INFO - [workflow_loader-0:stderr] }
[2025-11-04 16:33:55] [STDERR] 2025-11-04 16:33:55,259 - gleitzeit.orchestrator.component_orchestrator - INFO - [workflow_loader-0:stderr] 2025-11-04 16:33:55,254 - gleitzeit.workers.workflow_loader_worker_v2 - INFO - Workflow after transform: {
[2025-11-04 16:33:55] [STDERR] 2025-11-04 16:33:55,259 - gleitzeit.orchestrator.component_orchestrator - INFO - [workflow_loader-0:stderr] "id": "0ea6efb6-d77c-4e1a-9d84-8c0f8d0fa656",
[2025-11-04 16:33:55] [STDERR] 2025-11-04 16:33:55,259 - gleitzeit.orchestrator.component_orchestrator - INFO - [workflow_loader-0:stderr] "name": "Parallel Processing",
[2025-11-04 16:33:55] [STDERR] 2025-11-04 16:33:55,259 - gleitzeit.orchestrator.component_orchestrator - INFO - [workflow_loader-0:stderr] "description": "",
[2025-11-04 16:33:55] [STDERR] 2025-11-04 16:33:55,259 - gleitzeit.orchestrator.component_orchestrator - INFO - [workflow_loader-0:stderr] "version": "1.0.0",
[2025-11-04 16:33:55] [STDERR] 2025-11-04 16:33:55,259 - gleitzeit.orchestrator.component_orchestrator - INFO - [workflow_loader-0:stderr] "created_at": "2025-11-04T15:33:55.254124",
[2025-11-04 16:33:55] [STDERR] 2025-11-04 16:33:55,260 - gleitzeit.orchestrator.component_orchestrator - INFO - [workflow_loader-0:stderr] "tasks": [
[2025-11-04 16:33:55] [STDERR] 2025-11-04 16:33:55,260 - gleitzeit.orchestrator.component_orchestrator - INFO - [workflow_loader-0:stderr] {
[2025-11-04 16:33:55] [STDERR] 2025-11-04 16:33:55,260 - gleitzeit.orchestrator.component_orchestrator - INFO - [workflow_loader-0:stderr] "id": "c72a7136-63a9-4713-98d2-29088a0e4bb9",
[2025-11-04 16:33:55] [STDERR] 2025-11-04 16:33:55,260 - gleitzeit.orchestrator.component_orchestrator - INFO - [workflow_loader-0:stderr] "workflow_id": "0ea6efb6-d77c-4e1a-9d84-8c0f8d0fa656",
[2025-11-04 16:33:55] [STDERR] 2025-11-04 16:33:55,260 - gleitzeit.orchestrator.component_orchestrator - INFO - [workflow_loader-0:stderr] "name": "c72a7136-63a9-4713-98d2-29088a0e4bb9",
[2025-11-04 16:33:55] [STDERR] 2025-11-04 16:33:55,260 - gleitzeit.orchestrator.component_orchestrator - INFO - [workflow_loader-0:stderr] "description": "",
[2025-11-04 16:33:55] [STDERR] 2025-11-04 16:33:55,260 - gleitzeit.orchestrator.component_orchestrator - INFO - [workflow_loader-0:stderr] "protocol": "python/v1",
[2025-11-04 16:33:55] [STDERR] 2025-11-04 16:33:55,260 - gleitzeit.orchestrator.component_orchestrator - INFO - [workflow_loader-0:stderr] "method": "python/execute",
[2025-11-04 16:33:55] [STDERR] 2025-11-04 16:33:55,260 - gleitzeit.orchestrator.component_orchestrator - INFO - [workflow_loader-0:stderr] "params": {
[2025-11-04 16:33:55] [STDERR] 2025-11-04 16:33:55,261 - gleitzeit.orchestrator.component_orchestrator - INFO - [dependency-0:stderr] 2025-11-04 16:33:55,260 - gleitzeit.workers.dependency_worker - INFO - Emitted initial task c72a7136-63a9-4713-98d2-29088a0e4bb9 to shard 0
[2025-11-04 16:33:55] [STDERR] 2025-11-04 16:33:55,261 - gleitzeit.orchestrator.component_orchestrator - INFO - [workflow_loader-0:stderr] "code": "\nimport time\ntime.sleep(1)\nresult = {\"task\": \"A\", \"value\": 100}\nprint(\"Task A completed\")\n"
[2025-11-04 16:33:55] [STDERR] 2025-11-04 16:33:55,261 - gleitzeit.orchestrator.component_orchestrator - INFO - [task_execution-0:stderr] 2025-11-04 16:33:55,260 - gleitzeit.workers.task_execution_worker - INFO - Processing task c72a7136-63a9-4713-98d2-29088a0e4bb9 from workflow 0ea6efb6-d77c-4e1a-9d84-8c0f8d0fa656
[2025-11-04 16:33:55] [STDERR] 2025-11-04 16:33:55,261 - gleitzeit.orchestrator.component_orchestrator - INFO - [workflow_loader-0:stderr] },
[2025-11-04 16:33:55] [STDERR] 2025-11-04 16:33:55,261 - gleitzeit.orchestrator.component_orchestrator - INFO - [workflow_loader-0:stderr] "dependencies": [],
[2025-11-04 16:33:55] [STDERR] 2025-11-04 16:33:55,261 - gleitzeit.orchestrator.component_orchestrator - INFO - [workflow_loader-0:stderr] "timeout": 300,
[2025-11-04 16:33:55] [STDERR] 2025-11-04 16:33:55,261 - gleitzeit.orchestrator.component_orchestrator - INFO - [workflow_loader-0:stderr] "retry": {
[2025-11-04 16:33:55] [STDERR] 2025-11-04 16:33:55,261 - gleitzeit.orchestrator.component_orchestrator - INFO - [workflow_loader-0:stderr] "max_retries": 2,
[2025-11-04 16:33:55] [STDERR] 2025-11-04 16:33:55,261 - gleitzeit.orchestrator.component_orchestrator - INFO - [workflow_loader-0:stderr] "strategy": "exponential_jitter",
[2025-11-04 16:33:55] [STDERR] 2025-11-04 16:33:55,261 - gleitzeit.orchestrator.component_orchestrator - INFO - [workflow_loader-0:stderr] "base_delay": 1.0,
[2025-11-04 16:33:55] [STDERR] 2025-11-04 16:33:55,261 - gleitzeit.orchestrator.component_orchestrator - INFO - [dependency-0:stderr] 2025-11-04 16:33:55,261 - gleitzeit.workers.dependency_worker - INFO - Emitted initial task 719bf0bd-5d22-4fa0-bbbc-a8d03ffb05dc to shard 0
[2025-11-04 16:33:55] [STDERR] 2025-11-04 16:33:55,261 - gleitzeit.orchestrator.component_orchestrator - INFO - [workflow_loader-0:stderr] "max_delay": 30.0,
[2025-11-04 16:33:55] [STDERR] 2025-11-04 16:33:55,262 - gleitzeit.orchestrator.component_orchestrator - INFO - [workflow_loader-0:stderr] "jitter": true,
[2025-11-04 16:33:55] [STDERR] 2025-11-04 16:33:55,262 - gleitzeit.orchestrator.component_orchestrator - INFO - [workflow_loader-0:stderr] "multiplier": 2.0
[2025-11-04 16:33:55] [STDERR] 2025-11-04 16:33:55,262 - gleitzeit.orchestrator.component_orchestrator - INFO - [workflow_loader-0:stderr] }
[2025-11-04 16:33:55] [STDERR] 2025-11-04 16:33:55,262 - gleitzeit.orchestrator.component_orchestrator - INFO - [workflow_loader-0:stderr] },
[2025-11-04 16:33:55] [STDERR] 2025-11-04 16:33:55,262 - gleitzeit.orchestrator.component_orchestrator - INFO - [workflow_loader-0:stderr] {
[2025-11-04 16:33:55] [STDERR] 2025-11-04 16:33:55,262 - gleitzeit.orchestrator.component_orchestrator - INFO - [workflow_loader-0:stderr] "id": "719bf0bd-5d22-4fa0-bbbc-a8d03ffb05dc",
[2025-11-04 16:33:55] [STDERR] 2025-11-04 16:33:55,262 - gleitzeit.orchestrator.component_orchestrator - INFO - [dependency-0:stderr] 2025-11-04 16:33:55,262 - gleitzeit.workers.dependency_worker - INFO - Emitted initial task 12612fcd-9acf-40ea-aa90-6ae3aa2bde0c to shard 0
[2025-11-04 16:33:55] [STDERR] 2025-11-04 16:33:55,262 - gleitzeit.orchestrator.component_orchestrator - INFO - [workflow_loader-0:stderr] "workflow_id": "0ea6efb6-d77c-4e1a-9d84-8c0f8d0fa656",
[2025-11-04 16:33:55] [STDERR] 2025-11-04 16:33:55,262 - gleitzeit.orchestrator.component_orchestrator - INFO - [workflow_loader-0:stderr] "name": "719bf0bd-5d22-4fa0-bbbc-a8d03ffb05dc",
[2025-11-04 16:33:55] [STDERR] 2025-11-04 16:33:55,262 - gleitzeit.orchestrator.component_orchestrator - INFO - [workflow_loader-0:stderr] "description": "",
[2025-11-04 16:33:55] [STDERR] 2025-11-04 16:33:55,263 - gleitzeit.orchestrator.component_orchestrator - INFO - [workflow_loader-0:stderr] "protocol": "python/v1",
[2025-11-04 16:33:55] [STDERR] 2025-11-04 16:33:55,263 - gleitzeit.orchestrator.component_orchestrator - INFO - [workflow_loader-0:stderr] "method": "python/execute",
[2025-11-04 16:33:55] [STDERR] 2025-11-04 16:33:55,263 - gleitzeit.orchestrator.component_orchestrator - INFO - [workflow_loader-0:stderr] "params": {
[2025-11-04 16:33:55] [STDERR] 2025-11-04 16:33:55,263 - gleitzeit.orchestrator.component_orchestrator - INFO - [workflow_loader-0:stderr] "code": "\nimport time\ntime.sleep(1)\nresult = {\"task\": \"B\", \"value\": 200}\nprint(\"Task B completed\")\n"
[2025-11-04 16:33:55] [STDERR] 2025-11-04 16:33:55,263 - gleitzeit.orchestrator.component_orchestrator - INFO - [workflow_loader-0:stderr] },
[2025-11-04 16:33:55] [STDERR] 2025-11-04 16:33:55,263 - gleitzeit.orchestrator.component_orchestrator - INFO - [workflow_loader-0:stderr] "dependencies": [],
[2025-11-04 16:33:55] [STDERR] 2025-11-04 16:33:55,263 - gleitzeit.orchestrator.component_orchestrator - INFO - [workflow_loader-0:stderr] "timeout": 300,
[2025-11-04 16:33:55] [STDERR] 2025-11-04 16:33:55,263 - gleitzeit.orchestrator.component_orchestrator - INFO - [workflow_loader-0:stderr] "retry": {
[2025-11-04 16:33:55] [STDERR] 2025-11-04 16:33:55,263 - gleitzeit.orchestrator.component_orchestrator - INFO - [workflow_loader-0:stderr] "max_retries": 2,
[2025-11-04 16:33:55] [STDERR] 2025-11-04 16:33:55,263 - gleitzeit.orchestrator.component_orchestrator - INFO - [workflow_loader-0:stderr] "strategy": "exponential_jitter",
[2025-11-04 16:33:55] [STDERR] 2025-11-04 16:33:55,264 - gleitzeit.orchestrator.component_orchestrator - INFO - [workflow_loader-0:stderr] "base_delay": 1.0,
[2025-11-04 16:33:55] [STDERR] 2025-11-04 16:33:55,264 - gleitzeit.orchestrator.component_orchestrator - INFO - [workflow_loader-0:stderr] "max_delay": 30.0,
[2025-11-04 16:33:55] [STDERR] 2025-11-04 16:33:55,264 - gleitzeit.orchestrator.component_orchestrator - INFO - [task_execution-0:stderr] 2025-11-04 16:33:55,263 - gleitzeit.workers.task_execution_worker - INFO - Executing task c72a7136-63a9-4713-98d2-29088a0e4bb9 with handler PythonHandler
[2025-11-04 16:33:55] [STDERR] 2025-11-04 16:33:55,264 - gleitzeit.orchestrator.component_orchestrator - INFO - [workflow_loader-0:stderr] "jitter": true,
[2025-11-04 16:33:55] [STDERR] 2025-11-04 16:33:55,264 - gleitzeit.orchestrator.component_orchestrator - INFO - [workflow_loader-0:stderr] "multiplier": 2.0
[2025-11-04 16:33:55] [STDERR] 2025-11-04 16:33:55,264 - gleitzeit.orchestrator.component_orchestrator - INFO - [workflow_loader-0:stderr] }
[2025-11-04 16:33:55] [STDERR] 2025-11-04 16:33:55,264 - gleitzeit.orchestrator.component_orchestrator - INFO - [workflow_loader-0:stderr] },
[2025-11-04 16:33:55] [STDERR] 2025-11-04 16:33:55,264 - gleitzeit.orchestrator.component_orchestrator - INFO - [workflow_loader-0:stderr] {
[2025-11-04 16:33:55] [STDERR] 2025-11-04 16:33:55,264 - gleitzeit.orchestrator.component_orchestrator - INFO - [workflow_loader-0:stderr] "id": "12612fcd-9acf-40ea-aa90-6ae3aa2bde0c",
[2025-11-04 16:33:55] [STDERR] 2025-11-04 16:33:55,264 - gleitzeit.orchestrator.component_orchestrator - INFO - [workflow_loader-0:stderr] "workflow_id": "0ea6efb6-d77c-4e1a-9d84-8c0f8d0fa656",
[2025-11-04 16:33:55] [STDERR] 2025-11-04 16:33:55,264 - gleitzeit.orchestrator.component_orchestrator - INFO - [workflow_loader-0:stderr] "name": "12612fcd-9acf-40ea-aa90-6ae3aa2bde0c",
[2025-11-04 16:33:55] [STDERR] 2025-11-04 16:33:55,265 - gleitzeit.orchestrator.component_orchestrator - INFO - [workflow_loader-0:stderr] "description": "",
[2025-11-04 16:33:55] [STDERR] 2025-11-04 16:33:55,265 - gleitzeit.orchestrator.component_orchestrator - INFO - [workflow_loader-0:stderr] "protocol": "python/v1",
[2025-11-04 16:33:55] [STDERR] 2025-11-04 16:33:55,265 - gleitzeit.orchestrator.component_orchestrator - INFO - [workflow_loader-0:stderr] "method": "python/execute",
[2025-11-04 16:33:55] [STDERR] 2025-11-04 16:33:55,265 - gleitzeit.orchestrator.component_orchestrator - INFO - [workflow_loader-0:stderr] "params": {
[2025-11-04 16:33:55] [STDERR] 2025-11-04 16:33:55,265 - gleitzeit.orchestrator.component_orchestrator - INFO - [workflow_loader-0:stderr] "code": "\nimport time\ntime.sleep(1)\nresult = {\"task\": \"C\", \"value\": 300}\nprint(\"Task C completed\")\n"
[2025-11-04 16:33:55] [STDERR] 2025-11-04 16:33:55,265 - gleitzeit.orchestrator.component_orchestrator - INFO - [workflow_loader-0:stderr] },
[2025-11-04 16:33:55] [STDERR] 2025-11-04 16:33:55,265 - gleitzeit.orchestrator.component_orchestrator - INFO - [workflow_loader-0:stderr] "dependencies": [],
[2025-11-04 16:33:55] [STDERR] 2025-11-04 16:33:55,265 - gleitzeit.orchestrator.component_orchestrator - INFO - [workflow_loader-0:stderr] "timeout": 300,
[2025-11-04 16:33:55] [STDERR] 2025-11-04 16:33:55,265 - gleitzeit.orchestrator.component_orchestrator - INFO - [workflow_loader-0:stderr] "retry": {
[2025-11-04 16:33:55] [STDERR] 2025-11-04 16:33:55,265 - gleitzeit.orchestrator.component_orchestrator - INFO - [workflow_loader-0:stderr] "max_retries": 2,
[2025-11-04 16:33:55] [STDERR] 2025-11-04 16:33:55,265 - gleitzeit.orchestrator.component_orchestrator - INFO - [workflow_loader-0:stderr] "strategy": "exponential_jitter",
[2025-11-04 16:33:55] [STDERR] 2025-11-04 16:33:55,265 - gleitzeit.orchestrator.component_orchestrator - INFO - [workflow_loader-0:stderr] "base_delay": 1.0,
[2025-11-04 16:33:55] [STDERR] 2025-11-04 16:33:55,266 - gleitzeit.orchestrator.component_orchestrator - INFO - [workflow_loader-0:stderr] "max_delay": 30.0,
[2025-11-04 16:33:55] [STDERR] 2025-11-04 16:33:55,266 - gleitzeit.orchestrator.component_orchestrator - INFO - [workflow_loader-0:stderr] "jitter": true,
[2025-11-04 16:33:55] [STDERR] 2025-11-04 16:33:55,266 - gleitzeit.orchestrator.component_orchestrator - INFO - [workflow_loader-0:stderr] "multiplier": 2.0
[2025-11-04 16:33:55] [STDERR] 2025-11-04 16:33:55,266 - gleitzeit.orchestrator.component_orchestrator - INFO - [workflow_loader-0:stderr] }
[2025-11-04 16:33:55] [STDERR] 2025-11-04 16:33:55,266 - gleitzeit.orchestrator.component_orchestrator - INFO - [workflow_loader-0:stderr] },
[2025-11-04 16:33:55] [STDERR] 2025-11-04 16:33:55,266 - gleitzeit.orchestrator.component_orchestrator - INFO - [workflow_loader-0:stderr] {
[2025-11-04 16:33:55] [STDERR] 2025-11-04 16:33:55,266 - gleitzeit.orchestrator.component_orchestrator - INFO - [workflow_loader-0:stderr] "id": "50284b54-c7f9-4e08-8308-3cf52c94943c",
[2025-11-04 16:33:55] [STDERR] 2025-11-04 16:33:55,266 - gleitzeit.orchestrator.component_orchestrator - INFO - [workflow_loader-0:stderr] "workflow_id": "0ea6efb6-d77c-4e1a-9d84-8c0f8d0fa656",
[2025-11-04 16:33:55] [STDERR] 2025-11-04 16:33:55,266 - gleitzeit.orchestrator.component_orchestrator - INFO - [workflow_loader-0:stderr] "name": "50284b54-c7f9-4e08-8308-3cf52c94943c",
[2025-11-04 16:33:55] [STDERR] 2025-11-04 16:33:55,266 - gleitzeit.orchestrator.component_orchestrator - INFO - [workflow_loader-0:stderr] "description": "",
[2025-11-04 16:33:55] [STDERR] 2025-11-04 16:33:55,266 - gleitzeit.orchestrator.component_orchestrator - INFO - [workflow_loader-0:stderr] "protocol": "python/v1",
[2025-11-04 16:33:55] [STDERR] 2025-11-04 16:33:55,266 - gleitzeit.orchestrator.component_orchestrator - INFO - [workflow_loader-0:stderr] "method": "python/execute",
[2025-11-04 16:33:55] [STDERR] 2025-11-04 16:33:55,266 - gleitzeit.orchestrator.component_orchestrator - INFO - [workflow_loader-0:stderr] "params": {
[2025-11-04 16:33:55] [STDERR] 2025-11-04 16:33:55,266 - gleitzeit.orchestrator.component_orchestrator - INFO - [workflow_loader-0:stderr] "code": "\n# Combine results from all parallel tasks via inputs\na = inputs.get(\"task_a\", {})\nb = inputs.get(\"task_b\", {})\nc = inputs.get(\"task_c\", {})\n\ntotal = a.get(\"value\", 0) + b.get(\"value\", 0) + c.get(\"value\", 0)\nresult = {\n    \"all_tasks\": [a, b, c],\n    \"total\": total\n}\nprint(f\"Combined total: {total}\")\n"
[2025-11-04 16:33:55] [STDERR] 2025-11-04 16:33:55,267 - gleitzeit.orchestrator.component_orchestrator - INFO - [workflow_loader-0:stderr] },
[2025-11-04 16:33:55] [STDERR] 2025-11-04 16:33:55,267 - gleitzeit.orchestrator.component_orchestrator - INFO - [workflow_loader-0:stderr] "dependencies": [
[2025-11-04 16:33:55] [STDERR] 2025-11-04 16:33:55,267 - gleitzeit.orchestrator.component_orchestrator - INFO - [workflow_loader-0:stderr] "c72a7136-63a9-4713-98d2-29088a0e4bb9",
[2025-11-04 16:33:55] [STDERR] 2025-11-04 16:33:55,267 - gleitzeit.orchestrator.component_orchestrator - INFO - [workflow_loader-0:stderr] "719bf0bd-5d22-4fa0-bbbc-a8d03ffb05dc",
[2025-11-04 16:33:55] [STDERR] 2025-11-04 16:33:55,267 - gleitzeit.orchestrator.component_orchestrator - INFO - [workflow_loader-0:stderr] "12612fcd-9acf-40ea-aa90-6ae3aa2bde0c"
[2025-11-04 16:33:55] [STDERR] 2025-11-04 16:33:55,267 - gleitzeit.orchestrator.component_orchestrator - INFO - [workflow_loader-0:stderr] ],
[2025-11-04 16:33:55] [STDERR] 2025-11-04 16:33:55,267 - gleitzeit.orchestrator.component_orchestrator - INFO - [workflow_loader-0:stderr] "timeout": 300,
[2025-11-04 16:33:55] [STDERR] 2025-11-04 16:33:55,267 - gleitzeit.orchestrator.component_orchestrator - INFO - [workflow_loader-0:stderr] "retry": {
[2025-11-04 16:33:55] [STDERR] 2025-11-04 16:33:55,267 - gleitzeit.orchestrator.component_orchestrator - INFO - [workflow_loader-0:stderr] "max_retries": 2,
[2025-11-04 16:33:55] [STDERR] 2025-11-04 16:33:55,267 - gleitzeit.orchestrator.component_orchestrator - INFO - [workflow_loader-0:stderr] "strategy": "exponential_jitter",
[2025-11-04 16:33:55] [STDERR] 2025-11-04 16:33:55,268 - gleitzeit.orchestrator.component_orchestrator - INFO - [workflow_loader-0:stderr] "base_delay": 1.0,
[2025-11-04 16:33:55] [STDERR] 2025-11-04 16:33:55,268 - gleitzeit.orchestrator.component_orchestrator - INFO - [workflow_loader-0:stderr] "max_delay": 30.0,
[2025-11-04 16:33:55] [STDERR] 2025-11-04 16:33:55,268 - gleitzeit.orchestrator.component_orchestrator - INFO - [workflow_loader-0:stderr] "jitter": true,
[2025-11-04 16:33:55] [STDERR] 2025-11-04 16:33:55,268 - gleitzeit.orchestrator.component_orchestrator - INFO - [workflow_loader-0:stderr] "multiplier": 2.0
[2025-11-04 16:33:55] [STDERR] 2025-11-04 16:33:55,268 - gleitzeit.orchestrator.component_orchestrator - INFO - [workflow_loader-0:stderr] }
[2025-11-04 16:33:55] [STDERR] 2025-11-04 16:33:55,268 - gleitzeit.orchestrator.component_orchestrator - INFO - [workflow_loader-0:stderr] }
[2025-11-04 16:33:55] [STDERR] 2025-11-04 16:33:55,268 - gleitzeit.orchestrator.component_orchestrator - INFO - [workflow_loader-0:stderr] ]
[2025-11-04 16:33:55] [STDERR] 2025-11-04 16:33:55,268 - gleitzeit.orchestrator.component_orchestrator - INFO - [workflow_loader-0:stderr] }
[2025-11-04 16:33:55] [STDERR] 2025-11-04 16:33:55,268 - gleitzeit.orchestrator.component_orchestrator - INFO - [workflow_loader-0:stderr] 2025-11-04 16:33:55,258 - gleitzeit.workers.workflow_loader_worker_v2 - INFO - Workflow 0ea6efb6-d77c-4e1a-9d84-8c0f8d0fa656 loaded and submitted to shard 0 with indexes
[2025-11-04 16:33:56] [STDERR] 2025-11-04 16:33:56,272 - gleitzeit.orchestrator.component_orchestrator - INFO - [task_execution-0:stderr] 2025-11-04 16:33:56,272 - gleitzeit.workers.task_execution_worker - INFO - Task c72a7136-63a9-4713-98d2-29088a0e4bb9 completed successfully by handler 7db2dfc2-34a7-4b39-a5cf-849534039e4d
[2025-11-04 16:33:56] [STDERR] 2025-11-04 16:33:56,272 - gleitzeit.orchestrator.component_orchestrator - INFO - [dependency-0:stderr] 2025-11-04 16:33:56,272 - gleitzeit.workers.dependency_worker - INFO - Processing task completion: c72a7136-63a9-4713-98d2-29088a0e4bb9 from workflow 0ea6efb6-d77c-4e1a-9d84-8c0f8d0fa656
[2025-11-04 16:33:56] [STDERR] 2025-11-04 16:33:56,274 - gleitzeit.orchestrator.component_orchestrator - WARNING - [dependency-0:stderr] 2025-11-04 16:33:56,274 - gleitzeit.workers.dependency_worker - WARNING - Workflow 0ea6efb6-d77c-4e1a-9d84-8c0f8d0fa656 not found
[2025-11-04 16:33:57] [STDERR] 2025-11-04 16:33:57,289 - gleitzeit.orchestrator.component_orchestrator - INFO - [task_execution-0:stderr] 2025-11-04 16:33:57,289 - gleitzeit.workers.task_execution_worker - INFO - Processing task 50284b54-c7f9-4e08-8308-3cf52c94943c from workflow 0ea6efb6-d77c-4e1a-9d84-8c0f8d0fa656
[2025-11-04 16:33:57] [STDERR] 2025-11-04 16:33:57,292 - gleitzeit.orchestrator.component_orchestrator - INFO - [task_execution-0:stderr] 2025-11-04 16:33:57,292 - gleitzeit.workers.task_execution_worker - INFO - Executing task 50284b54-c7f9-4e08-8308-3cf52c94943c with handler PythonHandler
[2025-11-04 16:33:57] [STDERR] 2025-11-04 16:33:57,295 - gleitzeit.orchestrator.component_orchestrator - INFO - [task_execution-0:stderr] 2025-11-04 16:33:57,295 - gleitzeit.workers.task_execution_worker - INFO - Task 50284b54-c7f9-4e08-8308-3cf52c94943c completed successfully by handler 7db2dfc2-34a7-4b39-a5cf-849534039e4d
[2025-11-04 16:33:57] [STDERR] 2025-11-04 16:33:57,296 - gleitzeit.orchestrator.component_orchestrator - INFO - [dependency-0:stderr] 2025-11-04 16:33:57,295 - gleitzeit.workers.dependency_worker - INFO - Processing task completion: 50284b54-c7f9-4e08-8308-3cf52c94943c from workflow 0ea6efb6-d77c-4e1a-9d84-8c0f8d0fa656
[2025-11-04 16:33:57] [STDERR] 2025-11-04 16:33:57,297 - gleitzeit.orchestrator.component_orchestrator - INFO - [dependency-0:stderr] 2025-11-04 16:33:57,297 - gleitzeit.workers.dependency_worker - INFO - Workflow 0ea6efb6-d77c-4e1a-9d84-8c0f8d0fa656 completed successfully!
[2025-11-04 16:33:59] [STDERR] 2025-11-04 16:33:59,669 - gleitzeit.orchestrator.component_orchestrator - INFO - [signal-0:stderr] 2025-11-04 16:33:59,669 - gleitzeit.workers.signal_worker - INFO - Signal processing loop iteration 2100
[2025-11-04 16:34:09] [STDERR] 2025-11-04 16:34:09,732 - gleitzeit.orchestrator.component_orchestrator - INFO - [signal-0:stderr] 2025-11-04 16:34:09,732 - gleitzeit.workers.signal_worker - INFO - Signal processing loop iteration 2120
[2025-11-04 16:34:17] [STDERR] 2025-11-04 16:34:17,178 - gleitzeit.orchestrator.component_orchestrator - WARNING - Worker api-0 unhealthy, restarting
[2025-11-04 16:34:17] [STDERR] 2025-11-04 16:34:17,179 - gleitzeit.orchestrator.component_orchestrator - INFO - Restarting worker api-0
[2025-11-04 16:34:17] [STDERR] 2025-11-04 16:34:17,179 - gleitzeit.orchestrator.component_orchestrator - INFO - Stopping worker api-0
[2025-11-04 16:34:17] [STDERR] 2025-11-04 16:34:17,179 - gleitzeit.orchestrator.component_orchestrator - INFO - Starting worker api-0 with shards [0, 1, 2, 3, 4, 5, 6, 7, 8, 9, 10, 11, 12, 13, 14, 15]
[2025-11-04 16:34:17] [STDERR] 2025-11-04 16:34:17,180 - gleitzeit.orchestrator.component_orchestrator - INFO - Stored config for api-0 at key: worker:config:api-0:d6e550cb
[2025-11-04 16:34:17] [STDERR] 2025-11-04 16:34:17,185 - gleitzeit.orchestrator.component_orchestrator - WARNING - Worker ui-0 unhealthy, restarting
[2025-11-04 16:34:17] [STDERR] 2025-11-04 16:34:17,185 - gleitzeit.orchestrator.component_orchestrator - INFO - Restarting worker ui-0
[2025-11-04 16:34:17] [STDERR] 2025-11-04 16:34:17,185 - gleitzeit.orchestrator.component_orchestrator - INFO - Stopping worker ui-0
[2025-11-04 16:34:17] [STDERR] 2025-11-04 16:34:17,186 - gleitzeit.orchestrator.component_orchestrator - INFO - Starting worker ui-0 with shards [0, 1, 2, 3, 4, 5, 6, 7, 8, 9, 10, 11, 12, 13, 14, 15]
[2025-11-04 16:34:17] [STDERR] 2025-11-04 16:34:17,186 - gleitzeit.orchestrator.component_orchestrator - INFO - Stored config for ui-0 at key: worker:config:ui-0:55fffb51
[2025-11-04 16:34:17] [STDERR] 2025-11-04 16:34:17,398 - gleitzeit.orchestrator.component_orchestrator - INFO - [api-0:stderr] 2025-11-04 16:34:17,398 - __main__ - INFO - Initialized worker instance identity: gleitzei-529d6f54
[2025-11-04 16:34:17] [STDERR] 2025-11-04 16:34:17,398 - gleitzeit.orchestrator.component_orchestrator - INFO - [ui-0:stderr] 2025-11-04 16:34:17,398 - __main__ - INFO - Initialized worker instance identity: gleitzei-529d6f54
[2025-11-04 16:34:17] [STDERR] 2025-11-04 16:34:17,398 - gleitzeit.orchestrator.component_orchestrator - INFO - [api-0:stderr] 2025-11-04 16:34:17,398 - __main__ - INFO - Loading configuration from Redis key: worker:config:api-0:d6e550cb
[2025-11-04 16:34:17] [STDERR] 2025-11-04 16:34:17,399 - gleitzeit.orchestrator.component_orchestrator - INFO - [ui-0:stderr] 2025-11-04 16:34:17,398 - __main__ - INFO - Loading configuration from Redis key: worker:config:ui-0:55fffb51
[2025-11-04 16:34:17] [STDERR] 2025-11-04 16:34:17,400 - gleitzeit.orchestrator.component_orchestrator - INFO - [ui-0:stderr] 2025-11-04 16:34:17,400 - __main__ - INFO - Loaded config for worker ui-0
[2025-11-04 16:34:17] [STDERR] 2025-11-04 16:34:17,400 - gleitzeit.orchestrator.component_orchestrator - INFO - [api-0:stderr] 2025-11-04 16:34:17,400 - __main__ - INFO - Loaded config for worker api-0
[2025-11-04 16:34:17] [STDERR] 2025-11-04 16:34:17,419 - gleitzeit.orchestrator.component_orchestrator - INFO - [ui-0:stderr] 2025-11-04 16:34:17,419 - __main__ - INFO - Worker ui-0 handler configs: ['python/v1', 'ollama/v1', 'http/v1', 'file/v1', 'timer/v1', 'signal/v1', 'workflow/v1']
[2025-11-04 16:34:17] [STDERR] 2025-11-04 16:34:17,419 - gleitzeit.orchestrator.component_orchestrator - INFO - [api-0:stderr] 2025-11-04 16:34:17,419 - __main__ - INFO - Worker api-0 handler configs: ['python/v1', 'ollama/v1', 'http/v1', 'file/v1', 'timer/v1', 'signal/v1', 'workflow/v1']
[2025-11-04 16:34:17] [STDERR] 2025-11-04 16:34:17,419 - gleitzeit.orchestrator.component_orchestrator - INFO - [ui-0:stderr] 2025-11-04 16:34:17,419 - gleitzeit.core.redis_cluster - INFO - Redis single instance initialized at localhost:6379
[2025-11-04 16:34:17] [STDERR] 2025-11-04 16:34:17,419 - gleitzeit.orchestrator.component_orchestrator - INFO - [api-0:stderr] 2025-11-04 16:34:17,419 - gleitzeit.core.redis_cluster - INFO - Redis single instance initialized at localhost:6379
[2025-11-04 16:34:17] [STDERR] 2025-11-04 16:34:17,419 - gleitzeit.orchestrator.component_orchestrator - ERROR - [ui-0:stderr] 2025-11-04 16:34:17,419 - ui.ui-0 - ERROR - Cannot start UI: Port 8004 is already in use. Either stop the existing service or use --ui-port to specify a different port.
[2025-11-04 16:34:17] [STDERR] 2025-11-04 16:34:17,419 - gleitzeit.orchestrator.component_orchestrator - ERROR - [api-0:stderr] 2025-11-04 16:34:17,419 - api.api-0 - ERROR - Cannot start API: Port 8000 is already in use. Either stop the existing service or use --api-port to specify a different port.
[2025-11-04 16:34:17] [STDERR] 2025-11-04 16:34:17,420 - gleitzeit.orchestrator.component_orchestrator - ERROR - [api-0:stderr] 2025-11-04 16:34:17,419 - __main__ - ERROR - Worker failed: Cannot start API: Port 8000 is already in use. Either stop the existing service or use --api-port to specify a different port.
[2025-11-04 16:34:17] [STDERR] 2025-11-04 16:34:17,420 - gleitzeit.orchestrator.component_orchestrator - INFO - [api-0:stderr] Traceback (most recent call last):
[2025-11-04 16:34:17] [STDERR] 2025-11-04 16:34:17,421 - gleitzeit.orchestrator.component_orchestrator - INFO - [api-0:stderr] File "/Users/leifmarkthaler/github/gleitzeit 0.0.7/src/gleitzeit/workers/runner.py", line 116, in run_worker
[2025-11-04 16:34:17] [STDERR] 2025-11-04 16:34:17,421 - gleitzeit.orchestrator.component_orchestrator - ERROR - [ui-0:stderr] 2025-11-04 16:34:17,419 - __main__ - ERROR - Worker failed: Cannot start UI: Port 8004 is already in use. Either stop the existing service or use --ui-port to specify a different port.
[2025-11-04 16:34:17] [STDERR] 2025-11-04 16:34:17,421 - gleitzeit.orchestrator.component_orchestrator - INFO - [api-0:stderr] await worker.initialize()
[2025-11-04 16:34:17] [STDERR] 2025-11-04 16:34:17,421 - gleitzeit.orchestrator.component_orchestrator - INFO - [ui-0:stderr] Traceback (most recent call last):
[2025-11-04 16:34:17] [STDERR] 2025-11-04 16:34:17,421 - gleitzeit.orchestrator.component_orchestrator - INFO - [api-0:stderr] File "/Users/leifmarkthaler/github/gleitzeit 0.0.7/src/gleitzeit/workers/base.py", line 113, in initialize
[2025-11-04 16:34:17] [STDERR] 2025-11-04 16:34:17,421 - gleitzeit.orchestrator.component_orchestrator - INFO - [ui-0:stderr] File "/Users/leifmarkthaler/github/gleitzeit 0.0.7/src/gleitzeit/workers/runner.py", line 116, in run_worker
[2025-11-04 16:34:17] [STDERR] 2025-11-04 16:34:17,421 - gleitzeit.orchestrator.component_orchestrator - INFO - [api-0:stderr] await self.on_initialize()
[2025-11-04 16:34:17] [STDERR] 2025-11-04 16:34:17,421 - gleitzeit.orchestrator.component_orchestrator - INFO - [ui-0:stderr] await worker.initialize()
[2025-11-04 16:34:17] [STDERR] 2025-11-04 16:34:17,421 - gleitzeit.orchestrator.component_orchestrator - INFO - [api-0:stderr] File "/Users/leifmarkthaler/github/gleitzeit 0.0.7/src/gleitzeit/workers/api_worker.py", line 45, in on_initialize
[2025-11-04 16:34:17] [STDERR] 2025-11-04 16:34:17,421 - gleitzeit.orchestrator.component_orchestrator - INFO - [ui-0:stderr] File "/Users/leifmarkthaler/github/gleitzeit 0.0.7/src/gleitzeit/workers/base.py", line 113, in initialize
[2025-11-04 16:34:17] [STDERR] 2025-11-04 16:34:17,422 - gleitzeit.orchestrator.component_orchestrator - INFO - [api-0:stderr] raise RuntimeError(error_msg)
[2025-11-04 16:34:17] [STDERR] 2025-11-04 16:34:17,422 - gleitzeit.orchestrator.component_orchestrator - INFO - [ui-0:stderr] await self.on_initialize()
[2025-11-04 16:34:17] [STDERR] 2025-11-04 16:34:17,422 - gleitzeit.orchestrator.component_orchestrator - INFO - [api-0:stderr] RuntimeError: Cannot start API: Port 8000 is already in use. Either stop the existing service or use --api-port to specify a different port.
[2025-11-04 16:34:17] [STDERR] 2025-11-04 16:34:17,422 - gleitzeit.orchestrator.component_orchestrator - INFO - [ui-0:stderr] File "/Users/leifmarkthaler/github/gleitzeit 0.0.7/src/gleitzeit/workers/ui_worker.py", line 46, in on_initialize
[2025-11-04 16:34:17] [STDERR] 2025-11-04 16:34:17,422 - gleitzeit.orchestrator.component_orchestrator - INFO - [ui-0:stderr] raise RuntimeError(error_msg)
[2025-11-04 16:34:17] [STDERR] 2025-11-04 16:34:17,422 - gleitzeit.orchestrator.component_orchestrator - INFO - [ui-0:stderr] RuntimeError: Cannot start UI: Port 8004 is already in use. Either stop the existing service or use --ui-port to specify a different port.
[2025-11-04 16:34:19] [STDERR] 2025-11-04 16:34:19,751 - gleitzeit.orchestrator.component_orchestrator - INFO - [signal-0:stderr] 2025-11-04 16:34:19,750 - gleitzeit.workers.signal_worker - INFO - Signal processing loop iteration 2140
[2025-11-04 16:34:29] [STDERR] 2025-11-04 16:34:29,771 - gleitzeit.orchestrator.component_orchestrator - INFO - [signal-0:stderr] 2025-11-04 16:34:29,771 - gleitzeit.workers.signal_worker - INFO - Signal processing loop iteration 2160
[2025-11-04 16:34:39] [STDERR] 2025-11-04 16:34:39,838 - gleitzeit.orchestrator.component_orchestrator - INFO - [signal-0:stderr] 2025-11-04 16:34:39,837 - gleitzeit.workers.signal_worker - INFO - Signal processing loop iteration 2180
[2025-11-04 16:34:49] [STDERR] 2025-11-04 16:34:49,858 - gleitzeit.orchestrator.component_orchestrator - INFO - [signal-0:stderr] 2025-11-04 16:34:49,858 - gleitzeit.workers.signal_worker - INFO - Signal processing loop iteration 2200
[2025-11-04 16:34:57] [STDERR] 2025-11-04 16:34:57,205 - gleitzeit.orchestrator.component_orchestrator - WARNING - Worker api-0 unhealthy, restarting
[2025-11-04 16:34:57] [STDERR] 2025-11-04 16:34:57,205 - gleitzeit.orchestrator.component_orchestrator - INFO - Restarting worker api-0
[2025-11-04 16:34:57] [STDERR] 2025-11-04 16:34:57,205 - gleitzeit.orchestrator.component_orchestrator - INFO - Stopping worker api-0
[2025-11-04 16:34:57] [STDERR] 2025-11-04 16:34:57,206 - gleitzeit.orchestrator.component_orchestrator - INFO - Starting worker api-0 with shards [0, 1, 2, 3, 4, 5, 6, 7, 8, 9, 10, 11, 12, 13, 14, 15]
[2025-11-04 16:34:57] [STDERR] 2025-11-04 16:34:57,207 - gleitzeit.orchestrator.component_orchestrator - INFO - Stored config for api-0 at key: worker:config:api-0:997f3d4a
[2025-11-04 16:34:57] [STDERR] 2025-11-04 16:34:57,212 - gleitzeit.orchestrator.component_orchestrator - WARNING - Worker ui-0 unhealthy, restarting
[2025-11-04 16:34:57] [STDERR] 2025-11-04 16:34:57,213 - gleitzeit.orchestrator.component_orchestrator - INFO - Restarting worker ui-0
[2025-11-04 16:34:57] [STDERR] 2025-11-04 16:34:57,213 - gleitzeit.orchestrator.component_orchestrator - INFO - Stopping worker ui-0
[2025-11-04 16:34:57] [STDERR] 2025-11-04 16:34:57,213 - gleitzeit.orchestrator.component_orchestrator - INFO - Starting worker ui-0 with shards [0, 1, 2, 3, 4, 5, 6, 7, 8, 9, 10, 11, 12, 13, 14, 15]
[2025-11-04 16:34:57] [STDERR] 2025-11-04 16:34:57,213 - gleitzeit.orchestrator.component_orchestrator - INFO - Stored config for ui-0 at key: worker:config:ui-0:c9aad1d2
[2025-11-04 16:34:57] [STDERR] 2025-11-04 16:34:57,468 - gleitzeit.orchestrator.component_orchestrator - INFO - [api-0:stderr] 2025-11-04 16:34:57,468 - __main__ - INFO - Initialized worker instance identity: gleitzei-529d6f54
[2025-11-04 16:34:57] [STDERR] 2025-11-04 16:34:57,469 - gleitzeit.orchestrator.component_orchestrator - INFO - [ui-0:stderr] 2025-11-04 16:34:57,468 - __main__ - INFO - Initialized worker instance identity: gleitzei-529d6f54
[2025-11-04 16:34:57] [STDERR] 2025-11-04 16:34:57,469 - gleitzeit.orchestrator.component_orchestrator - INFO - [ui-0:stderr] 2025-11-04 16:34:57,468 - __main__ - INFO - Loading configuration from Redis key: worker:config:ui-0:c9aad1d2
[2025-11-04 16:34:57] [STDERR] 2025-11-04 16:34:57,469 - gleitzeit.orchestrator.component_orchestrator - INFO - [api-0:stderr] 2025-11-04 16:34:57,468 - __main__ - INFO - Loading configuration from Redis key: worker:config:api-0:997f3d4a
[2025-11-04 16:34:57] [STDERR] 2025-11-04 16:34:57,470 - gleitzeit.orchestrator.component_orchestrator - INFO - [ui-0:stderr] 2025-11-04 16:34:57,470 - __main__ - INFO - Loaded config for worker ui-0
[2025-11-04 16:34:57] [STDERR] 2025-11-04 16:34:57,470 - gleitzeit.orchestrator.component_orchestrator - INFO - [api-0:stderr] 2025-11-04 16:34:57,470 - __main__ - INFO - Loaded config for worker api-0
[2025-11-04 16:34:57] [STDERR] 2025-11-04 16:34:57,491 - gleitzeit.orchestrator.component_orchestrator - INFO - [ui-0:stderr] 2025-11-04 16:34:57,491 - __main__ - INFO - Worker ui-0 handler configs: ['python/v1', 'ollama/v1', 'http/v1', 'file/v1', 'timer/v1', 'signal/v1', 'workflow/v1']
[2025-11-04 16:34:57] [STDERR] 2025-11-04 16:34:57,491 - gleitzeit.orchestrator.component_orchestrator - INFO - [api-0:stderr] 2025-11-04 16:34:57,491 - __main__ - INFO - Worker api-0 handler configs: ['python/v1', 'ollama/v1', 'http/v1', 'file/v1', 'timer/v1', 'signal/v1', 'workflow/v1']
[2025-11-04 16:34:57] [STDERR] 2025-11-04 16:34:57,491 - gleitzeit.orchestrator.component_orchestrator - INFO - [ui-0:stderr] 2025-11-04 16:34:57,491 - gleitzeit.core.redis_cluster - INFO - Redis single instance initialized at localhost:6379
[2025-11-04 16:34:57] [STDERR] 2025-11-04 16:34:57,491 - gleitzeit.orchestrator.component_orchestrator - INFO - [api-0:stderr] 2025-11-04 16:34:57,491 - gleitzeit.core.redis_cluster - INFO - Redis single instance initialized at localhost:6379
[2025-11-04 16:34:57] [STDERR] 2025-11-04 16:34:57,491 - gleitzeit.orchestrator.component_orchestrator - ERROR - [ui-0:stderr] 2025-11-04 16:34:57,491 - ui.ui-0 - ERROR - Cannot start UI: Port 8004 is already in use. Either stop the existing service or use --ui-port to specify a different port.
[2025-11-04 16:34:57] [STDERR] 2025-11-04 16:34:57,491 - gleitzeit.orchestrator.component_orchestrator - ERROR - [api-0:stderr] 2025-11-04 16:34:57,491 - api.api-0 - ERROR - Cannot start API: Port 8000 is already in use. Either stop the existing service or use --api-port to specify a different port.
[2025-11-04 16:34:57] [STDERR] 2025-11-04 16:34:57,492 - gleitzeit.orchestrator.component_orchestrator - ERROR - [api-0:stderr] 2025-11-04 16:34:57,491 - __main__ - ERROR - Worker failed: Cannot start API: Port 8000 is already in use. Either stop the existing service or use --api-port to specify a different port.
[2025-11-04 16:34:57] [STDERR] 2025-11-04 16:34:57,493 - gleitzeit.orchestrator.component_orchestrator - INFO - [api-0:stderr] Traceback (most recent call last):
[2025-11-04 16:34:57] [STDERR] 2025-11-04 16:34:57,493 - gleitzeit.orchestrator.component_orchestrator - INFO - [api-0:stderr] File "/Users/leifmarkthaler/github/gleitzeit 0.0.7/src/gleitzeit/workers/runner.py", line 116, in run_worker
[2025-11-04 16:34:57] [STDERR] 2025-11-04 16:34:57,493 - gleitzeit.orchestrator.component_orchestrator - INFO - [api-0:stderr] await worker.initialize()
[2025-11-04 16:34:57] [STDERR] 2025-11-04 16:34:57,493 - gleitzeit.orchestrator.component_orchestrator - ERROR - [ui-0:stderr] 2025-11-04 16:34:57,491 - __main__ - ERROR - Worker failed: Cannot start UI: Port 8004 is already in use. Either stop the existing service or use --ui-port to specify a different port.
[2025-11-04 16:34:57] [STDERR] 2025-11-04 16:34:57,493 - gleitzeit.orchestrator.component_orchestrator - INFO - [api-0:stderr] File "/Users/leifmarkthaler/github/gleitzeit 0.0.7/src/gleitzeit/workers/base.py", line 113, in initialize
[2025-11-04 16:34:57] [STDERR] 2025-11-04 16:34:57,493 - gleitzeit.orchestrator.component_orchestrator - INFO - [ui-0:stderr] Traceback (most recent call last):
[2025-11-04 16:34:57] [STDERR] 2025-11-04 16:34:57,493 - gleitzeit.orchestrator.component_orchestrator - INFO - [api-0:stderr] await self.on_initialize()
[2025-11-04 16:34:57] [STDERR] 2025-11-04 16:34:57,493 - gleitzeit.orchestrator.component_orchestrator - INFO - [ui-0:stderr] File "/Users/leifmarkthaler/github/gleitzeit 0.0.7/src/gleitzeit/workers/runner.py", line 116, in run_worker
[2025-11-04 16:34:57] [STDERR] 2025-11-04 16:34:57,493 - gleitzeit.orchestrator.component_orchestrator - INFO - [api-0:stderr] File "/Users/leifmarkthaler/github/gleitzeit 0.0.7/src/gleitzeit/workers/api_worker.py", line 45, in on_initialize
[2025-11-04 16:34:57] [STDERR] 2025-11-04 16:34:57,493 - gleitzeit.orchestrator.component_orchestrator - INFO - [ui-0:stderr] await worker.initialize()
[2025-11-04 16:34:57] [STDERR] 2025-11-04 16:34:57,493 - gleitzeit.orchestrator.component_orchestrator - INFO - [api-0:stderr] raise RuntimeError(error_msg)
[2025-11-04 16:34:57] [STDERR] 2025-11-04 16:34:57,493 - gleitzeit.orchestrator.component_orchestrator - INFO - [ui-0:stderr] File "/Users/leifmarkthaler/github/gleitzeit 0.0.7/src/gleitzeit/workers/base.py", line 113, in initialize
[2025-11-04 16:34:57] [STDERR] 2025-11-04 16:34:57,493 - gleitzeit.orchestrator.component_orchestrator - INFO - [api-0:stderr] RuntimeError: Cannot start API: Port 8000 is already in use. Either stop the existing service or use --api-port to specify a different port.
[2025-11-04 16:34:57] [STDERR] 2025-11-04 16:34:57,494 - gleitzeit.orchestrator.component_orchestrator - INFO - [ui-0:stderr] await self.on_initialize()
[2025-11-04 16:34:57] [STDERR] 2025-11-04 16:34:57,494 - gleitzeit.orchestrator.component_orchestrator - INFO - [ui-0:stderr] File "/Users/leifmarkthaler/github/gleitzeit 0.0.7/src/gleitzeit/workers/ui_worker.py", line 46, in on_initialize
[2025-11-04 16:34:57] [STDERR] 2025-11-04 16:34:57,494 - gleitzeit.orchestrator.component_orchestrator - INFO - [ui-0:stderr] raise RuntimeError(error_msg)
[2025-11-04 16:34:57] [STDERR] 2025-11-04 16:34:57,494 - gleitzeit.orchestrator.component_orchestrator - INFO - [ui-0:stderr] RuntimeError: Cannot start UI: Port 8004 is already in use. Either stop the existing service or use --ui-port to specify a different port.
[2025-11-04 16:34:59] [STDERR] 2025-11-04 16:34:59,880 - gleitzeit.orchestrator.component_orchestrator - INFO - [signal-0:stderr] 2025-11-04 16:34:59,879 - gleitzeit.workers.signal_worker - INFO - Signal processing loop iteration 2220
[2025-11-04 16:35:09] [STDERR] 2025-11-04 16:35:09,940 - gleitzeit.orchestrator.component_orchestrator - INFO - [signal-0:stderr] 2025-11-04 16:35:09,939 - gleitzeit.workers.signal_worker - INFO - Signal processing loop iteration 2240
[2025-11-04 16:35:19] [STDERR] 2025-11-04 16:35:19,958 - gleitzeit.orchestrator.component_orchestrator - INFO - [signal-0:stderr] 2025-11-04 16:35:19,958 - gleitzeit.workers.signal_worker - INFO - Signal processing loop iteration 2260
[2025-11-04 16:35:29] [STDERR] 2025-11-04 16:35:29,977 - gleitzeit.orchestrator.component_orchestrator - INFO - [signal-0:stderr] 2025-11-04 16:35:29,977 - gleitzeit.workers.signal_worker - INFO - Signal processing loop iteration 2280
[2025-11-04 16:35:37] [STDERR] 2025-11-04 16:35:37,234 - gleitzeit.orchestrator.component_orchestrator - WARNING - Worker api-0 unhealthy, restarting
[2025-11-04 16:35:37] [STDERR] 2025-11-04 16:35:37,234 - gleitzeit.orchestrator.component_orchestrator - INFO - Restarting worker api-0
[2025-11-04 16:35:37] [STDERR] 2025-11-04 16:35:37,234 - gleitzeit.orchestrator.component_orchestrator - INFO - Stopping worker api-0
[2025-11-04 16:35:37] [STDERR] 2025-11-04 16:35:37,235 - gleitzeit.orchestrator.component_orchestrator - INFO - Starting worker api-0 with shards [0, 1, 2, 3, 4, 5, 6, 7, 8, 9, 10, 11, 12, 13, 14, 15]
[2025-11-04 16:35:37] [STDERR] 2025-11-04 16:35:37,235 - gleitzeit.orchestrator.component_orchestrator - INFO - Stored config for api-0 at key: worker:config:api-0:d6b68211
[2025-11-04 16:35:37] [STDERR] 2025-11-04 16:35:37,240 - gleitzeit.orchestrator.component_orchestrator - WARNING - Worker ui-0 unhealthy, restarting
[2025-11-04 16:35:37] [STDERR] 2025-11-04 16:35:37,240 - gleitzeit.orchestrator.component_orchestrator - INFO - Restarting worker ui-0
[2025-11-04 16:35:37] [STDERR] 2025-11-04 16:35:37,240 - gleitzeit.orchestrator.component_orchestrator - INFO - Stopping worker ui-0
[2025-11-04 16:35:37] [STDERR] 2025-11-04 16:35:37,241 - gleitzeit.orchestrator.component_orchestrator - INFO - Starting worker ui-0 with shards [0, 1, 2, 3, 4, 5, 6, 7, 8, 9, 10, 11, 12, 13, 14, 15]
[2025-11-04 16:35:37] [STDERR] 2025-11-04 16:35:37,241 - gleitzeit.orchestrator.component_orchestrator - INFO - Stored config for ui-0 at key: worker:config:ui-0:516a9e07
[2025-11-04 16:35:37] [STDERR] 2025-11-04 16:35:37,493 - gleitzeit.orchestrator.component_orchestrator - INFO - [ui-0:stderr] 2025-11-04 16:35:37,493 - __main__ - INFO - Initialized worker instance identity: gleitzei-529d6f54
[2025-11-04 16:35:37] [STDERR] 2025-11-04 16:35:37,493 - gleitzeit.orchestrator.component_orchestrator - INFO - [api-0:stderr] 2025-11-04 16:35:37,493 - __main__ - INFO - Initialized worker instance identity: gleitzei-529d6f54
[2025-11-04 16:35:37] [STDERR] 2025-11-04 16:35:37,493 - gleitzeit.orchestrator.component_orchestrator - INFO - [ui-0:stderr] 2025-11-04 16:35:37,493 - __main__ - INFO - Loading configuration from Redis key: worker:config:ui-0:516a9e07
[2025-11-04 16:35:37] [STDERR] 2025-11-04 16:35:37,494 - gleitzeit.orchestrator.component_orchestrator - INFO - [api-0:stderr] 2025-11-04 16:35:37,493 - __main__ - INFO - Loading configuration from Redis key: worker:config:api-0:d6b68211
[2025-11-04 16:35:37] [STDERR] 2025-11-04 16:35:37,495 - gleitzeit.orchestrator.component_orchestrator - INFO - [api-0:stderr] 2025-11-04 16:35:37,495 - __main__ - INFO - Loaded config for worker api-0
[2025-11-04 16:35:37] [STDERR] 2025-11-04 16:35:37,495 - gleitzeit.orchestrator.component_orchestrator - INFO - [ui-0:stderr] 2025-11-04 16:35:37,495 - __main__ - INFO - Loaded config for worker ui-0
[2025-11-04 16:35:37] [STDERR] 2025-11-04 16:35:37,517 - gleitzeit.orchestrator.component_orchestrator - INFO - [api-0:stderr] 2025-11-04 16:35:37,516 - __main__ - INFO - Worker api-0 handler configs: ['python/v1', 'ollama/v1', 'http/v1', 'file/v1', 'timer/v1', 'signal/v1', 'workflow/v1']
[2025-11-04 16:35:37] [STDERR] 2025-11-04 16:35:37,517 - gleitzeit.orchestrator.component_orchestrator - INFO - [ui-0:stderr] 2025-11-04 16:35:37,516 - __main__ - INFO - Worker ui-0 handler configs: ['python/v1', 'ollama/v1', 'http/v1', 'file/v1', 'timer/v1', 'signal/v1', 'workflow/v1']
[2025-11-04 16:35:37] [STDERR] 2025-11-04 16:35:37,517 - gleitzeit.orchestrator.component_orchestrator - INFO - [api-0:stderr] 2025-11-04 16:35:37,517 - gleitzeit.core.redis_cluster - INFO - Redis single instance initialized at localhost:6379
[2025-11-04 16:35:37] [STDERR] 2025-11-04 16:35:37,517 - gleitzeit.orchestrator.component_orchestrator - INFO - [ui-0:stderr] 2025-11-04 16:35:37,517 - gleitzeit.core.redis_cluster - INFO - Redis single instance initialized at localhost:6379
[2025-11-04 16:35:37] [STDERR] 2025-11-04 16:35:37,517 - gleitzeit.orchestrator.component_orchestrator - ERROR - [api-0:stderr] 2025-11-04 16:35:37,517 - api.api-0 - ERROR - Cannot start API: Port 8000 is already in use. Either stop the existing service or use --api-port to specify a different port.
[2025-11-04 16:35:37] [STDERR] 2025-11-04 16:35:37,517 - gleitzeit.orchestrator.component_orchestrator - ERROR - [ui-0:stderr] 2025-11-04 16:35:37,517 - ui.ui-0 - ERROR - Cannot start UI: Port 8004 is already in use. Either stop the existing service or use --ui-port to specify a different port.
[2025-11-04 16:35:37] [STDERR] 2025-11-04 16:35:37,518 - gleitzeit.orchestrator.component_orchestrator - ERROR - [api-0:stderr] 2025-11-04 16:35:37,517 - __main__ - ERROR - Worker failed: Cannot start API: Port 8000 is already in use. Either stop the existing service or use --api-port to specify a different port.
[2025-11-04 16:35:37] [STDERR] 2025-11-04 16:35:37,518 - gleitzeit.orchestrator.component_orchestrator - INFO - [api-0:stderr] Traceback (most recent call last):
[2025-11-04 16:35:37] [STDERR] 2025-11-04 16:35:37,518 - gleitzeit.orchestrator.component_orchestrator - INFO - [api-0:stderr] File "/Users/leifmarkthaler/github/gleitzeit 0.0.7/src/gleitzeit/workers/runner.py", line 116, in run_worker
[2025-11-04 16:35:37] [STDERR] 2025-11-04 16:35:37,518 - gleitzeit.orchestrator.component_orchestrator - ERROR - [ui-0:stderr] 2025-11-04 16:35:37,517 - __main__ - ERROR - Worker failed: Cannot start UI: Port 8004 is already in use. Either stop the existing service or use --ui-port to specify a different port.
[2025-11-04 16:35:37] [STDERR] 2025-11-04 16:35:37,518 - gleitzeit.orchestrator.component_orchestrator - INFO - [api-0:stderr] await worker.initialize()
[2025-11-04 16:35:37] [STDERR] 2025-11-04 16:35:37,518 - gleitzeit.orchestrator.component_orchestrator - INFO - [ui-0:stderr] Traceback (most recent call last):
[2025-11-04 16:35:37] [STDERR] 2025-11-04 16:35:37,519 - gleitzeit.orchestrator.component_orchestrator - INFO - [api-0:stderr] File "/Users/leifmarkthaler/github/gleitzeit 0.0.7/src/gleitzeit/workers/base.py", line 113, in initialize
[2025-11-04 16:35:37] [STDERR] 2025-11-04 16:35:37,519 - gleitzeit.orchestrator.component_orchestrator - INFO - [ui-0:stderr] File "/Users/leifmarkthaler/github/gleitzeit 0.0.7/src/gleitzeit/workers/runner.py", line 116, in run_worker
[2025-11-04 16:35:37] [STDERR] 2025-11-04 16:35:37,519 - gleitzeit.orchestrator.component_orchestrator - INFO - [api-0:stderr] await self.on_initialize()
[2025-11-04 16:35:37] [STDERR] 2025-11-04 16:35:37,519 - gleitzeit.orchestrator.component_orchestrator - INFO - [ui-0:stderr] await worker.initialize()
[2025-11-04 16:35:37] [STDERR] 2025-11-04 16:35:37,519 - gleitzeit.orchestrator.component_orchestrator - INFO - [api-0:stderr] File "/Users/leifmarkthaler/github/gleitzeit 0.0.7/src/gleitzeit/workers/api_worker.py", line 45, in on_initialize
[2025-11-04 16:35:37] [STDERR] 2025-11-04 16:35:37,519 - gleitzeit.orchestrator.component_orchestrator - INFO - [ui-0:stderr] File "/Users/leifmarkthaler/github/gleitzeit 0.0.7/src/gleitzeit/workers/base.py", line 113, in initialize
[2025-11-04 16:35:37] [STDERR] 2025-11-04 16:35:37,519 - gleitzeit.orchestrator.component_orchestrator - INFO - [api-0:stderr] raise RuntimeError(error_msg)
[2025-11-04 16:35:37] [STDERR] 2025-11-04 16:35:37,519 - gleitzeit.orchestrator.component_orchestrator - INFO - [ui-0:stderr] await self.on_initialize()
[2025-11-04 16:35:37] [STDERR] 2025-11-04 16:35:37,520 - gleitzeit.orchestrator.component_orchestrator - INFO - [api-0:stderr] RuntimeError: Cannot start API: Port 8000 is already in use. Either stop the existing service or use --api-port to specify a different port.
[2025-11-04 16:35:37] [STDERR] 2025-11-04 16:35:37,520 - gleitzeit.orchestrator.component_orchestrator - INFO - [ui-0:stderr] File "/Users/leifmarkthaler/github/gleitzeit 0.0.7/src/gleitzeit/workers/ui_worker.py", line 46, in on_initialize
[2025-11-04 16:35:37] [STDERR] 2025-11-04 16:35:37,520 - gleitzeit.orchestrator.component_orchestrator - INFO - [ui-0:stderr] raise RuntimeError(error_msg)
[2025-11-04 16:35:37] [STDERR] 2025-11-04 16:35:37,520 - gleitzeit.orchestrator.component_orchestrator - INFO - [ui-0:stderr] RuntimeError: Cannot start UI: Port 8004 is already in use. Either stop the existing service or use --ui-port to specify a different port.
[2025-11-04 16:35:40] [STDERR] 2025-11-04 16:35:40,046 - gleitzeit.orchestrator.component_orchestrator - INFO - [signal-0:stderr] 2025-11-04 16:35:40,046 - gleitzeit.workers.signal_worker - INFO - Signal processing loop iteration 2300
[2025-11-04 16:35:50] [STDERR] 2025-11-04 16:35:50,069 - gleitzeit.orchestrator.component_orchestrator - INFO - [signal-0:stderr] 2025-11-04 16:35:50,069 - gleitzeit.workers.signal_worker - INFO - Signal processing loop iteration 2320
[2025-11-04 16:36:00] [STDERR] 2025-11-04 16:36:00,089 - gleitzeit.orchestrator.component_orchestrator - INFO - [signal-0:stderr] 2025-11-04 16:36:00,088 - gleitzeit.workers.signal_worker - INFO - Signal processing loop iteration 2340
[2025-11-04 16:36:10] [STDERR] 2025-11-04 16:36:10,152 - gleitzeit.orchestrator.component_orchestrator - INFO - [signal-0:stderr] 2025-11-04 16:36:10,152 - gleitzeit.workers.signal_worker - INFO - Signal processing loop iteration 2360
[2025-11-04 16:36:17] [STDERR] 2025-11-04 16:36:17,294 - gleitzeit.orchestrator.component_orchestrator - WARNING - Worker api-0 unhealthy, restarting
[2025-11-04 16:36:17] [STDERR] 2025-11-04 16:36:17,294 - gleitzeit.orchestrator.component_orchestrator - INFO - Restarting worker api-0
[2025-11-04 16:36:17] [STDERR] 2025-11-04 16:36:17,294 - gleitzeit.orchestrator.component_orchestrator - INFO - Stopping worker api-0
[2025-11-04 16:36:17] [STDERR] 2025-11-04 16:36:17,295 - gleitzeit.orchestrator.component_orchestrator - INFO - Starting worker api-0 with shards [0, 1, 2, 3, 4, 5, 6, 7, 8, 9, 10, 11, 12, 13, 14, 15]
[2025-11-04 16:36:17] [STDERR] 2025-11-04 16:36:17,295 - gleitzeit.orchestrator.component_orchestrator - INFO - Stored config for api-0 at key: worker:config:api-0:f4bace19
[2025-11-04 16:36:17] [STDERR] 2025-11-04 16:36:17,300 - gleitzeit.orchestrator.component_orchestrator - WARNING - Worker ui-0 unhealthy, restarting
[2025-11-04 16:36:17] [STDERR] 2025-11-04 16:36:17,300 - gleitzeit.orchestrator.component_orchestrator - INFO - Restarting worker ui-0
[2025-11-04 16:36:17] [STDERR] 2025-11-04 16:36:17,300 - gleitzeit.orchestrator.component_orchestrator - INFO - Stopping worker ui-0
[2025-11-04 16:36:17] [STDERR] 2025-11-04 16:36:17,301 - gleitzeit.orchestrator.component_orchestrator - INFO - Starting worker ui-0 with shards [0, 1, 2, 3, 4, 5, 6, 7, 8, 9, 10, 11, 12, 13, 14, 15]
[2025-11-04 16:36:17] [STDERR] 2025-11-04 16:36:17,301 - gleitzeit.orchestrator.component_orchestrator - INFO - Stored config for ui-0 at key: worker:config:ui-0:2e241169
[2025-11-04 16:36:17] [STDERR] 2025-11-04 16:36:17,473 - gleitzeit.orchestrator.component_orchestrator - INFO - [ui-0:stderr] 2025-11-04 16:36:17,472 - __main__ - INFO - Initialized worker instance identity: gleitzei-529d6f54
[2025-11-04 16:36:17] [STDERR] 2025-11-04 16:36:17,473 - gleitzeit.orchestrator.component_orchestrator - INFO - [api-0:stderr] 2025-11-04 16:36:17,472 - __main__ - INFO - Initialized worker instance identity: gleitzei-529d6f54
[2025-11-04 16:36:17] [STDERR] 2025-11-04 16:36:17,473 - gleitzeit.orchestrator.component_orchestrator - INFO - [api-0:stderr] 2025-11-04 16:36:17,473 - __main__ - INFO - Loading configuration from Redis key: worker:config:api-0:f4bace19
[2025-11-04 16:36:17] [STDERR] 2025-11-04 16:36:17,473 - gleitzeit.orchestrator.component_orchestrator - INFO - [ui-0:stderr] 2025-11-04 16:36:17,473 - __main__ - INFO - Loading configuration from Redis key: worker:config:ui-0:2e241169
[2025-11-04 16:36:17] [STDERR] 2025-11-04 16:36:17,474 - gleitzeit.orchestrator.component_orchestrator - INFO - [ui-0:stderr] 2025-11-04 16:36:17,474 - __main__ - INFO - Loaded config for worker ui-0
[2025-11-04 16:36:17] [STDERR] 2025-11-04 16:36:17,474 - gleitzeit.orchestrator.component_orchestrator - INFO - [api-0:stderr] 2025-11-04 16:36:17,474 - __main__ - INFO - Loaded config for worker api-0
[2025-11-04 16:36:17] [STDERR] 2025-11-04 16:36:17,486 - gleitzeit.orchestrator.component_orchestrator - INFO - [api-0:stderr] 2025-11-04 16:36:17,486 - __main__ - INFO - Worker api-0 handler configs: ['python/v1', 'ollama/v1', 'http/v1', 'file/v1', 'timer/v1', 'signal/v1', 'workflow/v1']
[2025-11-04 16:36:17] [STDERR] 2025-11-04 16:36:17,486 - gleitzeit.orchestrator.component_orchestrator - INFO - [ui-0:stderr] 2025-11-04 16:36:17,486 - __main__ - INFO - Worker ui-0 handler configs: ['python/v1', 'ollama/v1', 'http/v1', 'file/v1', 'timer/v1', 'signal/v1', 'workflow/v1']
[2025-11-04 16:36:17] [STDERR] 2025-11-04 16:36:17,487 - gleitzeit.orchestrator.component_orchestrator - INFO - [api-0:stderr] 2025-11-04 16:36:17,486 - gleitzeit.core.redis_cluster - INFO - Redis single instance initialized at localhost:6379
[2025-11-04 16:36:17] [STDERR] 2025-11-04 16:36:17,487 - gleitzeit.orchestrator.component_orchestrator - INFO - [ui-0:stderr] 2025-11-04 16:36:17,486 - gleitzeit.core.redis_cluster - INFO - Redis single instance initialized at localhost:6379
[2025-11-04 16:36:17] [STDERR] 2025-11-04 16:36:17,487 - gleitzeit.orchestrator.component_orchestrator - ERROR - [api-0:stderr] 2025-11-04 16:36:17,486 - api.api-0 - ERROR - Cannot start API: Port 8000 is already in use. Either stop the existing service or use --api-port to specify a different port.
[2025-11-04 16:36:17] [STDERR] 2025-11-04 16:36:17,487 - gleitzeit.orchestrator.component_orchestrator - ERROR - [ui-0:stderr] 2025-11-04 16:36:17,486 - ui.ui-0 - ERROR - Cannot start UI: Port 8004 is already in use. Either stop the existing service or use --ui-port to specify a different port.
[2025-11-04 16:36:17] [STDERR] 2025-11-04 16:36:17,487 - gleitzeit.orchestrator.component_orchestrator - ERROR - [ui-0:stderr] 2025-11-04 16:36:17,486 - __main__ - ERROR - Worker failed: Cannot start UI: Port 8004 is already in use. Either stop the existing service or use --ui-port to specify a different port.
[2025-11-04 16:36:17] [STDERR] 2025-11-04 16:36:17,487 - gleitzeit.orchestrator.component_orchestrator - ERROR - [api-0:stderr] 2025-11-04 16:36:17,486 - __main__ - ERROR - Worker failed: Cannot start API: Port 8000 is already in use. Either stop the existing service or use --api-port to specify a different port.
[2025-11-04 16:36:17] [STDERR] 2025-11-04 16:36:17,487 - gleitzeit.orchestrator.component_orchestrator - INFO - [ui-0:stderr] Traceback (most recent call last):
[2025-11-04 16:36:17] [STDERR] 2025-11-04 16:36:17,487 - gleitzeit.orchestrator.component_orchestrator - INFO - [api-0:stderr] Traceback (most recent call last):
[2025-11-04 16:36:17] [STDERR] 2025-11-04 16:36:17,487 - gleitzeit.orchestrator.component_orchestrator - INFO - [ui-0:stderr] File "/Users/leifmarkthaler/github/gleitzeit 0.0.7/src/gleitzeit/workers/runner.py", line 116, in run_worker
[2025-11-04 16:36:17] [STDERR] 2025-11-04 16:36:17,487 - gleitzeit.orchestrator.component_orchestrator - INFO - [api-0:stderr] File "/Users/leifmarkthaler/github/gleitzeit 0.0.7/src/gleitzeit/workers/runner.py", line 116, in run_worker
[2025-11-04 16:36:17] [STDERR] 2025-11-04 16:36:17,488 - gleitzeit.orchestrator.component_orchestrator - INFO - [ui-0:stderr] await worker.initialize()
[2025-11-04 16:36:17] [STDERR] 2025-11-04 16:36:17,488 - gleitzeit.orchestrator.component_orchestrator - INFO - [api-0:stderr] await worker.initialize()
[2025-11-04 16:36:17] [STDERR] 2025-11-04 16:36:17,488 - gleitzeit.orchestrator.component_orchestrator - INFO - [ui-0:stderr] File "/Users/leifmarkthaler/github/gleitzeit 0.0.7/src/gleitzeit/workers/base.py", line 113, in initialize
[2025-11-04 16:36:17] [STDERR] 2025-11-04 16:36:17,488 - gleitzeit.orchestrator.component_orchestrator - INFO - [api-0:stderr] File "/Users/leifmarkthaler/github/gleitzeit 0.0.7/src/gleitzeit/workers/base.py", line 113, in initialize
[2025-11-04 16:36:17] [STDERR] 2025-11-04 16:36:17,488 - gleitzeit.orchestrator.component_orchestrator - INFO - [ui-0:stderr] await self.on_initialize()
[2025-11-04 16:36:17] [STDERR] 2025-11-04 16:36:17,488 - gleitzeit.orchestrator.component_orchestrator - INFO - [api-0:stderr] await self.on_initialize()
[2025-11-04 16:36:17] [STDERR] 2025-11-04 16:36:17,488 - gleitzeit.orchestrator.component_orchestrator - INFO - [ui-0:stderr] File "/Users/leifmarkthaler/github/gleitzeit 0.0.7/src/gleitzeit/workers/ui_worker.py", line 46, in on_initialize
[2025-11-04 16:36:17] [STDERR] 2025-11-04 16:36:17,488 - gleitzeit.orchestrator.component_orchestrator - INFO - [api-0:stderr] File "/Users/leifmarkthaler/github/gleitzeit 0.0.7/src/gleitzeit/workers/api_worker.py", line 45, in on_initialize
[2025-11-04 16:36:17] [STDERR] 2025-11-04 16:36:17,488 - gleitzeit.orchestrator.component_orchestrator - INFO - [ui-0:stderr] raise RuntimeError(error_msg)
[2025-11-04 16:36:17] [STDERR] 2025-11-04 16:36:17,488 - gleitzeit.orchestrator.component_orchestrator - INFO - [api-0:stderr] raise RuntimeError(error_msg)
[2025-11-04 16:36:17] [STDERR] 2025-11-04 16:36:17,488 - gleitzeit.orchestrator.component_orchestrator - INFO - [ui-0:stderr] RuntimeError: Cannot start UI: Port 8004 is already in use. Either stop the existing service or use --ui-port to specify a different port.
[2025-11-04 16:36:17] [STDERR] 2025-11-04 16:36:17,488 - gleitzeit.orchestrator.component_orchestrator - INFO - [api-0:stderr] RuntimeError: Cannot start API: Port 8000 is already in use. Either stop the existing service or use --api-port to specify a different port.
[2025-11-04 16:36:20] [STDERR] 2025-11-04 16:36:20,173 - gleitzeit.orchestrator.component_orchestrator - INFO - [signal-0:stderr] 2025-11-04 16:36:20,172 - gleitzeit.workers.signal_worker - INFO - Signal processing loop iteration 2380
[2025-11-04 16:36:30] [STDERR] 2025-11-04 16:36:30,194 - gleitzeit.orchestrator.component_orchestrator - INFO - [signal-0:stderr] 2025-11-04 16:36:30,194 - gleitzeit.workers.signal_worker - INFO - Signal processing loop iteration 2400
[2025-11-04 16:36:40] [STDERR] 2025-11-04 16:36:40,262 - gleitzeit.orchestrator.component_orchestrator - INFO - [signal-0:stderr] 2025-11-04 16:36:40,261 - gleitzeit.workers.signal_worker - INFO - Signal processing loop iteration 2420
[2025-11-04 16:36:50] [STDERR] 2025-11-04 16:36:50,283 - gleitzeit.orchestrator.component_orchestrator - INFO - [signal-0:stderr] 2025-11-04 16:36:50,283 - gleitzeit.workers.signal_worker - INFO - Signal processing loop iteration 2440
[2025-11-04 16:36:57] [STDERR] 2025-11-04 16:36:57,319 - gleitzeit.orchestrator.component_orchestrator - WARNING - Worker api-0 unhealthy, restarting
[2025-11-04 16:36:57] [STDERR] 2025-11-04 16:36:57,319 - gleitzeit.orchestrator.component_orchestrator - INFO - Restarting worker api-0
[2025-11-04 16:36:57] [STDERR] 2025-11-04 16:36:57,319 - gleitzeit.orchestrator.component_orchestrator - INFO - Stopping worker api-0
[2025-11-04 16:36:57] [STDERR] 2025-11-04 16:36:57,319 - gleitzeit.orchestrator.component_orchestrator - INFO - Starting worker api-0 with shards [0, 1, 2, 3, 4, 5, 6, 7, 8, 9, 10, 11, 12, 13, 14, 15]
[2025-11-04 16:36:57] [STDERR] 2025-11-04 16:36:57,320 - gleitzeit.orchestrator.component_orchestrator - INFO - Stored config for api-0 at key: worker:config:api-0:52781daf
[2025-11-04 16:36:57] [STDERR] 2025-11-04 16:36:57,325 - gleitzeit.orchestrator.component_orchestrator - WARNING - Worker ui-0 unhealthy, restarting
[2025-11-04 16:36:57] [STDERR] 2025-11-04 16:36:57,325 - gleitzeit.orchestrator.component_orchestrator - INFO - Restarting worker ui-0
[2025-11-04 16:36:57] [STDERR] 2025-11-04 16:36:57,325 - gleitzeit.orchestrator.component_orchestrator - INFO - Stopping worker ui-0
[2025-11-04 16:36:57] [STDERR] 2025-11-04 16:36:57,326 - gleitzeit.orchestrator.component_orchestrator - INFO - Starting worker ui-0 with shards [0, 1, 2, 3, 4, 5, 6, 7, 8, 9, 10, 11, 12, 13, 14, 15]
[2025-11-04 16:36:57] [STDERR] 2025-11-04 16:36:57,326 - gleitzeit.orchestrator.component_orchestrator - INFO - Stored config for ui-0 at key: worker:config:ui-0:c5f13305
[2025-11-04 16:36:57] [STDERR] 2025-11-04 16:36:57,491 - gleitzeit.orchestrator.component_orchestrator - INFO - [ui-0:stderr] 2025-11-04 16:36:57,491 - __main__ - INFO - Initialized worker instance identity: gleitzei-529d6f54
[2025-11-04 16:36:57] [STDERR] 2025-11-04 16:36:57,492 - gleitzeit.orchestrator.component_orchestrator - INFO - [api-0:stderr] 2025-11-04 16:36:57,491 - __main__ - INFO - Initialized worker instance identity: gleitzei-529d6f54
[2025-11-04 16:36:57] [STDERR] 2025-11-04 16:36:57,492 - gleitzeit.orchestrator.component_orchestrator - INFO - [ui-0:stderr] 2025-11-04 16:36:57,491 - __main__ - INFO - Loading configuration from Redis key: worker:config:ui-0:c5f13305
[2025-11-04 16:36:57] [STDERR] 2025-11-04 16:36:57,492 - gleitzeit.orchestrator.component_orchestrator - INFO - [api-0:stderr] 2025-11-04 16:36:57,491 - __main__ - INFO - Loading configuration from Redis key: worker:config:api-0:52781daf
[2025-11-04 16:36:57] [STDERR] 2025-11-04 16:36:57,494 - gleitzeit.orchestrator.component_orchestrator - INFO - [ui-0:stderr] 2025-11-04 16:36:57,494 - __main__ - INFO - Loaded config for worker ui-0
[2025-11-04 16:36:57] [STDERR] 2025-11-04 16:36:57,494 - gleitzeit.orchestrator.component_orchestrator - INFO - [api-0:stderr] 2025-11-04 16:36:57,494 - __main__ - INFO - Loaded config for worker api-0
[2025-11-04 16:36:57] [STDERR] 2025-11-04 16:36:57,507 - gleitzeit.orchestrator.component_orchestrator - INFO - [ui-0:stderr] 2025-11-04 16:36:57,506 - __main__ - INFO - Worker ui-0 handler configs: ['python/v1', 'ollama/v1', 'http/v1', 'file/v1', 'timer/v1', 'signal/v1', 'workflow/v1']
[2025-11-04 16:36:57] [STDERR] 2025-11-04 16:36:57,507 - gleitzeit.orchestrator.component_orchestrator - INFO - [ui-0:stderr] 2025-11-04 16:36:57,506 - gleitzeit.core.redis_cluster - INFO - Redis single instance initialized at localhost:6379
[2025-11-04 16:36:57] [STDERR] 2025-11-04 16:36:57,507 - gleitzeit.orchestrator.component_orchestrator - ERROR - [ui-0:stderr] 2025-11-04 16:36:57,507 - ui.ui-0 - ERROR - Cannot start UI: Port 8004 is already in use. Either stop the existing service or use --ui-port to specify a different port.
[2025-11-04 16:36:57] [STDERR] 2025-11-04 16:36:57,507 - gleitzeit.orchestrator.component_orchestrator - INFO - [api-0:stderr] 2025-11-04 16:36:57,507 - __main__ - INFO - Worker api-0 handler configs: ['python/v1', 'ollama/v1', 'http/v1', 'file/v1', 'timer/v1', 'signal/v1', 'workflow/v1']
[2025-11-04 16:36:57] [STDERR] 2025-11-04 16:36:57,507 - gleitzeit.orchestrator.component_orchestrator - INFO - [api-0:stderr] 2025-11-04 16:36:57,507 - gleitzeit.core.redis_cluster - INFO - Redis single instance initialized at localhost:6379
[2025-11-04 16:36:57] [STDERR] 2025-11-04 16:36:57,508 - gleitzeit.orchestrator.component_orchestrator - ERROR - [api-0:stderr] 2025-11-04 16:36:57,507 - api.api-0 - ERROR - Cannot start API: Port 8000 is already in use. Either stop the existing service or use --api-port to specify a different port.
[2025-11-04 16:36:57] [STDERR] 2025-11-04 16:36:57,508 - gleitzeit.orchestrator.component_orchestrator - ERROR - [api-0:stderr] 2025-11-04 16:36:57,507 - __main__ - ERROR - Worker failed: Cannot start API: Port 8000 is already in use. Either stop the existing service or use --api-port to specify a different port.
[2025-11-04 16:36:57] [STDERR] 2025-11-04 16:36:57,508 - gleitzeit.orchestrator.component_orchestrator - INFO - [api-0:stderr] Traceback (most recent call last):
[2025-11-04 16:36:57] [STDERR] 2025-11-04 16:36:57,508 - gleitzeit.orchestrator.component_orchestrator - ERROR - [ui-0:stderr] 2025-11-04 16:36:57,507 - __main__ - ERROR - Worker failed: Cannot start UI: Port 8004 is already in use. Either stop the existing service or use --ui-port to specify a different port.
[2025-11-04 16:36:57] [STDERR] 2025-11-04 16:36:57,508 - gleitzeit.orchestrator.component_orchestrator - INFO - [api-0:stderr] File "/Users/leifmarkthaler/github/gleitzeit 0.0.7/src/gleitzeit/workers/runner.py", line 116, in run_worker
[2025-11-04 16:36:57] [STDERR] 2025-11-04 16:36:57,509 - gleitzeit.orchestrator.component_orchestrator - INFO - [ui-0:stderr] Traceback (most recent call last):
[2025-11-04 16:36:57] [STDERR] 2025-11-04 16:36:57,509 - gleitzeit.orchestrator.component_orchestrator - INFO - [api-0:stderr] await worker.initialize()
[2025-11-04 16:36:57] [STDERR] 2025-11-04 16:36:57,509 - gleitzeit.orchestrator.component_orchestrator - INFO - [ui-0:stderr] File "/Users/leifmarkthaler/github/gleitzeit 0.0.7/src/gleitzeit/workers/runner.py", line 116, in run_worker
[2025-11-04 16:36:57] [STDERR] 2025-11-04 16:36:57,509 - gleitzeit.orchestrator.component_orchestrator - INFO - [api-0:stderr] File "/Users/leifmarkthaler/github/gleitzeit 0.0.7/src/gleitzeit/workers/base.py", line 113, in initialize
[2025-11-04 16:36:57] [STDERR] 2025-11-04 16:36:57,509 - gleitzeit.orchestrator.component_orchestrator - INFO - [ui-0:stderr] await worker.initialize()
[2025-11-04 16:36:57] [STDERR] 2025-11-04 16:36:57,509 - gleitzeit.orchestrator.component_orchestrator - INFO - [api-0:stderr] await self.on_initialize()
[2025-11-04 16:36:57] [STDERR] 2025-11-04 16:36:57,509 - gleitzeit.orchestrator.component_orchestrator - INFO - [ui-0:stderr] File "/Users/leifmarkthaler/github/gleitzeit 0.0.7/src/gleitzeit/workers/base.py", line 113, in initialize
[2025-11-04 16:36:57] [STDERR] 2025-11-04 16:36:57,509 - gleitzeit.orchestrator.component_orchestrator - INFO - [api-0:stderr] File "/Users/leifmarkthaler/github/gleitzeit 0.0.7/src/gleitzeit/workers/api_worker.py", line 45, in on_initialize
[2025-11-04 16:36:57] [STDERR] 2025-11-04 16:36:57,509 - gleitzeit.orchestrator.component_orchestrator - INFO - [ui-0:stderr] await self.on_initialize()
[2025-11-04 16:36:57] [STDERR] 2025-11-04 16:36:57,510 - gleitzeit.orchestrator.component_orchestrator - INFO - [api-0:stderr] raise RuntimeError(error_msg)
[2025-11-04 16:36:57] [STDERR] 2025-11-04 16:36:57,510 - gleitzeit.orchestrator.component_orchestrator - INFO - [ui-0:stderr] File "/Users/leifmarkthaler/github/gleitzeit 0.0.7/src/gleitzeit/workers/ui_worker.py", line 46, in on_initialize
[2025-11-04 16:36:57] [STDERR] 2025-11-04 16:36:57,510 - gleitzeit.orchestrator.component_orchestrator - INFO - [api-0:stderr] RuntimeError: Cannot start API: Port 8000 is already in use. Either stop the existing service or use --api-port to specify a different port.
[2025-11-04 16:36:57] [STDERR] 2025-11-04 16:36:57,510 - gleitzeit.orchestrator.component_orchestrator - INFO - [ui-0:stderr] raise RuntimeError(error_msg)
[2025-11-04 16:36:57] [STDERR] 2025-11-04 16:36:57,510 - gleitzeit.orchestrator.component_orchestrator - INFO - [ui-0:stderr] RuntimeError: Cannot start UI: Port 8004 is already in use. Either stop the existing service or use --ui-port to specify a different port.
[2025-11-04 16:37:00] [STDERR] 2025-11-04 16:37:00,304 - gleitzeit.orchestrator.component_orchestrator - INFO - [signal-0:stderr] 2025-11-04 16:37:00,304 - gleitzeit.workers.signal_worker - INFO - Signal processing loop iteration 2460
[2025-11-04 16:37:10] [STDERR] 2025-11-04 16:37:10,368 - gleitzeit.orchestrator.component_orchestrator - INFO - [signal-0:stderr] 2025-11-04 16:37:10,367 - gleitzeit.workers.signal_worker - INFO - Signal processing loop iteration 2480
[2025-11-04 16:37:20] [STDERR] 2025-11-04 16:37:20,388 - gleitzeit.orchestrator.component_orchestrator - INFO - [signal-0:stderr] 2025-11-04 16:37:20,388 - gleitzeit.workers.signal_worker - INFO - Signal processing loop iteration 2500
[2025-11-04 16:37:30] [STDERR] 2025-11-04 16:37:30,409 - gleitzeit.orchestrator.component_orchestrator - INFO - [signal-0:stderr] 2025-11-04 16:37:30,408 - gleitzeit.workers.signal_worker - INFO - Signal processing loop iteration 2520
[2025-11-04 16:37:37] [STDERR] 2025-11-04 16:37:37,343 - gleitzeit.orchestrator.component_orchestrator - WARNING - Worker api-0 unhealthy, restarting
[2025-11-04 16:37:37] [STDERR] 2025-11-04 16:37:37,344 - gleitzeit.orchestrator.component_orchestrator - INFO - Restarting worker api-0
[2025-11-04 16:37:37] [STDERR] 2025-11-04 16:37:37,344 - gleitzeit.orchestrator.component_orchestrator - INFO - Stopping worker api-0
[2025-11-04 16:37:37] [STDERR] 2025-11-04 16:37:37,344 - gleitzeit.orchestrator.component_orchestrator - INFO - Starting worker api-0 with shards [0, 1, 2, 3, 4, 5, 6, 7, 8, 9, 10, 11, 12, 13, 14, 15]
[2025-11-04 16:37:37] [STDERR] 2025-11-04 16:37:37,345 - gleitzeit.orchestrator.component_orchestrator - INFO - Stored config for api-0 at key: worker:config:api-0:f3af739f
[2025-11-04 16:37:37] [STDERR] 2025-11-04 16:37:37,350 - gleitzeit.orchestrator.component_orchestrator - WARNING - Worker ui-0 unhealthy, restarting
[2025-11-04 16:37:37] [STDERR] 2025-11-04 16:37:37,350 - gleitzeit.orchestrator.component_orchestrator - INFO - Restarting worker ui-0
[2025-11-04 16:37:37] [STDERR] 2025-11-04 16:37:37,350 - gleitzeit.orchestrator.component_orchestrator - INFO - Stopping worker ui-0
[2025-11-04 16:37:37] [STDERR] 2025-11-04 16:37:37,350 - gleitzeit.orchestrator.component_orchestrator - INFO - Starting worker ui-0 with shards [0, 1, 2, 3, 4, 5, 6, 7, 8, 9, 10, 11, 12, 13, 14, 15]
[2025-11-04 16:37:37] [STDERR] 2025-11-04 16:37:37,351 - gleitzeit.orchestrator.component_orchestrator - INFO - Stored config for ui-0 at key: worker:config:ui-0:74e58c77
[2025-11-04 16:37:37] [STDERR] 2025-11-04 16:37:37,539 - gleitzeit.orchestrator.component_orchestrator - INFO - [api-0:stderr] 2025-11-04 16:37:37,538 - __main__ - INFO - Initialized worker instance identity: gleitzei-529d6f54
[2025-11-04 16:37:37] [STDERR] 2025-11-04 16:37:37,539 - gleitzeit.orchestrator.component_orchestrator - INFO - [ui-0:stderr] 2025-11-04 16:37:37,538 - __main__ - INFO - Initialized worker instance identity: gleitzei-529d6f54
[2025-11-04 16:37:37] [STDERR] 2025-11-04 16:37:37,539 - gleitzeit.orchestrator.component_orchestrator - INFO - [ui-0:stderr] 2025-11-04 16:37:37,539 - __main__ - INFO - Loading configuration from Redis key: worker:config:ui-0:74e58c77
[2025-11-04 16:37:37] [STDERR] 2025-11-04 16:37:37,539 - gleitzeit.orchestrator.component_orchestrator - INFO - [api-0:stderr] 2025-11-04 16:37:37,539 - __main__ - INFO - Loading configuration from Redis key: worker:config:api-0:f3af739f
[2025-11-04 16:37:37] [STDERR] 2025-11-04 16:37:37,541 - gleitzeit.orchestrator.component_orchestrator - INFO - [ui-0:stderr] 2025-11-04 16:37:37,541 - __main__ - INFO - Loaded config for worker ui-0
[2025-11-04 16:37:37] [STDERR] 2025-11-04 16:37:37,541 - gleitzeit.orchestrator.component_orchestrator - INFO - [api-0:stderr] 2025-11-04 16:37:37,541 - __main__ - INFO - Loaded config for worker api-0
[2025-11-04 16:37:37] [STDERR] 2025-11-04 16:37:37,553 - gleitzeit.orchestrator.component_orchestrator - INFO - [ui-0:stderr] 2025-11-04 16:37:37,553 - __main__ - INFO - Worker ui-0 handler configs: ['python/v1', 'ollama/v1', 'http/v1', 'file/v1', 'timer/v1', 'signal/v1', 'workflow/v1']
[2025-11-04 16:37:37] [STDERR] 2025-11-04 16:37:37,554 - gleitzeit.orchestrator.component_orchestrator - INFO - [api-0:stderr] 2025-11-04 16:37:37,553 - __main__ - INFO - Worker api-0 handler configs: ['python/v1', 'ollama/v1', 'http/v1', 'file/v1', 'timer/v1', 'signal/v1', 'workflow/v1']
[2025-11-04 16:37:37] [STDERR] 2025-11-04 16:37:37,554 - gleitzeit.orchestrator.component_orchestrator - INFO - [ui-0:stderr] 2025-11-04 16:37:37,553 - gleitzeit.core.redis_cluster - INFO - Redis single instance initialized at localhost:6379
[2025-11-04 16:37:37] [STDERR] 2025-11-04 16:37:37,554 - gleitzeit.orchestrator.component_orchestrator - INFO - [api-0:stderr] 2025-11-04 16:37:37,553 - gleitzeit.core.redis_cluster - INFO - Redis single instance initialized at localhost:6379
[2025-11-04 16:37:37] [STDERR] 2025-11-04 16:37:37,554 - gleitzeit.orchestrator.component_orchestrator - ERROR - [ui-0:stderr] 2025-11-04 16:37:37,553 - ui.ui-0 - ERROR - Cannot start UI: Port 8004 is already in use. Either stop the existing service or use --ui-port to specify a different port.
[2025-11-04 16:37:37] [STDERR] 2025-11-04 16:37:37,554 - gleitzeit.orchestrator.component_orchestrator - ERROR - [api-0:stderr] 2025-11-04 16:37:37,553 - api.api-0 - ERROR - Cannot start API: Port 8000 is already in use. Either stop the existing service or use --api-port to specify a different port.
[2025-11-04 16:37:37] [STDERR] 2025-11-04 16:37:37,554 - gleitzeit.orchestrator.component_orchestrator - ERROR - [ui-0:stderr] 2025-11-04 16:37:37,553 - __main__ - ERROR - Worker failed: Cannot start UI: Port 8004 is already in use. Either stop the existing service or use --ui-port to specify a different port.
[2025-11-04 16:37:37] [STDERR] 2025-11-04 16:37:37,554 - gleitzeit.orchestrator.component_orchestrator - ERROR - [api-0:stderr] 2025-11-04 16:37:37,553 - __main__ - ERROR - Worker failed: Cannot start API: Port 8000 is already in use. Either stop the existing service or use --api-port to specify a different port.
[2025-11-04 16:37:37] [STDERR] 2025-11-04 16:37:37,554 - gleitzeit.orchestrator.component_orchestrator - INFO - [ui-0:stderr] Traceback (most recent call last):
[2025-11-04 16:37:37] [STDERR] 2025-11-04 16:37:37,554 - gleitzeit.orchestrator.component_orchestrator - INFO - [api-0:stderr] Traceback (most recent call last):
[2025-11-04 16:37:37] [STDERR] 2025-11-04 16:37:37,555 - gleitzeit.orchestrator.component_orchestrator - INFO - [ui-0:stderr] File "/Users/leifmarkthaler/github/gleitzeit 0.0.7/src/gleitzeit/workers/runner.py", line 116, in run_worker
[2025-11-04 16:37:37] [STDERR] 2025-11-04 16:37:37,555 - gleitzeit.orchestrator.component_orchestrator - INFO - [api-0:stderr] File "/Users/leifmarkthaler/github/gleitzeit 0.0.7/src/gleitzeit/workers/runner.py", line 116, in run_worker
[2025-11-04 16:37:37] [STDERR] 2025-11-04 16:37:37,555 - gleitzeit.orchestrator.component_orchestrator - INFO - [ui-0:stderr] await worker.initialize()
[2025-11-04 16:37:37] [STDERR] 2025-11-04 16:37:37,555 - gleitzeit.orchestrator.component_orchestrator - INFO - [api-0:stderr] await worker.initialize()
[2025-11-04 16:37:37] [STDERR] 2025-11-04 16:37:37,555 - gleitzeit.orchestrator.component_orchestrator - INFO - [ui-0:stderr] File "/Users/leifmarkthaler/github/gleitzeit 0.0.7/src/gleitzeit/workers/base.py", line 113, in initialize
[2025-11-04 16:37:37] [STDERR] 2025-11-04 16:37:37,555 - gleitzeit.orchestrator.component_orchestrator - INFO - [api-0:stderr] File "/Users/leifmarkthaler/github/gleitzeit 0.0.7/src/gleitzeit/workers/base.py", line 113, in initialize
[2025-11-04 16:37:37] [STDERR] 2025-11-04 16:37:37,555 - gleitzeit.orchestrator.component_orchestrator - INFO - [ui-0:stderr] await self.on_initialize()
[2025-11-04 16:37:37] [STDERR] 2025-11-04 16:37:37,555 - gleitzeit.orchestrator.component_orchestrator - INFO - [api-0:stderr] await self.on_initialize()
[2025-11-04 16:37:37] [STDERR] 2025-11-04 16:37:37,555 - gleitzeit.orchestrator.component_orchestrator - INFO - [ui-0:stderr] File "/Users/leifmarkthaler/github/gleitzeit 0.0.7/src/gleitzeit/workers/ui_worker.py", line 46, in on_initialize
[2025-11-04 16:37:37] [STDERR] 2025-11-04 16:37:37,555 - gleitzeit.orchestrator.component_orchestrator - INFO - [api-0:stderr] File "/Users/leifmarkthaler/github/gleitzeit 0.0.7/src/gleitzeit/workers/api_worker.py", line 45, in on_initialize
[2025-11-04 16:37:37] [STDERR] 2025-11-04 16:37:37,555 - gleitzeit.orchestrator.component_orchestrator - INFO - [ui-0:stderr] raise RuntimeError(error_msg)
[2025-11-04 16:37:37] [STDERR] 2025-11-04 16:37:37,555 - gleitzeit.orchestrator.component_orchestrator - INFO - [api-0:stderr] raise RuntimeError(error_msg)
[2025-11-04 16:37:37] [STDERR] 2025-11-04 16:37:37,555 - gleitzeit.orchestrator.component_orchestrator - INFO - [ui-0:stderr] RuntimeError: Cannot start UI: Port 8004 is already in use. Either stop the existing service or use --ui-port to specify a different port.
[2025-11-04 16:37:37] [STDERR] 2025-11-04 16:37:37,556 - gleitzeit.orchestrator.component_orchestrator - INFO - [api-0:stderr] RuntimeError: Cannot start API: Port 8000 is already in use. Either stop the existing service or use --api-port to specify a different port.
[2025-11-04 16:37:40] [STDERR] 2025-11-04 16:37:40,477 - gleitzeit.orchestrator.component_orchestrator - INFO - [signal-0:stderr] 2025-11-04 16:37:40,477 - gleitzeit.workers.signal_worker - INFO - Signal processing loop iteration 2540
[2025-11-04 16:37:50] [STDERR] 2025-11-04 16:37:50,501 - gleitzeit.orchestrator.component_orchestrator - INFO - [signal-0:stderr] 2025-11-04 16:37:50,500 - gleitzeit.workers.signal_worker - INFO - Signal processing loop iteration 2560
[2025-11-04 16:38:00] [STDERR] 2025-11-04 16:38:00,520 - gleitzeit.orchestrator.component_orchestrator - INFO - [signal-0:stderr] 2025-11-04 16:38:00,520 - gleitzeit.workers.signal_worker - INFO - Signal processing loop iteration 2580
[2025-11-04 16:38:10] [STDERR] 2025-11-04 16:38:10,579 - gleitzeit.orchestrator.component_orchestrator - INFO - [signal-0:stderr] 2025-11-04 16:38:10,579 - gleitzeit.workers.signal_worker - INFO - Signal processing loop iteration 2600
[2025-11-04 16:38:17] [STDERR] 2025-11-04 16:38:17,367 - gleitzeit.orchestrator.component_orchestrator - WARNING - Worker api-0 unhealthy, restarting
[2025-11-04 16:38:17] [STDERR] 2025-11-04 16:38:17,368 - gleitzeit.orchestrator.component_orchestrator - INFO - Restarting worker api-0
[2025-11-04 16:38:17] [STDERR] 2025-11-04 16:38:17,368 - gleitzeit.orchestrator.component_orchestrator - INFO - Stopping worker api-0
[2025-11-04 16:38:17] [STDERR] 2025-11-04 16:38:17,368 - gleitzeit.orchestrator.component_orchestrator - INFO - Starting worker api-0 with shards [0, 1, 2, 3, 4, 5, 6, 7, 8, 9, 10, 11, 12, 13, 14, 15]
[2025-11-04 16:38:17] [STDERR] 2025-11-04 16:38:17,369 - gleitzeit.orchestrator.component_orchestrator - INFO - Stored config for api-0 at key: worker:config:api-0:256565e5
[2025-11-04 16:38:17] [STDERR] 2025-11-04 16:38:17,373 - gleitzeit.orchestrator.component_orchestrator - WARNING - Worker ui-0 unhealthy, restarting
[2025-11-04 16:38:17] [STDERR] 2025-11-04 16:38:17,373 - gleitzeit.orchestrator.component_orchestrator - INFO - Restarting worker ui-0
[2025-11-04 16:38:17] [STDERR] 2025-11-04 16:38:17,373 - gleitzeit.orchestrator.component_orchestrator - INFO - Stopping worker ui-0
[2025-11-04 16:38:17] [STDERR] 2025-11-04 16:38:17,373 - gleitzeit.orchestrator.component_orchestrator - INFO - Starting worker ui-0 with shards [0, 1, 2, 3, 4, 5, 6, 7, 8, 9, 10, 11, 12, 13, 14, 15]
[2025-11-04 16:38:17] [STDERR] 2025-11-04 16:38:17,373 - gleitzeit.orchestrator.component_orchestrator - INFO - Stored config for ui-0 at key: worker:config:ui-0:dc6ea250
[2025-11-04 16:38:17] [STDERR] 2025-11-04 16:38:17,548 - gleitzeit.orchestrator.component_orchestrator - INFO - [ui-0:stderr] 2025-11-04 16:38:17,547 - __main__ - INFO - Initialized worker instance identity: gleitzei-529d6f54
[2025-11-04 16:38:17] [STDERR] 2025-11-04 16:38:17,548 - gleitzeit.orchestrator.component_orchestrator - INFO - [api-0:stderr] 2025-11-04 16:38:17,547 - __main__ - INFO - Initialized worker instance identity: gleitzei-529d6f54
[2025-11-04 16:38:17] [STDERR] 2025-11-04 16:38:17,548 - gleitzeit.orchestrator.component_orchestrator - INFO - [ui-0:stderr] 2025-11-04 16:38:17,548 - __main__ - INFO - Loading configuration from Redis key: worker:config:ui-0:dc6ea250
[2025-11-04 16:38:17] [STDERR] 2025-11-04 16:38:17,548 - gleitzeit.orchestrator.component_orchestrator - INFO - [api-0:stderr] 2025-11-04 16:38:17,548 - __main__ - INFO - Loading configuration from Redis key: worker:config:api-0:256565e5
[2025-11-04 16:38:17] [STDERR] 2025-11-04 16:38:17,550 - gleitzeit.orchestrator.component_orchestrator - INFO - [api-0:stderr] 2025-11-04 16:38:17,550 - __main__ - INFO - Loaded config for worker api-0
[2025-11-04 16:38:17] [STDERR] 2025-11-04 16:38:17,550 - gleitzeit.orchestrator.component_orchestrator - INFO - [ui-0:stderr] 2025-11-04 16:38:17,550 - __main__ - INFO - Loaded config for worker ui-0
[2025-11-04 16:38:17] [STDERR] 2025-11-04 16:38:17,562 - gleitzeit.orchestrator.component_orchestrator - INFO - [ui-0:stderr] 2025-11-04 16:38:17,562 - __main__ - INFO - Worker ui-0 handler configs: ['python/v1', 'ollama/v1', 'http/v1', 'file/v1', 'timer/v1', 'signal/v1', 'workflow/v1']
[2025-11-04 16:38:17] [STDERR] 2025-11-04 16:38:17,562 - gleitzeit.orchestrator.component_orchestrator - INFO - [api-0:stderr] 2025-11-04 16:38:17,562 - __main__ - INFO - Worker api-0 handler configs: ['python/v1', 'ollama/v1', 'http/v1', 'file/v1', 'timer/v1', 'signal/v1', 'workflow/v1']
[2025-11-04 16:38:17] [STDERR] 2025-11-04 16:38:17,562 - gleitzeit.orchestrator.component_orchestrator - INFO - [ui-0:stderr] 2025-11-04 16:38:17,562 - gleitzeit.core.redis_cluster - INFO - Redis single instance initialized at localhost:6379
[2025-11-04 16:38:17] [STDERR] 2025-11-04 16:38:17,563 - gleitzeit.orchestrator.component_orchestrator - INFO - [api-0:stderr] 2025-11-04 16:38:17,562 - gleitzeit.core.redis_cluster - INFO - Redis single instance initialized at localhost:6379
[2025-11-04 16:38:17] [STDERR] 2025-11-04 16:38:17,563 - gleitzeit.orchestrator.component_orchestrator - ERROR - [ui-0:stderr] 2025-11-04 16:38:17,562 - ui.ui-0 - ERROR - Cannot start UI: Port 8004 is already in use. Either stop the existing service or use --ui-port to specify a different port.
[2025-11-04 16:38:17] [STDERR] 2025-11-04 16:38:17,563 - gleitzeit.orchestrator.component_orchestrator - ERROR - [api-0:stderr] 2025-11-04 16:38:17,562 - api.api-0 - ERROR - Cannot start API: Port 8000 is already in use. Either stop the existing service or use --api-port to specify a different port.
[2025-11-04 16:38:17] [STDERR] 2025-11-04 16:38:17,563 - gleitzeit.orchestrator.component_orchestrator - ERROR - [ui-0:stderr] 2025-11-04 16:38:17,562 - __main__ - ERROR - Worker failed: Cannot start UI: Port 8004 is already in use. Either stop the existing service or use --ui-port to specify a different port.
[2025-11-04 16:38:17] [STDERR] 2025-11-04 16:38:17,563 - gleitzeit.orchestrator.component_orchestrator - ERROR - [api-0:stderr] 2025-11-04 16:38:17,562 - __main__ - ERROR - Worker failed: Cannot start API: Port 8000 is already in use. Either stop the existing service or use --api-port to specify a different port.
[2025-11-04 16:38:17] [STDERR] 2025-11-04 16:38:17,563 - gleitzeit.orchestrator.component_orchestrator - INFO - [ui-0:stderr] Traceback (most recent call last):
[2025-11-04 16:38:17] [STDERR] 2025-11-04 16:38:17,563 - gleitzeit.orchestrator.component_orchestrator - INFO - [api-0:stderr] Traceback (most recent call last):
[2025-11-04 16:38:17] [STDERR] 2025-11-04 16:38:17,563 - gleitzeit.orchestrator.component_orchestrator - INFO - [ui-0:stderr] File "/Users/leifmarkthaler/github/gleitzeit 0.0.7/src/gleitzeit/workers/runner.py", line 116, in run_worker
[2025-11-04 16:38:17] [STDERR] 2025-11-04 16:38:17,563 - gleitzeit.orchestrator.component_orchestrator - INFO - [api-0:stderr] File "/Users/leifmarkthaler/github/gleitzeit 0.0.7/src/gleitzeit/workers/runner.py", line 116, in run_worker
[2025-11-04 16:38:17] [STDERR] 2025-11-04 16:38:17,563 - gleitzeit.orchestrator.component_orchestrator - INFO - [ui-0:stderr] await worker.initialize()
[2025-11-04 16:38:17] [STDERR] 2025-11-04 16:38:17,563 - gleitzeit.orchestrator.component_orchestrator - INFO - [api-0:stderr] await worker.initialize()
[2025-11-04 16:38:17] [STDERR] 2025-11-04 16:38:17,564 - gleitzeit.orchestrator.component_orchestrator - INFO - [ui-0:stderr] File "/Users/leifmarkthaler/github/gleitzeit 0.0.7/src/gleitzeit/workers/base.py", line 113, in initialize
[2025-11-04 16:38:17] [STDERR] 2025-11-04 16:38:17,564 - gleitzeit.orchestrator.component_orchestrator - INFO - [api-0:stderr] File "/Users/leifmarkthaler/github/gleitzeit 0.0.7/src/gleitzeit/workers/base.py", line 113, in initialize
[2025-11-04 16:38:17] [STDERR] 2025-11-04 16:38:17,564 - gleitzeit.orchestrator.component_orchestrator - INFO - [ui-0:stderr] await self.on_initialize()
[2025-11-04 16:38:17] [STDERR] 2025-11-04 16:38:17,564 - gleitzeit.orchestrator.component_orchestrator - INFO - [api-0:stderr] await self.on_initialize()
[2025-11-04 16:38:17] [STDERR] 2025-11-04 16:38:17,564 - gleitzeit.orchestrator.component_orchestrator - INFO - [ui-0:stderr] File "/Users/leifmarkthaler/github/gleitzeit 0.0.7/src/gleitzeit/workers/ui_worker.py", line 46, in on_initialize
[2025-11-04 16:38:17] [STDERR] 2025-11-04 16:38:17,564 - gleitzeit.orchestrator.component_orchestrator - INFO - [api-0:stderr] File "/Users/leifmarkthaler/github/gleitzeit 0.0.7/src/gleitzeit/workers/api_worker.py", line 45, in on_initialize
[2025-11-04 16:38:17] [STDERR] 2025-11-04 16:38:17,564 - gleitzeit.orchestrator.component_orchestrator - INFO - [ui-0:stderr] raise RuntimeError(error_msg)
[2025-11-04 16:38:17] [STDERR] 2025-11-04 16:38:17,564 - gleitzeit.orchestrator.component_orchestrator - INFO - [api-0:stderr] raise RuntimeError(error_msg)
[2025-11-04 16:38:17] [STDERR] 2025-11-04 16:38:17,564 - gleitzeit.orchestrator.component_orchestrator - INFO - [ui-0:stderr] RuntimeError: Cannot start UI: Port 8004 is already in use. Either stop the existing service or use --ui-port to specify a different port.
[2025-11-04 16:38:17] [STDERR] 2025-11-04 16:38:17,564 - gleitzeit.orchestrator.component_orchestrator - INFO - [api-0:stderr] RuntimeError: Cannot start API: Port 8000 is already in use. Either stop the existing service or use --api-port to specify a different port.
[2025-11-04 16:38:20] [STDERR] 2025-11-04 16:38:20,600 - gleitzeit.orchestrator.component_orchestrator - INFO - [signal-0:stderr] 2025-11-04 16:38:20,600 - gleitzeit.workers.signal_worker - INFO - Signal processing loop iteration 2620
[2025-11-04 16:38:30] [STDERR] 2025-11-04 16:38:30,619 - gleitzeit.orchestrator.component_orchestrator - INFO - [signal-0:stderr] 2025-11-04 16:38:30,618 - gleitzeit.workers.signal_worker - INFO - Signal processing loop iteration 2640
[2025-11-04 16:38:40] [STDERR] 2025-11-04 16:38:40,684 - gleitzeit.orchestrator.component_orchestrator - INFO - [signal-0:stderr] 2025-11-04 16:38:40,684 - gleitzeit.workers.signal_worker - INFO - Signal processing loop iteration 2660
[2025-11-04 16:38:50] [STDERR] 2025-11-04 16:38:50,703 - gleitzeit.orchestrator.component_orchestrator - INFO - [signal-0:stderr] 2025-11-04 16:38:50,703 - gleitzeit.workers.signal_worker - INFO - Signal processing loop iteration 2680
[2025-11-04 16:38:57] [STDERR] 2025-11-04 16:38:57,389 - gleitzeit.orchestrator.component_orchestrator - WARNING - Worker api-0 unhealthy, restarting
[2025-11-04 16:38:57] [STDERR] 2025-11-04 16:38:57,389 - gleitzeit.orchestrator.component_orchestrator - INFO - Restarting worker api-0
[2025-11-04 16:38:57] [STDERR] 2025-11-04 16:38:57,389 - gleitzeit.orchestrator.component_orchestrator - INFO - Stopping worker api-0
[2025-11-04 16:38:57] [STDERR] 2025-11-04 16:38:57,389 - gleitzeit.orchestrator.component_orchestrator - INFO - Starting worker api-0 with shards [0, 1, 2, 3, 4, 5, 6, 7, 8, 9, 10, 11, 12, 13, 14, 15]
[2025-11-04 16:38:57] [STDERR] 2025-11-04 16:38:57,390 - gleitzeit.orchestrator.component_orchestrator - INFO - Stored config for api-0 at key: worker:config:api-0:8b0dc365
[2025-11-04 16:38:57] [STDERR] 2025-11-04 16:38:57,392 - gleitzeit.orchestrator.component_orchestrator - WARNING - Worker ui-0 unhealthy, restarting
[2025-11-04 16:38:57] [STDERR] 2025-11-04 16:38:57,393 - gleitzeit.orchestrator.component_orchestrator - INFO - Restarting worker ui-0
[2025-11-04 16:38:57] [STDERR] 2025-11-04 16:38:57,393 - gleitzeit.orchestrator.component_orchestrator - INFO - Stopping worker ui-0
[2025-11-04 16:38:57] [STDERR] 2025-11-04 16:38:57,393 - gleitzeit.orchestrator.component_orchestrator - INFO - Starting worker ui-0 with shards [0, 1, 2, 3, 4, 5, 6, 7, 8, 9, 10, 11, 12, 13, 14, 15]
[2025-11-04 16:38:57] [STDERR] 2025-11-04 16:38:57,393 - gleitzeit.orchestrator.component_orchestrator - INFO - Stored config for ui-0 at key: worker:config:ui-0:93f9805a
[2025-11-04 16:38:57] [STDERR] 2025-11-04 16:38:57,626 - gleitzeit.orchestrator.component_orchestrator - INFO - [api-0:stderr] 2025-11-04 16:38:57,626 - __main__ - INFO - Initialized worker instance identity: gleitzei-529d6f54
[2025-11-04 16:38:57] [STDERR] 2025-11-04 16:38:57,626 - gleitzeit.orchestrator.component_orchestrator - INFO - [ui-0:stderr] 2025-11-04 16:38:57,626 - __main__ - INFO - Initialized worker instance identity: gleitzei-529d6f54
[2025-11-04 16:38:57] [STDERR] 2025-11-04 16:38:57,627 - gleitzeit.orchestrator.component_orchestrator - INFO - [api-0:stderr] 2025-11-04 16:38:57,626 - __main__ - INFO - Loading configuration from Redis key: worker:config:api-0:8b0dc365
[2025-11-04 16:38:57] [STDERR] 2025-11-04 16:38:57,627 - gleitzeit.orchestrator.component_orchestrator - INFO - [ui-0:stderr] 2025-11-04 16:38:57,626 - __main__ - INFO - Loading configuration from Redis key: worker:config:ui-0:93f9805a
[2025-11-04 16:38:57] [STDERR] 2025-11-04 16:38:57,629 - gleitzeit.orchestrator.component_orchestrator - INFO - [api-0:stderr] 2025-11-04 16:38:57,628 - __main__ - INFO - Loaded config for worker api-0
[2025-11-04 16:38:57] [STDERR] 2025-11-04 16:38:57,629 - gleitzeit.orchestrator.component_orchestrator - INFO - [ui-0:stderr] 2025-11-04 16:38:57,628 - __main__ - INFO - Loaded config for worker ui-0
[2025-11-04 16:38:57] [STDERR] 2025-11-04 16:38:57,648 - gleitzeit.orchestrator.component_orchestrator - INFO - [api-0:stderr] 2025-11-04 16:38:57,648 - __main__ - INFO - Worker api-0 handler configs: ['python/v1', 'ollama/v1', 'http/v1', 'file/v1', 'timer/v1', 'signal/v1', 'workflow/v1']
[2025-11-04 16:38:57] [STDERR] 2025-11-04 16:38:57,648 - gleitzeit.orchestrator.component_orchestrator - INFO - [ui-0:stderr] 2025-11-04 16:38:57,648 - __main__ - INFO - Worker ui-0 handler configs: ['python/v1', 'ollama/v1', 'http/v1', 'file/v1', 'timer/v1', 'signal/v1', 'workflow/v1']
[2025-11-04 16:38:57] [STDERR] 2025-11-04 16:38:57,648 - gleitzeit.orchestrator.component_orchestrator - INFO - [api-0:stderr] 2025-11-04 16:38:57,648 - gleitzeit.core.redis_cluster - INFO - Redis single instance initialized at localhost:6379
[2025-11-04 16:38:57] [STDERR] 2025-11-04 16:38:57,648 - gleitzeit.orchestrator.component_orchestrator - INFO - [ui-0:stderr] 2025-11-04 16:38:57,648 - gleitzeit.core.redis_cluster - INFO - Redis single instance initialized at localhost:6379
[2025-11-04 16:38:57] [STDERR] 2025-11-04 16:38:57,648 - gleitzeit.orchestrator.component_orchestrator - ERROR - [api-0:stderr] 2025-11-04 16:38:57,648 - api.api-0 - ERROR - Cannot start API: Port 8000 is already in use. Either stop the existing service or use --api-port to specify a different port.
[2025-11-04 16:38:57] [STDERR] 2025-11-04 16:38:57,649 - gleitzeit.orchestrator.component_orchestrator - ERROR - [ui-0:stderr] 2025-11-04 16:38:57,648 - ui.ui-0 - ERROR - Cannot start UI: Port 8004 is already in use. Either stop the existing service or use --ui-port to specify a different port.
[2025-11-04 16:38:57] [STDERR] 2025-11-04 16:38:57,649 - gleitzeit.orchestrator.component_orchestrator - ERROR - [api-0:stderr] 2025-11-04 16:38:57,648 - __main__ - ERROR - Worker failed: Cannot start API: Port 8000 is already in use. Either stop the existing service or use --api-port to specify a different port.
[2025-11-04 16:38:57] [STDERR] 2025-11-04 16:38:57,649 - gleitzeit.orchestrator.component_orchestrator - ERROR - [ui-0:stderr] 2025-11-04 16:38:57,648 - __main__ - ERROR - Worker failed: Cannot start UI: Port 8004 is already in use. Either stop the existing service or use --ui-port to specify a different port.
[2025-11-04 16:38:57] [STDERR] 2025-11-04 16:38:57,649 - gleitzeit.orchestrator.component_orchestrator - INFO - [api-0:stderr] Traceback (most recent call last):
[2025-11-04 16:38:57] [STDERR] 2025-11-04 16:38:57,649 - gleitzeit.orchestrator.component_orchestrator - INFO - [ui-0:stderr] Traceback (most recent call last):
[2025-11-04 16:38:57] [STDERR] 2025-11-04 16:38:57,650 - gleitzeit.orchestrator.component_orchestrator - INFO - [api-0:stderr] File "/Users/leifmarkthaler/github/gleitzeit 0.0.7/src/gleitzeit/workers/runner.py", line 116, in run_worker
[2025-11-04 16:38:57] [STDERR] 2025-11-04 16:38:57,650 - gleitzeit.orchestrator.component_orchestrator - INFO - [ui-0:stderr] File "/Users/leifmarkthaler/github/gleitzeit 0.0.7/src/gleitzeit/workers/runner.py", line 116, in run_worker
[2025-11-04 16:38:57] [STDERR] 2025-11-04 16:38:57,650 - gleitzeit.orchestrator.component_orchestrator - INFO - [api-0:stderr] await worker.initialize()
[2025-11-04 16:38:57] [STDERR] 2025-11-04 16:38:57,650 - gleitzeit.orchestrator.component_orchestrator - INFO - [ui-0:stderr] await worker.initialize()
[2025-11-04 16:38:57] [STDERR] 2025-11-04 16:38:57,650 - gleitzeit.orchestrator.component_orchestrator - INFO - [api-0:stderr] File "/Users/leifmarkthaler/github/gleitzeit 0.0.7/src/gleitzeit/workers/base.py", line 113, in initialize
[2025-11-04 16:38:57] [STDERR] 2025-11-04 16:38:57,650 - gleitzeit.orchestrator.component_orchestrator - INFO - [ui-0:stderr] File "/Users/leifmarkthaler/github/gleitzeit 0.0.7/src/gleitzeit/workers/base.py", line 113, in initialize
[2025-11-04 16:38:57] [STDERR] 2025-11-04 16:38:57,650 - gleitzeit.orchestrator.component_orchestrator - INFO - [api-0:stderr] await self.on_initialize()
[2025-11-04 16:38:57] [STDERR] 2025-11-04 16:38:57,650 - gleitzeit.orchestrator.component_orchestrator - INFO - [ui-0:stderr] await self.on_initialize()
[2025-11-04 16:38:57] [STDERR] 2025-11-04 16:38:57,650 - gleitzeit.orchestrator.component_orchestrator - INFO - [api-0:stderr] File "/Users/leifmarkthaler/github/gleitzeit 0.0.7/src/gleitzeit/workers/api_worker.py", line 45, in on_initialize
[2025-11-04 16:38:57] [STDERR] 2025-11-04 16:38:57,650 - gleitzeit.orchestrator.component_orchestrator - INFO - [ui-0:stderr] File "/Users/leifmarkthaler/github/gleitzeit 0.0.7/src/gleitzeit/workers/ui_worker.py", line 46, in on_initialize
[2025-11-04 16:38:57] [STDERR] 2025-11-04 16:38:57,650 - gleitzeit.orchestrator.component_orchestrator - INFO - [api-0:stderr] raise RuntimeError(error_msg)
[2025-11-04 16:38:57] [STDERR] 2025-11-04 16:38:57,650 - gleitzeit.orchestrator.component_orchestrator - INFO - [ui-0:stderr] raise RuntimeError(error_msg)
[2025-11-04 16:38:57] [STDERR] 2025-11-04 16:38:57,650 - gleitzeit.orchestrator.component_orchestrator - INFO - [api-0:stderr] RuntimeError: Cannot start API: Port 8000 is already in use. Either stop the existing service or use --api-port to specify a different port.
[2025-11-04 16:38:57] [STDERR] 2025-11-04 16:38:57,650 - gleitzeit.orchestrator.component_orchestrator - INFO - [ui-0:stderr] RuntimeError: Cannot start UI: Port 8004 is already in use. Either stop the existing service or use --ui-port to specify a different port.
[2025-11-04 16:39:00] [STDERR] 2025-11-04 16:39:00,724 - gleitzeit.orchestrator.component_orchestrator - INFO - [signal-0:stderr] 2025-11-04 16:39:00,724 - gleitzeit.workers.signal_worker - INFO - Signal processing loop iteration 2700
[2025-11-04 16:39:10] [STDERR] 2025-11-04 16:39:10,790 - gleitzeit.orchestrator.component_orchestrator - INFO - [signal-0:stderr] 2025-11-04 16:39:10,790 - gleitzeit.workers.signal_worker - INFO - Signal processing loop iteration 2720
[2025-11-04 16:39:20] [STDERR] 2025-11-04 16:39:20,813 - gleitzeit.orchestrator.component_orchestrator - INFO - [signal-0:stderr] 2025-11-04 16:39:20,812 - gleitzeit.workers.signal_worker - INFO - Signal processing loop iteration 2740
[2025-11-04 16:39:30] [STDERR] 2025-11-04 16:39:30,829 - gleitzeit.orchestrator.component_orchestrator - INFO - [signal-0:stderr] 2025-11-04 16:39:30,829 - gleitzeit.workers.signal_worker - INFO - Signal processing loop iteration 2760
[2025-11-04 16:39:37] [STDERR] 2025-11-04 16:39:37,408 - gleitzeit.orchestrator.component_orchestrator - WARNING - Worker api-0 unhealthy, restarting
[2025-11-04 16:39:37] [STDERR] 2025-11-04 16:39:37,408 - gleitzeit.orchestrator.component_orchestrator - INFO - Restarting worker api-0
[2025-11-04 16:39:37] [STDERR] 2025-11-04 16:39:37,408 - gleitzeit.orchestrator.component_orchestrator - INFO - Stopping worker api-0
[2025-11-04 16:39:37] [STDERR] 2025-11-04 16:39:37,409 - gleitzeit.orchestrator.component_orchestrator - INFO - Starting worker api-0 with shards [0, 1, 2, 3, 4, 5, 6, 7, 8, 9, 10, 11, 12, 13, 14, 15]
[2025-11-04 16:39:37] [STDERR] 2025-11-04 16:39:37,409 - gleitzeit.orchestrator.component_orchestrator - INFO - Stored config for api-0 at key: worker:config:api-0:465b3690
[2025-11-04 16:39:37] [STDERR] 2025-11-04 16:39:37,412 - gleitzeit.orchestrator.component_orchestrator - WARNING - Worker ui-0 unhealthy, restarting
[2025-11-04 16:39:37] [STDERR] 2025-11-04 16:39:37,412 - gleitzeit.orchestrator.component_orchestrator - INFO - Restarting worker ui-0
[2025-11-04 16:39:37] [STDERR] 2025-11-04 16:39:37,412 - gleitzeit.orchestrator.component_orchestrator - INFO - Stopping worker ui-0
[2025-11-04 16:39:37] [STDERR] 2025-11-04 16:39:37,412 - gleitzeit.orchestrator.component_orchestrator - INFO - Starting worker ui-0 with shards [0, 1, 2, 3, 4, 5, 6, 7, 8, 9, 10, 11, 12, 13, 14, 15]
[2025-11-04 16:39:37] [STDERR] 2025-11-04 16:39:37,413 - gleitzeit.orchestrator.component_orchestrator - INFO - Stored config for ui-0 at key: worker:config:ui-0:615c502b
[2025-11-04 16:39:37] [STDERR] 2025-11-04 16:39:37,596 - gleitzeit.orchestrator.component_orchestrator - INFO - [ui-0:stderr] 2025-11-04 16:39:37,595 - __main__ - INFO - Initialized worker instance identity: gleitzei-529d6f54
[2025-11-04 16:39:37] [STDERR] 2025-11-04 16:39:37,596 - gleitzeit.orchestrator.component_orchestrator - INFO - [api-0:stderr] 2025-11-04 16:39:37,596 - __main__ - INFO - Initialized worker instance identity: gleitzei-529d6f54
[2025-11-04 16:39:37] [STDERR] 2025-11-04 16:39:37,596 - gleitzeit.orchestrator.component_orchestrator - INFO - [api-0:stderr] 2025-11-04 16:39:37,596 - __main__ - INFO - Loading configuration from Redis key: worker:config:api-0:465b3690
[2025-11-04 16:39:37] [STDERR] 2025-11-04 16:39:37,596 - gleitzeit.orchestrator.component_orchestrator - INFO - [ui-0:stderr] 2025-11-04 16:39:37,596 - __main__ - INFO - Loading configuration from Redis key: worker:config:ui-0:615c502b
[2025-11-04 16:39:37] [STDERR] 2025-11-04 16:39:37,598 - gleitzeit.orchestrator.component_orchestrator - INFO - [ui-0:stderr] 2025-11-04 16:39:37,598 - __main__ - INFO - Loaded config for worker ui-0
[2025-11-04 16:39:37] [STDERR] 2025-11-04 16:39:37,598 - gleitzeit.orchestrator.component_orchestrator - INFO - [api-0:stderr] 2025-11-04 16:39:37,598 - __main__ - INFO - Loaded config for worker api-0
[2025-11-04 16:39:37] [STDERR] 2025-11-04 16:39:37,617 - gleitzeit.orchestrator.component_orchestrator - INFO - [ui-0:stderr] 2025-11-04 16:39:37,617 - __main__ - INFO - Worker ui-0 handler configs: ['python/v1', 'ollama/v1', 'http/v1', 'file/v1', 'timer/v1', 'signal/v1', 'workflow/v1']
[2025-11-04 16:39:37] [STDERR] 2025-11-04 16:39:37,617 - gleitzeit.orchestrator.component_orchestrator - INFO - [api-0:stderr] 2025-11-04 16:39:37,617 - __main__ - INFO - Worker api-0 handler configs: ['python/v1', 'ollama/v1', 'http/v1', 'file/v1', 'timer/v1', 'signal/v1', 'workflow/v1']
[2025-11-04 16:39:37] [STDERR] 2025-11-04 16:39:37,617 - gleitzeit.orchestrator.component_orchestrator - INFO - [ui-0:stderr] 2025-11-04 16:39:37,617 - gleitzeit.core.redis_cluster - INFO - Redis single instance initialized at localhost:6379
[2025-11-04 16:39:37] [STDERR] 2025-11-04 16:39:37,618 - gleitzeit.orchestrator.component_orchestrator - INFO - [api-0:stderr] 2025-11-04 16:39:37,617 - gleitzeit.core.redis_cluster - INFO - Redis single instance initialized at localhost:6379
[2025-11-04 16:39:37] [STDERR] 2025-11-04 16:39:37,618 - gleitzeit.orchestrator.component_orchestrator - ERROR - [ui-0:stderr] 2025-11-04 16:39:37,617 - ui.ui-0 - ERROR - Cannot start UI: Port 8004 is already in use. Either stop the existing service or use --ui-port to specify a different port.
[2025-11-04 16:39:37] [STDERR] 2025-11-04 16:39:37,618 - gleitzeit.orchestrator.component_orchestrator - ERROR - [api-0:stderr] 2025-11-04 16:39:37,617 - api.api-0 - ERROR - Cannot start API: Port 8000 is already in use. Either stop the existing service or use --api-port to specify a different port.
[2025-11-04 16:39:37] [STDERR] 2025-11-04 16:39:37,619 - gleitzeit.orchestrator.component_orchestrator - ERROR - [api-0:stderr] 2025-11-04 16:39:37,617 - __main__ - ERROR - Worker failed: Cannot start API: Port 8000 is already in use. Either stop the existing service or use --api-port to specify a different port.
[2025-11-04 16:39:37] [STDERR] 2025-11-04 16:39:37,619 - gleitzeit.orchestrator.component_orchestrator - INFO - [api-0:stderr] Traceback (most recent call last):
[2025-11-04 16:39:37] [STDERR] 2025-11-04 16:39:37,619 - gleitzeit.orchestrator.component_orchestrator - INFO - [api-0:stderr] File "/Users/leifmarkthaler/github/gleitzeit 0.0.7/src/gleitzeit/workers/runner.py", line 116, in run_worker
[2025-11-04 16:39:37] [STDERR] 2025-11-04 16:39:37,619 - gleitzeit.orchestrator.component_orchestrator - ERROR - [ui-0:stderr] 2025-11-04 16:39:37,617 - __main__ - ERROR - Worker failed: Cannot start UI: Port 8004 is already in use. Either stop the existing service or use --ui-port to specify a different port.
[2025-11-04 16:39:37] [STDERR] 2025-11-04 16:39:37,619 - gleitzeit.orchestrator.component_orchestrator - INFO - [api-0:stderr] await worker.initialize()
[2025-11-04 16:39:37] [STDERR] 2025-11-04 16:39:37,619 - gleitzeit.orchestrator.component_orchestrator - INFO - [ui-0:stderr] Traceback (most recent call last):
[2025-11-04 16:39:37] [STDERR] 2025-11-04 16:39:37,619 - gleitzeit.orchestrator.component_orchestrator - INFO - [api-0:stderr] File "/Users/leifmarkthaler/github/gleitzeit 0.0.7/src/gleitzeit/workers/base.py", line 113, in initialize
[2025-11-04 16:39:37] [STDERR] 2025-11-04 16:39:37,619 - gleitzeit.orchestrator.component_orchestrator - INFO - [ui-0:stderr] File "/Users/leifmarkthaler/github/gleitzeit 0.0.7/src/gleitzeit/workers/runner.py", line 116, in run_worker
[2025-11-04 16:39:37] [STDERR] 2025-11-04 16:39:37,619 - gleitzeit.orchestrator.component_orchestrator - INFO - [api-0:stderr] await self.on_initialize()
[2025-11-04 16:39:37] [STDERR] 2025-11-04 16:39:37,620 - gleitzeit.orchestrator.component_orchestrator - INFO - [ui-0:stderr] await worker.initialize()
[2025-11-04 16:39:37] [STDERR] 2025-11-04 16:39:37,620 - gleitzeit.orchestrator.component_orchestrator - INFO - [api-0:stderr] File "/Users/leifmarkthaler/github/gleitzeit 0.0.7/src/gleitzeit/workers/api_worker.py", line 45, in on_initialize
[2025-11-04 16:39:37] [STDERR] 2025-11-04 16:39:37,620 - gleitzeit.orchestrator.component_orchestrator - INFO - [ui-0:stderr] File "/Users/leifmarkthaler/github/gleitzeit 0.0.7/src/gleitzeit/workers/base.py", line 113, in initialize
[2025-11-04 16:39:37] [STDERR] 2025-11-04 16:39:37,620 - gleitzeit.orchestrator.component_orchestrator - INFO - [api-0:stderr] raise RuntimeError(error_msg)
[2025-11-04 16:39:37] [STDERR] 2025-11-04 16:39:37,620 - gleitzeit.orchestrator.component_orchestrator - INFO - [ui-0:stderr] await self.on_initialize()
[2025-11-04 16:39:37] [STDERR] 2025-11-04 16:39:37,620 - gleitzeit.orchestrator.component_orchestrator - INFO - [api-0:stderr] RuntimeError: Cannot start API: Port 8000 is already in use. Either stop the existing service or use --api-port to specify a different port.
[2025-11-04 16:39:37] [STDERR] 2025-11-04 16:39:37,620 - gleitzeit.orchestrator.component_orchestrator - INFO - [ui-0:stderr] File "/Users/leifmarkthaler/github/gleitzeit 0.0.7/src/gleitzeit/workers/ui_worker.py", line 46, in on_initialize
[2025-11-04 16:39:37] [STDERR] 2025-11-04 16:39:37,620 - gleitzeit.orchestrator.component_orchestrator - INFO - [ui-0:stderr] raise RuntimeError(error_msg)
[2025-11-04 16:39:37] [STDERR] 2025-11-04 16:39:37,620 - gleitzeit.orchestrator.component_orchestrator - INFO - [ui-0:stderr] RuntimeError: Cannot start UI: Port 8004 is already in use. Either stop the existing service or use --ui-port to specify a different port.
[2025-11-04 16:39:40] [STDERR] 2025-11-04 16:39:40,922 - gleitzeit.orchestrator.component_orchestrator - INFO - [signal-0:stderr] 2025-11-04 16:39:40,922 - gleitzeit.workers.signal_worker - INFO - Signal processing loop iteration 2780
[2025-11-04 16:39:50] [STDERR] 2025-11-04 16:39:50,943 - gleitzeit.orchestrator.component_orchestrator - INFO - [signal-0:stderr] 2025-11-04 16:39:50,942 - gleitzeit.workers.signal_worker - INFO - Signal processing loop iteration 2800
[2025-11-04 16:40:00] [STDERR] 2025-11-04 16:40:00,963 - gleitzeit.orchestrator.component_orchestrator - INFO - [signal-0:stderr] 2025-11-04 16:40:00,963 - gleitzeit.workers.signal_worker - INFO - Signal processing loop iteration 2820
[2025-11-04 16:40:08] [STDERR] 2025-11-04 16:40:08,699 - gleitzeit.orchestrator.component_orchestrator - INFO - [workflow_loader-1:stderr] 2025-11-04 16:40:08,698 - gleitzeit.workers.workflow_loader_worker_v2 - INFO - Loading workflow workflow-ca16d2b0-d10b-41a6-b973-09ee02062d34 from inline
[2025-11-04 16:40:08] [STDERR] 2025-11-04 16:40:08,701 - gleitzeit.orchestrator.component_orchestrator - INFO - [workflow_loader-1:stderr] 2025-11-04 16:40:08,700 - gleitzeit.workers.workflow_loader_worker_v2 - INFO - Raw workflow before transform: {
[2025-11-04 16:40:08] [STDERR] 2025-11-04 16:40:08,701 - gleitzeit.orchestrator.component_orchestrator - INFO - [workflow_loader-1:stderr] "name": "test-workflow",
[2025-11-04 16:40:08] [STDERR] 2025-11-04 16:40:08,701 - gleitzeit.orchestrator.component_orchestrator - INFO - [workflow_loader-1:stderr] "tasks": [
[2025-11-04 16:40:08] [STDERR] 2025-11-04 16:40:08,701 - gleitzeit.orchestrator.component_orchestrator - INFO - [workflow_loader-1:stderr] {
[2025-11-04 16:40:08] [STDERR] 2025-11-04 16:40:08,701 - gleitzeit.orchestrator.component_orchestrator - INFO - [workflow_loader-1:stderr] "name": "hello",
[2025-11-04 16:40:08] [STDERR] 2025-11-04 16:40:08,701 - gleitzeit.orchestrator.component_orchestrator - INFO - [workflow_loader-1:stderr] "protocol": "python/v1",
[2025-11-04 16:40:08] [STDERR] 2025-11-04 16:40:08,701 - gleitzeit.orchestrator.component_orchestrator - INFO - [workflow_loader-1:stderr] "method": "python/execute",
[2025-11-04 16:40:08] [STDERR] 2025-11-04 16:40:08,701 - gleitzeit.orchestrator.component_orchestrator - INFO - [workflow_loader-1:stderr] "params": {
[2025-11-04 16:40:08] [STDERR] 2025-11-04 16:40:08,701 - gleitzeit.orchestrator.component_orchestrator - INFO - [workflow_loader-1:stderr] "code": "result = {'message': 'Hello from test!'}"
[2025-11-04 16:40:08] [STDERR] 2025-11-04 16:40:08,702 - gleitzeit.orchestrator.component_orchestrator - INFO - [workflow_loader-1:stderr] }
[2025-11-04 16:40:08] [STDERR] 2025-11-04 16:40:08,702 - gleitzeit.orchestrator.component_orchestrator - INFO - [workflow_loader-1:stderr] }
[2025-11-04 16:40:08] [STDERR] 2025-11-04 16:40:08,702 - gleitzeit.orchestrator.component_orchestrator - INFO - [workflow_loader-1:stderr] ],
[2025-11-04 16:40:08] [STDERR] 2025-11-04 16:40:08,702 - gleitzeit.orchestrator.component_orchestrator - INFO - [workflow_loader-1:stderr] "workflow_id": "workflow-ca16d2b0-d10b-41a6-b973-09ee02062d34"
[2025-11-04 16:40:08] [STDERR] 2025-11-04 16:40:08,702 - gleitzeit.orchestrator.component_orchestrator - INFO - [workflow_loader-1:stderr] }
[2025-11-04 16:40:08] [STDERR] 2025-11-04 16:40:08,702 - gleitzeit.orchestrator.component_orchestrator - INFO - [workflow_loader-1:stderr] 2025-11-04 16:40:08,701 - gleitzeit.workers.workflow_loader_worker_v2 - INFO - Workflow after transform: {
[2025-11-04 16:40:08] [STDERR] 2025-11-04 16:40:08,702 - gleitzeit.orchestrator.component_orchestrator - INFO - [workflow_loader-1:stderr] "id": "workflow-ca16d2b0-d10b-41a6-b973-09ee02062d34",
[2025-11-04 16:40:08] [STDERR] 2025-11-04 16:40:08,702 - gleitzeit.orchestrator.component_orchestrator - INFO - [workflow_loader-1:stderr] "name": "test-workflow",
[2025-11-04 16:40:08] [STDERR] 2025-11-04 16:40:08,702 - gleitzeit.orchestrator.component_orchestrator - INFO - [workflow_loader-1:stderr] "description": "",
[2025-11-04 16:40:08] [STDERR] 2025-11-04 16:40:08,702 - gleitzeit.orchestrator.component_orchestrator - INFO - [workflow_loader-1:stderr] "version": "1.0.0",
[2025-11-04 16:40:08] [STDERR] 2025-11-04 16:40:08,702 - gleitzeit.orchestrator.component_orchestrator - INFO - [workflow_loader-1:stderr] "created_at": "2025-11-04T15:40:08.700997",
[2025-11-04 16:40:08] [STDERR] 2025-11-04 16:40:08,702 - gleitzeit.orchestrator.component_orchestrator - INFO - [workflow_loader-1:stderr] "tasks": [
[2025-11-04 16:40:08] [STDERR] 2025-11-04 16:40:08,703 - gleitzeit.orchestrator.component_orchestrator - INFO - [workflow_loader-1:stderr] {
[2025-11-04 16:40:08] [STDERR] 2025-11-04 16:40:08,703 - gleitzeit.orchestrator.component_orchestrator - INFO - [workflow_loader-1:stderr] "id": "33833d9f-fa3e-4ff8-8c7d-f6d02240de73",
[2025-11-04 16:40:08] [STDERR] 2025-11-04 16:40:08,703 - gleitzeit.orchestrator.component_orchestrator - INFO - [workflow_loader-1:stderr] "workflow_id": "workflow-ca16d2b0-d10b-41a6-b973-09ee02062d34",
[2025-11-04 16:40:08] [STDERR] 2025-11-04 16:40:08,703 - gleitzeit.orchestrator.component_orchestrator - INFO - [workflow_loader-1:stderr] "name": "hello",
[2025-11-04 16:40:08] [STDERR] 2025-11-04 16:40:08,703 - gleitzeit.orchestrator.component_orchestrator - INFO - [workflow_loader-1:stderr] "description": "",
[2025-11-04 16:40:08] [STDERR] 2025-11-04 16:40:08,703 - gleitzeit.orchestrator.component_orchestrator - INFO - [workflow_loader-1:stderr] "protocol": "python/v1",
[2025-11-04 16:40:08] [STDERR] 2025-11-04 16:40:08,703 - gleitzeit.orchestrator.component_orchestrator - INFO - [workflow_loader-1:stderr] "method": "python/execute",
[2025-11-04 16:40:08] [STDERR] 2025-11-04 16:40:08,703 - gleitzeit.orchestrator.component_orchestrator - INFO - [workflow_loader-1:stderr] "params": {
[2025-11-04 16:40:08] [STDERR] 2025-11-04 16:40:08,703 - gleitzeit.orchestrator.component_orchestrator - INFO - [workflow_loader-1:stderr] "code": "result = {'message': 'Hello from test!'}"
[2025-11-04 16:40:08] [STDERR] 2025-11-04 16:40:08,703 - gleitzeit.orchestrator.component_orchestrator - INFO - [workflow_loader-1:stderr] },
[2025-11-04 16:40:08] [STDERR] 2025-11-04 16:40:08,703 - gleitzeit.orchestrator.component_orchestrator - INFO - [workflow_loader-1:stderr] "dependencies": [],
[2025-11-04 16:40:08] [STDERR] 2025-11-04 16:40:08,703 - gleitzeit.orchestrator.component_orchestrator - INFO - [workflow_loader-1:stderr] "timeout": 300,
[2025-11-04 16:40:08] [STDERR] 2025-11-04 16:40:08,704 - gleitzeit.orchestrator.component_orchestrator - INFO - [workflow_loader-1:stderr] "retry": {
[2025-11-04 16:40:08] [STDERR] 2025-11-04 16:40:08,704 - gleitzeit.orchestrator.component_orchestrator - INFO - [workflow_loader-1:stderr] "max_retries": 2,
[2025-11-04 16:40:08] [STDERR] 2025-11-04 16:40:08,704 - gleitzeit.orchestrator.component_orchestrator - INFO - [workflow_loader-1:stderr] "strategy": "exponential_jitter",
[2025-11-04 16:40:08] [STDERR] 2025-11-04 16:40:08,704 - gleitzeit.orchestrator.component_orchestrator - INFO - [workflow_loader-1:stderr] "base_delay": 1.0,
[2025-11-04 16:40:08] [STDERR] 2025-11-04 16:40:08,704 - gleitzeit.orchestrator.component_orchestrator - INFO - [workflow_loader-1:stderr] "max_delay": 30.0,
[2025-11-04 16:40:08] [STDERR] 2025-11-04 16:40:08,704 - gleitzeit.orchestrator.component_orchestrator - INFO - [workflow_loader-1:stderr] "jitter": true,
[2025-11-04 16:40:08] [STDERR] 2025-11-04 16:40:08,704 - gleitzeit.orchestrator.component_orchestrator - INFO - [workflow_loader-1:stderr] "multiplier": 2.0
[2025-11-04 16:40:08] [STDERR] 2025-11-04 16:40:08,704 - gleitzeit.orchestrator.component_orchestrator - INFO - [workflow_loader-1:stderr] }
[2025-11-04 16:40:08] [STDERR] 2025-11-04 16:40:08,704 - gleitzeit.orchestrator.component_orchestrator - INFO - [workflow_loader-1:stderr] }
[2025-11-04 16:40:08] [STDERR] 2025-11-04 16:40:08,705 - gleitzeit.orchestrator.component_orchestrator - INFO - [workflow_loader-1:stderr] ]
[2025-11-04 16:40:08] [STDERR] 2025-11-04 16:40:08,705 - gleitzeit.orchestrator.component_orchestrator - INFO - [workflow_loader-1:stderr] }
[2025-11-04 16:40:08] [STDERR] 2025-11-04 16:40:08,706 - gleitzeit.orchestrator.component_orchestrator - INFO - [workflow_loader-1:stderr] 2025-11-04 16:40:08,705 - gleitzeit.workers.workflow_loader_worker_v2 - INFO - Workflow workflow-ca16d2b0-d10b-41a6-b973-09ee02062d34 loaded and submitted to shard 3 with indexes
[2025-11-04 16:40:08] [STDERR] 2025-11-04 16:40:08,775 - gleitzeit.orchestrator.component_orchestrator - INFO - [dependency-0:stderr] 2025-11-04 16:40:08,774 - gleitzeit.workers.dependency_worker - INFO - Processing task completion: 33833d9f-fa3e-4ff8-8c7d-f6d02240de73 from workflow workflow-ca16d2b0-d10b-41a6-b973-09ee02062d34
[2025-11-04 16:40:08] [STDERR] 2025-11-04 16:40:08,776 - gleitzeit.orchestrator.component_orchestrator - INFO - [dependency-0:stderr] 2025-11-04 16:40:08,776 - gleitzeit.workers.dependency_worker - INFO - Workflow workflow-ca16d2b0-d10b-41a6-b973-09ee02062d34 completed successfully!
[2025-11-04 16:40:11] [STDERR] 2025-11-04 16:40:11,011 - gleitzeit.orchestrator.component_orchestrator - INFO - [signal-0:stderr] 2025-11-04 16:40:11,010 - gleitzeit.workers.signal_worker - INFO - Signal processing loop iteration 2840
[2025-11-04 16:40:17] [STDERR] 2025-11-04 16:40:17,429 - gleitzeit.orchestrator.component_orchestrator - WARNING - Worker api-0 unhealthy, restarting
[2025-11-04 16:40:17] [STDERR] 2025-11-04 16:40:17,430 - gleitzeit.orchestrator.component_orchestrator - INFO - Restarting worker api-0
[2025-11-04 16:40:17] [STDERR] 2025-11-04 16:40:17,430 - gleitzeit.orchestrator.component_orchestrator - INFO - Stopping worker api-0
[2025-11-04 16:40:17] [STDERR] 2025-11-04 16:40:17,430 - gleitzeit.orchestrator.component_orchestrator - INFO - Starting worker api-0 with shards [0, 1, 2, 3, 4, 5, 6, 7, 8, 9, 10, 11, 12, 13, 14, 15]
[2025-11-04 16:40:17] [STDERR] 2025-11-04 16:40:17,430 - gleitzeit.orchestrator.component_orchestrator - INFO - Stored config for api-0 at key: worker:config:api-0:70ebf4e9
[2025-11-04 16:40:17] [STDERR] 2025-11-04 16:40:17,435 - gleitzeit.orchestrator.component_orchestrator - WARNING - Worker ui-0 unhealthy, restarting
[2025-11-04 16:40:17] [STDERR] 2025-11-04 16:40:17,435 - gleitzeit.orchestrator.component_orchestrator - INFO - Restarting worker ui-0
[2025-11-04 16:40:17] [STDERR] 2025-11-04 16:40:17,435 - gleitzeit.orchestrator.component_orchestrator - INFO - Stopping worker ui-0
[2025-11-04 16:40:17] [STDERR] 2025-11-04 16:40:17,435 - gleitzeit.orchestrator.component_orchestrator - INFO - Starting worker ui-0 with shards [0, 1, 2, 3, 4, 5, 6, 7, 8, 9, 10, 11, 12, 13, 14, 15]
[2025-11-04 16:40:17] [STDERR] 2025-11-04 16:40:17,436 - gleitzeit.orchestrator.component_orchestrator - INFO - Stored config for ui-0 at key: worker:config:ui-0:1973bb29
[2025-11-04 16:40:17] [STDERR] 2025-11-04 16:40:17,617 - gleitzeit.orchestrator.component_orchestrator - INFO - [ui-0:stderr] 2025-11-04 16:40:17,617 - __main__ - INFO - Initialized worker instance identity: gleitzei-529d6f54
[2025-11-04 16:40:17] [STDERR] 2025-11-04 16:40:17,617 - gleitzeit.orchestrator.component_orchestrator - INFO - [api-0:stderr] 2025-11-04 16:40:17,617 - __main__ - INFO - Initialized worker instance identity: gleitzei-529d6f54
[2025-11-04 16:40:17] [STDERR] 2025-11-04 16:40:17,617 - gleitzeit.orchestrator.component_orchestrator - INFO - [api-0:stderr] 2025-11-04 16:40:17,617 - __main__ - INFO - Loading configuration from Redis key: worker:config:api-0:70ebf4e9
[2025-11-04 16:40:17] [STDERR] 2025-11-04 16:40:17,617 - gleitzeit.orchestrator.component_orchestrator - INFO - [ui-0:stderr] 2025-11-04 16:40:17,617 - __main__ - INFO - Loading configuration from Redis key: worker:config:ui-0:1973bb29
[2025-11-04 16:40:17] [STDERR] 2025-11-04 16:40:17,619 - gleitzeit.orchestrator.component_orchestrator - INFO - [ui-0:stderr] 2025-11-04 16:40:17,619 - __main__ - INFO - Loaded config for worker ui-0
[2025-11-04 16:40:17] [STDERR] 2025-11-04 16:40:17,619 - gleitzeit.orchestrator.component_orchestrator - INFO - [api-0:stderr] 2025-11-04 16:40:17,619 - __main__ - INFO - Loaded config for worker api-0
[2025-11-04 16:40:17] [STDERR] 2025-11-04 16:40:17,638 - gleitzeit.orchestrator.component_orchestrator - INFO - [ui-0:stderr] 2025-11-04 16:40:17,638 - __main__ - INFO - Worker ui-0 handler configs: ['python/v1', 'ollama/v1', 'http/v1', 'file/v1', 'timer/v1', 'signal/v1', 'workflow/v1']
[2025-11-04 16:40:17] [STDERR] 2025-11-04 16:40:17,638 - gleitzeit.orchestrator.component_orchestrator - INFO - [api-0:stderr] 2025-11-04 16:40:17,638 - __main__ - INFO - Worker api-0 handler configs: ['python/v1', 'ollama/v1', 'http/v1', 'file/v1', 'timer/v1', 'signal/v1', 'workflow/v1']
[2025-11-04 16:40:17] [STDERR] 2025-11-04 16:40:17,639 - gleitzeit.orchestrator.component_orchestrator - INFO - [ui-0:stderr] 2025-11-04 16:40:17,638 - gleitzeit.core.redis_cluster - INFO - Redis single instance initialized at localhost:6379
[2025-11-04 16:40:17] [STDERR] 2025-11-04 16:40:17,639 - gleitzeit.orchestrator.component_orchestrator - INFO - [api-0:stderr] 2025-11-04 16:40:17,638 - gleitzeit.core.redis_cluster - INFO - Redis single instance initialized at localhost:6379
[2025-11-04 16:40:17] [STDERR] 2025-11-04 16:40:17,639 - gleitzeit.orchestrator.component_orchestrator - ERROR - [ui-0:stderr] 2025-11-04 16:40:17,638 - ui.ui-0 - ERROR - Cannot start UI: Port 8004 is already in use. Either stop the existing service or use --ui-port to specify a different port.
[2025-11-04 16:40:17] [STDERR] 2025-11-04 16:40:17,639 - gleitzeit.orchestrator.component_orchestrator - ERROR - [api-0:stderr] 2025-11-04 16:40:17,638 - api.api-0 - ERROR - Cannot start API: Port 8000 is already in use. Either stop the existing service or use --api-port to specify a different port.
[2025-11-04 16:40:17] [STDERR] 2025-11-04 16:40:17,640 - gleitzeit.orchestrator.component_orchestrator - ERROR - [api-0:stderr] 2025-11-04 16:40:17,639 - __main__ - ERROR - Worker failed: Cannot start API: Port 8000 is already in use. Either stop the existing service or use --api-port to specify a different port.
[2025-11-04 16:40:17] [STDERR] 2025-11-04 16:40:17,640 - gleitzeit.orchestrator.component_orchestrator - INFO - [api-0:stderr] Traceback (most recent call last):
[2025-11-04 16:40:17] [STDERR] 2025-11-04 16:40:17,640 - gleitzeit.orchestrator.component_orchestrator - INFO - [api-0:stderr] File "/Users/leifmarkthaler/github/gleitzeit 0.0.7/src/gleitzeit/workers/runner.py", line 116, in run_worker
[2025-11-04 16:40:17] [STDERR] 2025-11-04 16:40:17,640 - gleitzeit.orchestrator.component_orchestrator - INFO - [api-0:stderr] await worker.initialize()
[2025-11-04 16:40:17] [STDERR] 2025-11-04 16:40:17,640 - gleitzeit.orchestrator.component_orchestrator - ERROR - [ui-0:stderr] 2025-11-04 16:40:17,639 - __main__ - ERROR - Worker failed: Cannot start UI: Port 8004 is already in use. Either stop the existing service or use --ui-port to specify a different port.
[2025-11-04 16:40:17] [STDERR] 2025-11-04 16:40:17,640 - gleitzeit.orchestrator.component_orchestrator - INFO - [api-0:stderr] File "/Users/leifmarkthaler/github/gleitzeit 0.0.7/src/gleitzeit/workers/base.py", line 113, in initialize
[2025-11-04 16:40:17] [STDERR] 2025-11-04 16:40:17,640 - gleitzeit.orchestrator.component_orchestrator - INFO - [ui-0:stderr] Traceback (most recent call last):
[2025-11-04 16:40:17] [STDERR] 2025-11-04 16:40:17,640 - gleitzeit.orchestrator.component_orchestrator - INFO - [api-0:stderr] await self.on_initialize()
[2025-11-04 16:40:17] [STDERR] 2025-11-04 16:40:17,640 - gleitzeit.orchestrator.component_orchestrator - INFO - [ui-0:stderr] File "/Users/leifmarkthaler/github/gleitzeit 0.0.7/src/gleitzeit/workers/runner.py", line 116, in run_worker
[2025-11-04 16:40:17] [STDERR] 2025-11-04 16:40:17,640 - gleitzeit.orchestrator.component_orchestrator - INFO - [api-0:stderr] File "/Users/leifmarkthaler/github/gleitzeit 0.0.7/src/gleitzeit/workers/api_worker.py", line 45, in on_initialize
[2025-11-04 16:40:17] [STDERR] 2025-11-04 16:40:17,641 - gleitzeit.orchestrator.component_orchestrator - INFO - [ui-0:stderr] await worker.initialize()
[2025-11-04 16:40:17] [STDERR] 2025-11-04 16:40:17,641 - gleitzeit.orchestrator.component_orchestrator - INFO - [api-0:stderr] raise RuntimeError(error_msg)
[2025-11-04 16:40:17] [STDERR] 2025-11-04 16:40:17,641 - gleitzeit.orchestrator.component_orchestrator - INFO - [ui-0:stderr] File "/Users/leifmarkthaler/github/gleitzeit 0.0.7/src/gleitzeit/workers/base.py", line 113, in initialize
[2025-11-04 16:40:17] [STDERR] 2025-11-04 16:40:17,641 - gleitzeit.orchestrator.component_orchestrator - INFO - [api-0:stderr] RuntimeError: Cannot start API: Port 8000 is already in use. Either stop the existing service or use --api-port to specify a different port.
[2025-11-04 16:40:17] [STDERR] 2025-11-04 16:40:17,641 - gleitzeit.orchestrator.component_orchestrator - INFO - [ui-0:stderr] await self.on_initialize()
[2025-11-04 16:40:17] [STDERR] 2025-11-04 16:40:17,641 - gleitzeit.orchestrator.component_orchestrator - INFO - [ui-0:stderr] File "/Users/leifmarkthaler/github/gleitzeit 0.0.7/src/gleitzeit/workers/ui_worker.py", line 46, in on_initialize
[2025-11-04 16:40:17] [STDERR] 2025-11-04 16:40:17,641 - gleitzeit.orchestrator.component_orchestrator - INFO - [ui-0:stderr] raise RuntimeError(error_msg)
[2025-11-04 16:40:17] [STDERR] 2025-11-04 16:40:17,641 - gleitzeit.orchestrator.component_orchestrator - INFO - [ui-0:stderr] RuntimeError: Cannot start UI: Port 8004 is already in use. Either stop the existing service or use --ui-port to specify a different port.
[2025-11-04 16:40:21] [STDERR] 2025-11-04 16:40:21,030 - gleitzeit.orchestrator.component_orchestrator - INFO - [signal-0:stderr] 2025-11-04 16:40:21,029 - gleitzeit.workers.signal_worker - INFO - Signal processing loop iteration 2860
[2025-11-04 16:40:24] [STDERR] 2025-11-04 16:40:24,318 - gleitzeit.orchestrator.component_orchestrator - INFO - [task_execution-0:stderr] 2025-11-04 16:40:24,317 - gleitzeit.workers.task_execution_worker - INFO - Processing task ebc9eeff-380f-4f97-aebf-2fb310512a7e from workflow workflow-6cb26b5e-80d5-4690-ade9-6963e27f808d
[2025-11-04 16:40:24] [STDERR] 2025-11-04 16:40:24,320 - gleitzeit.orchestrator.component_orchestrator - INFO - [task_execution-0:stderr] 2025-11-04 16:40:24,319 - gleitzeit.workers.task_execution_worker - INFO - Executing task ebc9eeff-380f-4f97-aebf-2fb310512a7e with handler PythonHandler
[2025-11-04 16:40:24] [STDERR] 2025-11-04 16:40:24,385 - gleitzeit.orchestrator.component_orchestrator - INFO - [task_execution-0:stderr] 2025-11-04 16:40:24,385 - gleitzeit.workers.task_execution_worker - INFO - Task ebc9eeff-380f-4f97-aebf-2fb310512a7e completed successfully by handler 7db2dfc2-34a7-4b39-a5cf-849534039e4d
[2025-11-04 16:40:24] [STDERR] 2025-11-04 16:40:24,385 - gleitzeit.orchestrator.component_orchestrator - INFO - [dependency-0:stderr] 2025-11-04 16:40:24,385 - gleitzeit.workers.dependency_worker - INFO - Processing task completion: ebc9eeff-380f-4f97-aebf-2fb310512a7e from workflow workflow-6cb26b5e-80d5-4690-ade9-6963e27f808d
[2025-11-04 16:40:24] [STDERR] 2025-11-04 16:40:24,390 - gleitzeit.orchestrator.component_orchestrator - INFO - [dependency-0:stderr] 2025-11-04 16:40:24,390 - gleitzeit.workers.dependency_worker - INFO - Emitted ready task bbbfde4c-5ded-4856-a48f-918cb459cf93 to shard 8
[2025-11-04 16:40:24] [STDERR] 2025-11-04 16:40:24,391 - gleitzeit.orchestrator.component_orchestrator - WARNING - [dependency-0:stderr] 2025-11-04 16:40:24,391 - gleitzeit.workers.dependency_worker - WARNING - Workflow workflow-6cb26b5e-80d5-4690-ade9-6963e27f808d not found
[2025-11-04 16:40:24] [STDERR] 2025-11-04 16:40:24,391 - gleitzeit.orchestrator.component_orchestrator - INFO - [dependency-0:stderr] 2025-11-04 16:40:24,391 - gleitzeit.workers.dependency_worker - INFO - Transitioning workflow workflow-6cb26b5e-80d5-4690-ade9-6963e27f808d from running to pending (task counts: {'completed': 0, 'failed': 0, 'scheduled': 0, 'waiting': 0, 'pending': 0, 'cancelled': 0, 'paused': 0})
[2025-11-04 16:40:31] [STDERR] 2025-11-04 16:40:31,058 - gleitzeit.orchestrator.component_orchestrator - INFO - [signal-0:stderr] 2025-11-04 16:40:31,058 - gleitzeit.workers.signal_worker - INFO - Signal processing loop iteration 2880
[2025-11-04 16:40:41] [STDERR] 2025-11-04 16:40:41,108 - gleitzeit.orchestrator.component_orchestrator - INFO - [signal-0:stderr] 2025-11-04 16:40:41,107 - gleitzeit.workers.signal_worker - INFO - Signal processing loop iteration 2900
[2025-11-04 16:40:41] [STDERR] 2025-11-04 16:40:41,773 - gleitzeit.orchestrator.component_orchestrator - INFO - [workflow_loader-1:stderr] 2025-11-04 16:40:41,773 - gleitzeit.workers.workflow_loader_worker_v2 - INFO - Loading workflow workflow-edfd003e-6e4c-4e9b-bd66-786281c59910 from inline
[2025-11-04 16:40:41] [STDERR] 2025-11-04 16:40:41,776 - gleitzeit.orchestrator.component_orchestrator - INFO - [workflow_loader-1:stderr] 2025-11-04 16:40:41,775 - gleitzeit.workers.workflow_loader_worker_v2 - INFO - Raw workflow before transform: {
[2025-11-04 16:40:41] [STDERR] 2025-11-04 16:40:41,776 - gleitzeit.orchestrator.component_orchestrator - INFO - [workflow_loader-1:stderr] "name": "test-workflow",
[2025-11-04 16:40:41] [STDERR] 2025-11-04 16:40:41,776 - gleitzeit.orchestrator.component_orchestrator - INFO - [workflow_loader-1:stderr] "tasks": [
[2025-11-04 16:40:41] [STDERR] 2025-11-04 16:40:41,776 - gleitzeit.orchestrator.component_orchestrator - INFO - [workflow_loader-1:stderr] {
[2025-11-04 16:40:41] [STDERR] 2025-11-04 16:40:41,776 - gleitzeit.orchestrator.component_orchestrator - INFO - [workflow_loader-1:stderr] "name": "hello",
[2025-11-04 16:40:41] [STDERR] 2025-11-04 16:40:41,777 - gleitzeit.orchestrator.component_orchestrator - INFO - [workflow_loader-1:stderr] "protocol": "python/v1",
[2025-11-04 16:40:41] [STDERR] 2025-11-04 16:40:41,777 - gleitzeit.orchestrator.component_orchestrator - INFO - [workflow_loader-1:stderr] "method": "python/execute",
[2025-11-04 16:40:41] [STDERR] 2025-11-04 16:40:41,777 - gleitzeit.orchestrator.component_orchestrator - INFO - [workflow_loader-1:stderr] "params": {
[2025-11-04 16:40:41] [STDERR] 2025-11-04 16:40:41,777 - gleitzeit.orchestrator.component_orchestrator - INFO - [workflow_loader-1:stderr] "code": "result = {'message': 'Hello from test!'}"
[2025-11-04 16:40:41] [STDERR] 2025-11-04 16:40:41,777 - gleitzeit.orchestrator.component_orchestrator - INFO - [workflow_loader-1:stderr] }
[2025-11-04 16:40:41] [STDERR] 2025-11-04 16:40:41,777 - gleitzeit.orchestrator.component_orchestrator - INFO - [workflow_loader-1:stderr] }
[2025-11-04 16:40:41] [STDERR] 2025-11-04 16:40:41,777 - gleitzeit.orchestrator.component_orchestrator - INFO - [workflow_loader-1:stderr] ],
[2025-11-04 16:40:41] [STDERR] 2025-11-04 16:40:41,778 - gleitzeit.orchestrator.component_orchestrator - INFO - [workflow_loader-1:stderr] "workflow_id": "workflow-edfd003e-6e4c-4e9b-bd66-786281c59910"
[2025-11-04 16:40:41] [STDERR] 2025-11-04 16:40:41,778 - gleitzeit.orchestrator.component_orchestrator - INFO - [workflow_loader-1:stderr] }
[2025-11-04 16:40:41] [STDERR] 2025-11-04 16:40:41,778 - gleitzeit.orchestrator.component_orchestrator - INFO - [workflow_loader-1:stderr] 2025-11-04 16:40:41,775 - gleitzeit.workers.workflow_loader_worker_v2 - INFO - Workflow after transform: {
[2025-11-04 16:40:41] [STDERR] 2025-11-04 16:40:41,778 - gleitzeit.orchestrator.component_orchestrator - INFO - [workflow_loader-1:stderr] "id": "workflow-edfd003e-6e4c-4e9b-bd66-786281c59910",
[2025-11-04 16:40:41] [STDERR] 2025-11-04 16:40:41,778 - gleitzeit.orchestrator.component_orchestrator - INFO - [workflow_loader-1:stderr] "name": "test-workflow",
[2025-11-04 16:40:41] [STDERR] 2025-11-04 16:40:41,779 - gleitzeit.orchestrator.component_orchestrator - INFO - [workflow_loader-1:stderr] "description": "",
[2025-11-04 16:40:41] [STDERR] 2025-11-04 16:40:41,779 - gleitzeit.orchestrator.component_orchestrator - INFO - [workflow_loader-1:stderr] "version": "1.0.0",
[2025-11-04 16:40:41] [STDERR] 2025-11-04 16:40:41,779 - gleitzeit.orchestrator.component_orchestrator - INFO - [workflow_loader-1:stderr] "created_at": "2025-11-04T15:40:41.775906",
[2025-11-04 16:40:41] [STDERR] 2025-11-04 16:40:41,779 - gleitzeit.orchestrator.component_orchestrator - INFO - [workflow_loader-1:stderr] "tasks": [
[2025-11-04 16:40:41] [STDERR] 2025-11-04 16:40:41,779 - gleitzeit.orchestrator.component_orchestrator - INFO - [workflow_loader-1:stderr] {
[2025-11-04 16:40:41] [STDERR] 2025-11-04 16:40:41,779 - gleitzeit.orchestrator.component_orchestrator - INFO - [workflow_loader-1:stderr] "id": "93de4c0b-4ed5-46c6-9dbd-d77015b1e5cb",
[2025-11-04 16:40:41] [STDERR] 2025-11-04 16:40:41,780 - gleitzeit.orchestrator.component_orchestrator - INFO - [workflow_loader-1:stderr] "workflow_id": "workflow-edfd003e-6e4c-4e9b-bd66-786281c59910",
[2025-11-04 16:40:41] [STDERR] 2025-11-04 16:40:41,780 - gleitzeit.orchestrator.component_orchestrator - INFO - [workflow_loader-1:stderr] "name": "hello",
[2025-11-04 16:40:41] [STDERR] 2025-11-04 16:40:41,780 - gleitzeit.orchestrator.component_orchestrator - INFO - [workflow_loader-1:stderr] "description": "",
[2025-11-04 16:40:41] [STDERR] 2025-11-04 16:40:41,780 - gleitzeit.orchestrator.component_orchestrator - INFO - [workflow_loader-1:stderr] "protocol": "python/v1",
[2025-11-04 16:40:41] [STDERR] 2025-11-04 16:40:41,780 - gleitzeit.orchestrator.component_orchestrator - INFO - [workflow_loader-1:stderr] "method": "python/execute",
[2025-11-04 16:40:41] [STDERR] 2025-11-04 16:40:41,780 - gleitzeit.orchestrator.component_orchestrator - INFO - [workflow_loader-1:stderr] "params": {
[2025-11-04 16:40:41] [STDERR] 2025-11-04 16:40:41,781 - gleitzeit.orchestrator.component_orchestrator - INFO - [workflow_loader-1:stderr] "code": "result = {'message': 'Hello from test!'}"
[2025-11-04 16:40:41] [STDERR] 2025-11-04 16:40:41,781 - gleitzeit.orchestrator.component_orchestrator - INFO - [workflow_loader-1:stderr] },
[2025-11-04 16:40:41] [STDERR] 2025-11-04 16:40:41,781 - gleitzeit.orchestrator.component_orchestrator - INFO - [workflow_loader-1:stderr] "dependencies": [],
[2025-11-04 16:40:41] [STDERR] 2025-11-04 16:40:41,781 - gleitzeit.orchestrator.component_orchestrator - INFO - [workflow_loader-1:stderr] "timeout": 300,
[2025-11-04 16:40:41] [STDERR] 2025-11-04 16:40:41,781 - gleitzeit.orchestrator.component_orchestrator - INFO - [workflow_loader-1:stderr] "retry": {
[2025-11-04 16:40:41] [STDERR] 2025-11-04 16:40:41,782 - gleitzeit.orchestrator.component_orchestrator - INFO - [workflow_loader-1:stderr] "max_retries": 2,
[2025-11-04 16:40:41] [STDERR] 2025-11-04 16:40:41,782 - gleitzeit.orchestrator.component_orchestrator - INFO - [workflow_loader-1:stderr] "strategy": "exponential_jitter",
[2025-11-04 16:40:41] [STDERR] 2025-11-04 16:40:41,782 - gleitzeit.orchestrator.component_orchestrator - INFO - [workflow_loader-1:stderr] "base_delay": 1.0,
[2025-11-04 16:40:41] [STDERR] 2025-11-04 16:40:41,782 - gleitzeit.orchestrator.component_orchestrator - INFO - [workflow_loader-1:stderr] "max_delay": 30.0,
[2025-11-04 16:40:41] [STDERR] 2025-11-04 16:40:41,782 - gleitzeit.orchestrator.component_orchestrator - INFO - [workflow_loader-1:stderr] "jitter": true,
[2025-11-04 16:40:41] [STDERR] 2025-11-04 16:40:41,783 - gleitzeit.orchestrator.component_orchestrator - INFO - [workflow_loader-1:stderr] "multiplier": 2.0
[2025-11-04 16:40:41] [STDERR] 2025-11-04 16:40:41,783 - gleitzeit.orchestrator.component_orchestrator - INFO - [workflow_loader-1:stderr] }
[2025-11-04 16:40:41] [STDERR] 2025-11-04 16:40:41,783 - gleitzeit.orchestrator.component_orchestrator - INFO - [workflow_loader-1:stderr] }
[2025-11-04 16:40:41] [STDERR] 2025-11-04 16:40:41,783 - gleitzeit.orchestrator.component_orchestrator - INFO - [workflow_loader-1:stderr] ]
[2025-11-04 16:40:41] [STDERR] 2025-11-04 16:40:41,783 - gleitzeit.orchestrator.component_orchestrator - INFO - [workflow_loader-1:stderr] }
[2025-11-04 16:40:41] [STDERR] 2025-11-04 16:40:41,783 - gleitzeit.orchestrator.component_orchestrator - INFO - [workflow_loader-1:stderr] 2025-11-04 16:40:41,782 - gleitzeit.workers.workflow_loader_worker_v2 - INFO - Workflow workflow-edfd003e-6e4c-4e9b-bd66-786281c59910 loaded and submitted to shard 13 with indexes
[2025-11-04 16:40:41] [STDERR] 2025-11-04 16:40:41,790 - gleitzeit.orchestrator.component_orchestrator - INFO - [dependency-0:stderr] 2025-11-04 16:40:41,789 - gleitzeit.workers.dependency_worker - INFO - Processing task completion: 93de4c0b-4ed5-46c6-9dbd-d77015b1e5cb from workflow workflow-edfd003e-6e4c-4e9b-bd66-786281c59910
[2025-11-04 16:40:41] [STDERR] 2025-11-04 16:40:41,791 - gleitzeit.orchestrator.component_orchestrator - INFO - [dependency-0:stderr] 2025-11-04 16:40:41,791 - gleitzeit.workers.dependency_worker - INFO - Workflow workflow-edfd003e-6e4c-4e9b-bd66-786281c59910 completed successfully!
[2025-11-04 16:40:44] [STDERR] 2025-11-04 16:40:44,042 - gleitzeit.orchestrator.component_orchestrator - INFO - [task_execution-0:stderr] 2025-11-04 16:40:44,041 - gleitzeit.workers.task_execution_worker - INFO - Processing task 02a19caf-cf54-4103-a795-fc3a190d25de from workflow test-workflow-123
[2025-11-04 16:40:44] [STDERR] 2025-11-04 16:40:44,044 - gleitzeit.orchestrator.component_orchestrator - INFO - [task_execution-0:stderr] 2025-11-04 16:40:44,044 - gleitzeit.workers.task_execution_worker - INFO - Executing task 02a19caf-cf54-4103-a795-fc3a190d25de with handler PythonHandler
[2025-11-04 16:40:44] [STDERR] 2025-11-04 16:40:44,047 - gleitzeit.orchestrator.component_orchestrator - INFO - [task_execution-0:stderr] 2025-11-04 16:40:44,047 - gleitzeit.workers.task_execution_worker - INFO - Task 02a19caf-cf54-4103-a795-fc3a190d25de completed successfully by handler 7db2dfc2-34a7-4b39-a5cf-849534039e4d
[2025-11-04 16:40:44] [STDERR] 2025-11-04 16:40:44,047 - gleitzeit.orchestrator.component_orchestrator - INFO - [dependency-0:stderr] 2025-11-04 16:40:44,047 - gleitzeit.workers.dependency_worker - INFO - Processing task completion: 02a19caf-cf54-4103-a795-fc3a190d25de from workflow test-workflow-123
[2025-11-04 16:40:44] [STDERR] 2025-11-04 16:40:44,049 - gleitzeit.orchestrator.component_orchestrator - INFO - [dependency-0:stderr] 2025-11-04 16:40:44,049 - gleitzeit.workers.dependency_worker - INFO - Workflow test-workflow-123 completed successfully!
[2025-11-04 16:40:46] [STDERR] 2025-11-04 16:40:46,914 - gleitzeit.orchestrator.component_orchestrator - INFO - [task_execution-1:stderr] 2025-11-04 16:40:46,914 - gleitzeit.workers.task_execution_worker - INFO - Processing task 6220e717-d75d-4ae1-8065-942e8d7ede89 from workflow workflow-2d715ecd-794c-4833-8b04-f8a5bca502bb
[2025-11-04 16:40:46] [STDERR] 2025-11-04 16:40:46,916 - gleitzeit.orchestrator.component_orchestrator - INFO - [task_execution-1:stderr] 2025-11-04 16:40:46,916 - gleitzeit.workers.task_execution_worker - INFO - Executing task 6220e717-d75d-4ae1-8065-942e8d7ede89 with handler PythonHandler
[2025-11-04 16:40:46] [STDERR] 2025-11-04 16:40:46,976 - gleitzeit.orchestrator.component_orchestrator - INFO - [task_execution-1:stderr] 2025-11-04 16:40:46,976 - gleitzeit.workers.task_execution_worker - INFO - Task 6220e717-d75d-4ae1-8065-942e8d7ede89 completed successfully by handler 000a828f-7964-4fa0-b9d0-e539ac0c9860
[2025-11-04 16:40:46] [STDERR] 2025-11-04 16:40:46,976 - gleitzeit.orchestrator.component_orchestrator - INFO - [dependency-0:stderr] 2025-11-04 16:40:46,976 - gleitzeit.workers.dependency_worker - INFO - Processing task completion: 6220e717-d75d-4ae1-8065-942e8d7ede89 from workflow workflow-2d715ecd-794c-4833-8b04-f8a5bca502bb
[2025-11-04 16:40:46] [STDERR] 2025-11-04 16:40:46,977 - gleitzeit.orchestrator.component_orchestrator - INFO - [dependency-0:stderr] 2025-11-04 16:40:46,977 - gleitzeit.workers.dependency_worker - INFO - Workflow workflow-2d715ecd-794c-4833-8b04-f8a5bca502bb completed successfully!
[2025-11-04 16:40:51] [STDERR] 2025-11-04 16:40:51,126 - gleitzeit.orchestrator.component_orchestrator - INFO - [signal-0:stderr] 2025-11-04 16:40:51,125 - gleitzeit.workers.signal_worker - INFO - Signal processing loop iteration 2920
[2025-11-04 16:40:51] [STDERR] 2025-11-04 16:40:51,671 - gleitzeit.orchestrator.component_orchestrator - INFO - [workflow_loader-1:stderr] 2025-11-04 16:40:51,671 - gleitzeit.workers.workflow_loader_worker_v2 - INFO - Loading workflow workflow-7865cde4-8549-41de-8f09-46bdef06d068 from inline
[2025-11-04 16:40:51] [STDERR] 2025-11-04 16:40:51,673 - gleitzeit.orchestrator.component_orchestrator - INFO - [workflow_loader-1:stderr] 2025-11-04 16:40:51,672 - gleitzeit.workers.workflow_loader_worker_v2 - INFO - Raw workflow before transform: {
[2025-11-04 16:40:51] [STDERR] 2025-11-04 16:40:51,673 - gleitzeit.orchestrator.component_orchestrator - INFO - [workflow_loader-1:stderr] "name": "test-workflow",
[2025-11-04 16:40:51] [STDERR] 2025-11-04 16:40:51,673 - gleitzeit.orchestrator.component_orchestrator - INFO - [workflow_loader-1:stderr] "tasks": [
[2025-11-04 16:40:51] [STDERR] 2025-11-04 16:40:51,673 - gleitzeit.orchestrator.component_orchestrator - INFO - [workflow_loader-1:stderr] {
[2025-11-04 16:40:51] [STDERR] 2025-11-04 16:40:51,673 - gleitzeit.orchestrator.component_orchestrator - INFO - [workflow_loader-1:stderr] "name": "hello",
[2025-11-04 16:40:51] [STDERR] 2025-11-04 16:40:51,673 - gleitzeit.orchestrator.component_orchestrator - INFO - [workflow_loader-1:stderr] "protocol": "python/v1",
[2025-11-04 16:40:51] [STDERR] 2025-11-04 16:40:51,673 - gleitzeit.orchestrator.component_orchestrator - INFO - [workflow_loader-1:stderr] "method": "python/execute",
[2025-11-04 16:40:51] [STDERR] 2025-11-04 16:40:51,673 - gleitzeit.orchestrator.component_orchestrator - INFO - [workflow_loader-1:stderr] "params": {
[2025-11-04 16:40:51] [STDERR] 2025-11-04 16:40:51,673 - gleitzeit.orchestrator.component_orchestrator - INFO - [workflow_loader-1:stderr] "code": "result = {'message': 'Hello from test!'}"
[2025-11-04 16:40:51] [STDERR] 2025-11-04 16:40:51,673 - gleitzeit.orchestrator.component_orchestrator - INFO - [workflow_loader-1:stderr] }
[2025-11-04 16:40:51] [STDERR] 2025-11-04 16:40:51,673 - gleitzeit.orchestrator.component_orchestrator - INFO - [workflow_loader-1:stderr] }
[2025-11-04 16:40:51] [STDERR] 2025-11-04 16:40:51,673 - gleitzeit.orchestrator.component_orchestrator - INFO - [workflow_loader-1:stderr] ],
[2025-11-04 16:40:51] [STDERR] 2025-11-04 16:40:51,674 - gleitzeit.orchestrator.component_orchestrator - INFO - [workflow_loader-1:stderr] "workflow_id": "workflow-7865cde4-8549-41de-8f09-46bdef06d068"
[2025-11-04 16:40:51] [STDERR] 2025-11-04 16:40:51,674 - gleitzeit.orchestrator.component_orchestrator - INFO - [workflow_loader-1:stderr] }
[2025-11-04 16:40:51] [STDERR] 2025-11-04 16:40:51,674 - gleitzeit.orchestrator.component_orchestrator - INFO - [workflow_loader-1:stderr] 2025-11-04 16:40:51,672 - gleitzeit.workers.workflow_loader_worker_v2 - INFO - Workflow after transform: {
[2025-11-04 16:40:51] [STDERR] 2025-11-04 16:40:51,674 - gleitzeit.orchestrator.component_orchestrator - INFO - [workflow_loader-1:stderr] "id": "workflow-7865cde4-8549-41de-8f09-46bdef06d068",
[2025-11-04 16:40:51] [STDERR] 2025-11-04 16:40:51,674 - gleitzeit.orchestrator.component_orchestrator - INFO - [workflow_loader-1:stderr] "name": "test-workflow",
[2025-11-04 16:40:51] [STDERR] 2025-11-04 16:40:51,674 - gleitzeit.orchestrator.component_orchestrator - INFO - [workflow_loader-1:stderr] "description": "",
[2025-11-04 16:40:51] [STDERR] 2025-11-04 16:40:51,674 - gleitzeit.orchestrator.component_orchestrator - INFO - [workflow_loader-1:stderr] "version": "1.0.0",
[2025-11-04 16:40:51] [STDERR] 2025-11-04 16:40:51,674 - gleitzeit.orchestrator.component_orchestrator - INFO - [workflow_loader-1:stderr] "created_at": "2025-11-04T15:40:51.672929",
[2025-11-04 16:40:51] [STDERR] 2025-11-04 16:40:51,674 - gleitzeit.orchestrator.component_orchestrator - INFO - [workflow_loader-1:stderr] "tasks": [
[2025-11-04 16:40:51] [STDERR] 2025-11-04 16:40:51,674 - gleitzeit.orchestrator.component_orchestrator - INFO - [workflow_loader-1:stderr] {
[2025-11-04 16:40:51] [STDERR] 2025-11-04 16:40:51,674 - gleitzeit.orchestrator.component_orchestrator - INFO - [workflow_loader-1:stderr] "id": "bed83e89-113a-4986-b8dc-afaefd38d71e",
[2025-11-04 16:40:51] [STDERR] 2025-11-04 16:40:51,674 - gleitzeit.orchestrator.component_orchestrator - INFO - [workflow_loader-1:stderr] "workflow_id": "workflow-7865cde4-8549-41de-8f09-46bdef06d068",
[2025-11-04 16:40:51] [STDERR] 2025-11-04 16:40:51,675 - gleitzeit.orchestrator.component_orchestrator - INFO - [workflow_loader-1:stderr] "name": "hello",
[2025-11-04 16:40:51] [STDERR] 2025-11-04 16:40:51,675 - gleitzeit.orchestrator.component_orchestrator - INFO - [workflow_loader-1:stderr] "description": "",
[2025-11-04 16:40:51] [STDERR] 2025-11-04 16:40:51,675 - gleitzeit.orchestrator.component_orchestrator - INFO - [workflow_loader-1:stderr] "protocol": "python/v1",
[2025-11-04 16:40:51] [STDERR] 2025-11-04 16:40:51,675 - gleitzeit.orchestrator.component_orchestrator - INFO - [workflow_loader-1:stderr] "method": "python/execute",
[2025-11-04 16:40:51] [STDERR] 2025-11-04 16:40:51,675 - gleitzeit.orchestrator.component_orchestrator - INFO - [workflow_loader-1:stderr] "params": {
[2025-11-04 16:40:51] [STDERR] 2025-11-04 16:40:51,675 - gleitzeit.orchestrator.component_orchestrator - INFO - [workflow_loader-1:stderr] "code": "result = {'message': 'Hello from test!'}"
[2025-11-04 16:40:51] [STDERR] 2025-11-04 16:40:51,675 - gleitzeit.orchestrator.component_orchestrator - INFO - [workflow_loader-1:stderr] },
[2025-11-04 16:40:51] [STDERR] 2025-11-04 16:40:51,675 - gleitzeit.orchestrator.component_orchestrator - INFO - [workflow_loader-1:stderr] "dependencies": [],
[2025-11-04 16:40:51] [STDERR] 2025-11-04 16:40:51,675 - gleitzeit.orchestrator.component_orchestrator - INFO - [workflow_loader-1:stderr] "timeout": 300,
[2025-11-04 16:40:51] [STDERR] 2025-11-04 16:40:51,675 - gleitzeit.orchestrator.component_orchestrator - INFO - [workflow_loader-1:stderr] "retry": {
[2025-11-04 16:40:51] [STDERR] 2025-11-04 16:40:51,675 - gleitzeit.orchestrator.component_orchestrator - INFO - [workflow_loader-1:stderr] "max_retries": 2,
[2025-11-04 16:40:51] [STDERR] 2025-11-04 16:40:51,676 - gleitzeit.orchestrator.component_orchestrator - INFO - [workflow_loader-1:stderr] "strategy": "exponential_jitter",
[2025-11-04 16:40:51] [STDERR] 2025-11-04 16:40:51,676 - gleitzeit.orchestrator.component_orchestrator - INFO - [workflow_loader-1:stderr] "base_delay": 1.0,
[2025-11-04 16:40:51] [STDERR] 2025-11-04 16:40:51,676 - gleitzeit.orchestrator.component_orchestrator - INFO - [workflow_loader-1:stderr] "max_delay": 30.0,
[2025-11-04 16:40:51] [STDERR] 2025-11-04 16:40:51,676 - gleitzeit.orchestrator.component_orchestrator - INFO - [workflow_loader-1:stderr] "jitter": true,
[2025-11-04 16:40:51] [STDERR] 2025-11-04 16:40:51,676 - gleitzeit.orchestrator.component_orchestrator - INFO - [workflow_loader-1:stderr] "multiplier": 2.0
[2025-11-04 16:40:51] [STDERR] 2025-11-04 16:40:51,676 - gleitzeit.orchestrator.component_orchestrator - INFO - [workflow_loader-1:stderr] }
[2025-11-04 16:40:51] [STDERR] 2025-11-04 16:40:51,676 - gleitzeit.orchestrator.component_orchestrator - INFO - [workflow_loader-1:stderr] }
[2025-11-04 16:40:51] [STDERR] 2025-11-04 16:40:51,676 - gleitzeit.orchestrator.component_orchestrator - INFO - [workflow_loader-1:stderr] ]
[2025-11-04 16:40:51] [STDERR] 2025-11-04 16:40:51,676 - gleitzeit.orchestrator.component_orchestrator - INFO - [workflow_loader-1:stderr] }
[2025-11-04 16:40:51] [STDERR] 2025-11-04 16:40:51,677 - gleitzeit.orchestrator.component_orchestrator - INFO - [workflow_loader-1:stderr] 2025-11-04 16:40:51,677 - gleitzeit.workers.workflow_loader_worker_v2 - INFO - Workflow workflow-7865cde4-8549-41de-8f09-46bdef06d068 loaded and submitted to shard 11 with indexes
[2025-11-04 16:40:51] [STDERR] 2025-11-04 16:40:51,684 - gleitzeit.orchestrator.component_orchestrator - INFO - [dependency-0:stderr] 2025-11-04 16:40:51,684 - gleitzeit.workers.dependency_worker - INFO - Processing task completion: bed83e89-113a-4986-b8dc-afaefd38d71e from workflow workflow-7865cde4-8549-41de-8f09-46bdef06d068
[2025-11-04 16:40:51] [STDERR] 2025-11-04 16:40:51,685 - gleitzeit.orchestrator.component_orchestrator - INFO - [dependency-0:stderr] 2025-11-04 16:40:51,685 - gleitzeit.workers.dependency_worker - INFO - Workflow workflow-7865cde4-8549-41de-8f09-46bdef06d068 completed successfully!
[2025-11-04 16:40:56] [STDERR] 2025-11-04 16:40:56,286 - gleitzeit.orchestrator.component_orchestrator - INFO - [dependency-0:stderr] 2025-11-04 16:40:56,286 - gleitzeit.workers.dependency_worker - INFO - Processing task completion: c4861c56-cec9-440c-b910-f68ebb1f1324 from workflow workflow-93c03bc2-6fa4-4eef-b1b3-594fc77329cb
[2025-11-04 16:40:56] [STDERR] 2025-11-04 16:40:56,288 - gleitzeit.orchestrator.component_orchestrator - INFO - [dependency-0:stderr] 2025-11-04 16:40:56,288 - gleitzeit.workers.dependency_worker - INFO - Workflow workflow-93c03bc2-6fa4-4eef-b1b3-594fc77329cb completed successfully!
[2025-11-04 16:40:57] [STDERR] 2025-11-04 16:40:57,450 - gleitzeit.orchestrator.component_orchestrator - WARNING - Worker api-0 unhealthy, restarting
[2025-11-04 16:40:57] [STDERR] 2025-11-04 16:40:57,450 - gleitzeit.orchestrator.component_orchestrator - INFO - Restarting worker api-0
[2025-11-04 16:40:57] [STDERR] 2025-11-04 16:40:57,451 - gleitzeit.orchestrator.component_orchestrator - INFO - Stopping worker api-0
[2025-11-04 16:40:57] [STDERR] 2025-11-04 16:40:57,451 - gleitzeit.orchestrator.component_orchestrator - INFO - Starting worker api-0 with shards [0, 1, 2, 3, 4, 5, 6, 7, 8, 9, 10, 11, 12, 13, 14, 15]
[2025-11-04 16:40:57] [STDERR] 2025-11-04 16:40:57,451 - gleitzeit.orchestrator.component_orchestrator - INFO - Stored config for api-0 at key: worker:config:api-0:7697c940
[2025-11-04 16:40:57] [STDERR] 2025-11-04 16:40:57,454 - gleitzeit.orchestrator.component_orchestrator - WARNING - Worker ui-0 unhealthy, restarting
[2025-11-04 16:40:57] [STDERR] 2025-11-04 16:40:57,454 - gleitzeit.orchestrator.component_orchestrator - INFO - Restarting worker ui-0
[2025-11-04 16:40:57] [STDERR] 2025-11-04 16:40:57,454 - gleitzeit.orchestrator.component_orchestrator - INFO - Stopping worker ui-0
[2025-11-04 16:40:57] [STDERR] 2025-11-04 16:40:57,455 - gleitzeit.orchestrator.component_orchestrator - INFO - Starting worker ui-0 with shards [0, 1, 2, 3, 4, 5, 6, 7, 8, 9, 10, 11, 12, 13, 14, 15]
[2025-11-04 16:40:57] [STDERR] 2025-11-04 16:40:57,455 - gleitzeit.orchestrator.component_orchestrator - INFO - Stored config for ui-0 at key: worker:config:ui-0:532628fc
[2025-11-04 16:40:57] [STDERR] 2025-11-04 16:40:57,695 - gleitzeit.orchestrator.component_orchestrator - INFO - [ui-0:stderr] 2025-11-04 16:40:57,694 - __main__ - INFO - Initialized worker instance identity: gleitzei-529d6f54
[2025-11-04 16:40:57] [STDERR] 2025-11-04 16:40:57,695 - gleitzeit.orchestrator.component_orchestrator - INFO - [api-0:stderr] 2025-11-04 16:40:57,694 - __main__ - INFO - Initialized worker instance identity: gleitzei-529d6f54
[2025-11-04 16:40:57] [STDERR] 2025-11-04 16:40:57,695 - gleitzeit.orchestrator.component_orchestrator - INFO - [ui-0:stderr] 2025-11-04 16:40:57,695 - __main__ - INFO - Loading configuration from Redis key: worker:config:ui-0:532628fc
[2025-11-04 16:40:57] [STDERR] 2025-11-04 16:40:57,695 - gleitzeit.orchestrator.component_orchestrator - INFO - [api-0:stderr] 2025-11-04 16:40:57,695 - __main__ - INFO - Loading configuration from Redis key: worker:config:api-0:7697c940
[2025-11-04 16:40:57] [STDERR] 2025-11-04 16:40:57,697 - gleitzeit.orchestrator.component_orchestrator - INFO - [api-0:stderr] 2025-11-04 16:40:57,697 - __main__ - INFO - Loaded config for worker api-0
[2025-11-04 16:40:57] [STDERR] 2025-11-04 16:40:57,697 - gleitzeit.orchestrator.component_orchestrator - INFO - [ui-0:stderr] 2025-11-04 16:40:57,697 - __main__ - INFO - Loaded config for worker ui-0
[2025-11-04 16:40:57] [STDERR] 2025-11-04 16:40:57,717 - gleitzeit.orchestrator.component_orchestrator - INFO - [api-0:stderr] 2025-11-04 16:40:57,716 - __main__ - INFO - Worker api-0 handler configs: ['python/v1', 'ollama/v1', 'http/v1', 'file/v1', 'timer/v1', 'signal/v1', 'workflow/v1']
[2025-11-04 16:40:57] [STDERR] 2025-11-04 16:40:57,717 - gleitzeit.orchestrator.component_orchestrator - INFO - [ui-0:stderr] 2025-11-04 16:40:57,716 - __main__ - INFO - Worker ui-0 handler configs: ['python/v1', 'ollama/v1', 'http/v1', 'file/v1', 'timer/v1', 'signal/v1', 'workflow/v1']
[2025-11-04 16:40:57] [STDERR] 2025-11-04 16:40:57,717 - gleitzeit.orchestrator.component_orchestrator - INFO - [api-0:stderr] 2025-11-04 16:40:57,717 - gleitzeit.core.redis_cluster - INFO - Redis single instance initialized at localhost:6379
[2025-11-04 16:40:57] [STDERR] 2025-11-04 16:40:57,717 - gleitzeit.orchestrator.component_orchestrator - INFO - [ui-0:stderr] 2025-11-04 16:40:57,717 - gleitzeit.core.redis_cluster - INFO - Redis single instance initialized at localhost:6379
[2025-11-04 16:40:57] [STDERR] 2025-11-04 16:40:57,717 - gleitzeit.orchestrator.component_orchestrator - ERROR - [api-0:stderr] 2025-11-04 16:40:57,717 - api.api-0 - ERROR - Cannot start API: Port 8000 is already in use. Either stop the existing service or use --api-port to specify a different port.
[2025-11-04 16:40:57] [STDERR] 2025-11-04 16:40:57,717 - gleitzeit.orchestrator.component_orchestrator - ERROR - [ui-0:stderr] 2025-11-04 16:40:57,717 - ui.ui-0 - ERROR - Cannot start UI: Port 8004 is already in use. Either stop the existing service or use --ui-port to specify a different port.
[2025-11-04 16:40:57] [STDERR] 2025-11-04 16:40:57,718 - gleitzeit.orchestrator.component_orchestrator - ERROR - [api-0:stderr] 2025-11-04 16:40:57,717 - __main__ - ERROR - Worker failed: Cannot start API: Port 8000 is already in use. Either stop the existing service or use --api-port to specify a different port.
[2025-11-04 16:40:57] [STDERR] 2025-11-04 16:40:57,718 - gleitzeit.orchestrator.component_orchestrator - INFO - [api-0:stderr] Traceback (most recent call last):
[2025-11-04 16:40:57] [STDERR] 2025-11-04 16:40:57,718 - gleitzeit.orchestrator.component_orchestrator - INFO - [api-0:stderr] File "/Users/leifmarkthaler/github/gleitzeit 0.0.7/src/gleitzeit/workers/runner.py", line 116, in run_worker
[2025-11-04 16:40:57] [STDERR] 2025-11-04 16:40:57,719 - gleitzeit.orchestrator.component_orchestrator - INFO - [api-0:stderr] await worker.initialize()
[2025-11-04 16:40:57] [STDERR] 2025-11-04 16:40:57,719 - gleitzeit.orchestrator.component_orchestrator - ERROR - [ui-0:stderr] 2025-11-04 16:40:57,717 - __main__ - ERROR - Worker failed: Cannot start UI: Port 8004 is already in use. Either stop the existing service or use --ui-port to specify a different port.
[2025-11-04 16:40:57] [STDERR] 2025-11-04 16:40:57,719 - gleitzeit.orchestrator.component_orchestrator - INFO - [api-0:stderr] File "/Users/leifmarkthaler/github/gleitzeit 0.0.7/src/gleitzeit/workers/base.py", line 113, in initialize
[2025-11-04 16:40:57] [STDERR] 2025-11-04 16:40:57,719 - gleitzeit.orchestrator.component_orchestrator - INFO - [ui-0:stderr] Traceback (most recent call last):
[2025-11-04 16:40:57] [STDERR] 2025-11-04 16:40:57,719 - gleitzeit.orchestrator.component_orchestrator - INFO - [api-0:stderr] await self.on_initialize()
[2025-11-04 16:40:57] [STDERR] 2025-11-04 16:40:57,719 - gleitzeit.orchestrator.component_orchestrator - INFO - [ui-0:stderr] File "/Users/leifmarkthaler/github/gleitzeit 0.0.7/src/gleitzeit/workers/runner.py", line 116, in run_worker
[2025-11-04 16:40:57] [STDERR] 2025-11-04 16:40:57,719 - gleitzeit.orchestrator.component_orchestrator - INFO - [api-0:stderr] File "/Users/leifmarkthaler/github/gleitzeit 0.0.7/src/gleitzeit/workers/api_worker.py", line 45, in on_initialize
[2025-11-04 16:40:57] [STDERR] 2025-11-04 16:40:57,719 - gleitzeit.orchestrator.component_orchestrator - INFO - [ui-0:stderr] await worker.initialize()
[2025-11-04 16:40:57] [STDERR] 2025-11-04 16:40:57,719 - gleitzeit.orchestrator.component_orchestrator - INFO - [api-0:stderr] raise RuntimeError(error_msg)
[2025-11-04 16:40:57] [STDERR] 2025-11-04 16:40:57,720 - gleitzeit.orchestrator.component_orchestrator - INFO - [ui-0:stderr] File "/Users/leifmarkthaler/github/gleitzeit 0.0.7/src/gleitzeit/workers/base.py", line 113, in initialize
[2025-11-04 16:40:57] [STDERR] 2025-11-04 16:40:57,720 - gleitzeit.orchestrator.component_orchestrator - INFO - [api-0:stderr] RuntimeError: Cannot start API: Port 8000 is already in use. Either stop the existing service or use --api-port to specify a different port.
[2025-11-04 16:40:57] [STDERR] 2025-11-04 16:40:57,720 - gleitzeit.orchestrator.component_orchestrator - INFO - [ui-0:stderr] await self.on_initialize()
[2025-11-04 16:40:57] [STDERR] 2025-11-04 16:40:57,720 - gleitzeit.orchestrator.component_orchestrator - INFO - [ui-0:stderr] File "/Users/leifmarkthaler/github/gleitzeit 0.0.7/src/gleitzeit/workers/ui_worker.py", line 46, in on_initialize
[2025-11-04 16:40:57] [STDERR] 2025-11-04 16:40:57,720 - gleitzeit.orchestrator.component_orchestrator - INFO - [ui-0:stderr] raise RuntimeError(error_msg)
[2025-11-04 16:40:57] [STDERR] 2025-11-04 16:40:57,720 - gleitzeit.orchestrator.component_orchestrator - INFO - [ui-0:stderr] RuntimeError: Cannot start UI: Port 8004 is already in use. Either stop the existing service or use --ui-port to specify a different port.
[2025-11-04 16:41:01] [STDERR] 2025-11-04 16:41:01,146 - gleitzeit.orchestrator.component_orchestrator - INFO - [signal-0:stderr] 2025-11-04 16:41:01,145 - gleitzeit.workers.signal_worker - INFO - Signal processing loop iteration 2940
[2025-11-04 16:41:01] [STDERR] 2025-11-04 16:41:01,860 - gleitzeit.orchestrator.component_orchestrator - INFO - [task_execution-1:stderr] 2025-11-04 16:41:01,860 - gleitzeit.workers.task_execution_worker - INFO - Processing task 6d821a02-2f6c-42bd-9160-d5714668dd03 from workflow workflow-dd0708b0-ebd0-4f45-ac74-e4ceec602dff
[2025-11-04 16:41:01] [STDERR] 2025-11-04 16:41:01,863 - gleitzeit.orchestrator.component_orchestrator - INFO - [task_execution-1:stderr] 2025-11-04 16:41:01,862 - gleitzeit.workers.task_execution_worker - INFO - Executing task 6d821a02-2f6c-42bd-9160-d5714668dd03 with handler PythonHandler
[2025-11-04 16:41:01] [STDERR] 2025-11-04 16:41:01,866 - gleitzeit.orchestrator.component_orchestrator - INFO - [task_execution-1:stderr] 2025-11-04 16:41:01,866 - gleitzeit.workers.task_execution_worker - INFO - Task 6d821a02-2f6c-42bd-9160-d5714668dd03 completed successfully by handler 000a828f-7964-4fa0-b9d0-e539ac0c9860
[2025-11-04 16:41:01] [STDERR] 2025-11-04 16:41:01,949 - gleitzeit.orchestrator.component_orchestrator - INFO - [dependency-0:stderr] 2025-11-04 16:41:01,948 - gleitzeit.workers.dependency_worker - INFO - Processing task completion: 6d821a02-2f6c-42bd-9160-d5714668dd03 from workflow workflow-dd0708b0-ebd0-4f45-ac74-e4ceec602dff
[2025-11-04 16:41:01] [STDERR] 2025-11-04 16:41:01,953 - gleitzeit.orchestrator.component_orchestrator - INFO - [dependency-0:stderr] 2025-11-04 16:41:01,953 - gleitzeit.workers.dependency_worker - INFO - Emitted ready task f892b7a7-d7aa-4fe6-992c-7e234e08e16f to shard 7
[2025-11-04 16:41:01] [STDERR] 2025-11-04 16:41:01,954 - gleitzeit.orchestrator.component_orchestrator - WARNING - [dependency-0:stderr] 2025-11-04 16:41:01,954 - gleitzeit.workers.dependency_worker - WARNING - Workflow workflow-dd0708b0-ebd0-4f45-ac74-e4ceec602dff not found
[2025-11-04 16:41:01] [STDERR] 2025-11-04 16:41:01,954 - gleitzeit.orchestrator.component_orchestrator - INFO - [dependency-0:stderr] 2025-11-04 16:41:01,954 - gleitzeit.workers.dependency_worker - INFO - Transitioning workflow workflow-dd0708b0-ebd0-4f45-ac74-e4ceec602dff from running to pending (task counts: {'completed': 0, 'failed': 0, 'scheduled': 0, 'waiting': 0, 'pending': 0, 'cancelled': 0, 'paused': 0})
[2025-11-04 16:41:07] [STDERR] 2025-11-04 16:41:07,821 - gleitzeit.orchestrator.component_orchestrator - INFO - [workflow_loader-1:stderr] 2025-11-04 16:41:07,820 - gleitzeit.workers.workflow_loader_worker_v2 - INFO - Loading workflow workflow-340ee753-d140-4cc7-a982-c1a03d4f650b from inline
[2025-11-04 16:41:07] [STDERR] 2025-11-04 16:41:07,823 - gleitzeit.orchestrator.component_orchestrator - INFO - [workflow_loader-1:stderr] 2025-11-04 16:41:07,822 - gleitzeit.workers.workflow_loader_worker_v2 - INFO - Raw workflow before transform: {
[2025-11-04 16:41:07] [STDERR] 2025-11-04 16:41:07,823 - gleitzeit.orchestrator.component_orchestrator - INFO - [workflow_loader-1:stderr] "name": "test-workflow",
[2025-11-04 16:41:07] [STDERR] 2025-11-04 16:41:07,823 - gleitzeit.orchestrator.component_orchestrator - INFO - [workflow_loader-1:stderr] "tasks": [
[2025-11-04 16:41:07] [STDERR] 2025-11-04 16:41:07,823 - gleitzeit.orchestrator.component_orchestrator - INFO - [workflow_loader-1:stderr] {
[2025-11-04 16:41:07] [STDERR] 2025-11-04 16:41:07,823 - gleitzeit.orchestrator.component_orchestrator - INFO - [workflow_loader-1:stderr] "name": "hello",
[2025-11-04 16:41:07] [STDERR] 2025-11-04 16:41:07,824 - gleitzeit.orchestrator.component_orchestrator - INFO - [workflow_loader-1:stderr] "protocol": "python/v1",
[2025-11-04 16:41:07] [STDERR] 2025-11-04 16:41:07,824 - gleitzeit.orchestrator.component_orchestrator - INFO - [workflow_loader-1:stderr] "method": "python/execute",
[2025-11-04 16:41:07] [STDERR] 2025-11-04 16:41:07,824 - gleitzeit.orchestrator.component_orchestrator - INFO - [workflow_loader-1:stderr] "params": {
[2025-11-04 16:41:07] [STDERR] 2025-11-04 16:41:07,824 - gleitzeit.orchestrator.component_orchestrator - INFO - [workflow_loader-1:stderr] "code": "result = {'message': 'Hello from test!'}"
[2025-11-04 16:41:07] [STDERR] 2025-11-04 16:41:07,824 - gleitzeit.orchestrator.component_orchestrator - INFO - [workflow_loader-1:stderr] }
[2025-11-04 16:41:07] [STDERR] 2025-11-04 16:41:07,824 - gleitzeit.orchestrator.component_orchestrator - INFO - [workflow_loader-1:stderr] }
[2025-11-04 16:41:07] [STDERR] 2025-11-04 16:41:07,824 - gleitzeit.orchestrator.component_orchestrator - INFO - [workflow_loader-1:stderr] ],
[2025-11-04 16:41:07] [STDERR] 2025-11-04 16:41:07,825 - gleitzeit.orchestrator.component_orchestrator - INFO - [workflow_loader-1:stderr] "workflow_id": "workflow-340ee753-d140-4cc7-a982-c1a03d4f650b"
[2025-11-04 16:41:07] [STDERR] 2025-11-04 16:41:07,825 - gleitzeit.orchestrator.component_orchestrator - INFO - [workflow_loader-1:stderr] }
[2025-11-04 16:41:07] [STDERR] 2025-11-04 16:41:07,825 - gleitzeit.orchestrator.component_orchestrator - INFO - [workflow_loader-1:stderr] 2025-11-04 16:41:07,822 - gleitzeit.workers.workflow_loader_worker_v2 - INFO - Workflow after transform: {
[2025-11-04 16:41:07] [STDERR] 2025-11-04 16:41:07,825 - gleitzeit.orchestrator.component_orchestrator - INFO - [workflow_loader-1:stderr] "id": "workflow-340ee753-d140-4cc7-a982-c1a03d4f650b",
[2025-11-04 16:41:07] [STDERR] 2025-11-04 16:41:07,825 - gleitzeit.orchestrator.component_orchestrator - INFO - [workflow_loader-1:stderr] "name": "test-workflow",
[2025-11-04 16:41:07] [STDERR] 2025-11-04 16:41:07,825 - gleitzeit.orchestrator.component_orchestrator - INFO - [workflow_loader-1:stderr] "description": "",
[2025-11-04 16:41:07] [STDERR] 2025-11-04 16:41:07,826 - gleitzeit.orchestrator.component_orchestrator - INFO - [workflow_loader-1:stderr] "version": "1.0.0",
[2025-11-04 16:41:07] [STDERR] 2025-11-04 16:41:07,826 - gleitzeit.orchestrator.component_orchestrator - INFO - [workflow_loader-1:stderr] "created_at": "2025-11-04T15:41:07.822899",
[2025-11-04 16:41:07] [STDERR] 2025-11-04 16:41:07,826 - gleitzeit.orchestrator.component_orchestrator - INFO - [workflow_loader-1:stderr] "tasks": [
[2025-11-04 16:41:07] [STDERR] 2025-11-04 16:41:07,826 - gleitzeit.orchestrator.component_orchestrator - INFO - [workflow_loader-1:stderr] {
[2025-11-04 16:41:07] [STDERR] 2025-11-04 16:41:07,826 - gleitzeit.orchestrator.component_orchestrator - INFO - [workflow_loader-1:stderr] "id": "8f3478d4-e661-4883-b731-145878a673aa",
[2025-11-04 16:41:07] [STDERR] 2025-11-04 16:41:07,826 - gleitzeit.orchestrator.component_orchestrator - INFO - [workflow_loader-1:stderr] "workflow_id": "workflow-340ee753-d140-4cc7-a982-c1a03d4f650b",
[2025-11-04 16:41:07] [STDERR] 2025-11-04 16:41:07,826 - gleitzeit.orchestrator.component_orchestrator - INFO - [workflow_loader-1:stderr] "name": "hello",
[2025-11-04 16:41:07] [STDERR] 2025-11-04 16:41:07,826 - gleitzeit.orchestrator.component_orchestrator - INFO - [workflow_loader-1:stderr] "description": "",
[2025-11-04 16:41:07] [STDERR] 2025-11-04 16:41:07,826 - gleitzeit.orchestrator.component_orchestrator - INFO - [workflow_loader-1:stderr] "protocol": "python/v1",
[2025-11-04 16:41:07] [STDERR] 2025-11-04 16:41:07,826 - gleitzeit.orchestrator.component_orchestrator - INFO - [workflow_loader-1:stderr] "method": "python/execute",
[2025-11-04 16:41:07] [STDERR] 2025-11-04 16:41:07,827 - gleitzeit.orchestrator.component_orchestrator - INFO - [workflow_loader-1:stderr] "params": {
[2025-11-04 16:41:07] [STDERR] 2025-11-04 16:41:07,827 - gleitzeit.orchestrator.component_orchestrator - INFO - [workflow_loader-1:stderr] "code": "result = {'message': 'Hello from test!'}"
[2025-11-04 16:41:07] [STDERR] 2025-11-04 16:41:07,827 - gleitzeit.orchestrator.component_orchestrator - INFO - [workflow_loader-1:stderr] },
[2025-11-04 16:41:07] [STDERR] 2025-11-04 16:41:07,827 - gleitzeit.orchestrator.component_orchestrator - INFO - [workflow_loader-1:stderr] "dependencies": [],
[2025-11-04 16:41:07] [STDERR] 2025-11-04 16:41:07,827 - gleitzeit.orchestrator.component_orchestrator - INFO - [workflow_loader-1:stderr] "timeout": 300,
[2025-11-04 16:41:07] [STDERR] 2025-11-04 16:41:07,827 - gleitzeit.orchestrator.component_orchestrator - INFO - [workflow_loader-1:stderr] "retry": {
[2025-11-04 16:41:07] [STDERR] 2025-11-04 16:41:07,827 - gleitzeit.orchestrator.component_orchestrator - INFO - [workflow_loader-1:stderr] "max_retries": 2,
[2025-11-04 16:41:07] [STDERR] 2025-11-04 16:41:07,828 - gleitzeit.orchestrator.component_orchestrator - INFO - [workflow_loader-1:stderr] "strategy": "exponential_jitter",
[2025-11-04 16:41:07] [STDERR] 2025-11-04 16:41:07,828 - gleitzeit.orchestrator.component_orchestrator - INFO - [workflow_loader-1:stderr] "base_delay": 1.0,
[2025-11-04 16:41:07] [STDERR] 2025-11-04 16:41:07,828 - gleitzeit.orchestrator.component_orchestrator - INFO - [workflow_loader-1:stderr] "max_delay": 30.0,
[2025-11-04 16:41:07] [STDERR] 2025-11-04 16:41:07,828 - gleitzeit.orchestrator.component_orchestrator - INFO - [workflow_loader-1:stderr] "jitter": true,
[2025-11-04 16:41:07] [STDERR] 2025-11-04 16:41:07,828 - gleitzeit.orchestrator.component_orchestrator - INFO - [workflow_loader-1:stderr] "multiplier": 2.0
[2025-11-04 16:41:07] [STDERR] 2025-11-04 16:41:07,828 - gleitzeit.orchestrator.component_orchestrator - INFO - [workflow_loader-1:stderr] }
[2025-11-04 16:41:07] [STDERR] 2025-11-04 16:41:07,828 - gleitzeit.orchestrator.component_orchestrator - INFO - [task_execution-1:stderr] 2025-11-04 16:41:07,828 - gleitzeit.workers.task_execution_worker - INFO - Processing task 8f3478d4-e661-4883-b731-145878a673aa from workflow workflow-340ee753-d140-4cc7-a982-c1a03d4f650b
[2025-11-04 16:41:07] [STDERR] 2025-11-04 16:41:07,829 - gleitzeit.orchestrator.component_orchestrator - INFO - [workflow_loader-1:stderr] }
[2025-11-04 16:41:07] [STDERR] 2025-11-04 16:41:07,829 - gleitzeit.orchestrator.component_orchestrator - INFO - [workflow_loader-1:stderr] ]
[2025-11-04 16:41:07] [STDERR] 2025-11-04 16:41:07,829 - gleitzeit.orchestrator.component_orchestrator - INFO - [workflow_loader-1:stderr] }
[2025-11-04 16:41:07] [STDERR] 2025-11-04 16:41:07,829 - gleitzeit.orchestrator.component_orchestrator - INFO - [workflow_loader-1:stderr] 2025-11-04 16:41:07,827 - gleitzeit.workers.workflow_loader_worker_v2 - INFO - Workflow workflow-340ee753-d140-4cc7-a982-c1a03d4f650b loaded and submitted to shard 15 with indexes
[2025-11-04 16:41:07] [STDERR] 2025-11-04 16:41:07,832 - gleitzeit.orchestrator.component_orchestrator - INFO - [task_execution-1:stderr] 2025-11-04 16:41:07,831 - gleitzeit.workers.task_execution_worker - INFO - Executing task 8f3478d4-e661-4883-b731-145878a673aa with handler PythonHandler
[2025-11-04 16:41:07] [STDERR] 2025-11-04 16:41:07,836 - gleitzeit.orchestrator.component_orchestrator - INFO - [task_execution-1:stderr] 2025-11-04 16:41:07,836 - gleitzeit.workers.task_execution_worker - INFO - Task 8f3478d4-e661-4883-b731-145878a673aa completed successfully by handler 000a828f-7964-4fa0-b9d0-e539ac0c9860
[2025-11-04 16:41:07] [STDERR] 2025-11-04 16:41:07,836 - gleitzeit.orchestrator.component_orchestrator - INFO - [dependency-0:stderr] 2025-11-04 16:41:07,836 - gleitzeit.workers.dependency_worker - INFO - Processing task completion: 8f3478d4-e661-4883-b731-145878a673aa from workflow workflow-340ee753-d140-4cc7-a982-c1a03d4f650b
[2025-11-04 16:41:07] [STDERR] 2025-11-04 16:41:07,837 - gleitzeit.orchestrator.component_orchestrator - INFO - [dependency-0:stderr] 2025-11-04 16:41:07,837 - gleitzeit.workers.dependency_worker - INFO - Workflow workflow-340ee753-d140-4cc7-a982-c1a03d4f650b completed successfully!
[2025-11-04 16:41:11] [STDERR] 2025-11-04 16:41:11,212 - gleitzeit.orchestrator.component_orchestrator - INFO - [signal-0:stderr] 2025-11-04 16:41:11,212 - gleitzeit.workers.signal_worker - INFO - Signal processing loop iteration 2960
[2025-11-04 16:41:14] [STDERR] 2025-11-04 16:41:14,162 - gleitzeit.orchestrator.component_orchestrator - INFO - [workflow_loader-1:stderr] 2025-11-04 16:41:14,162 - gleitzeit.workers.workflow_loader_worker_v2 - INFO - Loading workflow workflow-abf11ebf-ed75-47cf-959f-5a27f197ecea from inline
[2025-11-04 16:41:14] [STDERR] 2025-11-04 16:41:14,163 - gleitzeit.orchestrator.component_orchestrator - INFO - [dependency-0:stderr] 2025-11-04 16:41:14,163 - gleitzeit.workers.dependency_worker - INFO - Processing workflow submission: workflow-5569528a-e528-4a5a-bafe-91639e937445
[2025-11-04 16:41:14] [STDERR] 2025-11-04 16:41:14,164 - gleitzeit.orchestrator.component_orchestrator - INFO - [workflow_loader-1:stderr] 2025-11-04 16:41:14,164 - gleitzeit.workers.workflow_loader_worker_v2 - INFO - Raw workflow before transform: {
[2025-11-04 16:41:14] [STDERR] 2025-11-04 16:41:14,164 - gleitzeit.orchestrator.component_orchestrator - INFO - [workflow_loader-1:stderr] "name": "test-workflow",
[2025-11-04 16:41:14] [STDERR] 2025-11-04 16:41:14,165 - gleitzeit.orchestrator.component_orchestrator - INFO - [workflow_loader-1:stderr] "tasks": [
[2025-11-04 16:41:14] [STDERR] 2025-11-04 16:41:14,165 - gleitzeit.orchestrator.component_orchestrator - INFO - [workflow_loader-1:stderr] {
[2025-11-04 16:41:14] [STDERR] 2025-11-04 16:41:14,165 - gleitzeit.orchestrator.component_orchestrator - INFO - [workflow_loader-1:stderr] "name": "hello",
[2025-11-04 16:41:14] [STDERR] 2025-11-04 16:41:14,165 - gleitzeit.orchestrator.component_orchestrator - INFO - [workflow_loader-1:stderr] "protocol": "python/v1",
[2025-11-04 16:41:14] [STDERR] 2025-11-04 16:41:14,165 - gleitzeit.orchestrator.component_orchestrator - INFO - [workflow_loader-1:stderr] "method": "python/execute",
[2025-11-04 16:41:14] [STDERR] 2025-11-04 16:41:14,165 - gleitzeit.orchestrator.component_orchestrator - INFO - [workflow_loader-1:stderr] "params": {
[2025-11-04 16:41:14] [STDERR] 2025-11-04 16:41:14,165 - gleitzeit.orchestrator.component_orchestrator - INFO - [workflow_loader-1:stderr] "code": "result = {'message': 'Hello from test!'}"
[2025-11-04 16:41:14] [STDERR] 2025-11-04 16:41:14,165 - gleitzeit.orchestrator.component_orchestrator - INFO - [workflow_loader-1:stderr] }
[2025-11-04 16:41:14] [STDERR] 2025-11-04 16:41:14,166 - gleitzeit.orchestrator.component_orchestrator - INFO - [workflow_loader-1:stderr] }
[2025-11-04 16:41:14] [STDERR] 2025-11-04 16:41:14,166 - gleitzeit.orchestrator.component_orchestrator - INFO - [workflow_loader-1:stderr] ],
[2025-11-04 16:41:14] [STDERR] 2025-11-04 16:41:14,166 - gleitzeit.orchestrator.component_orchestrator - INFO - [workflow_loader-1:stderr] "workflow_id": "workflow-abf11ebf-ed75-47cf-959f-5a27f197ecea"
[2025-11-04 16:41:14] [STDERR] 2025-11-04 16:41:14,166 - gleitzeit.orchestrator.component_orchestrator - INFO - [workflow_loader-1:stderr] }
[2025-11-04 16:41:14] [STDERR] 2025-11-04 16:41:14,166 - gleitzeit.orchestrator.component_orchestrator - INFO - [workflow_loader-1:stderr] 2025-11-04 16:41:14,164 - gleitzeit.workers.workflow_loader_worker_v2 - INFO - Workflow after transform: {
[2025-11-04 16:41:14] [STDERR] 2025-11-04 16:41:14,166 - gleitzeit.orchestrator.component_orchestrator - INFO - [workflow_loader-1:stderr] "id": "workflow-abf11ebf-ed75-47cf-959f-5a27f197ecea",
[2025-11-04 16:41:14] [STDERR] 2025-11-04 16:41:14,166 - gleitzeit.orchestrator.component_orchestrator - INFO - [workflow_loader-1:stderr] "name": "test-workflow",
[2025-11-04 16:41:14] [STDERR] 2025-11-04 16:41:14,166 - gleitzeit.orchestrator.component_orchestrator - INFO - [workflow_loader-1:stderr] "description": "",
[2025-11-04 16:41:14] [STDERR] 2025-11-04 16:41:14,167 - gleitzeit.orchestrator.component_orchestrator - INFO - [workflow_loader-1:stderr] "version": "1.0.0",
[2025-11-04 16:41:14] [STDERR] 2025-11-04 16:41:14,167 - gleitzeit.orchestrator.component_orchestrator - INFO - [workflow_loader-1:stderr] "created_at": "2025-11-04T15:41:14.164522",
[2025-11-04 16:41:14] [STDERR] 2025-11-04 16:41:14,167 - gleitzeit.orchestrator.component_orchestrator - INFO - [workflow_loader-1:stderr] "tasks": [
[2025-11-04 16:41:14] [STDERR] 2025-11-04 16:41:14,167 - gleitzeit.orchestrator.component_orchestrator - INFO - [workflow_loader-1:stderr] {
[2025-11-04 16:41:14] [STDERR] 2025-11-04 16:41:14,167 - gleitzeit.orchestrator.component_orchestrator - INFO - [workflow_loader-1:stderr] "id": "45157714-762c-4462-aceb-b5ffcac940ef",
[2025-11-04 16:41:14] [STDERR] 2025-11-04 16:41:14,167 - gleitzeit.orchestrator.component_orchestrator - INFO - [workflow_loader-1:stderr] "workflow_id": "workflow-abf11ebf-ed75-47cf-959f-5a27f197ecea",
[2025-11-04 16:41:14] [STDERR] 2025-11-04 16:41:14,167 - gleitzeit.orchestrator.component_orchestrator - INFO - [workflow_loader-1:stderr] "name": "hello",
[2025-11-04 16:41:14] [STDERR] 2025-11-04 16:41:14,168 - gleitzeit.orchestrator.component_orchestrator - INFO - [workflow_loader-1:stderr] "description": "",
[2025-11-04 16:41:14] [STDERR] 2025-11-04 16:41:14,168 - gleitzeit.orchestrator.component_orchestrator - INFO - [workflow_loader-1:stderr] "protocol": "python/v1",
[2025-11-04 16:41:14] [STDERR] 2025-11-04 16:41:14,168 - gleitzeit.orchestrator.component_orchestrator - INFO - [dependency-0:stderr] 2025-11-04 16:41:14,167 - gleitzeit.workers.dependency_worker - INFO - Emitted initial task 675f3538-8923-40d7-b29c-67fe4ef22b00 to shard 9
[2025-11-04 16:41:14] [STDERR] 2025-11-04 16:41:14,168 - gleitzeit.orchestrator.component_orchestrator - INFO - [workflow_loader-1:stderr] "method": "python/execute",
[2025-11-04 16:41:14] [STDERR] 2025-11-04 16:41:14,168 - gleitzeit.orchestrator.component_orchestrator - INFO - [workflow_loader-1:stderr] "params": {
[2025-11-04 16:41:14] [STDERR] 2025-11-04 16:41:14,169 - gleitzeit.orchestrator.component_orchestrator - INFO - [workflow_loader-1:stderr] "code": "result = {'message': 'Hello from test!'}"
[2025-11-04 16:41:14] [STDERR] 2025-11-04 16:41:14,169 - gleitzeit.orchestrator.component_orchestrator - INFO - [workflow_loader-1:stderr] },
[2025-11-04 16:41:14] [STDERR] 2025-11-04 16:41:14,169 - gleitzeit.orchestrator.component_orchestrator - INFO - [workflow_loader-1:stderr] "dependencies": [],
[2025-11-04 16:41:14] [STDERR] 2025-11-04 16:41:14,169 - gleitzeit.orchestrator.component_orchestrator - INFO - [workflow_loader-1:stderr] "timeout": 300,
[2025-11-04 16:41:14] [STDERR] 2025-11-04 16:41:14,169 - gleitzeit.orchestrator.component_orchestrator - INFO - [workflow_loader-1:stderr] "retry": {
[2025-11-04 16:41:14] [STDERR] 2025-11-04 16:41:14,169 - gleitzeit.orchestrator.component_orchestrator - INFO - [workflow_loader-1:stderr] "max_retries": 2,
[2025-11-04 16:41:14] [STDERR] 2025-11-04 16:41:14,169 - gleitzeit.orchestrator.component_orchestrator - INFO - [task_execution-1:stderr] 2025-11-04 16:41:14,169 - gleitzeit.workers.task_execution_worker - INFO - Processing task 45157714-762c-4462-aceb-b5ffcac940ef from workflow workflow-abf11ebf-ed75-47cf-959f-5a27f197ecea
[2025-11-04 16:41:14] [STDERR] 2025-11-04 16:41:14,170 - gleitzeit.orchestrator.component_orchestrator - INFO - [workflow_loader-1:stderr] "strategy": "exponential_jitter",
[2025-11-04 16:41:14] [STDERR] 2025-11-04 16:41:14,170 - gleitzeit.orchestrator.component_orchestrator - INFO - [workflow_loader-1:stderr] "base_delay": 1.0,
[2025-11-04 16:41:14] [STDERR] 2025-11-04 16:41:14,170 - gleitzeit.orchestrator.component_orchestrator - INFO - [workflow_loader-1:stderr] "max_delay": 30.0,
[2025-11-04 16:41:14] [STDERR] 2025-11-04 16:41:14,170 - gleitzeit.orchestrator.component_orchestrator - INFO - [workflow_loader-1:stderr] "jitter": true,
[2025-11-04 16:41:14] [STDERR] 2025-11-04 16:41:14,170 - gleitzeit.orchestrator.component_orchestrator - INFO - [workflow_loader-1:stderr] "multiplier": 2.0
[2025-11-04 16:41:14] [STDERR] 2025-11-04 16:41:14,170 - gleitzeit.orchestrator.component_orchestrator - INFO - [workflow_loader-1:stderr] }
[2025-11-04 16:41:14] [STDERR] 2025-11-04 16:41:14,171 - gleitzeit.orchestrator.component_orchestrator - INFO - [workflow_loader-1:stderr] }
[2025-11-04 16:41:14] [STDERR] 2025-11-04 16:41:14,171 - gleitzeit.orchestrator.component_orchestrator - INFO - [workflow_loader-1:stderr] ]
[2025-11-04 16:41:14] [STDERR] 2025-11-04 16:41:14,171 - gleitzeit.orchestrator.component_orchestrator - INFO - [workflow_loader-1:stderr] }
[2025-11-04 16:41:14] [STDERR] 2025-11-04 16:41:14,171 - gleitzeit.orchestrator.component_orchestrator - INFO - [workflow_loader-1:stderr] 2025-11-04 16:41:14,168 - gleitzeit.workers.workflow_loader_worker_v2 - INFO - Workflow workflow-abf11ebf-ed75-47cf-959f-5a27f197ecea loaded and submitted to shard 3 with indexes
[2025-11-04 16:41:14] [STDERR] 2025-11-04 16:41:14,174 - gleitzeit.orchestrator.component_orchestrator - INFO - [task_execution-1:stderr] 2025-11-04 16:41:14,173 - gleitzeit.workers.task_execution_worker - INFO - Executing task 45157714-762c-4462-aceb-b5ffcac940ef with handler PythonHandler
[2025-11-04 16:41:14] [STDERR] 2025-11-04 16:41:14,177 - gleitzeit.orchestrator.component_orchestrator - INFO - [task_execution-1:stderr] 2025-11-04 16:41:14,177 - gleitzeit.workers.task_execution_worker - INFO - Task 45157714-762c-4462-aceb-b5ffcac940ef completed successfully by handler 000a828f-7964-4fa0-b9d0-e539ac0c9860
[2025-11-04 16:41:15] [STDERR] 2025-11-04 16:41:15,347 - gleitzeit.orchestrator.component_orchestrator - INFO - [dependency-0:stderr] 2025-11-04 16:41:15,347 - gleitzeit.workers.dependency_worker - INFO - Processing task completion: bd8146f5-74fe-4e71-b851-e085abc140fd from workflow workflow-4cf8a304-98e8-4f21-933c-283e8bc5981e
[2025-11-04 16:41:15] [STDERR] 2025-11-04 16:41:15,350 - gleitzeit.orchestrator.component_orchestrator - INFO - [dependency-0:stderr] 2025-11-04 16:41:15,350 - gleitzeit.workers.dependency_worker - INFO - Workflow workflow-4cf8a304-98e8-4f21-933c-283e8bc5981e completed successfully!
[2025-11-04 16:41:21] [STDERR] 2025-11-04 16:41:21,234 - gleitzeit.orchestrator.component_orchestrator - INFO - [signal-0:stderr] 2025-11-04 16:41:21,233 - gleitzeit.workers.signal_worker - INFO - Signal processing loop iteration 2980
[2025-11-04 16:41:31] [STDERR] 2025-11-04 16:41:31,254 - gleitzeit.orchestrator.component_orchestrator - INFO - [signal-0:stderr] 2025-11-04 16:41:31,254 - gleitzeit.workers.signal_worker - INFO - Signal processing loop iteration 3000
[2025-11-04 16:41:37] [STDERR] 2025-11-04 16:41:37,467 - gleitzeit.orchestrator.component_orchestrator - WARNING - Worker api-0 unhealthy, restarting
[2025-11-04 16:41:37] [STDERR] 2025-11-04 16:41:37,467 - gleitzeit.orchestrator.component_orchestrator - INFO - Restarting worker api-0
[2025-11-04 16:41:37] [STDERR] 2025-11-04 16:41:37,467 - gleitzeit.orchestrator.component_orchestrator - INFO - Stopping worker api-0
[2025-11-04 16:41:37] [STDERR] 2025-11-04 16:41:37,468 - gleitzeit.orchestrator.component_orchestrator - INFO - Starting worker api-0 with shards [0, 1, 2, 3, 4, 5, 6, 7, 8, 9, 10, 11, 12, 13, 14, 15]
[2025-11-04 16:41:37] [STDERR] 2025-11-04 16:41:37,468 - gleitzeit.orchestrator.component_orchestrator - INFO - Stored config for api-0 at key: worker:config:api-0:3b917835
[2025-11-04 16:41:37] [STDERR] 2025-11-04 16:41:37,472 - gleitzeit.orchestrator.component_orchestrator - WARNING - Worker ui-0 unhealthy, restarting
[2025-11-04 16:41:37] [STDERR] 2025-11-04 16:41:37,472 - gleitzeit.orchestrator.component_orchestrator - INFO - Restarting worker ui-0
[2025-11-04 16:41:37] [STDERR] 2025-11-04 16:41:37,472 - gleitzeit.orchestrator.component_orchestrator - INFO - Stopping worker ui-0
[2025-11-04 16:41:37] [STDERR] 2025-11-04 16:41:37,472 - gleitzeit.orchestrator.component_orchestrator - INFO - Starting worker ui-0 with shards [0, 1, 2, 3, 4, 5, 6, 7, 8, 9, 10, 11, 12, 13, 14, 15]
[2025-11-04 16:41:37] [STDERR] 2025-11-04 16:41:37,472 - gleitzeit.orchestrator.component_orchestrator - INFO - Stored config for ui-0 at key: worker:config:ui-0:fd2c11e4
[2025-11-04 16:41:37] [STDERR] 2025-11-04 16:41:37,710 - gleitzeit.orchestrator.component_orchestrator - INFO - [ui-0:stderr] 2025-11-04 16:41:37,710 - __main__ - INFO - Initialized worker instance identity: gleitzei-529d6f54
[2025-11-04 16:41:37] [STDERR] 2025-11-04 16:41:37,710 - gleitzeit.orchestrator.component_orchestrator - INFO - [api-0:stderr] 2025-11-04 16:41:37,710 - __main__ - INFO - Initialized worker instance identity: gleitzei-529d6f54
[2025-11-04 16:41:37] [STDERR] 2025-11-04 16:41:37,711 - gleitzeit.orchestrator.component_orchestrator - INFO - [ui-0:stderr] 2025-11-04 16:41:37,710 - __main__ - INFO - Loading configuration from Redis key: worker:config:ui-0:fd2c11e4
[2025-11-04 16:41:37] [STDERR] 2025-11-04 16:41:37,711 - gleitzeit.orchestrator.component_orchestrator - INFO - [api-0:stderr] 2025-11-04 16:41:37,710 - __main__ - INFO - Loading configuration from Redis key: worker:config:api-0:3b917835
[2025-11-04 16:41:37] [STDERR] 2025-11-04 16:41:37,712 - gleitzeit.orchestrator.component_orchestrator - INFO - [ui-0:stderr] 2025-11-04 16:41:37,712 - __main__ - INFO - Loaded config for worker ui-0
[2025-11-04 16:41:37] [STDERR] 2025-11-04 16:41:37,713 - gleitzeit.orchestrator.component_orchestrator - INFO - [api-0:stderr] 2025-11-04 16:41:37,712 - __main__ - INFO - Loaded config for worker api-0
[2025-11-04 16:41:37] [STDERR] 2025-11-04 16:41:37,733 - gleitzeit.orchestrator.component_orchestrator - INFO - [api-0:stderr] 2025-11-04 16:41:37,733 - __main__ - INFO - Worker api-0 handler configs: ['python/v1', 'ollama/v1', 'http/v1', 'file/v1', 'timer/v1', 'signal/v1', 'workflow/v1']
[2025-11-04 16:41:37] [STDERR] 2025-11-04 16:41:37,733 - gleitzeit.orchestrator.component_orchestrator - INFO - [ui-0:stderr] 2025-11-04 16:41:37,733 - __main__ - INFO - Worker ui-0 handler configs: ['python/v1', 'ollama/v1', 'http/v1', 'file/v1', 'timer/v1', 'signal/v1', 'workflow/v1']
[2025-11-04 16:41:37] [STDERR] 2025-11-04 16:41:37,733 - gleitzeit.orchestrator.component_orchestrator - INFO - [ui-0:stderr] 2025-11-04 16:41:37,733 - gleitzeit.core.redis_cluster - INFO - Redis single instance initialized at localhost:6379
[2025-11-04 16:41:37] [STDERR] 2025-11-04 16:41:37,733 - gleitzeit.orchestrator.component_orchestrator - INFO - [api-0:stderr] 2025-11-04 16:41:37,733 - gleitzeit.core.redis_cluster - INFO - Redis single instance initialized at localhost:6379
[2025-11-04 16:41:37] [STDERR] 2025-11-04 16:41:37,734 - gleitzeit.orchestrator.component_orchestrator - ERROR - [ui-0:stderr] 2025-11-04 16:41:37,733 - ui.ui-0 - ERROR - Cannot start UI: Port 8004 is already in use. Either stop the existing service or use --ui-port to specify a different port.
[2025-11-04 16:41:37] [STDERR] 2025-11-04 16:41:37,734 - gleitzeit.orchestrator.component_orchestrator - ERROR - [api-0:stderr] 2025-11-04 16:41:37,733 - api.api-0 - ERROR - Cannot start API: Port 8000 is already in use. Either stop the existing service or use --api-port to specify a different port.
[2025-11-04 16:41:37] [STDERR] 2025-11-04 16:41:37,734 - gleitzeit.orchestrator.component_orchestrator - ERROR - [api-0:stderr] 2025-11-04 16:41:37,733 - __main__ - ERROR - Worker failed: Cannot start API: Port 8000 is already in use. Either stop the existing service or use --api-port to specify a different port.
[2025-11-04 16:41:37] [STDERR] 2025-11-04 16:41:37,735 - gleitzeit.orchestrator.component_orchestrator - INFO - [api-0:stderr] Traceback (most recent call last):
[2025-11-04 16:41:37] [STDERR] 2025-11-04 16:41:37,735 - gleitzeit.orchestrator.component_orchestrator - INFO - [api-0:stderr] File "/Users/leifmarkthaler/github/gleitzeit 0.0.7/src/gleitzeit/workers/runner.py", line 116, in run_worker
[2025-11-04 16:41:37] [STDERR] 2025-11-04 16:41:37,735 - gleitzeit.orchestrator.component_orchestrator - ERROR - [ui-0:stderr] 2025-11-04 16:41:37,733 - __main__ - ERROR - Worker failed: Cannot start UI: Port 8004 is already in use. Either stop the existing service or use --ui-port to specify a different port.
[2025-11-04 16:41:37] [STDERR] 2025-11-04 16:41:37,735 - gleitzeit.orchestrator.component_orchestrator - INFO - [api-0:stderr] await worker.initialize()
[2025-11-04 16:41:37] [STDERR] 2025-11-04 16:41:37,735 - gleitzeit.orchestrator.component_orchestrator - INFO - [ui-0:stderr] Traceback (most recent call last):
[2025-11-04 16:41:37] [STDERR] 2025-11-04 16:41:37,735 - gleitzeit.orchestrator.component_orchestrator - INFO - [api-0:stderr] File "/Users/leifmarkthaler/github/gleitzeit 0.0.7/src/gleitzeit/workers/base.py", line 113, in initialize
[2025-11-04 16:41:37] [STDERR] 2025-11-04 16:41:37,735 - gleitzeit.orchestrator.component_orchestrator - INFO - [ui-0:stderr] File "/Users/leifmarkthaler/github/gleitzeit 0.0.7/src/gleitzeit/workers/runner.py", line 116, in run_worker
[2025-11-04 16:41:37] [STDERR] 2025-11-04 16:41:37,735 - gleitzeit.orchestrator.component_orchestrator - INFO - [api-0:stderr] await self.on_initialize()
[2025-11-04 16:41:37] [STDERR] 2025-11-04 16:41:37,735 - gleitzeit.orchestrator.component_orchestrator - INFO - [ui-0:stderr] await worker.initialize()
[2025-11-04 16:41:37] [STDERR] 2025-11-04 16:41:37,736 - gleitzeit.orchestrator.component_orchestrator - INFO - [api-0:stderr] File "/Users/leifmarkthaler/github/gleitzeit 0.0.7/src/gleitzeit/workers/api_worker.py", line 45, in on_initialize
[2025-11-04 16:41:37] [STDERR] 2025-11-04 16:41:37,736 - gleitzeit.orchestrator.component_orchestrator - INFO - [ui-0:stderr] File "/Users/leifmarkthaler/github/gleitzeit 0.0.7/src/gleitzeit/workers/base.py", line 113, in initialize
[2025-11-04 16:41:37] [STDERR] 2025-11-04 16:41:37,736 - gleitzeit.orchestrator.component_orchestrator - INFO - [api-0:stderr] raise RuntimeError(error_msg)
[2025-11-04 16:41:37] [STDERR] 2025-11-04 16:41:37,736 - gleitzeit.orchestrator.component_orchestrator - INFO - [ui-0:stderr] await self.on_initialize()
[2025-11-04 16:41:37] [STDERR] 2025-11-04 16:41:37,736 - gleitzeit.orchestrator.component_orchestrator - INFO - [api-0:stderr] RuntimeError: Cannot start API: Port 8000 is already in use. Either stop the existing service or use --api-port to specify a different port.
[2025-11-04 16:41:37] [STDERR] 2025-11-04 16:41:37,736 - gleitzeit.orchestrator.component_orchestrator - INFO - [ui-0:stderr] File "/Users/leifmarkthaler/github/gleitzeit 0.0.7/src/gleitzeit/workers/ui_worker.py", line 46, in on_initialize
[2025-11-04 16:41:37] [STDERR] 2025-11-04 16:41:37,736 - gleitzeit.orchestrator.component_orchestrator - INFO - [ui-0:stderr] raise RuntimeError(error_msg)
[2025-11-04 16:41:37] [STDERR] 2025-11-04 16:41:37,736 - gleitzeit.orchestrator.component_orchestrator - INFO - [ui-0:stderr] RuntimeError: Cannot start UI: Port 8004 is already in use. Either stop the existing service or use --ui-port to specify a different port.
[2025-11-04 16:41:41] [STDERR] 2025-11-04 16:41:41,320 - gleitzeit.orchestrator.component_orchestrator - INFO - [signal-0:stderr] 2025-11-04 16:41:41,320 - gleitzeit.workers.signal_worker - INFO - Signal processing loop iteration 3020
[2025-11-04 16:41:51] [STDERR] 2025-11-04 16:41:51,340 - gleitzeit.orchestrator.component_orchestrator - INFO - [signal-0:stderr] 2025-11-04 16:41:51,340 - gleitzeit.workers.signal_worker - INFO - Signal processing loop iteration 3040
[2025-11-04 16:42:01] [STDERR] 2025-11-04 16:42:01,360 - gleitzeit.orchestrator.component_orchestrator - INFO - [signal-0:stderr] 2025-11-04 16:42:01,359 - gleitzeit.workers.signal_worker - INFO - Signal processing loop iteration 3060
[2025-11-04 16:42:11] [STDERR] 2025-11-04 16:42:11,423 - gleitzeit.orchestrator.component_orchestrator - INFO - [signal-0:stderr] 2025-11-04 16:42:11,423 - gleitzeit.workers.signal_worker - INFO - Signal processing loop iteration 3080
[2025-11-04 16:42:17] [STDERR] 2025-11-04 16:42:17,486 - gleitzeit.orchestrator.component_orchestrator - WARNING - Worker api-0 unhealthy, restarting
[2025-11-04 16:42:17] [STDERR] 2025-11-04 16:42:17,486 - gleitzeit.orchestrator.component_orchestrator - INFO - Restarting worker api-0
[2025-11-04 16:42:17] [STDERR] 2025-11-04 16:42:17,486 - gleitzeit.orchestrator.component_orchestrator - INFO - Stopping worker api-0
[2025-11-04 16:42:17] [STDERR] 2025-11-04 16:42:17,487 - gleitzeit.orchestrator.component_orchestrator - INFO - Starting worker api-0 with shards [0, 1, 2, 3, 4, 5, 6, 7, 8, 9, 10, 11, 12, 13, 14, 15]
[2025-11-04 16:42:17] [STDERR] 2025-11-04 16:42:17,488 - gleitzeit.orchestrator.component_orchestrator - INFO - Stored config for api-0 at key: worker:config:api-0:721c62e4
[2025-11-04 16:42:17] [STDERR] 2025-11-04 16:42:17,493 - gleitzeit.orchestrator.component_orchestrator - WARNING - Worker ui-0 unhealthy, restarting
[2025-11-04 16:42:17] [STDERR] 2025-11-04 16:42:17,493 - gleitzeit.orchestrator.component_orchestrator - INFO - Restarting worker ui-0
[2025-11-04 16:42:17] [STDERR] 2025-11-04 16:42:17,493 - gleitzeit.orchestrator.component_orchestrator - INFO - Stopping worker ui-0
[2025-11-04 16:42:17] [STDERR] 2025-11-04 16:42:17,493 - gleitzeit.orchestrator.component_orchestrator - INFO - Starting worker ui-0 with shards [0, 1, 2, 3, 4, 5, 6, 7, 8, 9, 10, 11, 12, 13, 14, 15]
[2025-11-04 16:42:17] [STDERR] 2025-11-04 16:42:17,494 - gleitzeit.orchestrator.component_orchestrator - INFO - Stored config for ui-0 at key: worker:config:ui-0:121e3bd3
[2025-11-04 16:42:17] [STDERR] 2025-11-04 16:42:17,665 - gleitzeit.orchestrator.component_orchestrator - INFO - [api-0:stderr] 2025-11-04 16:42:17,665 - __main__ - INFO - Initialized worker instance identity: gleitzei-529d6f54
[2025-11-04 16:42:17] [STDERR] 2025-11-04 16:42:17,666 - gleitzeit.orchestrator.component_orchestrator - INFO - [ui-0:stderr] 2025-11-04 16:42:17,665 - __main__ - INFO - Initialized worker instance identity: gleitzei-529d6f54
[2025-11-04 16:42:17] [STDERR] 2025-11-04 16:42:17,666 - gleitzeit.orchestrator.component_orchestrator - INFO - [api-0:stderr] 2025-11-04 16:42:17,665 - __main__ - INFO - Loading configuration from Redis key: worker:config:api-0:721c62e4
[2025-11-04 16:42:17] [STDERR] 2025-11-04 16:42:17,666 - gleitzeit.orchestrator.component_orchestrator - INFO - [ui-0:stderr] 2025-11-04 16:42:17,665 - __main__ - INFO - Loading configuration from Redis key: worker:config:ui-0:121e3bd3
[2025-11-04 16:42:17] [STDERR] 2025-11-04 16:42:17,668 - gleitzeit.orchestrator.component_orchestrator - INFO - [ui-0:stderr] 2025-11-04 16:42:17,667 - __main__ - INFO - Loaded config for worker ui-0
[2025-11-04 16:42:17] [STDERR] 2025-11-04 16:42:17,668 - gleitzeit.orchestrator.component_orchestrator - INFO - [api-0:stderr] 2025-11-04 16:42:17,667 - __main__ - INFO - Loaded config for worker api-0
[2025-11-04 16:42:17] [STDERR] 2025-11-04 16:42:17,682 - gleitzeit.orchestrator.component_orchestrator - INFO - [api-0:stderr] 2025-11-04 16:42:17,681 - __main__ - INFO - Worker api-0 handler configs: ['python/v1', 'ollama/v1', 'http/v1', 'file/v1', 'timer/v1', 'signal/v1', 'workflow/v1']
[2025-11-04 16:42:17] [STDERR] 2025-11-04 16:42:17,682 - gleitzeit.orchestrator.component_orchestrator - INFO - [api-0:stderr] 2025-11-04 16:42:17,682 - gleitzeit.core.redis_cluster - INFO - Redis single instance initialized at localhost:6379
[2025-11-04 16:42:17] [STDERR] 2025-11-04 16:42:17,682 - gleitzeit.orchestrator.component_orchestrator - ERROR - [api-0:stderr] 2025-11-04 16:42:17,682 - api.api-0 - ERROR - Cannot start API: Port 8000 is already in use. Either stop the existing service or use --api-port to specify a different port.
[2025-11-04 16:42:17] [STDERR] 2025-11-04 16:42:17,683 - gleitzeit.orchestrator.component_orchestrator - ERROR - [api-0:stderr] 2025-11-04 16:42:17,682 - __main__ - ERROR - Worker failed: Cannot start API: Port 8000 is already in use. Either stop the existing service or use --api-port to specify a different port.
[2025-11-04 16:42:17] [STDERR] 2025-11-04 16:42:17,683 - gleitzeit.orchestrator.component_orchestrator - INFO - [api-0:stderr] Traceback (most recent call last):
[2025-11-04 16:42:17] [STDERR] 2025-11-04 16:42:17,683 - gleitzeit.orchestrator.component_orchestrator - INFO - [api-0:stderr] File "/Users/leifmarkthaler/github/gleitzeit 0.0.7/src/gleitzeit/workers/runner.py", line 116, in run_worker
[2025-11-04 16:42:17] [STDERR] 2025-11-04 16:42:17,683 - gleitzeit.orchestrator.component_orchestrator - INFO - [api-0:stderr] await worker.initialize()
[2025-11-04 16:42:17] [STDERR] 2025-11-04 16:42:17,683 - gleitzeit.orchestrator.component_orchestrator - INFO - [api-0:stderr] File "/Users/leifmarkthaler/github/gleitzeit 0.0.7/src/gleitzeit/workers/base.py", line 113, in initialize
[2025-11-04 16:42:17] [STDERR] 2025-11-04 16:42:17,683 - gleitzeit.orchestrator.component_orchestrator - INFO - [api-0:stderr] await self.on_initialize()
[2025-11-04 16:42:17] [STDERR] 2025-11-04 16:42:17,683 - gleitzeit.orchestrator.component_orchestrator - INFO - [api-0:stderr] File "/Users/leifmarkthaler/github/gleitzeit 0.0.7/src/gleitzeit/workers/api_worker.py", line 45, in on_initialize
[2025-11-04 16:42:17] [STDERR] 2025-11-04 16:42:17,684 - gleitzeit.orchestrator.component_orchestrator - INFO - [api-0:stderr] raise RuntimeError(error_msg)
[2025-11-04 16:42:17] [STDERR] 2025-11-04 16:42:17,684 - gleitzeit.orchestrator.component_orchestrator - INFO - [api-0:stderr] RuntimeError: Cannot start API: Port 8000 is already in use. Either stop the existing service or use --api-port to specify a different port.
[2025-11-04 16:42:17] [STDERR] 2025-11-04 16:42:17,689 - gleitzeit.orchestrator.component_orchestrator - INFO - [ui-0:stderr] 2025-11-04 16:42:17,689 - __main__ - INFO - Worker ui-0 handler configs: ['python/v1', 'ollama/v1', 'http/v1', 'file/v1', 'timer/v1', 'signal/v1', 'workflow/v1']
[2025-11-04 16:42:17] [STDERR] 2025-11-04 16:42:17,689 - gleitzeit.orchestrator.component_orchestrator - INFO - [ui-0:stderr] 2025-11-04 16:42:17,689 - gleitzeit.core.redis_cluster - INFO - Redis single instance initialized at localhost:6379
[2025-11-04 16:42:17] [STDERR] 2025-11-04 16:42:17,690 - gleitzeit.orchestrator.component_orchestrator - ERROR - [ui-0:stderr] 2025-11-04 16:42:17,689 - ui.ui-0 - ERROR - Cannot start UI: Port 8004 is already in use. Either stop the existing service or use --ui-port to specify a different port.
[2025-11-04 16:42:17] [STDERR] 2025-11-04 16:42:17,691 - gleitzeit.orchestrator.component_orchestrator - ERROR - [ui-0:stderr] 2025-11-04 16:42:17,690 - __main__ - ERROR - Worker failed: Cannot start UI: Port 8004 is already in use. Either stop the existing service or use --ui-port to specify a different port.
[2025-11-04 16:42:17] [STDERR] 2025-11-04 16:42:17,691 - gleitzeit.orchestrator.component_orchestrator - INFO - [ui-0:stderr] Traceback (most recent call last):
[2025-11-04 16:42:17] [STDERR] 2025-11-04 16:42:17,691 - gleitzeit.orchestrator.component_orchestrator - INFO - [ui-0:stderr] File "/Users/leifmarkthaler/github/gleitzeit 0.0.7/src/gleitzeit/workers/runner.py", line 116, in run_worker
[2025-11-04 16:42:17] [STDERR] 2025-11-04 16:42:17,691 - gleitzeit.orchestrator.component_orchestrator - INFO - [ui-0:stderr] await worker.initialize()
[2025-11-04 16:42:17] [STDERR] 2025-11-04 16:42:17,692 - gleitzeit.orchestrator.component_orchestrator - INFO - [ui-0:stderr] File "/Users/leifmarkthaler/github/gleitzeit 0.0.7/src/gleitzeit/workers/base.py", line 113, in initialize
[2025-11-04 16:42:17] [STDERR] 2025-11-04 16:42:17,692 - gleitzeit.orchestrator.component_orchestrator - INFO - [ui-0:stderr] await self.on_initialize()
[2025-11-04 16:42:17] [STDERR] 2025-11-04 16:42:17,692 - gleitzeit.orchestrator.component_orchestrator - INFO - [ui-0:stderr] File "/Users/leifmarkthaler/github/gleitzeit 0.0.7/src/gleitzeit/workers/ui_worker.py", line 46, in on_initialize
[2025-11-04 16:42:17] [STDERR] 2025-11-04 16:42:17,692 - gleitzeit.orchestrator.component_orchestrator - INFO - [ui-0:stderr] raise RuntimeError(error_msg)
[2025-11-04 16:42:17] [STDERR] 2025-11-04 16:42:17,692 - gleitzeit.orchestrator.component_orchestrator - INFO - [ui-0:stderr] RuntimeError: Cannot start UI: Port 8004 is already in use. Either stop the existing service or use --ui-port to specify a different port.
[2025-11-04 16:42:21] [STDERR] 2025-11-04 16:42:21,443 - gleitzeit.orchestrator.component_orchestrator - INFO - [signal-0:stderr] 2025-11-04 16:42:21,442 - gleitzeit.workers.signal_worker - INFO - Signal processing loop iteration 3100
[2025-11-04 16:42:31] [STDERR] 2025-11-04 16:42:31,464 - gleitzeit.orchestrator.component_orchestrator - INFO - [signal-0:stderr] 2025-11-04 16:42:31,464 - gleitzeit.workers.signal_worker - INFO - Signal processing loop iteration 3120
[2025-11-04 16:42:41] [STDERR] 2025-11-04 16:42:41,523 - gleitzeit.orchestrator.component_orchestrator - INFO - [signal-0:stderr] 2025-11-04 16:42:41,523 - gleitzeit.workers.signal_worker - INFO - Signal processing loop iteration 3140
[2025-11-04 16:42:51] [STDERR] 2025-11-04 16:42:51,544 - gleitzeit.orchestrator.component_orchestrator - INFO - [signal-0:stderr] 2025-11-04 16:42:51,543 - gleitzeit.workers.signal_worker - INFO - Signal processing loop iteration 3160
[2025-11-04 16:42:51] [STDERR] 2025-11-04 16:42:51,771 - gleitzeit.orchestrator.component_orchestrator - INFO - [workflow_loader-1:stderr] 2025-11-04 16:42:51,771 - gleitzeit.workers.workflow_loader_worker_v2 - INFO - Loading workflow workflow-7ec1b721-f8bf-4756-a7f7-902faaa6f137 from inline
[2025-11-04 16:42:51] [STDERR] 2025-11-04 16:42:51,773 - gleitzeit.orchestrator.component_orchestrator - INFO - [workflow_loader-1:stderr] 2025-11-04 16:42:51,773 - gleitzeit.workers.workflow_loader_worker_v2 - INFO - Raw workflow before transform: {
[2025-11-04 16:42:51] [STDERR] 2025-11-04 16:42:51,774 - gleitzeit.orchestrator.component_orchestrator - INFO - [workflow_loader-1:stderr] "name": "multi-task-workflow",
[2025-11-04 16:42:51] [STDERR] 2025-11-04 16:42:51,774 - gleitzeit.orchestrator.component_orchestrator - INFO - [workflow_loader-1:stderr] "tasks": [
[2025-11-04 16:42:51] [STDERR] 2025-11-04 16:42:51,774 - gleitzeit.orchestrator.component_orchestrator - INFO - [workflow_loader-1:stderr] {
[2025-11-04 16:42:51] [STDERR] 2025-11-04 16:42:51,774 - gleitzeit.orchestrator.component_orchestrator - INFO - [workflow_loader-1:stderr] "name": "task1",
[2025-11-04 16:42:51] [STDERR] 2025-11-04 16:42:51,774 - gleitzeit.orchestrator.component_orchestrator - INFO - [workflow_loader-1:stderr] "protocol": "python/v1",
[2025-11-04 16:42:51] [STDERR] 2025-11-04 16:42:51,774 - gleitzeit.orchestrator.component_orchestrator - INFO - [workflow_loader-1:stderr] "method": "python/execute",
[2025-11-04 16:42:51] [STDERR] 2025-11-04 16:42:51,774 - gleitzeit.orchestrator.component_orchestrator - INFO - [workflow_loader-1:stderr] "params": {
[2025-11-04 16:42:51] [STDERR] 2025-11-04 16:42:51,774 - gleitzeit.orchestrator.component_orchestrator - INFO - [workflow_loader-1:stderr] "code": "result = {'step': 1, 'value': 10}"
[2025-11-04 16:42:51] [STDERR] 2025-11-04 16:42:51,774 - gleitzeit.orchestrator.component_orchestrator - INFO - [workflow_loader-1:stderr] }
[2025-11-04 16:42:51] [STDERR] 2025-11-04 16:42:51,774 - gleitzeit.orchestrator.component_orchestrator - INFO - [workflow_loader-1:stderr] },
[2025-11-04 16:42:51] [STDERR] 2025-11-04 16:42:51,775 - gleitzeit.orchestrator.component_orchestrator - INFO - [workflow_loader-1:stderr] {
[2025-11-04 16:42:51] [STDERR] 2025-11-04 16:42:51,775 - gleitzeit.orchestrator.component_orchestrator - INFO - [workflow_loader-1:stderr] "name": "task2",
[2025-11-04 16:42:51] [STDERR] 2025-11-04 16:42:51,775 - gleitzeit.orchestrator.component_orchestrator - INFO - [workflow_loader-1:stderr] "protocol": "python/v1",
[2025-11-04 16:42:51] [STDERR] 2025-11-04 16:42:51,775 - gleitzeit.orchestrator.component_orchestrator - INFO - [workflow_loader-1:stderr] "method": "python/execute",
[2025-11-04 16:42:51] [STDERR] 2025-11-04 16:42:51,775 - gleitzeit.orchestrator.component_orchestrator - INFO - [workflow_loader-1:stderr] "params": {
[2025-11-04 16:42:51] [STDERR] 2025-11-04 16:42:51,775 - gleitzeit.orchestrator.component_orchestrator - INFO - [workflow_loader-1:stderr] "code": "\nfor key, value in inputs.items():\n    if isinstance(value, dict) and 'step' in value:\n        result = {'step': 2, 'value': value['value'] * 2}\n        break\n"
[2025-11-04 16:42:51] [STDERR] 2025-11-04 16:42:51,775 - gleitzeit.orchestrator.component_orchestrator - INFO - [workflow_loader-1:stderr] },
[2025-11-04 16:42:51] [STDERR] 2025-11-04 16:42:51,775 - gleitzeit.orchestrator.component_orchestrator - INFO - [workflow_loader-1:stderr] "dependencies": [
[2025-11-04 16:42:51] [STDERR] 2025-11-04 16:42:51,775 - gleitzeit.orchestrator.component_orchestrator - INFO - [workflow_loader-1:stderr] "task1"
[2025-11-04 16:42:51] [STDERR] 2025-11-04 16:42:51,775 - gleitzeit.orchestrator.component_orchestrator - INFO - [workflow_loader-1:stderr] ]
[2025-11-04 16:42:51] [STDERR] 2025-11-04 16:42:51,776 - gleitzeit.orchestrator.component_orchestrator - INFO - [workflow_loader-1:stderr] },
[2025-11-04 16:42:51] [STDERR] 2025-11-04 16:42:51,776 - gleitzeit.orchestrator.component_orchestrator - INFO - [workflow_loader-1:stderr] {
[2025-11-04 16:42:51] [STDERR] 2025-11-04 16:42:51,776 - gleitzeit.orchestrator.component_orchestrator - INFO - [workflow_loader-1:stderr] "name": "task3",
[2025-11-04 16:42:51] [STDERR] 2025-11-04 16:42:51,776 - gleitzeit.orchestrator.component_orchestrator - INFO - [workflow_loader-1:stderr] "protocol": "python/v1",
[2025-11-04 16:42:51] [STDERR] 2025-11-04 16:42:51,776 - gleitzeit.orchestrator.component_orchestrator - INFO - [workflow_loader-1:stderr] "method": "python/execute",
[2025-11-04 16:42:51] [STDERR] 2025-11-04 16:42:51,776 - gleitzeit.orchestrator.component_orchestrator - INFO - [workflow_loader-1:stderr] "params": {
[2025-11-04 16:42:51] [STDERR] 2025-11-04 16:42:51,776 - gleitzeit.orchestrator.component_orchestrator - INFO - [workflow_loader-1:stderr] "code": "\nfor key, value in inputs.items():\n    if isinstance(value, dict) and 'step' in value and value['step'] == 2:\n        result = {'step': 3, 'value': value['value'] + 5}\n        break\n"
[2025-11-04 16:42:51] [STDERR] 2025-11-04 16:42:51,777 - gleitzeit.orchestrator.component_orchestrator - INFO - [workflow_loader-1:stderr] },
[2025-11-04 16:42:51] [STDERR] 2025-11-04 16:42:51,777 - gleitzeit.orchestrator.component_orchestrator - INFO - [workflow_loader-1:stderr] "dependencies": [
[2025-11-04 16:42:51] [STDERR] 2025-11-04 16:42:51,777 - gleitzeit.orchestrator.component_orchestrator - INFO - [workflow_loader-1:stderr] "task2"
[2025-11-04 16:42:51] [STDERR] 2025-11-04 16:42:51,777 - gleitzeit.orchestrator.component_orchestrator - INFO - [workflow_loader-1:stderr] ]
[2025-11-04 16:42:51] [STDERR] 2025-11-04 16:42:51,777 - gleitzeit.orchestrator.component_orchestrator - INFO - [workflow_loader-1:stderr] }
[2025-11-04 16:42:51] [STDERR] 2025-11-04 16:42:51,777 - gleitzeit.orchestrator.component_orchestrator - INFO - [workflow_loader-1:stderr] ],
[2025-11-04 16:42:51] [STDERR] 2025-11-04 16:42:51,777 - gleitzeit.orchestrator.component_orchestrator - INFO - [workflow_loader-1:stderr] "workflow_id": "workflow-7ec1b721-f8bf-4756-a7f7-902faaa6f137"
[2025-11-04 16:42:51] [STDERR] 2025-11-04 16:42:51,778 - gleitzeit.orchestrator.component_orchestrator - INFO - [workflow_loader-1:stderr] }
[2025-11-04 16:42:51] [STDERR] 2025-11-04 16:42:51,778 - gleitzeit.orchestrator.component_orchestrator - INFO - [workflow_loader-1:stderr] 2025-11-04 16:42:51,773 - gleitzeit.workers.workflow_loader_worker_v2 - INFO - Workflow after transform: {
[2025-11-04 16:42:51] [STDERR] 2025-11-04 16:42:51,778 - gleitzeit.orchestrator.component_orchestrator - INFO - [workflow_loader-1:stderr] "id": "workflow-7ec1b721-f8bf-4756-a7f7-902faaa6f137",
[2025-11-04 16:42:51] [STDERR] 2025-11-04 16:42:51,778 - gleitzeit.orchestrator.component_orchestrator - INFO - [workflow_loader-1:stderr] "name": "multi-task-workflow",
[2025-11-04 16:42:51] [STDERR] 2025-11-04 16:42:51,778 - gleitzeit.orchestrator.component_orchestrator - INFO - [workflow_loader-1:stderr] "description": "",
[2025-11-04 16:42:51] [STDERR] 2025-11-04 16:42:51,778 - gleitzeit.orchestrator.component_orchestrator - INFO - [workflow_loader-1:stderr] "version": "1.0.0",
[2025-11-04 16:42:51] [STDERR] 2025-11-04 16:42:51,778 - gleitzeit.orchestrator.component_orchestrator - INFO - [workflow_loader-1:stderr] "created_at": "2025-11-04T15:42:51.773748",
[2025-11-04 16:42:51] [STDERR] 2025-11-04 16:42:51,778 - gleitzeit.orchestrator.component_orchestrator - INFO - [workflow_loader-1:stderr] "tasks": [
[2025-11-04 16:42:51] [STDERR] 2025-11-04 16:42:51,779 - gleitzeit.orchestrator.component_orchestrator - INFO - [workflow_loader-1:stderr] {
[2025-11-04 16:42:51] [STDERR] 2025-11-04 16:42:51,779 - gleitzeit.orchestrator.component_orchestrator - INFO - [workflow_loader-1:stderr] "id": "f4b93fbd-9632-43d4-9230-b8e64e759134",
[2025-11-04 16:42:51] [STDERR] 2025-11-04 16:42:51,779 - gleitzeit.orchestrator.component_orchestrator - INFO - [workflow_loader-1:stderr] "workflow_id": "workflow-7ec1b721-f8bf-4756-a7f7-902faaa6f137",
[2025-11-04 16:42:51] [STDERR] 2025-11-04 16:42:51,779 - gleitzeit.orchestrator.component_orchestrator - INFO - [workflow_loader-1:stderr] "name": "task1",
[2025-11-04 16:42:51] [STDERR] 2025-11-04 16:42:51,779 - gleitzeit.orchestrator.component_orchestrator - INFO - [workflow_loader-1:stderr] "description": "",
[2025-11-04 16:42:51] [STDERR] 2025-11-04 16:42:51,779 - gleitzeit.orchestrator.component_orchestrator - INFO - [workflow_loader-1:stderr] "protocol": "python/v1",
[2025-11-04 16:42:51] [STDERR] 2025-11-04 16:42:51,780 - gleitzeit.orchestrator.component_orchestrator - INFO - [workflow_loader-1:stderr] "method": "python/execute",
[2025-11-04 16:42:51] [STDERR] 2025-11-04 16:42:51,780 - gleitzeit.orchestrator.component_orchestrator - INFO - [workflow_loader-1:stderr] "params": {
[2025-11-04 16:42:51] [STDERR] 2025-11-04 16:42:51,780 - gleitzeit.orchestrator.component_orchestrator - INFO - [workflow_loader-1:stderr] "code": "result = {'step': 1, 'value': 10}"
[2025-11-04 16:42:51] [STDERR] 2025-11-04 16:42:51,780 - gleitzeit.orchestrator.component_orchestrator - INFO - [workflow_loader-1:stderr] },
[2025-11-04 16:42:51] [STDERR] 2025-11-04 16:42:51,780 - gleitzeit.orchestrator.component_orchestrator - INFO - [workflow_loader-1:stderr] "dependencies": [],
[2025-11-04 16:42:51] [STDERR] 2025-11-04 16:42:51,780 - gleitzeit.orchestrator.component_orchestrator - INFO - [workflow_loader-1:stderr] "timeout": 300,
[2025-11-04 16:42:51] [STDERR] 2025-11-04 16:42:51,780 - gleitzeit.orchestrator.component_orchestrator - INFO - [workflow_loader-1:stderr] "retry": {
[2025-11-04 16:42:51] [STDERR] 2025-11-04 16:42:51,780 - gleitzeit.orchestrator.component_orchestrator - INFO - [workflow_loader-1:stderr] "max_retries": 2,
[2025-11-04 16:42:51] [STDERR] 2025-11-04 16:42:51,781 - gleitzeit.orchestrator.component_orchestrator - INFO - [workflow_loader-1:stderr] "strategy": "exponential_jitter",
[2025-11-04 16:42:51] [STDERR] 2025-11-04 16:42:51,781 - gleitzeit.orchestrator.component_orchestrator - INFO - [workflow_loader-1:stderr] "base_delay": 1.0,
[2025-11-04 16:42:51] [STDERR] 2025-11-04 16:42:51,781 - gleitzeit.orchestrator.component_orchestrator - INFO - [workflow_loader-1:stderr] "max_delay": 30.0,
[2025-11-04 16:42:51] [STDERR] 2025-11-04 16:42:51,781 - gleitzeit.orchestrator.component_orchestrator - INFO - [task_execution-1:stderr] 2025-11-04 16:42:51,781 - gleitzeit.workers.task_execution_worker - INFO - Processing task f4b93fbd-9632-43d4-9230-b8e64e759134 from workflow workflow-7ec1b721-f8bf-4756-a7f7-902faaa6f137
[2025-11-04 16:42:51] [STDERR] 2025-11-04 16:42:51,781 - gleitzeit.orchestrator.component_orchestrator - INFO - [workflow_loader-1:stderr] "jitter": true,
[2025-11-04 16:42:51] [STDERR] 2025-11-04 16:42:51,781 - gleitzeit.orchestrator.component_orchestrator - INFO - [workflow_loader-1:stderr] "multiplier": 2.0
[2025-11-04 16:42:51] [STDERR] 2025-11-04 16:42:51,781 - gleitzeit.orchestrator.component_orchestrator - INFO - [workflow_loader-1:stderr] }
[2025-11-04 16:42:51] [STDERR] 2025-11-04 16:42:51,781 - gleitzeit.orchestrator.component_orchestrator - INFO - [workflow_loader-1:stderr] },
[2025-11-04 16:42:51] [STDERR] 2025-11-04 16:42:51,782 - gleitzeit.orchestrator.component_orchestrator - INFO - [workflow_loader-1:stderr] {
[2025-11-04 16:42:51] [STDERR] 2025-11-04 16:42:51,782 - gleitzeit.orchestrator.component_orchestrator - INFO - [workflow_loader-1:stderr] "id": "e2d31a9c-7569-4553-bd63-79c92c063757",
[2025-11-04 16:42:51] [STDERR] 2025-11-04 16:42:51,782 - gleitzeit.orchestrator.component_orchestrator - INFO - [workflow_loader-1:stderr] "workflow_id": "workflow-7ec1b721-f8bf-4756-a7f7-902faaa6f137",
[2025-11-04 16:42:51] [STDERR] 2025-11-04 16:42:51,782 - gleitzeit.orchestrator.component_orchestrator - INFO - [workflow_loader-1:stderr] "name": "task2",
[2025-11-04 16:42:51] [STDERR] 2025-11-04 16:42:51,782 - gleitzeit.orchestrator.component_orchestrator - INFO - [workflow_loader-1:stderr] "description": "",
[2025-11-04 16:42:51] [STDERR] 2025-11-04 16:42:51,782 - gleitzeit.orchestrator.component_orchestrator - INFO - [workflow_loader-1:stderr] "protocol": "python/v1",
[2025-11-04 16:42:51] [STDERR] 2025-11-04 16:42:51,782 - gleitzeit.orchestrator.component_orchestrator - INFO - [workflow_loader-1:stderr] "method": "python/execute",
[2025-11-04 16:42:51] [STDERR] 2025-11-04 16:42:51,782 - gleitzeit.orchestrator.component_orchestrator - INFO - [workflow_loader-1:stderr] "params": {
[2025-11-04 16:42:51] [STDERR] 2025-11-04 16:42:51,783 - gleitzeit.orchestrator.component_orchestrator - INFO - [workflow_loader-1:stderr] "code": "\nfor key, value in inputs.items():\n    if isinstance(value, dict) and 'step' in value:\n        result = {'step': 2, 'value': value['value'] * 2}\n        break\n"
[2025-11-04 16:42:51] [STDERR] 2025-11-04 16:42:51,783 - gleitzeit.orchestrator.component_orchestrator - INFO - [workflow_loader-1:stderr] },
[2025-11-04 16:42:51] [STDERR] 2025-11-04 16:42:51,783 - gleitzeit.orchestrator.component_orchestrator - INFO - [workflow_loader-1:stderr] "dependencies": [
[2025-11-04 16:42:51] [STDERR] 2025-11-04 16:42:51,783 - gleitzeit.orchestrator.component_orchestrator - INFO - [workflow_loader-1:stderr] "f4b93fbd-9632-43d4-9230-b8e64e759134"
[2025-11-04 16:42:51] [STDERR] 2025-11-04 16:42:51,783 - gleitzeit.orchestrator.component_orchestrator - INFO - [workflow_loader-1:stderr] ],
[2025-11-04 16:42:51] [STDERR] 2025-11-04 16:42:51,783 - gleitzeit.orchestrator.component_orchestrator - INFO - [workflow_loader-1:stderr] "timeout": 300,
[2025-11-04 16:42:51] [STDERR] 2025-11-04 16:42:51,783 - gleitzeit.orchestrator.component_orchestrator - INFO - [workflow_loader-1:stderr] "retry": {
[2025-11-04 16:42:51] [STDERR] 2025-11-04 16:42:51,783 - gleitzeit.orchestrator.component_orchestrator - INFO - [workflow_loader-1:stderr] "max_retries": 2,
[2025-11-04 16:42:51] [STDERR] 2025-11-04 16:42:51,783 - gleitzeit.orchestrator.component_orchestrator - INFO - [workflow_loader-1:stderr] "strategy": "exponential_jitter",
[2025-11-04 16:42:51] [STDERR] 2025-11-04 16:42:51,784 - gleitzeit.orchestrator.component_orchestrator - INFO - [workflow_loader-1:stderr] "base_delay": 1.0,
[2025-11-04 16:42:51] [STDERR] 2025-11-04 16:42:51,784 - gleitzeit.orchestrator.component_orchestrator - INFO - [workflow_loader-1:stderr] "max_delay": 30.0,
[2025-11-04 16:42:51] [STDERR] 2025-11-04 16:42:51,784 - gleitzeit.orchestrator.component_orchestrator - INFO - [workflow_loader-1:stderr] "jitter": true,
[2025-11-04 16:42:51] [STDERR] 2025-11-04 16:42:51,784 - gleitzeit.orchestrator.component_orchestrator - INFO - [workflow_loader-1:stderr] "multiplier": 2.0
[2025-11-04 16:42:51] [STDERR] 2025-11-04 16:42:51,784 - gleitzeit.orchestrator.component_orchestrator - INFO - [workflow_loader-1:stderr] }
[2025-11-04 16:42:51] [STDERR] 2025-11-04 16:42:51,784 - gleitzeit.orchestrator.component_orchestrator - INFO - [workflow_loader-1:stderr] },
[2025-11-04 16:42:51] [STDERR] 2025-11-04 16:42:51,784 - gleitzeit.orchestrator.component_orchestrator - INFO - [workflow_loader-1:stderr] {
[2025-11-04 16:42:51] [STDERR] 2025-11-04 16:42:51,784 - gleitzeit.orchestrator.component_orchestrator - INFO - [workflow_loader-1:stderr] "id": "7596f8d8-1206-4441-a684-a6ca15450914",
[2025-11-04 16:42:51] [STDERR] 2025-11-04 16:42:51,784 - gleitzeit.orchestrator.component_orchestrator - INFO - [workflow_loader-1:stderr] "workflow_id": "workflow-7ec1b721-f8bf-4756-a7f7-902faaa6f137",
[2025-11-04 16:42:51] [STDERR] 2025-11-04 16:42:51,784 - gleitzeit.orchestrator.component_orchestrator - INFO - [workflow_loader-1:stderr] "name": "task3",
[2025-11-04 16:42:51] [STDERR] 2025-11-04 16:42:51,784 - gleitzeit.orchestrator.component_orchestrator - INFO - [task_execution-1:stderr] 2025-11-04 16:42:51,784 - gleitzeit.workers.task_execution_worker - INFO - Executing task f4b93fbd-9632-43d4-9230-b8e64e759134 with handler PythonHandler
[2025-11-04 16:42:51] [STDERR] 2025-11-04 16:42:51,784 - gleitzeit.orchestrator.component_orchestrator - INFO - [workflow_loader-1:stderr] "description": "",
[2025-11-04 16:42:51] [STDERR] 2025-11-04 16:42:51,785 - gleitzeit.orchestrator.component_orchestrator - INFO - [workflow_loader-1:stderr] "protocol": "python/v1",
[2025-11-04 16:42:51] [STDERR] 2025-11-04 16:42:51,785 - gleitzeit.orchestrator.component_orchestrator - INFO - [workflow_loader-1:stderr] "method": "python/execute",
[2025-11-04 16:42:51] [STDERR] 2025-11-04 16:42:51,785 - gleitzeit.orchestrator.component_orchestrator - INFO - [workflow_loader-1:stderr] "params": {
[2025-11-04 16:42:51] [STDERR] 2025-11-04 16:42:51,785 - gleitzeit.orchestrator.component_orchestrator - INFO - [workflow_loader-1:stderr] "code": "\nfor key, value in inputs.items():\n    if isinstance(value, dict) and 'step' in value and value['step'] == 2:\n        result = {'step': 3, 'value': value['value'] + 5}\n        break\n"
[2025-11-04 16:42:51] [STDERR] 2025-11-04 16:42:51,785 - gleitzeit.orchestrator.component_orchestrator - INFO - [workflow_loader-1:stderr] },
[2025-11-04 16:42:51] [STDERR] 2025-11-04 16:42:51,785 - gleitzeit.orchestrator.component_orchestrator - INFO - [workflow_loader-1:stderr] "dependencies": [
[2025-11-04 16:42:51] [STDERR] 2025-11-04 16:42:51,785 - gleitzeit.orchestrator.component_orchestrator - INFO - [workflow_loader-1:stderr] "e2d31a9c-7569-4553-bd63-79c92c063757"
[2025-11-04 16:42:51] [STDERR] 2025-11-04 16:42:51,785 - gleitzeit.orchestrator.component_orchestrator - INFO - [workflow_loader-1:stderr] ],
[2025-11-04 16:42:51] [STDERR] 2025-11-04 16:42:51,785 - gleitzeit.orchestrator.component_orchestrator - INFO - [workflow_loader-1:stderr] "timeout": 300,
[2025-11-04 16:42:51] [STDERR] 2025-11-04 16:42:51,785 - gleitzeit.orchestrator.component_orchestrator - INFO - [workflow_loader-1:stderr] "retry": {
[2025-11-04 16:42:51] [STDERR] 2025-11-04 16:42:51,785 - gleitzeit.orchestrator.component_orchestrator - INFO - [workflow_loader-1:stderr] "max_retries": 2,
[2025-11-04 16:42:51] [STDERR] 2025-11-04 16:42:51,786 - gleitzeit.orchestrator.component_orchestrator - INFO - [workflow_loader-1:stderr] "strategy": "exponential_jitter",
[2025-11-04 16:42:51] [STDERR] 2025-11-04 16:42:51,786 - gleitzeit.orchestrator.component_orchestrator - INFO - [workflow_loader-1:stderr] "base_delay": 1.0,
[2025-11-04 16:42:51] [STDERR] 2025-11-04 16:42:51,786 - gleitzeit.orchestrator.component_orchestrator - INFO - [workflow_loader-1:stderr] "max_delay": 30.0,
[2025-11-04 16:42:51] [STDERR] 2025-11-04 16:42:51,786 - gleitzeit.orchestrator.component_orchestrator - INFO - [workflow_loader-1:stderr] "jitter": true,
[2025-11-04 16:42:51] [STDERR] 2025-11-04 16:42:51,786 - gleitzeit.orchestrator.component_orchestrator - INFO - [workflow_loader-1:stderr] "multiplier": 2.0
[2025-11-04 16:42:51] [STDERR] 2025-11-04 16:42:51,786 - gleitzeit.orchestrator.component_orchestrator - INFO - [workflow_loader-1:stderr] }
[2025-11-04 16:42:51] [STDERR] 2025-11-04 16:42:51,786 - gleitzeit.orchestrator.component_orchestrator - INFO - [workflow_loader-1:stderr] }
[2025-11-04 16:42:51] [STDERR] 2025-11-04 16:42:51,786 - gleitzeit.orchestrator.component_orchestrator - INFO - [workflow_loader-1:stderr] ]
[2025-11-04 16:42:51] [STDERR] 2025-11-04 16:42:51,786 - gleitzeit.orchestrator.component_orchestrator - INFO - [workflow_loader-1:stderr] }
[2025-11-04 16:42:51] [STDERR] 2025-11-04 16:42:51,786 - gleitzeit.orchestrator.component_orchestrator - INFO - [workflow_loader-1:stderr] 2025-11-04 16:42:51,779 - gleitzeit.workers.workflow_loader_worker_v2 - INFO - Workflow workflow-7ec1b721-f8bf-4756-a7f7-902faaa6f137 loaded and submitted to shard 3 with indexes
[2025-11-04 16:42:51] [STDERR] 2025-11-04 16:42:51,789 - gleitzeit.orchestrator.component_orchestrator - INFO - [task_execution-1:stderr] 2025-11-04 16:42:51,789 - gleitzeit.workers.task_execution_worker - INFO - Task f4b93fbd-9632-43d4-9230-b8e64e759134 completed successfully by handler 000a828f-7964-4fa0-b9d0-e539ac0c9860
[2025-11-04 16:42:51] [STDERR] 2025-11-04 16:42:51,789 - gleitzeit.orchestrator.component_orchestrator - INFO - [dependency-0:stderr] 2025-11-04 16:42:51,789 - gleitzeit.workers.dependency_worker - INFO - Processing task completion: f4b93fbd-9632-43d4-9230-b8e64e759134 from workflow workflow-7ec1b721-f8bf-4756-a7f7-902faaa6f137
[2025-11-04 16:42:51] [STDERR] 2025-11-04 16:42:51,795 - gleitzeit.orchestrator.component_orchestrator - INFO - [dependency-0:stderr] 2025-11-04 16:42:51,795 - gleitzeit.workers.dependency_worker - INFO - Emitted ready task e2d31a9c-7569-4553-bd63-79c92c063757 to shard 3
[2025-11-04 16:42:51] [STDERR] 2025-11-04 16:42:51,796 - gleitzeit.orchestrator.component_orchestrator - WARNING - [dependency-0:stderr] 2025-11-04 16:42:51,796 - gleitzeit.workers.dependency_worker - WARNING - Workflow workflow-7ec1b721-f8bf-4756-a7f7-902faaa6f137 not found
[2025-11-04 16:42:51] [STDERR] 2025-11-04 16:42:51,796 - gleitzeit.orchestrator.component_orchestrator - INFO - [dependency-0:stderr] 2025-11-04 16:42:51,796 - gleitzeit.workers.dependency_worker - INFO - Transitioning workflow workflow-7ec1b721-f8bf-4756-a7f7-902faaa6f137 from running to pending (task counts: {'completed': 0, 'failed': 0, 'scheduled': 0, 'waiting': 0, 'pending': 0, 'cancelled': 0, 'paused': 0})
[2025-11-04 16:42:51] [STDERR] 2025-11-04 16:42:51,808 - gleitzeit.orchestrator.component_orchestrator - INFO - [task_execution-1:stderr] 2025-11-04 16:42:51,807 - gleitzeit.workers.task_execution_worker - INFO - Processing task 7596f8d8-1206-4441-a684-a6ca15450914 from workflow workflow-7ec1b721-f8bf-4756-a7f7-902faaa6f137
[2025-11-04 16:42:51] [STDERR] 2025-11-04 16:42:51,810 - gleitzeit.orchestrator.component_orchestrator - INFO - [task_execution-1:stderr] 2025-11-04 16:42:51,810 - gleitzeit.workers.task_execution_worker - INFO - Executing task 7596f8d8-1206-4441-a684-a6ca15450914 with handler PythonHandler
[2025-11-04 16:42:51] [STDERR] 2025-11-04 16:42:51,814 - gleitzeit.orchestrator.component_orchestrator - INFO - [task_execution-1:stderr] 2025-11-04 16:42:51,814 - gleitzeit.workers.task_execution_worker - INFO - Task 7596f8d8-1206-4441-a684-a6ca15450914 completed successfully by handler 000a828f-7964-4fa0-b9d0-e539ac0c9860
[2025-11-04 16:42:57] [STDERR] 2025-11-04 16:42:57,524 - gleitzeit.orchestrator.component_orchestrator - WARNING - Worker api-0 unhealthy, restarting
[2025-11-04 16:42:57] [STDERR] 2025-11-04 16:42:57,524 - gleitzeit.orchestrator.component_orchestrator - INFO - Restarting worker api-0
[2025-11-04 16:42:57] [STDERR] 2025-11-04 16:42:57,524 - gleitzeit.orchestrator.component_orchestrator - INFO - Stopping worker api-0
[2025-11-04 16:42:57] [STDERR] 2025-11-04 16:42:57,524 - gleitzeit.orchestrator.component_orchestrator - INFO - Starting worker api-0 with shards [0, 1, 2, 3, 4, 5, 6, 7, 8, 9, 10, 11, 12, 13, 14, 15]
[2025-11-04 16:42:57] [STDERR] 2025-11-04 16:42:57,525 - gleitzeit.orchestrator.component_orchestrator - INFO - Stored config for api-0 at key: worker:config:api-0:8f67d059
[2025-11-04 16:42:57] [STDERR] 2025-11-04 16:42:57,529 - gleitzeit.orchestrator.component_orchestrator - WARNING - Worker ui-0 unhealthy, restarting
[2025-11-04 16:42:57] [STDERR] 2025-11-04 16:42:57,529 - gleitzeit.orchestrator.component_orchestrator - INFO - Restarting worker ui-0
[2025-11-04 16:42:57] [STDERR] 2025-11-04 16:42:57,529 - gleitzeit.orchestrator.component_orchestrator - INFO - Stopping worker ui-0
[2025-11-04 16:42:57] [STDERR] 2025-11-04 16:42:57,529 - gleitzeit.orchestrator.component_orchestrator - INFO - Starting worker ui-0 with shards [0, 1, 2, 3, 4, 5, 6, 7, 8, 9, 10, 11, 12, 13, 14, 15]
[2025-11-04 16:42:57] [STDERR] 2025-11-04 16:42:57,529 - gleitzeit.orchestrator.component_orchestrator - INFO - Stored config for ui-0 at key: worker:config:ui-0:bddca295
[2025-11-04 16:42:57] [STDERR] 2025-11-04 16:42:57,792 - gleitzeit.orchestrator.component_orchestrator - INFO - [api-0:stderr] 2025-11-04 16:42:57,791 - __main__ - INFO - Initialized worker instance identity: gleitzei-529d6f54
[2025-11-04 16:42:57] [STDERR] 2025-11-04 16:42:57,792 - gleitzeit.orchestrator.component_orchestrator - INFO - [ui-0:stderr] 2025-11-04 16:42:57,792 - __main__ - INFO - Initialized worker instance identity: gleitzei-529d6f54
[2025-11-04 16:42:57] [STDERR] 2025-11-04 16:42:57,792 - gleitzeit.orchestrator.component_orchestrator - INFO - [api-0:stderr] 2025-11-04 16:42:57,792 - __main__ - INFO - Loading configuration from Redis key: worker:config:api-0:8f67d059
[2025-11-04 16:42:57] [STDERR] 2025-11-04 16:42:57,792 - gleitzeit.orchestrator.component_orchestrator - INFO - [ui-0:stderr] 2025-11-04 16:42:57,792 - __main__ - INFO - Loading configuration from Redis key: worker:config:ui-0:bddca295
[2025-11-04 16:42:57] [STDERR] 2025-11-04 16:42:57,794 - gleitzeit.orchestrator.component_orchestrator - INFO - [api-0:stderr] 2025-11-04 16:42:57,794 - __main__ - INFO - Loaded config for worker api-0
[2025-11-04 16:42:57] [STDERR] 2025-11-04 16:42:57,794 - gleitzeit.orchestrator.component_orchestrator - INFO - [ui-0:stderr] 2025-11-04 16:42:57,794 - __main__ - INFO - Loaded config for worker ui-0
[2025-11-04 16:42:57] [STDERR] 2025-11-04 16:42:57,815 - gleitzeit.orchestrator.component_orchestrator - INFO - [api-0:stderr] 2025-11-04 16:42:57,815 - __main__ - INFO - Worker api-0 handler configs: ['python/v1', 'ollama/v1', 'http/v1', 'file/v1', 'timer/v1', 'signal/v1', 'workflow/v1']
[2025-11-04 16:42:57] [STDERR] 2025-11-04 16:42:57,815 - gleitzeit.orchestrator.component_orchestrator - INFO - [ui-0:stderr] 2025-11-04 16:42:57,815 - __main__ - INFO - Worker ui-0 handler configs: ['python/v1', 'ollama/v1', 'http/v1', 'file/v1', 'timer/v1', 'signal/v1', 'workflow/v1']
[2025-11-04 16:42:57] [STDERR] 2025-11-04 16:42:57,815 - gleitzeit.orchestrator.component_orchestrator - INFO - [api-0:stderr] 2025-11-04 16:42:57,815 - gleitzeit.core.redis_cluster - INFO - Redis single instance initialized at localhost:6379
[2025-11-04 16:42:57] [STDERR] 2025-11-04 16:42:57,815 - gleitzeit.orchestrator.component_orchestrator - INFO - [ui-0:stderr] 2025-11-04 16:42:57,815 - gleitzeit.core.redis_cluster - INFO - Redis single instance initialized at localhost:6379
[2025-11-04 16:42:57] [STDERR] 2025-11-04 16:42:57,815 - gleitzeit.orchestrator.component_orchestrator - ERROR - [ui-0:stderr] 2025-11-04 16:42:57,815 - ui.ui-0 - ERROR - Cannot start UI: Port 8004 is already in use. Either stop the existing service or use --ui-port to specify a different port.
[2025-11-04 16:42:57] [STDERR] 2025-11-04 16:42:57,815 - gleitzeit.orchestrator.component_orchestrator - ERROR - [api-0:stderr] 2025-11-04 16:42:57,815 - api.api-0 - ERROR - Cannot start API: Port 8000 is already in use. Either stop the existing service or use --api-port to specify a different port.
[2025-11-04 16:42:57] [STDERR] 2025-11-04 16:42:57,816 - gleitzeit.orchestrator.component_orchestrator - ERROR - [api-0:stderr] 2025-11-04 16:42:57,815 - __main__ - ERROR - Worker failed: Cannot start API: Port 8000 is already in use. Either stop the existing service or use --api-port to specify a different port.
[2025-11-04 16:42:57] [STDERR] 2025-11-04 16:42:57,816 - gleitzeit.orchestrator.component_orchestrator - INFO - [api-0:stderr] Traceback (most recent call last):
[2025-11-04 16:42:57] [STDERR] 2025-11-04 16:42:57,816 - gleitzeit.orchestrator.component_orchestrator - INFO - [api-0:stderr] File "/Users/leifmarkthaler/github/gleitzeit 0.0.7/src/gleitzeit/workers/runner.py", line 116, in run_worker
[2025-11-04 16:42:57] [STDERR] 2025-11-04 16:42:57,816 - gleitzeit.orchestrator.component_orchestrator - INFO - [api-0:stderr] await worker.initialize()
[2025-11-04 16:42:57] [STDERR] 2025-11-04 16:42:57,816 - gleitzeit.orchestrator.component_orchestrator - ERROR - [ui-0:stderr] 2025-11-04 16:42:57,815 - __main__ - ERROR - Worker failed: Cannot start UI: Port 8004 is already in use. Either stop the existing service or use --ui-port to specify a different port.
[2025-11-04 16:42:57] [STDERR] 2025-11-04 16:42:57,816 - gleitzeit.orchestrator.component_orchestrator - INFO - [api-0:stderr] File "/Users/leifmarkthaler/github/gleitzeit 0.0.7/src/gleitzeit/workers/base.py", line 113, in initialize
[2025-11-04 16:42:57] [STDERR] 2025-11-04 16:42:57,817 - gleitzeit.orchestrator.component_orchestrator - INFO - [ui-0:stderr] Traceback (most recent call last):
[2025-11-04 16:42:57] [STDERR] 2025-11-04 16:42:57,817 - gleitzeit.orchestrator.component_orchestrator - INFO - [api-0:stderr] await self.on_initialize()
[2025-11-04 16:42:57] [STDERR] 2025-11-04 16:42:57,817 - gleitzeit.orchestrator.component_orchestrator - INFO - [ui-0:stderr] File "/Users/leifmarkthaler/github/gleitzeit 0.0.7/src/gleitzeit/workers/runner.py", line 116, in run_worker
[2025-11-04 16:42:57] [STDERR] 2025-11-04 16:42:57,817 - gleitzeit.orchestrator.component_orchestrator - INFO - [api-0:stderr] File "/Users/leifmarkthaler/github/gleitzeit 0.0.7/src/gleitzeit/workers/api_worker.py", line 45, in on_initialize
[2025-11-04 16:42:57] [STDERR] 2025-11-04 16:42:57,817 - gleitzeit.orchestrator.component_orchestrator - INFO - [ui-0:stderr] await worker.initialize()
[2025-11-04 16:42:57] [STDERR] 2025-11-04 16:42:57,817 - gleitzeit.orchestrator.component_orchestrator - INFO - [api-0:stderr] raise RuntimeError(error_msg)
[2025-11-04 16:42:57] [STDERR] 2025-11-04 16:42:57,817 - gleitzeit.orchestrator.component_orchestrator - INFO - [ui-0:stderr] File "/Users/leifmarkthaler/github/gleitzeit 0.0.7/src/gleitzeit/workers/base.py", line 113, in initialize
[2025-11-04 16:42:57] [STDERR] 2025-11-04 16:42:57,817 - gleitzeit.orchestrator.component_orchestrator - INFO - [api-0:stderr] RuntimeError: Cannot start API: Port 8000 is already in use. Either stop the existing service or use --api-port to specify a different port.
[2025-11-04 16:42:57] [STDERR] 2025-11-04 16:42:57,817 - gleitzeit.orchestrator.component_orchestrator - INFO - [ui-0:stderr] await self.on_initialize()
[2025-11-04 16:42:57] [STDERR] 2025-11-04 16:42:57,817 - gleitzeit.orchestrator.component_orchestrator - INFO - [ui-0:stderr] File "/Users/leifmarkthaler/github/gleitzeit 0.0.7/src/gleitzeit/workers/ui_worker.py", line 46, in on_initialize
[2025-11-04 16:42:57] [STDERR] 2025-11-04 16:42:57,817 - gleitzeit.orchestrator.component_orchestrator - INFO - [ui-0:stderr] raise RuntimeError(error_msg)
[2025-11-04 16:42:57] [STDERR] 2025-11-04 16:42:57,817 - gleitzeit.orchestrator.component_orchestrator - INFO - [ui-0:stderr] RuntimeError: Cannot start UI: Port 8004 is already in use. Either stop the existing service or use --ui-port to specify a different port.
[2025-11-04 16:42:58] [STDERR] 2025-11-04 16:42:58,011 - gleitzeit.orchestrator.component_orchestrator - INFO - [dependency-0:stderr] 2025-11-04 16:42:58,011 - gleitzeit.workers.dependency_worker - INFO - Processing task completion: 5a234837-e939-4c2c-a014-b45ccf67ffe0 from workflow workflow-7cc1e462-1818-45e6-943b-55c47c50b922
[2025-11-04 16:42:58] [STDERR] 2025-11-04 16:42:58,016 - gleitzeit.orchestrator.component_orchestrator - INFO - [dependency-0:stderr] 2025-11-04 16:42:58,016 - gleitzeit.workers.dependency_worker - INFO - Emitted ready task 0cd2526b-a4a4-4afa-a343-50f1de84c2b1 to shard 15
[2025-11-04 16:42:58] [STDERR] 2025-11-04 16:42:58,016 - gleitzeit.orchestrator.component_orchestrator - INFO - [task_execution-1:stderr] 2025-11-04 16:42:58,016 - gleitzeit.workers.task_execution_worker - INFO - Processing task 0cd2526b-a4a4-4afa-a343-50f1de84c2b1 from workflow workflow-7cc1e462-1818-45e6-943b-55c47c50b922
[2025-11-04 16:42:58] [STDERR] 2025-11-04 16:42:58,017 - gleitzeit.orchestrator.component_orchestrator - WARNING - [dependency-0:stderr] 2025-11-04 16:42:58,017 - gleitzeit.workers.dependency_worker - WARNING - Workflow workflow-7cc1e462-1818-45e6-943b-55c47c50b922 not found
[2025-11-04 16:42:58] [STDERR] 2025-11-04 16:42:58,017 - gleitzeit.orchestrator.component_orchestrator - INFO - [dependency-0:stderr] 2025-11-04 16:42:58,017 - gleitzeit.workers.dependency_worker - INFO - Transitioning workflow workflow-7cc1e462-1818-45e6-943b-55c47c50b922 from running to pending (task counts: {'completed': 0, 'failed': 0, 'scheduled': 0, 'waiting': 0, 'pending': 0, 'cancelled': 0, 'paused': 0})
[2025-11-04 16:42:58] [STDERR] 2025-11-04 16:42:58,018 - gleitzeit.orchestrator.component_orchestrator - INFO - [task_execution-1:stderr] 2025-11-04 16:42:58,018 - gleitzeit.workers.task_execution_worker - INFO - Executing task 0cd2526b-a4a4-4afa-a343-50f1de84c2b1 with handler PythonHandler
[2025-11-04 16:42:58] [STDERR] 2025-11-04 16:42:58,024 - gleitzeit.orchestrator.component_orchestrator - INFO - [task_execution-1:stderr] 2025-11-04 16:42:58,024 - gleitzeit.workers.task_execution_worker - INFO - Task 0cd2526b-a4a4-4afa-a343-50f1de84c2b1 completed successfully by handler 000a828f-7964-4fa0-b9d0-e539ac0c9860
[2025-11-04 16:43:01] [STDERR] 2025-11-04 16:43:01,565 - gleitzeit.orchestrator.component_orchestrator - INFO - [signal-0:stderr] 2025-11-04 16:43:01,565 - gleitzeit.workers.signal_worker - INFO - Signal processing loop iteration 3180
[2025-11-04 16:43:03] [STDERR] 2025-11-04 16:43:03,758 - gleitzeit.orchestrator.component_orchestrator - INFO - [workflow_loader-0:stderr] 2025-11-04 16:43:03,757 - gleitzeit.workers.workflow_loader_worker_v2 - INFO - Loading workflow workflow-f91e6a9c-1f3b-4bfa-8702-fad28a768775 from inline
[2025-11-04 16:43:03] [STDERR] 2025-11-04 16:43:03,759 - gleitzeit.orchestrator.component_orchestrator - INFO - [workflow_loader-0:stderr] 2025-11-04 16:43:03,759 - gleitzeit.workers.workflow_loader_worker_v2 - INFO - Raw workflow before transform: {
[2025-11-04 16:43:03] [STDERR] 2025-11-04 16:43:03,759 - gleitzeit.orchestrator.component_orchestrator - INFO - [workflow_loader-0:stderr] "name": "multi-task-workflow",
[2025-11-04 16:43:03] [STDERR] 2025-11-04 16:43:03,759 - gleitzeit.orchestrator.component_orchestrator - INFO - [workflow_loader-0:stderr] "tasks": [
[2025-11-04 16:43:03] [STDERR] 2025-11-04 16:43:03,759 - gleitzeit.orchestrator.component_orchestrator - INFO - [workflow_loader-0:stderr] {
[2025-11-04 16:43:03] [STDERR] 2025-11-04 16:43:03,760 - gleitzeit.orchestrator.component_orchestrator - INFO - [workflow_loader-0:stderr] "name": "task1",
[2025-11-04 16:43:03] [STDERR] 2025-11-04 16:43:03,760 - gleitzeit.orchestrator.component_orchestrator - INFO - [workflow_loader-0:stderr] "protocol": "python/v1",
[2025-11-04 16:43:03] [STDERR] 2025-11-04 16:43:03,760 - gleitzeit.orchestrator.component_orchestrator - INFO - [workflow_loader-0:stderr] "method": "python/execute",
[2025-11-04 16:43:03] [STDERR] 2025-11-04 16:43:03,760 - gleitzeit.orchestrator.component_orchestrator - INFO - [workflow_loader-0:stderr] "params": {
[2025-11-04 16:43:03] [STDERR] 2025-11-04 16:43:03,760 - gleitzeit.orchestrator.component_orchestrator - INFO - [workflow_loader-0:stderr] "code": "result = {'step': 1, 'value': 10}"
[2025-11-04 16:43:03] [STDERR] 2025-11-04 16:43:03,760 - gleitzeit.orchestrator.component_orchestrator - INFO - [workflow_loader-0:stderr] }
[2025-11-04 16:43:03] [STDERR] 2025-11-04 16:43:03,760 - gleitzeit.orchestrator.component_orchestrator - INFO - [workflow_loader-0:stderr] },
[2025-11-04 16:43:03] [STDERR] 2025-11-04 16:43:03,760 - gleitzeit.orchestrator.component_orchestrator - INFO - [workflow_loader-0:stderr] {
[2025-11-04 16:43:03] [STDERR] 2025-11-04 16:43:03,760 - gleitzeit.orchestrator.component_orchestrator - INFO - [workflow_loader-0:stderr] "name": "task2",
[2025-11-04 16:43:03] [STDERR] 2025-11-04 16:43:03,760 - gleitzeit.orchestrator.component_orchestrator - INFO - [workflow_loader-0:stderr] "protocol": "python/v1",
[2025-11-04 16:43:03] [STDERR] 2025-11-04 16:43:03,760 - gleitzeit.orchestrator.component_orchestrator - INFO - [workflow_loader-0:stderr] "method": "python/execute",
[2025-11-04 16:43:03] [STDERR] 2025-11-04 16:43:03,760 - gleitzeit.orchestrator.component_orchestrator - INFO - [workflow_loader-0:stderr] "params": {
[2025-11-04 16:43:03] [STDERR] 2025-11-04 16:43:03,760 - gleitzeit.orchestrator.component_orchestrator - INFO - [workflow_loader-0:stderr] "code": "\nfor key, value in inputs.items():\n    if isinstance(value, dict) and 'step' in value:\n        result = {'step': 2, 'value': value['value'] * 2}\n        break\n"
[2025-11-04 16:43:03] [STDERR] 2025-11-04 16:43:03,761 - gleitzeit.orchestrator.component_orchestrator - INFO - [workflow_loader-0:stderr] },
[2025-11-04 16:43:03] [STDERR] 2025-11-04 16:43:03,761 - gleitzeit.orchestrator.component_orchestrator - INFO - [workflow_loader-0:stderr] "dependencies": [
[2025-11-04 16:43:03] [STDERR] 2025-11-04 16:43:03,761 - gleitzeit.orchestrator.component_orchestrator - INFO - [workflow_loader-0:stderr] "task1"
[2025-11-04 16:43:03] [STDERR] 2025-11-04 16:43:03,761 - gleitzeit.orchestrator.component_orchestrator - INFO - [workflow_loader-0:stderr] ]
[2025-11-04 16:43:03] [STDERR] 2025-11-04 16:43:03,761 - gleitzeit.orchestrator.component_orchestrator - INFO - [workflow_loader-0:stderr] },
[2025-11-04 16:43:03] [STDERR] 2025-11-04 16:43:03,761 - gleitzeit.orchestrator.component_orchestrator - INFO - [workflow_loader-0:stderr] {
[2025-11-04 16:43:03] [STDERR] 2025-11-04 16:43:03,761 - gleitzeit.orchestrator.component_orchestrator - INFO - [workflow_loader-0:stderr] "name": "task3",
[2025-11-04 16:43:03] [STDERR] 2025-11-04 16:43:03,761 - gleitzeit.orchestrator.component_orchestrator - INFO - [workflow_loader-0:stderr] "protocol": "python/v1",
[2025-11-04 16:43:03] [STDERR] 2025-11-04 16:43:03,761 - gleitzeit.orchestrator.component_orchestrator - INFO - [workflow_loader-0:stderr] "method": "python/execute",
[2025-11-04 16:43:03] [STDERR] 2025-11-04 16:43:03,761 - gleitzeit.orchestrator.component_orchestrator - INFO - [workflow_loader-0:stderr] "params": {
[2025-11-04 16:43:03] [STDERR] 2025-11-04 16:43:03,761 - gleitzeit.orchestrator.component_orchestrator - INFO - [workflow_loader-0:stderr] "code": "\nfor key, value in inputs.items():\n    if isinstance(value, dict) and 'step' in value and value['step'] == 2:\n        result = {'step': 3, 'value': value['value'] + 5}\n        break\n"
[2025-11-04 16:43:03] [STDERR] 2025-11-04 16:43:03,761 - gleitzeit.orchestrator.component_orchestrator - INFO - [workflow_loader-0:stderr] },
[2025-11-04 16:43:03] [STDERR] 2025-11-04 16:43:03,761 - gleitzeit.orchestrator.component_orchestrator - INFO - [workflow_loader-0:stderr] "dependencies": [
[2025-11-04 16:43:03] [STDERR] 2025-11-04 16:43:03,762 - gleitzeit.orchestrator.component_orchestrator - INFO - [workflow_loader-0:stderr] "task2"
[2025-11-04 16:43:03] [STDERR] 2025-11-04 16:43:03,762 - gleitzeit.orchestrator.component_orchestrator - INFO - [workflow_loader-0:stderr] ]
[2025-11-04 16:43:03] [STDERR] 2025-11-04 16:43:03,762 - gleitzeit.orchestrator.component_orchestrator - INFO - [workflow_loader-0:stderr] }
[2025-11-04 16:43:03] [STDERR] 2025-11-04 16:43:03,762 - gleitzeit.orchestrator.component_orchestrator - INFO - [workflow_loader-0:stderr] ],
[2025-11-04 16:43:03] [STDERR] 2025-11-04 16:43:03,762 - gleitzeit.orchestrator.component_orchestrator - INFO - [workflow_loader-0:stderr] "workflow_id": "workflow-f91e6a9c-1f3b-4bfa-8702-fad28a768775"
[2025-11-04 16:43:03] [STDERR] 2025-11-04 16:43:03,762 - gleitzeit.orchestrator.component_orchestrator - INFO - [workflow_loader-0:stderr] }
[2025-11-04 16:43:03] [STDERR] 2025-11-04 16:43:03,762 - gleitzeit.orchestrator.component_orchestrator - INFO - [workflow_loader-0:stderr] 2025-11-04 16:43:03,759 - gleitzeit.workers.workflow_loader_worker_v2 - INFO - Workflow after transform: {
[2025-11-04 16:43:03] [STDERR] 2025-11-04 16:43:03,762 - gleitzeit.orchestrator.component_orchestrator - INFO - [workflow_loader-0:stderr] "id": "workflow-f91e6a9c-1f3b-4bfa-8702-fad28a768775",
[2025-11-04 16:43:03] [STDERR] 2025-11-04 16:43:03,762 - gleitzeit.orchestrator.component_orchestrator - INFO - [workflow_loader-0:stderr] "name": "multi-task-workflow",
[2025-11-04 16:43:03] [STDERR] 2025-11-04 16:43:03,762 - gleitzeit.orchestrator.component_orchestrator - INFO - [workflow_loader-0:stderr] "description": "",
[2025-11-04 16:43:03] [STDERR] 2025-11-04 16:43:03,762 - gleitzeit.orchestrator.component_orchestrator - INFO - [workflow_loader-0:stderr] "version": "1.0.0",
[2025-11-04 16:43:03] [STDERR] 2025-11-04 16:43:03,762 - gleitzeit.orchestrator.component_orchestrator - INFO - [workflow_loader-0:stderr] "created_at": "2025-11-04T15:43:03.759690",
[2025-11-04 16:43:03] [STDERR] 2025-11-04 16:43:03,762 - gleitzeit.orchestrator.component_orchestrator - INFO - [workflow_loader-0:stderr] "tasks": [
[2025-11-04 16:43:03] [STDERR] 2025-11-04 16:43:03,763 - gleitzeit.orchestrator.component_orchestrator - INFO - [workflow_loader-0:stderr] {
[2025-11-04 16:43:03] [STDERR] 2025-11-04 16:43:03,763 - gleitzeit.orchestrator.component_orchestrator - INFO - [workflow_loader-0:stderr] "id": "d2a56d9c-9dba-46ae-b257-df898f23dec5",
[2025-11-04 16:43:03] [STDERR] 2025-11-04 16:43:03,763 - gleitzeit.orchestrator.component_orchestrator - INFO - [workflow_loader-0:stderr] "workflow_id": "workflow-f91e6a9c-1f3b-4bfa-8702-fad28a768775",
[2025-11-04 16:43:03] [STDERR] 2025-11-04 16:43:03,763 - gleitzeit.orchestrator.component_orchestrator - INFO - [workflow_loader-0:stderr] "name": "task1",
[2025-11-04 16:43:03] [STDERR] 2025-11-04 16:43:03,763 - gleitzeit.orchestrator.component_orchestrator - INFO - [workflow_loader-0:stderr] "description": "",
[2025-11-04 16:43:03] [STDERR] 2025-11-04 16:43:03,763 - gleitzeit.orchestrator.component_orchestrator - INFO - [workflow_loader-0:stderr] "protocol": "python/v1",
[2025-11-04 16:43:03] [STDERR] 2025-11-04 16:43:03,764 - gleitzeit.orchestrator.component_orchestrator - INFO - [workflow_loader-0:stderr] "method": "python/execute",
[2025-11-04 16:43:03] [STDERR] 2025-11-04 16:43:03,764 - gleitzeit.orchestrator.component_orchestrator - INFO - [task_execution-0:stderr] 2025-11-04 16:43:03,763 - gleitzeit.workers.task_execution_worker - INFO - Processing task d2a56d9c-9dba-46ae-b257-df898f23dec5 from workflow workflow-f91e6a9c-1f3b-4bfa-8702-fad28a768775
[2025-11-04 16:43:03] [STDERR] 2025-11-04 16:43:03,764 - gleitzeit.orchestrator.component_orchestrator - INFO - [workflow_loader-0:stderr] "params": {
[2025-11-04 16:43:03] [STDERR] 2025-11-04 16:43:03,764 - gleitzeit.orchestrator.component_orchestrator - INFO - [workflow_loader-0:stderr] "code": "result = {'step': 1, 'value': 10}"
[2025-11-04 16:43:03] [STDERR] 2025-11-04 16:43:03,764 - gleitzeit.orchestrator.component_orchestrator - INFO - [workflow_loader-0:stderr] },
[2025-11-04 16:43:03] [STDERR] 2025-11-04 16:43:03,764 - gleitzeit.orchestrator.component_orchestrator - INFO - [workflow_loader-0:stderr] "dependencies": [],
[2025-11-04 16:43:03] [STDERR] 2025-11-04 16:43:03,764 - gleitzeit.orchestrator.component_orchestrator - INFO - [workflow_loader-0:stderr] "timeout": 300,
[2025-11-04 16:43:03] [STDERR] 2025-11-04 16:43:03,764 - gleitzeit.orchestrator.component_orchestrator - INFO - [workflow_loader-0:stderr] "retry": {
[2025-11-04 16:43:03] [STDERR] 2025-11-04 16:43:03,764 - gleitzeit.orchestrator.component_orchestrator - INFO - [workflow_loader-0:stderr] "max_retries": 2,
[2025-11-04 16:43:03] [STDERR] 2025-11-04 16:43:03,764 - gleitzeit.orchestrator.component_orchestrator - INFO - [workflow_loader-0:stderr] "strategy": "exponential_jitter",
[2025-11-04 16:43:03] [STDERR] 2025-11-04 16:43:03,765 - gleitzeit.orchestrator.component_orchestrator - INFO - [workflow_loader-0:stderr] "base_delay": 1.0,
[2025-11-04 16:43:03] [STDERR] 2025-11-04 16:43:03,765 - gleitzeit.orchestrator.component_orchestrator - INFO - [workflow_loader-0:stderr] "max_delay": 30.0,
[2025-11-04 16:43:03] [STDERR] 2025-11-04 16:43:03,765 - gleitzeit.orchestrator.component_orchestrator - INFO - [workflow_loader-0:stderr] "jitter": true,
[2025-11-04 16:43:03] [STDERR] 2025-11-04 16:43:03,765 - gleitzeit.orchestrator.component_orchestrator - INFO - [workflow_loader-0:stderr] "multiplier": 2.0
[2025-11-04 16:43:03] [STDERR] 2025-11-04 16:43:03,765 - gleitzeit.orchestrator.component_orchestrator - INFO - [workflow_loader-0:stderr] }
[2025-11-04 16:43:03] [STDERR] 2025-11-04 16:43:03,765 - gleitzeit.orchestrator.component_orchestrator - INFO - [workflow_loader-0:stderr] },
[2025-11-04 16:43:03] [STDERR] 2025-11-04 16:43:03,765 - gleitzeit.orchestrator.component_orchestrator - INFO - [workflow_loader-0:stderr] {
[2025-11-04 16:43:03] [STDERR] 2025-11-04 16:43:03,765 - gleitzeit.orchestrator.component_orchestrator - INFO - [workflow_loader-0:stderr] "id": "94b19f3c-adb9-45ef-9de2-9ce558c87388",
[2025-11-04 16:43:03] [STDERR] 2025-11-04 16:43:03,765 - gleitzeit.orchestrator.component_orchestrator - INFO - [workflow_loader-0:stderr] "workflow_id": "workflow-f91e6a9c-1f3b-4bfa-8702-fad28a768775",
[2025-11-04 16:43:03] [STDERR] 2025-11-04 16:43:03,765 - gleitzeit.orchestrator.component_orchestrator - INFO - [workflow_loader-0:stderr] "name": "task2",
[2025-11-04 16:43:03] [STDERR] 2025-11-04 16:43:03,766 - gleitzeit.orchestrator.component_orchestrator - INFO - [workflow_loader-0:stderr] "description": "",
[2025-11-04 16:43:03] [STDERR] 2025-11-04 16:43:03,766 - gleitzeit.orchestrator.component_orchestrator - INFO - [workflow_loader-0:stderr] "protocol": "python/v1",
[2025-11-04 16:43:03] [STDERR] 2025-11-04 16:43:03,766 - gleitzeit.orchestrator.component_orchestrator - INFO - [workflow_loader-0:stderr] "method": "python/execute",
[2025-11-04 16:43:03] [STDERR] 2025-11-04 16:43:03,766 - gleitzeit.orchestrator.component_orchestrator - INFO - [workflow_loader-0:stderr] "params": {
[2025-11-04 16:43:03] [STDERR] 2025-11-04 16:43:03,766 - gleitzeit.orchestrator.component_orchestrator - INFO - [workflow_loader-0:stderr] "code": "\nfor key, value in inputs.items():\n    if isinstance(value, dict) and 'step' in value:\n        result = {'step': 2, 'value': value['value'] * 2}\n        break\n"
[2025-11-04 16:43:03] [STDERR] 2025-11-04 16:43:03,766 - gleitzeit.orchestrator.component_orchestrator - INFO - [workflow_loader-0:stderr] },
[2025-11-04 16:43:03] [STDERR] 2025-11-04 16:43:03,766 - gleitzeit.orchestrator.component_orchestrator - INFO - [workflow_loader-0:stderr] "dependencies": [
[2025-11-04 16:43:03] [STDERR] 2025-11-04 16:43:03,766 - gleitzeit.orchestrator.component_orchestrator - INFO - [workflow_loader-0:stderr] "d2a56d9c-9dba-46ae-b257-df898f23dec5"
[2025-11-04 16:43:03] [STDERR] 2025-11-04 16:43:03,766 - gleitzeit.orchestrator.component_orchestrator - INFO - [workflow_loader-0:stderr] ],
[2025-11-04 16:43:03] [STDERR] 2025-11-04 16:43:03,767 - gleitzeit.orchestrator.component_orchestrator - INFO - [workflow_loader-0:stderr] "timeout": 300,
[2025-11-04 16:43:03] [STDERR] 2025-11-04 16:43:03,767 - gleitzeit.orchestrator.component_orchestrator - INFO - [workflow_loader-0:stderr] "retry": {
[2025-11-04 16:43:03] [STDERR] 2025-11-04 16:43:03,767 - gleitzeit.orchestrator.component_orchestrator - INFO - [workflow_loader-0:stderr] "max_retries": 2,
[2025-11-04 16:43:03] [STDERR] 2025-11-04 16:43:03,767 - gleitzeit.orchestrator.component_orchestrator - INFO - [workflow_loader-0:stderr] "strategy": "exponential_jitter",
[2025-11-04 16:43:03] [STDERR] 2025-11-04 16:43:03,767 - gleitzeit.orchestrator.component_orchestrator - INFO - [workflow_loader-0:stderr] "base_delay": 1.0,
[2025-11-04 16:43:03] [STDERR] 2025-11-04 16:43:03,767 - gleitzeit.orchestrator.component_orchestrator - INFO - [workflow_loader-0:stderr] "max_delay": 30.0,
[2025-11-04 16:43:03] [STDERR] 2025-11-04 16:43:03,767 - gleitzeit.orchestrator.component_orchestrator - INFO - [task_execution-0:stderr] 2025-11-04 16:43:03,767 - gleitzeit.workers.task_execution_worker - INFO - Executing task d2a56d9c-9dba-46ae-b257-df898f23dec5 with handler PythonHandler
[2025-11-04 16:43:03] [STDERR] 2025-11-04 16:43:03,767 - gleitzeit.orchestrator.component_orchestrator - INFO - [workflow_loader-0:stderr] "jitter": true,
[2025-11-04 16:43:03] [STDERR] 2025-11-04 16:43:03,767 - gleitzeit.orchestrator.component_orchestrator - INFO - [workflow_loader-0:stderr] "multiplier": 2.0
[2025-11-04 16:43:03] [STDERR] 2025-11-04 16:43:03,768 - gleitzeit.orchestrator.component_orchestrator - INFO - [workflow_loader-0:stderr] }
[2025-11-04 16:43:03] [STDERR] 2025-11-04 16:43:03,768 - gleitzeit.orchestrator.component_orchestrator - INFO - [workflow_loader-0:stderr] },
[2025-11-04 16:43:03] [STDERR] 2025-11-04 16:43:03,768 - gleitzeit.orchestrator.component_orchestrator - INFO - [workflow_loader-0:stderr] {
[2025-11-04 16:43:03] [STDERR] 2025-11-04 16:43:03,768 - gleitzeit.orchestrator.component_orchestrator - INFO - [workflow_loader-0:stderr] "id": "9c4d10b9-fbf6-4620-a238-6d5b6534572a",
[2025-11-04 16:43:03] [STDERR] 2025-11-04 16:43:03,768 - gleitzeit.orchestrator.component_orchestrator - INFO - [workflow_loader-0:stderr] "workflow_id": "workflow-f91e6a9c-1f3b-4bfa-8702-fad28a768775",
[2025-11-04 16:43:03] [STDERR] 2025-11-04 16:43:03,768 - gleitzeit.orchestrator.component_orchestrator - INFO - [workflow_loader-0:stderr] "name": "task3",
[2025-11-04 16:43:03] [STDERR] 2025-11-04 16:43:03,768 - gleitzeit.orchestrator.component_orchestrator - INFO - [workflow_loader-0:stderr] "description": "",
[2025-11-04 16:43:03] [STDERR] 2025-11-04 16:43:03,769 - gleitzeit.orchestrator.component_orchestrator - INFO - [workflow_loader-0:stderr] "protocol": "python/v1",
[2025-11-04 16:43:03] [STDERR] 2025-11-04 16:43:03,769 - gleitzeit.orchestrator.component_orchestrator - INFO - [workflow_loader-0:stderr] "method": "python/execute",
[2025-11-04 16:43:03] [STDERR] 2025-11-04 16:43:03,769 - gleitzeit.orchestrator.component_orchestrator - INFO - [workflow_loader-0:stderr] "params": {
[2025-11-04 16:43:03] [STDERR] 2025-11-04 16:43:03,769 - gleitzeit.orchestrator.component_orchestrator - INFO - [workflow_loader-0:stderr] "code": "\nfor key, value in inputs.items():\n    if isinstance(value, dict) and 'step' in value and value['step'] == 2:\n        result = {'step': 3, 'value': value['value'] + 5}\n        break\n"
[2025-11-04 16:43:03] [STDERR] 2025-11-04 16:43:03,769 - gleitzeit.orchestrator.component_orchestrator - INFO - [workflow_loader-0:stderr] },
[2025-11-04 16:43:03] [STDERR] 2025-11-04 16:43:03,769 - gleitzeit.orchestrator.component_orchestrator - INFO - [workflow_loader-0:stderr] "dependencies": [
[2025-11-04 16:43:03] [STDERR] 2025-11-04 16:43:03,769 - gleitzeit.orchestrator.component_orchestrator - INFO - [workflow_loader-0:stderr] "94b19f3c-adb9-45ef-9de2-9ce558c87388"
[2025-11-04 16:43:03] [STDERR] 2025-11-04 16:43:03,769 - gleitzeit.orchestrator.component_orchestrator - INFO - [workflow_loader-0:stderr] ],
[2025-11-04 16:43:03] [STDERR] 2025-11-04 16:43:03,769 - gleitzeit.orchestrator.component_orchestrator - INFO - [workflow_loader-0:stderr] "timeout": 300,
[2025-11-04 16:43:03] [STDERR] 2025-11-04 16:43:03,769 - gleitzeit.orchestrator.component_orchestrator - INFO - [workflow_loader-0:stderr] "retry": {
[2025-11-04 16:43:03] [STDERR] 2025-11-04 16:43:03,770 - gleitzeit.orchestrator.component_orchestrator - INFO - [workflow_loader-0:stderr] "max_retries": 2,
[2025-11-04 16:43:03] [STDERR] 2025-11-04 16:43:03,770 - gleitzeit.orchestrator.component_orchestrator - INFO - [workflow_loader-0:stderr] "strategy": "exponential_jitter",
[2025-11-04 16:43:03] [STDERR] 2025-11-04 16:43:03,770 - gleitzeit.orchestrator.component_orchestrator - INFO - [workflow_loader-0:stderr] "base_delay": 1.0,
[2025-11-04 16:43:03] [STDERR] 2025-11-04 16:43:03,770 - gleitzeit.orchestrator.component_orchestrator - INFO - [workflow_loader-0:stderr] "max_delay": 30.0,
[2025-11-04 16:43:03] [STDERR] 2025-11-04 16:43:03,770 - gleitzeit.orchestrator.component_orchestrator - INFO - [workflow_loader-0:stderr] "jitter": true,
[2025-11-04 16:43:03] [STDERR] 2025-11-04 16:43:03,770 - gleitzeit.orchestrator.component_orchestrator - INFO - [workflow_loader-0:stderr] "multiplier": 2.0
[2025-11-04 16:43:03] [STDERR] 2025-11-04 16:43:03,770 - gleitzeit.orchestrator.component_orchestrator - INFO - [workflow_loader-0:stderr] }
[2025-11-04 16:43:03] [STDERR] 2025-11-04 16:43:03,770 - gleitzeit.orchestrator.component_orchestrator - INFO - [workflow_loader-0:stderr] }
[2025-11-04 16:43:03] [STDERR] 2025-11-04 16:43:03,771 - gleitzeit.orchestrator.component_orchestrator - INFO - [workflow_loader-0:stderr] ]
[2025-11-04 16:43:03] [STDERR] 2025-11-04 16:43:03,771 - gleitzeit.orchestrator.component_orchestrator - INFO - [workflow_loader-0:stderr] }
[2025-11-04 16:43:03] [STDERR] 2025-11-04 16:43:03,771 - gleitzeit.orchestrator.component_orchestrator - INFO - [workflow_loader-0:stderr] 2025-11-04 16:43:03,762 - gleitzeit.workers.workflow_loader_worker_v2 - INFO - Workflow workflow-f91e6a9c-1f3b-4bfa-8702-fad28a768775 loaded and submitted to shard 6 with indexes
[2025-11-04 16:43:03] [STDERR] 2025-11-04 16:43:03,772 - gleitzeit.orchestrator.component_orchestrator - INFO - [task_execution-0:stderr] 2025-11-04 16:43:03,772 - gleitzeit.workers.task_execution_worker - INFO - Task d2a56d9c-9dba-46ae-b257-df898f23dec5 completed successfully by handler 7db2dfc2-34a7-4b39-a5cf-849534039e4d
[2025-11-04 16:43:03] [STDERR] 2025-11-04 16:43:03,772 - gleitzeit.orchestrator.component_orchestrator - INFO - [dependency-0:stderr] 2025-11-04 16:43:03,772 - gleitzeit.workers.dependency_worker - INFO - Processing task completion: d2a56d9c-9dba-46ae-b257-df898f23dec5 from workflow workflow-f91e6a9c-1f3b-4bfa-8702-fad28a768775
[2025-11-04 16:43:03] [STDERR] 2025-11-04 16:43:03,777 - gleitzeit.orchestrator.component_orchestrator - INFO - [dependency-0:stderr] 2025-11-04 16:43:03,777 - gleitzeit.workers.dependency_worker - INFO - Emitted ready task 94b19f3c-adb9-45ef-9de2-9ce558c87388 to shard 6
[2025-11-04 16:43:03] [STDERR] 2025-11-04 16:43:03,778 - gleitzeit.orchestrator.component_orchestrator - WARNING - [dependency-0:stderr] 2025-11-04 16:43:03,778 - gleitzeit.workers.dependency_worker - WARNING - Workflow workflow-f91e6a9c-1f3b-4bfa-8702-fad28a768775 not found
[2025-11-04 16:43:03] [STDERR] 2025-11-04 16:43:03,778 - gleitzeit.orchestrator.component_orchestrator - INFO - [dependency-0:stderr] 2025-11-04 16:43:03,778 - gleitzeit.workers.dependency_worker - INFO - Transitioning workflow workflow-f91e6a9c-1f3b-4bfa-8702-fad28a768775 from running to pending (task counts: {'completed': 0, 'failed': 0, 'scheduled': 0, 'waiting': 0, 'pending': 0, 'cancelled': 0, 'paused': 0})
[2025-11-04 16:43:03] [STDERR] 2025-11-04 16:43:03,786 - gleitzeit.orchestrator.component_orchestrator - INFO - [task_execution-0:stderr] 2025-11-04 16:43:03,786 - gleitzeit.workers.task_execution_worker - INFO - Processing task 9c4d10b9-fbf6-4620-a238-6d5b6534572a from workflow workflow-f91e6a9c-1f3b-4bfa-8702-fad28a768775
[2025-11-04 16:43:03] [STDERR] 2025-11-04 16:43:03,789 - gleitzeit.orchestrator.component_orchestrator - INFO - [task_execution-0:stderr] 2025-11-04 16:43:03,789 - gleitzeit.workers.task_execution_worker - INFO - Executing task 9c4d10b9-fbf6-4620-a238-6d5b6534572a with handler PythonHandler
[2025-11-04 16:43:03] [STDERR] 2025-11-04 16:43:03,792 - gleitzeit.orchestrator.component_orchestrator - INFO - [task_execution-0:stderr] 2025-11-04 16:43:03,792 - gleitzeit.workers.task_execution_worker - INFO - Task 9c4d10b9-fbf6-4620-a238-6d5b6534572a completed successfully by handler 7db2dfc2-34a7-4b39-a5cf-849534039e4d
[2025-11-04 16:43:09] [STDERR] 2025-11-04 16:43:09,487 - gleitzeit.orchestrator.component_orchestrator - INFO - [workflow_loader-1:stderr] 2025-11-04 16:43:09,486 - gleitzeit.workers.workflow_loader_worker_v2 - INFO - Loading workflow workflow-8eceb88c-662d-4309-b12a-224a985b8a2f from inline
[2025-11-04 16:43:09] [STDERR] 2025-11-04 16:43:09,489 - gleitzeit.orchestrator.component_orchestrator - INFO - [workflow_loader-1:stderr] 2025-11-04 16:43:09,489 - gleitzeit.workers.workflow_loader_worker_v2 - INFO - Raw workflow before transform: {
[2025-11-04 16:43:09] [STDERR] 2025-11-04 16:43:09,489 - gleitzeit.orchestrator.component_orchestrator - INFO - [workflow_loader-1:stderr] "name": "multi-task-workflow",
[2025-11-04 16:43:09] [STDERR] 2025-11-04 16:43:09,489 - gleitzeit.orchestrator.component_orchestrator - INFO - [workflow_loader-1:stderr] "tasks": [
[2025-11-04 16:43:09] [STDERR] 2025-11-04 16:43:09,490 - gleitzeit.orchestrator.component_orchestrator - INFO - [workflow_loader-1:stderr] {
[2025-11-04 16:43:09] [STDERR] 2025-11-04 16:43:09,490 - gleitzeit.orchestrator.component_orchestrator - INFO - [workflow_loader-1:stderr] "name": "task1",
[2025-11-04 16:43:09] [STDERR] 2025-11-04 16:43:09,490 - gleitzeit.orchestrator.component_orchestrator - INFO - [workflow_loader-1:stderr] "protocol": "python/v1",
[2025-11-04 16:43:09] [STDERR] 2025-11-04 16:43:09,490 - gleitzeit.orchestrator.component_orchestrator - INFO - [workflow_loader-1:stderr] "method": "python/execute",
[2025-11-04 16:43:09] [STDERR] 2025-11-04 16:43:09,490 - gleitzeit.orchestrator.component_orchestrator - INFO - [workflow_loader-1:stderr] "params": {
[2025-11-04 16:43:09] [STDERR] 2025-11-04 16:43:09,491 - gleitzeit.orchestrator.component_orchestrator - INFO - [workflow_loader-1:stderr] "code": "result = {'step': 1, 'value': 10}"
[2025-11-04 16:43:09] [STDERR] 2025-11-04 16:43:09,491 - gleitzeit.orchestrator.component_orchestrator - INFO - [workflow_loader-1:stderr] }
[2025-11-04 16:43:09] [STDERR] 2025-11-04 16:43:09,491 - gleitzeit.orchestrator.component_orchestrator - INFO - [workflow_loader-1:stderr] },
[2025-11-04 16:43:09] [STDERR] 2025-11-04 16:43:09,491 - gleitzeit.orchestrator.component_orchestrator - INFO - [workflow_loader-1:stderr] {
[2025-11-04 16:43:09] [STDERR] 2025-11-04 16:43:09,491 - gleitzeit.orchestrator.component_orchestrator - INFO - [workflow_loader-1:stderr] "name": "task2",
[2025-11-04 16:43:09] [STDERR] 2025-11-04 16:43:09,492 - gleitzeit.orchestrator.component_orchestrator - INFO - [workflow_loader-1:stderr] "protocol": "python/v1",
[2025-11-04 16:43:09] [STDERR] 2025-11-04 16:43:09,492 - gleitzeit.orchestrator.component_orchestrator - INFO - [workflow_loader-1:stderr] "method": "python/execute",
[2025-11-04 16:43:09] [STDERR] 2025-11-04 16:43:09,492 - gleitzeit.orchestrator.component_orchestrator - INFO - [workflow_loader-1:stderr] "params": {
[2025-11-04 16:43:09] [STDERR] 2025-11-04 16:43:09,493 - gleitzeit.orchestrator.component_orchestrator - INFO - [workflow_loader-1:stderr] "code": "\nfor key, value in inputs.items():\n    if isinstance(value, dict) and 'step' in value:\n        result = {'step': 2, 'value': value['value'] * 2}\n        break\n"
[2025-11-04 16:43:09] [STDERR] 2025-11-04 16:43:09,493 - gleitzeit.orchestrator.component_orchestrator - INFO - [workflow_loader-1:stderr] },
[2025-11-04 16:43:09] [STDERR] 2025-11-04 16:43:09,493 - gleitzeit.orchestrator.component_orchestrator - INFO - [workflow_loader-1:stderr] "dependencies": [
[2025-11-04 16:43:09] [STDERR] 2025-11-04 16:43:09,493 - gleitzeit.orchestrator.component_orchestrator - INFO - [workflow_loader-1:stderr] "task1"
[2025-11-04 16:43:09] [STDERR] 2025-11-04 16:43:09,493 - gleitzeit.orchestrator.component_orchestrator - INFO - [workflow_loader-1:stderr] ]
[2025-11-04 16:43:09] [STDERR] 2025-11-04 16:43:09,493 - gleitzeit.orchestrator.component_orchestrator - INFO - [workflow_loader-1:stderr] },
[2025-11-04 16:43:09] [STDERR] 2025-11-04 16:43:09,494 - gleitzeit.orchestrator.component_orchestrator - INFO - [workflow_loader-1:stderr] {
[2025-11-04 16:43:09] [STDERR] 2025-11-04 16:43:09,494 - gleitzeit.orchestrator.component_orchestrator - INFO - [workflow_loader-1:stderr] "name": "task3",
[2025-11-04 16:43:09] [STDERR] 2025-11-04 16:43:09,494 - gleitzeit.orchestrator.component_orchestrator - INFO - [workflow_loader-1:stderr] "protocol": "python/v1",
[2025-11-04 16:43:09] [STDERR] 2025-11-04 16:43:09,494 - gleitzeit.orchestrator.component_orchestrator - INFO - [workflow_loader-1:stderr] "method": "python/execute",
[2025-11-04 16:43:09] [STDERR] 2025-11-04 16:43:09,494 - gleitzeit.orchestrator.component_orchestrator - INFO - [workflow_loader-1:stderr] "params": {
[2025-11-04 16:43:09] [STDERR] 2025-11-04 16:43:09,494 - gleitzeit.orchestrator.component_orchestrator - INFO - [workflow_loader-1:stderr] "code": "\nfor key, value in inputs.items():\n    if isinstance(value, dict) and 'step' in value and value['step'] == 2:\n        result = {'step': 3, 'value': value['value'] + 5}\n        break\n"
[2025-11-04 16:43:09] [STDERR] 2025-11-04 16:43:09,494 - gleitzeit.orchestrator.component_orchestrator - INFO - [workflow_loader-1:stderr] },
[2025-11-04 16:43:09] [STDERR] 2025-11-04 16:43:09,494 - gleitzeit.orchestrator.component_orchestrator - INFO - [workflow_loader-1:stderr] "dependencies": [
[2025-11-04 16:43:09] [STDERR] 2025-11-04 16:43:09,495 - gleitzeit.orchestrator.component_orchestrator - INFO - [workflow_loader-1:stderr] "task2"
[2025-11-04 16:43:09] [STDERR] 2025-11-04 16:43:09,495 - gleitzeit.orchestrator.component_orchestrator - INFO - [workflow_loader-1:stderr] ]
[2025-11-04 16:43:09] [STDERR] 2025-11-04 16:43:09,495 - gleitzeit.orchestrator.component_orchestrator - INFO - [workflow_loader-1:stderr] }
[2025-11-04 16:43:09] [STDERR] 2025-11-04 16:43:09,495 - gleitzeit.orchestrator.component_orchestrator - INFO - [workflow_loader-1:stderr] ],
[2025-11-04 16:43:09] [STDERR] 2025-11-04 16:43:09,495 - gleitzeit.orchestrator.component_orchestrator - INFO - [workflow_loader-1:stderr] "workflow_id": "workflow-8eceb88c-662d-4309-b12a-224a985b8a2f"
[2025-11-04 16:43:09] [STDERR] 2025-11-04 16:43:09,495 - gleitzeit.orchestrator.component_orchestrator - INFO - [workflow_loader-1:stderr] }
[2025-11-04 16:43:09] [STDERR] 2025-11-04 16:43:09,495 - gleitzeit.orchestrator.component_orchestrator - INFO - [workflow_loader-1:stderr] 2025-11-04 16:43:09,489 - gleitzeit.workers.workflow_loader_worker_v2 - INFO - Workflow after transform: {
[2025-11-04 16:43:09] [STDERR] 2025-11-04 16:43:09,495 - gleitzeit.orchestrator.component_orchestrator - INFO - [workflow_loader-1:stderr] "id": "workflow-8eceb88c-662d-4309-b12a-224a985b8a2f",
[2025-11-04 16:43:09] [STDERR] 2025-11-04 16:43:09,495 - gleitzeit.orchestrator.component_orchestrator - INFO - [workflow_loader-1:stderr] "name": "multi-task-workflow",
[2025-11-04 16:43:09] [STDERR] 2025-11-04 16:43:09,495 - gleitzeit.orchestrator.component_orchestrator - INFO - [workflow_loader-1:stderr] "description": "",
[2025-11-04 16:43:09] [STDERR] 2025-11-04 16:43:09,495 - gleitzeit.orchestrator.component_orchestrator - INFO - [workflow_loader-1:stderr] "version": "1.0.0",
[2025-11-04 16:43:09] [STDERR] 2025-11-04 16:43:09,495 - gleitzeit.orchestrator.component_orchestrator - INFO - [workflow_loader-1:stderr] "created_at": "2025-11-04T15:43:09.489440",
[2025-11-04 16:43:09] [STDERR] 2025-11-04 16:43:09,496 - gleitzeit.orchestrator.component_orchestrator - INFO - [workflow_loader-1:stderr] "tasks": [
[2025-11-04 16:43:09] [STDERR] 2025-11-04 16:43:09,496 - gleitzeit.orchestrator.component_orchestrator - INFO - [workflow_loader-1:stderr] {
[2025-11-04 16:43:09] [STDERR] 2025-11-04 16:43:09,496 - gleitzeit.orchestrator.component_orchestrator - INFO - [workflow_loader-1:stderr] "id": "e319ed33-bcf0-4ad8-9fca-175a9c363257",
[2025-11-04 16:43:09] [STDERR] 2025-11-04 16:43:09,496 - gleitzeit.orchestrator.component_orchestrator - INFO - [workflow_loader-1:stderr] "workflow_id": "workflow-8eceb88c-662d-4309-b12a-224a985b8a2f",
[2025-11-04 16:43:09] [STDERR] 2025-11-04 16:43:09,496 - gleitzeit.orchestrator.component_orchestrator - INFO - [workflow_loader-1:stderr] "name": "task1",
[2025-11-04 16:43:09] [STDERR] 2025-11-04 16:43:09,496 - gleitzeit.orchestrator.component_orchestrator - INFO - [workflow_loader-1:stderr] "description": "",
[2025-11-04 16:43:09] [STDERR] 2025-11-04 16:43:09,496 - gleitzeit.orchestrator.component_orchestrator - INFO - [workflow_loader-1:stderr] "protocol": "python/v1",
[2025-11-04 16:43:09] [STDERR] 2025-11-04 16:43:09,496 - gleitzeit.orchestrator.component_orchestrator - INFO - [workflow_loader-1:stderr] "method": "python/execute",
[2025-11-04 16:43:09] [STDERR] 2025-11-04 16:43:09,496 - gleitzeit.orchestrator.component_orchestrator - INFO - [workflow_loader-1:stderr] "params": {
[2025-11-04 16:43:09] [STDERR] 2025-11-04 16:43:09,496 - gleitzeit.orchestrator.component_orchestrator - INFO - [workflow_loader-1:stderr] "code": "result = {'step': 1, 'value': 10}"
[2025-11-04 16:43:09] [STDERR] 2025-11-04 16:43:09,497 - gleitzeit.orchestrator.component_orchestrator - INFO - [workflow_loader-1:stderr] },
[2025-11-04 16:43:09] [STDERR] 2025-11-04 16:43:09,497 - gleitzeit.orchestrator.component_orchestrator - INFO - [workflow_loader-1:stderr] "dependencies": [],
[2025-11-04 16:43:09] [STDERR] 2025-11-04 16:43:09,497 - gleitzeit.orchestrator.component_orchestrator - INFO - [workflow_loader-1:stderr] "timeout": 300,
[2025-11-04 16:43:09] [STDERR] 2025-11-04 16:43:09,497 - gleitzeit.orchestrator.component_orchestrator - INFO - [workflow_loader-1:stderr] "retry": {
[2025-11-04 16:43:09] [STDERR] 2025-11-04 16:43:09,497 - gleitzeit.orchestrator.component_orchestrator - INFO - [workflow_loader-1:stderr] "max_retries": 2,
[2025-11-04 16:43:09] [STDERR] 2025-11-04 16:43:09,497 - gleitzeit.orchestrator.component_orchestrator - INFO - [workflow_loader-1:stderr] "strategy": "exponential_jitter",
[2025-11-04 16:43:09] [STDERR] 2025-11-04 16:43:09,497 - gleitzeit.orchestrator.component_orchestrator - INFO - [workflow_loader-1:stderr] "base_delay": 1.0,
[2025-11-04 16:43:09] [STDERR] 2025-11-04 16:43:09,497 - gleitzeit.orchestrator.component_orchestrator - INFO - [task_execution-1:stderr] 2025-11-04 16:43:09,497 - gleitzeit.workers.task_execution_worker - INFO - Processing task e319ed33-bcf0-4ad8-9fca-175a9c363257 from workflow workflow-8eceb88c-662d-4309-b12a-224a985b8a2f
[2025-11-04 16:43:09] [STDERR] 2025-11-04 16:43:09,497 - gleitzeit.orchestrator.component_orchestrator - INFO - [workflow_loader-1:stderr] "max_delay": 30.0,
[2025-11-04 16:43:09] [STDERR] 2025-11-04 16:43:09,497 - gleitzeit.orchestrator.component_orchestrator - INFO - [workflow_loader-1:stderr] "jitter": true,
[2025-11-04 16:43:09] [STDERR] 2025-11-04 16:43:09,498 - gleitzeit.orchestrator.component_orchestrator - INFO - [workflow_loader-1:stderr] "multiplier": 2.0
[2025-11-04 16:43:09] [STDERR] 2025-11-04 16:43:09,498 - gleitzeit.orchestrator.component_orchestrator - INFO - [workflow_loader-1:stderr] }
[2025-11-04 16:43:09] [STDERR] 2025-11-04 16:43:09,498 - gleitzeit.orchestrator.component_orchestrator - INFO - [workflow_loader-1:stderr] },
[2025-11-04 16:43:09] [STDERR] 2025-11-04 16:43:09,498 - gleitzeit.orchestrator.component_orchestrator - INFO - [workflow_loader-1:stderr] {
[2025-11-04 16:43:09] [STDERR] 2025-11-04 16:43:09,498 - gleitzeit.orchestrator.component_orchestrator - INFO - [workflow_loader-1:stderr] "id": "9cbd569c-c249-4421-b742-b3468316bad2",
[2025-11-04 16:43:09] [STDERR] 2025-11-04 16:43:09,498 - gleitzeit.orchestrator.component_orchestrator - INFO - [workflow_loader-1:stderr] "workflow_id": "workflow-8eceb88c-662d-4309-b12a-224a985b8a2f",
[2025-11-04 16:43:09] [STDERR] 2025-11-04 16:43:09,498 - gleitzeit.orchestrator.component_orchestrator - INFO - [workflow_loader-1:stderr] "name": "task2",
[2025-11-04 16:43:09] [STDERR] 2025-11-04 16:43:09,498 - gleitzeit.orchestrator.component_orchestrator - INFO - [workflow_loader-1:stderr] "description": "",
[2025-11-04 16:43:09] [STDERR] 2025-11-04 16:43:09,498 - gleitzeit.orchestrator.component_orchestrator - INFO - [workflow_loader-1:stderr] "protocol": "python/v1",
[2025-11-04 16:43:09] [STDERR] 2025-11-04 16:43:09,499 - gleitzeit.orchestrator.component_orchestrator - INFO - [workflow_loader-1:stderr] "method": "python/execute",
[2025-11-04 16:43:09] [STDERR] 2025-11-04 16:43:09,499 - gleitzeit.orchestrator.component_orchestrator - INFO - [workflow_loader-1:stderr] "params": {
[2025-11-04 16:43:09] [STDERR] 2025-11-04 16:43:09,499 - gleitzeit.orchestrator.component_orchestrator - INFO - [workflow_loader-1:stderr] "code": "\nfor key, value in inputs.items():\n    if isinstance(value, dict) and 'step' in value:\n        result = {'step': 2, 'value': value['value'] * 2}\n        break\n"
[2025-11-04 16:43:09] [STDERR] 2025-11-04 16:43:09,499 - gleitzeit.orchestrator.component_orchestrator - INFO - [workflow_loader-1:stderr] },
[2025-11-04 16:43:09] [STDERR] 2025-11-04 16:43:09,499 - gleitzeit.orchestrator.component_orchestrator - INFO - [workflow_loader-1:stderr] "dependencies": [
[2025-11-04 16:43:09] [STDERR] 2025-11-04 16:43:09,499 - gleitzeit.orchestrator.component_orchestrator - INFO - [workflow_loader-1:stderr] "e319ed33-bcf0-4ad8-9fca-175a9c363257"
[2025-11-04 16:43:09] [STDERR] 2025-11-04 16:43:09,499 - gleitzeit.orchestrator.component_orchestrator - INFO - [workflow_loader-1:stderr] ],
[2025-11-04 16:43:09] [STDERR] 2025-11-04 16:43:09,499 - gleitzeit.orchestrator.component_orchestrator - INFO - [workflow_loader-1:stderr] "timeout": 300,
[2025-11-04 16:43:09] [STDERR] 2025-11-04 16:43:09,499 - gleitzeit.orchestrator.component_orchestrator - INFO - [workflow_loader-1:stderr] "retry": {
[2025-11-04 16:43:09] [STDERR] 2025-11-04 16:43:09,499 - gleitzeit.orchestrator.component_orchestrator - INFO - [workflow_loader-1:stderr] "max_retries": 2,
[2025-11-04 16:43:09] [STDERR] 2025-11-04 16:43:09,500 - gleitzeit.orchestrator.component_orchestrator - INFO - [workflow_loader-1:stderr] "strategy": "exponential_jitter",
[2025-11-04 16:43:09] [STDERR] 2025-11-04 16:43:09,500 - gleitzeit.orchestrator.component_orchestrator - INFO - [workflow_loader-1:stderr] "base_delay": 1.0,
[2025-11-04 16:43:09] [STDERR] 2025-11-04 16:43:09,500 - gleitzeit.orchestrator.component_orchestrator - INFO - [workflow_loader-1:stderr] "max_delay": 30.0,
[2025-11-04 16:43:09] [STDERR] 2025-11-04 16:43:09,500 - gleitzeit.orchestrator.component_orchestrator - INFO - [workflow_loader-1:stderr] "jitter": true,
[2025-11-04 16:43:09] [STDERR] 2025-11-04 16:43:09,500 - gleitzeit.orchestrator.component_orchestrator - INFO - [workflow_loader-1:stderr] "multiplier": 2.0
[2025-11-04 16:43:09] [STDERR] 2025-11-04 16:43:09,500 - gleitzeit.orchestrator.component_orchestrator - INFO - [task_execution-1:stderr] 2025-11-04 16:43:09,500 - gleitzeit.workers.task_execution_worker - INFO - Executing task e319ed33-bcf0-4ad8-9fca-175a9c363257 with handler PythonHandler
[2025-11-04 16:43:09] [STDERR] 2025-11-04 16:43:09,500 - gleitzeit.orchestrator.component_orchestrator - INFO - [workflow_loader-1:stderr] }
[2025-11-04 16:43:09] [STDERR] 2025-11-04 16:43:09,500 - gleitzeit.orchestrator.component_orchestrator - INFO - [workflow_loader-1:stderr] },
[2025-11-04 16:43:09] [STDERR] 2025-11-04 16:43:09,500 - gleitzeit.orchestrator.component_orchestrator - INFO - [workflow_loader-1:stderr] {
[2025-11-04 16:43:09] [STDERR] 2025-11-04 16:43:09,500 - gleitzeit.orchestrator.component_orchestrator - INFO - [workflow_loader-1:stderr] "id": "cbb92788-4267-4613-83ba-9352655eb366",
[2025-11-04 16:43:09] [STDERR] 2025-11-04 16:43:09,501 - gleitzeit.orchestrator.component_orchestrator - INFO - [workflow_loader-1:stderr] "workflow_id": "workflow-8eceb88c-662d-4309-b12a-224a985b8a2f",
[2025-11-04 16:43:09] [STDERR] 2025-11-04 16:43:09,501 - gleitzeit.orchestrator.component_orchestrator - INFO - [workflow_loader-1:stderr] "name": "task3",
[2025-11-04 16:43:09] [STDERR] 2025-11-04 16:43:09,501 - gleitzeit.orchestrator.component_orchestrator - INFO - [workflow_loader-1:stderr] "description": "",
[2025-11-04 16:43:09] [STDERR] 2025-11-04 16:43:09,501 - gleitzeit.orchestrator.component_orchestrator - INFO - [workflow_loader-1:stderr] "protocol": "python/v1",
[2025-11-04 16:43:09] [STDERR] 2025-11-04 16:43:09,501 - gleitzeit.orchestrator.component_orchestrator - INFO - [workflow_loader-1:stderr] "method": "python/execute",
[2025-11-04 16:43:09] [STDERR] 2025-11-04 16:43:09,501 - gleitzeit.orchestrator.component_orchestrator - INFO - [workflow_loader-1:stderr] "params": {
[2025-11-04 16:43:09] [STDERR] 2025-11-04 16:43:09,501 - gleitzeit.orchestrator.component_orchestrator - INFO - [workflow_loader-1:stderr] "code": "\nfor key, value in inputs.items():\n    if isinstance(value, dict) and 'step' in value and value['step'] == 2:\n        result = {'step': 3, 'value': value['value'] + 5}\n        break\n"
[2025-11-04 16:43:09] [STDERR] 2025-11-04 16:43:09,501 - gleitzeit.orchestrator.component_orchestrator - INFO - [workflow_loader-1:stderr] },
[2025-11-04 16:43:09] [STDERR] 2025-11-04 16:43:09,501 - gleitzeit.orchestrator.component_orchestrator - INFO - [workflow_loader-1:stderr] "dependencies": [
[2025-11-04 16:43:09] [STDERR] 2025-11-04 16:43:09,501 - gleitzeit.orchestrator.component_orchestrator - INFO - [workflow_loader-1:stderr] "9cbd569c-c249-4421-b742-b3468316bad2"
[2025-11-04 16:43:09] [STDERR] 2025-11-04 16:43:09,501 - gleitzeit.orchestrator.component_orchestrator - INFO - [workflow_loader-1:stderr] ],
[2025-11-04 16:43:09] [STDERR] 2025-11-04 16:43:09,502 - gleitzeit.orchestrator.component_orchestrator - INFO - [workflow_loader-1:stderr] "timeout": 300,
[2025-11-04 16:43:09] [STDERR] 2025-11-04 16:43:09,502 - gleitzeit.orchestrator.component_orchestrator - INFO - [workflow_loader-1:stderr] "retry": {
[2025-11-04 16:43:09] [STDERR] 2025-11-04 16:43:09,502 - gleitzeit.orchestrator.component_orchestrator - INFO - [workflow_loader-1:stderr] "max_retries": 2,
[2025-11-04 16:43:09] [STDERR] 2025-11-04 16:43:09,502 - gleitzeit.orchestrator.component_orchestrator - INFO - [workflow_loader-1:stderr] "strategy": "exponential_jitter",
[2025-11-04 16:43:09] [STDERR] 2025-11-04 16:43:09,502 - gleitzeit.orchestrator.component_orchestrator - INFO - [workflow_loader-1:stderr] "base_delay": 1.0,
[2025-11-04 16:43:09] [STDERR] 2025-11-04 16:43:09,502 - gleitzeit.orchestrator.component_orchestrator - INFO - [workflow_loader-1:stderr] "max_delay": 30.0,
[2025-11-04 16:43:09] [STDERR] 2025-11-04 16:43:09,502 - gleitzeit.orchestrator.component_orchestrator - INFO - [workflow_loader-1:stderr] "jitter": true,
[2025-11-04 16:43:09] [STDERR] 2025-11-04 16:43:09,502 - gleitzeit.orchestrator.component_orchestrator - INFO - [workflow_loader-1:stderr] "multiplier": 2.0
[2025-11-04 16:43:09] [STDERR] 2025-11-04 16:43:09,502 - gleitzeit.orchestrator.component_orchestrator - INFO - [workflow_loader-1:stderr] }
[2025-11-04 16:43:09] [STDERR] 2025-11-04 16:43:09,503 - gleitzeit.orchestrator.component_orchestrator - INFO - [workflow_loader-1:stderr] }
[2025-11-04 16:43:09] [STDERR] 2025-11-04 16:43:09,503 - gleitzeit.orchestrator.component_orchestrator - INFO - [workflow_loader-1:stderr] ]
[2025-11-04 16:43:09] [STDERR] 2025-11-04 16:43:09,503 - gleitzeit.orchestrator.component_orchestrator - INFO - [workflow_loader-1:stderr] }
[2025-11-04 16:43:09] [STDERR] 2025-11-04 16:43:09,503 - gleitzeit.orchestrator.component_orchestrator - INFO - [workflow_loader-1:stderr] 2025-11-04 16:43:09,496 - gleitzeit.workers.workflow_loader_worker_v2 - INFO - Workflow workflow-8eceb88c-662d-4309-b12a-224a985b8a2f loaded and submitted to shard 1 with indexes
[2025-11-04 16:43:09] [STDERR] 2025-11-04 16:43:09,504 - gleitzeit.orchestrator.component_orchestrator - INFO - [task_execution-1:stderr] 2025-11-04 16:43:09,504 - gleitzeit.workers.task_execution_worker - INFO - Task e319ed33-bcf0-4ad8-9fca-175a9c363257 completed successfully by handler 000a828f-7964-4fa0-b9d0-e539ac0c9860
[2025-11-04 16:43:09] [STDERR] 2025-11-04 16:43:09,504 - gleitzeit.orchestrator.component_orchestrator - INFO - [dependency-0:stderr] 2025-11-04 16:43:09,504 - gleitzeit.workers.dependency_worker - INFO - Processing task completion: e319ed33-bcf0-4ad8-9fca-175a9c363257 from workflow workflow-8eceb88c-662d-4309-b12a-224a985b8a2f
[2025-11-04 16:43:09] [STDERR] 2025-11-04 16:43:09,510 - gleitzeit.orchestrator.component_orchestrator - INFO - [dependency-0:stderr] 2025-11-04 16:43:09,510 - gleitzeit.workers.dependency_worker - INFO - Emitted ready task 9cbd569c-c249-4421-b742-b3468316bad2 to shard 1
[2025-11-04 16:43:09] [STDERR] 2025-11-04 16:43:09,511 - gleitzeit.orchestrator.component_orchestrator - WARNING - [dependency-0:stderr] 2025-11-04 16:43:09,511 - gleitzeit.workers.dependency_worker - WARNING - Workflow workflow-8eceb88c-662d-4309-b12a-224a985b8a2f not found
[2025-11-04 16:43:09] [STDERR] 2025-11-04 16:43:09,511 - gleitzeit.orchestrator.component_orchestrator - INFO - [dependency-0:stderr] 2025-11-04 16:43:09,511 - gleitzeit.workers.dependency_worker - INFO - Transitioning workflow workflow-8eceb88c-662d-4309-b12a-224a985b8a2f from running to pending (task counts: {'completed': 0, 'failed': 0, 'scheduled': 0, 'waiting': 0, 'pending': 0, 'cancelled': 0, 'paused': 0})
[2025-11-04 16:43:09] [STDERR] 2025-11-04 16:43:09,521 - gleitzeit.orchestrator.component_orchestrator - INFO - [task_execution-1:stderr] 2025-11-04 16:43:09,521 - gleitzeit.workers.task_execution_worker - INFO - Processing task cbb92788-4267-4613-83ba-9352655eb366 from workflow workflow-8eceb88c-662d-4309-b12a-224a985b8a2f
[2025-11-04 16:43:09] [STDERR] 2025-11-04 16:43:09,523 - gleitzeit.orchestrator.component_orchestrator - INFO - [task_execution-1:stderr] 2025-11-04 16:43:09,523 - gleitzeit.workers.task_execution_worker - INFO - Executing task cbb92788-4267-4613-83ba-9352655eb366 with handler PythonHandler
[2025-11-04 16:43:09] [STDERR] 2025-11-04 16:43:09,529 - gleitzeit.orchestrator.component_orchestrator - INFO - [task_execution-1:stderr] 2025-11-04 16:43:09,529 - gleitzeit.workers.task_execution_worker - INFO - Task cbb92788-4267-4613-83ba-9352655eb366 completed successfully by handler 000a828f-7964-4fa0-b9d0-e539ac0c9860
[2025-11-04 16:43:11] [STDERR] 2025-11-04 16:43:11,630 - gleitzeit.orchestrator.component_orchestrator - INFO - [signal-0:stderr] 2025-11-04 16:43:11,629 - gleitzeit.workers.signal_worker - INFO - Signal processing loop iteration 3200
[2025-11-04 16:43:18] [STDERR] 2025-11-04 16:43:18,233 - gleitzeit.orchestrator.component_orchestrator - INFO - [workflow_loader-1:stderr] 2025-11-04 16:43:18,233 - gleitzeit.workers.workflow_loader_worker_v2 - INFO - Loading workflow workflow-27ab3481-d0d1-473d-a530-687a5df1097c from inline
[2025-11-04 16:43:18] [STDERR] 2025-11-04 16:43:18,234 - gleitzeit.orchestrator.component_orchestrator - INFO - [workflow_loader-1:stderr] 2025-11-04 16:43:18,234 - gleitzeit.workers.workflow_loader_worker_v2 - INFO - Raw workflow before transform: {
[2025-11-04 16:43:18] [STDERR] 2025-11-04 16:43:18,234 - gleitzeit.orchestrator.component_orchestrator - INFO - [workflow_loader-1:stderr] "name": "failing-workflow",
[2025-11-04 16:43:18] [STDERR] 2025-11-04 16:43:18,234 - gleitzeit.orchestrator.component_orchestrator - INFO - [workflow_loader-1:stderr] "tasks": [
[2025-11-04 16:43:18] [STDERR] 2025-11-04 16:43:18,235 - gleitzeit.orchestrator.component_orchestrator - INFO - [workflow_loader-1:stderr] {
[2025-11-04 16:43:18] [STDERR] 2025-11-04 16:43:18,235 - gleitzeit.orchestrator.component_orchestrator - INFO - [workflow_loader-1:stderr] "name": "will_fail",
[2025-11-04 16:43:18] [STDERR] 2025-11-04 16:43:18,235 - gleitzeit.orchestrator.component_orchestrator - INFO - [workflow_loader-1:stderr] "protocol": "python/v1",
[2025-11-04 16:43:18] [STDERR] 2025-11-04 16:43:18,235 - gleitzeit.orchestrator.component_orchestrator - INFO - [workflow_loader-1:stderr] "method": "python/execute",
[2025-11-04 16:43:18] [STDERR] 2025-11-04 16:43:18,235 - gleitzeit.orchestrator.component_orchestrator - INFO - [workflow_loader-1:stderr] "params": {
[2025-11-04 16:43:18] [STDERR] 2025-11-04 16:43:18,235 - gleitzeit.orchestrator.component_orchestrator - INFO - [workflow_loader-1:stderr] "code": "raise ValueError('Intentional failure for testing')"
[2025-11-04 16:43:18] [STDERR] 2025-11-04 16:43:18,235 - gleitzeit.orchestrator.component_orchestrator - INFO - [workflow_loader-1:stderr] }
[2025-11-04 16:43:18] [STDERR] 2025-11-04 16:43:18,235 - gleitzeit.orchestrator.component_orchestrator - INFO - [workflow_loader-1:stderr] }
[2025-11-04 16:43:18] [STDERR] 2025-11-04 16:43:18,235 - gleitzeit.orchestrator.component_orchestrator - INFO - [workflow_loader-1:stderr] ],
[2025-11-04 16:43:18] [STDERR] 2025-11-04 16:43:18,235 - gleitzeit.orchestrator.component_orchestrator - INFO - [workflow_loader-1:stderr] "workflow_id": "workflow-27ab3481-d0d1-473d-a530-687a5df1097c"
[2025-11-04 16:43:18] [STDERR] 2025-11-04 16:43:18,235 - gleitzeit.orchestrator.component_orchestrator - INFO - [workflow_loader-1:stderr] }
[2025-11-04 16:43:18] [STDERR] 2025-11-04 16:43:18,235 - gleitzeit.orchestrator.component_orchestrator - INFO - [workflow_loader-1:stderr] 2025-11-04 16:43:18,234 - gleitzeit.workers.workflow_loader_worker_v2 - INFO - Workflow after transform: {
[2025-11-04 16:43:18] [STDERR] 2025-11-04 16:43:18,235 - gleitzeit.orchestrator.component_orchestrator - INFO - [workflow_loader-1:stderr] "id": "workflow-27ab3481-d0d1-473d-a530-687a5df1097c",
[2025-11-04 16:43:18] [STDERR] 2025-11-04 16:43:18,235 - gleitzeit.orchestrator.component_orchestrator - INFO - [workflow_loader-1:stderr] "name": "failing-workflow",
[2025-11-04 16:43:18] [STDERR] 2025-11-04 16:43:18,236 - gleitzeit.orchestrator.component_orchestrator - INFO - [workflow_loader-1:stderr] "description": "",
[2025-11-04 16:43:18] [STDERR] 2025-11-04 16:43:18,236 - gleitzeit.orchestrator.component_orchestrator - INFO - [workflow_loader-1:stderr] "version": "1.0.0",
[2025-11-04 16:43:18] [STDERR] 2025-11-04 16:43:18,236 - gleitzeit.orchestrator.component_orchestrator - INFO - [workflow_loader-1:stderr] "created_at": "2025-11-04T15:43:18.234699",
[2025-11-04 16:43:18] [STDERR] 2025-11-04 16:43:18,236 - gleitzeit.orchestrator.component_orchestrator - INFO - [workflow_loader-1:stderr] "tasks": [
[2025-11-04 16:43:18] [STDERR] 2025-11-04 16:43:18,236 - gleitzeit.orchestrator.component_orchestrator - INFO - [workflow_loader-1:stderr] {
[2025-11-04 16:43:18] [STDERR] 2025-11-04 16:43:18,236 - gleitzeit.orchestrator.component_orchestrator - INFO - [workflow_loader-1:stderr] "id": "da58f779-8ae9-4573-9f67-0766c852a687",
[2025-11-04 16:43:18] [STDERR] 2025-11-04 16:43:18,236 - gleitzeit.orchestrator.component_orchestrator - INFO - [workflow_loader-1:stderr] "workflow_id": "workflow-27ab3481-d0d1-473d-a530-687a5df1097c",
[2025-11-04 16:43:18] [STDERR] 2025-11-04 16:43:18,236 - gleitzeit.orchestrator.component_orchestrator - INFO - [workflow_loader-1:stderr] "name": "will_fail",
[2025-11-04 16:43:18] [STDERR] 2025-11-04 16:43:18,236 - gleitzeit.orchestrator.component_orchestrator - INFO - [workflow_loader-1:stderr] "description": "",
[2025-11-04 16:43:18] [STDERR] 2025-11-04 16:43:18,236 - gleitzeit.orchestrator.component_orchestrator - INFO - [workflow_loader-1:stderr] "protocol": "python/v1",
[2025-11-04 16:43:18] [STDERR] 2025-11-04 16:43:18,236 - gleitzeit.orchestrator.component_orchestrator - INFO - [workflow_loader-1:stderr] "method": "python/execute",
[2025-11-04 16:43:18] [STDERR] 2025-11-04 16:43:18,236 - gleitzeit.orchestrator.component_orchestrator - INFO - [workflow_loader-1:stderr] "params": {
[2025-11-04 16:43:18] [STDERR] 2025-11-04 16:43:18,236 - gleitzeit.orchestrator.component_orchestrator - INFO - [workflow_loader-1:stderr] "code": "raise ValueError('Intentional failure for testing')"
[2025-11-04 16:43:18] [STDERR] 2025-11-04 16:43:18,236 - gleitzeit.orchestrator.component_orchestrator - INFO - [workflow_loader-1:stderr] },
[2025-11-04 16:43:18] [STDERR] 2025-11-04 16:43:18,236 - gleitzeit.orchestrator.component_orchestrator - INFO - [workflow_loader-1:stderr] "dependencies": [],
[2025-11-04 16:43:18] [STDERR] 2025-11-04 16:43:18,237 - gleitzeit.orchestrator.component_orchestrator - INFO - [workflow_loader-1:stderr] "timeout": 300,
[2025-11-04 16:43:18] [STDERR] 2025-11-04 16:43:18,237 - gleitzeit.orchestrator.component_orchestrator - INFO - [workflow_loader-1:stderr] "retry": {
[2025-11-04 16:43:18] [STDERR] 2025-11-04 16:43:18,237 - gleitzeit.orchestrator.component_orchestrator - INFO - [workflow_loader-1:stderr] "max_retries": 2,
[2025-11-04 16:43:18] [STDERR] 2025-11-04 16:43:18,237 - gleitzeit.orchestrator.component_orchestrator - INFO - [workflow_loader-1:stderr] "strategy": "exponential_jitter",
[2025-11-04 16:43:18] [STDERR] 2025-11-04 16:43:18,237 - gleitzeit.orchestrator.component_orchestrator - INFO - [workflow_loader-1:stderr] "base_delay": 1.0,
[2025-11-04 16:43:18] [STDERR] 2025-11-04 16:43:18,237 - gleitzeit.orchestrator.component_orchestrator - INFO - [workflow_loader-1:stderr] "max_delay": 30.0,
[2025-11-04 16:43:18] [STDERR] 2025-11-04 16:43:18,237 - gleitzeit.orchestrator.component_orchestrator - INFO - [workflow_loader-1:stderr] "jitter": true,
[2025-11-04 16:43:18] [STDERR] 2025-11-04 16:43:18,237 - gleitzeit.orchestrator.component_orchestrator - INFO - [workflow_loader-1:stderr] "multiplier": 2.0
[2025-11-04 16:43:18] [STDERR] 2025-11-04 16:43:18,237 - gleitzeit.orchestrator.component_orchestrator - INFO - [workflow_loader-1:stderr] }
[2025-11-04 16:43:18] [STDERR] 2025-11-04 16:43:18,237 - gleitzeit.orchestrator.component_orchestrator - INFO - [workflow_loader-1:stderr] }
[2025-11-04 16:43:18] [STDERR] 2025-11-04 16:43:18,237 - gleitzeit.orchestrator.component_orchestrator - INFO - [workflow_loader-1:stderr] ]
[2025-11-04 16:43:18] [STDERR] 2025-11-04 16:43:18,237 - gleitzeit.orchestrator.component_orchestrator - INFO - [workflow_loader-1:stderr] }
[2025-11-04 16:43:18] [STDERR] 2025-11-04 16:43:18,237 - gleitzeit.orchestrator.component_orchestrator - INFO - [workflow_loader-1:stderr] 2025-11-04 16:43:18,237 - gleitzeit.workers.workflow_loader_worker_v2 - INFO - Workflow workflow-27ab3481-d0d1-473d-a530-687a5df1097c loaded and submitted to shard 7 with indexes
[2025-11-04 16:43:18] [STDERR] 2025-11-04 16:43:18,269 - gleitzeit.orchestrator.component_orchestrator - INFO - [dependency-0:stderr] 2025-11-04 16:43:18,269 - gleitzeit.workers.dependency_worker - INFO - Processing task failure: da58f779-8ae9-4573-9f67-0766c852a687 from workflow workflow-27ab3481-d0d1-473d-a530-687a5df1097c
[2025-11-04 16:43:18] [STDERR] 2025-11-04 16:43:18,270 - gleitzeit.orchestrator.component_orchestrator - INFO - [retry-0:stderr] 2025-11-04 16:43:18,269 - gleitzeit.workers.retry_worker - INFO - Retry decision for da58f779-8ae9-4573-9f67-0766c852a687: skip (attempt 0)
[2025-11-04 16:43:18] [STDERR] 2025-11-04 16:43:18,270 - gleitzeit.orchestrator.component_orchestrator - WARNING - [dependency-0:stderr] 2025-11-04 16:43:18,270 - gleitzeit.workers.dependency_worker - WARNING - Task da58f779-8ae9-4573-9f67-0766c852a687 failed - applying HARD FAIL policy for workflow workflow-27ab3481-d0d1-473d-a530-687a5df1097c
[2025-11-04 16:43:18] [STDERR] 2025-11-04 16:43:18,270 - gleitzeit.orchestrator.component_orchestrator - INFO - [dependency-0:stderr] 2025-11-04 16:43:18,270 - gleitzeit.workers.dependency_worker - INFO - Workflow workflow-27ab3481-d0d1-473d-a530-687a5df1097c marked as FAILED due to task da58f779-8ae9-4573-9f67-0766c852a687 failure (hard fail policy)
[2025-11-04 16:43:18] [STDERR] 2025-11-04 16:43:18,272 - gleitzeit.orchestrator.component_orchestrator - WARNING - [retry-0:stderr] 2025-11-04 16:43:18,271 - gleitzeit.workers.retry_worker - WARNING - Task da58f779-8ae9-4573-9f67-0766c852a687 permanently failed: skip ({'reason': 'non_retryable_error'})
[2025-11-04 16:43:21] [STDERR] 2025-11-04 16:43:21,650 - gleitzeit.orchestrator.component_orchestrator - INFO - [signal-0:stderr] 2025-11-04 16:43:21,649 - gleitzeit.workers.signal_worker - INFO - Signal processing loop iteration 3220
[2025-11-04 16:43:28] [STDERR] 2025-11-04 16:43:28,701 - gleitzeit.orchestrator.component_orchestrator - INFO - [task_execution-1:stderr] 2025-11-04 16:43:28,701 - gleitzeit.workers.task_execution_worker - INFO - Processing task 39028aa9-8dae-4f1a-96b9-d226632dd5ab from workflow workflow-dbdfb98c-d5a6-453c-b221-1e85f86ba015
[2025-11-04 16:43:28] [STDERR] 2025-11-04 16:43:28,704 - gleitzeit.orchestrator.component_orchestrator - INFO - [task_execution-1:stderr] 2025-11-04 16:43:28,704 - gleitzeit.workers.task_execution_worker - INFO - Executing task 39028aa9-8dae-4f1a-96b9-d226632dd5ab with handler PythonHandler
[2025-11-04 16:43:28] [STDERR] 2025-11-04 16:43:28,710 - gleitzeit.orchestrator.component_orchestrator - INFO - [task_execution-1:stderr] 2025-11-04 16:43:28,710 - gleitzeit.workers.task_execution_worker - INFO - Task 39028aa9-8dae-4f1a-96b9-d226632dd5ab completed successfully by handler 000a828f-7964-4fa0-b9d0-e539ac0c9860
[2025-11-04 16:43:28] [STDERR] 2025-11-04 16:43:28,711 - gleitzeit.orchestrator.component_orchestrator - INFO - [dependency-0:stderr] 2025-11-04 16:43:28,710 - gleitzeit.workers.dependency_worker - INFO - Processing task completion: 39028aa9-8dae-4f1a-96b9-d226632dd5ab from workflow workflow-dbdfb98c-d5a6-453c-b221-1e85f86ba015
[2025-11-04 16:43:28] [STDERR] 2025-11-04 16:43:28,718 - gleitzeit.orchestrator.component_orchestrator - INFO - [dependency-0:stderr] 2025-11-04 16:43:28,717 - gleitzeit.workers.dependency_worker - INFO - Emitted ready task 486b10c6-c496-4e4a-8ef0-e3869fffe944 to shard 13
[2025-11-04 16:43:28] [STDERR] 2025-11-04 16:43:28,720 - gleitzeit.orchestrator.component_orchestrator - WARNING - [dependency-0:stderr] 2025-11-04 16:43:28,720 - gleitzeit.workers.dependency_worker - WARNING - Workflow workflow-dbdfb98c-d5a6-453c-b221-1e85f86ba015 not found
[2025-11-04 16:43:28] [STDERR] 2025-11-04 16:43:28,720 - gleitzeit.orchestrator.component_orchestrator - INFO - [dependency-0:stderr] 2025-11-04 16:43:28,720 - gleitzeit.workers.dependency_worker - INFO - Transitioning workflow workflow-dbdfb98c-d5a6-453c-b221-1e85f86ba015 from running to pending (task counts: {'completed': 0, 'failed': 0, 'scheduled': 0, 'waiting': 0, 'pending': 0, 'cancelled': 0, 'paused': 0})
[2025-11-04 16:43:28] [STDERR] 2025-11-04 16:43:28,734 - gleitzeit.orchestrator.component_orchestrator - INFO - [task_execution-1:stderr] 2025-11-04 16:43:28,733 - gleitzeit.workers.task_execution_worker - INFO - Processing task cc45b8cd-43d1-4776-823a-6077c1c735dc from workflow workflow-dbdfb98c-d5a6-453c-b221-1e85f86ba015
[2025-11-04 16:43:28] [STDERR] 2025-11-04 16:43:28,738 - gleitzeit.orchestrator.component_orchestrator - INFO - [task_execution-1:stderr] 2025-11-04 16:43:28,737 - gleitzeit.workers.task_execution_worker - INFO - Executing task cc45b8cd-43d1-4776-823a-6077c1c735dc with handler PythonHandler
[2025-11-04 16:43:28] [STDERR] 2025-11-04 16:43:28,741 - gleitzeit.orchestrator.component_orchestrator - INFO - [task_execution-1:stderr] 2025-11-04 16:43:28,741 - gleitzeit.workers.task_execution_worker - INFO - Task cc45b8cd-43d1-4776-823a-6077c1c735dc completed successfully by handler 000a828f-7964-4fa0-b9d0-e539ac0c9860
[2025-11-04 16:43:31] [STDERR] 2025-11-04 16:43:31,671 - gleitzeit.orchestrator.component_orchestrator - INFO - [signal-0:stderr] 2025-11-04 16:43:31,670 - gleitzeit.workers.signal_worker - INFO - Signal processing loop iteration 3240
[2025-11-04 16:43:36] [STDERR] 2025-11-04 16:43:36,001 - gleitzeit.orchestrator.component_orchestrator - INFO - [dependency-0:stderr] 2025-11-04 16:43:36,001 - gleitzeit.workers.dependency_worker - INFO - Processing task completion: 4cf58368-6915-4060-97dc-514094c8eb79 from workflow workflow-d249f071-52f8-4ce3-879d-4abbd5b44397
[2025-11-04 16:43:36] [STDERR] 2025-11-04 16:43:36,003 - gleitzeit.orchestrator.component_orchestrator - INFO - [dependency-0:stderr] 2025-11-04 16:43:36,003 - gleitzeit.workers.dependency_worker - INFO - Workflow workflow-d249f071-52f8-4ce3-879d-4abbd5b44397 completed successfully!
[2025-11-04 16:43:37] [STDERR] 2025-11-04 16:43:37,544 - gleitzeit.orchestrator.component_orchestrator - WARNING - Worker api-0 unhealthy, restarting
[2025-11-04 16:43:37] [STDERR] 2025-11-04 16:43:37,544 - gleitzeit.orchestrator.component_orchestrator - INFO - Restarting worker api-0
[2025-11-04 16:43:37] [STDERR] 2025-11-04 16:43:37,544 - gleitzeit.orchestrator.component_orchestrator - INFO - Stopping worker api-0
[2025-11-04 16:43:37] [STDERR] 2025-11-04 16:43:37,544 - gleitzeit.orchestrator.component_orchestrator - INFO - Starting worker api-0 with shards [0, 1, 2, 3, 4, 5, 6, 7, 8, 9, 10, 11, 12, 13, 14, 15]
[2025-11-04 16:43:37] [STDERR] 2025-11-04 16:43:37,545 - gleitzeit.orchestrator.component_orchestrator - INFO - Stored config for api-0 at key: worker:config:api-0:08f49c2c
[2025-11-04 16:43:37] [STDERR] 2025-11-04 16:43:37,550 - gleitzeit.orchestrator.component_orchestrator - WARNING - Worker ui-0 unhealthy, restarting
[2025-11-04 16:43:37] [STDERR] 2025-11-04 16:43:37,550 - gleitzeit.orchestrator.component_orchestrator - INFO - Restarting worker ui-0
[2025-11-04 16:43:37] [STDERR] 2025-11-04 16:43:37,550 - gleitzeit.orchestrator.component_orchestrator - INFO - Stopping worker ui-0
[2025-11-04 16:43:37] [STDERR] 2025-11-04 16:43:37,550 - gleitzeit.orchestrator.component_orchestrator - INFO - Starting worker ui-0 with shards [0, 1, 2, 3, 4, 5, 6, 7, 8, 9, 10, 11, 12, 13, 14, 15]
[2025-11-04 16:43:37] [STDERR] 2025-11-04 16:43:37,550 - gleitzeit.orchestrator.component_orchestrator - INFO - Stored config for ui-0 at key: worker:config:ui-0:34d3f692
[2025-11-04 16:43:37] [STDERR] 2025-11-04 16:43:37,783 - gleitzeit.orchestrator.component_orchestrator - INFO - [api-0:stderr] 2025-11-04 16:43:37,782 - __main__ - INFO - Initialized worker instance identity: gleitzei-529d6f54
[2025-11-04 16:43:37] [STDERR] 2025-11-04 16:43:37,783 - gleitzeit.orchestrator.component_orchestrator - INFO - [ui-0:stderr] 2025-11-04 16:43:37,782 - __main__ - INFO - Initialized worker instance identity: gleitzei-529d6f54
[2025-11-04 16:43:37] [STDERR] 2025-11-04 16:43:37,783 - gleitzeit.orchestrator.component_orchestrator - INFO - [api-0:stderr] 2025-11-04 16:43:37,783 - __main__ - INFO - Loading configuration from Redis key: worker:config:api-0:08f49c2c
[2025-11-04 16:43:37] [STDERR] 2025-11-04 16:43:37,783 - gleitzeit.orchestrator.component_orchestrator - INFO - [ui-0:stderr] 2025-11-04 16:43:37,783 - __main__ - INFO - Loading configuration from Redis key: worker:config:ui-0:34d3f692
[2025-11-04 16:43:37] [STDERR] 2025-11-04 16:43:37,785 - gleitzeit.orchestrator.component_orchestrator - INFO - [api-0:stderr] 2025-11-04 16:43:37,785 - __main__ - INFO - Loaded config for worker api-0
[2025-11-04 16:43:37] [STDERR] 2025-11-04 16:43:37,785 - gleitzeit.orchestrator.component_orchestrator - INFO - [ui-0:stderr] 2025-11-04 16:43:37,785 - __main__ - INFO - Loaded config for worker ui-0
[2025-11-04 16:43:37] [STDERR] 2025-11-04 16:43:37,803 - gleitzeit.orchestrator.component_orchestrator - INFO - [api-0:stderr] 2025-11-04 16:43:37,803 - __main__ - INFO - Worker api-0 handler configs: ['python/v1', 'ollama/v1', 'http/v1', 'file/v1', 'timer/v1', 'signal/v1', 'workflow/v1']
[2025-11-04 16:43:37] [STDERR] 2025-11-04 16:43:37,803 - gleitzeit.orchestrator.component_orchestrator - INFO - [ui-0:stderr] 2025-11-04 16:43:37,803 - __main__ - INFO - Worker ui-0 handler configs: ['python/v1', 'ollama/v1', 'http/v1', 'file/v1', 'timer/v1', 'signal/v1', 'workflow/v1']
[2025-11-04 16:43:37] [STDERR] 2025-11-04 16:43:37,803 - gleitzeit.orchestrator.component_orchestrator - INFO - [api-0:stderr] 2025-11-04 16:43:37,803 - gleitzeit.core.redis_cluster - INFO - Redis single instance initialized at localhost:6379
[2025-11-04 16:43:37] [STDERR] 2025-11-04 16:43:37,803 - gleitzeit.orchestrator.component_orchestrator - INFO - [ui-0:stderr] 2025-11-04 16:43:37,803 - gleitzeit.core.redis_cluster - INFO - Redis single instance initialized at localhost:6379
[2025-11-04 16:43:37] [STDERR] 2025-11-04 16:43:37,803 - gleitzeit.orchestrator.component_orchestrator - ERROR - [api-0:stderr] 2025-11-04 16:43:37,803 - api.api-0 - ERROR - Cannot start API: Port 8000 is already in use. Either stop the existing service or use --api-port to specify a different port.
[2025-11-04 16:43:37] [STDERR] 2025-11-04 16:43:37,803 - gleitzeit.orchestrator.component_orchestrator - ERROR - [ui-0:stderr] 2025-11-04 16:43:37,803 - ui.ui-0 - ERROR - Cannot start UI: Port 8004 is already in use. Either stop the existing service or use --ui-port to specify a different port.
[2025-11-04 16:43:37] [STDERR] 2025-11-04 16:43:37,804 - gleitzeit.orchestrator.component_orchestrator - ERROR - [api-0:stderr] 2025-11-04 16:43:37,803 - __main__ - ERROR - Worker failed: Cannot start API: Port 8000 is already in use. Either stop the existing service or use --api-port to specify a different port.
[2025-11-04 16:43:37] [STDERR] 2025-11-04 16:43:37,804 - gleitzeit.orchestrator.component_orchestrator - INFO - [api-0:stderr] Traceback (most recent call last):
[2025-11-04 16:43:37] [STDERR] 2025-11-04 16:43:37,804 - gleitzeit.orchestrator.component_orchestrator - INFO - [api-0:stderr] File "/Users/leifmarkthaler/github/gleitzeit 0.0.7/src/gleitzeit/workers/runner.py", line 116, in run_worker
[2025-11-04 16:43:37] [STDERR] 2025-11-04 16:43:37,804 - gleitzeit.orchestrator.component_orchestrator - INFO - [api-0:stderr] await worker.initialize()
[2025-11-04 16:43:37] [STDERR] 2025-11-04 16:43:37,804 - gleitzeit.orchestrator.component_orchestrator - INFO - [api-0:stderr] File "/Users/leifmarkthaler/github/gleitzeit 0.0.7/src/gleitzeit/workers/base.py", line 113, in initialize
[2025-11-04 16:43:37] [STDERR] 2025-11-04 16:43:37,804 - gleitzeit.orchestrator.component_orchestrator - INFO - [api-0:stderr] await self.on_initialize()
[2025-11-04 16:43:37] [STDERR] 2025-11-04 16:43:37,805 - gleitzeit.orchestrator.component_orchestrator - ERROR - [ui-0:stderr] 2025-11-04 16:43:37,803 - __main__ - ERROR - Worker failed: Cannot start UI: Port 8004 is already in use. Either stop the existing service or use --ui-port to specify a different port.
[2025-11-04 16:43:37] [STDERR] 2025-11-04 16:43:37,805 - gleitzeit.orchestrator.component_orchestrator - INFO - [api-0:stderr] File "/Users/leifmarkthaler/github/gleitzeit 0.0.7/src/gleitzeit/workers/api_worker.py", line 45, in on_initialize
[2025-11-04 16:43:37] [STDERR] 2025-11-04 16:43:37,805 - gleitzeit.orchestrator.component_orchestrator - INFO - [ui-0:stderr] Traceback (most recent call last):
[2025-11-04 16:43:37] [STDERR] 2025-11-04 16:43:37,805 - gleitzeit.orchestrator.component_orchestrator - INFO - [api-0:stderr] raise RuntimeError(error_msg)
[2025-11-04 16:43:37] [STDERR] 2025-11-04 16:43:37,805 - gleitzeit.orchestrator.component_orchestrator - INFO - [ui-0:stderr] File "/Users/leifmarkthaler/github/gleitzeit 0.0.7/src/gleitzeit/workers/runner.py", line 116, in run_worker
[2025-11-04 16:43:37] [STDERR] 2025-11-04 16:43:37,805 - gleitzeit.orchestrator.component_orchestrator - INFO - [api-0:stderr] RuntimeError: Cannot start API: Port 8000 is already in use. Either stop the existing service or use --api-port to specify a different port.
[2025-11-04 16:43:37] [STDERR] 2025-11-04 16:43:37,805 - gleitzeit.orchestrator.component_orchestrator - INFO - [ui-0:stderr] await worker.initialize()
[2025-11-04 16:43:37] [STDERR] 2025-11-04 16:43:37,805 - gleitzeit.orchestrator.component_orchestrator - INFO - [ui-0:stderr] File "/Users/leifmarkthaler/github/gleitzeit 0.0.7/src/gleitzeit/workers/base.py", line 113, in initialize
[2025-11-04 16:43:37] [STDERR] 2025-11-04 16:43:37,805 - gleitzeit.orchestrator.component_orchestrator - INFO - [ui-0:stderr] await self.on_initialize()
[2025-11-04 16:43:37] [STDERR] 2025-11-04 16:43:37,805 - gleitzeit.orchestrator.component_orchestrator - INFO - [ui-0:stderr] File "/Users/leifmarkthaler/github/gleitzeit 0.0.7/src/gleitzeit/workers/ui_worker.py", line 46, in on_initialize
[2025-11-04 16:43:37] [STDERR] 2025-11-04 16:43:37,805 - gleitzeit.orchestrator.component_orchestrator - INFO - [ui-0:stderr] raise RuntimeError(error_msg)
[2025-11-04 16:43:37] [STDERR] 2025-11-04 16:43:37,805 - gleitzeit.orchestrator.component_orchestrator - INFO - [ui-0:stderr] RuntimeError: Cannot start UI: Port 8004 is already in use. Either stop the existing service or use --ui-port to specify a different port.
[2025-11-04 16:43:39] [STDERR] 2025-11-04 16:43:39,802 - gleitzeit.orchestrator.component_orchestrator - INFO - [dependency-0:stderr] 2025-11-04 16:43:39,802 - gleitzeit.workers.dependency_worker - INFO - Processing task completion: 7c16f1c5-dfc3-4330-94b8-c6a867cbfe4e from workflow test-workflow-123
[2025-11-04 16:43:39] [STDERR] 2025-11-04 16:43:39,804 - gleitzeit.orchestrator.component_orchestrator - INFO - [dependency-0:stderr] 2025-11-04 16:43:39,804 - gleitzeit.workers.dependency_worker - INFO - Workflow test-workflow-123 completed successfully!
[2025-11-04 16:43:41] [STDERR] 2025-11-04 16:43:41,737 - gleitzeit.orchestrator.component_orchestrator - INFO - [signal-0:stderr] 2025-11-04 16:43:41,736 - gleitzeit.workers.signal_worker - INFO - Signal processing loop iteration 3260
[2025-11-04 16:43:43] [STDERR] 2025-11-04 16:43:43,100 - gleitzeit.orchestrator.component_orchestrator - INFO - [workflow_loader-0:stderr] 2025-11-04 16:43:43,100 - gleitzeit.workers.workflow_loader_worker_v2 - INFO - Loading workflow workflow-44244f91-0835-4386-9947-c390adf1e761 from inline
[2025-11-04 16:43:43] [STDERR] 2025-11-04 16:43:43,103 - gleitzeit.orchestrator.component_orchestrator - INFO - [workflow_loader-0:stderr] 2025-11-04 16:43:43,103 - gleitzeit.workers.workflow_loader_worker_v2 - INFO - Raw workflow before transform: {
[2025-11-04 16:43:43] [STDERR] 2025-11-04 16:43:43,103 - gleitzeit.orchestrator.component_orchestrator - INFO - [workflow_loader-0:stderr] "name": "test-workflow",
[2025-11-04 16:43:43] [STDERR] 2025-11-04 16:43:43,104 - gleitzeit.orchestrator.component_orchestrator - INFO - [workflow_loader-0:stderr] "tasks": [
[2025-11-04 16:43:43] [STDERR] 2025-11-04 16:43:43,104 - gleitzeit.orchestrator.component_orchestrator - INFO - [workflow_loader-0:stderr] {
[2025-11-04 16:43:43] [STDERR] 2025-11-04 16:43:43,104 - gleitzeit.orchestrator.component_orchestrator - INFO - [workflow_loader-0:stderr] "name": "hello",
[2025-11-04 16:43:43] [STDERR] 2025-11-04 16:43:43,104 - gleitzeit.orchestrator.component_orchestrator - INFO - [workflow_loader-0:stderr] "protocol": "python/v1",
[2025-11-04 16:43:43] [STDERR] 2025-11-04 16:43:43,104 - gleitzeit.orchestrator.component_orchestrator - INFO - [workflow_loader-0:stderr] "method": "python/execute",
[2025-11-04 16:43:43] [STDERR] 2025-11-04 16:43:43,104 - gleitzeit.orchestrator.component_orchestrator - INFO - [workflow_loader-0:stderr] "params": {
[2025-11-04 16:43:43] [STDERR] 2025-11-04 16:43:43,104 - gleitzeit.orchestrator.component_orchestrator - INFO - [workflow_loader-0:stderr] "code": "result = {'message': 'Hello from test!'}"
[2025-11-04 16:43:43] [STDERR] 2025-11-04 16:43:43,104 - gleitzeit.orchestrator.component_orchestrator - INFO - [workflow_loader-0:stderr] }
[2025-11-04 16:43:43] [STDERR] 2025-11-04 16:43:43,104 - gleitzeit.orchestrator.component_orchestrator - INFO - [workflow_loader-0:stderr] }
[2025-11-04 16:43:43] [STDERR] 2025-11-04 16:43:43,104 - gleitzeit.orchestrator.component_orchestrator - INFO - [workflow_loader-0:stderr] ],
[2025-11-04 16:43:43] [STDERR] 2025-11-04 16:43:43,105 - gleitzeit.orchestrator.component_orchestrator - INFO - [workflow_loader-0:stderr] "workflow_id": "workflow-44244f91-0835-4386-9947-c390adf1e761"
[2025-11-04 16:43:43] [STDERR] 2025-11-04 16:43:43,105 - gleitzeit.orchestrator.component_orchestrator - INFO - [workflow_loader-0:stderr] }
[2025-11-04 16:43:43] [STDERR] 2025-11-04 16:43:43,105 - gleitzeit.orchestrator.component_orchestrator - INFO - [workflow_loader-0:stderr] 2025-11-04 16:43:43,103 - gleitzeit.workers.workflow_loader_worker_v2 - INFO - Workflow after transform: {
[2025-11-04 16:43:43] [STDERR] 2025-11-04 16:43:43,105 - gleitzeit.orchestrator.component_orchestrator - INFO - [workflow_loader-0:stderr] "id": "workflow-44244f91-0835-4386-9947-c390adf1e761",
[2025-11-04 16:43:43] [STDERR] 2025-11-04 16:43:43,105 - gleitzeit.orchestrator.component_orchestrator - INFO - [workflow_loader-0:stderr] "name": "test-workflow",
[2025-11-04 16:43:43] [STDERR] 2025-11-04 16:43:43,105 - gleitzeit.orchestrator.component_orchestrator - INFO - [workflow_loader-0:stderr] "description": "",
[2025-11-04 16:43:43] [STDERR] 2025-11-04 16:43:43,105 - gleitzeit.orchestrator.component_orchestrator - INFO - [workflow_loader-0:stderr] "version": "1.0.0",
[2025-11-04 16:43:43] [STDERR] 2025-11-04 16:43:43,105 - gleitzeit.orchestrator.component_orchestrator - INFO - [workflow_loader-0:stderr] "created_at": "2025-11-04T15:43:43.103509",
[2025-11-04 16:43:43] [STDERR] 2025-11-04 16:43:43,105 - gleitzeit.orchestrator.component_orchestrator - INFO - [workflow_loader-0:stderr] "tasks": [
[2025-11-04 16:43:43] [STDERR] 2025-11-04 16:43:43,105 - gleitzeit.orchestrator.component_orchestrator - INFO - [workflow_loader-0:stderr] {
[2025-11-04 16:43:43] [STDERR] 2025-11-04 16:43:43,106 - gleitzeit.orchestrator.component_orchestrator - INFO - [workflow_loader-0:stderr] "id": "6d2d5904-4ec5-42ed-ba9c-de8d08bb43c2",
[2025-11-04 16:43:43] [STDERR] 2025-11-04 16:43:43,106 - gleitzeit.orchestrator.component_orchestrator - INFO - [workflow_loader-0:stderr] "workflow_id": "workflow-44244f91-0835-4386-9947-c390adf1e761",
[2025-11-04 16:43:43] [STDERR] 2025-11-04 16:43:43,106 - gleitzeit.orchestrator.component_orchestrator - INFO - [workflow_loader-0:stderr] "name": "hello",
[2025-11-04 16:43:43] [STDERR] 2025-11-04 16:43:43,106 - gleitzeit.orchestrator.component_orchestrator - INFO - [workflow_loader-0:stderr] "description": "",
[2025-11-04 16:43:43] [STDERR] 2025-11-04 16:43:43,106 - gleitzeit.orchestrator.component_orchestrator - INFO - [workflow_loader-0:stderr] "protocol": "python/v1",
[2025-11-04 16:43:43] [STDERR] 2025-11-04 16:43:43,106 - gleitzeit.orchestrator.component_orchestrator - INFO - [workflow_loader-0:stderr] "method": "python/execute",
[2025-11-04 16:43:43] [STDERR] 2025-11-04 16:43:43,106 - gleitzeit.orchestrator.component_orchestrator - INFO - [workflow_loader-0:stderr] "params": {
[2025-11-04 16:43:43] [STDERR] 2025-11-04 16:43:43,107 - gleitzeit.orchestrator.component_orchestrator - INFO - [workflow_loader-0:stderr] "code": "result = {'message': 'Hello from test!'}"
[2025-11-04 16:43:43] [STDERR] 2025-11-04 16:43:43,107 - gleitzeit.orchestrator.component_orchestrator - INFO - [workflow_loader-0:stderr] },
[2025-11-04 16:43:43] [STDERR] 2025-11-04 16:43:43,107 - gleitzeit.orchestrator.component_orchestrator - INFO - [workflow_loader-0:stderr] "dependencies": [],
[2025-11-04 16:43:43] [STDERR] 2025-11-04 16:43:43,107 - gleitzeit.orchestrator.component_orchestrator - INFO - [workflow_loader-0:stderr] "timeout": 300,
[2025-11-04 16:43:43] [STDERR] 2025-11-04 16:43:43,107 - gleitzeit.orchestrator.component_orchestrator - INFO - [workflow_loader-0:stderr] "retry": {
[2025-11-04 16:43:43] [STDERR] 2025-11-04 16:43:43,107 - gleitzeit.orchestrator.component_orchestrator - INFO - [workflow_loader-0:stderr] "max_retries": 2,
[2025-11-04 16:43:43] [STDERR] 2025-11-04 16:43:43,107 - gleitzeit.orchestrator.component_orchestrator - INFO - [workflow_loader-0:stderr] "strategy": "exponential_jitter",
[2025-11-04 16:43:43] [STDERR] 2025-11-04 16:43:43,107 - gleitzeit.orchestrator.component_orchestrator - INFO - [workflow_loader-0:stderr] "base_delay": 1.0,
[2025-11-04 16:43:43] [STDERR] 2025-11-04 16:43:43,108 - gleitzeit.orchestrator.component_orchestrator - INFO - [workflow_loader-0:stderr] "max_delay": 30.0,
[2025-11-04 16:43:43] [STDERR] 2025-11-04 16:43:43,108 - gleitzeit.orchestrator.component_orchestrator - INFO - [workflow_loader-0:stderr] "jitter": true,
[2025-11-04 16:43:43] [STDERR] 2025-11-04 16:43:43,108 - gleitzeit.orchestrator.component_orchestrator - INFO - [workflow_loader-0:stderr] "multiplier": 2.0
[2025-11-04 16:43:43] [STDERR] 2025-11-04 16:43:43,108 - gleitzeit.orchestrator.component_orchestrator - INFO - [workflow_loader-0:stderr] }
[2025-11-04 16:43:43] [STDERR] 2025-11-04 16:43:43,108 - gleitzeit.orchestrator.component_orchestrator - INFO - [workflow_loader-0:stderr] }
[2025-11-04 16:43:43] [STDERR] 2025-11-04 16:43:43,108 - gleitzeit.orchestrator.component_orchestrator - INFO - [workflow_loader-0:stderr] ]
[2025-11-04 16:43:43] [STDERR] 2025-11-04 16:43:43,108 - gleitzeit.orchestrator.component_orchestrator - INFO - [workflow_loader-0:stderr] }
[2025-11-04 16:43:43] [STDERR] 2025-11-04 16:43:43,108 - gleitzeit.orchestrator.component_orchestrator - INFO - [workflow_loader-0:stderr] 2025-11-04 16:43:43,108 - gleitzeit.workers.workflow_loader_worker_v2 - INFO - Workflow workflow-44244f91-0835-4386-9947-c390adf1e761 loaded and submitted to shard 8 with indexes
[2025-11-04 16:43:43] [STDERR] 2025-11-04 16:43:43,110 - gleitzeit.orchestrator.component_orchestrator - INFO - [task_execution-0:stderr] 2025-11-04 16:43:43,110 - gleitzeit.workers.task_execution_worker - INFO - Processing task 6d2d5904-4ec5-42ed-ba9c-de8d08bb43c2 from workflow workflow-44244f91-0835-4386-9947-c390adf1e761
[2025-11-04 16:43:43] [STDERR] 2025-11-04 16:43:43,114 - gleitzeit.orchestrator.component_orchestrator - INFO - [task_execution-0:stderr] 2025-11-04 16:43:43,114 - gleitzeit.workers.task_execution_worker - INFO - Executing task 6d2d5904-4ec5-42ed-ba9c-de8d08bb43c2 with handler PythonHandler
[2025-11-04 16:43:43] [STDERR] 2025-11-04 16:43:43,118 - gleitzeit.orchestrator.component_orchestrator - INFO - [task_execution-0:stderr] 2025-11-04 16:43:43,118 - gleitzeit.workers.task_execution_worker - INFO - Task 6d2d5904-4ec5-42ed-ba9c-de8d08bb43c2 completed successfully by handler 7db2dfc2-34a7-4b39-a5cf-849534039e4d
[2025-11-04 16:43:43] [STDERR] 2025-11-04 16:43:43,119 - gleitzeit.orchestrator.component_orchestrator - INFO - [dependency-0:stderr] 2025-11-04 16:43:43,118 - gleitzeit.workers.dependency_worker - INFO - Processing task completion: 6d2d5904-4ec5-42ed-ba9c-de8d08bb43c2 from workflow workflow-44244f91-0835-4386-9947-c390adf1e761
[2025-11-04 16:43:43] [STDERR] 2025-11-04 16:43:43,121 - gleitzeit.orchestrator.component_orchestrator - INFO - [dependency-0:stderr] 2025-11-04 16:43:43,120 - gleitzeit.workers.dependency_worker - INFO - Workflow workflow-44244f91-0835-4386-9947-c390adf1e761 completed successfully!
[2025-11-04 16:43:47] [STDERR] 2025-11-04 16:43:47,468 - gleitzeit.orchestrator.component_orchestrator - INFO - [workflow_loader-0:stderr] 2025-11-04 16:43:47,467 - gleitzeit.workers.workflow_loader_worker_v2 - INFO - Loading workflow workflow-51b2b22c-5662-4c4f-96c0-fb4ba1630b6f from inline
[2025-11-04 16:43:47] [STDERR] 2025-11-04 16:43:47,471 - gleitzeit.orchestrator.component_orchestrator - INFO - [workflow_loader-0:stderr] 2025-11-04 16:43:47,471 - gleitzeit.workers.workflow_loader_worker_v2 - INFO - Raw workflow before transform: {
[2025-11-04 16:43:47] [STDERR] 2025-11-04 16:43:47,471 - gleitzeit.orchestrator.component_orchestrator - INFO - [workflow_loader-0:stderr] "name": "test-workflow",
[2025-11-04 16:43:47] [STDERR] 2025-11-04 16:43:47,472 - gleitzeit.orchestrator.component_orchestrator - INFO - [workflow_loader-0:stderr] "tasks": [
[2025-11-04 16:43:47] [STDERR] 2025-11-04 16:43:47,472 - gleitzeit.orchestrator.component_orchestrator - INFO - [workflow_loader-0:stderr] {
[2025-11-04 16:43:47] [STDERR] 2025-11-04 16:43:47,472 - gleitzeit.orchestrator.component_orchestrator - INFO - [workflow_loader-0:stderr] "name": "hello",
[2025-11-04 16:43:47] [STDERR] 2025-11-04 16:43:47,472 - gleitzeit.orchestrator.component_orchestrator - INFO - [workflow_loader-0:stderr] "protocol": "python/v1",
[2025-11-04 16:43:47] [STDERR] 2025-11-04 16:43:47,472 - gleitzeit.orchestrator.component_orchestrator - INFO - [workflow_loader-0:stderr] "method": "python/execute",
[2025-11-04 16:43:47] [STDERR] 2025-11-04 16:43:47,472 - gleitzeit.orchestrator.component_orchestrator - INFO - [workflow_loader-0:stderr] "params": {
[2025-11-04 16:43:47] [STDERR] 2025-11-04 16:43:47,473 - gleitzeit.orchestrator.component_orchestrator - INFO - [workflow_loader-0:stderr] "code": "result = {'message': 'Hello from test!'}"
[2025-11-04 16:43:47] [STDERR] 2025-11-04 16:43:47,473 - gleitzeit.orchestrator.component_orchestrator - INFO - [workflow_loader-0:stderr] }
[2025-11-04 16:43:47] [STDERR] 2025-11-04 16:43:47,473 - gleitzeit.orchestrator.component_orchestrator - INFO - [workflow_loader-0:stderr] }
[2025-11-04 16:43:47] [STDERR] 2025-11-04 16:43:47,473 - gleitzeit.orchestrator.component_orchestrator - INFO - [workflow_loader-0:stderr] ],
[2025-11-04 16:43:47] [STDERR] 2025-11-04 16:43:47,473 - gleitzeit.orchestrator.component_orchestrator - INFO - [workflow_loader-0:stderr] "workflow_id": "workflow-51b2b22c-5662-4c4f-96c0-fb4ba1630b6f"
[2025-11-04 16:43:47] [STDERR] 2025-11-04 16:43:47,473 - gleitzeit.orchestrator.component_orchestrator - INFO - [workflow_loader-0:stderr] }
[2025-11-04 16:43:47] [STDERR] 2025-11-04 16:43:47,474 - gleitzeit.orchestrator.component_orchestrator - INFO - [workflow_loader-0:stderr] 2025-11-04 16:43:47,471 - gleitzeit.workers.workflow_loader_worker_v2 - INFO - Workflow after transform: {
[2025-11-04 16:43:47] [STDERR] 2025-11-04 16:43:47,474 - gleitzeit.orchestrator.component_orchestrator - INFO - [workflow_loader-0:stderr] "id": "workflow-51b2b22c-5662-4c4f-96c0-fb4ba1630b6f",
[2025-11-04 16:43:47] [STDERR] 2025-11-04 16:43:47,474 - gleitzeit.orchestrator.component_orchestrator - INFO - [workflow_loader-0:stderr] "name": "test-workflow",
[2025-11-04 16:43:47] [STDERR] 2025-11-04 16:43:47,474 - gleitzeit.orchestrator.component_orchestrator - INFO - [workflow_loader-0:stderr] "description": "",
[2025-11-04 16:43:47] [STDERR] 2025-11-04 16:43:47,474 - gleitzeit.orchestrator.component_orchestrator - INFO - [workflow_loader-0:stderr] "version": "1.0.0",
[2025-11-04 16:43:47] [STDERR] 2025-11-04 16:43:47,474 - gleitzeit.orchestrator.component_orchestrator - INFO - [workflow_loader-0:stderr] "created_at": "2025-11-04T15:43:47.471392",
[2025-11-04 16:43:47] [STDERR] 2025-11-04 16:43:47,474 - gleitzeit.orchestrator.component_orchestrator - INFO - [workflow_loader-0:stderr] "tasks": [
[2025-11-04 16:43:47] [STDERR] 2025-11-04 16:43:47,474 - gleitzeit.orchestrator.component_orchestrator - INFO - [workflow_loader-0:stderr] {
[2025-11-04 16:43:47] [STDERR] 2025-11-04 16:43:47,475 - gleitzeit.orchestrator.component_orchestrator - INFO - [workflow_loader-0:stderr] "id": "b11d4b93-fd62-4b41-91c0-91999f033f5a",
[2025-11-04 16:43:47] [STDERR] 2025-11-04 16:43:47,475 - gleitzeit.orchestrator.component_orchestrator - INFO - [workflow_loader-0:stderr] "workflow_id": "workflow-51b2b22c-5662-4c4f-96c0-fb4ba1630b6f",
[2025-11-04 16:43:47] [STDERR] 2025-11-04 16:43:47,475 - gleitzeit.orchestrator.component_orchestrator - INFO - [workflow_loader-0:stderr] "name": "hello",
[2025-11-04 16:43:47] [STDERR] 2025-11-04 16:43:47,475 - gleitzeit.orchestrator.component_orchestrator - INFO - [workflow_loader-0:stderr] "description": "",
[2025-11-04 16:43:47] [STDERR] 2025-11-04 16:43:47,475 - gleitzeit.orchestrator.component_orchestrator - INFO - [workflow_loader-0:stderr] "protocol": "python/v1",
[2025-11-04 16:43:47] [STDERR] 2025-11-04 16:43:47,475 - gleitzeit.orchestrator.component_orchestrator - INFO - [workflow_loader-0:stderr] "method": "python/execute",
[2025-11-04 16:43:47] [STDERR] 2025-11-04 16:43:47,475 - gleitzeit.orchestrator.component_orchestrator - INFO - [workflow_loader-0:stderr] "params": {
[2025-11-04 16:43:47] [STDERR] 2025-11-04 16:43:47,476 - gleitzeit.orchestrator.component_orchestrator - INFO - [workflow_loader-0:stderr] "code": "result = {'message': 'Hello from test!'}"
[2025-11-04 16:43:47] [STDERR] 2025-11-04 16:43:47,476 - gleitzeit.orchestrator.component_orchestrator - INFO - [workflow_loader-0:stderr] },
[2025-11-04 16:43:47] [STDERR] 2025-11-04 16:43:47,476 - gleitzeit.orchestrator.component_orchestrator - INFO - [workflow_loader-0:stderr] "dependencies": [],
[2025-11-04 16:43:47] [STDERR] 2025-11-04 16:43:47,476 - gleitzeit.orchestrator.component_orchestrator - INFO - [workflow_loader-0:stderr] "timeout": 300,
[2025-11-04 16:43:47] [STDERR] 2025-11-04 16:43:47,476 - gleitzeit.orchestrator.component_orchestrator - INFO - [workflow_loader-0:stderr] "retry": {
[2025-11-04 16:43:47] [STDERR] 2025-11-04 16:43:47,476 - gleitzeit.orchestrator.component_orchestrator - INFO - [workflow_loader-0:stderr] "max_retries": 2,
[2025-11-04 16:43:47] [STDERR] 2025-11-04 16:43:47,476 - gleitzeit.orchestrator.component_orchestrator - INFO - [workflow_loader-0:stderr] "strategy": "exponential_jitter",
[2025-11-04 16:43:47] [STDERR] 2025-11-04 16:43:47,477 - gleitzeit.orchestrator.component_orchestrator - INFO - [workflow_loader-0:stderr] "base_delay": 1.0,
[2025-11-04 16:43:47] [STDERR] 2025-11-04 16:43:47,477 - gleitzeit.orchestrator.component_orchestrator - INFO - [workflow_loader-0:stderr] "max_delay": 30.0,
[2025-11-04 16:43:47] [STDERR] 2025-11-04 16:43:47,477 - gleitzeit.orchestrator.component_orchestrator - INFO - [workflow_loader-0:stderr] "jitter": true,
[2025-11-04 16:43:47] [STDERR] 2025-11-04 16:43:47,477 - gleitzeit.orchestrator.component_orchestrator - INFO - [workflow_loader-0:stderr] "multiplier": 2.0
[2025-11-04 16:43:47] [STDERR] 2025-11-04 16:43:47,478 - gleitzeit.orchestrator.component_orchestrator - INFO - [workflow_loader-0:stderr] }
[2025-11-04 16:43:47] [STDERR] 2025-11-04 16:43:47,478 - gleitzeit.orchestrator.component_orchestrator - INFO - [workflow_loader-0:stderr] }
[2025-11-04 16:43:47] [STDERR] 2025-11-04 16:43:47,478 - gleitzeit.orchestrator.component_orchestrator - INFO - [workflow_loader-0:stderr] ]
[2025-11-04 16:43:47] [STDERR] 2025-11-04 16:43:47,478 - gleitzeit.orchestrator.component_orchestrator - INFO - [workflow_loader-0:stderr] }
[2025-11-04 16:43:47] [STDERR] 2025-11-04 16:43:47,479 - gleitzeit.orchestrator.component_orchestrator - INFO - [workflow_loader-0:stderr] 2025-11-04 16:43:47,476 - gleitzeit.workers.workflow_loader_worker_v2 - INFO - Workflow workflow-51b2b22c-5662-4c4f-96c0-fb4ba1630b6f loaded and submitted to shard 8 with indexes
[2025-11-04 16:43:47] [STDERR] 2025-11-04 16:43:47,479 - gleitzeit.orchestrator.component_orchestrator - INFO - [task_execution-0:stderr] 2025-11-04 16:43:47,478 - gleitzeit.workers.task_execution_worker - INFO - Processing task b11d4b93-fd62-4b41-91c0-91999f033f5a from workflow workflow-51b2b22c-5662-4c4f-96c0-fb4ba1630b6f
[2025-11-04 16:43:47] [STDERR] 2025-11-04 16:43:47,483 - gleitzeit.orchestrator.component_orchestrator - INFO - [task_execution-0:stderr] 2025-11-04 16:43:47,483 - gleitzeit.workers.task_execution_worker - INFO - Executing task b11d4b93-fd62-4b41-91c0-91999f033f5a with handler PythonHandler
[2025-11-04 16:43:47] [STDERR] 2025-11-04 16:43:47,489 - gleitzeit.orchestrator.component_orchestrator - INFO - [task_execution-0:stderr] 2025-11-04 16:43:47,489 - gleitzeit.workers.task_execution_worker - INFO - Task b11d4b93-fd62-4b41-91c0-91999f033f5a completed successfully by handler 7db2dfc2-34a7-4b39-a5cf-849534039e4d
[2025-11-04 16:43:47] [STDERR] 2025-11-04 16:43:47,489 - gleitzeit.orchestrator.component_orchestrator - INFO - [dependency-0:stderr] 2025-11-04 16:43:47,489 - gleitzeit.workers.dependency_worker - INFO - Processing task completion: b11d4b93-fd62-4b41-91c0-91999f033f5a from workflow workflow-51b2b22c-5662-4c4f-96c0-fb4ba1630b6f
[2025-11-04 16:43:47] [STDERR] 2025-11-04 16:43:47,491 - gleitzeit.orchestrator.component_orchestrator - INFO - [dependency-0:stderr] 2025-11-04 16:43:47,491 - gleitzeit.workers.dependency_worker - INFO - Workflow workflow-51b2b22c-5662-4c4f-96c0-fb4ba1630b6f completed successfully!
[2025-11-04 16:43:51] [STDERR] 2025-11-04 16:43:51,756 - gleitzeit.orchestrator.component_orchestrator - INFO - [signal-0:stderr] 2025-11-04 16:43:51,756 - gleitzeit.workers.signal_worker - INFO - Signal processing loop iteration 3280
[2025-11-04 16:43:52] [STDERR] 2025-11-04 16:43:52,931 - gleitzeit.orchestrator.component_orchestrator - INFO - [workflow_loader-1:stderr] 2025-11-04 16:43:52,930 - gleitzeit.workers.workflow_loader_worker_v2 - INFO - Loading workflow workflow-a9e33ea5-b0ef-437d-ae66-1e543d472f52 from inline
[2025-11-04 16:43:52] [STDERR] 2025-11-04 16:43:52,934 - gleitzeit.orchestrator.component_orchestrator - INFO - [workflow_loader-1:stderr] 2025-11-04 16:43:52,933 - gleitzeit.workers.workflow_loader_worker_v2 - INFO - Raw workflow before transform: {
[2025-11-04 16:43:52] [STDERR] 2025-11-04 16:43:52,934 - gleitzeit.orchestrator.component_orchestrator - INFO - [workflow_loader-1:stderr] "name": "test-workflow",
[2025-11-04 16:43:52] [STDERR] 2025-11-04 16:43:52,934 - gleitzeit.orchestrator.component_orchestrator - INFO - [workflow_loader-1:stderr] "tasks": [
[2025-11-04 16:43:52] [STDERR] 2025-11-04 16:43:52,934 - gleitzeit.orchestrator.component_orchestrator - INFO - [workflow_loader-1:stderr] {
[2025-11-04 16:43:52] [STDERR] 2025-11-04 16:43:52,934 - gleitzeit.orchestrator.component_orchestrator - INFO - [workflow_loader-1:stderr] "name": "hello",
[2025-11-04 16:43:52] [STDERR] 2025-11-04 16:43:52,934 - gleitzeit.orchestrator.component_orchestrator - INFO - [workflow_loader-1:stderr] "protocol": "python/v1",
[2025-11-04 16:43:52] [STDERR] 2025-11-04 16:43:52,935 - gleitzeit.orchestrator.component_orchestrator - INFO - [workflow_loader-1:stderr] "method": "python/execute",
[2025-11-04 16:43:52] [STDERR] 2025-11-04 16:43:52,935 - gleitzeit.orchestrator.component_orchestrator - INFO - [workflow_loader-1:stderr] "params": {
[2025-11-04 16:43:52] [STDERR] 2025-11-04 16:43:52,935 - gleitzeit.orchestrator.component_orchestrator - INFO - [workflow_loader-1:stderr] "code": "result = {'message': 'Hello from test!'}"
[2025-11-04 16:43:52] [STDERR] 2025-11-04 16:43:52,935 - gleitzeit.orchestrator.component_orchestrator - INFO - [workflow_loader-1:stderr] }
[2025-11-04 16:43:52] [STDERR] 2025-11-04 16:43:52,935 - gleitzeit.orchestrator.component_orchestrator - INFO - [workflow_loader-1:stderr] }
[2025-11-04 16:43:52] [STDERR] 2025-11-04 16:43:52,935 - gleitzeit.orchestrator.component_orchestrator - INFO - [workflow_loader-1:stderr] ],
[2025-11-04 16:43:52] [STDERR] 2025-11-04 16:43:52,935 - gleitzeit.orchestrator.component_orchestrator - INFO - [workflow_loader-1:stderr] "workflow_id": "workflow-a9e33ea5-b0ef-437d-ae66-1e543d472f52"
[2025-11-04 16:43:52] [STDERR] 2025-11-04 16:43:52,935 - gleitzeit.orchestrator.component_orchestrator - INFO - [workflow_loader-1:stderr] }
[2025-11-04 16:43:52] [STDERR] 2025-11-04 16:43:52,935 - gleitzeit.orchestrator.component_orchestrator - INFO - [workflow_loader-1:stderr] 2025-11-04 16:43:52,934 - gleitzeit.workers.workflow_loader_worker_v2 - INFO - Workflow after transform: {
[2025-11-04 16:43:52] [STDERR] 2025-11-04 16:43:52,935 - gleitzeit.orchestrator.component_orchestrator - INFO - [workflow_loader-1:stderr] "id": "workflow-a9e33ea5-b0ef-437d-ae66-1e543d472f52",
[2025-11-04 16:43:52] [STDERR] 2025-11-04 16:43:52,936 - gleitzeit.orchestrator.component_orchestrator - INFO - [workflow_loader-1:stderr] "name": "test-workflow",
[2025-11-04 16:43:52] [STDERR] 2025-11-04 16:43:52,936 - gleitzeit.orchestrator.component_orchestrator - INFO - [workflow_loader-1:stderr] "description": "",
[2025-11-04 16:43:52] [STDERR] 2025-11-04 16:43:52,936 - gleitzeit.orchestrator.component_orchestrator - INFO - [workflow_loader-1:stderr] "version": "1.0.0",
[2025-11-04 16:43:52] [STDERR] 2025-11-04 16:43:52,936 - gleitzeit.orchestrator.component_orchestrator - INFO - [workflow_loader-1:stderr] "created_at": "2025-11-04T15:43:52.933967",
[2025-11-04 16:43:52] [STDERR] 2025-11-04 16:43:52,936 - gleitzeit.orchestrator.component_orchestrator - INFO - [workflow_loader-1:stderr] "tasks": [
[2025-11-04 16:43:52] [STDERR] 2025-11-04 16:43:52,936 - gleitzeit.orchestrator.component_orchestrator - INFO - [workflow_loader-1:stderr] {
[2025-11-04 16:43:52] [STDERR] 2025-11-04 16:43:52,936 - gleitzeit.orchestrator.component_orchestrator - INFO - [workflow_loader-1:stderr] "id": "c2e1b462-43a1-4841-be27-0d2ef47d6388",
[2025-11-04 16:43:52] [STDERR] 2025-11-04 16:43:52,936 - gleitzeit.orchestrator.component_orchestrator - INFO - [workflow_loader-1:stderr] "workflow_id": "workflow-a9e33ea5-b0ef-437d-ae66-1e543d472f52",
[2025-11-04 16:43:52] [STDERR] 2025-11-04 16:43:52,937 - gleitzeit.orchestrator.component_orchestrator - INFO - [workflow_loader-1:stderr] "name": "hello",
[2025-11-04 16:43:52] [STDERR] 2025-11-04 16:43:52,937 - gleitzeit.orchestrator.component_orchestrator - INFO - [workflow_loader-1:stderr] "description": "",
[2025-11-04 16:43:52] [STDERR] 2025-11-04 16:43:52,937 - gleitzeit.orchestrator.component_orchestrator - INFO - [workflow_loader-1:stderr] "protocol": "python/v1",
[2025-11-04 16:43:52] [STDERR] 2025-11-04 16:43:52,937 - gleitzeit.orchestrator.component_orchestrator - INFO - [workflow_loader-1:stderr] "method": "python/execute",
[2025-11-04 16:43:52] [STDERR] 2025-11-04 16:43:52,937 - gleitzeit.orchestrator.component_orchestrator - INFO - [workflow_loader-1:stderr] "params": {
[2025-11-04 16:43:52] [STDERR] 2025-11-04 16:43:52,937 - gleitzeit.orchestrator.component_orchestrator - INFO - [workflow_loader-1:stderr] "code": "result = {'message': 'Hello from test!'}"
[2025-11-04 16:43:52] [STDERR] 2025-11-04 16:43:52,937 - gleitzeit.orchestrator.component_orchestrator - INFO - [workflow_loader-1:stderr] },
[2025-11-04 16:43:52] [STDERR] 2025-11-04 16:43:52,937 - gleitzeit.orchestrator.component_orchestrator - INFO - [workflow_loader-1:stderr] "dependencies": [],
[2025-11-04 16:43:52] [STDERR] 2025-11-04 16:43:52,938 - gleitzeit.orchestrator.component_orchestrator - INFO - [workflow_loader-1:stderr] "timeout": 300,
[2025-11-04 16:43:52] [STDERR] 2025-11-04 16:43:52,938 - gleitzeit.orchestrator.component_orchestrator - INFO - [workflow_loader-1:stderr] "retry": {
[2025-11-04 16:43:52] [STDERR] 2025-11-04 16:43:52,938 - gleitzeit.orchestrator.component_orchestrator - INFO - [workflow_loader-1:stderr] "max_retries": 2,
[2025-11-04 16:43:52] [STDERR] 2025-11-04 16:43:52,938 - gleitzeit.orchestrator.component_orchestrator - INFO - [workflow_loader-1:stderr] "strategy": "exponential_jitter",
[2025-11-04 16:43:52] [STDERR] 2025-11-04 16:43:52,938 - gleitzeit.orchestrator.component_orchestrator - INFO - [workflow_loader-1:stderr] "base_delay": 1.0,
[2025-11-04 16:43:52] [STDERR] 2025-11-04 16:43:52,938 - gleitzeit.orchestrator.component_orchestrator - INFO - [workflow_loader-1:stderr] "max_delay": 30.0,
[2025-11-04 16:43:52] [STDERR] 2025-11-04 16:43:52,938 - gleitzeit.orchestrator.component_orchestrator - INFO - [workflow_loader-1:stderr] "jitter": true,
[2025-11-04 16:43:52] [STDERR] 2025-11-04 16:43:52,938 - gleitzeit.orchestrator.component_orchestrator - INFO - [workflow_loader-1:stderr] "multiplier": 2.0
[2025-11-04 16:43:52] [STDERR] 2025-11-04 16:43:52,938 - gleitzeit.orchestrator.component_orchestrator - INFO - [workflow_loader-1:stderr] }
[2025-11-04 16:43:52] [STDERR] 2025-11-04 16:43:52,939 - gleitzeit.orchestrator.component_orchestrator - INFO - [workflow_loader-1:stderr] }
[2025-11-04 16:43:52] [STDERR] 2025-11-04 16:43:52,939 - gleitzeit.orchestrator.component_orchestrator - INFO - [workflow_loader-1:stderr] ]
[2025-11-04 16:43:52] [STDERR] 2025-11-04 16:43:52,939 - gleitzeit.orchestrator.component_orchestrator - INFO - [workflow_loader-1:stderr] }
[2025-11-04 16:43:52] [STDERR] 2025-11-04 16:43:52,939 - gleitzeit.orchestrator.component_orchestrator - INFO - [workflow_loader-1:stderr] 2025-11-04 16:43:52,938 - gleitzeit.workers.workflow_loader_worker_v2 - INFO - Workflow workflow-a9e33ea5-b0ef-437d-ae66-1e543d472f52 loaded and submitted to shard 15 with indexes
[2025-11-04 16:43:52] [STDERR] 2025-11-04 16:43:52,941 - gleitzeit.orchestrator.component_orchestrator - INFO - [task_execution-1:stderr] 2025-11-04 16:43:52,940 - gleitzeit.workers.task_execution_worker - INFO - Processing task c2e1b462-43a1-4841-be27-0d2ef47d6388 from workflow workflow-a9e33ea5-b0ef-437d-ae66-1e543d472f52
[2025-11-04 16:43:52] [STDERR] 2025-11-04 16:43:52,945 - gleitzeit.orchestrator.component_orchestrator - INFO - [task_execution-1:stderr] 2025-11-04 16:43:52,945 - gleitzeit.workers.task_execution_worker - INFO - Executing task c2e1b462-43a1-4841-be27-0d2ef47d6388 with handler PythonHandler
[2025-11-04 16:43:52] [STDERR] 2025-11-04 16:43:52,951 - gleitzeit.orchestrator.component_orchestrator - INFO - [task_execution-1:stderr] 2025-11-04 16:43:52,950 - gleitzeit.workers.task_execution_worker - INFO - Task c2e1b462-43a1-4841-be27-0d2ef47d6388 completed successfully by handler 000a828f-7964-4fa0-b9d0-e539ac0c9860
[2025-11-04 16:43:52] [STDERR] 2025-11-04 16:43:52,951 - gleitzeit.orchestrator.component_orchestrator - INFO - [dependency-0:stderr] 2025-11-04 16:43:52,951 - gleitzeit.workers.dependency_worker - INFO - Processing task completion: c2e1b462-43a1-4841-be27-0d2ef47d6388 from workflow workflow-a9e33ea5-b0ef-437d-ae66-1e543d472f52
[2025-11-04 16:43:52] [STDERR] 2025-11-04 16:43:52,953 - gleitzeit.orchestrator.component_orchestrator - INFO - [dependency-0:stderr] 2025-11-04 16:43:52,953 - gleitzeit.workers.dependency_worker - INFO - Workflow workflow-a9e33ea5-b0ef-437d-ae66-1e543d472f52 completed successfully!
[2025-11-04 16:43:59] [STDERR] 2025-11-04 16:43:59,390 - gleitzeit.orchestrator.component_orchestrator - INFO - [dependency-0:stderr] 2025-11-04 16:43:59,390 - gleitzeit.workers.dependency_worker - INFO - Processing task completion: ea32cd77-7cde-4a39-a124-37ef3a416606 from workflow workflow-3d9aeafb-da4a-48ad-b2ab-ddabbaffd9c9
[2025-11-04 16:43:59] [STDERR] 2025-11-04 16:43:59,395 - gleitzeit.orchestrator.component_orchestrator - INFO - [dependency-0:stderr] 2025-11-04 16:43:59,395 - gleitzeit.workers.dependency_worker - INFO - Emitted ready task df38d774-91a4-44b0-bde7-dfe519a92347 to shard 1
[2025-11-04 16:43:59] [STDERR] 2025-11-04 16:43:59,395 - gleitzeit.orchestrator.component_orchestrator - INFO - [task_execution-1:stderr] 2025-11-04 16:43:59,395 - gleitzeit.workers.task_execution_worker - INFO - Processing task df38d774-91a4-44b0-bde7-dfe519a92347 from workflow workflow-3d9aeafb-da4a-48ad-b2ab-ddabbaffd9c9
[2025-11-04 16:43:59] [STDERR] 2025-11-04 16:43:59,396 - gleitzeit.orchestrator.component_orchestrator - WARNING - [dependency-0:stderr] 2025-11-04 16:43:59,396 - gleitzeit.workers.dependency_worker - WARNING - Workflow workflow-3d9aeafb-da4a-48ad-b2ab-ddabbaffd9c9 not found
[2025-11-04 16:43:59] [STDERR] 2025-11-04 16:43:59,396 - gleitzeit.orchestrator.component_orchestrator - INFO - [dependency-0:stderr] 2025-11-04 16:43:59,396 - gleitzeit.workers.dependency_worker - INFO - Transitioning workflow workflow-3d9aeafb-da4a-48ad-b2ab-ddabbaffd9c9 from running to pending (task counts: {'completed': 0, 'failed': 0, 'scheduled': 0, 'waiting': 0, 'pending': 0, 'cancelled': 0, 'paused': 0})
[2025-11-04 16:43:59] [STDERR] 2025-11-04 16:43:59,398 - gleitzeit.orchestrator.component_orchestrator - INFO - [task_execution-1:stderr] 2025-11-04 16:43:59,398 - gleitzeit.workers.task_execution_worker - INFO - Executing task df38d774-91a4-44b0-bde7-dfe519a92347 with handler PythonHandler
[2025-11-04 16:43:59] [STDERR] 2025-11-04 16:43:59,402 - gleitzeit.orchestrator.component_orchestrator - INFO - [task_execution-1:stderr] 2025-11-04 16:43:59,401 - gleitzeit.workers.task_execution_worker - INFO - Task df38d774-91a4-44b0-bde7-dfe519a92347 completed successfully by handler 000a828f-7964-4fa0-b9d0-e539ac0c9860
[2025-11-04 16:44:01] [STDERR] 2025-11-04 16:44:01,776 - gleitzeit.orchestrator.component_orchestrator - INFO - [signal-0:stderr] 2025-11-04 16:44:01,775 - gleitzeit.workers.signal_worker - INFO - Signal processing loop iteration 3300
[2025-11-04 16:44:06] [STDERR] 2025-11-04 16:44:06,487 - gleitzeit.orchestrator.component_orchestrator - INFO - [workflow_loader-0:stderr] 2025-11-04 16:44:06,487 - gleitzeit.workers.workflow_loader_worker_v2 - INFO - Loading workflow workflow-a9671b4e-e69a-40b7-a800-3a87874d7811 from inline
[2025-11-04 16:44:06] [STDERR] 2025-11-04 16:44:06,489 - gleitzeit.orchestrator.component_orchestrator - INFO - [workflow_loader-0:stderr] 2025-11-04 16:44:06,489 - gleitzeit.workers.workflow_loader_worker_v2 - INFO - Raw workflow before transform: {
[2025-11-04 16:44:06] [STDERR] 2025-11-04 16:44:06,490 - gleitzeit.orchestrator.component_orchestrator - INFO - [workflow_loader-0:stderr] "name": "test-workflow",
[2025-11-04 16:44:06] [STDERR] 2025-11-04 16:44:06,490 - gleitzeit.orchestrator.component_orchestrator - INFO - [workflow_loader-0:stderr] "tasks": [
[2025-11-04 16:44:06] [STDERR] 2025-11-04 16:44:06,490 - gleitzeit.orchestrator.component_orchestrator - INFO - [workflow_loader-0:stderr] {
[2025-11-04 16:44:06] [STDERR] 2025-11-04 16:44:06,490 - gleitzeit.orchestrator.component_orchestrator - INFO - [workflow_loader-0:stderr] "name": "hello",
[2025-11-04 16:44:06] [STDERR] 2025-11-04 16:44:06,490 - gleitzeit.orchestrator.component_orchestrator - INFO - [workflow_loader-0:stderr] "protocol": "python/v1",
[2025-11-04 16:44:06] [STDERR] 2025-11-04 16:44:06,490 - gleitzeit.orchestrator.component_orchestrator - INFO - [workflow_loader-0:stderr] "method": "python/execute",
[2025-11-04 16:44:06] [STDERR] 2025-11-04 16:44:06,491 - gleitzeit.orchestrator.component_orchestrator - INFO - [workflow_loader-0:stderr] "params": {
[2025-11-04 16:44:06] [STDERR] 2025-11-04 16:44:06,491 - gleitzeit.orchestrator.component_orchestrator - INFO - [workflow_loader-0:stderr] "code": "result = {'message': 'Hello from test!'}"
[2025-11-04 16:44:06] [STDERR] 2025-11-04 16:44:06,491 - gleitzeit.orchestrator.component_orchestrator - INFO - [workflow_loader-0:stderr] }
[2025-11-04 16:44:06] [STDERR] 2025-11-04 16:44:06,491 - gleitzeit.orchestrator.component_orchestrator - INFO - [workflow_loader-0:stderr] }
[2025-11-04 16:44:06] [STDERR] 2025-11-04 16:44:06,491 - gleitzeit.orchestrator.component_orchestrator - INFO - [workflow_loader-0:stderr] ],
[2025-11-04 16:44:06] [STDERR] 2025-11-04 16:44:06,491 - gleitzeit.orchestrator.component_orchestrator - INFO - [workflow_loader-0:stderr] "workflow_id": "workflow-a9671b4e-e69a-40b7-a800-3a87874d7811"
[2025-11-04 16:44:06] [STDERR] 2025-11-04 16:44:06,492 - gleitzeit.orchestrator.component_orchestrator - INFO - [workflow_loader-0:stderr] }
[2025-11-04 16:44:06] [STDERR] 2025-11-04 16:44:06,492 - gleitzeit.orchestrator.component_orchestrator - INFO - [workflow_loader-0:stderr] 2025-11-04 16:44:06,489 - gleitzeit.workers.workflow_loader_worker_v2 - INFO - Workflow after transform: {
[2025-11-04 16:44:06] [STDERR] 2025-11-04 16:44:06,492 - gleitzeit.orchestrator.component_orchestrator - INFO - [workflow_loader-0:stderr] "id": "workflow-a9671b4e-e69a-40b7-a800-3a87874d7811",
[2025-11-04 16:44:06] [STDERR] 2025-11-04 16:44:06,492 - gleitzeit.orchestrator.component_orchestrator - INFO - [workflow_loader-0:stderr] "name": "test-workflow",
[2025-11-04 16:44:06] [STDERR] 2025-11-04 16:44:06,492 - gleitzeit.orchestrator.component_orchestrator - INFO - [workflow_loader-0:stderr] "description": "",
[2025-11-04 16:44:06] [STDERR] 2025-11-04 16:44:06,492 - gleitzeit.orchestrator.component_orchestrator - INFO - [workflow_loader-0:stderr] "version": "1.0.0",
[2025-11-04 16:44:06] [STDERR] 2025-11-04 16:44:06,493 - gleitzeit.orchestrator.component_orchestrator - INFO - [workflow_loader-0:stderr] "created_at": "2025-11-04T15:44:06.489761",
[2025-11-04 16:44:06] [STDERR] 2025-11-04 16:44:06,493 - gleitzeit.orchestrator.component_orchestrator - INFO - [workflow_loader-0:stderr] "tasks": [
[2025-11-04 16:44:06] [STDERR] 2025-11-04 16:44:06,493 - gleitzeit.orchestrator.component_orchestrator - INFO - [workflow_loader-0:stderr] {
[2025-11-04 16:44:06] [STDERR] 2025-11-04 16:44:06,493 - gleitzeit.orchestrator.component_orchestrator - INFO - [workflow_loader-0:stderr] "id": "73e32a1c-2a0c-479d-8ae1-8a7f636160c9",
[2025-11-04 16:44:06] [STDERR] 2025-11-04 16:44:06,493 - gleitzeit.orchestrator.component_orchestrator - INFO - [workflow_loader-0:stderr] "workflow_id": "workflow-a9671b4e-e69a-40b7-a800-3a87874d7811",
[2025-11-04 16:44:06] [STDERR] 2025-11-04 16:44:06,493 - gleitzeit.orchestrator.component_orchestrator - INFO - [workflow_loader-0:stderr] "name": "hello",
[2025-11-04 16:44:06] [STDERR] 2025-11-04 16:44:06,494 - gleitzeit.orchestrator.component_orchestrator - INFO - [workflow_loader-0:stderr] "description": "",
[2025-11-04 16:44:06] [STDERR] 2025-11-04 16:44:06,494 - gleitzeit.orchestrator.component_orchestrator - INFO - [workflow_loader-0:stderr] "protocol": "python/v1",
[2025-11-04 16:44:06] [STDERR] 2025-11-04 16:44:06,494 - gleitzeit.orchestrator.component_orchestrator - INFO - [workflow_loader-0:stderr] "method": "python/execute",
[2025-11-04 16:44:06] [STDERR] 2025-11-04 16:44:06,494 - gleitzeit.orchestrator.component_orchestrator - INFO - [workflow_loader-0:stderr] "params": {
[2025-11-04 16:44:06] [STDERR] 2025-11-04 16:44:06,494 - gleitzeit.orchestrator.component_orchestrator - INFO - [workflow_loader-0:stderr] "code": "result = {'message': 'Hello from test!'}"
[2025-11-04 16:44:06] [STDERR] 2025-11-04 16:44:06,494 - gleitzeit.orchestrator.component_orchestrator - INFO - [workflow_loader-0:stderr] },
[2025-11-04 16:44:06] [STDERR] 2025-11-04 16:44:06,494 - gleitzeit.orchestrator.component_orchestrator - INFO - [workflow_loader-0:stderr] "dependencies": [],
[2025-11-04 16:44:06] [STDERR] 2025-11-04 16:44:06,494 - gleitzeit.orchestrator.component_orchestrator - INFO - [workflow_loader-0:stderr] "timeout": 300,
[2025-11-04 16:44:06] [STDERR] 2025-11-04 16:44:06,495 - gleitzeit.orchestrator.component_orchestrator - INFO - [workflow_loader-0:stderr] "retry": {
[2025-11-04 16:44:06] [STDERR] 2025-11-04 16:44:06,495 - gleitzeit.orchestrator.component_orchestrator - INFO - [workflow_loader-0:stderr] "max_retries": 2,
[2025-11-04 16:44:06] [STDERR] 2025-11-04 16:44:06,495 - gleitzeit.orchestrator.component_orchestrator - INFO - [workflow_loader-0:stderr] "strategy": "exponential_jitter",
[2025-11-04 16:44:06] [STDERR] 2025-11-04 16:44:06,495 - gleitzeit.orchestrator.component_orchestrator - INFO - [workflow_loader-0:stderr] "base_delay": 1.0,
[2025-11-04 16:44:06] [STDERR] 2025-11-04 16:44:06,495 - gleitzeit.orchestrator.component_orchestrator - INFO - [workflow_loader-0:stderr] "max_delay": 30.0,
[2025-11-04 16:44:06] [STDERR] 2025-11-04 16:44:06,495 - gleitzeit.orchestrator.component_orchestrator - INFO - [workflow_loader-0:stderr] "jitter": true,
[2025-11-04 16:44:06] [STDERR] 2025-11-04 16:44:06,495 - gleitzeit.orchestrator.component_orchestrator - INFO - [workflow_loader-0:stderr] "multiplier": 2.0
[2025-11-04 16:44:06] [STDERR] 2025-11-04 16:44:06,496 - gleitzeit.orchestrator.component_orchestrator - INFO - [workflow_loader-0:stderr] }
[2025-11-04 16:44:06] [STDERR] 2025-11-04 16:44:06,496 - gleitzeit.orchestrator.component_orchestrator - INFO - [workflow_loader-0:stderr] }
[2025-11-04 16:44:06] [STDERR] 2025-11-04 16:44:06,496 - gleitzeit.orchestrator.component_orchestrator - INFO - [workflow_loader-0:stderr] ]
[2025-11-04 16:44:06] [STDERR] 2025-11-04 16:44:06,497 - gleitzeit.orchestrator.component_orchestrator - INFO - [workflow_loader-0:stderr] }
[2025-11-04 16:44:06] [STDERR] 2025-11-04 16:44:06,497 - gleitzeit.orchestrator.component_orchestrator - INFO - [workflow_loader-0:stderr] 2025-11-04 16:44:06,495 - gleitzeit.workers.workflow_loader_worker_v2 - INFO - Workflow workflow-a9671b4e-e69a-40b7-a800-3a87874d7811 loaded and submitted to shard 2 with indexes
[2025-11-04 16:44:06] [STDERR] 2025-11-04 16:44:06,497 - gleitzeit.orchestrator.component_orchestrator - INFO - [task_execution-0:stderr] 2025-11-04 16:44:06,497 - gleitzeit.workers.task_execution_worker - INFO - Processing task 73e32a1c-2a0c-479d-8ae1-8a7f636160c9 from workflow workflow-a9671b4e-e69a-40b7-a800-3a87874d7811
[2025-11-04 16:44:06] [STDERR] 2025-11-04 16:44:06,502 - gleitzeit.orchestrator.component_orchestrator - INFO - [task_execution-0:stderr] 2025-11-04 16:44:06,502 - gleitzeit.workers.task_execution_worker - INFO - Executing task 73e32a1c-2a0c-479d-8ae1-8a7f636160c9 with handler PythonHandler
[2025-11-04 16:44:06] [STDERR] 2025-11-04 16:44:06,509 - gleitzeit.orchestrator.component_orchestrator - INFO - [task_execution-0:stderr] 2025-11-04 16:44:06,508 - gleitzeit.workers.task_execution_worker - INFO - Task 73e32a1c-2a0c-479d-8ae1-8a7f636160c9 completed successfully by handler 7db2dfc2-34a7-4b39-a5cf-849534039e4d
[2025-11-04 16:44:06] [STDERR] 2025-11-04 16:44:06,509 - gleitzeit.orchestrator.component_orchestrator - INFO - [dependency-0:stderr] 2025-11-04 16:44:06,508 - gleitzeit.workers.dependency_worker - INFO - Processing task completion: 73e32a1c-2a0c-479d-8ae1-8a7f636160c9 from workflow workflow-a9671b4e-e69a-40b7-a800-3a87874d7811
[2025-11-04 16:44:06] [STDERR] 2025-11-04 16:44:06,515 - gleitzeit.orchestrator.component_orchestrator - INFO - [dependency-0:stderr] 2025-11-04 16:44:06,514 - gleitzeit.workers.dependency_worker - INFO - Workflow workflow-a9671b4e-e69a-40b7-a800-3a87874d7811 completed successfully!
[2025-11-04 16:44:11] [STDERR] 2025-11-04 16:44:11,844 - gleitzeit.orchestrator.component_orchestrator - INFO - [signal-0:stderr] 2025-11-04 16:44:11,844 - gleitzeit.workers.signal_worker - INFO - Signal processing loop iteration 3320
[2025-11-04 16:44:13] [STDERR] 2025-11-04 16:44:13,926 - gleitzeit.orchestrator.component_orchestrator - INFO - [workflow_loader-0:stderr] 2025-11-04 16:44:13,925 - gleitzeit.workers.workflow_loader_worker_v2 - INFO - Loading workflow workflow-cc34ec6d-359e-43de-9c24-a2bc26390487 from inline
[2025-11-04 16:44:13] [STDERR] 2025-11-04 16:44:13,926 - gleitzeit.orchestrator.component_orchestrator - INFO - [dependency-0:stderr] 2025-11-04 16:44:13,926 - gleitzeit.workers.dependency_worker - INFO - Processing workflow submission: workflow-883a93f6-b526-4c97-a231-71452feff5f5
[2025-11-04 16:44:13] [STDERR] 2025-11-04 16:44:13,928 - gleitzeit.orchestrator.component_orchestrator - INFO - [workflow_loader-0:stderr] 2025-11-04 16:44:13,928 - gleitzeit.workers.workflow_loader_worker_v2 - INFO - Raw workflow before transform: {
[2025-11-04 16:44:13] [STDERR] 2025-11-04 16:44:13,928 - gleitzeit.orchestrator.component_orchestrator - INFO - [workflow_loader-0:stderr] "name": "test-workflow",
[2025-11-04 16:44:13] [STDERR] 2025-11-04 16:44:13,928 - gleitzeit.orchestrator.component_orchestrator - INFO - [workflow_loader-0:stderr] "tasks": [
[2025-11-04 16:44:13] [STDERR] 2025-11-04 16:44:13,928 - gleitzeit.orchestrator.component_orchestrator - INFO - [workflow_loader-0:stderr] {
[2025-11-04 16:44:13] [STDERR] 2025-11-04 16:44:13,928 - gleitzeit.orchestrator.component_orchestrator - INFO - [workflow_loader-0:stderr] "name": "hello",
[2025-11-04 16:44:13] [STDERR] 2025-11-04 16:44:13,928 - gleitzeit.orchestrator.component_orchestrator - INFO - [workflow_loader-0:stderr] "protocol": "python/v1",
[2025-11-04 16:44:13] [STDERR] 2025-11-04 16:44:13,928 - gleitzeit.orchestrator.component_orchestrator - INFO - [workflow_loader-0:stderr] "method": "python/execute",
[2025-11-04 16:44:13] [STDERR] 2025-11-04 16:44:13,928 - gleitzeit.orchestrator.component_orchestrator - INFO - [workflow_loader-0:stderr] "params": {
[2025-11-04 16:44:13] [STDERR] 2025-11-04 16:44:13,928 - gleitzeit.orchestrator.component_orchestrator - INFO - [workflow_loader-0:stderr] "code": "result = {'message': 'Hello from test!'}"
[2025-11-04 16:44:13] [STDERR] 2025-11-04 16:44:13,929 - gleitzeit.orchestrator.component_orchestrator - INFO - [workflow_loader-0:stderr] }
[2025-11-04 16:44:13] [STDERR] 2025-11-04 16:44:13,929 - gleitzeit.orchestrator.component_orchestrator - INFO - [workflow_loader-0:stderr] }
[2025-11-04 16:44:13] [STDERR] 2025-11-04 16:44:13,929 - gleitzeit.orchestrator.component_orchestrator - INFO - [workflow_loader-0:stderr] ],
[2025-11-04 16:44:13] [STDERR] 2025-11-04 16:44:13,929 - gleitzeit.orchestrator.component_orchestrator - INFO - [workflow_loader-0:stderr] "workflow_id": "workflow-cc34ec6d-359e-43de-9c24-a2bc26390487"
[2025-11-04 16:44:13] [STDERR] 2025-11-04 16:44:13,929 - gleitzeit.orchestrator.component_orchestrator - INFO - [workflow_loader-0:stderr] }
[2025-11-04 16:44:13] [STDERR] 2025-11-04 16:44:13,929 - gleitzeit.orchestrator.component_orchestrator - INFO - [workflow_loader-0:stderr] 2025-11-04 16:44:13,928 - gleitzeit.workers.workflow_loader_worker_v2 - INFO - Workflow after transform: {
[2025-11-04 16:44:13] [STDERR] 2025-11-04 16:44:13,930 - gleitzeit.orchestrator.component_orchestrator - INFO - [workflow_loader-0:stderr] "id": "workflow-cc34ec6d-359e-43de-9c24-a2bc26390487",
[2025-11-04 16:44:13] [STDERR] 2025-11-04 16:44:13,930 - gleitzeit.orchestrator.component_orchestrator - INFO - [workflow_loader-0:stderr] "name": "test-workflow",
[2025-11-04 16:44:13] [STDERR] 2025-11-04 16:44:13,930 - gleitzeit.orchestrator.component_orchestrator - INFO - [workflow_loader-0:stderr] "description": "",
[2025-11-04 16:44:13] [STDERR] 2025-11-04 16:44:13,930 - gleitzeit.orchestrator.component_orchestrator - INFO - [workflow_loader-0:stderr] "version": "1.0.0",
[2025-11-04 16:44:13] [STDERR] 2025-11-04 16:44:13,930 - gleitzeit.orchestrator.component_orchestrator - INFO - [dependency-0:stderr] 2025-11-04 16:44:13,930 - gleitzeit.workers.dependency_worker - INFO - Emitted initial task e24d9ecf-a648-46c4-bb0d-099342023519 to shard 10
[2025-11-04 16:44:13] [STDERR] 2025-11-04 16:44:13,931 - gleitzeit.orchestrator.component_orchestrator - INFO - [workflow_loader-0:stderr] "created_at": "2025-11-04T15:44:13.928066",
[2025-11-04 16:44:13] [STDERR] 2025-11-04 16:44:13,931 - gleitzeit.orchestrator.component_orchestrator - INFO - [workflow_loader-0:stderr] "tasks": [
[2025-11-04 16:44:13] [STDERR] 2025-11-04 16:44:13,931 - gleitzeit.orchestrator.component_orchestrator - INFO - [workflow_loader-0:stderr] {
[2025-11-04 16:44:13] [STDERR] 2025-11-04 16:44:13,931 - gleitzeit.orchestrator.component_orchestrator - INFO - [workflow_loader-0:stderr] "id": "f2ab3258-0af7-4fbe-b16b-ce1755cde234",
[2025-11-04 16:44:13] [STDERR] 2025-11-04 16:44:13,931 - gleitzeit.orchestrator.component_orchestrator - INFO - [workflow_loader-0:stderr] "workflow_id": "workflow-cc34ec6d-359e-43de-9c24-a2bc26390487",
[2025-11-04 16:44:13] [STDERR] 2025-11-04 16:44:13,932 - gleitzeit.orchestrator.component_orchestrator - INFO - [workflow_loader-0:stderr] "name": "hello",
[2025-11-04 16:44:13] [STDERR] 2025-11-04 16:44:13,932 - gleitzeit.orchestrator.component_orchestrator - INFO - [workflow_loader-0:stderr] "description": "",
[2025-11-04 16:44:13] [STDERR] 2025-11-04 16:44:13,932 - gleitzeit.orchestrator.component_orchestrator - INFO - [workflow_loader-0:stderr] "protocol": "python/v1",
[2025-11-04 16:44:13] [STDERR] 2025-11-04 16:44:13,932 - gleitzeit.orchestrator.component_orchestrator - INFO - [workflow_loader-0:stderr] "method": "python/execute",
[2025-11-04 16:44:13] [STDERR] 2025-11-04 16:44:13,932 - gleitzeit.orchestrator.component_orchestrator - INFO - [workflow_loader-0:stderr] "params": {
[2025-11-04 16:44:13] [STDERR] 2025-11-04 16:44:13,932 - gleitzeit.orchestrator.component_orchestrator - INFO - [workflow_loader-0:stderr] "code": "result = {'message': 'Hello from test!'}"
[2025-11-04 16:44:13] [STDERR] 2025-11-04 16:44:13,933 - gleitzeit.orchestrator.component_orchestrator - INFO - [workflow_loader-0:stderr] },
[2025-11-04 16:44:13] [STDERR] 2025-11-04 16:44:13,933 - gleitzeit.orchestrator.component_orchestrator - INFO - [workflow_loader-0:stderr] "dependencies": [],
[2025-11-04 16:44:13] [STDERR] 2025-11-04 16:44:13,933 - gleitzeit.orchestrator.component_orchestrator - INFO - [workflow_loader-0:stderr] "timeout": 300,
[2025-11-04 16:44:13] [STDERR] 2025-11-04 16:44:13,933 - gleitzeit.orchestrator.component_orchestrator - INFO - [workflow_loader-0:stderr] "retry": {
[2025-11-04 16:44:13] [STDERR] 2025-11-04 16:44:13,933 - gleitzeit.orchestrator.component_orchestrator - INFO - [workflow_loader-0:stderr] "max_retries": 2,
[2025-11-04 16:44:13] [STDERR] 2025-11-04 16:44:13,933 - gleitzeit.orchestrator.component_orchestrator - INFO - [workflow_loader-0:stderr] "strategy": "exponential_jitter",
[2025-11-04 16:44:13] [STDERR] 2025-11-04 16:44:13,934 - gleitzeit.orchestrator.component_orchestrator - INFO - [task_execution-0:stderr] 2025-11-04 16:44:13,933 - gleitzeit.workers.task_execution_worker - INFO - Processing task f2ab3258-0af7-4fbe-b16b-ce1755cde234 from workflow workflow-cc34ec6d-359e-43de-9c24-a2bc26390487
[2025-11-04 16:44:13] [STDERR] 2025-11-04 16:44:13,934 - gleitzeit.orchestrator.component_orchestrator - INFO - [workflow_loader-0:stderr] "base_delay": 1.0,
[2025-11-04 16:44:13] [STDERR] 2025-11-04 16:44:13,934 - gleitzeit.orchestrator.component_orchestrator - INFO - [workflow_loader-0:stderr] "max_delay": 30.0,
[2025-11-04 16:44:13] [STDERR] 2025-11-04 16:44:13,934 - gleitzeit.orchestrator.component_orchestrator - INFO - [workflow_loader-0:stderr] "jitter": true,
[2025-11-04 16:44:13] [STDERR] 2025-11-04 16:44:13,934 - gleitzeit.orchestrator.component_orchestrator - INFO - [workflow_loader-0:stderr] "multiplier": 2.0
[2025-11-04 16:44:13] [STDERR] 2025-11-04 16:44:13,935 - gleitzeit.orchestrator.component_orchestrator - INFO - [workflow_loader-0:stderr] }
[2025-11-04 16:44:13] [STDERR] 2025-11-04 16:44:13,935 - gleitzeit.orchestrator.component_orchestrator - INFO - [workflow_loader-0:stderr] }
[2025-11-04 16:44:13] [STDERR] 2025-11-04 16:44:13,935 - gleitzeit.orchestrator.component_orchestrator - INFO - [workflow_loader-0:stderr] ]
[2025-11-04 16:44:13] [STDERR] 2025-11-04 16:44:13,935 - gleitzeit.orchestrator.component_orchestrator - INFO - [workflow_loader-0:stderr] }
[2025-11-04 16:44:13] [STDERR] 2025-11-04 16:44:13,935 - gleitzeit.orchestrator.component_orchestrator - INFO - [workflow_loader-0:stderr] 2025-11-04 16:44:13,932 - gleitzeit.workers.workflow_loader_worker_v2 - INFO - Workflow workflow-cc34ec6d-359e-43de-9c24-a2bc26390487 loaded and submitted to shard 8 with indexes
[2025-11-04 16:44:13] [STDERR] 2025-11-04 16:44:13,940 - gleitzeit.orchestrator.component_orchestrator - INFO - [task_execution-0:stderr] 2025-11-04 16:44:13,939 - gleitzeit.workers.task_execution_worker - INFO - Executing task f2ab3258-0af7-4fbe-b16b-ce1755cde234 with handler PythonHandler
[2025-11-04 16:44:13] [STDERR] 2025-11-04 16:44:13,945 - gleitzeit.orchestrator.component_orchestrator - INFO - [task_execution-0:stderr] 2025-11-04 16:44:13,945 - gleitzeit.workers.task_execution_worker - INFO - Task f2ab3258-0af7-4fbe-b16b-ce1755cde234 completed successfully by handler 7db2dfc2-34a7-4b39-a5cf-849534039e4d
[2025-11-04 16:44:15] [STDERR] 2025-11-04 16:44:15,187 - gleitzeit.orchestrator.component_orchestrator - INFO - [dependency-0:stderr] 2025-11-04 16:44:15,187 - gleitzeit.workers.dependency_worker - INFO - Processing task completion: 0deab4ca-48e7-417a-813b-74f93840a965 from workflow workflow-724bcad4-7a42-45ed-9fa8-316d612d5346
[2025-11-04 16:44:15] [STDERR] 2025-11-04 16:44:15,190 - gleitzeit.orchestrator.component_orchestrator - INFO - [dependency-0:stderr] 2025-11-04 16:44:15,190 - gleitzeit.workers.dependency_worker - INFO - Workflow workflow-724bcad4-7a42-45ed-9fa8-316d612d5346 completed successfully!
[2025-11-04 16:44:17] [STDERR] 2025-11-04 16:44:17,567 - gleitzeit.orchestrator.component_orchestrator - WARNING - Worker api-0 unhealthy, restarting
[2025-11-04 16:44:17] [STDERR] 2025-11-04 16:44:17,567 - gleitzeit.orchestrator.component_orchestrator - INFO - Restarting worker api-0
[2025-11-04 16:44:17] [STDERR] 2025-11-04 16:44:17,567 - gleitzeit.orchestrator.component_orchestrator - INFO - Stopping worker api-0
[2025-11-04 16:44:17] [STDERR] 2025-11-04 16:44:17,568 - gleitzeit.orchestrator.component_orchestrator - INFO - Starting worker api-0 with shards [0, 1, 2, 3, 4, 5, 6, 7, 8, 9, 10, 11, 12, 13, 14, 15]
[2025-11-04 16:44:17] [STDERR] 2025-11-04 16:44:17,568 - gleitzeit.orchestrator.component_orchestrator - INFO - Stored config for api-0 at key: worker:config:api-0:6ef03fee
[2025-11-04 16:44:17] [STDERR] 2025-11-04 16:44:17,572 - gleitzeit.orchestrator.component_orchestrator - WARNING - Worker ui-0 unhealthy, restarting
[2025-11-04 16:44:17] [STDERR] 2025-11-04 16:44:17,572 - gleitzeit.orchestrator.component_orchestrator - INFO - Restarting worker ui-0
[2025-11-04 16:44:17] [STDERR] 2025-11-04 16:44:17,572 - gleitzeit.orchestrator.component_orchestrator - INFO - Stopping worker ui-0
[2025-11-04 16:44:17] [STDERR] 2025-11-04 16:44:17,573 - gleitzeit.orchestrator.component_orchestrator - INFO - Starting worker ui-0 with shards [0, 1, 2, 3, 4, 5, 6, 7, 8, 9, 10, 11, 12, 13, 14, 15]
[2025-11-04 16:44:17] [STDERR] 2025-11-04 16:44:17,573 - gleitzeit.orchestrator.component_orchestrator - INFO - Stored config for ui-0 at key: worker:config:ui-0:a3efdbfc
[2025-11-04 16:44:17] [STDERR] 2025-11-04 16:44:17,810 - gleitzeit.orchestrator.component_orchestrator - INFO - [ui-0:stderr] 2025-11-04 16:44:17,809 - __main__ - INFO - Initialized worker instance identity: gleitzei-529d6f54
[2025-11-04 16:44:17] [STDERR] 2025-11-04 16:44:17,810 - gleitzeit.orchestrator.component_orchestrator - INFO - [api-0:stderr] 2025-11-04 16:44:17,809 - __main__ - INFO - Initialized worker instance identity: gleitzei-529d6f54
[2025-11-04 16:44:17] [STDERR] 2025-11-04 16:44:17,810 - gleitzeit.orchestrator.component_orchestrator - INFO - [ui-0:stderr] 2025-11-04 16:44:17,810 - __main__ - INFO - Loading configuration from Redis key: worker:config:ui-0:a3efdbfc
[2025-11-04 16:44:17] [STDERR] 2025-11-04 16:44:17,810 - gleitzeit.orchestrator.component_orchestrator - INFO - [api-0:stderr] 2025-11-04 16:44:17,810 - __main__ - INFO - Loading configuration from Redis key: worker:config:api-0:6ef03fee
[2025-11-04 16:44:17] [STDERR] 2025-11-04 16:44:17,812 - gleitzeit.orchestrator.component_orchestrator - INFO - [ui-0:stderr] 2025-11-04 16:44:17,812 - __main__ - INFO - Loaded config for worker ui-0
[2025-11-04 16:44:17] [STDERR] 2025-11-04 16:44:17,812 - gleitzeit.orchestrator.component_orchestrator - INFO - [api-0:stderr] 2025-11-04 16:44:17,812 - __main__ - INFO - Loaded config for worker api-0
[2025-11-04 16:44:17] [STDERR] 2025-11-04 16:44:17,830 - gleitzeit.orchestrator.component_orchestrator - INFO - [api-0:stderr] 2025-11-04 16:44:17,830 - __main__ - INFO - Worker api-0 handler configs: ['python/v1', 'ollama/v1', 'http/v1', 'file/v1', 'timer/v1', 'signal/v1', 'workflow/v1']
[2025-11-04 16:44:17] [STDERR] 2025-11-04 16:44:17,830 - gleitzeit.orchestrator.component_orchestrator - INFO - [ui-0:stderr] 2025-11-04 16:44:17,830 - __main__ - INFO - Worker ui-0 handler configs: ['python/v1', 'ollama/v1', 'http/v1', 'file/v1', 'timer/v1', 'signal/v1', 'workflow/v1']
[2025-11-04 16:44:17] [STDERR] 2025-11-04 16:44:17,830 - gleitzeit.orchestrator.component_orchestrator - INFO - [api-0:stderr] 2025-11-04 16:44:17,830 - gleitzeit.core.redis_cluster - INFO - Redis single instance initialized at localhost:6379
[2025-11-04 16:44:17] [STDERR] 2025-11-04 16:44:17,830 - gleitzeit.orchestrator.component_orchestrator - INFO - [ui-0:stderr] 2025-11-04 16:44:17,830 - gleitzeit.core.redis_cluster - INFO - Redis single instance initialized at localhost:6379
[2025-11-04 16:44:17] [STDERR] 2025-11-04 16:44:17,830 - gleitzeit.orchestrator.component_orchestrator - ERROR - [ui-0:stderr] 2025-11-04 16:44:17,830 - ui.ui-0 - ERROR - Cannot start UI: Port 8004 is already in use. Either stop the existing service or use --ui-port to specify a different port.
[2025-11-04 16:44:17] [STDERR] 2025-11-04 16:44:17,830 - gleitzeit.orchestrator.component_orchestrator - ERROR - [api-0:stderr] 2025-11-04 16:44:17,830 - api.api-0 - ERROR - Cannot start API: Port 8000 is already in use. Either stop the existing service or use --api-port to specify a different port.
[2025-11-04 16:44:17] [STDERR] 2025-11-04 16:44:17,831 - gleitzeit.orchestrator.component_orchestrator - ERROR - [api-0:stderr] 2025-11-04 16:44:17,830 - __main__ - ERROR - Worker failed: Cannot start API: Port 8000 is already in use. Either stop the existing service or use --api-port to specify a different port.
[2025-11-04 16:44:17] [STDERR] 2025-11-04 16:44:17,831 - gleitzeit.orchestrator.component_orchestrator - ERROR - [ui-0:stderr] 2025-11-04 16:44:17,830 - __main__ - ERROR - Worker failed: Cannot start UI: Port 8004 is already in use. Either stop the existing service or use --ui-port to specify a different port.
[2025-11-04 16:44:17] [STDERR] 2025-11-04 16:44:17,831 - gleitzeit.orchestrator.component_orchestrator - INFO - [api-0:stderr] Traceback (most recent call last):
[2025-11-04 16:44:17] [STDERR] 2025-11-04 16:44:17,831 - gleitzeit.orchestrator.component_orchestrator - INFO - [ui-0:stderr] Traceback (most recent call last):
[2025-11-04 16:44:17] [STDERR] 2025-11-04 16:44:17,831 - gleitzeit.orchestrator.component_orchestrator - INFO - [api-0:stderr] File "/Users/leifmarkthaler/github/gleitzeit 0.0.7/src/gleitzeit/workers/runner.py", line 116, in run_worker
[2025-11-04 16:44:17] [STDERR] 2025-11-04 16:44:17,832 - gleitzeit.orchestrator.component_orchestrator - INFO - [ui-0:stderr] File "/Users/leifmarkthaler/github/gleitzeit 0.0.7/src/gleitzeit/workers/runner.py", line 116, in run_worker
[2025-11-04 16:44:17] [STDERR] 2025-11-04 16:44:17,832 - gleitzeit.orchestrator.component_orchestrator - INFO - [api-0:stderr] await worker.initialize()
[2025-11-04 16:44:17] [STDERR] 2025-11-04 16:44:17,832 - gleitzeit.orchestrator.component_orchestrator - INFO - [ui-0:stderr] await worker.initialize()
[2025-11-04 16:44:17] [STDERR] 2025-11-04 16:44:17,832 - gleitzeit.orchestrator.component_orchestrator - INFO - [api-0:stderr] File "/Users/leifmarkthaler/github/gleitzeit 0.0.7/src/gleitzeit/workers/base.py", line 113, in initialize
[2025-11-04 16:44:17] [STDERR] 2025-11-04 16:44:17,832 - gleitzeit.orchestrator.component_orchestrator - INFO - [ui-0:stderr] File "/Users/leifmarkthaler/github/gleitzeit 0.0.7/src/gleitzeit/workers/base.py", line 113, in initialize
[2025-11-04 16:44:17] [STDERR] 2025-11-04 16:44:17,832 - gleitzeit.orchestrator.component_orchestrator - INFO - [api-0:stderr] await self.on_initialize()
[2025-11-04 16:44:17] [STDERR] 2025-11-04 16:44:17,832 - gleitzeit.orchestrator.component_orchestrator - INFO - [ui-0:stderr] await self.on_initialize()
[2025-11-04 16:44:17] [STDERR] 2025-11-04 16:44:17,832 - gleitzeit.orchestrator.component_orchestrator - INFO - [api-0:stderr] File "/Users/leifmarkthaler/github/gleitzeit 0.0.7/src/gleitzeit/workers/api_worker.py", line 45, in on_initialize
[2025-11-04 16:44:17] [STDERR] 2025-11-04 16:44:17,832 - gleitzeit.orchestrator.component_orchestrator - INFO - [ui-0:stderr] File "/Users/leifmarkthaler/github/gleitzeit 0.0.7/src/gleitzeit/workers/ui_worker.py", line 46, in on_initialize
[2025-11-04 16:44:17] [STDERR] 2025-11-04 16:44:17,832 - gleitzeit.orchestrator.component_orchestrator - INFO - [api-0:stderr] raise RuntimeError(error_msg)
[2025-11-04 16:44:17] [STDERR] 2025-11-04 16:44:17,832 - gleitzeit.orchestrator.component_orchestrator - INFO - [ui-0:stderr] raise RuntimeError(error_msg)
[2025-11-04 16:44:17] [STDERR] 2025-11-04 16:44:17,832 - gleitzeit.orchestrator.component_orchestrator - INFO - [api-0:stderr] RuntimeError: Cannot start API: Port 8000 is already in use. Either stop the existing service or use --api-port to specify a different port.
[2025-11-04 16:44:17] [STDERR] 2025-11-04 16:44:17,832 - gleitzeit.orchestrator.component_orchestrator - INFO - [ui-0:stderr] RuntimeError: Cannot start UI: Port 8004 is already in use. Either stop the existing service or use --ui-port to specify a different port.
[2025-11-04 16:44:21] [STDERR] 2025-11-04 16:44:21,862 - gleitzeit.orchestrator.component_orchestrator - INFO - [signal-0:stderr] 2025-11-04 16:44:21,862 - gleitzeit.workers.signal_worker - INFO - Signal processing loop iteration 3340
[2025-11-04 16:44:31] [STDERR] 2025-11-04 16:44:31,882 - gleitzeit.orchestrator.component_orchestrator - INFO - [signal-0:stderr] 2025-11-04 16:44:31,882 - gleitzeit.workers.signal_worker - INFO - Signal processing loop iteration 3360
[2025-11-04 16:44:41] [STDERR] 2025-11-04 16:44:41,953 - gleitzeit.orchestrator.component_orchestrator - INFO - [signal-0:stderr] 2025-11-04 16:44:41,953 - gleitzeit.workers.signal_worker - INFO - Signal processing loop iteration 3380
[2025-11-04 16:44:51] [STDERR] 2025-11-04 16:44:51,977 - gleitzeit.orchestrator.component_orchestrator - INFO - [signal-0:stderr] 2025-11-04 16:44:51,977 - gleitzeit.workers.signal_worker - INFO - Signal processing loop iteration 3400
[2025-11-04 16:44:57] [STDERR] 2025-11-04 16:44:57,589 - gleitzeit.orchestrator.component_orchestrator - WARNING - Worker api-0 unhealthy, restarting
[2025-11-04 16:44:57] [STDERR] 2025-11-04 16:44:57,590 - gleitzeit.orchestrator.component_orchestrator - INFO - Restarting worker api-0
[2025-11-04 16:44:57] [STDERR] 2025-11-04 16:44:57,590 - gleitzeit.orchestrator.component_orchestrator - INFO - Stopping worker api-0
[2025-11-04 16:44:57] [STDERR] 2025-11-04 16:44:57,590 - gleitzeit.orchestrator.component_orchestrator - INFO - Starting worker api-0 with shards [0, 1, 2, 3, 4, 5, 6, 7, 8, 9, 10, 11, 12, 13, 14, 15]
[2025-11-04 16:44:57] [STDERR] 2025-11-04 16:44:57,591 - gleitzeit.orchestrator.component_orchestrator - INFO - Stored config for api-0 at key: worker:config:api-0:c05cb167
[2025-11-04 16:44:57] [STDERR] 2025-11-04 16:44:57,598 - gleitzeit.orchestrator.component_orchestrator - WARNING - Worker ui-0 unhealthy, restarting
[2025-11-04 16:44:57] [STDERR] 2025-11-04 16:44:57,599 - gleitzeit.orchestrator.component_orchestrator - INFO - Restarting worker ui-0
[2025-11-04 16:44:57] [STDERR] 2025-11-04 16:44:57,599 - gleitzeit.orchestrator.component_orchestrator - INFO - Stopping worker ui-0
[2025-11-04 16:44:57] [STDERR] 2025-11-04 16:44:57,599 - gleitzeit.orchestrator.component_orchestrator - INFO - Starting worker ui-0 with shards [0, 1, 2, 3, 4, 5, 6, 7, 8, 9, 10, 11, 12, 13, 14, 15]
[2025-11-04 16:44:57] [STDERR] 2025-11-04 16:44:57,599 - gleitzeit.orchestrator.component_orchestrator - INFO - Stored config for ui-0 at key: worker:config:ui-0:d983d997
[2025-11-04 16:44:57] [STDERR] 2025-11-04 16:44:57,833 - gleitzeit.orchestrator.component_orchestrator - INFO - [api-0:stderr] 2025-11-04 16:44:57,833 - __main__ - INFO - Initialized worker instance identity: gleitzei-529d6f54
[2025-11-04 16:44:57] [STDERR] 2025-11-04 16:44:57,833 - gleitzeit.orchestrator.component_orchestrator - INFO - [ui-0:stderr] 2025-11-04 16:44:57,833 - __main__ - INFO - Initialized worker instance identity: gleitzei-529d6f54
[2025-11-04 16:44:57] [STDERR] 2025-11-04 16:44:57,833 - gleitzeit.orchestrator.component_orchestrator - INFO - [api-0:stderr] 2025-11-04 16:44:57,833 - __main__ - INFO - Loading configuration from Redis key: worker:config:api-0:c05cb167
[2025-11-04 16:44:57] [STDERR] 2025-11-04 16:44:57,834 - gleitzeit.orchestrator.component_orchestrator - INFO - [ui-0:stderr] 2025-11-04 16:44:57,833 - __main__ - INFO - Loading configuration from Redis key: worker:config:ui-0:d983d997
[2025-11-04 16:44:57] [STDERR] 2025-11-04 16:44:57,835 - gleitzeit.orchestrator.component_orchestrator - INFO - [ui-0:stderr] 2025-11-04 16:44:57,835 - __main__ - INFO - Loaded config for worker ui-0
[2025-11-04 16:44:57] [STDERR] 2025-11-04 16:44:57,836 - gleitzeit.orchestrator.component_orchestrator - INFO - [api-0:stderr] 2025-11-04 16:44:57,835 - __main__ - INFO - Loaded config for worker api-0
[2025-11-04 16:44:57] [STDERR] 2025-11-04 16:44:57,853 - gleitzeit.orchestrator.component_orchestrator - INFO - [ui-0:stderr] 2025-11-04 16:44:57,853 - __main__ - INFO - Worker ui-0 handler configs: ['python/v1', 'ollama/v1', 'http/v1', 'file/v1', 'timer/v1', 'signal/v1', 'workflow/v1']
[2025-11-04 16:44:57] [STDERR] 2025-11-04 16:44:57,853 - gleitzeit.orchestrator.component_orchestrator - INFO - [api-0:stderr] 2025-11-04 16:44:57,853 - __main__ - INFO - Worker api-0 handler configs: ['python/v1', 'ollama/v1', 'http/v1', 'file/v1', 'timer/v1', 'signal/v1', 'workflow/v1']
[2025-11-04 16:44:57] [STDERR] 2025-11-04 16:44:57,853 - gleitzeit.orchestrator.component_orchestrator - INFO - [ui-0:stderr] 2025-11-04 16:44:57,853 - gleitzeit.core.redis_cluster - INFO - Redis single instance initialized at localhost:6379
[2025-11-04 16:44:57] [STDERR] 2025-11-04 16:44:57,853 - gleitzeit.orchestrator.component_orchestrator - INFO - [api-0:stderr] 2025-11-04 16:44:57,853 - gleitzeit.core.redis_cluster - INFO - Redis single instance initialized at localhost:6379
[2025-11-04 16:44:57] [STDERR] 2025-11-04 16:44:57,853 - gleitzeit.orchestrator.component_orchestrator - ERROR - [ui-0:stderr] 2025-11-04 16:44:57,853 - ui.ui-0 - ERROR - Cannot start UI: Port 8004 is already in use. Either stop the existing service or use --ui-port to specify a different port.
[2025-11-04 16:44:57] [STDERR] 2025-11-04 16:44:57,853 - gleitzeit.orchestrator.component_orchestrator - ERROR - [api-0:stderr] 2025-11-04 16:44:57,853 - api.api-0 - ERROR - Cannot start API: Port 8000 is already in use. Either stop the existing service or use --api-port to specify a different port.
[2025-11-04 16:44:57] [STDERR] 2025-11-04 16:44:57,855 - gleitzeit.orchestrator.component_orchestrator - ERROR - [api-0:stderr] 2025-11-04 16:44:57,853 - __main__ - ERROR - Worker failed: Cannot start API: Port 8000 is already in use. Either stop the existing service or use --api-port to specify a different port.
[2025-11-04 16:44:57] [STDERR] 2025-11-04 16:44:57,855 - gleitzeit.orchestrator.component_orchestrator - INFO - [api-0:stderr] Traceback (most recent call last):
[2025-11-04 16:44:57] [STDERR] 2025-11-04 16:44:57,855 - gleitzeit.orchestrator.component_orchestrator - INFO - [api-0:stderr] File "/Users/leifmarkthaler/github/gleitzeit 0.0.7/src/gleitzeit/workers/runner.py", line 116, in run_worker
[2025-11-04 16:44:57] [STDERR] 2025-11-04 16:44:57,855 - gleitzeit.orchestrator.component_orchestrator - INFO - [api-0:stderr] await worker.initialize()
[2025-11-04 16:44:57] [STDERR] 2025-11-04 16:44:57,855 - gleitzeit.orchestrator.component_orchestrator - INFO - [api-0:stderr] File "/Users/leifmarkthaler/github/gleitzeit 0.0.7/src/gleitzeit/workers/base.py", line 113, in initialize
[2025-11-04 16:44:57] [STDERR] 2025-11-04 16:44:57,855 - gleitzeit.orchestrator.component_orchestrator - ERROR - [ui-0:stderr] 2025-11-04 16:44:57,853 - __main__ - ERROR - Worker failed: Cannot start UI: Port 8004 is already in use. Either stop the existing service or use --ui-port to specify a different port.
[2025-11-04 16:44:57] [STDERR] 2025-11-04 16:44:57,855 - gleitzeit.orchestrator.component_orchestrator - INFO - [api-0:stderr] await self.on_initialize()
[2025-11-04 16:44:57] [STDERR] 2025-11-04 16:44:57,855 - gleitzeit.orchestrator.component_orchestrator - INFO - [ui-0:stderr] Traceback (most recent call last):
[2025-11-04 16:44:57] [STDERR] 2025-11-04 16:44:57,855 - gleitzeit.orchestrator.component_orchestrator - INFO - [api-0:stderr] File "/Users/leifmarkthaler/github/gleitzeit 0.0.7/src/gleitzeit/workers/api_worker.py", line 45, in on_initialize
[2025-11-04 16:44:57] [STDERR] 2025-11-04 16:44:57,855 - gleitzeit.orchestrator.component_orchestrator - INFO - [ui-0:stderr] File "/Users/leifmarkthaler/github/gleitzeit 0.0.7/src/gleitzeit/workers/runner.py", line 116, in run_worker
[2025-11-04 16:44:57] [STDERR] 2025-11-04 16:44:57,855 - gleitzeit.orchestrator.component_orchestrator - INFO - [api-0:stderr] raise RuntimeError(error_msg)
[2025-11-04 16:44:57] [STDERR] 2025-11-04 16:44:57,855 - gleitzeit.orchestrator.component_orchestrator - INFO - [ui-0:stderr] await worker.initialize()
[2025-11-04 16:44:57] [STDERR] 2025-11-04 16:44:57,855 - gleitzeit.orchestrator.component_orchestrator - INFO - [api-0:stderr] RuntimeError: Cannot start API: Port 8000 is already in use. Either stop the existing service or use --api-port to specify a different port.
[2025-11-04 16:44:57] [STDERR] 2025-11-04 16:44:57,855 - gleitzeit.orchestrator.component_orchestrator - INFO - [ui-0:stderr] File "/Users/leifmarkthaler/github/gleitzeit 0.0.7/src/gleitzeit/workers/base.py", line 113, in initialize
[2025-11-04 16:44:57] [STDERR] 2025-11-04 16:44:57,855 - gleitzeit.orchestrator.component_orchestrator - INFO - [ui-0:stderr] await self.on_initialize()
[2025-11-04 16:44:57] [STDERR] 2025-11-04 16:44:57,855 - gleitzeit.orchestrator.component_orchestrator - INFO - [ui-0:stderr] File "/Users/leifmarkthaler/github/gleitzeit 0.0.7/src/gleitzeit/workers/ui_worker.py", line 46, in on_initialize
[2025-11-04 16:44:57] [STDERR] 2025-11-04 16:44:57,855 - gleitzeit.orchestrator.component_orchestrator - INFO - [ui-0:stderr] raise RuntimeError(error_msg)
[2025-11-04 16:44:57] [STDERR] 2025-11-04 16:44:57,855 - gleitzeit.orchestrator.component_orchestrator - INFO - [ui-0:stderr] RuntimeError: Cannot start UI: Port 8004 is already in use. Either stop the existing service or use --ui-port to specify a different port.
[2025-11-04 16:45:01] [STDERR] 2025-11-04 16:45:01,998 - gleitzeit.orchestrator.component_orchestrator - INFO - [signal-0:stderr] 2025-11-04 16:45:01,997 - gleitzeit.workers.signal_worker - INFO - Signal processing loop iteration 3420
[2025-11-04 16:45:12] [STDERR] 2025-11-04 16:45:12,062 - gleitzeit.orchestrator.component_orchestrator - INFO - [signal-0:stderr] 2025-11-04 16:45:12,062 - gleitzeit.workers.signal_worker - INFO - Signal processing loop iteration 3440
[2025-11-04 16:45:22] [STDERR] 2025-11-04 16:45:22,085 - gleitzeit.orchestrator.component_orchestrator - INFO - [signal-0:stderr] 2025-11-04 16:45:22,085 - gleitzeit.workers.signal_worker - INFO - Signal processing loop iteration 3460
[2025-11-04 16:45:32] [STDERR] 2025-11-04 16:45:32,106 - gleitzeit.orchestrator.component_orchestrator - INFO - [signal-0:stderr] 2025-11-04 16:45:32,106 - gleitzeit.workers.signal_worker - INFO - Signal processing loop iteration 3480
[2025-11-04 16:45:37] [STDERR] 2025-11-04 16:45:37,622 - gleitzeit.orchestrator.component_orchestrator - WARNING - Worker api-0 unhealthy, restarting
[2025-11-04 16:45:37] [STDERR] 2025-11-04 16:45:37,622 - gleitzeit.orchestrator.component_orchestrator - INFO - Restarting worker api-0
[2025-11-04 16:45:37] [STDERR] 2025-11-04 16:45:37,622 - gleitzeit.orchestrator.component_orchestrator - INFO - Stopping worker api-0
[2025-11-04 16:45:37] [STDERR] 2025-11-04 16:45:37,622 - gleitzeit.orchestrator.component_orchestrator - INFO - Starting worker api-0 with shards [0, 1, 2, 3, 4, 5, 6, 7, 8, 9, 10, 11, 12, 13, 14, 15]
[2025-11-04 16:45:37] [STDERR] 2025-11-04 16:45:37,623 - gleitzeit.orchestrator.component_orchestrator - INFO - Stored config for api-0 at key: worker:config:api-0:dd000e66
[2025-11-04 16:45:37] [STDERR] 2025-11-04 16:45:37,626 - gleitzeit.orchestrator.component_orchestrator - WARNING - Worker ui-0 unhealthy, restarting
[2025-11-04 16:45:37] [STDERR] 2025-11-04 16:45:37,626 - gleitzeit.orchestrator.component_orchestrator - INFO - Restarting worker ui-0
[2025-11-04 16:45:37] [STDERR] 2025-11-04 16:45:37,626 - gleitzeit.orchestrator.component_orchestrator - INFO - Stopping worker ui-0
[2025-11-04 16:45:37] [STDERR] 2025-11-04 16:45:37,626 - gleitzeit.orchestrator.component_orchestrator - INFO - Starting worker ui-0 with shards [0, 1, 2, 3, 4, 5, 6, 7, 8, 9, 10, 11, 12, 13, 14, 15]
[2025-11-04 16:45:37] [STDERR] 2025-11-04 16:45:37,626 - gleitzeit.orchestrator.component_orchestrator - INFO - Stored config for ui-0 at key: worker:config:ui-0:5d8d09b5
[2025-11-04 16:45:37] [STDERR] 2025-11-04 16:45:37,783 - gleitzeit.orchestrator.component_orchestrator - INFO - [api-0:stderr] 2025-11-04 16:45:37,782 - __main__ - INFO - Initialized worker instance identity: gleitzei-529d6f54
[2025-11-04 16:45:37] [STDERR] 2025-11-04 16:45:37,783 - gleitzeit.orchestrator.component_orchestrator - INFO - [ui-0:stderr] 2025-11-04 16:45:37,782 - __main__ - INFO - Initialized worker instance identity: gleitzei-529d6f54
[2025-11-04 16:45:37] [STDERR] 2025-11-04 16:45:37,783 - gleitzeit.orchestrator.component_orchestrator - INFO - [ui-0:stderr] 2025-11-04 16:45:37,783 - __main__ - INFO - Loading configuration from Redis key: worker:config:ui-0:5d8d09b5
[2025-11-04 16:45:37] [STDERR] 2025-11-04 16:45:37,783 - gleitzeit.orchestrator.component_orchestrator - INFO - [api-0:stderr] 2025-11-04 16:45:37,783 - __main__ - INFO - Loading configuration from Redis key: worker:config:api-0:dd000e66
[2025-11-04 16:45:37] [STDERR] 2025-11-04 16:45:37,785 - gleitzeit.orchestrator.component_orchestrator - INFO - [api-0:stderr] 2025-11-04 16:45:37,785 - __main__ - INFO - Loaded config for worker api-0
[2025-11-04 16:45:37] [STDERR] 2025-11-04 16:45:37,785 - gleitzeit.orchestrator.component_orchestrator - INFO - [ui-0:stderr] 2025-11-04 16:45:37,785 - __main__ - INFO - Loaded config for worker ui-0
[2025-11-04 16:45:37] [STDERR] 2025-11-04 16:45:37,796 - gleitzeit.orchestrator.component_orchestrator - INFO - [ui-0:stderr] 2025-11-04 16:45:37,796 - __main__ - INFO - Worker ui-0 handler configs: ['python/v1', 'ollama/v1', 'http/v1', 'file/v1', 'timer/v1', 'signal/v1', 'workflow/v1']
[2025-11-04 16:45:37] [STDERR] 2025-11-04 16:45:37,796 - gleitzeit.orchestrator.component_orchestrator - INFO - [api-0:stderr] 2025-11-04 16:45:37,796 - __main__ - INFO - Worker api-0 handler configs: ['python/v1', 'ollama/v1', 'http/v1', 'file/v1', 'timer/v1', 'signal/v1', 'workflow/v1']
[2025-11-04 16:45:37] [STDERR] 2025-11-04 16:45:37,796 - gleitzeit.orchestrator.component_orchestrator - INFO - [api-0:stderr] 2025-11-04 16:45:37,796 - gleitzeit.core.redis_cluster - INFO - Redis single instance initialized at localhost:6379
[2025-11-04 16:45:37] [STDERR] 2025-11-04 16:45:37,796 - gleitzeit.orchestrator.component_orchestrator - INFO - [ui-0:stderr] 2025-11-04 16:45:37,796 - gleitzeit.core.redis_cluster - INFO - Redis single instance initialized at localhost:6379
[2025-11-04 16:45:37] [STDERR] 2025-11-04 16:45:37,796 - gleitzeit.orchestrator.component_orchestrator - ERROR - [ui-0:stderr] 2025-11-04 16:45:37,796 - ui.ui-0 - ERROR - Cannot start UI: Port 8004 is already in use. Either stop the existing service or use --ui-port to specify a different port.
[2025-11-04 16:45:37] [STDERR] 2025-11-04 16:45:37,796 - gleitzeit.orchestrator.component_orchestrator - ERROR - [api-0:stderr] 2025-11-04 16:45:37,796 - api.api-0 - ERROR - Cannot start API: Port 8000 is already in use. Either stop the existing service or use --api-port to specify a different port.
[2025-11-04 16:45:37] [STDERR] 2025-11-04 16:45:37,796 - gleitzeit.orchestrator.component_orchestrator - ERROR - [ui-0:stderr] 2025-11-04 16:45:37,796 - __main__ - ERROR - Worker failed: Cannot start UI: Port 8004 is already in use. Either stop the existing service or use --ui-port to specify a different port.
[2025-11-04 16:45:37] [STDERR] 2025-11-04 16:45:37,796 - gleitzeit.orchestrator.component_orchestrator - ERROR - [api-0:stderr] 2025-11-04 16:45:37,796 - __main__ - ERROR - Worker failed: Cannot start API: Port 8000 is already in use. Either stop the existing service or use --api-port to specify a different port.
[2025-11-04 16:45:37] [STDERR] 2025-11-04 16:45:37,796 - gleitzeit.orchestrator.component_orchestrator - INFO - [ui-0:stderr] Traceback (most recent call last):
[2025-11-04 16:45:37] [STDERR] 2025-11-04 16:45:37,796 - gleitzeit.orchestrator.component_orchestrator - INFO - [api-0:stderr] Traceback (most recent call last):
[2025-11-04 16:45:37] [STDERR] 2025-11-04 16:45:37,796 - gleitzeit.orchestrator.component_orchestrator - INFO - [ui-0:stderr] File "/Users/leifmarkthaler/github/gleitzeit 0.0.7/src/gleitzeit/workers/runner.py", line 116, in run_worker
[2025-11-04 16:45:37] [STDERR] 2025-11-04 16:45:37,796 - gleitzeit.orchestrator.component_orchestrator - INFO - [api-0:stderr] File "/Users/leifmarkthaler/github/gleitzeit 0.0.7/src/gleitzeit/workers/runner.py", line 116, in run_worker
[2025-11-04 16:45:37] [STDERR] 2025-11-04 16:45:37,796 - gleitzeit.orchestrator.component_orchestrator - INFO - [ui-0:stderr] await worker.initialize()
[2025-11-04 16:45:37] [STDERR] 2025-11-04 16:45:37,796 - gleitzeit.orchestrator.component_orchestrator - INFO - [api-0:stderr] await worker.initialize()
[2025-11-04 16:45:37] [STDERR] 2025-11-04 16:45:37,797 - gleitzeit.orchestrator.component_orchestrator - INFO - [ui-0:stderr] File "/Users/leifmarkthaler/github/gleitzeit 0.0.7/src/gleitzeit/workers/base.py", line 113, in initialize
[2025-11-04 16:45:37] [STDERR] 2025-11-04 16:45:37,797 - gleitzeit.orchestrator.component_orchestrator - INFO - [api-0:stderr] File "/Users/leifmarkthaler/github/gleitzeit 0.0.7/src/gleitzeit/workers/base.py", line 113, in initialize
[2025-11-04 16:45:37] [STDERR] 2025-11-04 16:45:37,797 - gleitzeit.orchestrator.component_orchestrator - INFO - [ui-0:stderr] await self.on_initialize()
[2025-11-04 16:45:37] [STDERR] 2025-11-04 16:45:37,797 - gleitzeit.orchestrator.component_orchestrator - INFO - [api-0:stderr] await self.on_initialize()
[2025-11-04 16:45:37] [STDERR] 2025-11-04 16:45:37,797 - gleitzeit.orchestrator.component_orchestrator - INFO - [ui-0:stderr] File "/Users/leifmarkthaler/github/gleitzeit 0.0.7/src/gleitzeit/workers/ui_worker.py", line 46, in on_initialize
[2025-11-04 16:45:37] [STDERR] 2025-11-04 16:45:37,797 - gleitzeit.orchestrator.component_orchestrator - INFO - [api-0:stderr] File "/Users/leifmarkthaler/github/gleitzeit 0.0.7/src/gleitzeit/workers/api_worker.py", line 45, in on_initialize
[2025-11-04 16:45:37] [STDERR] 2025-11-04 16:45:37,797 - gleitzeit.orchestrator.component_orchestrator - INFO - [ui-0:stderr] raise RuntimeError(error_msg)
[2025-11-04 16:45:37] [STDERR] 2025-11-04 16:45:37,797 - gleitzeit.orchestrator.component_orchestrator - INFO - [api-0:stderr] raise RuntimeError(error_msg)
[2025-11-04 16:45:37] [STDERR] 2025-11-04 16:45:37,797 - gleitzeit.orchestrator.component_orchestrator - INFO - [ui-0:stderr] RuntimeError: Cannot start UI: Port 8004 is already in use. Either stop the existing service or use --ui-port to specify a different port.
[2025-11-04 16:45:37] [STDERR] 2025-11-04 16:45:37,797 - gleitzeit.orchestrator.component_orchestrator - INFO - [api-0:stderr] RuntimeError: Cannot start API: Port 8000 is already in use. Either stop the existing service or use --api-port to specify a different port.
[2025-11-04 16:45:42] [STDERR] 2025-11-04 16:45:42,164 - gleitzeit.orchestrator.component_orchestrator - INFO - [signal-0:stderr] 2025-11-04 16:45:42,164 - gleitzeit.workers.signal_worker - INFO - Signal processing loop iteration 3500
[2025-11-04 16:45:52] [STDERR] 2025-11-04 16:45:52,187 - gleitzeit.orchestrator.component_orchestrator - INFO - [signal-0:stderr] 2025-11-04 16:45:52,187 - gleitzeit.workers.signal_worker - INFO - Signal processing loop iteration 3520
[2025-11-04 16:46:02] [STDERR] 2025-11-04 16:46:02,209 - gleitzeit.orchestrator.component_orchestrator - INFO - [signal-0:stderr] 2025-11-04 16:46:02,209 - gleitzeit.workers.signal_worker - INFO - Signal processing loop iteration 3540
[2025-11-04 16:46:12] [STDERR] 2025-11-04 16:46:12,273 - gleitzeit.orchestrator.component_orchestrator - INFO - [signal-0:stderr] 2025-11-04 16:46:12,272 - gleitzeit.workers.signal_worker - INFO - Signal processing loop iteration 3560
[2025-11-04 16:46:17] [STDERR] 2025-11-04 16:46:17,646 - gleitzeit.orchestrator.component_orchestrator - WARNING - Worker api-0 unhealthy, restarting
[2025-11-04 16:46:17] [STDERR] 2025-11-04 16:46:17,646 - gleitzeit.orchestrator.component_orchestrator - INFO - Restarting worker api-0
[2025-11-04 16:46:17] [STDERR] 2025-11-04 16:46:17,646 - gleitzeit.orchestrator.component_orchestrator - INFO - Stopping worker api-0
[2025-11-04 16:46:17] [STDERR] 2025-11-04 16:46:17,647 - gleitzeit.orchestrator.component_orchestrator - INFO - Starting worker api-0 with shards [0, 1, 2, 3, 4, 5, 6, 7, 8, 9, 10, 11, 12, 13, 14, 15]
[2025-11-04 16:46:17] [STDERR] 2025-11-04 16:46:17,648 - gleitzeit.orchestrator.component_orchestrator - INFO - Stored config for api-0 at key: worker:config:api-0:d1e21b71
[2025-11-04 16:46:17] [STDERR] 2025-11-04 16:46:17,655 - gleitzeit.orchestrator.component_orchestrator - WARNING - Worker ui-0 unhealthy, restarting
[2025-11-04 16:46:17] [STDERR] 2025-11-04 16:46:17,655 - gleitzeit.orchestrator.component_orchestrator - INFO - Restarting worker ui-0
[2025-11-04 16:46:17] [STDERR] 2025-11-04 16:46:17,655 - gleitzeit.orchestrator.component_orchestrator - INFO - Stopping worker ui-0
[2025-11-04 16:46:17] [STDERR] 2025-11-04 16:46:17,655 - gleitzeit.orchestrator.component_orchestrator - INFO - Starting worker ui-0 with shards [0, 1, 2, 3, 4, 5, 6, 7, 8, 9, 10, 11, 12, 13, 14, 15]
[2025-11-04 16:46:17] [STDERR] 2025-11-04 16:46:17,656 - gleitzeit.orchestrator.component_orchestrator - INFO - Stored config for ui-0 at key: worker:config:ui-0:9a070450
[2025-11-04 16:46:17] [STDERR] 2025-11-04 16:46:17,827 - gleitzeit.orchestrator.component_orchestrator - INFO - [api-0:stderr] 2025-11-04 16:46:17,826 - __main__ - INFO - Initialized worker instance identity: gleitzei-529d6f54
[2025-11-04 16:46:17] [STDERR] 2025-11-04 16:46:17,827 - gleitzeit.orchestrator.component_orchestrator - INFO - [ui-0:stderr] 2025-11-04 16:46:17,826 - __main__ - INFO - Initialized worker instance identity: gleitzei-529d6f54
[2025-11-04 16:46:17] [STDERR] 2025-11-04 16:46:17,827 - gleitzeit.orchestrator.component_orchestrator - INFO - [api-0:stderr] 2025-11-04 16:46:17,827 - __main__ - INFO - Loading configuration from Redis key: worker:config:api-0:d1e21b71
[2025-11-04 16:46:17] [STDERR] 2025-11-04 16:46:17,827 - gleitzeit.orchestrator.component_orchestrator - INFO - [ui-0:stderr] 2025-11-04 16:46:17,827 - __main__ - INFO - Loading configuration from Redis key: worker:config:ui-0:9a070450
[2025-11-04 16:46:17] [STDERR] 2025-11-04 16:46:17,829 - gleitzeit.orchestrator.component_orchestrator - INFO - [api-0:stderr] 2025-11-04 16:46:17,829 - __main__ - INFO - Loaded config for worker api-0
[2025-11-04 16:46:17] [STDERR] 2025-11-04 16:46:17,829 - gleitzeit.orchestrator.component_orchestrator - INFO - [ui-0:stderr] 2025-11-04 16:46:17,829 - __main__ - INFO - Loaded config for worker ui-0
[2025-11-04 16:46:17] [STDERR] 2025-11-04 16:46:17,840 - gleitzeit.orchestrator.component_orchestrator - INFO - [api-0:stderr] 2025-11-04 16:46:17,840 - __main__ - INFO - Worker api-0 handler configs: ['python/v1', 'ollama/v1', 'http/v1', 'file/v1', 'timer/v1', 'signal/v1', 'workflow/v1']
[2025-11-04 16:46:17] [STDERR] 2025-11-04 16:46:17,840 - gleitzeit.orchestrator.component_orchestrator - INFO - [ui-0:stderr] 2025-11-04 16:46:17,840 - __main__ - INFO - Worker ui-0 handler configs: ['python/v1', 'ollama/v1', 'http/v1', 'file/v1', 'timer/v1', 'signal/v1', 'workflow/v1']
[2025-11-04 16:46:17] [STDERR] 2025-11-04 16:46:17,840 - gleitzeit.orchestrator.component_orchestrator - INFO - [api-0:stderr] 2025-11-04 16:46:17,840 - gleitzeit.core.redis_cluster - INFO - Redis single instance initialized at localhost:6379
[2025-11-04 16:46:17] [STDERR] 2025-11-04 16:46:17,840 - gleitzeit.orchestrator.component_orchestrator - INFO - [ui-0:stderr] 2025-11-04 16:46:17,840 - gleitzeit.core.redis_cluster - INFO - Redis single instance initialized at localhost:6379
[2025-11-04 16:46:17] [STDERR] 2025-11-04 16:46:17,840 - gleitzeit.orchestrator.component_orchestrator - ERROR - [api-0:stderr] 2025-11-04 16:46:17,840 - api.api-0 - ERROR - Cannot start API: Port 8000 is already in use. Either stop the existing service or use --api-port to specify a different port.
[2025-11-04 16:46:17] [STDERR] 2025-11-04 16:46:17,840 - gleitzeit.orchestrator.component_orchestrator - ERROR - [ui-0:stderr] 2025-11-04 16:46:17,840 - ui.ui-0 - ERROR - Cannot start UI: Port 8004 is already in use. Either stop the existing service or use --ui-port to specify a different port.
[2025-11-04 16:46:17] [STDERR] 2025-11-04 16:46:17,840 - gleitzeit.orchestrator.component_orchestrator - ERROR - [ui-0:stderr] 2025-11-04 16:46:17,840 - __main__ - ERROR - Worker failed: Cannot start UI: Port 8004 is already in use. Either stop the existing service or use --ui-port to specify a different port.
[2025-11-04 16:46:17] [STDERR] 2025-11-04 16:46:17,840 - gleitzeit.orchestrator.component_orchestrator - ERROR - [api-0:stderr] 2025-11-04 16:46:17,840 - __main__ - ERROR - Worker failed: Cannot start API: Port 8000 is already in use. Either stop the existing service or use --api-port to specify a different port.
[2025-11-04 16:46:17] [STDERR] 2025-11-04 16:46:17,841 - gleitzeit.orchestrator.component_orchestrator - INFO - [ui-0:stderr] Traceback (most recent call last):
[2025-11-04 16:46:17] [STDERR] 2025-11-04 16:46:17,841 - gleitzeit.orchestrator.component_orchestrator - INFO - [api-0:stderr] Traceback (most recent call last):
[2025-11-04 16:46:17] [STDERR] 2025-11-04 16:46:17,841 - gleitzeit.orchestrator.component_orchestrator - INFO - [ui-0:stderr] File "/Users/leifmarkthaler/github/gleitzeit 0.0.7/src/gleitzeit/workers/runner.py", line 116, in run_worker
[2025-11-04 16:46:17] [STDERR] 2025-11-04 16:46:17,841 - gleitzeit.orchestrator.component_orchestrator - INFO - [api-0:stderr] File "/Users/leifmarkthaler/github/gleitzeit 0.0.7/src/gleitzeit/workers/runner.py", line 116, in run_worker
[2025-11-04 16:46:17] [STDERR] 2025-11-04 16:46:17,841 - gleitzeit.orchestrator.component_orchestrator - INFO - [ui-0:stderr] await worker.initialize()
[2025-11-04 16:46:17] [STDERR] 2025-11-04 16:46:17,841 - gleitzeit.orchestrator.component_orchestrator - INFO - [api-0:stderr] await worker.initialize()
[2025-11-04 16:46:17] [STDERR] 2025-11-04 16:46:17,841 - gleitzeit.orchestrator.component_orchestrator - INFO - [ui-0:stderr] File "/Users/leifmarkthaler/github/gleitzeit 0.0.7/src/gleitzeit/workers/base.py", line 113, in initialize
[2025-11-04 16:46:17] [STDERR] 2025-11-04 16:46:17,841 - gleitzeit.orchestrator.component_orchestrator - INFO - [api-0:stderr] File "/Users/leifmarkthaler/github/gleitzeit 0.0.7/src/gleitzeit/workers/base.py", line 113, in initialize
[2025-11-04 16:46:17] [STDERR] 2025-11-04 16:46:17,841 - gleitzeit.orchestrator.component_orchestrator - INFO - [ui-0:stderr] await self.on_initialize()
[2025-11-04 16:46:17] [STDERR] 2025-11-04 16:46:17,841 - gleitzeit.orchestrator.component_orchestrator - INFO - [api-0:stderr] await self.on_initialize()
[2025-11-04 16:46:17] [STDERR] 2025-11-04 16:46:17,841 - gleitzeit.orchestrator.component_orchestrator - INFO - [ui-0:stderr] File "/Users/leifmarkthaler/github/gleitzeit 0.0.7/src/gleitzeit/workers/ui_worker.py", line 46, in on_initialize
[2025-11-04 16:46:17] [STDERR] 2025-11-04 16:46:17,841 - gleitzeit.orchestrator.component_orchestrator - INFO - [api-0:stderr] File "/Users/leifmarkthaler/github/gleitzeit 0.0.7/src/gleitzeit/workers/api_worker.py", line 45, in on_initialize
[2025-11-04 16:46:17] [STDERR] 2025-11-04 16:46:17,841 - gleitzeit.orchestrator.component_orchestrator - INFO - [ui-0:stderr] raise RuntimeError(error_msg)
[2025-11-04 16:46:17] [STDERR] 2025-11-04 16:46:17,841 - gleitzeit.orchestrator.component_orchestrator - INFO - [api-0:stderr] raise RuntimeError(error_msg)
[2025-11-04 16:46:17] [STDERR] 2025-11-04 16:46:17,841 - gleitzeit.orchestrator.component_orchestrator - INFO - [ui-0:stderr] RuntimeError: Cannot start UI: Port 8004 is already in use. Either stop the existing service or use --ui-port to specify a different port.
[2025-11-04 16:46:17] [STDERR] 2025-11-04 16:46:17,841 - gleitzeit.orchestrator.component_orchestrator - INFO - [api-0:stderr] RuntimeError: Cannot start API: Port 8000 is already in use. Either stop the existing service or use --api-port to specify a different port.
[2025-11-04 16:46:22] [STDERR] 2025-11-04 16:46:22,296 - gleitzeit.orchestrator.component_orchestrator - INFO - [signal-0:stderr] 2025-11-04 16:46:22,295 - gleitzeit.workers.signal_worker - INFO - Signal processing loop iteration 3580
[2025-11-04 16:46:32] [STDERR] 2025-11-04 16:46:32,318 - gleitzeit.orchestrator.component_orchestrator - INFO - [signal-0:stderr] 2025-11-04 16:46:32,317 - gleitzeit.workers.signal_worker - INFO - Signal processing loop iteration 3600
[2025-11-04 16:46:42] [STDERR] 2025-11-04 16:46:42,375 - gleitzeit.orchestrator.component_orchestrator - INFO - [signal-0:stderr] 2025-11-04 16:46:42,374 - gleitzeit.workers.signal_worker - INFO - Signal processing loop iteration 3620
[2025-11-04 16:46:52] [STDERR] 2025-11-04 16:46:52,398 - gleitzeit.orchestrator.component_orchestrator - INFO - [signal-0:stderr] 2025-11-04 16:46:52,398 - gleitzeit.workers.signal_worker - INFO - Signal processing loop iteration 3640
[2025-11-04 16:46:57] [STDERR] 2025-11-04 16:46:57,673 - gleitzeit.orchestrator.component_orchestrator - WARNING - Worker api-0 unhealthy, restarting
[2025-11-04 16:46:57] [STDERR] 2025-11-04 16:46:57,673 - gleitzeit.orchestrator.component_orchestrator - INFO - Restarting worker api-0
[2025-11-04 16:46:57] [STDERR] 2025-11-04 16:46:57,673 - gleitzeit.orchestrator.component_orchestrator - INFO - Stopping worker api-0
[2025-11-04 16:46:57] [STDERR] 2025-11-04 16:46:57,674 - gleitzeit.orchestrator.component_orchestrator - INFO - Starting worker api-0 with shards [0, 1, 2, 3, 4, 5, 6, 7, 8, 9, 10, 11, 12, 13, 14, 15]
[2025-11-04 16:46:57] [STDERR] 2025-11-04 16:46:57,675 - gleitzeit.orchestrator.component_orchestrator - INFO - Stored config for api-0 at key: worker:config:api-0:00fd7e58
[2025-11-04 16:46:57] [STDERR] 2025-11-04 16:46:57,683 - gleitzeit.orchestrator.component_orchestrator - WARNING - Worker ui-0 unhealthy, restarting
[2025-11-04 16:46:57] [STDERR] 2025-11-04 16:46:57,683 - gleitzeit.orchestrator.component_orchestrator - INFO - Restarting worker ui-0
[2025-11-04 16:46:57] [STDERR] 2025-11-04 16:46:57,683 - gleitzeit.orchestrator.component_orchestrator - INFO - Stopping worker ui-0
[2025-11-04 16:46:57] [STDERR] 2025-11-04 16:46:57,683 - gleitzeit.orchestrator.component_orchestrator - INFO - Starting worker ui-0 with shards [0, 1, 2, 3, 4, 5, 6, 7, 8, 9, 10, 11, 12, 13, 14, 15]
[2025-11-04 16:46:57] [STDERR] 2025-11-04 16:46:57,683 - gleitzeit.orchestrator.component_orchestrator - INFO - Stored config for ui-0 at key: worker:config:ui-0:a43d2e93
[2025-11-04 16:46:57] [STDERR] 2025-11-04 16:46:57,921 - gleitzeit.orchestrator.component_orchestrator - INFO - [api-0:stderr] 2025-11-04 16:46:57,921 - __main__ - INFO - Initialized worker instance identity: gleitzei-529d6f54
[2025-11-04 16:46:57] [STDERR] 2025-11-04 16:46:57,922 - gleitzeit.orchestrator.component_orchestrator - INFO - [ui-0:stderr] 2025-11-04 16:46:57,921 - __main__ - INFO - Initialized worker instance identity: gleitzei-529d6f54
[2025-11-04 16:46:57] [STDERR] 2025-11-04 16:46:57,922 - gleitzeit.orchestrator.component_orchestrator - INFO - [ui-0:stderr] 2025-11-04 16:46:57,922 - __main__ - INFO - Loading configuration from Redis key: worker:config:ui-0:a43d2e93
[2025-11-04 16:46:57] [STDERR] 2025-11-04 16:46:57,922 - gleitzeit.orchestrator.component_orchestrator - INFO - [api-0:stderr] 2025-11-04 16:46:57,922 - __main__ - INFO - Loading configuration from Redis key: worker:config:api-0:00fd7e58
[2025-11-04 16:46:57] [STDERR] 2025-11-04 16:46:57,924 - gleitzeit.orchestrator.component_orchestrator - INFO - [ui-0:stderr] 2025-11-04 16:46:57,924 - __main__ - INFO - Loaded config for worker ui-0
[2025-11-04 16:46:57] [STDERR] 2025-11-04 16:46:57,924 - gleitzeit.orchestrator.component_orchestrator - INFO - [api-0:stderr] 2025-11-04 16:46:57,924 - __main__ - INFO - Loaded config for worker api-0
[2025-11-04 16:46:57] [STDERR] 2025-11-04 16:46:57,941 - gleitzeit.orchestrator.component_orchestrator - INFO - [ui-0:stderr] 2025-11-04 16:46:57,941 - __main__ - INFO - Worker ui-0 handler configs: ['python/v1', 'ollama/v1', 'http/v1', 'file/v1', 'timer/v1', 'signal/v1', 'workflow/v1']
[2025-11-04 16:46:57] [STDERR] 2025-11-04 16:46:57,941 - gleitzeit.orchestrator.component_orchestrator - INFO - [api-0:stderr] 2025-11-04 16:46:57,941 - __main__ - INFO - Worker api-0 handler configs: ['python/v1', 'ollama/v1', 'http/v1', 'file/v1', 'timer/v1', 'signal/v1', 'workflow/v1']
[2025-11-04 16:46:57] [STDERR] 2025-11-04 16:46:57,942 - gleitzeit.orchestrator.component_orchestrator - INFO - [ui-0:stderr] 2025-11-04 16:46:57,941 - gleitzeit.core.redis_cluster - INFO - Redis single instance initialized at localhost:6379
[2025-11-04 16:46:57] [STDERR] 2025-11-04 16:46:57,942 - gleitzeit.orchestrator.component_orchestrator - INFO - [api-0:stderr] 2025-11-04 16:46:57,941 - gleitzeit.core.redis_cluster - INFO - Redis single instance initialized at localhost:6379
[2025-11-04 16:46:57] [STDERR] 2025-11-04 16:46:57,942 - gleitzeit.orchestrator.component_orchestrator - ERROR - [api-0:stderr] 2025-11-04 16:46:57,942 - api.api-0 - ERROR - Cannot start API: Port 8000 is already in use. Either stop the existing service or use --api-port to specify a different port.
[2025-11-04 16:46:57] [STDERR] 2025-11-04 16:46:57,942 - gleitzeit.orchestrator.component_orchestrator - ERROR - [ui-0:stderr] 2025-11-04 16:46:57,942 - ui.ui-0 - ERROR - Cannot start UI: Port 8004 is already in use. Either stop the existing service or use --ui-port to specify a different port.
[2025-11-04 16:46:57] [STDERR] 2025-11-04 16:46:57,943 - gleitzeit.orchestrator.component_orchestrator - ERROR - [api-0:stderr] 2025-11-04 16:46:57,942 - __main__ - ERROR - Worker failed: Cannot start API: Port 8000 is already in use. Either stop the existing service or use --api-port to specify a different port.
[2025-11-04 16:46:57] [STDERR] 2025-11-04 16:46:57,943 - gleitzeit.orchestrator.component_orchestrator - INFO - [api-0:stderr] Traceback (most recent call last):
[2025-11-04 16:46:57] [STDERR] 2025-11-04 16:46:57,943 - gleitzeit.orchestrator.component_orchestrator - INFO - [api-0:stderr] File "/Users/leifmarkthaler/github/gleitzeit 0.0.7/src/gleitzeit/workers/runner.py", line 116, in run_worker
[2025-11-04 16:46:57] [STDERR] 2025-11-04 16:46:57,943 - gleitzeit.orchestrator.component_orchestrator - INFO - [api-0:stderr] await worker.initialize()
[2025-11-04 16:46:57] [STDERR] 2025-11-04 16:46:57,943 - gleitzeit.orchestrator.component_orchestrator - ERROR - [ui-0:stderr] 2025-11-04 16:46:57,942 - __main__ - ERROR - Worker failed: Cannot start UI: Port 8004 is already in use. Either stop the existing service or use --ui-port to specify a different port.
[2025-11-04 16:46:57] [STDERR] 2025-11-04 16:46:57,943 - gleitzeit.orchestrator.component_orchestrator - INFO - [api-0:stderr] File "/Users/leifmarkthaler/github/gleitzeit 0.0.7/src/gleitzeit/workers/base.py", line 113, in initialize
[2025-11-04 16:46:57] [STDERR] 2025-11-04 16:46:57,943 - gleitzeit.orchestrator.component_orchestrator - INFO - [ui-0:stderr] Traceback (most recent call last):
[2025-11-04 16:46:57] [STDERR] 2025-11-04 16:46:57,943 - gleitzeit.orchestrator.component_orchestrator - INFO - [api-0:stderr] await self.on_initialize()
[2025-11-04 16:46:57] [STDERR] 2025-11-04 16:46:57,943 - gleitzeit.orchestrator.component_orchestrator - INFO - [ui-0:stderr] File "/Users/leifmarkthaler/github/gleitzeit 0.0.7/src/gleitzeit/workers/runner.py", line 116, in run_worker
[2025-11-04 16:46:57] [STDERR] 2025-11-04 16:46:57,943 - gleitzeit.orchestrator.component_orchestrator - INFO - [api-0:stderr] File "/Users/leifmarkthaler/github/gleitzeit 0.0.7/src/gleitzeit/workers/api_worker.py", line 45, in on_initialize
[2025-11-04 16:46:57] [STDERR] 2025-11-04 16:46:57,943 - gleitzeit.orchestrator.component_orchestrator - INFO - [ui-0:stderr] await worker.initialize()
[2025-11-04 16:46:57] [STDERR] 2025-11-04 16:46:57,943 - gleitzeit.orchestrator.component_orchestrator - INFO - [api-0:stderr] raise RuntimeError(error_msg)
[2025-11-04 16:46:57] [STDERR] 2025-11-04 16:46:57,943 - gleitzeit.orchestrator.component_orchestrator - INFO - [ui-0:stderr] File "/Users/leifmarkthaler/github/gleitzeit 0.0.7/src/gleitzeit/workers/base.py", line 113, in initialize
[2025-11-04 16:46:57] [STDERR] 2025-11-04 16:46:57,944 - gleitzeit.orchestrator.component_orchestrator - INFO - [api-0:stderr] RuntimeError: Cannot start API: Port 8000 is already in use. Either stop the existing service or use --api-port to specify a different port.
[2025-11-04 16:46:57] [STDERR] 2025-11-04 16:46:57,944 - gleitzeit.orchestrator.component_orchestrator - INFO - [ui-0:stderr] await self.on_initialize()
[2025-11-04 16:46:57] [STDERR] 2025-11-04 16:46:57,944 - gleitzeit.orchestrator.component_orchestrator - INFO - [ui-0:stderr] File "/Users/leifmarkthaler/github/gleitzeit 0.0.7/src/gleitzeit/workers/ui_worker.py", line 46, in on_initialize
[2025-11-04 16:46:57] [STDERR] 2025-11-04 16:46:57,944 - gleitzeit.orchestrator.component_orchestrator - INFO - [ui-0:stderr] raise RuntimeError(error_msg)
[2025-11-04 16:46:57] [STDERR] 2025-11-04 16:46:57,944 - gleitzeit.orchestrator.component_orchestrator - INFO - [ui-0:stderr] RuntimeError: Cannot start UI: Port 8004 is already in use. Either stop the existing service or use --ui-port to specify a different port.
[2025-11-04 16:47:02] [STDERR] 2025-11-04 16:47:02,421 - gleitzeit.orchestrator.component_orchestrator - INFO - [signal-0:stderr] 2025-11-04 16:47:02,420 - gleitzeit.workers.signal_worker - INFO - Signal processing loop iteration 3660
[2025-11-04 16:47:12] [STDERR] 2025-11-04 16:47:12,479 - gleitzeit.orchestrator.component_orchestrator - INFO - [signal-0:stderr] 2025-11-04 16:47:12,478 - gleitzeit.workers.signal_worker - INFO - Signal processing loop iteration 3680
[2025-11-04 16:47:22] [STDERR] 2025-11-04 16:47:22,499 - gleitzeit.orchestrator.component_orchestrator - INFO - [signal-0:stderr] 2025-11-04 16:47:22,499 - gleitzeit.workers.signal_worker - INFO - Signal processing loop iteration 3700
[2025-11-04 16:47:32] [STDERR] 2025-11-04 16:47:32,519 - gleitzeit.orchestrator.component_orchestrator - INFO - [signal-0:stderr] 2025-11-04 16:47:32,519 - gleitzeit.workers.signal_worker - INFO - Signal processing loop iteration 3720
[2025-11-04 16:47:37] [STDERR] 2025-11-04 16:47:37,702 - gleitzeit.orchestrator.component_orchestrator - WARNING - Worker api-0 unhealthy, restarting
[2025-11-04 16:47:37] [STDERR] 2025-11-04 16:47:37,702 - gleitzeit.orchestrator.component_orchestrator - INFO - Restarting worker api-0
[2025-11-04 16:47:37] [STDERR] 2025-11-04 16:47:37,702 - gleitzeit.orchestrator.component_orchestrator - INFO - Stopping worker api-0
[2025-11-04 16:47:37] [STDERR] 2025-11-04 16:47:37,703 - gleitzeit.orchestrator.component_orchestrator - INFO - Starting worker api-0 with shards [0, 1, 2, 3, 4, 5, 6, 7, 8, 9, 10, 11, 12, 13, 14, 15]
[2025-11-04 16:47:37] [STDERR] 2025-11-04 16:47:37,704 - gleitzeit.orchestrator.component_orchestrator - INFO - Stored config for api-0 at key: worker:config:api-0:ec982e80
[2025-11-04 16:47:37] [STDERR] 2025-11-04 16:47:37,711 - gleitzeit.orchestrator.component_orchestrator - WARNING - Worker ui-0 unhealthy, restarting
[2025-11-04 16:47:37] [STDERR] 2025-11-04 16:47:37,711 - gleitzeit.orchestrator.component_orchestrator - INFO - Restarting worker ui-0
[2025-11-04 16:47:37] [STDERR] 2025-11-04 16:47:37,711 - gleitzeit.orchestrator.component_orchestrator - INFO - Stopping worker ui-0
[2025-11-04 16:47:37] [STDERR] 2025-11-04 16:47:37,712 - gleitzeit.orchestrator.component_orchestrator - INFO - Starting worker ui-0 with shards [0, 1, 2, 3, 4, 5, 6, 7, 8, 9, 10, 11, 12, 13, 14, 15]
[2025-11-04 16:47:37] [STDERR] 2025-11-04 16:47:37,712 - gleitzeit.orchestrator.component_orchestrator - INFO - Stored config for ui-0 at key: worker:config:ui-0:efbb4fd6
[2025-11-04 16:47:37] [STDERR] 2025-11-04 16:47:37,880 - gleitzeit.orchestrator.component_orchestrator - INFO - [ui-0:stderr] 2025-11-04 16:47:37,880 - __main__ - INFO - Initialized worker instance identity: gleitzei-529d6f54
[2025-11-04 16:47:37] [STDERR] 2025-11-04 16:47:37,881 - gleitzeit.orchestrator.component_orchestrator - INFO - [api-0:stderr] 2025-11-04 16:47:37,880 - __main__ - INFO - Initialized worker instance identity: gleitzei-529d6f54
[2025-11-04 16:47:37] [STDERR] 2025-11-04 16:47:37,881 - gleitzeit.orchestrator.component_orchestrator - INFO - [ui-0:stderr] 2025-11-04 16:47:37,880 - __main__ - INFO - Loading configuration from Redis key: worker:config:ui-0:efbb4fd6
[2025-11-04 16:47:37] [STDERR] 2025-11-04 16:47:37,881 - gleitzeit.orchestrator.component_orchestrator - INFO - [api-0:stderr] 2025-11-04 16:47:37,881 - __main__ - INFO - Loading configuration from Redis key: worker:config:api-0:ec982e80
[2025-11-04 16:47:37] [STDERR] 2025-11-04 16:47:37,883 - gleitzeit.orchestrator.component_orchestrator - INFO - [ui-0:stderr] 2025-11-04 16:47:37,882 - __main__ - INFO - Loaded config for worker ui-0
[2025-11-04 16:47:37] [STDERR] 2025-11-04 16:47:37,883 - gleitzeit.orchestrator.component_orchestrator - INFO - [api-0:stderr] 2025-11-04 16:47:37,882 - __main__ - INFO - Loaded config for worker api-0
[2025-11-04 16:47:37] [STDERR] 2025-11-04 16:47:37,893 - gleitzeit.orchestrator.component_orchestrator - INFO - [api-0:stderr] 2025-11-04 16:47:37,893 - __main__ - INFO - Worker api-0 handler configs: ['python/v1', 'ollama/v1', 'http/v1', 'file/v1', 'timer/v1', 'signal/v1', 'workflow/v1']
[2025-11-04 16:47:37] [STDERR] 2025-11-04 16:47:37,893 - gleitzeit.orchestrator.component_orchestrator - INFO - [ui-0:stderr] 2025-11-04 16:47:37,893 - __main__ - INFO - Worker ui-0 handler configs: ['python/v1', 'ollama/v1', 'http/v1', 'file/v1', 'timer/v1', 'signal/v1', 'workflow/v1']
[2025-11-04 16:47:37] [STDERR] 2025-11-04 16:47:37,893 - gleitzeit.orchestrator.component_orchestrator - INFO - [api-0:stderr] 2025-11-04 16:47:37,893 - gleitzeit.core.redis_cluster - INFO - Redis single instance initialized at localhost:6379
[2025-11-04 16:47:37] [STDERR] 2025-11-04 16:47:37,894 - gleitzeit.orchestrator.component_orchestrator - INFO - [ui-0:stderr] 2025-11-04 16:47:37,893 - gleitzeit.core.redis_cluster - INFO - Redis single instance initialized at localhost:6379
[2025-11-04 16:47:37] [STDERR] 2025-11-04 16:47:37,894 - gleitzeit.orchestrator.component_orchestrator - ERROR - [ui-0:stderr] 2025-11-04 16:47:37,893 - ui.ui-0 - ERROR - Cannot start UI: Port 8004 is already in use. Either stop the existing service or use --ui-port to specify a different port.
[2025-11-04 16:47:37] [STDERR] 2025-11-04 16:47:37,894 - gleitzeit.orchestrator.component_orchestrator - ERROR - [api-0:stderr] 2025-11-04 16:47:37,893 - api.api-0 - ERROR - Cannot start API: Port 8000 is already in use. Either stop the existing service or use --api-port to specify a different port.
[2025-11-04 16:47:37] [STDERR] 2025-11-04 16:47:37,894 - gleitzeit.orchestrator.component_orchestrator - ERROR - [ui-0:stderr] 2025-11-04 16:47:37,894 - __main__ - ERROR - Worker failed: Cannot start UI: Port 8004 is already in use. Either stop the existing service or use --ui-port to specify a different port.
[2025-11-04 16:47:37] [STDERR] 2025-11-04 16:47:37,894 - gleitzeit.orchestrator.component_orchestrator - ERROR - [api-0:stderr] 2025-11-04 16:47:37,894 - __main__ - ERROR - Worker failed: Cannot start API: Port 8000 is already in use. Either stop the existing service or use --api-port to specify a different port.
[2025-11-04 16:47:37] [STDERR] 2025-11-04 16:47:37,894 - gleitzeit.orchestrator.component_orchestrator - INFO - [ui-0:stderr] Traceback (most recent call last):
[2025-11-04 16:47:37] [STDERR] 2025-11-04 16:47:37,894 - gleitzeit.orchestrator.component_orchestrator - INFO - [api-0:stderr] Traceback (most recent call last):
[2025-11-04 16:47:37] [STDERR] 2025-11-04 16:47:37,894 - gleitzeit.orchestrator.component_orchestrator - INFO - [ui-0:stderr] File "/Users/leifmarkthaler/github/gleitzeit 0.0.7/src/gleitzeit/workers/runner.py", line 116, in run_worker
[2025-11-04 16:47:37] [STDERR] 2025-11-04 16:47:37,894 - gleitzeit.orchestrator.component_orchestrator - INFO - [api-0:stderr] File "/Users/leifmarkthaler/github/gleitzeit 0.0.7/src/gleitzeit/workers/runner.py", line 116, in run_worker
[2025-11-04 16:47:37] [STDERR] 2025-11-04 16:47:37,895 - gleitzeit.orchestrator.component_orchestrator - INFO - [ui-0:stderr] await worker.initialize()
[2025-11-04 16:47:37] [STDERR] 2025-11-04 16:47:37,895 - gleitzeit.orchestrator.component_orchestrator - INFO - [api-0:stderr] await worker.initialize()
[2025-11-04 16:47:37] [STDERR] 2025-11-04 16:47:37,895 - gleitzeit.orchestrator.component_orchestrator - INFO - [ui-0:stderr] File "/Users/leifmarkthaler/github/gleitzeit 0.0.7/src/gleitzeit/workers/base.py", line 113, in initialize
[2025-11-04 16:47:37] [STDERR] 2025-11-04 16:47:37,895 - gleitzeit.orchestrator.component_orchestrator - INFO - [api-0:stderr] File "/Users/leifmarkthaler/github/gleitzeit 0.0.7/src/gleitzeit/workers/base.py", line 113, in initialize
[2025-11-04 16:47:37] [STDERR] 2025-11-04 16:47:37,895 - gleitzeit.orchestrator.component_orchestrator - INFO - [ui-0:stderr] await self.on_initialize()
[2025-11-04 16:47:37] [STDERR] 2025-11-04 16:47:37,895 - gleitzeit.orchestrator.component_orchestrator - INFO - [api-0:stderr] await self.on_initialize()
[2025-11-04 16:47:37] [STDERR] 2025-11-04 16:47:37,895 - gleitzeit.orchestrator.component_orchestrator - INFO - [ui-0:stderr] File "/Users/leifmarkthaler/github/gleitzeit 0.0.7/src/gleitzeit/workers/ui_worker.py", line 46, in on_initialize
[2025-11-04 16:47:37] [STDERR] 2025-11-04 16:47:37,895 - gleitzeit.orchestrator.component_orchestrator - INFO - [api-0:stderr] File "/Users/leifmarkthaler/github/gleitzeit 0.0.7/src/gleitzeit/workers/api_worker.py", line 45, in on_initialize
[2025-11-04 16:47:37] [STDERR] 2025-11-04 16:47:37,895 - gleitzeit.orchestrator.component_orchestrator - INFO - [ui-0:stderr] raise RuntimeError(error_msg)
[2025-11-04 16:47:37] [STDERR] 2025-11-04 16:47:37,895 - gleitzeit.orchestrator.component_orchestrator - INFO - [api-0:stderr] raise RuntimeError(error_msg)
[2025-11-04 16:47:37] [STDERR] 2025-11-04 16:47:37,895 - gleitzeit.orchestrator.component_orchestrator - INFO - [ui-0:stderr] RuntimeError: Cannot start UI: Port 8004 is already in use. Either stop the existing service or use --ui-port to specify a different port.
[2025-11-04 16:47:37] [STDERR] 2025-11-04 16:47:37,895 - gleitzeit.orchestrator.component_orchestrator - INFO - [api-0:stderr] RuntimeError: Cannot start API: Port 8000 is already in use. Either stop the existing service or use --api-port to specify a different port.
[2025-11-04 16:47:42] [STDERR] 2025-11-04 16:47:42,583 - gleitzeit.orchestrator.component_orchestrator - INFO - [signal-0:stderr] 2025-11-04 16:47:42,582 - gleitzeit.workers.signal_worker - INFO - Signal processing loop iteration 3740
[2025-11-04 16:47:52] [STDERR] 2025-11-04 16:47:52,602 - gleitzeit.orchestrator.component_orchestrator - INFO - [signal-0:stderr] 2025-11-04 16:47:52,602 - gleitzeit.workers.signal_worker - INFO - Signal processing loop iteration 3760
[2025-11-04 16:48:02] [STDERR] 2025-11-04 16:48:02,624 - gleitzeit.orchestrator.component_orchestrator - INFO - [signal-0:stderr] 2025-11-04 16:48:02,623 - gleitzeit.workers.signal_worker - INFO - Signal processing loop iteration 3780
[2025-11-04 16:48:12] [STDERR] 2025-11-04 16:48:12,688 - gleitzeit.orchestrator.component_orchestrator - INFO - [signal-0:stderr] 2025-11-04 16:48:12,687 - gleitzeit.workers.signal_worker - INFO - Signal processing loop iteration 3800
[2025-11-04 16:48:17] [STDERR] 2025-11-04 16:48:17,732 - gleitzeit.orchestrator.component_orchestrator - WARNING - Worker api-0 unhealthy, restarting
[2025-11-04 16:48:17] [STDERR] 2025-11-04 16:48:17,732 - gleitzeit.orchestrator.component_orchestrator - INFO - Restarting worker api-0
[2025-11-04 16:48:17] [STDERR] 2025-11-04 16:48:17,732 - gleitzeit.orchestrator.component_orchestrator - INFO - Stopping worker api-0
[2025-11-04 16:48:17] [STDERR] 2025-11-04 16:48:17,733 - gleitzeit.orchestrator.component_orchestrator - INFO - Starting worker api-0 with shards [0, 1, 2, 3, 4, 5, 6, 7, 8, 9, 10, 11, 12, 13, 14, 15]
[2025-11-04 16:48:17] [STDERR] 2025-11-04 16:48:17,733 - gleitzeit.orchestrator.component_orchestrator - INFO - Stored config for api-0 at key: worker:config:api-0:e534fe5d
[2025-11-04 16:48:17] [STDERR] 2025-11-04 16:48:17,736 - gleitzeit.orchestrator.component_orchestrator - WARNING - Worker ui-0 unhealthy, restarting
[2025-11-04 16:48:17] [STDERR] 2025-11-04 16:48:17,736 - gleitzeit.orchestrator.component_orchestrator - INFO - Restarting worker ui-0
[2025-11-04 16:48:17] [STDERR] 2025-11-04 16:48:17,736 - gleitzeit.orchestrator.component_orchestrator - INFO - Stopping worker ui-0
[2025-11-04 16:48:17] [STDERR] 2025-11-04 16:48:17,736 - gleitzeit.orchestrator.component_orchestrator - INFO - Starting worker ui-0 with shards [0, 1, 2, 3, 4, 5, 6, 7, 8, 9, 10, 11, 12, 13, 14, 15]
[2025-11-04 16:48:17] [STDERR] 2025-11-04 16:48:17,736 - gleitzeit.orchestrator.component_orchestrator - INFO - Stored config for ui-0 at key: worker:config:ui-0:f317d06a
[2025-11-04 16:48:17] [STDERR] 2025-11-04 16:48:17,893 - gleitzeit.orchestrator.component_orchestrator - INFO - [ui-0:stderr] 2025-11-04 16:48:17,893 - __main__ - INFO - Initialized worker instance identity: gleitzei-529d6f54
[2025-11-04 16:48:17] [STDERR] 2025-11-04 16:48:17,893 - gleitzeit.orchestrator.component_orchestrator - INFO - [api-0:stderr] 2025-11-04 16:48:17,893 - __main__ - INFO - Initialized worker instance identity: gleitzei-529d6f54
[2025-11-04 16:48:17] [STDERR] 2025-11-04 16:48:17,893 - gleitzeit.orchestrator.component_orchestrator - INFO - [api-0:stderr] 2025-11-04 16:48:17,893 - __main__ - INFO - Loading configuration from Redis key: worker:config:api-0:e534fe5d
[2025-11-04 16:48:17] [STDERR] 2025-11-04 16:48:17,893 - gleitzeit.orchestrator.component_orchestrator - INFO - [ui-0:stderr] 2025-11-04 16:48:17,893 - __main__ - INFO - Loading configuration from Redis key: worker:config:ui-0:f317d06a
[2025-11-04 16:48:17] [STDERR] 2025-11-04 16:48:17,895 - gleitzeit.orchestrator.component_orchestrator - INFO - [api-0:stderr] 2025-11-04 16:48:17,895 - __main__ - INFO - Loaded config for worker api-0
[2025-11-04 16:48:17] [STDERR] 2025-11-04 16:48:17,895 - gleitzeit.orchestrator.component_orchestrator - INFO - [ui-0:stderr] 2025-11-04 16:48:17,895 - __main__ - INFO - Loaded config for worker ui-0
[2025-11-04 16:48:17] [STDERR] 2025-11-04 16:48:17,906 - gleitzeit.orchestrator.component_orchestrator - INFO - [api-0:stderr] 2025-11-04 16:48:17,905 - __main__ - INFO - Worker api-0 handler configs: ['python/v1', 'ollama/v1', 'http/v1', 'file/v1', 'timer/v1', 'signal/v1', 'workflow/v1']
[2025-11-04 16:48:17] [STDERR] 2025-11-04 16:48:17,906 - gleitzeit.orchestrator.component_orchestrator - INFO - [ui-0:stderr] 2025-11-04 16:48:17,905 - __main__ - INFO - Worker ui-0 handler configs: ['python/v1', 'ollama/v1', 'http/v1', 'file/v1', 'timer/v1', 'signal/v1', 'workflow/v1']
[2025-11-04 16:48:17] [STDERR] 2025-11-04 16:48:17,906 - gleitzeit.orchestrator.component_orchestrator - INFO - [api-0:stderr] 2025-11-04 16:48:17,906 - gleitzeit.core.redis_cluster - INFO - Redis single instance initialized at localhost:6379
[2025-11-04 16:48:17] [STDERR] 2025-11-04 16:48:17,906 - gleitzeit.orchestrator.component_orchestrator - INFO - [ui-0:stderr] 2025-11-04 16:48:17,906 - gleitzeit.core.redis_cluster - INFO - Redis single instance initialized at localhost:6379
[2025-11-04 16:48:17] [STDERR] 2025-11-04 16:48:17,906 - gleitzeit.orchestrator.component_orchestrator - ERROR - [ui-0:stderr] 2025-11-04 16:48:17,906 - ui.ui-0 - ERROR - Cannot start UI: Port 8004 is already in use. Either stop the existing service or use --ui-port to specify a different port.
[2025-11-04 16:48:17] [STDERR] 2025-11-04 16:48:17,906 - gleitzeit.orchestrator.component_orchestrator - ERROR - [api-0:stderr] 2025-11-04 16:48:17,906 - api.api-0 - ERROR - Cannot start API: Port 8000 is already in use. Either stop the existing service or use --api-port to specify a different port.
[2025-11-04 16:48:17] [STDERR] 2025-11-04 16:48:17,906 - gleitzeit.orchestrator.component_orchestrator - ERROR - [api-0:stderr] 2025-11-04 16:48:17,906 - __main__ - ERROR - Worker failed: Cannot start API: Port 8000 is already in use. Either stop the existing service or use --api-port to specify a different port.
[2025-11-04 16:48:17] [STDERR] 2025-11-04 16:48:17,906 - gleitzeit.orchestrator.component_orchestrator - ERROR - [ui-0:stderr] 2025-11-04 16:48:17,906 - __main__ - ERROR - Worker failed: Cannot start UI: Port 8004 is already in use. Either stop the existing service or use --ui-port to specify a different port.
[2025-11-04 16:48:17] [STDERR] 2025-11-04 16:48:17,906 - gleitzeit.orchestrator.component_orchestrator - INFO - [api-0:stderr] Traceback (most recent call last):
[2025-11-04 16:48:17] [STDERR] 2025-11-04 16:48:17,906 - gleitzeit.orchestrator.component_orchestrator - INFO - [ui-0:stderr] Traceback (most recent call last):
[2025-11-04 16:48:17] [STDERR] 2025-11-04 16:48:17,907 - gleitzeit.orchestrator.component_orchestrator - INFO - [api-0:stderr] File "/Users/leifmarkthaler/github/gleitzeit 0.0.7/src/gleitzeit/workers/runner.py", line 116, in run_worker
[2025-11-04 16:48:17] [STDERR] 2025-11-04 16:48:17,907 - gleitzeit.orchestrator.component_orchestrator - INFO - [ui-0:stderr] File "/Users/leifmarkthaler/github/gleitzeit 0.0.7/src/gleitzeit/workers/runner.py", line 116, in run_worker
[2025-11-04 16:48:17] [STDERR] 2025-11-04 16:48:17,907 - gleitzeit.orchestrator.component_orchestrator - INFO - [api-0:stderr] await worker.initialize()
[2025-11-04 16:48:17] [STDERR] 2025-11-04 16:48:17,907 - gleitzeit.orchestrator.component_orchestrator - INFO - [ui-0:stderr] await worker.initialize()
[2025-11-04 16:48:17] [STDERR] 2025-11-04 16:48:17,907 - gleitzeit.orchestrator.component_orchestrator - INFO - [api-0:stderr] File "/Users/leifmarkthaler/github/gleitzeit 0.0.7/src/gleitzeit/workers/base.py", line 113, in initialize
[2025-11-04 16:48:17] [STDERR] 2025-11-04 16:48:17,907 - gleitzeit.orchestrator.component_orchestrator - INFO - [ui-0:stderr] File "/Users/leifmarkthaler/github/gleitzeit 0.0.7/src/gleitzeit/workers/base.py", line 113, in initialize
[2025-11-04 16:48:17] [STDERR] 2025-11-04 16:48:17,907 - gleitzeit.orchestrator.component_orchestrator - INFO - [api-0:stderr] await self.on_initialize()
[2025-11-04 16:48:17] [STDERR] 2025-11-04 16:48:17,907 - gleitzeit.orchestrator.component_orchestrator - INFO - [ui-0:stderr] await self.on_initialize()
[2025-11-04 16:48:17] [STDERR] 2025-11-04 16:48:17,907 - gleitzeit.orchestrator.component_orchestrator - INFO - [api-0:stderr] File "/Users/leifmarkthaler/github/gleitzeit 0.0.7/src/gleitzeit/workers/api_worker.py", line 45, in on_initialize
[2025-11-04 16:48:17] [STDERR] 2025-11-04 16:48:17,907 - gleitzeit.orchestrator.component_orchestrator - INFO - [ui-0:stderr] File "/Users/leifmarkthaler/github/gleitzeit 0.0.7/src/gleitzeit/workers/ui_worker.py", line 46, in on_initialize
[2025-11-04 16:48:17] [STDERR] 2025-11-04 16:48:17,907 - gleitzeit.orchestrator.component_orchestrator - INFO - [api-0:stderr] raise RuntimeError(error_msg)
[2025-11-04 16:48:17] [STDERR] 2025-11-04 16:48:17,907 - gleitzeit.orchestrator.component_orchestrator - INFO - [ui-0:stderr] raise RuntimeError(error_msg)
[2025-11-04 16:48:17] [STDERR] 2025-11-04 16:48:17,907 - gleitzeit.orchestrator.component_orchestrator - INFO - [api-0:stderr] RuntimeError: Cannot start API: Port 8000 is already in use. Either stop the existing service or use --api-port to specify a different port.
[2025-11-04 16:48:17] [STDERR] 2025-11-04 16:48:17,907 - gleitzeit.orchestrator.component_orchestrator - INFO - [ui-0:stderr] RuntimeError: Cannot start UI: Port 8004 is already in use. Either stop the existing service or use --ui-port to specify a different port.
[2025-11-04 16:48:22] [STDERR] 2025-11-04 16:48:22,711 - gleitzeit.orchestrator.component_orchestrator - INFO - [signal-0:stderr] 2025-11-04 16:48:22,710 - gleitzeit.workers.signal_worker - INFO - Signal processing loop iteration 3820
[2025-11-04 16:48:32] [STDERR] 2025-11-04 16:48:32,734 - gleitzeit.orchestrator.component_orchestrator - INFO - [signal-0:stderr] 2025-11-04 16:48:32,734 - gleitzeit.workers.signal_worker - INFO - Signal processing loop iteration 3840
[2025-11-04 16:48:42] [STDERR] 2025-11-04 16:48:42,797 - gleitzeit.orchestrator.component_orchestrator - INFO - [signal-0:stderr] 2025-11-04 16:48:42,796 - gleitzeit.workers.signal_worker - INFO - Signal processing loop iteration 3860
[2025-11-04 16:48:52] [STDERR] 2025-11-04 16:48:52,817 - gleitzeit.orchestrator.component_orchestrator - INFO - [signal-0:stderr] 2025-11-04 16:48:52,817 - gleitzeit.workers.signal_worker - INFO - Signal processing loop iteration 3880
[2025-11-04 16:48:57] [STDERR] 2025-11-04 16:48:57,752 - gleitzeit.orchestrator.component_orchestrator - WARNING - Worker api-0 unhealthy, restarting
[2025-11-04 16:48:57] [STDERR] 2025-11-04 16:48:57,752 - gleitzeit.orchestrator.component_orchestrator - INFO - Restarting worker api-0
[2025-11-04 16:48:57] [STDERR] 2025-11-04 16:48:57,752 - gleitzeit.orchestrator.component_orchestrator - INFO - Stopping worker api-0
[2025-11-04 16:48:57] [STDERR] 2025-11-04 16:48:57,752 - gleitzeit.orchestrator.component_orchestrator - INFO - Starting worker api-0 with shards [0, 1, 2, 3, 4, 5, 6, 7, 8, 9, 10, 11, 12, 13, 14, 15]
[2025-11-04 16:48:57] [STDERR] 2025-11-04 16:48:57,752 - gleitzeit.orchestrator.component_orchestrator - INFO - Stored config for api-0 at key: worker:config:api-0:fcaaea18
[2025-11-04 16:48:57] [STDERR] 2025-11-04 16:48:57,755 - gleitzeit.orchestrator.component_orchestrator - WARNING - Worker ui-0 unhealthy, restarting
[2025-11-04 16:48:57] [STDERR] 2025-11-04 16:48:57,755 - gleitzeit.orchestrator.component_orchestrator - INFO - Restarting worker ui-0
[2025-11-04 16:48:57] [STDERR] 2025-11-04 16:48:57,755 - gleitzeit.orchestrator.component_orchestrator - INFO - Stopping worker ui-0
[2025-11-04 16:48:57] [STDERR] 2025-11-04 16:48:57,756 - gleitzeit.orchestrator.component_orchestrator - INFO - Starting worker ui-0 with shards [0, 1, 2, 3, 4, 5, 6, 7, 8, 9, 10, 11, 12, 13, 14, 15]
[2025-11-04 16:48:57] [STDERR] 2025-11-04 16:48:57,756 - gleitzeit.orchestrator.component_orchestrator - INFO - Stored config for ui-0 at key: worker:config:ui-0:3b19a233
[2025-11-04 16:48:57] [STDERR] 2025-11-04 16:48:57,979 - gleitzeit.orchestrator.component_orchestrator - INFO - [api-0:stderr] 2025-11-04 16:48:57,979 - __main__ - INFO - Initialized worker instance identity: gleitzei-529d6f54
[2025-11-04 16:48:57] [STDERR] 2025-11-04 16:48:57,980 - gleitzeit.orchestrator.component_orchestrator - INFO - [ui-0:stderr] 2025-11-04 16:48:57,979 - __main__ - INFO - Initialized worker instance identity: gleitzei-529d6f54
[2025-11-04 16:48:57] [STDERR] 2025-11-04 16:48:57,980 - gleitzeit.orchestrator.component_orchestrator - INFO - [api-0:stderr] 2025-11-04 16:48:57,980 - __main__ - INFO - Loading configuration from Redis key: worker:config:api-0:fcaaea18
[2025-11-04 16:48:57] [STDERR] 2025-11-04 16:48:57,980 - gleitzeit.orchestrator.component_orchestrator - INFO - [ui-0:stderr] 2025-11-04 16:48:57,980 - __main__ - INFO - Loading configuration from Redis key: worker:config:ui-0:3b19a233
[2025-11-04 16:48:57] [STDERR] 2025-11-04 16:48:57,982 - gleitzeit.orchestrator.component_orchestrator - INFO - [api-0:stderr] 2025-11-04 16:48:57,982 - __main__ - INFO - Loaded config for worker api-0
[2025-11-04 16:48:57] [STDERR] 2025-11-04 16:48:57,982 - gleitzeit.orchestrator.component_orchestrator - INFO - [ui-0:stderr] 2025-11-04 16:48:57,982 - __main__ - INFO - Loaded config for worker ui-0
[2025-11-04 16:48:58] [STDERR] 2025-11-04 16:48:58,000 - gleitzeit.orchestrator.component_orchestrator - INFO - [api-0:stderr] 2025-11-04 16:48:58,000 - __main__ - INFO - Worker api-0 handler configs: ['python/v1', 'ollama/v1', 'http/v1', 'file/v1', 'timer/v1', 'signal/v1', 'workflow/v1']
[2025-11-04 16:48:58] [STDERR] 2025-11-04 16:48:58,000 - gleitzeit.orchestrator.component_orchestrator - INFO - [ui-0:stderr] 2025-11-04 16:48:58,000 - __main__ - INFO - Worker ui-0 handler configs: ['python/v1', 'ollama/v1', 'http/v1', 'file/v1', 'timer/v1', 'signal/v1', 'workflow/v1']
[2025-11-04 16:48:58] [STDERR] 2025-11-04 16:48:58,000 - gleitzeit.orchestrator.component_orchestrator - INFO - [api-0:stderr] 2025-11-04 16:48:58,000 - gleitzeit.core.redis_cluster - INFO - Redis single instance initialized at localhost:6379
[2025-11-04 16:48:58] [STDERR] 2025-11-04 16:48:58,000 - gleitzeit.orchestrator.component_orchestrator - INFO - [ui-0:stderr] 2025-11-04 16:48:58,000 - gleitzeit.core.redis_cluster - INFO - Redis single instance initialized at localhost:6379
[2025-11-04 16:48:58] [STDERR] 2025-11-04 16:48:58,000 - gleitzeit.orchestrator.component_orchestrator - ERROR - [ui-0:stderr] 2025-11-04 16:48:58,000 - ui.ui-0 - ERROR - Cannot start UI: Port 8004 is already in use. Either stop the existing service or use --ui-port to specify a different port.
[2025-11-04 16:48:58] [STDERR] 2025-11-04 16:48:58,000 - gleitzeit.orchestrator.component_orchestrator - ERROR - [api-0:stderr] 2025-11-04 16:48:58,000 - api.api-0 - ERROR - Cannot start API: Port 8000 is already in use. Either stop the existing service or use --api-port to specify a different port.
[2025-11-04 16:48:58] [STDERR] 2025-11-04 16:48:58,001 - gleitzeit.orchestrator.component_orchestrator - ERROR - [api-0:stderr] 2025-11-04 16:48:58,000 - __main__ - ERROR - Worker failed: Cannot start API: Port 8000 is already in use. Either stop the existing service or use --api-port to specify a different port.
[2025-11-04 16:48:58] [STDERR] 2025-11-04 16:48:58,001 - gleitzeit.orchestrator.component_orchestrator - INFO - [api-0:stderr] Traceback (most recent call last):
[2025-11-04 16:48:58] [STDERR] 2025-11-04 16:48:58,001 - gleitzeit.orchestrator.component_orchestrator - INFO - [api-0:stderr] File "/Users/leifmarkthaler/github/gleitzeit 0.0.7/src/gleitzeit/workers/runner.py", line 116, in run_worker
[2025-11-04 16:48:58] [STDERR] 2025-11-04 16:48:58,002 - gleitzeit.orchestrator.component_orchestrator - INFO - [api-0:stderr] await worker.initialize()
[2025-11-04 16:48:58] [STDERR] 2025-11-04 16:48:58,002 - gleitzeit.orchestrator.component_orchestrator - INFO - [api-0:stderr] File "/Users/leifmarkthaler/github/gleitzeit 0.0.7/src/gleitzeit/workers/base.py", line 113, in initialize
[2025-11-04 16:48:58] [STDERR] 2025-11-04 16:48:58,002 - gleitzeit.orchestrator.component_orchestrator - ERROR - [ui-0:stderr] 2025-11-04 16:48:58,000 - __main__ - ERROR - Worker failed: Cannot start UI: Port 8004 is already in use. Either stop the existing service or use --ui-port to specify a different port.
[2025-11-04 16:48:58] [STDERR] 2025-11-04 16:48:58,002 - gleitzeit.orchestrator.component_orchestrator - INFO - [api-0:stderr] await self.on_initialize()
[2025-11-04 16:48:58] [STDERR] 2025-11-04 16:48:58,002 - gleitzeit.orchestrator.component_orchestrator - INFO - [ui-0:stderr] Traceback (most recent call last):
[2025-11-04 16:48:58] [STDERR] 2025-11-04 16:48:58,002 - gleitzeit.orchestrator.component_orchestrator - INFO - [api-0:stderr] File "/Users/leifmarkthaler/github/gleitzeit 0.0.7/src/gleitzeit/workers/api_worker.py", line 45, in on_initialize
[2025-11-04 16:48:58] [STDERR] 2025-11-04 16:48:58,002 - gleitzeit.orchestrator.component_orchestrator - INFO - [ui-0:stderr] File "/Users/leifmarkthaler/github/gleitzeit 0.0.7/src/gleitzeit/workers/runner.py", line 116, in run_worker
[2025-11-04 16:48:58] [STDERR] 2025-11-04 16:48:58,002 - gleitzeit.orchestrator.component_orchestrator - INFO - [api-0:stderr] raise RuntimeError(error_msg)
[2025-11-04 16:48:58] [STDERR] 2025-11-04 16:48:58,002 - gleitzeit.orchestrator.component_orchestrator - INFO - [ui-0:stderr] await worker.initialize()
[2025-11-04 16:48:58] [STDERR] 2025-11-04 16:48:58,002 - gleitzeit.orchestrator.component_orchestrator - INFO - [api-0:stderr] RuntimeError: Cannot start API: Port 8000 is already in use. Either stop the existing service or use --api-port to specify a different port.
[2025-11-04 16:48:58] [STDERR] 2025-11-04 16:48:58,002 - gleitzeit.orchestrator.component_orchestrator - INFO - [ui-0:stderr] File "/Users/leifmarkthaler/github/gleitzeit 0.0.7/src/gleitzeit/workers/base.py", line 113, in initialize
[2025-11-04 16:48:58] [STDERR] 2025-11-04 16:48:58,002 - gleitzeit.orchestrator.component_orchestrator - INFO - [ui-0:stderr] await self.on_initialize()
[2025-11-04 16:48:58] [STDERR] 2025-11-04 16:48:58,002 - gleitzeit.orchestrator.component_orchestrator - INFO - [ui-0:stderr] File "/Users/leifmarkthaler/github/gleitzeit 0.0.7/src/gleitzeit/workers/ui_worker.py", line 46, in on_initialize
[2025-11-04 16:48:58] [STDERR] 2025-11-04 16:48:58,002 - gleitzeit.orchestrator.component_orchestrator - INFO - [ui-0:stderr] raise RuntimeError(error_msg)
[2025-11-04 16:48:58] [STDERR] 2025-11-04 16:48:58,002 - gleitzeit.orchestrator.component_orchestrator - INFO - [ui-0:stderr] RuntimeError: Cannot start UI: Port 8004 is already in use. Either stop the existing service or use --ui-port to specify a different port.
[2025-11-04 16:49:02] [STDERR] 2025-11-04 16:49:02,840 - gleitzeit.orchestrator.component_orchestrator - INFO - [signal-0:stderr] 2025-11-04 16:49:02,840 - gleitzeit.workers.signal_worker - INFO - Signal processing loop iteration 3900
[2025-11-04 16:49:12] [STDERR] 2025-11-04 16:49:12,904 - gleitzeit.orchestrator.component_orchestrator - INFO - [signal-0:stderr] 2025-11-04 16:49:12,904 - gleitzeit.workers.signal_worker - INFO - Signal processing loop iteration 3920
[2025-11-04 16:49:22] [STDERR] 2025-11-04 16:49:22,925 - gleitzeit.orchestrator.component_orchestrator - INFO - [signal-0:stderr] 2025-11-04 16:49:22,924 - gleitzeit.workers.signal_worker - INFO - Signal processing loop iteration 3940
[2025-11-04 16:49:32] [STDERR] 2025-11-04 16:49:32,946 - gleitzeit.orchestrator.component_orchestrator - INFO - [signal-0:stderr] 2025-11-04 16:49:32,946 - gleitzeit.workers.signal_worker - INFO - Signal processing loop iteration 3960
[2025-11-04 16:49:37] [STDERR] 2025-11-04 16:49:37,772 - gleitzeit.orchestrator.component_orchestrator - WARNING - Worker api-0 unhealthy, restarting
[2025-11-04 16:49:37] [STDERR] 2025-11-04 16:49:37,772 - gleitzeit.orchestrator.component_orchestrator - INFO - Restarting worker api-0
[2025-11-04 16:49:37] [STDERR] 2025-11-04 16:49:37,772 - gleitzeit.orchestrator.component_orchestrator - INFO - Stopping worker api-0
[2025-11-04 16:49:37] [STDERR] 2025-11-04 16:49:37,773 - gleitzeit.orchestrator.component_orchestrator - INFO - Starting worker api-0 with shards [0, 1, 2, 3, 4, 5, 6, 7, 8, 9, 10, 11, 12, 13, 14, 15]
[2025-11-04 16:49:37] [STDERR] 2025-11-04 16:49:37,773 - gleitzeit.orchestrator.component_orchestrator - INFO - Stored config for api-0 at key: worker:config:api-0:7f120622
[2025-11-04 16:49:37] [STDERR] 2025-11-04 16:49:37,776 - gleitzeit.orchestrator.component_orchestrator - WARNING - Worker ui-0 unhealthy, restarting
[2025-11-04 16:49:37] [STDERR] 2025-11-04 16:49:37,776 - gleitzeit.orchestrator.component_orchestrator - INFO - Restarting worker ui-0
[2025-11-04 16:49:37] [STDERR] 2025-11-04 16:49:37,776 - gleitzeit.orchestrator.component_orchestrator - INFO - Stopping worker ui-0
[2025-11-04 16:49:37] [STDERR] 2025-11-04 16:49:37,776 - gleitzeit.orchestrator.component_orchestrator - INFO - Starting worker ui-0 with shards [0, 1, 2, 3, 4, 5, 6, 7, 8, 9, 10, 11, 12, 13, 14, 15]
[2025-11-04 16:49:37] [STDERR] 2025-11-04 16:49:37,776 - gleitzeit.orchestrator.component_orchestrator - INFO - Stored config for ui-0 at key: worker:config:ui-0:fa775fc4
[2025-11-04 16:49:37] [STDERR] 2025-11-04 16:49:37,998 - gleitzeit.orchestrator.component_orchestrator - INFO - [api-0:stderr] 2025-11-04 16:49:37,998 - __main__ - INFO - Initialized worker instance identity: gleitzei-529d6f54
[2025-11-04 16:49:37] [STDERR] 2025-11-04 16:49:37,998 - gleitzeit.orchestrator.component_orchestrator - INFO - [ui-0:stderr] 2025-11-04 16:49:37,998 - __main__ - INFO - Initialized worker instance identity: gleitzei-529d6f54
[2025-11-04 16:49:37] [STDERR] 2025-11-04 16:49:37,999 - gleitzeit.orchestrator.component_orchestrator - INFO - [api-0:stderr] 2025-11-04 16:49:37,998 - __main__ - INFO - Loading configuration from Redis key: worker:config:api-0:7f120622
[2025-11-04 16:49:37] [STDERR] 2025-11-04 16:49:37,999 - gleitzeit.orchestrator.component_orchestrator - INFO - [ui-0:stderr] 2025-11-04 16:49:37,998 - __main__ - INFO - Loading configuration from Redis key: worker:config:ui-0:fa775fc4
[2025-11-04 16:49:38] [STDERR] 2025-11-04 16:49:38,001 - gleitzeit.orchestrator.component_orchestrator - INFO - [api-0:stderr] 2025-11-04 16:49:38,001 - __main__ - INFO - Loaded config for worker api-0
[2025-11-04 16:49:38] [STDERR] 2025-11-04 16:49:38,001 - gleitzeit.orchestrator.component_orchestrator - INFO - [ui-0:stderr] 2025-11-04 16:49:38,001 - __main__ - INFO - Loaded config for worker ui-0
[2025-11-04 16:49:38] [STDERR] 2025-11-04 16:49:38,018 - gleitzeit.orchestrator.component_orchestrator - INFO - [api-0:stderr] 2025-11-04 16:49:38,018 - __main__ - INFO - Worker api-0 handler configs: ['python/v1', 'ollama/v1', 'http/v1', 'file/v1', 'timer/v1', 'signal/v1', 'workflow/v1']
[2025-11-04 16:49:38] [STDERR] 2025-11-04 16:49:38,018 - gleitzeit.orchestrator.component_orchestrator - INFO - [ui-0:stderr] 2025-11-04 16:49:38,018 - __main__ - INFO - Worker ui-0 handler configs: ['python/v1', 'ollama/v1', 'http/v1', 'file/v1', 'timer/v1', 'signal/v1', 'workflow/v1']
[2025-11-04 16:49:38] [STDERR] 2025-11-04 16:49:38,019 - gleitzeit.orchestrator.component_orchestrator - INFO - [ui-0:stderr] 2025-11-04 16:49:38,018 - gleitzeit.core.redis_cluster - INFO - Redis single instance initialized at localhost:6379
[2025-11-04 16:49:38] [STDERR] 2025-11-04 16:49:38,019 - gleitzeit.orchestrator.component_orchestrator - INFO - [api-0:stderr] 2025-11-04 16:49:38,018 - gleitzeit.core.redis_cluster - INFO - Redis single instance initialized at localhost:6379
[2025-11-04 16:49:38] [STDERR] 2025-11-04 16:49:38,019 - gleitzeit.orchestrator.component_orchestrator - ERROR - [ui-0:stderr] 2025-11-04 16:49:38,019 - ui.ui-0 - ERROR - Cannot start UI: Port 8004 is already in use. Either stop the existing service or use --ui-port to specify a different port.
[2025-11-04 16:49:38] [STDERR] 2025-11-04 16:49:38,019 - gleitzeit.orchestrator.component_orchestrator - ERROR - [api-0:stderr] 2025-11-04 16:49:38,019 - api.api-0 - ERROR - Cannot start API: Port 8000 is already in use. Either stop the existing service or use --api-port to specify a different port.
[2025-11-04 16:49:38] [STDERR] 2025-11-04 16:49:38,020 - gleitzeit.orchestrator.component_orchestrator - ERROR - [api-0:stderr] 2025-11-04 16:49:38,019 - __main__ - ERROR - Worker failed: Cannot start API: Port 8000 is already in use. Either stop the existing service or use --api-port to specify a different port.
[2025-11-04 16:49:38] [STDERR] 2025-11-04 16:49:38,020 - gleitzeit.orchestrator.component_orchestrator - INFO - [api-0:stderr] Traceback (most recent call last):
[2025-11-04 16:49:38] [STDERR] 2025-11-04 16:49:38,020 - gleitzeit.orchestrator.component_orchestrator - INFO - [api-0:stderr] File "/Users/leifmarkthaler/github/gleitzeit 0.0.7/src/gleitzeit/workers/runner.py", line 116, in run_worker
[2025-11-04 16:49:38] [STDERR] 2025-11-04 16:49:38,020 - gleitzeit.orchestrator.component_orchestrator - INFO - [api-0:stderr] await worker.initialize()
[2025-11-04 16:49:38] [STDERR] 2025-11-04 16:49:38,020 - gleitzeit.orchestrator.component_orchestrator - INFO - [api-0:stderr] File "/Users/leifmarkthaler/github/gleitzeit 0.0.7/src/gleitzeit/workers/base.py", line 113, in initialize
[2025-11-04 16:49:38] [STDERR] 2025-11-04 16:49:38,020 - gleitzeit.orchestrator.component_orchestrator - ERROR - [ui-0:stderr] 2025-11-04 16:49:38,019 - __main__ - ERROR - Worker failed: Cannot start UI: Port 8004 is already in use. Either stop the existing service or use --ui-port to specify a different port.
[2025-11-04 16:49:38] [STDERR] 2025-11-04 16:49:38,020 - gleitzeit.orchestrator.component_orchestrator - INFO - [api-0:stderr] await self.on_initialize()
[2025-11-04 16:49:38] [STDERR] 2025-11-04 16:49:38,020 - gleitzeit.orchestrator.component_orchestrator - INFO - [ui-0:stderr] Traceback (most recent call last):
[2025-11-04 16:49:38] [STDERR] 2025-11-04 16:49:38,020 - gleitzeit.orchestrator.component_orchestrator - INFO - [api-0:stderr] File "/Users/leifmarkthaler/github/gleitzeit 0.0.7/src/gleitzeit/workers/api_worker.py", line 45, in on_initialize
[2025-11-04 16:49:38] [STDERR] 2025-11-04 16:49:38,020 - gleitzeit.orchestrator.component_orchestrator - INFO - [ui-0:stderr] File "/Users/leifmarkthaler/github/gleitzeit 0.0.7/src/gleitzeit/workers/runner.py", line 116, in run_worker
[2025-11-04 16:49:38] [STDERR] 2025-11-04 16:49:38,021 - gleitzeit.orchestrator.component_orchestrator - INFO - [api-0:stderr] raise RuntimeError(error_msg)
[2025-11-04 16:49:38] [STDERR] 2025-11-04 16:49:38,021 - gleitzeit.orchestrator.component_orchestrator - INFO - [ui-0:stderr] await worker.initialize()
[2025-11-04 16:49:38] [STDERR] 2025-11-04 16:49:38,021 - gleitzeit.orchestrator.component_orchestrator - INFO - [api-0:stderr] RuntimeError: Cannot start API: Port 8000 is already in use. Either stop the existing service or use --api-port to specify a different port.
[2025-11-04 16:49:38] [STDERR] 2025-11-04 16:49:38,021 - gleitzeit.orchestrator.component_orchestrator - INFO - [ui-0:stderr] File "/Users/leifmarkthaler/github/gleitzeit 0.0.7/src/gleitzeit/workers/base.py", line 113, in initialize
[2025-11-04 16:49:38] [STDERR] 2025-11-04 16:49:38,021 - gleitzeit.orchestrator.component_orchestrator - INFO - [ui-0:stderr] await self.on_initialize()
[2025-11-04 16:49:38] [STDERR] 2025-11-04 16:49:38,021 - gleitzeit.orchestrator.component_orchestrator - INFO - [ui-0:stderr] File "/Users/leifmarkthaler/github/gleitzeit 0.0.7/src/gleitzeit/workers/ui_worker.py", line 46, in on_initialize
[2025-11-04 16:49:38] [STDERR] 2025-11-04 16:49:38,021 - gleitzeit.orchestrator.component_orchestrator - INFO - [ui-0:stderr] raise RuntimeError(error_msg)
[2025-11-04 16:49:38] [STDERR] 2025-11-04 16:49:38,021 - gleitzeit.orchestrator.component_orchestrator - INFO - [ui-0:stderr] RuntimeError: Cannot start UI: Port 8004 is already in use. Either stop the existing service or use --ui-port to specify a different port.
[2025-11-04 16:49:43] [STDERR] 2025-11-04 16:49:43,009 - gleitzeit.orchestrator.component_orchestrator - INFO - [signal-0:stderr] 2025-11-04 16:49:43,008 - gleitzeit.workers.signal_worker - INFO - Signal processing loop iteration 3980
[2025-11-04 16:49:53] [STDERR] 2025-11-04 16:49:53,031 - gleitzeit.orchestrator.component_orchestrator - INFO - [signal-0:stderr] 2025-11-04 16:49:53,031 - gleitzeit.workers.signal_worker - INFO - Signal processing loop iteration 4000
[2025-11-04 16:50:03] [STDERR] 2025-11-04 16:50:03,052 - gleitzeit.orchestrator.component_orchestrator - INFO - [signal-0:stderr] 2025-11-04 16:50:03,052 - gleitzeit.workers.signal_worker - INFO - Signal processing loop iteration 4020
[2025-11-04 16:50:13] [STDERR] 2025-11-04 16:50:13,115 - gleitzeit.orchestrator.component_orchestrator - INFO - [signal-0:stderr] 2025-11-04 16:50:13,115 - gleitzeit.workers.signal_worker - INFO - Signal processing loop iteration 4040
[2025-11-04 16:50:17] [STDERR] 2025-11-04 16:50:17,792 - gleitzeit.orchestrator.component_orchestrator - WARNING - Worker api-0 unhealthy, restarting
[2025-11-04 16:50:17] [STDERR] 2025-11-04 16:50:17,792 - gleitzeit.orchestrator.component_orchestrator - INFO - Restarting worker api-0
[2025-11-04 16:50:17] [STDERR] 2025-11-04 16:50:17,792 - gleitzeit.orchestrator.component_orchestrator - INFO - Stopping worker api-0
[2025-11-04 16:50:17] [STDERR] 2025-11-04 16:50:17,792 - gleitzeit.orchestrator.component_orchestrator - INFO - Starting worker api-0 with shards [0, 1, 2, 3, 4, 5, 6, 7, 8, 9, 10, 11, 12, 13, 14, 15]
[2025-11-04 16:50:17] [STDERR] 2025-11-04 16:50:17,792 - gleitzeit.orchestrator.component_orchestrator - INFO - Stored config for api-0 at key: worker:config:api-0:b747cd7f
[2025-11-04 16:50:17] [STDERR] 2025-11-04 16:50:17,795 - gleitzeit.orchestrator.component_orchestrator - WARNING - Worker ui-0 unhealthy, restarting
[2025-11-04 16:50:17] [STDERR] 2025-11-04 16:50:17,795 - gleitzeit.orchestrator.component_orchestrator - INFO - Restarting worker ui-0
[2025-11-04 16:50:17] [STDERR] 2025-11-04 16:50:17,795 - gleitzeit.orchestrator.component_orchestrator - INFO - Stopping worker ui-0
[2025-11-04 16:50:17] [STDERR] 2025-11-04 16:50:17,795 - gleitzeit.orchestrator.component_orchestrator - INFO - Starting worker ui-0 with shards [0, 1, 2, 3, 4, 5, 6, 7, 8, 9, 10, 11, 12, 13, 14, 15]
[2025-11-04 16:50:17] [STDERR] 2025-11-04 16:50:17,795 - gleitzeit.orchestrator.component_orchestrator - INFO - Stored config for ui-0 at key: worker:config:ui-0:49e02673
[2025-11-04 16:50:18] [STDERR] 2025-11-04 16:50:18,011 - gleitzeit.orchestrator.component_orchestrator - INFO - [ui-0:stderr] 2025-11-04 16:50:18,011 - __main__ - INFO - Initialized worker instance identity: gleitzei-529d6f54
[2025-11-04 16:50:18] [STDERR] 2025-11-04 16:50:18,011 - gleitzeit.orchestrator.component_orchestrator - INFO - [api-0:stderr] 2025-11-04 16:50:18,011 - __main__ - INFO - Initialized worker instance identity: gleitzei-529d6f54
[2025-11-04 16:50:18] [STDERR] 2025-11-04 16:50:18,011 - gleitzeit.orchestrator.component_orchestrator - INFO - [ui-0:stderr] 2025-11-04 16:50:18,011 - __main__ - INFO - Loading configuration from Redis key: worker:config:ui-0:49e02673
[2025-11-04 16:50:18] [STDERR] 2025-11-04 16:50:18,011 - gleitzeit.orchestrator.component_orchestrator - INFO - [api-0:stderr] 2025-11-04 16:50:18,011 - __main__ - INFO - Loading configuration from Redis key: worker:config:api-0:b747cd7f
[2025-11-04 16:50:18] [STDERR] 2025-11-04 16:50:18,013 - gleitzeit.orchestrator.component_orchestrator - INFO - [ui-0:stderr] 2025-11-04 16:50:18,013 - __main__ - INFO - Loaded config for worker ui-0
[2025-11-04 16:50:18] [STDERR] 2025-11-04 16:50:18,013 - gleitzeit.orchestrator.component_orchestrator - INFO - [api-0:stderr] 2025-11-04 16:50:18,013 - __main__ - INFO - Loaded config for worker api-0
[2025-11-04 16:50:18] [STDERR] 2025-11-04 16:50:18,031 - gleitzeit.orchestrator.component_orchestrator - INFO - [ui-0:stderr] 2025-11-04 16:50:18,031 - __main__ - INFO - Worker ui-0 handler configs: ['python/v1', 'ollama/v1', 'http/v1', 'file/v1', 'timer/v1', 'signal/v1', 'workflow/v1']
[2025-11-04 16:50:18] [STDERR] 2025-11-04 16:50:18,031 - gleitzeit.orchestrator.component_orchestrator - INFO - [api-0:stderr] 2025-11-04 16:50:18,031 - __main__ - INFO - Worker api-0 handler configs: ['python/v1', 'ollama/v1', 'http/v1', 'file/v1', 'timer/v1', 'signal/v1', 'workflow/v1']
[2025-11-04 16:50:18] [STDERR] 2025-11-04 16:50:18,031 - gleitzeit.orchestrator.component_orchestrator - INFO - [api-0:stderr] 2025-11-04 16:50:18,031 - gleitzeit.core.redis_cluster - INFO - Redis single instance initialized at localhost:6379
[2025-11-04 16:50:18] [STDERR] 2025-11-04 16:50:18,031 - gleitzeit.orchestrator.component_orchestrator - INFO - [ui-0:stderr] 2025-11-04 16:50:18,031 - gleitzeit.core.redis_cluster - INFO - Redis single instance initialized at localhost:6379
[2025-11-04 16:50:18] [STDERR] 2025-11-04 16:50:18,031 - gleitzeit.orchestrator.component_orchestrator - ERROR - [api-0:stderr] 2025-11-04 16:50:18,031 - api.api-0 - ERROR - Cannot start API: Port 8000 is already in use. Either stop the existing service or use --api-port to specify a different port.
[2025-11-04 16:50:18] [STDERR] 2025-11-04 16:50:18,031 - gleitzeit.orchestrator.component_orchestrator - ERROR - [ui-0:stderr] 2025-11-04 16:50:18,031 - ui.ui-0 - ERROR - Cannot start UI: Port 8004 is already in use. Either stop the existing service or use --ui-port to specify a different port.
[2025-11-04 16:50:18] [STDERR] 2025-11-04 16:50:18,032 - gleitzeit.orchestrator.component_orchestrator - ERROR - [api-0:stderr] 2025-11-04 16:50:18,031 - __main__ - ERROR - Worker failed: Cannot start API: Port 8000 is already in use. Either stop the existing service or use --api-port to specify a different port.
[2025-11-04 16:50:18] [STDERR] 2025-11-04 16:50:18,032 - gleitzeit.orchestrator.component_orchestrator - INFO - [api-0:stderr] Traceback (most recent call last):
[2025-11-04 16:50:18] [STDERR] 2025-11-04 16:50:18,033 - gleitzeit.orchestrator.component_orchestrator - INFO - [api-0:stderr] File "/Users/leifmarkthaler/github/gleitzeit 0.0.7/src/gleitzeit/workers/runner.py", line 116, in run_worker
[2025-11-04 16:50:18] [STDERR] 2025-11-04 16:50:18,033 - gleitzeit.orchestrator.component_orchestrator - INFO - [api-0:stderr] await worker.initialize()
[2025-11-04 16:50:18] [STDERR] 2025-11-04 16:50:18,033 - gleitzeit.orchestrator.component_orchestrator - ERROR - [ui-0:stderr] 2025-11-04 16:50:18,031 - __main__ - ERROR - Worker failed: Cannot start UI: Port 8004 is already in use. Either stop the existing service or use --ui-port to specify a different port.
[2025-11-04 16:50:18] [STDERR] 2025-11-04 16:50:18,033 - gleitzeit.orchestrator.component_orchestrator - INFO - [api-0:stderr] File "/Users/leifmarkthaler/github/gleitzeit 0.0.7/src/gleitzeit/workers/base.py", line 113, in initialize
[2025-11-04 16:50:18] [STDERR] 2025-11-04 16:50:18,033 - gleitzeit.orchestrator.component_orchestrator - INFO - [ui-0:stderr] Traceback (most recent call last):
[2025-11-04 16:50:18] [STDERR] 2025-11-04 16:50:18,033 - gleitzeit.orchestrator.component_orchestrator - INFO - [api-0:stderr] await self.on_initialize()
[2025-11-04 16:50:18] [STDERR] 2025-11-04 16:50:18,033 - gleitzeit.orchestrator.component_orchestrator - INFO - [ui-0:stderr] File "/Users/leifmarkthaler/github/gleitzeit 0.0.7/src/gleitzeit/workers/runner.py", line 116, in run_worker
[2025-11-04 16:50:18] [STDERR] 2025-11-04 16:50:18,033 - gleitzeit.orchestrator.component_orchestrator - INFO - [api-0:stderr] File "/Users/leifmarkthaler/github/gleitzeit 0.0.7/src/gleitzeit/workers/api_worker.py", line 45, in on_initialize
[2025-11-04 16:50:18] [STDERR] 2025-11-04 16:50:18,033 - gleitzeit.orchestrator.component_orchestrator - INFO - [ui-0:stderr] await worker.initialize()
[2025-11-04 16:50:18] [STDERR] 2025-11-04 16:50:18,033 - gleitzeit.orchestrator.component_orchestrator - INFO - [api-0:stderr] raise RuntimeError(error_msg)
[2025-11-04 16:50:18] [STDERR] 2025-11-04 16:50:18,033 - gleitzeit.orchestrator.component_orchestrator - INFO - [ui-0:stderr] File "/Users/leifmarkthaler/github/gleitzeit 0.0.7/src/gleitzeit/workers/base.py", line 113, in initialize
[2025-11-04 16:50:18] [STDERR] 2025-11-04 16:50:18,033 - gleitzeit.orchestrator.component_orchestrator - INFO - [api-0:stderr] RuntimeError: Cannot start API: Port 8000 is already in use. Either stop the existing service or use --api-port to specify a different port.
[2025-11-04 16:50:18] [STDERR] 2025-11-04 16:50:18,033 - gleitzeit.orchestrator.component_orchestrator - INFO - [ui-0:stderr] await self.on_initialize()
[2025-11-04 16:50:18] [STDERR] 2025-11-04 16:50:18,033 - gleitzeit.orchestrator.component_orchestrator - INFO - [ui-0:stderr] File "/Users/leifmarkthaler/github/gleitzeit 0.0.7/src/gleitzeit/workers/ui_worker.py", line 46, in on_initialize
[2025-11-04 16:50:18] [STDERR] 2025-11-04 16:50:18,033 - gleitzeit.orchestrator.component_orchestrator - INFO - [ui-0:stderr] raise RuntimeError(error_msg)
[2025-11-04 16:50:18] [STDERR] 2025-11-04 16:50:18,033 - gleitzeit.orchestrator.component_orchestrator - INFO - [ui-0:stderr] RuntimeError: Cannot start UI: Port 8004 is already in use. Either stop the existing service or use --ui-port to specify a different port.
[2025-11-04 16:50:23] [STDERR] 2025-11-04 16:50:23,133 - gleitzeit.orchestrator.component_orchestrator - INFO - [signal-0:stderr] 2025-11-04 16:50:23,132 - gleitzeit.workers.signal_worker - INFO - Signal processing loop iteration 4060
[2025-11-04 16:50:33] [STDERR] 2025-11-04 16:50:33,155 - gleitzeit.orchestrator.component_orchestrator - INFO - [signal-0:stderr] 2025-11-04 16:50:33,153 - gleitzeit.workers.signal_worker - INFO - Signal processing loop iteration 4080
[2025-11-04 16:50:43] [STDERR] 2025-11-04 16:50:43,221 - gleitzeit.orchestrator.component_orchestrator - INFO - [signal-0:stderr] 2025-11-04 16:50:43,221 - gleitzeit.workers.signal_worker - INFO - Signal processing loop iteration 4100
[2025-11-04 16:50:53] [STDERR] 2025-11-04 16:50:53,243 - gleitzeit.orchestrator.component_orchestrator - INFO - [signal-0:stderr] 2025-11-04 16:50:53,243 - gleitzeit.workers.signal_worker - INFO - Signal processing loop iteration 4120
[2025-11-04 16:50:57] [STDERR] 2025-11-04 16:50:57,809 - gleitzeit.orchestrator.component_orchestrator - WARNING - Worker api-0 unhealthy, restarting
[2025-11-04 16:50:57] [STDERR] 2025-11-04 16:50:57,809 - gleitzeit.orchestrator.component_orchestrator - INFO - Restarting worker api-0
[2025-11-04 16:50:57] [STDERR] 2025-11-04 16:50:57,810 - gleitzeit.orchestrator.component_orchestrator - INFO - Stopping worker api-0
[2025-11-04 16:50:57] [STDERR] 2025-11-04 16:50:57,810 - gleitzeit.orchestrator.component_orchestrator - INFO - Starting worker api-0 with shards [0, 1, 2, 3, 4, 5, 6, 7, 8, 9, 10, 11, 12, 13, 14, 15]
[2025-11-04 16:50:57] [STDERR] 2025-11-04 16:50:57,810 - gleitzeit.orchestrator.component_orchestrator - INFO - Stored config for api-0 at key: worker:config:api-0:9705bf1e
[2025-11-04 16:50:57] [STDERR] 2025-11-04 16:50:57,813 - gleitzeit.orchestrator.component_orchestrator - WARNING - Worker ui-0 unhealthy, restarting
[2025-11-04 16:50:57] [STDERR] 2025-11-04 16:50:57,813 - gleitzeit.orchestrator.component_orchestrator - INFO - Restarting worker ui-0
[2025-11-04 16:50:57] [STDERR] 2025-11-04 16:50:57,813 - gleitzeit.orchestrator.component_orchestrator - INFO - Stopping worker ui-0
[2025-11-04 16:50:57] [STDERR] 2025-11-04 16:50:57,813 - gleitzeit.orchestrator.component_orchestrator - INFO - Starting worker ui-0 with shards [0, 1, 2, 3, 4, 5, 6, 7, 8, 9, 10, 11, 12, 13, 14, 15]
[2025-11-04 16:50:57] [STDERR] 2025-11-04 16:50:57,814 - gleitzeit.orchestrator.component_orchestrator - INFO - Stored config for ui-0 at key: worker:config:ui-0:38deb7ee
[2025-11-04 16:50:57] [STDERR] 2025-11-04 16:50:57,969 - gleitzeit.orchestrator.component_orchestrator - INFO - [api-0:stderr] 2025-11-04 16:50:57,969 - __main__ - INFO - Initialized worker instance identity: gleitzei-529d6f54
[2025-11-04 16:50:57] [STDERR] 2025-11-04 16:50:57,969 - gleitzeit.orchestrator.component_orchestrator - INFO - [ui-0:stderr] 2025-11-04 16:50:57,969 - __main__ - INFO - Initialized worker instance identity: gleitzei-529d6f54
[2025-11-04 16:50:57] [STDERR] 2025-11-04 16:50:57,970 - gleitzeit.orchestrator.component_orchestrator - INFO - [ui-0:stderr] 2025-11-04 16:50:57,969 - __main__ - INFO - Loading configuration from Redis key: worker:config:ui-0:38deb7ee
[2025-11-04 16:50:57] [STDERR] 2025-11-04 16:50:57,970 - gleitzeit.orchestrator.component_orchestrator - INFO - [api-0:stderr] 2025-11-04 16:50:57,969 - __main__ - INFO - Loading configuration from Redis key: worker:config:api-0:9705bf1e
[2025-11-04 16:50:57] [STDERR] 2025-11-04 16:50:57,971 - gleitzeit.orchestrator.component_orchestrator - INFO - [api-0:stderr] 2025-11-04 16:50:57,971 - __main__ - INFO - Loaded config for worker api-0
[2025-11-04 16:50:57] [STDERR] 2025-11-04 16:50:57,972 - gleitzeit.orchestrator.component_orchestrator - INFO - [ui-0:stderr] 2025-11-04 16:50:57,971 - __main__ - INFO - Loaded config for worker ui-0
[2025-11-04 16:50:57] [STDERR] 2025-11-04 16:50:57,982 - gleitzeit.orchestrator.component_orchestrator - INFO - [api-0:stderr] 2025-11-04 16:50:57,982 - __main__ - INFO - Worker api-0 handler configs: ['python/v1', 'ollama/v1', 'http/v1', 'file/v1', 'timer/v1', 'signal/v1', 'workflow/v1']
[2025-11-04 16:50:57] [STDERR] 2025-11-04 16:50:57,982 - gleitzeit.orchestrator.component_orchestrator - INFO - [ui-0:stderr] 2025-11-04 16:50:57,982 - __main__ - INFO - Worker ui-0 handler configs: ['python/v1', 'ollama/v1', 'http/v1', 'file/v1', 'timer/v1', 'signal/v1', 'workflow/v1']
[2025-11-04 16:50:57] [STDERR] 2025-11-04 16:50:57,982 - gleitzeit.orchestrator.component_orchestrator - INFO - [ui-0:stderr] 2025-11-04 16:50:57,982 - gleitzeit.core.redis_cluster - INFO - Redis single instance initialized at localhost:6379
[2025-11-04 16:50:57] [STDERR] 2025-11-04 16:50:57,982 - gleitzeit.orchestrator.component_orchestrator - INFO - [api-0:stderr] 2025-11-04 16:50:57,982 - gleitzeit.core.redis_cluster - INFO - Redis single instance initialized at localhost:6379
[2025-11-04 16:50:57] [STDERR] 2025-11-04 16:50:57,983 - gleitzeit.orchestrator.component_orchestrator - ERROR - [ui-0:stderr] 2025-11-04 16:50:57,982 - ui.ui-0 - ERROR - Cannot start UI: Port 8004 is already in use. Either stop the existing service or use --ui-port to specify a different port.
[2025-11-04 16:50:57] [STDERR] 2025-11-04 16:50:57,983 - gleitzeit.orchestrator.component_orchestrator - ERROR - [api-0:stderr] 2025-11-04 16:50:57,982 - api.api-0 - ERROR - Cannot start API: Port 8000 is already in use. Either stop the existing service or use --api-port to specify a different port.
[2025-11-04 16:50:57] [STDERR] 2025-11-04 16:50:57,983 - gleitzeit.orchestrator.component_orchestrator - ERROR - [api-0:stderr] 2025-11-04 16:50:57,982 - __main__ - ERROR - Worker failed: Cannot start API: Port 8000 is already in use. Either stop the existing service or use --api-port to specify a different port.
[2025-11-04 16:50:57] [STDERR] 2025-11-04 16:50:57,983 - gleitzeit.orchestrator.component_orchestrator - ERROR - [ui-0:stderr] 2025-11-04 16:50:57,982 - __main__ - ERROR - Worker failed: Cannot start UI: Port 8004 is already in use. Either stop the existing service or use --ui-port to specify a different port.
[2025-11-04 16:50:57] [STDERR] 2025-11-04 16:50:57,983 - gleitzeit.orchestrator.component_orchestrator - INFO - [api-0:stderr] Traceback (most recent call last):
[2025-11-04 16:50:57] [STDERR] 2025-11-04 16:50:57,983 - gleitzeit.orchestrator.component_orchestrator - INFO - [ui-0:stderr] Traceback (most recent call last):
[2025-11-04 16:50:57] [STDERR] 2025-11-04 16:50:57,983 - gleitzeit.orchestrator.component_orchestrator - INFO - [api-0:stderr] File "/Users/leifmarkthaler/github/gleitzeit 0.0.7/src/gleitzeit/workers/runner.py", line 116, in run_worker
[2025-11-04 16:50:57] [STDERR] 2025-11-04 16:50:57,983 - gleitzeit.orchestrator.component_orchestrator - INFO - [ui-0:stderr] File "/Users/leifmarkthaler/github/gleitzeit 0.0.7/src/gleitzeit/workers/runner.py", line 116, in run_worker
[2025-11-04 16:50:57] [STDERR] 2025-11-04 16:50:57,983 - gleitzeit.orchestrator.component_orchestrator - INFO - [api-0:stderr] await worker.initialize()
[2025-11-04 16:50:57] [STDERR] 2025-11-04 16:50:57,983 - gleitzeit.orchestrator.component_orchestrator - INFO - [ui-0:stderr] await worker.initialize()
[2025-11-04 16:50:57] [STDERR] 2025-11-04 16:50:57,983 - gleitzeit.orchestrator.component_orchestrator - INFO - [api-0:stderr] File "/Users/leifmarkthaler/github/gleitzeit 0.0.7/src/gleitzeit/workers/base.py", line 113, in initialize
[2025-11-04 16:50:57] [STDERR] 2025-11-04 16:50:57,983 - gleitzeit.orchestrator.component_orchestrator - INFO - [ui-0:stderr] File "/Users/leifmarkthaler/github/gleitzeit 0.0.7/src/gleitzeit/workers/base.py", line 113, in initialize
[2025-11-04 16:50:57] [STDERR] 2025-11-04 16:50:57,983 - gleitzeit.orchestrator.component_orchestrator - INFO - [api-0:stderr] await self.on_initialize()
[2025-11-04 16:50:57] [STDERR] 2025-11-04 16:50:57,983 - gleitzeit.orchestrator.component_orchestrator - INFO - [ui-0:stderr] await self.on_initialize()
[2025-11-04 16:50:57] [STDERR] 2025-11-04 16:50:57,983 - gleitzeit.orchestrator.component_orchestrator - INFO - [api-0:stderr] File "/Users/leifmarkthaler/github/gleitzeit 0.0.7/src/gleitzeit/workers/api_worker.py", line 45, in on_initialize
[2025-11-04 16:50:57] [STDERR] 2025-11-04 16:50:57,984 - gleitzeit.orchestrator.component_orchestrator - INFO - [ui-0:stderr] File "/Users/leifmarkthaler/github/gleitzeit 0.0.7/src/gleitzeit/workers/ui_worker.py", line 46, in on_initialize
[2025-11-04 16:50:57] [STDERR] 2025-11-04 16:50:57,984 - gleitzeit.orchestrator.component_orchestrator - INFO - [api-0:stderr] raise RuntimeError(error_msg)
[2025-11-04 16:50:57] [STDERR] 2025-11-04 16:50:57,984 - gleitzeit.orchestrator.component_orchestrator - INFO - [ui-0:stderr] raise RuntimeError(error_msg)
[2025-11-04 16:50:57] [STDERR] 2025-11-04 16:50:57,984 - gleitzeit.orchestrator.component_orchestrator - INFO - [api-0:stderr] RuntimeError: Cannot start API: Port 8000 is already in use. Either stop the existing service or use --api-port to specify a different port.
[2025-11-04 16:50:57] [STDERR] 2025-11-04 16:50:57,984 - gleitzeit.orchestrator.component_orchestrator - INFO - [ui-0:stderr] RuntimeError: Cannot start UI: Port 8004 is already in use. Either stop the existing service or use --ui-port to specify a different port.
[2025-11-04 16:51:03] [STDERR] 2025-11-04 16:51:03,265 - gleitzeit.orchestrator.component_orchestrator - INFO - [signal-0:stderr] 2025-11-04 16:51:03,265 - gleitzeit.workers.signal_worker - INFO - Signal processing loop iteration 4140
[2025-11-04 16:51:13] [STDERR] 2025-11-04 16:51:13,328 - gleitzeit.orchestrator.component_orchestrator - INFO - [signal-0:stderr] 2025-11-04 16:51:13,328 - gleitzeit.workers.signal_worker - INFO - Signal processing loop iteration 4160
[2025-11-04 16:51:23] [STDERR] 2025-11-04 16:51:23,350 - gleitzeit.orchestrator.component_orchestrator - INFO - [signal-0:stderr] 2025-11-04 16:51:23,349 - gleitzeit.workers.signal_worker - INFO - Signal processing loop iteration 4180
[2025-11-04 16:51:33] [STDERR] 2025-11-04 16:51:33,372 - gleitzeit.orchestrator.component_orchestrator - INFO - [signal-0:stderr] 2025-11-04 16:51:33,371 - gleitzeit.workers.signal_worker - INFO - Signal processing loop iteration 4200
[2025-11-04 16:51:37] [STDERR] 2025-11-04 16:51:37,829 - gleitzeit.orchestrator.component_orchestrator - WARNING - Worker api-0 unhealthy, restarting
[2025-11-04 16:51:37] [STDERR] 2025-11-04 16:51:37,829 - gleitzeit.orchestrator.component_orchestrator - INFO - Restarting worker api-0
[2025-11-04 16:51:37] [STDERR] 2025-11-04 16:51:37,829 - gleitzeit.orchestrator.component_orchestrator - INFO - Stopping worker api-0
[2025-11-04 16:51:37] [STDERR] 2025-11-04 16:51:37,829 - gleitzeit.orchestrator.component_orchestrator - INFO - Starting worker api-0 with shards [0, 1, 2, 3, 4, 5, 6, 7, 8, 9, 10, 11, 12, 13, 14, 15]
[2025-11-04 16:51:37] [STDERR] 2025-11-04 16:51:37,830 - gleitzeit.orchestrator.component_orchestrator - INFO - Stored config for api-0 at key: worker:config:api-0:87dc6dfc
[2025-11-04 16:51:37] [STDERR] 2025-11-04 16:51:37,835 - gleitzeit.orchestrator.component_orchestrator - WARNING - Worker ui-0 unhealthy, restarting
[2025-11-04 16:51:37] [STDERR] 2025-11-04 16:51:37,836 - gleitzeit.orchestrator.component_orchestrator - INFO - Restarting worker ui-0
[2025-11-04 16:51:37] [STDERR] 2025-11-04 16:51:37,836 - gleitzeit.orchestrator.component_orchestrator - INFO - Stopping worker ui-0
[2025-11-04 16:51:37] [STDERR] 2025-11-04 16:51:37,836 - gleitzeit.orchestrator.component_orchestrator - INFO - Starting worker ui-0 with shards [0, 1, 2, 3, 4, 5, 6, 7, 8, 9, 10, 11, 12, 13, 14, 15]
[2025-11-04 16:51:37] [STDERR] 2025-11-04 16:51:37,836 - gleitzeit.orchestrator.component_orchestrator - INFO - Stored config for ui-0 at key: worker:config:ui-0:bc4c2770
[2025-11-04 16:51:38] [STDERR] 2025-11-04 16:51:38,005 - gleitzeit.orchestrator.component_orchestrator - INFO - [ui-0:stderr] 2025-11-04 16:51:38,005 - __main__ - INFO - Initialized worker instance identity: gleitzei-529d6f54
[2025-11-04 16:51:38] [STDERR] 2025-11-04 16:51:38,005 - gleitzeit.orchestrator.component_orchestrator - INFO - [api-0:stderr] 2025-11-04 16:51:38,005 - __main__ - INFO - Initialized worker instance identity: gleitzei-529d6f54
[2025-11-04 16:51:38] [STDERR] 2025-11-04 16:51:38,005 - gleitzeit.orchestrator.component_orchestrator - INFO - [ui-0:stderr] 2025-11-04 16:51:38,005 - __main__ - INFO - Loading configuration from Redis key: worker:config:ui-0:bc4c2770
[2025-11-04 16:51:38] [STDERR] 2025-11-04 16:51:38,005 - gleitzeit.orchestrator.component_orchestrator - INFO - [api-0:stderr] 2025-11-04 16:51:38,005 - __main__ - INFO - Loading configuration from Redis key: worker:config:api-0:87dc6dfc
[2025-11-04 16:51:38] [STDERR] 2025-11-04 16:51:38,007 - gleitzeit.orchestrator.component_orchestrator - INFO - [ui-0:stderr] 2025-11-04 16:51:38,007 - __main__ - INFO - Loaded config for worker ui-0
[2025-11-04 16:51:38] [STDERR] 2025-11-04 16:51:38,007 - gleitzeit.orchestrator.component_orchestrator - INFO - [api-0:stderr] 2025-11-04 16:51:38,007 - __main__ - INFO - Loaded config for worker api-0
[2025-11-04 16:51:38] [STDERR] 2025-11-04 16:51:38,018 - gleitzeit.orchestrator.component_orchestrator - INFO - [api-0:stderr] 2025-11-04 16:51:38,018 - __main__ - INFO - Worker api-0 handler configs: ['python/v1', 'ollama/v1', 'http/v1', 'file/v1', 'timer/v1', 'signal/v1', 'workflow/v1']
[2025-11-04 16:51:38] [STDERR] 2025-11-04 16:51:38,018 - gleitzeit.orchestrator.component_orchestrator - INFO - [ui-0:stderr] 2025-11-04 16:51:38,018 - __main__ - INFO - Worker ui-0 handler configs: ['python/v1', 'ollama/v1', 'http/v1', 'file/v1', 'timer/v1', 'signal/v1', 'workflow/v1']
[2025-11-04 16:51:38] [STDERR] 2025-11-04 16:51:38,018 - gleitzeit.orchestrator.component_orchestrator - INFO - [ui-0:stderr] 2025-11-04 16:51:38,018 - gleitzeit.core.redis_cluster - INFO - Redis single instance initialized at localhost:6379
[2025-11-04 16:51:38] [STDERR] 2025-11-04 16:51:38,018 - gleitzeit.orchestrator.component_orchestrator - INFO - [api-0:stderr] 2025-11-04 16:51:38,018 - gleitzeit.core.redis_cluster - INFO - Redis single instance initialized at localhost:6379
[2025-11-04 16:51:38] [STDERR] 2025-11-04 16:51:38,019 - gleitzeit.orchestrator.component_orchestrator - ERROR - [api-0:stderr] 2025-11-04 16:51:38,018 - api.api-0 - ERROR - Cannot start API: Port 8000 is already in use. Either stop the existing service or use --api-port to specify a different port.
[2025-11-04 16:51:38] [STDERR] 2025-11-04 16:51:38,019 - gleitzeit.orchestrator.component_orchestrator - ERROR - [ui-0:stderr] 2025-11-04 16:51:38,018 - ui.ui-0 - ERROR - Cannot start UI: Port 8004 is already in use. Either stop the existing service or use --ui-port to specify a different port.
[2025-11-04 16:51:38] [STDERR] 2025-11-04 16:51:38,019 - gleitzeit.orchestrator.component_orchestrator - ERROR - [ui-0:stderr] 2025-11-04 16:51:38,018 - __main__ - ERROR - Worker failed: Cannot start UI: Port 8004 is already in use. Either stop the existing service or use --ui-port to specify a different port.
[2025-11-04 16:51:38] [STDERR] 2025-11-04 16:51:38,019 - gleitzeit.orchestrator.component_orchestrator - ERROR - [api-0:stderr] 2025-11-04 16:51:38,018 - __main__ - ERROR - Worker failed: Cannot start API: Port 8000 is already in use. Either stop the existing service or use --api-port to specify a different port.
[2025-11-04 16:51:38] [STDERR] 2025-11-04 16:51:38,019 - gleitzeit.orchestrator.component_orchestrator - INFO - [ui-0:stderr] Traceback (most recent call last):
[2025-11-04 16:51:38] [STDERR] 2025-11-04 16:51:38,019 - gleitzeit.orchestrator.component_orchestrator - INFO - [api-0:stderr] Traceback (most recent call last):
[2025-11-04 16:51:38] [STDERR] 2025-11-04 16:51:38,019 - gleitzeit.orchestrator.component_orchestrator - INFO - [ui-0:stderr] File "/Users/leifmarkthaler/github/gleitzeit 0.0.7/src/gleitzeit/workers/runner.py", line 116, in run_worker
[2025-11-04 16:51:38] [STDERR] 2025-11-04 16:51:38,019 - gleitzeit.orchestrator.component_orchestrator - INFO - [api-0:stderr] File "/Users/leifmarkthaler/github/gleitzeit 0.0.7/src/gleitzeit/workers/runner.py", line 116, in run_worker
[2025-11-04 16:51:38] [STDERR] 2025-11-04 16:51:38,019 - gleitzeit.orchestrator.component_orchestrator - INFO - [ui-0:stderr] await worker.initialize()
[2025-11-04 16:51:38] [STDERR] 2025-11-04 16:51:38,019 - gleitzeit.orchestrator.component_orchestrator - INFO - [api-0:stderr] await worker.initialize()
[2025-11-04 16:51:38] [STDERR] 2025-11-04 16:51:38,019 - gleitzeit.orchestrator.component_orchestrator - INFO - [ui-0:stderr] File "/Users/leifmarkthaler/github/gleitzeit 0.0.7/src/gleitzeit/workers/base.py", line 113, in initialize
[2025-11-04 16:51:38] [STDERR] 2025-11-04 16:51:38,019 - gleitzeit.orchestrator.component_orchestrator - INFO - [api-0:stderr] File "/Users/leifmarkthaler/github/gleitzeit 0.0.7/src/gleitzeit/workers/base.py", line 113, in initialize
[2025-11-04 16:51:38] [STDERR] 2025-11-04 16:51:38,019 - gleitzeit.orchestrator.component_orchestrator - INFO - [ui-0:stderr] await self.on_initialize()
[2025-11-04 16:51:38] [STDERR] 2025-11-04 16:51:38,019 - gleitzeit.orchestrator.component_orchestrator - INFO - [api-0:stderr] await self.on_initialize()
[2025-11-04 16:51:38] [STDERR] 2025-11-04 16:51:38,019 - gleitzeit.orchestrator.component_orchestrator - INFO - [ui-0:stderr] File "/Users/leifmarkthaler/github/gleitzeit 0.0.7/src/gleitzeit/workers/ui_worker.py", line 46, in on_initialize
[2025-11-04 16:51:38] [STDERR] 2025-11-04 16:51:38,019 - gleitzeit.orchestrator.component_orchestrator - INFO - [api-0:stderr] File "/Users/leifmarkthaler/github/gleitzeit 0.0.7/src/gleitzeit/workers/api_worker.py", line 45, in on_initialize
[2025-11-04 16:51:38] [STDERR] 2025-11-04 16:51:38,020 - gleitzeit.orchestrator.component_orchestrator - INFO - [ui-0:stderr] raise RuntimeError(error_msg)
[2025-11-04 16:51:38] [STDERR] 2025-11-04 16:51:38,020 - gleitzeit.orchestrator.component_orchestrator - INFO - [api-0:stderr] raise RuntimeError(error_msg)
[2025-11-04 16:51:38] [STDERR] 2025-11-04 16:51:38,020 - gleitzeit.orchestrator.component_orchestrator - INFO - [ui-0:stderr] RuntimeError: Cannot start UI: Port 8004 is already in use. Either stop the existing service or use --ui-port to specify a different port.
[2025-11-04 16:51:38] [STDERR] 2025-11-04 16:51:38,020 - gleitzeit.orchestrator.component_orchestrator - INFO - [api-0:stderr] RuntimeError: Cannot start API: Port 8000 is already in use. Either stop the existing service or use --api-port to specify a different port.
[2025-11-04 16:51:43] [STDERR] 2025-11-04 16:51:43,436 - gleitzeit.orchestrator.component_orchestrator - INFO - [signal-0:stderr] 2025-11-04 16:51:43,435 - gleitzeit.workers.signal_worker - INFO - Signal processing loop iteration 4220
[2025-11-04 16:51:53] [STDERR] 2025-11-04 16:51:53,457 - gleitzeit.orchestrator.component_orchestrator - INFO - [signal-0:stderr] 2025-11-04 16:51:53,457 - gleitzeit.workers.signal_worker - INFO - Signal processing loop iteration 4240
[2025-11-04 16:52:03] [STDERR] 2025-11-04 16:52:03,480 - gleitzeit.orchestrator.component_orchestrator - INFO - [signal-0:stderr] 2025-11-04 16:52:03,480 - gleitzeit.workers.signal_worker - INFO - Signal processing loop iteration 4260
[2025-11-04 16:52:13] [STDERR] 2025-11-04 16:52:13,543 - gleitzeit.orchestrator.component_orchestrator - INFO - [signal-0:stderr] 2025-11-04 16:52:13,542 - gleitzeit.workers.signal_worker - INFO - Signal processing loop iteration 4280
[2025-11-04 16:52:17] [STDERR] 2025-11-04 16:52:17,856 - gleitzeit.orchestrator.component_orchestrator - WARNING - Worker api-0 unhealthy, restarting
[2025-11-04 16:52:17] [STDERR] 2025-11-04 16:52:17,856 - gleitzeit.orchestrator.component_orchestrator - INFO - Restarting worker api-0
[2025-11-04 16:52:17] [STDERR] 2025-11-04 16:52:17,856 - gleitzeit.orchestrator.component_orchestrator - INFO - Stopping worker api-0
[2025-11-04 16:52:17] [STDERR] 2025-11-04 16:52:17,857 - gleitzeit.orchestrator.component_orchestrator - INFO - Starting worker api-0 with shards [0, 1, 2, 3, 4, 5, 6, 7, 8, 9, 10, 11, 12, 13, 14, 15]
[2025-11-04 16:52:17] [STDERR] 2025-11-04 16:52:17,858 - gleitzeit.orchestrator.component_orchestrator - INFO - Stored config for api-0 at key: worker:config:api-0:0087c925
[2025-11-04 16:52:17] [STDERR] 2025-11-04 16:52:17,865 - gleitzeit.orchestrator.component_orchestrator - WARNING - Worker ui-0 unhealthy, restarting
[2025-11-04 16:52:17] [STDERR] 2025-11-04 16:52:17,865 - gleitzeit.orchestrator.component_orchestrator - INFO - Restarting worker ui-0
[2025-11-04 16:52:17] [STDERR] 2025-11-04 16:52:17,865 - gleitzeit.orchestrator.component_orchestrator - INFO - Stopping worker ui-0
[2025-11-04 16:52:17] [STDERR] 2025-11-04 16:52:17,866 - gleitzeit.orchestrator.component_orchestrator - INFO - Starting worker ui-0 with shards [0, 1, 2, 3, 4, 5, 6, 7, 8, 9, 10, 11, 12, 13, 14, 15]
[2025-11-04 16:52:17] [STDERR] 2025-11-04 16:52:17,866 - gleitzeit.orchestrator.component_orchestrator - INFO - Stored config for ui-0 at key: worker:config:ui-0:0c626c9f
[2025-11-04 16:52:18] [STDERR] 2025-11-04 16:52:18,102 - gleitzeit.orchestrator.component_orchestrator - INFO - [api-0:stderr] 2025-11-04 16:52:18,102 - __main__ - INFO - Initialized worker instance identity: gleitzei-529d6f54
[2025-11-04 16:52:18] [STDERR] 2025-11-04 16:52:18,102 - gleitzeit.orchestrator.component_orchestrator - INFO - [ui-0:stderr] 2025-11-04 16:52:18,102 - __main__ - INFO - Initialized worker instance identity: gleitzei-529d6f54
[2025-11-04 16:52:18] [STDERR] 2025-11-04 16:52:18,102 - gleitzeit.orchestrator.component_orchestrator - INFO - [api-0:stderr] 2025-11-04 16:52:18,102 - __main__ - INFO - Loading configuration from Redis key: worker:config:api-0:0087c925
[2025-11-04 16:52:18] [STDERR] 2025-11-04 16:52:18,102 - gleitzeit.orchestrator.component_orchestrator - INFO - [ui-0:stderr] 2025-11-04 16:52:18,102 - __main__ - INFO - Loading configuration from Redis key: worker:config:ui-0:0c626c9f
[2025-11-04 16:52:18] [STDERR] 2025-11-04 16:52:18,105 - gleitzeit.orchestrator.component_orchestrator - INFO - [api-0:stderr] 2025-11-04 16:52:18,105 - __main__ - INFO - Loaded config for worker api-0
[2025-11-04 16:52:18] [STDERR] 2025-11-04 16:52:18,105 - gleitzeit.orchestrator.component_orchestrator - INFO - [ui-0:stderr] 2025-11-04 16:52:18,105 - __main__ - INFO - Loaded config for worker ui-0
[2025-11-04 16:52:18] [STDERR] 2025-11-04 16:52:18,123 - gleitzeit.orchestrator.component_orchestrator - INFO - [api-0:stderr] 2025-11-04 16:52:18,122 - __main__ - INFO - Worker api-0 handler configs: ['python/v1', 'ollama/v1', 'http/v1', 'file/v1', 'timer/v1', 'signal/v1', 'workflow/v1']
[2025-11-04 16:52:18] [STDERR] 2025-11-04 16:52:18,123 - gleitzeit.orchestrator.component_orchestrator - INFO - [ui-0:stderr] 2025-11-04 16:52:18,122 - __main__ - INFO - Worker ui-0 handler configs: ['python/v1', 'ollama/v1', 'http/v1', 'file/v1', 'timer/v1', 'signal/v1', 'workflow/v1']
[2025-11-04 16:52:18] [STDERR] 2025-11-04 16:52:18,123 - gleitzeit.orchestrator.component_orchestrator - INFO - [api-0:stderr] 2025-11-04 16:52:18,123 - gleitzeit.core.redis_cluster - INFO - Redis single instance initialized at localhost:6379
[2025-11-04 16:52:18] [STDERR] 2025-11-04 16:52:18,123 - gleitzeit.orchestrator.component_orchestrator - INFO - [ui-0:stderr] 2025-11-04 16:52:18,123 - gleitzeit.core.redis_cluster - INFO - Redis single instance initialized at localhost:6379
[2025-11-04 16:52:18] [STDERR] 2025-11-04 16:52:18,123 - gleitzeit.orchestrator.component_orchestrator - ERROR - [api-0:stderr] 2025-11-04 16:52:18,123 - api.api-0 - ERROR - Cannot start API: Port 8000 is already in use. Either stop the existing service or use --api-port to specify a different port.
[2025-11-04 16:52:18] [STDERR] 2025-11-04 16:52:18,123 - gleitzeit.orchestrator.component_orchestrator - ERROR - [ui-0:stderr] 2025-11-04 16:52:18,123 - ui.ui-0 - ERROR - Cannot start UI: Port 8004 is already in use. Either stop the existing service or use --ui-port to specify a different port.
[2025-11-04 16:52:18] [STDERR] 2025-11-04 16:52:18,124 - gleitzeit.orchestrator.component_orchestrator - ERROR - [api-0:stderr] 2025-11-04 16:52:18,123 - __main__ - ERROR - Worker failed: Cannot start API: Port 8000 is already in use. Either stop the existing service or use --api-port to specify a different port.
[2025-11-04 16:52:18] [STDERR] 2025-11-04 16:52:18,124 - gleitzeit.orchestrator.component_orchestrator - INFO - [api-0:stderr] Traceback (most recent call last):
[2025-11-04 16:52:18] [STDERR] 2025-11-04 16:52:18,124 - gleitzeit.orchestrator.component_orchestrator - INFO - [api-0:stderr] File "/Users/leifmarkthaler/github/gleitzeit 0.0.7/src/gleitzeit/workers/runner.py", line 116, in run_worker
[2025-11-04 16:52:18] [STDERR] 2025-11-04 16:52:18,124 - gleitzeit.orchestrator.component_orchestrator - INFO - [api-0:stderr] await worker.initialize()
[2025-11-04 16:52:18] [STDERR] 2025-11-04 16:52:18,124 - gleitzeit.orchestrator.component_orchestrator - ERROR - [ui-0:stderr] 2025-11-04 16:52:18,123 - __main__ - ERROR - Worker failed: Cannot start UI: Port 8004 is already in use. Either stop the existing service or use --ui-port to specify a different port.
[2025-11-04 16:52:18] [STDERR] 2025-11-04 16:52:18,124 - gleitzeit.orchestrator.component_orchestrator - INFO - [api-0:stderr] File "/Users/leifmarkthaler/github/gleitzeit 0.0.7/src/gleitzeit/workers/base.py", line 113, in initialize
[2025-11-04 16:52:18] [STDERR] 2025-11-04 16:52:18,124 - gleitzeit.orchestrator.component_orchestrator - INFO - [ui-0:stderr] Traceback (most recent call last):
[2025-11-04 16:52:18] [STDERR] 2025-11-04 16:52:18,124 - gleitzeit.orchestrator.component_orchestrator - INFO - [api-0:stderr] await self.on_initialize()
[2025-11-04 16:52:18] [STDERR] 2025-11-04 16:52:18,124 - gleitzeit.orchestrator.component_orchestrator - INFO - [ui-0:stderr] File "/Users/leifmarkthaler/github/gleitzeit 0.0.7/src/gleitzeit/workers/runner.py", line 116, in run_worker
[2025-11-04 16:52:18] [STDERR] 2025-11-04 16:52:18,124 - gleitzeit.orchestrator.component_orchestrator - INFO - [api-0:stderr] File "/Users/leifmarkthaler/github/gleitzeit 0.0.7/src/gleitzeit/workers/api_worker.py", line 45, in on_initialize
[2025-11-04 16:52:18] [STDERR] 2025-11-04 16:52:18,124 - gleitzeit.orchestrator.component_orchestrator - INFO - [ui-0:stderr] await worker.initialize()
[2025-11-04 16:52:18] [STDERR] 2025-11-04 16:52:18,125 - gleitzeit.orchestrator.component_orchestrator - INFO - [api-0:stderr] raise RuntimeError(error_msg)
[2025-11-04 16:52:18] [STDERR] 2025-11-04 16:52:18,125 - gleitzeit.orchestrator.component_orchestrator - INFO - [ui-0:stderr] File "/Users/leifmarkthaler/github/gleitzeit 0.0.7/src/gleitzeit/workers/base.py", line 113, in initialize
[2025-11-04 16:52:18] [STDERR] 2025-11-04 16:52:18,125 - gleitzeit.orchestrator.component_orchestrator - INFO - [api-0:stderr] RuntimeError: Cannot start API: Port 8000 is already in use. Either stop the existing service or use --api-port to specify a different port.
[2025-11-04 16:52:18] [STDERR] 2025-11-04 16:52:18,125 - gleitzeit.orchestrator.component_orchestrator - INFO - [ui-0:stderr] await self.on_initialize()
[2025-11-04 16:52:18] [STDERR] 2025-11-04 16:52:18,125 - gleitzeit.orchestrator.component_orchestrator - INFO - [ui-0:stderr] File "/Users/leifmarkthaler/github/gleitzeit 0.0.7/src/gleitzeit/workers/ui_worker.py", line 46, in on_initialize
[2025-11-04 16:52:18] [STDERR] 2025-11-04 16:52:18,125 - gleitzeit.orchestrator.component_orchestrator - INFO - [ui-0:stderr] raise RuntimeError(error_msg)
[2025-11-04 16:52:18] [STDERR] 2025-11-04 16:52:18,125 - gleitzeit.orchestrator.component_orchestrator - INFO - [ui-0:stderr] RuntimeError: Cannot start UI: Port 8004 is already in use. Either stop the existing service or use --ui-port to specify a different port.
[2025-11-04 16:52:23] [STDERR] 2025-11-04 16:52:23,564 - gleitzeit.orchestrator.component_orchestrator - INFO - [signal-0:stderr] 2025-11-04 16:52:23,564 - gleitzeit.workers.signal_worker - INFO - Signal processing loop iteration 4300
[2025-11-04 16:52:33] [STDERR] 2025-11-04 16:52:33,585 - gleitzeit.orchestrator.component_orchestrator - INFO - [signal-0:stderr] 2025-11-04 16:52:33,585 - gleitzeit.workers.signal_worker - INFO - Signal processing loop iteration 4320
[2025-11-04 16:52:43] [STDERR] 2025-11-04 16:52:43,645 - gleitzeit.orchestrator.component_orchestrator - INFO - [signal-0:stderr] 2025-11-04 16:52:43,645 - gleitzeit.workers.signal_worker - INFO - Signal processing loop iteration 4340
[2025-11-04 16:52:53] [STDERR] 2025-11-04 16:52:53,665 - gleitzeit.orchestrator.component_orchestrator - INFO - [signal-0:stderr] 2025-11-04 16:52:53,665 - gleitzeit.workers.signal_worker - INFO - Signal processing loop iteration 4360
[2025-11-04 16:52:57] [STDERR] 2025-11-04 16:52:57,884 - gleitzeit.orchestrator.component_orchestrator - WARNING - Worker api-0 unhealthy, restarting
[2025-11-04 16:52:57] [STDERR] 2025-11-04 16:52:57,884 - gleitzeit.orchestrator.component_orchestrator - INFO - Restarting worker api-0
[2025-11-04 16:52:57] [STDERR] 2025-11-04 16:52:57,884 - gleitzeit.orchestrator.component_orchestrator - INFO - Stopping worker api-0
[2025-11-04 16:52:57] [STDERR] 2025-11-04 16:52:57,885 - gleitzeit.orchestrator.component_orchestrator - INFO - Starting worker api-0 with shards [0, 1, 2, 3, 4, 5, 6, 7, 8, 9, 10, 11, 12, 13, 14, 15]
[2025-11-04 16:52:57] [STDERR] 2025-11-04 16:52:57,886 - gleitzeit.orchestrator.component_orchestrator - INFO - Stored config for api-0 at key: worker:config:api-0:a1582692
[2025-11-04 16:52:57] [STDERR] 2025-11-04 16:52:57,893 - gleitzeit.orchestrator.component_orchestrator - WARNING - Worker ui-0 unhealthy, restarting
[2025-11-04 16:52:57] [STDERR] 2025-11-04 16:52:57,893 - gleitzeit.orchestrator.component_orchestrator - INFO - Restarting worker ui-0
[2025-11-04 16:52:57] [STDERR] 2025-11-04 16:52:57,893 - gleitzeit.orchestrator.component_orchestrator - INFO - Stopping worker ui-0
[2025-11-04 16:52:57] [STDERR] 2025-11-04 16:52:57,893 - gleitzeit.orchestrator.component_orchestrator - INFO - Starting worker ui-0 with shards [0, 1, 2, 3, 4, 5, 6, 7, 8, 9, 10, 11, 12, 13, 14, 15]
[2025-11-04 16:52:57] [STDERR] 2025-11-04 16:52:57,894 - gleitzeit.orchestrator.component_orchestrator - INFO - Stored config for ui-0 at key: worker:config:ui-0:ee003bee
[2025-11-04 16:52:58] [STDERR] 2025-11-04 16:52:58,076 - gleitzeit.orchestrator.component_orchestrator - INFO - [ui-0:stderr] 2025-11-04 16:52:58,076 - __main__ - INFO - Initialized worker instance identity: gleitzei-529d6f54
[2025-11-04 16:52:58] [STDERR] 2025-11-04 16:52:58,077 - gleitzeit.orchestrator.component_orchestrator - INFO - [api-0:stderr] 2025-11-04 16:52:58,076 - __main__ - INFO - Initialized worker instance identity: gleitzei-529d6f54
[2025-11-04 16:52:58] [STDERR] 2025-11-04 16:52:58,077 - gleitzeit.orchestrator.component_orchestrator - INFO - [ui-0:stderr] 2025-11-04 16:52:58,076 - __main__ - INFO - Loading configuration from Redis key: worker:config:ui-0:ee003bee
[2025-11-04 16:52:58] [STDERR] 2025-11-04 16:52:58,077 - gleitzeit.orchestrator.component_orchestrator - INFO - [api-0:stderr] 2025-11-04 16:52:58,077 - __main__ - INFO - Loading configuration from Redis key: worker:config:api-0:a1582692
[2025-11-04 16:52:58] [STDERR] 2025-11-04 16:52:58,078 - gleitzeit.orchestrator.component_orchestrator - INFO - [api-0:stderr] 2025-11-04 16:52:58,078 - __main__ - INFO - Loaded config for worker api-0
[2025-11-04 16:52:58] [STDERR] 2025-11-04 16:52:58,078 - gleitzeit.orchestrator.component_orchestrator - INFO - [ui-0:stderr] 2025-11-04 16:52:58,078 - __main__ - INFO - Loaded config for worker ui-0
[2025-11-04 16:52:58] [STDERR] 2025-11-04 16:52:58,089 - gleitzeit.orchestrator.component_orchestrator - INFO - [api-0:stderr] 2025-11-04 16:52:58,089 - __main__ - INFO - Worker api-0 handler configs: ['python/v1', 'ollama/v1', 'http/v1', 'file/v1', 'timer/v1', 'signal/v1', 'workflow/v1']
[2025-11-04 16:52:58] [STDERR] 2025-11-04 16:52:58,089 - gleitzeit.orchestrator.component_orchestrator - INFO - [ui-0:stderr] 2025-11-04 16:52:58,089 - __main__ - INFO - Worker ui-0 handler configs: ['python/v1', 'ollama/v1', 'http/v1', 'file/v1', 'timer/v1', 'signal/v1', 'workflow/v1']
[2025-11-04 16:52:58] [STDERR] 2025-11-04 16:52:58,089 - gleitzeit.orchestrator.component_orchestrator - INFO - [api-0:stderr] 2025-11-04 16:52:58,089 - gleitzeit.core.redis_cluster - INFO - Redis single instance initialized at localhost:6379
[2025-11-04 16:52:58] [STDERR] 2025-11-04 16:52:58,089 - gleitzeit.orchestrator.component_orchestrator - INFO - [ui-0:stderr] 2025-11-04 16:52:58,089 - gleitzeit.core.redis_cluster - INFO - Redis single instance initialized at localhost:6379
[2025-11-04 16:52:58] [STDERR] 2025-11-04 16:52:58,089 - gleitzeit.orchestrator.component_orchestrator - ERROR - [ui-0:stderr] 2025-11-04 16:52:58,089 - ui.ui-0 - ERROR - Cannot start UI: Port 8004 is already in use. Either stop the existing service or use --ui-port to specify a different port.
[2025-11-04 16:52:58] [STDERR] 2025-11-04 16:52:58,089 - gleitzeit.orchestrator.component_orchestrator - ERROR - [api-0:stderr] 2025-11-04 16:52:58,089 - api.api-0 - ERROR - Cannot start API: Port 8000 is already in use. Either stop the existing service or use --api-port to specify a different port.
[2025-11-04 16:52:58] [STDERR] 2025-11-04 16:52:58,090 - gleitzeit.orchestrator.component_orchestrator - ERROR - [api-0:stderr] 2025-11-04 16:52:58,089 - __main__ - ERROR - Worker failed: Cannot start API: Port 8000 is already in use. Either stop the existing service or use --api-port to specify a different port.
[2025-11-04 16:52:58] [STDERR] 2025-11-04 16:52:58,090 - gleitzeit.orchestrator.component_orchestrator - ERROR - [ui-0:stderr] 2025-11-04 16:52:58,089 - __main__ - ERROR - Worker failed: Cannot start UI: Port 8004 is already in use. Either stop the existing service or use --ui-port to specify a different port.
[2025-11-04 16:52:58] [STDERR] 2025-11-04 16:52:58,090 - gleitzeit.orchestrator.component_orchestrator - INFO - [api-0:stderr] Traceback (most recent call last):
[2025-11-04 16:52:58] [STDERR] 2025-11-04 16:52:58,090 - gleitzeit.orchestrator.component_orchestrator - INFO - [ui-0:stderr] Traceback (most recent call last):
[2025-11-04 16:52:58] [STDERR] 2025-11-04 16:52:58,090 - gleitzeit.orchestrator.component_orchestrator - INFO - [api-0:stderr] File "/Users/leifmarkthaler/github/gleitzeit 0.0.7/src/gleitzeit/workers/runner.py", line 116, in run_worker
[2025-11-04 16:52:58] [STDERR] 2025-11-04 16:52:58,090 - gleitzeit.orchestrator.component_orchestrator - INFO - [ui-0:stderr] File "/Users/leifmarkthaler/github/gleitzeit 0.0.7/src/gleitzeit/workers/runner.py", line 116, in run_worker
[2025-11-04 16:52:58] [STDERR] 2025-11-04 16:52:58,090 - gleitzeit.orchestrator.component_orchestrator - INFO - [api-0:stderr] await worker.initialize()
[2025-11-04 16:52:58] [STDERR] 2025-11-04 16:52:58,090 - gleitzeit.orchestrator.component_orchestrator - INFO - [ui-0:stderr] await worker.initialize()
[2025-11-04 16:52:58] [STDERR] 2025-11-04 16:52:58,090 - gleitzeit.orchestrator.component_orchestrator - INFO - [api-0:stderr] File "/Users/leifmarkthaler/github/gleitzeit 0.0.7/src/gleitzeit/workers/base.py", line 113, in initialize
[2025-11-04 16:52:58] [STDERR] 2025-11-04 16:52:58,090 - gleitzeit.orchestrator.component_orchestrator - INFO - [ui-0:stderr] File "/Users/leifmarkthaler/github/gleitzeit 0.0.7/src/gleitzeit/workers/base.py", line 113, in initialize
[2025-11-04 16:52:58] [STDERR] 2025-11-04 16:52:58,090 - gleitzeit.orchestrator.component_orchestrator - INFO - [api-0:stderr] await self.on_initialize()
[2025-11-04 16:52:58] [STDERR] 2025-11-04 16:52:58,090 - gleitzeit.orchestrator.component_orchestrator - INFO - [ui-0:stderr] await self.on_initialize()
[2025-11-04 16:52:58] [STDERR] 2025-11-04 16:52:58,090 - gleitzeit.orchestrator.component_orchestrator - INFO - [api-0:stderr] File "/Users/leifmarkthaler/github/gleitzeit 0.0.7/src/gleitzeit/workers/api_worker.py", line 45, in on_initialize
[2025-11-04 16:52:58] [STDERR] 2025-11-04 16:52:58,090 - gleitzeit.orchestrator.component_orchestrator - INFO - [ui-0:stderr] File "/Users/leifmarkthaler/github/gleitzeit 0.0.7/src/gleitzeit/workers/ui_worker.py", line 46, in on_initialize
[2025-11-04 16:52:58] [STDERR] 2025-11-04 16:52:58,090 - gleitzeit.orchestrator.component_orchestrator - INFO - [api-0:stderr] raise RuntimeError(error_msg)
[2025-11-04 16:52:58] [STDERR] 2025-11-04 16:52:58,090 - gleitzeit.orchestrator.component_orchestrator - INFO - [ui-0:stderr] raise RuntimeError(error_msg)
[2025-11-04 16:52:58] [STDERR] 2025-11-04 16:52:58,091 - gleitzeit.orchestrator.component_orchestrator - INFO - [api-0:stderr] RuntimeError: Cannot start API: Port 8000 is already in use. Either stop the existing service or use --api-port to specify a different port.
[2025-11-04 16:52:58] [STDERR] 2025-11-04 16:52:58,091 - gleitzeit.orchestrator.component_orchestrator - INFO - [ui-0:stderr] RuntimeError: Cannot start UI: Port 8004 is already in use. Either stop the existing service or use --ui-port to specify a different port.
[2025-11-04 16:53:03] [STDERR] 2025-11-04 16:53:03,683 - gleitzeit.orchestrator.component_orchestrator - INFO - [signal-0:stderr] 2025-11-04 16:53:03,683 - gleitzeit.workers.signal_worker - INFO - Signal processing loop iteration 4380
[2025-11-04 16:53:13] [STDERR] 2025-11-04 16:53:13,752 - gleitzeit.orchestrator.component_orchestrator - INFO - [signal-0:stderr] 2025-11-04 16:53:13,752 - gleitzeit.workers.signal_worker - INFO - Signal processing loop iteration 4400
[2025-11-04 16:53:23] [STDERR] 2025-11-04 16:53:23,777 - gleitzeit.orchestrator.component_orchestrator - INFO - [signal-0:stderr] 2025-11-04 16:53:23,776 - gleitzeit.workers.signal_worker - INFO - Signal processing loop iteration 4420
[2025-11-04 16:53:33] [STDERR] 2025-11-04 16:53:33,795 - gleitzeit.orchestrator.component_orchestrator - INFO - [signal-0:stderr] 2025-11-04 16:53:33,795 - gleitzeit.workers.signal_worker - INFO - Signal processing loop iteration 4440
[2025-11-04 16:53:37] [STDERR] 2025-11-04 16:53:37,910 - gleitzeit.orchestrator.component_orchestrator - WARNING - Worker api-0 unhealthy, restarting
[2025-11-04 16:53:37] [STDERR] 2025-11-04 16:53:37,910 - gleitzeit.orchestrator.component_orchestrator - INFO - Restarting worker api-0
[2025-11-04 16:53:37] [STDERR] 2025-11-04 16:53:37,910 - gleitzeit.orchestrator.component_orchestrator - INFO - Stopping worker api-0
[2025-11-04 16:53:37] [STDERR] 2025-11-04 16:53:37,911 - gleitzeit.orchestrator.component_orchestrator - INFO - Starting worker api-0 with shards [0, 1, 2, 3, 4, 5, 6, 7, 8, 9, 10, 11, 12, 13, 14, 15]
[2025-11-04 16:53:37] [STDERR] 2025-11-04 16:53:37,911 - gleitzeit.orchestrator.component_orchestrator - INFO - Stored config for api-0 at key: worker:config:api-0:817ae670
[2025-11-04 16:53:37] [STDERR] 2025-11-04 16:53:37,916 - gleitzeit.orchestrator.component_orchestrator - WARNING - Worker ui-0 unhealthy, restarting
[2025-11-04 16:53:37] [STDERR] 2025-11-04 16:53:37,916 - gleitzeit.orchestrator.component_orchestrator - INFO - Restarting worker ui-0
[2025-11-04 16:53:37] [STDERR] 2025-11-04 16:53:37,916 - gleitzeit.orchestrator.component_orchestrator - INFO - Stopping worker ui-0
[2025-11-04 16:53:37] [STDERR] 2025-11-04 16:53:37,916 - gleitzeit.orchestrator.component_orchestrator - INFO - Starting worker ui-0 with shards [0, 1, 2, 3, 4, 5, 6, 7, 8, 9, 10, 11, 12, 13, 14, 15]
[2025-11-04 16:53:37] [STDERR] 2025-11-04 16:53:37,917 - gleitzeit.orchestrator.component_orchestrator - INFO - Stored config for ui-0 at key: worker:config:ui-0:74b3ef65
[2025-11-04 16:53:38] [STDERR] 2025-11-04 16:53:38,141 - gleitzeit.orchestrator.component_orchestrator - INFO - [ui-0:stderr] 2025-11-04 16:53:38,141 - __main__ - INFO - Initialized worker instance identity: gleitzei-529d6f54
[2025-11-04 16:53:38] [STDERR] 2025-11-04 16:53:38,141 - gleitzeit.orchestrator.component_orchestrator - INFO - [api-0:stderr] 2025-11-04 16:53:38,141 - __main__ - INFO - Initialized worker instance identity: gleitzei-529d6f54
[2025-11-04 16:53:38] [STDERR] 2025-11-04 16:53:38,141 - gleitzeit.orchestrator.component_orchestrator - INFO - [ui-0:stderr] 2025-11-04 16:53:38,141 - __main__ - INFO - Loading configuration from Redis key: worker:config:ui-0:74b3ef65
[2025-11-04 16:53:38] [STDERR] 2025-11-04 16:53:38,142 - gleitzeit.orchestrator.component_orchestrator - INFO - [api-0:stderr] 2025-11-04 16:53:38,141 - __main__ - INFO - Loading configuration from Redis key: worker:config:api-0:817ae670
[2025-11-04 16:53:38] [STDERR] 2025-11-04 16:53:38,144 - gleitzeit.orchestrator.component_orchestrator - INFO - [ui-0:stderr] 2025-11-04 16:53:38,143 - __main__ - INFO - Loaded config for worker ui-0
[2025-11-04 16:53:38] [STDERR] 2025-11-04 16:53:38,144 - gleitzeit.orchestrator.component_orchestrator - INFO - [api-0:stderr] 2025-11-04 16:53:38,143 - __main__ - INFO - Loaded config for worker api-0
[2025-11-04 16:53:38] [STDERR] 2025-11-04 16:53:38,161 - gleitzeit.orchestrator.component_orchestrator - INFO - [api-0:stderr] 2025-11-04 16:53:38,161 - __main__ - INFO - Worker api-0 handler configs: ['python/v1', 'ollama/v1', 'http/v1', 'file/v1', 'timer/v1', 'signal/v1', 'workflow/v1']
[2025-11-04 16:53:38] [STDERR] 2025-11-04 16:53:38,161 - gleitzeit.orchestrator.component_orchestrator - INFO - [ui-0:stderr] 2025-11-04 16:53:38,161 - __main__ - INFO - Worker ui-0 handler configs: ['python/v1', 'ollama/v1', 'http/v1', 'file/v1', 'timer/v1', 'signal/v1', 'workflow/v1']
[2025-11-04 16:53:38] [STDERR] 2025-11-04 16:53:38,161 - gleitzeit.orchestrator.component_orchestrator - INFO - [ui-0:stderr] 2025-11-04 16:53:38,161 - gleitzeit.core.redis_cluster - INFO - Redis single instance initialized at localhost:6379
[2025-11-04 16:53:38] [STDERR] 2025-11-04 16:53:38,161 - gleitzeit.orchestrator.component_orchestrator - INFO - [api-0:stderr] 2025-11-04 16:53:38,161 - gleitzeit.core.redis_cluster - INFO - Redis single instance initialized at localhost:6379
[2025-11-04 16:53:38] [STDERR] 2025-11-04 16:53:38,161 - gleitzeit.orchestrator.component_orchestrator - ERROR - [ui-0:stderr] 2025-11-04 16:53:38,161 - ui.ui-0 - ERROR - Cannot start UI: Port 8004 is already in use. Either stop the existing service or use --ui-port to specify a different port.
[2025-11-04 16:53:38] [STDERR] 2025-11-04 16:53:38,161 - gleitzeit.orchestrator.component_orchestrator - ERROR - [api-0:stderr] 2025-11-04 16:53:38,161 - api.api-0 - ERROR - Cannot start API: Port 8000 is already in use. Either stop the existing service or use --api-port to specify a different port.
[2025-11-04 16:53:38] [STDERR] 2025-11-04 16:53:38,162 - gleitzeit.orchestrator.component_orchestrator - ERROR - [api-0:stderr] 2025-11-04 16:53:38,161 - __main__ - ERROR - Worker failed: Cannot start API: Port 8000 is already in use. Either stop the existing service or use --api-port to specify a different port.
[2025-11-04 16:53:38] [STDERR] 2025-11-04 16:53:38,162 - gleitzeit.orchestrator.component_orchestrator - INFO - [api-0:stderr] Traceback (most recent call last):
[2025-11-04 16:53:38] [STDERR] 2025-11-04 16:53:38,162 - gleitzeit.orchestrator.component_orchestrator - INFO - [api-0:stderr] File "/Users/leifmarkthaler/github/gleitzeit 0.0.7/src/gleitzeit/workers/runner.py", line 116, in run_worker
[2025-11-04 16:53:38] [STDERR] 2025-11-04 16:53:38,163 - gleitzeit.orchestrator.component_orchestrator - INFO - [api-0:stderr] await worker.initialize()
[2025-11-04 16:53:38] [STDERR] 2025-11-04 16:53:38,163 - gleitzeit.orchestrator.component_orchestrator - ERROR - [ui-0:stderr] 2025-11-04 16:53:38,161 - __main__ - ERROR - Worker failed: Cannot start UI: Port 8004 is already in use. Either stop the existing service or use --ui-port to specify a different port.
[2025-11-04 16:53:38] [STDERR] 2025-11-04 16:53:38,163 - gleitzeit.orchestrator.component_orchestrator - INFO - [api-0:stderr] File "/Users/leifmarkthaler/github/gleitzeit 0.0.7/src/gleitzeit/workers/base.py", line 113, in initialize
[2025-11-04 16:53:38] [STDERR] 2025-11-04 16:53:38,163 - gleitzeit.orchestrator.component_orchestrator - INFO - [ui-0:stderr] Traceback (most recent call last):
[2025-11-04 16:53:38] [STDERR] 2025-11-04 16:53:38,163 - gleitzeit.orchestrator.component_orchestrator - INFO - [api-0:stderr] await self.on_initialize()
[2025-11-04 16:53:38] [STDERR] 2025-11-04 16:53:38,163 - gleitzeit.orchestrator.component_orchestrator - INFO - [ui-0:stderr] File "/Users/leifmarkthaler/github/gleitzeit 0.0.7/src/gleitzeit/workers/runner.py", line 116, in run_worker
[2025-11-04 16:53:38] [STDERR] 2025-11-04 16:53:38,163 - gleitzeit.orchestrator.component_orchestrator - INFO - [api-0:stderr] File "/Users/leifmarkthaler/github/gleitzeit 0.0.7/src/gleitzeit/workers/api_worker.py", line 45, in on_initialize
[2025-11-04 16:53:38] [STDERR] 2025-11-04 16:53:38,163 - gleitzeit.orchestrator.component_orchestrator - INFO - [ui-0:stderr] await worker.initialize()
[2025-11-04 16:53:38] [STDERR] 2025-11-04 16:53:38,163 - gleitzeit.orchestrator.component_orchestrator - INFO - [api-0:stderr] raise RuntimeError(error_msg)
[2025-11-04 16:53:38] [STDERR] 2025-11-04 16:53:38,163 - gleitzeit.orchestrator.component_orchestrator - INFO - [ui-0:stderr] File "/Users/leifmarkthaler/github/gleitzeit 0.0.7/src/gleitzeit/workers/base.py", line 113, in initialize
[2025-11-04 16:53:38] [STDERR] 2025-11-04 16:53:38,163 - gleitzeit.orchestrator.component_orchestrator - INFO - [api-0:stderr] RuntimeError: Cannot start API: Port 8000 is already in use. Either stop the existing service or use --api-port to specify a different port.
[2025-11-04 16:53:38] [STDERR] 2025-11-04 16:53:38,163 - gleitzeit.orchestrator.component_orchestrator - INFO - [ui-0:stderr] await self.on_initialize()
[2025-11-04 16:53:38] [STDERR] 2025-11-04 16:53:38,163 - gleitzeit.orchestrator.component_orchestrator - INFO - [ui-0:stderr] File "/Users/leifmarkthaler/github/gleitzeit 0.0.7/src/gleitzeit/workers/ui_worker.py", line 46, in on_initialize
[2025-11-04 16:53:38] [STDERR] 2025-11-04 16:53:38,164 - gleitzeit.orchestrator.component_orchestrator - INFO - [ui-0:stderr] raise RuntimeError(error_msg)
[2025-11-04 16:53:38] [STDERR] 2025-11-04 16:53:38,164 - gleitzeit.orchestrator.component_orchestrator - INFO - [ui-0:stderr] RuntimeError: Cannot start UI: Port 8004 is already in use. Either stop the existing service or use --ui-port to specify a different port.
[2025-11-04 16:53:43] [STDERR] 2025-11-04 16:53:43,857 - gleitzeit.orchestrator.component_orchestrator - INFO - [signal-0:stderr] 2025-11-04 16:53:43,857 - gleitzeit.workers.signal_worker - INFO - Signal processing loop iteration 4460
[2025-11-04 16:53:53] [STDERR] 2025-11-04 16:53:53,876 - gleitzeit.orchestrator.component_orchestrator - INFO - [signal-0:stderr] 2025-11-04 16:53:53,876 - gleitzeit.workers.signal_worker - INFO - Signal processing loop iteration 4480
[2025-11-04 16:54:03] [STDERR] 2025-11-04 16:54:03,897 - gleitzeit.orchestrator.component_orchestrator - INFO - [signal-0:stderr] 2025-11-04 16:54:03,896 - gleitzeit.workers.signal_worker - INFO - Signal processing loop iteration 4500
[2025-11-04 16:54:13] [STDERR] 2025-11-04 16:54:13,961 - gleitzeit.orchestrator.component_orchestrator - INFO - [signal-0:stderr] 2025-11-04 16:54:13,961 - gleitzeit.workers.signal_worker - INFO - Signal processing loop iteration 4520
[2025-11-04 16:54:17] [STDERR] 2025-11-04 16:54:17,932 - gleitzeit.orchestrator.component_orchestrator - WARNING - Worker api-0 unhealthy, restarting
[2025-11-04 16:54:17] [STDERR] 2025-11-04 16:54:17,933 - gleitzeit.orchestrator.component_orchestrator - INFO - Restarting worker api-0
[2025-11-04 16:54:17] [STDERR] 2025-11-04 16:54:17,933 - gleitzeit.orchestrator.component_orchestrator - INFO - Stopping worker api-0
[2025-11-04 16:54:17] [STDERR] 2025-11-04 16:54:17,933 - gleitzeit.orchestrator.component_orchestrator - INFO - Starting worker api-0 with shards [0, 1, 2, 3, 4, 5, 6, 7, 8, 9, 10, 11, 12, 13, 14, 15]
[2025-11-04 16:54:17] [STDERR] 2025-11-04 16:54:17,933 - gleitzeit.orchestrator.component_orchestrator - INFO - Stored config for api-0 at key: worker:config:api-0:8d408d55
[2025-11-04 16:54:17] [STDERR] 2025-11-04 16:54:17,935 - gleitzeit.orchestrator.component_orchestrator - WARNING - Worker ui-0 unhealthy, restarting
[2025-11-04 16:54:17] [STDERR] 2025-11-04 16:54:17,936 - gleitzeit.orchestrator.component_orchestrator - INFO - Restarting worker ui-0
[2025-11-04 16:54:17] [STDERR] 2025-11-04 16:54:17,936 - gleitzeit.orchestrator.component_orchestrator - INFO - Stopping worker ui-0
[2025-11-04 16:54:17] [STDERR] 2025-11-04 16:54:17,936 - gleitzeit.orchestrator.component_orchestrator - INFO - Starting worker ui-0 with shards [0, 1, 2, 3, 4, 5, 6, 7, 8, 9, 10, 11, 12, 13, 14, 15]
[2025-11-04 16:54:17] [STDERR] 2025-11-04 16:54:17,936 - gleitzeit.orchestrator.component_orchestrator - INFO - Stored config for ui-0 at key: worker:config:ui-0:4b22bd70
[2025-11-04 16:54:18] [STDERR] 2025-11-04 16:54:18,158 - gleitzeit.orchestrator.component_orchestrator - INFO - [ui-0:stderr] 2025-11-04 16:54:18,158 - __main__ - INFO - Initialized worker instance identity: gleitzei-529d6f54
[2025-11-04 16:54:18] [STDERR] 2025-11-04 16:54:18,158 - gleitzeit.orchestrator.component_orchestrator - INFO - [api-0:stderr] 2025-11-04 16:54:18,158 - __main__ - INFO - Initialized worker instance identity: gleitzei-529d6f54
[2025-11-04 16:54:18] [STDERR] 2025-11-04 16:54:18,158 - gleitzeit.orchestrator.component_orchestrator - INFO - [ui-0:stderr] 2025-11-04 16:54:18,158 - __main__ - INFO - Loading configuration from Redis key: worker:config:ui-0:4b22bd70
[2025-11-04 16:54:18] [STDERR] 2025-11-04 16:54:18,158 - gleitzeit.orchestrator.component_orchestrator - INFO - [api-0:stderr] 2025-11-04 16:54:18,158 - __main__ - INFO - Loading configuration from Redis key: worker:config:api-0:8d408d55
[2025-11-04 16:54:18] [STDERR] 2025-11-04 16:54:18,160 - gleitzeit.orchestrator.component_orchestrator - INFO - [api-0:stderr] 2025-11-04 16:54:18,160 - __main__ - INFO - Loaded config for worker api-0
[2025-11-04 16:54:18] [STDERR] 2025-11-04 16:54:18,160 - gleitzeit.orchestrator.component_orchestrator - INFO - [ui-0:stderr] 2025-11-04 16:54:18,160 - __main__ - INFO - Loaded config for worker ui-0
[2025-11-04 16:54:18] [STDERR] 2025-11-04 16:54:18,178 - gleitzeit.orchestrator.component_orchestrator - INFO - [api-0:stderr] 2025-11-04 16:54:18,178 - __main__ - INFO - Worker api-0 handler configs: ['python/v1', 'ollama/v1', 'http/v1', 'file/v1', 'timer/v1', 'signal/v1', 'workflow/v1']
[2025-11-04 16:54:18] [STDERR] 2025-11-04 16:54:18,178 - gleitzeit.orchestrator.component_orchestrator - INFO - [ui-0:stderr] 2025-11-04 16:54:18,178 - __main__ - INFO - Worker ui-0 handler configs: ['python/v1', 'ollama/v1', 'http/v1', 'file/v1', 'timer/v1', 'signal/v1', 'workflow/v1']
[2025-11-04 16:54:18] [STDERR] 2025-11-04 16:54:18,178 - gleitzeit.orchestrator.component_orchestrator - INFO - [api-0:stderr] 2025-11-04 16:54:18,178 - gleitzeit.core.redis_cluster - INFO - Redis single instance initialized at localhost:6379
[2025-11-04 16:54:18] [STDERR] 2025-11-04 16:54:18,178 - gleitzeit.orchestrator.component_orchestrator - INFO - [ui-0:stderr] 2025-11-04 16:54:18,178 - gleitzeit.core.redis_cluster - INFO - Redis single instance initialized at localhost:6379
[2025-11-04 16:54:18] [STDERR] 2025-11-04 16:54:18,178 - gleitzeit.orchestrator.component_orchestrator - ERROR - [api-0:stderr] 2025-11-04 16:54:18,178 - api.api-0 - ERROR - Cannot start API: Port 8000 is already in use. Either stop the existing service or use --api-port to specify a different port.
[2025-11-04 16:54:18] [STDERR] 2025-11-04 16:54:18,178 - gleitzeit.orchestrator.component_orchestrator - ERROR - [ui-0:stderr] 2025-11-04 16:54:18,178 - ui.ui-0 - ERROR - Cannot start UI: Port 8004 is already in use. Either stop the existing service or use --ui-port to specify a different port.
[2025-11-04 16:54:18] [STDERR] 2025-11-04 16:54:18,179 - gleitzeit.orchestrator.component_orchestrator - ERROR - [api-0:stderr] 2025-11-04 16:54:18,178 - __main__ - ERROR - Worker failed: Cannot start API: Port 8000 is already in use. Either stop the existing service or use --api-port to specify a different port.
[2025-11-04 16:54:18] [STDERR] 2025-11-04 16:54:18,179 - gleitzeit.orchestrator.component_orchestrator - INFO - [api-0:stderr] Traceback (most recent call last):
[2025-11-04 16:54:18] [STDERR] 2025-11-04 16:54:18,179 - gleitzeit.orchestrator.component_orchestrator - INFO - [api-0:stderr] File "/Users/leifmarkthaler/github/gleitzeit 0.0.7/src/gleitzeit/workers/runner.py", line 116, in run_worker
[2025-11-04 16:54:18] [STDERR] 2025-11-04 16:54:18,179 - gleitzeit.orchestrator.component_orchestrator - INFO - [api-0:stderr] await worker.initialize()
[2025-11-04 16:54:18] [STDERR] 2025-11-04 16:54:18,180 - gleitzeit.orchestrator.component_orchestrator - ERROR - [ui-0:stderr] 2025-11-04 16:54:18,178 - __main__ - ERROR - Worker failed: Cannot start UI: Port 8004 is already in use. Either stop the existing service or use --ui-port to specify a different port.
[2025-11-04 16:54:18] [STDERR] 2025-11-04 16:54:18,180 - gleitzeit.orchestrator.component_orchestrator - INFO - [api-0:stderr] File "/Users/leifmarkthaler/github/gleitzeit 0.0.7/src/gleitzeit/workers/base.py", line 113, in initialize
[2025-11-04 16:54:18] [STDERR] 2025-11-04 16:54:18,180 - gleitzeit.orchestrator.component_orchestrator - INFO - [ui-0:stderr] Traceback (most recent call last):
[2025-11-04 16:54:18] [STDERR] 2025-11-04 16:54:18,180 - gleitzeit.orchestrator.component_orchestrator - INFO - [api-0:stderr] await self.on_initialize()
[2025-11-04 16:54:18] [STDERR] 2025-11-04 16:54:18,180 - gleitzeit.orchestrator.component_orchestrator - INFO - [ui-0:stderr] File "/Users/leifmarkthaler/github/gleitzeit 0.0.7/src/gleitzeit/workers/runner.py", line 116, in run_worker
[2025-11-04 16:54:18] [STDERR] 2025-11-04 16:54:18,180 - gleitzeit.orchestrator.component_orchestrator - INFO - [api-0:stderr] File "/Users/leifmarkthaler/github/gleitzeit 0.0.7/src/gleitzeit/workers/api_worker.py", line 45, in on_initialize
[2025-11-04 16:54:18] [STDERR] 2025-11-04 16:54:18,180 - gleitzeit.orchestrator.component_orchestrator - INFO - [ui-0:stderr] await worker.initialize()
[2025-11-04 16:54:18] [STDERR] 2025-11-04 16:54:18,180 - gleitzeit.orchestrator.component_orchestrator - INFO - [api-0:stderr] raise RuntimeError(error_msg)
[2025-11-04 16:54:18] [STDERR] 2025-11-04 16:54:18,180 - gleitzeit.orchestrator.component_orchestrator - INFO - [ui-0:stderr] File "/Users/leifmarkthaler/github/gleitzeit 0.0.7/src/gleitzeit/workers/base.py", line 113, in initialize
[2025-11-04 16:54:18] [STDERR] 2025-11-04 16:54:18,180 - gleitzeit.orchestrator.component_orchestrator - INFO - [api-0:stderr] RuntimeError: Cannot start API: Port 8000 is already in use. Either stop the existing service or use --api-port to specify a different port.
[2025-11-04 16:54:18] [STDERR] 2025-11-04 16:54:18,180 - gleitzeit.orchestrator.component_orchestrator - INFO - [ui-0:stderr] await self.on_initialize()
[2025-11-04 16:54:18] [STDERR] 2025-11-04 16:54:18,180 - gleitzeit.orchestrator.component_orchestrator - INFO - [ui-0:stderr] File "/Users/leifmarkthaler/github/gleitzeit 0.0.7/src/gleitzeit/workers/ui_worker.py", line 46, in on_initialize
[2025-11-04 16:54:18] [STDERR] 2025-11-04 16:54:18,180 - gleitzeit.orchestrator.component_orchestrator - INFO - [ui-0:stderr] raise RuntimeError(error_msg)
[2025-11-04 16:54:18] [STDERR] 2025-11-04 16:54:18,180 - gleitzeit.orchestrator.component_orchestrator - INFO - [ui-0:stderr] RuntimeError: Cannot start UI: Port 8004 is already in use. Either stop the existing service or use --ui-port to specify a different port.
[2025-11-04 16:54:23] [STDERR] 2025-11-04 16:54:23,982 - gleitzeit.orchestrator.component_orchestrator - INFO - [signal-0:stderr] 2025-11-04 16:54:23,982 - gleitzeit.workers.signal_worker - INFO - Signal processing loop iteration 4540
[2025-11-04 16:54:34] [STDERR] 2025-11-04 16:54:34,005 - gleitzeit.orchestrator.component_orchestrator - INFO - [signal-0:stderr] 2025-11-04 16:54:34,005 - gleitzeit.workers.signal_worker - INFO - Signal processing loop iteration 4560
[2025-11-04 16:54:44] [STDERR] 2025-11-04 16:54:44,068 - gleitzeit.orchestrator.component_orchestrator - INFO - [signal-0:stderr] 2025-11-04 16:54:44,067 - gleitzeit.workers.signal_worker - INFO - Signal processing loop iteration 4580
[2025-11-04 16:54:54] [STDERR] 2025-11-04 16:54:54,087 - gleitzeit.orchestrator.component_orchestrator - INFO - [signal-0:stderr] 2025-11-04 16:54:54,087 - gleitzeit.workers.signal_worker - INFO - Signal processing loop iteration 4600
[2025-11-04 16:54:57] [STDERR] 2025-11-04 16:54:57,949 - gleitzeit.orchestrator.component_orchestrator - WARNING - Worker api-0 unhealthy, restarting
[2025-11-04 16:54:57] [STDERR] 2025-11-04 16:54:57,949 - gleitzeit.orchestrator.component_orchestrator - INFO - Restarting worker api-0
[2025-11-04 16:54:57] [STDERR] 2025-11-04 16:54:57,949 - gleitzeit.orchestrator.component_orchestrator - INFO - Stopping worker api-0
[2025-11-04 16:54:57] [STDERR] 2025-11-04 16:54:57,949 - gleitzeit.orchestrator.component_orchestrator - INFO - Starting worker api-0 with shards [0, 1, 2, 3, 4, 5, 6, 7, 8, 9, 10, 11, 12, 13, 14, 15]
[2025-11-04 16:54:57] [STDERR] 2025-11-04 16:54:57,949 - gleitzeit.orchestrator.component_orchestrator - INFO - Stored config for api-0 at key: worker:config:api-0:b78b7ee5
[2025-11-04 16:54:57] [STDERR] 2025-11-04 16:54:57,952 - gleitzeit.orchestrator.component_orchestrator - WARNING - Worker ui-0 unhealthy, restarting
[2025-11-04 16:54:57] [STDERR] 2025-11-04 16:54:57,952 - gleitzeit.orchestrator.component_orchestrator - INFO - Restarting worker ui-0
[2025-11-04 16:54:57] [STDERR] 2025-11-04 16:54:57,952 - gleitzeit.orchestrator.component_orchestrator - INFO - Stopping worker ui-0
[2025-11-04 16:54:57] [STDERR] 2025-11-04 16:54:57,952 - gleitzeit.orchestrator.component_orchestrator - INFO - Starting worker ui-0 with shards [0, 1, 2, 3, 4, 5, 6, 7, 8, 9, 10, 11, 12, 13, 14, 15]
[2025-11-04 16:54:57] [STDERR] 2025-11-04 16:54:57,953 - gleitzeit.orchestrator.component_orchestrator - INFO - Stored config for ui-0 at key: worker:config:ui-0:d522d97d
[2025-11-04 16:54:58] [STDERR] 2025-11-04 16:54:58,216 - gleitzeit.orchestrator.component_orchestrator - INFO - [api-0:stderr] 2025-11-04 16:54:58,215 - __main__ - INFO - Initialized worker instance identity: gleitzei-529d6f54
[2025-11-04 16:54:58] [STDERR] 2025-11-04 16:54:58,216 - gleitzeit.orchestrator.component_orchestrator - INFO - [ui-0:stderr] 2025-11-04 16:54:58,215 - __main__ - INFO - Initialized worker instance identity: gleitzei-529d6f54
[2025-11-04 16:54:58] [STDERR] 2025-11-04 16:54:58,216 - gleitzeit.orchestrator.component_orchestrator - INFO - [api-0:stderr] 2025-11-04 16:54:58,216 - __main__ - INFO - Loading configuration from Redis key: worker:config:api-0:b78b7ee5
[2025-11-04 16:54:58] [STDERR] 2025-11-04 16:54:58,216 - gleitzeit.orchestrator.component_orchestrator - INFO - [ui-0:stderr] 2025-11-04 16:54:58,216 - __main__ - INFO - Loading configuration from Redis key: worker:config:ui-0:d522d97d
[2025-11-04 16:54:58] [STDERR] 2025-11-04 16:54:58,218 - gleitzeit.orchestrator.component_orchestrator - INFO - [ui-0:stderr] 2025-11-04 16:54:58,218 - __main__ - INFO - Loaded config for worker ui-0
[2025-11-04 16:54:58] [STDERR] 2025-11-04 16:54:58,218 - gleitzeit.orchestrator.component_orchestrator - INFO - [api-0:stderr] 2025-11-04 16:54:58,218 - __main__ - INFO - Loaded config for worker api-0
[2025-11-04 16:54:58] [STDERR] 2025-11-04 16:54:58,239 - gleitzeit.orchestrator.component_orchestrator - INFO - [ui-0:stderr] 2025-11-04 16:54:58,239 - __main__ - INFO - Worker ui-0 handler configs: ['python/v1', 'ollama/v1', 'http/v1', 'file/v1', 'timer/v1', 'signal/v1', 'workflow/v1']
[2025-11-04 16:54:58] [STDERR] 2025-11-04 16:54:58,239 - gleitzeit.orchestrator.component_orchestrator - INFO - [api-0:stderr] 2025-11-04 16:54:58,239 - __main__ - INFO - Worker api-0 handler configs: ['python/v1', 'ollama/v1', 'http/v1', 'file/v1', 'timer/v1', 'signal/v1', 'workflow/v1']
[2025-11-04 16:54:58] [STDERR] 2025-11-04 16:54:58,239 - gleitzeit.orchestrator.component_orchestrator - INFO - [ui-0:stderr] 2025-11-04 16:54:58,239 - gleitzeit.core.redis_cluster - INFO - Redis single instance initialized at localhost:6379
[2025-11-04 16:54:58] [STDERR] 2025-11-04 16:54:58,239 - gleitzeit.orchestrator.component_orchestrator - INFO - [api-0:stderr] 2025-11-04 16:54:58,239 - gleitzeit.core.redis_cluster - INFO - Redis single instance initialized at localhost:6379
[2025-11-04 16:54:58] [STDERR] 2025-11-04 16:54:58,239 - gleitzeit.orchestrator.component_orchestrator - ERROR - [ui-0:stderr] 2025-11-04 16:54:58,239 - ui.ui-0 - ERROR - Cannot start UI: Port 8004 is already in use. Either stop the existing service or use --ui-port to specify a different port.
[2025-11-04 16:54:58] [STDERR] 2025-11-04 16:54:58,239 - gleitzeit.orchestrator.component_orchestrator - ERROR - [api-0:stderr] 2025-11-04 16:54:58,239 - api.api-0 - ERROR - Cannot start API: Port 8000 is already in use. Either stop the existing service or use --api-port to specify a different port.
[2025-11-04 16:54:58] [STDERR] 2025-11-04 16:54:58,240 - gleitzeit.orchestrator.component_orchestrator - ERROR - [api-0:stderr] 2025-11-04 16:54:58,239 - __main__ - ERROR - Worker failed: Cannot start API: Port 8000 is already in use. Either stop the existing service or use --api-port to specify a different port.
[2025-11-04 16:54:58] [STDERR] 2025-11-04 16:54:58,240 - gleitzeit.orchestrator.component_orchestrator - INFO - [api-0:stderr] Traceback (most recent call last):
[2025-11-04 16:54:58] [STDERR] 2025-11-04 16:54:58,241 - gleitzeit.orchestrator.component_orchestrator - INFO - [api-0:stderr] File "/Users/leifmarkthaler/github/gleitzeit 0.0.7/src/gleitzeit/workers/runner.py", line 116, in run_worker
[2025-11-04 16:54:58] [STDERR] 2025-11-04 16:54:58,241 - gleitzeit.orchestrator.component_orchestrator - INFO - [api-0:stderr] await worker.initialize()
[2025-11-04 16:54:58] [STDERR] 2025-11-04 16:54:58,241 - gleitzeit.orchestrator.component_orchestrator - INFO - [api-0:stderr] File "/Users/leifmarkthaler/github/gleitzeit 0.0.7/src/gleitzeit/workers/base.py", line 113, in initialize
[2025-11-04 16:54:58] [STDERR] 2025-11-04 16:54:58,241 - gleitzeit.orchestrator.component_orchestrator - ERROR - [ui-0:stderr] 2025-11-04 16:54:58,239 - __main__ - ERROR - Worker failed: Cannot start UI: Port 8004 is already in use. Either stop the existing service or use --ui-port to specify a different port.
[2025-11-04 16:54:58] [STDERR] 2025-11-04 16:54:58,241 - gleitzeit.orchestrator.component_orchestrator - INFO - [api-0:stderr] await self.on_initialize()
[2025-11-04 16:54:58] [STDERR] 2025-11-04 16:54:58,241 - gleitzeit.orchestrator.component_orchestrator - INFO - [ui-0:stderr] Traceback (most recent call last):
[2025-11-04 16:54:58] [STDERR] 2025-11-04 16:54:58,241 - gleitzeit.orchestrator.component_orchestrator - INFO - [api-0:stderr] File "/Users/leifmarkthaler/github/gleitzeit 0.0.7/src/gleitzeit/workers/api_worker.py", line 45, in on_initialize
[2025-11-04 16:54:58] [STDERR] 2025-11-04 16:54:58,241 - gleitzeit.orchestrator.component_orchestrator - INFO - [ui-0:stderr] File "/Users/leifmarkthaler/github/gleitzeit 0.0.7/src/gleitzeit/workers/runner.py", line 116, in run_worker
[2025-11-04 16:54:58] [STDERR] 2025-11-04 16:54:58,241 - gleitzeit.orchestrator.component_orchestrator - INFO - [api-0:stderr] raise RuntimeError(error_msg)
[2025-11-04 16:54:58] [STDERR] 2025-11-04 16:54:58,241 - gleitzeit.orchestrator.component_orchestrator - INFO - [ui-0:stderr] await worker.initialize()
[2025-11-04 16:54:58] [STDERR] 2025-11-04 16:54:58,241 - gleitzeit.orchestrator.component_orchestrator - INFO - [api-0:stderr] RuntimeError: Cannot start API: Port 8000 is already in use. Either stop the existing service or use --api-port to specify a different port.
[2025-11-04 16:54:58] [STDERR] 2025-11-04 16:54:58,241 - gleitzeit.orchestrator.component_orchestrator - INFO - [ui-0:stderr] File "/Users/leifmarkthaler/github/gleitzeit 0.0.7/src/gleitzeit/workers/base.py", line 113, in initialize
[2025-11-04 16:54:58] [STDERR] 2025-11-04 16:54:58,241 - gleitzeit.orchestrator.component_orchestrator - INFO - [ui-0:stderr] await self.on_initialize()
[2025-11-04 16:54:58] [STDERR] 2025-11-04 16:54:58,241 - gleitzeit.orchestrator.component_orchestrator - INFO - [ui-0:stderr] File "/Users/leifmarkthaler/github/gleitzeit 0.0.7/src/gleitzeit/workers/ui_worker.py", line 46, in on_initialize
[2025-11-04 16:54:58] [STDERR] 2025-11-04 16:54:58,241 - gleitzeit.orchestrator.component_orchestrator - INFO - [ui-0:stderr] raise RuntimeError(error_msg)
[2025-11-04 16:54:58] [STDERR] 2025-11-04 16:54:58,241 - gleitzeit.orchestrator.component_orchestrator - INFO - [ui-0:stderr] RuntimeError: Cannot start UI: Port 8004 is already in use. Either stop the existing service or use --ui-port to specify a different port.
[2025-11-04 16:55:04] [STDERR] 2025-11-04 16:55:04,108 - gleitzeit.orchestrator.component_orchestrator - INFO - [signal-0:stderr] 2025-11-04 16:55:04,108 - gleitzeit.workers.signal_worker - INFO - Signal processing loop iteration 4620
[2025-11-04 16:55:14] [STDERR] 2025-11-04 16:55:14,178 - gleitzeit.orchestrator.component_orchestrator - INFO - [signal-0:stderr] 2025-11-04 16:55:14,177 - gleitzeit.workers.signal_worker - INFO - Signal processing loop iteration 4640
[2025-11-04 16:55:24] [STDERR] 2025-11-04 16:55:24,197 - gleitzeit.orchestrator.component_orchestrator - INFO - [signal-0:stderr] 2025-11-04 16:55:24,197 - gleitzeit.workers.signal_worker - INFO - Signal processing loop iteration 4660
[2025-11-04 16:55:34] [STDERR] 2025-11-04 16:55:34,218 - gleitzeit.orchestrator.component_orchestrator - INFO - [signal-0:stderr] 2025-11-04 16:55:34,218 - gleitzeit.workers.signal_worker - INFO - Signal processing loop iteration 4680
[2025-11-04 16:55:37] [STDERR] 2025-11-04 16:55:37,966 - gleitzeit.orchestrator.component_orchestrator - WARNING - Worker api-0 unhealthy, restarting
[2025-11-04 16:55:37] [STDERR] 2025-11-04 16:55:37,966 - gleitzeit.orchestrator.component_orchestrator - INFO - Restarting worker api-0
[2025-11-04 16:55:37] [STDERR] 2025-11-04 16:55:37,966 - gleitzeit.orchestrator.component_orchestrator - INFO - Stopping worker api-0
[2025-11-04 16:55:37] [STDERR] 2025-11-04 16:55:37,967 - gleitzeit.orchestrator.component_orchestrator - INFO - Starting worker api-0 with shards [0, 1, 2, 3, 4, 5, 6, 7, 8, 9, 10, 11, 12, 13, 14, 15]
[2025-11-04 16:55:37] [STDERR] 2025-11-04 16:55:37,967 - gleitzeit.orchestrator.component_orchestrator - INFO - Stored config for api-0 at key: worker:config:api-0:f81159e0
[2025-11-04 16:55:37] [STDERR] 2025-11-04 16:55:37,971 - gleitzeit.orchestrator.component_orchestrator - WARNING - Worker ui-0 unhealthy, restarting
[2025-11-04 16:55:37] [STDERR] 2025-11-04 16:55:37,971 - gleitzeit.orchestrator.component_orchestrator - INFO - Restarting worker ui-0
[2025-11-04 16:55:37] [STDERR] 2025-11-04 16:55:37,971 - gleitzeit.orchestrator.component_orchestrator - INFO - Stopping worker ui-0
[2025-11-04 16:55:37] [STDERR] 2025-11-04 16:55:37,971 - gleitzeit.orchestrator.component_orchestrator - INFO - Starting worker ui-0 with shards [0, 1, 2, 3, 4, 5, 6, 7, 8, 9, 10, 11, 12, 13, 14, 15]
[2025-11-04 16:55:37] [STDERR] 2025-11-04 16:55:37,971 - gleitzeit.orchestrator.component_orchestrator - INFO - Stored config for ui-0 at key: worker:config:ui-0:bea4cc63
[2025-11-04 16:55:38] [STDERR] 2025-11-04 16:55:38,147 - gleitzeit.orchestrator.component_orchestrator - INFO - [api-0:stderr] 2025-11-04 16:55:38,147 - __main__ - INFO - Initialized worker instance identity: gleitzei-529d6f54
[2025-11-04 16:55:38] [STDERR] 2025-11-04 16:55:38,147 - gleitzeit.orchestrator.component_orchestrator - INFO - [ui-0:stderr] 2025-11-04 16:55:38,147 - __main__ - INFO - Initialized worker instance identity: gleitzei-529d6f54
[2025-11-04 16:55:38] [STDERR] 2025-11-04 16:55:38,147 - gleitzeit.orchestrator.component_orchestrator - INFO - [ui-0:stderr] 2025-11-04 16:55:38,147 - __main__ - INFO - Loading configuration from Redis key: worker:config:ui-0:bea4cc63
[2025-11-04 16:55:38] [STDERR] 2025-11-04 16:55:38,147 - gleitzeit.orchestrator.component_orchestrator - INFO - [api-0:stderr] 2025-11-04 16:55:38,147 - __main__ - INFO - Loading configuration from Redis key: worker:config:api-0:f81159e0
[2025-11-04 16:55:38] [STDERR] 2025-11-04 16:55:38,149 - gleitzeit.orchestrator.component_orchestrator - INFO - [ui-0:stderr] 2025-11-04 16:55:38,149 - __main__ - INFO - Loaded config for worker ui-0
[2025-11-04 16:55:38] [STDERR] 2025-11-04 16:55:38,149 - gleitzeit.orchestrator.component_orchestrator - INFO - [api-0:stderr] 2025-11-04 16:55:38,149 - __main__ - INFO - Loaded config for worker api-0
[2025-11-04 16:55:38] [STDERR] 2025-11-04 16:55:38,167 - gleitzeit.orchestrator.component_orchestrator - INFO - [ui-0:stderr] 2025-11-04 16:55:38,167 - __main__ - INFO - Worker ui-0 handler configs: ['python/v1', 'ollama/v1', 'http/v1', 'file/v1', 'timer/v1', 'signal/v1', 'workflow/v1']
[2025-11-04 16:55:38] [STDERR] 2025-11-04 16:55:38,167 - gleitzeit.orchestrator.component_orchestrator - INFO - [api-0:stderr] 2025-11-04 16:55:38,167 - __main__ - INFO - Worker api-0 handler configs: ['python/v1', 'ollama/v1', 'http/v1', 'file/v1', 'timer/v1', 'signal/v1', 'workflow/v1']
[2025-11-04 16:55:38] [STDERR] 2025-11-04 16:55:38,167 - gleitzeit.orchestrator.component_orchestrator - INFO - [api-0:stderr] 2025-11-04 16:55:38,167 - gleitzeit.core.redis_cluster - INFO - Redis single instance initialized at localhost:6379
[2025-11-04 16:55:38] [STDERR] 2025-11-04 16:55:38,167 - gleitzeit.orchestrator.component_orchestrator - INFO - [ui-0:stderr] 2025-11-04 16:55:38,167 - gleitzeit.core.redis_cluster - INFO - Redis single instance initialized at localhost:6379
[2025-11-04 16:55:38] [STDERR] 2025-11-04 16:55:38,167 - gleitzeit.orchestrator.component_orchestrator - ERROR - [ui-0:stderr] 2025-11-04 16:55:38,167 - ui.ui-0 - ERROR - Cannot start UI: Port 8004 is already in use. Either stop the existing service or use --ui-port to specify a different port.
[2025-11-04 16:55:38] [STDERR] 2025-11-04 16:55:38,167 - gleitzeit.orchestrator.component_orchestrator - ERROR - [api-0:stderr] 2025-11-04 16:55:38,167 - api.api-0 - ERROR - Cannot start API: Port 8000 is already in use. Either stop the existing service or use --api-port to specify a different port.
[2025-11-04 16:55:38] [STDERR] 2025-11-04 16:55:38,168 - gleitzeit.orchestrator.component_orchestrator - ERROR - [api-0:stderr] 2025-11-04 16:55:38,167 - __main__ - ERROR - Worker failed: Cannot start API: Port 8000 is already in use. Either stop the existing service or use --api-port to specify a different port.
[2025-11-04 16:55:38] [STDERR] 2025-11-04 16:55:38,168 - gleitzeit.orchestrator.component_orchestrator - INFO - [api-0:stderr] Traceback (most recent call last):
[2025-11-04 16:55:38] [STDERR] 2025-11-04 16:55:38,168 - gleitzeit.orchestrator.component_orchestrator - INFO - [api-0:stderr] File "/Users/leifmarkthaler/github/gleitzeit 0.0.7/src/gleitzeit/workers/runner.py", line 116, in run_worker
[2025-11-04 16:55:38] [STDERR] 2025-11-04 16:55:38,168 - gleitzeit.orchestrator.component_orchestrator - INFO - [api-0:stderr] await worker.initialize()
[2025-11-04 16:55:38] [STDERR] 2025-11-04 16:55:38,168 - gleitzeit.orchestrator.component_orchestrator - ERROR - [ui-0:stderr] 2025-11-04 16:55:38,167 - __main__ - ERROR - Worker failed: Cannot start UI: Port 8004 is already in use. Either stop the existing service or use --ui-port to specify a different port.
[2025-11-04 16:55:38] [STDERR] 2025-11-04 16:55:38,169 - gleitzeit.orchestrator.component_orchestrator - INFO - [api-0:stderr] File "/Users/leifmarkthaler/github/gleitzeit 0.0.7/src/gleitzeit/workers/base.py", line 113, in initialize
[2025-11-04 16:55:38] [STDERR] 2025-11-04 16:55:38,169 - gleitzeit.orchestrator.component_orchestrator - INFO - [ui-0:stderr] Traceback (most recent call last):
[2025-11-04 16:55:38] [STDERR] 2025-11-04 16:55:38,169 - gleitzeit.orchestrator.component_orchestrator - INFO - [api-0:stderr] await self.on_initialize()
[2025-11-04 16:55:38] [STDERR] 2025-11-04 16:55:38,169 - gleitzeit.orchestrator.component_orchestrator - INFO - [ui-0:stderr] File "/Users/leifmarkthaler/github/gleitzeit 0.0.7/src/gleitzeit/workers/runner.py", line 116, in run_worker
[2025-11-04 16:55:38] [STDERR] 2025-11-04 16:55:38,169 - gleitzeit.orchestrator.component_orchestrator - INFO - [api-0:stderr] File "/Users/leifmarkthaler/github/gleitzeit 0.0.7/src/gleitzeit/workers/api_worker.py", line 45, in on_initialize
[2025-11-04 16:55:38] [STDERR] 2025-11-04 16:55:38,169 - gleitzeit.orchestrator.component_orchestrator - INFO - [ui-0:stderr] await worker.initialize()
[2025-11-04 16:55:38] [STDERR] 2025-11-04 16:55:38,169 - gleitzeit.orchestrator.component_orchestrator - INFO - [api-0:stderr] raise RuntimeError(error_msg)
[2025-11-04 16:55:38] [STDERR] 2025-11-04 16:55:38,169 - gleitzeit.orchestrator.component_orchestrator - INFO - [ui-0:stderr] File "/Users/leifmarkthaler/github/gleitzeit 0.0.7/src/gleitzeit/workers/base.py", line 113, in initialize
[2025-11-04 16:55:38] [STDERR] 2025-11-04 16:55:38,169 - gleitzeit.orchestrator.component_orchestrator - INFO - [api-0:stderr] RuntimeError: Cannot start API: Port 8000 is already in use. Either stop the existing service or use --api-port to specify a different port.
[2025-11-04 16:55:38] [STDERR] 2025-11-04 16:55:38,169 - gleitzeit.orchestrator.component_orchestrator - INFO - [ui-0:stderr] await self.on_initialize()
[2025-11-04 16:55:38] [STDERR] 2025-11-04 16:55:38,169 - gleitzeit.orchestrator.component_orchestrator - INFO - [ui-0:stderr] File "/Users/leifmarkthaler/github/gleitzeit 0.0.7/src/gleitzeit/workers/ui_worker.py", line 46, in on_initialize
[2025-11-04 16:55:38] [STDERR] 2025-11-04 16:55:38,169 - gleitzeit.orchestrator.component_orchestrator - INFO - [ui-0:stderr] raise RuntimeError(error_msg)
[2025-11-04 16:55:38] [STDERR] 2025-11-04 16:55:38,169 - gleitzeit.orchestrator.component_orchestrator - INFO - [ui-0:stderr] RuntimeError: Cannot start UI: Port 8004 is already in use. Either stop the existing service or use --ui-port to specify a different port.
[2025-11-04 16:55:44] [STDERR] 2025-11-04 16:55:44,284 - gleitzeit.orchestrator.component_orchestrator - INFO - [signal-0:stderr] 2025-11-04 16:55:44,284 - gleitzeit.workers.signal_worker - INFO - Signal processing loop iteration 4700
[2025-11-04 16:55:54] [STDERR] 2025-11-04 16:55:54,306 - gleitzeit.orchestrator.component_orchestrator - INFO - [signal-0:stderr] 2025-11-04 16:55:54,305 - gleitzeit.workers.signal_worker - INFO - Signal processing loop iteration 4720
