[2025-11-04 18:08:10] [STDERR] 2025-11-04 18:08:10,917 - __main__ - INFO - Initialized worker instance identity: gleitzei-6d0424c7
[2025-11-04 18:08:10] [STDERR] 2025-11-04 18:08:10,917 - __main__ - INFO - Loading configuration from Redis key: worker:config:signal-async:7704ba96
[2025-11-04 18:08:10] [STDERR] 2025-11-04 18:08:10,920 - __main__ - INFO - Loaded config for worker signal-async
[2025-11-04 18:08:10] [STDERR] 2025-11-04 18:08:10,922 - __main__ - INFO - Worker signal-async handler configs: ['python/v1', 'ollama/v1', 'http/v1', 'file/v1', 'timer/v1', 'signal/v1', 'workflow/v1']
[2025-11-04 18:08:10] [STDERR] 2025-11-04 18:08:10,922 - gleitzeit.core.redis_cluster - INFO - Redis single instance initialized at localhost:6379
[2025-11-04 18:08:10] [STDERR] 2025-11-04 18:08:10,922 - gleitzeit.workers.signal_worker - INFO - SignalWorker initialized with atomic leader election and event store
[2025-11-04 18:08:10] [STDERR] 2025-11-04 18:08:10,924 - signal.signal-async - INFO - Worker signal-async initialized with Redis Cluster, shards [0, 1, 2, 3, 4, 5, 6, 7, 8, 9, 10, 11, 12, 13, 14, 15]
[2025-11-04 18:08:10] [STDERR] 2025-11-04 18:08:10,924 - __main__ - INFO - Worker signal-async started successfully
[2025-11-04 18:08:10] [STDERR] 2025-11-04 18:08:10,924 - __main__ - INFO - Handler configurations loaded for: ['python/v1', 'ollama/v1', 'http/v1', 'file/v1', 'timer/v1', 'signal/v1', 'workflow/v1']
[2025-11-04 18:08:10] [STDERR] 2025-11-04 18:08:10,924 - gleitzeit.workers.signal_worker - INFO - Worker signal-async starting with consumer group signal-group
[2025-11-04 18:08:10] [STDERR] 2025-11-04 18:08:10,924 - gleitzeit.workers.signal_worker - INFO - Starting atomic leader election loop for signal-async
[2025-11-04 18:08:10] [STDERR] 2025-11-04 18:08:10,925 - gleitzeit.workers.signal_worker - INFO - Signal processing loop started for signal-async
[2025-11-04 18:08:10] [STDERR] 2025-11-04 18:08:10,925 - gleitzeit.workers.signal_worker - INFO - Signal processing loop iteration 1
[2025-11-04 18:08:10] [STDERR] 2025-11-04 18:08:10,925 - gleitzeit.core.leader_election - INFO - Worker signal-async became leader for {shard:0}:global:signal:leader
[2025-11-04 18:08:10] [STDERR] 2025-11-04 18:08:10,925 - gleitzeit.workers.signal_worker - INFO - Worker signal-async became signal leader
[2025-11-04 18:08:11] [STDERR] 2025-11-04 18:08:11,437 - gleitzeit.workers.signal_worker - INFO - Signal processing loop iteration 2
[2025-11-04 18:08:11] [STDERR] 2025-11-04 18:08:11,470 - gleitzeit.workers.signal_worker - INFO - SignalWorker found 2 signals in global registry
[2025-11-04 18:08:11] [STDERR] 2025-11-04 18:08:11,470 - gleitzeit.workers.signal_worker - INFO - Processing registry entry: workflow=workflow-72d17d06-2a7c-4814-9916-9321dfc74316, signal=workflow-completed
[2025-11-04 18:08:11] [STDERR] 2025-11-04 18:08:11,470 - gleitzeit.workers.signal_worker - INFO - No waiters for signal workflow-completed in workflow workflow-72d17d06-2a7c-4814-9916-9321dfc74316 - keeping in registry
[2025-11-04 18:08:11] [STDERR] 2025-11-04 18:08:11,470 - gleitzeit.workers.signal_worker - INFO - Processing registry entry: workflow=workflow-72d17d06-2a7c-4814-9916-9321dfc74316, signal=processing-complete
[2025-11-04 18:08:11] [STDERR] 2025-11-04 18:08:11,470 - gleitzeit.workers.signal_worker - INFO - No waiters for signal processing-complete in workflow workflow-72d17d06-2a7c-4814-9916-9321dfc74316 - keeping in registry
[2025-11-04 18:08:11] [STDERR] 2025-11-04 18:08:11,972 - gleitzeit.workers.signal_worker - INFO - Signal processing loop iteration 3
[2025-11-04 18:08:11] [STDERR] 2025-11-04 18:08:11,983 - gleitzeit.workers.signal_worker - INFO - SignalWorker found 2 signals in global registry
[2025-11-04 18:08:11] [STDERR] 2025-11-04 18:08:11,983 - gleitzeit.workers.signal_worker - INFO - Processing registry entry: workflow=workflow-72d17d06-2a7c-4814-9916-9321dfc74316, signal=workflow-completed
[2025-11-04 18:08:11] [STDERR] 2025-11-04 18:08:11,983 - gleitzeit.workers.signal_worker - INFO - No waiters for signal workflow-completed in workflow workflow-72d17d06-2a7c-4814-9916-9321dfc74316 - keeping in registry
[2025-11-04 18:08:11] [STDERR] 2025-11-04 18:08:11,983 - gleitzeit.workers.signal_worker - INFO - Processing registry entry: workflow=workflow-72d17d06-2a7c-4814-9916-9321dfc74316, signal=processing-complete
[2025-11-04 18:08:11] [STDERR] 2025-11-04 18:08:11,984 - gleitzeit.workers.signal_worker - INFO - No waiters for signal processing-complete in workflow workflow-72d17d06-2a7c-4814-9916-9321dfc74316 - keeping in registry
[2025-11-04 18:08:12] [STDERR] 2025-11-04 18:08:12,495 - gleitzeit.workers.signal_worker - INFO - SignalWorker found 2 signals in global registry
[2025-11-04 18:08:12] [STDERR] 2025-11-04 18:08:12,495 - gleitzeit.workers.signal_worker - INFO - Processing registry entry: workflow=workflow-72d17d06-2a7c-4814-9916-9321dfc74316, signal=workflow-completed
[2025-11-04 18:08:12] [STDERR] 2025-11-04 18:08:12,495 - gleitzeit.workers.signal_worker - INFO - No waiters for signal workflow-completed in workflow workflow-72d17d06-2a7c-4814-9916-9321dfc74316 - keeping in registry
[2025-11-04 18:08:12] [STDERR] 2025-11-04 18:08:12,495 - gleitzeit.workers.signal_worker - INFO - Processing registry entry: workflow=workflow-72d17d06-2a7c-4814-9916-9321dfc74316, signal=processing-complete
[2025-11-04 18:08:12] [STDERR] 2025-11-04 18:08:12,496 - gleitzeit.workers.signal_worker - INFO - No waiters for signal processing-complete in workflow workflow-72d17d06-2a7c-4814-9916-9321dfc74316 - keeping in registry
[2025-11-04 18:08:13] [STDERR] 2025-11-04 18:08:13,009 - gleitzeit.workers.signal_worker - INFO - SignalWorker found 2 signals in global registry
[2025-11-04 18:08:13] [STDERR] 2025-11-04 18:08:13,009 - gleitzeit.workers.signal_worker - INFO - Processing registry entry: workflow=workflow-72d17d06-2a7c-4814-9916-9321dfc74316, signal=workflow-completed
[2025-11-04 18:08:13] [STDERR] 2025-11-04 18:08:13,009 - gleitzeit.workers.signal_worker - INFO - No waiters for signal workflow-completed in workflow workflow-72d17d06-2a7c-4814-9916-9321dfc74316 - keeping in registry
[2025-11-04 18:08:13] [STDERR] 2025-11-04 18:08:13,009 - gleitzeit.workers.signal_worker - INFO - Processing registry entry: workflow=workflow-72d17d06-2a7c-4814-9916-9321dfc74316, signal=processing-complete
[2025-11-04 18:08:13] [STDERR] 2025-11-04 18:08:13,009 - gleitzeit.workers.signal_worker - INFO - No waiters for signal processing-complete in workflow workflow-72d17d06-2a7c-4814-9916-9321dfc74316 - keeping in registry
[2025-11-04 18:08:13] [STDERR] 2025-11-04 18:08:13,518 - gleitzeit.workers.signal_worker - INFO - SignalWorker found 2 signals in global registry
[2025-11-04 18:08:13] [STDERR] 2025-11-04 18:08:13,518 - gleitzeit.workers.signal_worker - INFO - Processing registry entry: workflow=workflow-72d17d06-2a7c-4814-9916-9321dfc74316, signal=workflow-completed
[2025-11-04 18:08:13] [STDERR] 2025-11-04 18:08:13,518 - gleitzeit.workers.signal_worker - INFO - No waiters for signal workflow-completed in workflow workflow-72d17d06-2a7c-4814-9916-9321dfc74316 - keeping in registry
[2025-11-04 18:08:13] [STDERR] 2025-11-04 18:08:13,518 - gleitzeit.workers.signal_worker - INFO - Processing registry entry: workflow=workflow-72d17d06-2a7c-4814-9916-9321dfc74316, signal=processing-complete
[2025-11-04 18:08:13] [STDERR] 2025-11-04 18:08:13,518 - gleitzeit.workers.signal_worker - INFO - No waiters for signal processing-complete in workflow workflow-72d17d06-2a7c-4814-9916-9321dfc74316 - keeping in registry
[2025-11-04 18:08:14] [STDERR] 2025-11-04 18:08:14,026 - gleitzeit.workers.signal_worker - INFO - SignalWorker found 2 signals in global registry
[2025-11-04 18:08:14] [STDERR] 2025-11-04 18:08:14,026 - gleitzeit.workers.signal_worker - INFO - Processing registry entry: workflow=workflow-72d17d06-2a7c-4814-9916-9321dfc74316, signal=workflow-completed
[2025-11-04 18:08:14] [STDERR] 2025-11-04 18:08:14,027 - gleitzeit.workers.signal_worker - INFO - No waiters for signal workflow-completed in workflow workflow-72d17d06-2a7c-4814-9916-9321dfc74316 - keeping in registry
[2025-11-04 18:08:14] [STDERR] 2025-11-04 18:08:14,027 - gleitzeit.workers.signal_worker - INFO - Processing registry entry: workflow=workflow-72d17d06-2a7c-4814-9916-9321dfc74316, signal=processing-complete
[2025-11-04 18:08:14] [STDERR] 2025-11-04 18:08:14,027 - gleitzeit.workers.signal_worker - INFO - No waiters for signal processing-complete in workflow workflow-72d17d06-2a7c-4814-9916-9321dfc74316 - keeping in registry
[2025-11-04 18:08:14] [STDERR] 2025-11-04 18:08:14,536 - gleitzeit.workers.signal_worker - INFO - SignalWorker found 2 signals in global registry
[2025-11-04 18:08:14] [STDERR] 2025-11-04 18:08:14,536 - gleitzeit.workers.signal_worker - INFO - Processing registry entry: workflow=workflow-72d17d06-2a7c-4814-9916-9321dfc74316, signal=workflow-completed
[2025-11-04 18:08:14] [STDERR] 2025-11-04 18:08:14,536 - gleitzeit.workers.signal_worker - INFO - No waiters for signal workflow-completed in workflow workflow-72d17d06-2a7c-4814-9916-9321dfc74316 - keeping in registry
[2025-11-04 18:08:14] [STDERR] 2025-11-04 18:08:14,536 - gleitzeit.workers.signal_worker - INFO - Processing registry entry: workflow=workflow-72d17d06-2a7c-4814-9916-9321dfc74316, signal=processing-complete
[2025-11-04 18:08:14] [STDERR] 2025-11-04 18:08:14,536 - gleitzeit.workers.signal_worker - INFO - No waiters for signal processing-complete in workflow workflow-72d17d06-2a7c-4814-9916-9321dfc74316 - keeping in registry
[2025-11-04 18:08:15] [STDERR] 2025-11-04 18:08:15,049 - gleitzeit.workers.signal_worker - INFO - SignalWorker found 2 signals in global registry
[2025-11-04 18:08:15] [STDERR] 2025-11-04 18:08:15,049 - gleitzeit.workers.signal_worker - INFO - Processing registry entry: workflow=workflow-72d17d06-2a7c-4814-9916-9321dfc74316, signal=workflow-completed
[2025-11-04 18:08:15] [STDERR] 2025-11-04 18:08:15,049 - gleitzeit.workers.signal_worker - INFO - No waiters for signal workflow-completed in workflow workflow-72d17d06-2a7c-4814-9916-9321dfc74316 - keeping in registry
[2025-11-04 18:08:15] [STDERR] 2025-11-04 18:08:15,049 - gleitzeit.workers.signal_worker - INFO - Processing registry entry: workflow=workflow-72d17d06-2a7c-4814-9916-9321dfc74316, signal=processing-complete
[2025-11-04 18:08:15] [STDERR] 2025-11-04 18:08:15,049 - gleitzeit.workers.signal_worker - INFO - No waiters for signal processing-complete in workflow workflow-72d17d06-2a7c-4814-9916-9321dfc74316 - keeping in registry
[2025-11-04 18:08:15] [STDERR] 2025-11-04 18:08:15,558 - gleitzeit.workers.signal_worker - INFO - SignalWorker found 2 signals in global registry
[2025-11-04 18:08:15] [STDERR] 2025-11-04 18:08:15,558 - gleitzeit.workers.signal_worker - INFO - Processing registry entry: workflow=workflow-72d17d06-2a7c-4814-9916-9321dfc74316, signal=workflow-completed
[2025-11-04 18:08:15] [STDERR] 2025-11-04 18:08:15,558 - gleitzeit.workers.signal_worker - INFO - No waiters for signal workflow-completed in workflow workflow-72d17d06-2a7c-4814-9916-9321dfc74316 - keeping in registry
[2025-11-04 18:08:15] [STDERR] 2025-11-04 18:08:15,558 - gleitzeit.workers.signal_worker - INFO - Processing registry entry: workflow=workflow-72d17d06-2a7c-4814-9916-9321dfc74316, signal=processing-complete
[2025-11-04 18:08:15] [STDERR] 2025-11-04 18:08:15,558 - gleitzeit.workers.signal_worker - INFO - No waiters for signal processing-complete in workflow workflow-72d17d06-2a7c-4814-9916-9321dfc74316 - keeping in registry
[2025-11-04 18:08:16] [STDERR] 2025-11-04 18:08:16,068 - gleitzeit.workers.signal_worker - INFO - SignalWorker found 2 signals in global registry
[2025-11-04 18:08:16] [STDERR] 2025-11-04 18:08:16,068 - gleitzeit.workers.signal_worker - INFO - Processing registry entry: workflow=workflow-72d17d06-2a7c-4814-9916-9321dfc74316, signal=workflow-completed
[2025-11-04 18:08:16] [STDERR] 2025-11-04 18:08:16,068 - gleitzeit.workers.signal_worker - INFO - No waiters for signal workflow-completed in workflow workflow-72d17d06-2a7c-4814-9916-9321dfc74316 - keeping in registry
[2025-11-04 18:08:16] [STDERR] 2025-11-04 18:08:16,068 - gleitzeit.workers.signal_worker - INFO - Processing registry entry: workflow=workflow-72d17d06-2a7c-4814-9916-9321dfc74316, signal=processing-complete
[2025-11-04 18:08:16] [STDERR] 2025-11-04 18:08:16,068 - gleitzeit.workers.signal_worker - INFO - No waiters for signal processing-complete in workflow workflow-72d17d06-2a7c-4814-9916-9321dfc74316 - keeping in registry
[2025-11-04 18:08:16] [STDERR] 2025-11-04 18:08:16,577 - gleitzeit.workers.signal_worker - INFO - SignalWorker found 2 signals in global registry
[2025-11-04 18:08:16] [STDERR] 2025-11-04 18:08:16,577 - gleitzeit.workers.signal_worker - INFO - Processing registry entry: workflow=workflow-72d17d06-2a7c-4814-9916-9321dfc74316, signal=workflow-completed
[2025-11-04 18:08:16] [STDERR] 2025-11-04 18:08:16,577 - gleitzeit.workers.signal_worker - INFO - No waiters for signal workflow-completed in workflow workflow-72d17d06-2a7c-4814-9916-9321dfc74316 - keeping in registry
[2025-11-04 18:08:16] [STDERR] 2025-11-04 18:08:16,577 - gleitzeit.workers.signal_worker - INFO - Processing registry entry: workflow=workflow-72d17d06-2a7c-4814-9916-9321dfc74316, signal=processing-complete
[2025-11-04 18:08:16] [STDERR] 2025-11-04 18:08:16,577 - gleitzeit.workers.signal_worker - INFO - No waiters for signal processing-complete in workflow workflow-72d17d06-2a7c-4814-9916-9321dfc74316 - keeping in registry
[2025-11-04 18:08:17] [STDERR] 2025-11-04 18:08:17,088 - gleitzeit.workers.signal_worker - INFO - SignalWorker found 2 signals in global registry
[2025-11-04 18:08:17] [STDERR] 2025-11-04 18:08:17,088 - gleitzeit.workers.signal_worker - INFO - Processing registry entry: workflow=workflow-72d17d06-2a7c-4814-9916-9321dfc74316, signal=workflow-completed
[2025-11-04 18:08:17] [STDERR] 2025-11-04 18:08:17,088 - gleitzeit.workers.signal_worker - INFO - No waiters for signal workflow-completed in workflow workflow-72d17d06-2a7c-4814-9916-9321dfc74316 - keeping in registry
[2025-11-04 18:08:17] [STDERR] 2025-11-04 18:08:17,088 - gleitzeit.workers.signal_worker - INFO - Processing registry entry: workflow=workflow-72d17d06-2a7c-4814-9916-9321dfc74316, signal=processing-complete
[2025-11-04 18:08:17] [STDERR] 2025-11-04 18:08:17,088 - gleitzeit.workers.signal_worker - INFO - No waiters for signal processing-complete in workflow workflow-72d17d06-2a7c-4814-9916-9321dfc74316 - keeping in registry
[2025-11-04 18:08:17] [STDERR] 2025-11-04 18:08:17,601 - gleitzeit.workers.signal_worker - INFO - SignalWorker found 2 signals in global registry
[2025-11-04 18:08:17] [STDERR] 2025-11-04 18:08:17,601 - gleitzeit.workers.signal_worker - INFO - Processing registry entry: workflow=workflow-72d17d06-2a7c-4814-9916-9321dfc74316, signal=workflow-completed
[2025-11-04 18:08:17] [STDERR] 2025-11-04 18:08:17,601 - gleitzeit.workers.signal_worker - INFO - No waiters for signal workflow-completed in workflow workflow-72d17d06-2a7c-4814-9916-9321dfc74316 - keeping in registry
[2025-11-04 18:08:17] [STDERR] 2025-11-04 18:08:17,601 - gleitzeit.workers.signal_worker - INFO - Processing registry entry: workflow=workflow-72d17d06-2a7c-4814-9916-9321dfc74316, signal=processing-complete
[2025-11-04 18:08:17] [STDERR] 2025-11-04 18:08:17,601 - gleitzeit.workers.signal_worker - INFO - No waiters for signal processing-complete in workflow workflow-72d17d06-2a7c-4814-9916-9321dfc74316 - keeping in registry
[2025-11-04 18:08:18] [STDERR] 2025-11-04 18:08:18,113 - gleitzeit.workers.signal_worker - INFO - SignalWorker found 2 signals in global registry
[2025-11-04 18:08:18] [STDERR] 2025-11-04 18:08:18,114 - gleitzeit.workers.signal_worker - INFO - Processing registry entry: workflow=workflow-72d17d06-2a7c-4814-9916-9321dfc74316, signal=workflow-completed
[2025-11-04 18:08:18] [STDERR] 2025-11-04 18:08:18,114 - gleitzeit.workers.signal_worker - INFO - No waiters for signal workflow-completed in workflow workflow-72d17d06-2a7c-4814-9916-9321dfc74316 - keeping in registry
[2025-11-04 18:08:18] [STDERR] 2025-11-04 18:08:18,114 - gleitzeit.workers.signal_worker - INFO - Processing registry entry: workflow=workflow-72d17d06-2a7c-4814-9916-9321dfc74316, signal=processing-complete
[2025-11-04 18:08:18] [STDERR] 2025-11-04 18:08:18,114 - gleitzeit.workers.signal_worker - INFO - No waiters for signal processing-complete in workflow workflow-72d17d06-2a7c-4814-9916-9321dfc74316 - keeping in registry
[2025-11-04 18:08:18] [STDERR] 2025-11-04 18:08:18,623 - gleitzeit.workers.signal_worker - INFO - SignalWorker found 2 signals in global registry
[2025-11-04 18:08:18] [STDERR] 2025-11-04 18:08:18,623 - gleitzeit.workers.signal_worker - INFO - Processing registry entry: workflow=workflow-72d17d06-2a7c-4814-9916-9321dfc74316, signal=workflow-completed
[2025-11-04 18:08:18] [STDERR] 2025-11-04 18:08:18,623 - gleitzeit.workers.signal_worker - INFO - No waiters for signal workflow-completed in workflow workflow-72d17d06-2a7c-4814-9916-9321dfc74316 - keeping in registry
[2025-11-04 18:08:18] [STDERR] 2025-11-04 18:08:18,623 - gleitzeit.workers.signal_worker - INFO - Processing registry entry: workflow=workflow-72d17d06-2a7c-4814-9916-9321dfc74316, signal=processing-complete
[2025-11-04 18:08:18] [STDERR] 2025-11-04 18:08:18,623 - gleitzeit.workers.signal_worker - INFO - No waiters for signal processing-complete in workflow workflow-72d17d06-2a7c-4814-9916-9321dfc74316 - keeping in registry
[2025-11-04 18:08:19] [STDERR] 2025-11-04 18:08:19,134 - gleitzeit.workers.signal_worker - INFO - SignalWorker found 2 signals in global registry
[2025-11-04 18:08:19] [STDERR] 2025-11-04 18:08:19,134 - gleitzeit.workers.signal_worker - INFO - Processing registry entry: workflow=workflow-72d17d06-2a7c-4814-9916-9321dfc74316, signal=workflow-completed
[2025-11-04 18:08:19] [STDERR] 2025-11-04 18:08:19,134 - gleitzeit.workers.signal_worker - INFO - No waiters for signal workflow-completed in workflow workflow-72d17d06-2a7c-4814-9916-9321dfc74316 - keeping in registry
[2025-11-04 18:08:19] [STDERR] 2025-11-04 18:08:19,134 - gleitzeit.workers.signal_worker - INFO - Processing registry entry: workflow=workflow-72d17d06-2a7c-4814-9916-9321dfc74316, signal=processing-complete
[2025-11-04 18:08:19] [STDERR] 2025-11-04 18:08:19,134 - gleitzeit.workers.signal_worker - INFO - No waiters for signal processing-complete in workflow workflow-72d17d06-2a7c-4814-9916-9321dfc74316 - keeping in registry
[2025-11-04 18:08:19] [STDERR] 2025-11-04 18:08:19,647 - gleitzeit.workers.signal_worker - INFO - SignalWorker found 2 signals in global registry
[2025-11-04 18:08:19] [STDERR] 2025-11-04 18:08:19,647 - gleitzeit.workers.signal_worker - INFO - Processing registry entry: workflow=workflow-72d17d06-2a7c-4814-9916-9321dfc74316, signal=workflow-completed
[2025-11-04 18:08:19] [STDERR] 2025-11-04 18:08:19,647 - gleitzeit.workers.signal_worker - INFO - No waiters for signal workflow-completed in workflow workflow-72d17d06-2a7c-4814-9916-9321dfc74316 - keeping in registry
[2025-11-04 18:08:19] [STDERR] 2025-11-04 18:08:19,647 - gleitzeit.workers.signal_worker - INFO - Processing registry entry: workflow=workflow-72d17d06-2a7c-4814-9916-9321dfc74316, signal=processing-complete
[2025-11-04 18:08:19] [STDERR] 2025-11-04 18:08:19,647 - gleitzeit.workers.signal_worker - INFO - No waiters for signal processing-complete in workflow workflow-72d17d06-2a7c-4814-9916-9321dfc74316 - keeping in registry
[2025-11-04 18:08:20] [STDERR] 2025-11-04 18:08:20,158 - gleitzeit.workers.signal_worker - INFO - SignalWorker found 2 signals in global registry
[2025-11-04 18:08:20] [STDERR] 2025-11-04 18:08:20,158 - gleitzeit.workers.signal_worker - INFO - Processing registry entry: workflow=workflow-72d17d06-2a7c-4814-9916-9321dfc74316, signal=workflow-completed
[2025-11-04 18:08:20] [STDERR] 2025-11-04 18:08:20,158 - gleitzeit.workers.signal_worker - INFO - No waiters for signal workflow-completed in workflow workflow-72d17d06-2a7c-4814-9916-9321dfc74316 - keeping in registry
[2025-11-04 18:08:20] [STDERR] 2025-11-04 18:08:20,158 - gleitzeit.workers.signal_worker - INFO - Processing registry entry: workflow=workflow-72d17d06-2a7c-4814-9916-9321dfc74316, signal=processing-complete
[2025-11-04 18:08:20] [STDERR] 2025-11-04 18:08:20,158 - gleitzeit.workers.signal_worker - INFO - No waiters for signal processing-complete in workflow workflow-72d17d06-2a7c-4814-9916-9321dfc74316 - keeping in registry
[2025-11-04 18:08:20] [STDERR] 2025-11-04 18:08:20,660 - gleitzeit.workers.signal_worker - INFO - Signal processing loop iteration 20
[2025-11-04 18:08:20] [STDERR] 2025-11-04 18:08:20,666 - gleitzeit.workers.signal_worker - INFO - SignalWorker found 2 signals in global registry
[2025-11-04 18:08:20] [STDERR] 2025-11-04 18:08:20,666 - gleitzeit.workers.signal_worker - INFO - Processing registry entry: workflow=workflow-72d17d06-2a7c-4814-9916-9321dfc74316, signal=workflow-completed
[2025-11-04 18:08:20] [STDERR] 2025-11-04 18:08:20,667 - gleitzeit.workers.signal_worker - INFO - No waiters for signal workflow-completed in workflow workflow-72d17d06-2a7c-4814-9916-9321dfc74316 - keeping in registry
[2025-11-04 18:08:20] [STDERR] 2025-11-04 18:08:20,667 - gleitzeit.workers.signal_worker - INFO - Processing registry entry: workflow=workflow-72d17d06-2a7c-4814-9916-9321dfc74316, signal=processing-complete
[2025-11-04 18:08:20] [STDERR] 2025-11-04 18:08:20,667 - gleitzeit.workers.signal_worker - INFO - No waiters for signal processing-complete in workflow workflow-72d17d06-2a7c-4814-9916-9321dfc74316 - keeping in registry
[2025-11-04 18:08:21] [STDERR] 2025-11-04 18:08:21,177 - gleitzeit.workers.signal_worker - INFO - SignalWorker found 2 signals in global registry
[2025-11-04 18:08:21] [STDERR] 2025-11-04 18:08:21,177 - gleitzeit.workers.signal_worker - INFO - Processing registry entry: workflow=workflow-72d17d06-2a7c-4814-9916-9321dfc74316, signal=workflow-completed
[2025-11-04 18:08:21] [STDERR] 2025-11-04 18:08:21,177 - gleitzeit.workers.signal_worker - INFO - No waiters for signal workflow-completed in workflow workflow-72d17d06-2a7c-4814-9916-9321dfc74316 - keeping in registry
[2025-11-04 18:08:21] [STDERR] 2025-11-04 18:08:21,177 - gleitzeit.workers.signal_worker - INFO - Processing registry entry: workflow=workflow-72d17d06-2a7c-4814-9916-9321dfc74316, signal=processing-complete
[2025-11-04 18:08:21] [STDERR] 2025-11-04 18:08:21,177 - gleitzeit.workers.signal_worker - INFO - No waiters for signal processing-complete in workflow workflow-72d17d06-2a7c-4814-9916-9321dfc74316 - keeping in registry
[2025-11-04 18:08:21] [STDERR] 2025-11-04 18:08:21,684 - gleitzeit.workers.signal_worker - INFO - SignalWorker found 2 signals in global registry
[2025-11-04 18:08:21] [STDERR] 2025-11-04 18:08:21,684 - gleitzeit.workers.signal_worker - INFO - Processing registry entry: workflow=workflow-72d17d06-2a7c-4814-9916-9321dfc74316, signal=workflow-completed
[2025-11-04 18:08:21] [STDERR] 2025-11-04 18:08:21,684 - gleitzeit.workers.signal_worker - INFO - No waiters for signal workflow-completed in workflow workflow-72d17d06-2a7c-4814-9916-9321dfc74316 - keeping in registry
[2025-11-04 18:08:21] [STDERR] 2025-11-04 18:08:21,684 - gleitzeit.workers.signal_worker - INFO - Processing registry entry: workflow=workflow-72d17d06-2a7c-4814-9916-9321dfc74316, signal=processing-complete
[2025-11-04 18:08:21] [STDERR] 2025-11-04 18:08:21,684 - gleitzeit.workers.signal_worker - INFO - No waiters for signal processing-complete in workflow workflow-72d17d06-2a7c-4814-9916-9321dfc74316 - keeping in registry
[2025-11-04 18:08:22] [STDERR] 2025-11-04 18:08:22,193 - gleitzeit.workers.signal_worker - INFO - SignalWorker found 2 signals in global registry
[2025-11-04 18:08:22] [STDERR] 2025-11-04 18:08:22,193 - gleitzeit.workers.signal_worker - INFO - Processing registry entry: workflow=workflow-72d17d06-2a7c-4814-9916-9321dfc74316, signal=workflow-completed
[2025-11-04 18:08:22] [STDERR] 2025-11-04 18:08:22,193 - gleitzeit.workers.signal_worker - INFO - No waiters for signal workflow-completed in workflow workflow-72d17d06-2a7c-4814-9916-9321dfc74316 - keeping in registry
[2025-11-04 18:08:22] [STDERR] 2025-11-04 18:08:22,193 - gleitzeit.workers.signal_worker - INFO - Processing registry entry: workflow=workflow-72d17d06-2a7c-4814-9916-9321dfc74316, signal=processing-complete
[2025-11-04 18:08:22] [STDERR] 2025-11-04 18:08:22,193 - gleitzeit.workers.signal_worker - INFO - No waiters for signal processing-complete in workflow workflow-72d17d06-2a7c-4814-9916-9321dfc74316 - keeping in registry
[2025-11-04 18:08:22] [STDERR] 2025-11-04 18:08:22,706 - gleitzeit.workers.signal_worker - INFO - SignalWorker found 2 signals in global registry
[2025-11-04 18:08:22] [STDERR] 2025-11-04 18:08:22,706 - gleitzeit.workers.signal_worker - INFO - Processing registry entry: workflow=workflow-72d17d06-2a7c-4814-9916-9321dfc74316, signal=workflow-completed
[2025-11-04 18:08:22] [STDERR] 2025-11-04 18:08:22,706 - gleitzeit.workers.signal_worker - INFO - No waiters for signal workflow-completed in workflow workflow-72d17d06-2a7c-4814-9916-9321dfc74316 - keeping in registry
[2025-11-04 18:08:22] [STDERR] 2025-11-04 18:08:22,706 - gleitzeit.workers.signal_worker - INFO - Processing registry entry: workflow=workflow-72d17d06-2a7c-4814-9916-9321dfc74316, signal=processing-complete
[2025-11-04 18:08:22] [STDERR] 2025-11-04 18:08:22,707 - gleitzeit.workers.signal_worker - INFO - No waiters for signal processing-complete in workflow workflow-72d17d06-2a7c-4814-9916-9321dfc74316 - keeping in registry
[2025-11-04 18:08:23] [STDERR] 2025-11-04 18:08:23,213 - gleitzeit.workers.signal_worker - INFO - SignalWorker found 2 signals in global registry
[2025-11-04 18:08:23] [STDERR] 2025-11-04 18:08:23,213 - gleitzeit.workers.signal_worker - INFO - Processing registry entry: workflow=workflow-72d17d06-2a7c-4814-9916-9321dfc74316, signal=workflow-completed
[2025-11-04 18:08:23] [STDERR] 2025-11-04 18:08:23,213 - gleitzeit.workers.signal_worker - INFO - No waiters for signal workflow-completed in workflow workflow-72d17d06-2a7c-4814-9916-9321dfc74316 - keeping in registry
[2025-11-04 18:08:23] [STDERR] 2025-11-04 18:08:23,213 - gleitzeit.workers.signal_worker - INFO - Processing registry entry: workflow=workflow-72d17d06-2a7c-4814-9916-9321dfc74316, signal=processing-complete
[2025-11-04 18:08:23] [STDERR] 2025-11-04 18:08:23,213 - gleitzeit.workers.signal_worker - INFO - No waiters for signal processing-complete in workflow workflow-72d17d06-2a7c-4814-9916-9321dfc74316 - keeping in registry
[2025-11-04 18:08:23] [STDERR] 2025-11-04 18:08:23,725 - gleitzeit.workers.signal_worker - INFO - SignalWorker found 2 signals in global registry
[2025-11-04 18:08:23] [STDERR] 2025-11-04 18:08:23,725 - gleitzeit.workers.signal_worker - INFO - Processing registry entry: workflow=workflow-72d17d06-2a7c-4814-9916-9321dfc74316, signal=workflow-completed
[2025-11-04 18:08:23] [STDERR] 2025-11-04 18:08:23,725 - gleitzeit.workers.signal_worker - INFO - No waiters for signal workflow-completed in workflow workflow-72d17d06-2a7c-4814-9916-9321dfc74316 - keeping in registry
[2025-11-04 18:08:23] [STDERR] 2025-11-04 18:08:23,725 - gleitzeit.workers.signal_worker - INFO - Processing registry entry: workflow=workflow-72d17d06-2a7c-4814-9916-9321dfc74316, signal=processing-complete
[2025-11-04 18:08:23] [STDERR] 2025-11-04 18:08:23,725 - gleitzeit.workers.signal_worker - INFO - No waiters for signal processing-complete in workflow workflow-72d17d06-2a7c-4814-9916-9321dfc74316 - keeping in registry
[2025-11-04 18:08:24] [STDERR] 2025-11-04 18:08:24,231 - gleitzeit.workers.signal_worker - INFO - SignalWorker found 2 signals in global registry
[2025-11-04 18:08:24] [STDERR] 2025-11-04 18:08:24,231 - gleitzeit.workers.signal_worker - INFO - Processing registry entry: workflow=workflow-72d17d06-2a7c-4814-9916-9321dfc74316, signal=workflow-completed
[2025-11-04 18:08:24] [STDERR] 2025-11-04 18:08:24,232 - gleitzeit.workers.signal_worker - INFO - No waiters for signal workflow-completed in workflow workflow-72d17d06-2a7c-4814-9916-9321dfc74316 - keeping in registry
[2025-11-04 18:08:24] [STDERR] 2025-11-04 18:08:24,232 - gleitzeit.workers.signal_worker - INFO - Processing registry entry: workflow=workflow-72d17d06-2a7c-4814-9916-9321dfc74316, signal=processing-complete
[2025-11-04 18:08:24] [STDERR] 2025-11-04 18:08:24,232 - gleitzeit.workers.signal_worker - INFO - No waiters for signal processing-complete in workflow workflow-72d17d06-2a7c-4814-9916-9321dfc74316 - keeping in registry
[2025-11-04 18:08:24] [STDERR] 2025-11-04 18:08:24,742 - gleitzeit.workers.signal_worker - INFO - SignalWorker found 2 signals in global registry
[2025-11-04 18:08:24] [STDERR] 2025-11-04 18:08:24,742 - gleitzeit.workers.signal_worker - INFO - Processing registry entry: workflow=workflow-72d17d06-2a7c-4814-9916-9321dfc74316, signal=workflow-completed
[2025-11-04 18:08:24] [STDERR] 2025-11-04 18:08:24,742 - gleitzeit.workers.signal_worker - INFO - No waiters for signal workflow-completed in workflow workflow-72d17d06-2a7c-4814-9916-9321dfc74316 - keeping in registry
[2025-11-04 18:08:24] [STDERR] 2025-11-04 18:08:24,743 - gleitzeit.workers.signal_worker - INFO - Processing registry entry: workflow=workflow-72d17d06-2a7c-4814-9916-9321dfc74316, signal=processing-complete
[2025-11-04 18:08:24] [STDERR] 2025-11-04 18:08:24,743 - gleitzeit.workers.signal_worker - INFO - No waiters for signal processing-complete in workflow workflow-72d17d06-2a7c-4814-9916-9321dfc74316 - keeping in registry
[2025-11-04 18:08:25] [STDERR] 2025-11-04 18:08:25,251 - gleitzeit.workers.signal_worker - INFO - SignalWorker found 2 signals in global registry
[2025-11-04 18:08:25] [STDERR] 2025-11-04 18:08:25,252 - gleitzeit.workers.signal_worker - INFO - Processing registry entry: workflow=workflow-72d17d06-2a7c-4814-9916-9321dfc74316, signal=workflow-completed
[2025-11-04 18:08:25] [STDERR] 2025-11-04 18:08:25,252 - gleitzeit.workers.signal_worker - INFO - No waiters for signal workflow-completed in workflow workflow-72d17d06-2a7c-4814-9916-9321dfc74316 - keeping in registry
[2025-11-04 18:08:25] [STDERR] 2025-11-04 18:08:25,252 - gleitzeit.workers.signal_worker - INFO - Processing registry entry: workflow=workflow-72d17d06-2a7c-4814-9916-9321dfc74316, signal=processing-complete
[2025-11-04 18:08:25] [STDERR] 2025-11-04 18:08:25,252 - gleitzeit.workers.signal_worker - INFO - No waiters for signal processing-complete in workflow workflow-72d17d06-2a7c-4814-9916-9321dfc74316 - keeping in registry
[2025-11-04 18:08:25] [STDERR] 2025-11-04 18:08:25,766 - gleitzeit.workers.signal_worker - INFO - SignalWorker found 2 signals in global registry
[2025-11-04 18:08:25] [STDERR] 2025-11-04 18:08:25,766 - gleitzeit.workers.signal_worker - INFO - Processing registry entry: workflow=workflow-72d17d06-2a7c-4814-9916-9321dfc74316, signal=workflow-completed
[2025-11-04 18:08:25] [STDERR] 2025-11-04 18:08:25,766 - gleitzeit.workers.signal_worker - INFO - No waiters for signal workflow-completed in workflow workflow-72d17d06-2a7c-4814-9916-9321dfc74316 - keeping in registry
[2025-11-04 18:08:25] [STDERR] 2025-11-04 18:08:25,766 - gleitzeit.workers.signal_worker - INFO - Processing registry entry: workflow=workflow-72d17d06-2a7c-4814-9916-9321dfc74316, signal=processing-complete
[2025-11-04 18:08:25] [STDERR] 2025-11-04 18:08:25,766 - gleitzeit.workers.signal_worker - INFO - No waiters for signal processing-complete in workflow workflow-72d17d06-2a7c-4814-9916-9321dfc74316 - keeping in registry
[2025-11-04 18:08:26] [STDERR] 2025-11-04 18:08:26,277 - gleitzeit.workers.signal_worker - INFO - SignalWorker found 2 signals in global registry
[2025-11-04 18:08:26] [STDERR] 2025-11-04 18:08:26,277 - gleitzeit.workers.signal_worker - INFO - Processing registry entry: workflow=workflow-72d17d06-2a7c-4814-9916-9321dfc74316, signal=workflow-completed
[2025-11-04 18:08:26] [STDERR] 2025-11-04 18:08:26,277 - gleitzeit.workers.signal_worker - INFO - No waiters for signal workflow-completed in workflow workflow-72d17d06-2a7c-4814-9916-9321dfc74316 - keeping in registry
[2025-11-04 18:08:26] [STDERR] 2025-11-04 18:08:26,277 - gleitzeit.workers.signal_worker - INFO - Processing registry entry: workflow=workflow-72d17d06-2a7c-4814-9916-9321dfc74316, signal=processing-complete
[2025-11-04 18:08:26] [STDERR] 2025-11-04 18:08:26,277 - gleitzeit.workers.signal_worker - INFO - No waiters for signal processing-complete in workflow workflow-72d17d06-2a7c-4814-9916-9321dfc74316 - keeping in registry
[2025-11-04 18:08:26] [STDERR] 2025-11-04 18:08:26,789 - gleitzeit.workers.signal_worker - INFO - SignalWorker found 2 signals in global registry
[2025-11-04 18:08:26] [STDERR] 2025-11-04 18:08:26,789 - gleitzeit.workers.signal_worker - INFO - Processing registry entry: workflow=workflow-72d17d06-2a7c-4814-9916-9321dfc74316, signal=workflow-completed
[2025-11-04 18:08:26] [STDERR] 2025-11-04 18:08:26,789 - gleitzeit.workers.signal_worker - INFO - No waiters for signal workflow-completed in workflow workflow-72d17d06-2a7c-4814-9916-9321dfc74316 - keeping in registry
[2025-11-04 18:08:26] [STDERR] 2025-11-04 18:08:26,789 - gleitzeit.workers.signal_worker - INFO - Processing registry entry: workflow=workflow-72d17d06-2a7c-4814-9916-9321dfc74316, signal=processing-complete
[2025-11-04 18:08:26] [STDERR] 2025-11-04 18:08:26,789 - gleitzeit.workers.signal_worker - INFO - No waiters for signal processing-complete in workflow workflow-72d17d06-2a7c-4814-9916-9321dfc74316 - keeping in registry
[2025-11-04 18:08:27] [STDERR] 2025-11-04 18:08:27,298 - gleitzeit.workers.signal_worker - INFO - SignalWorker found 2 signals in global registry
[2025-11-04 18:08:27] [STDERR] 2025-11-04 18:08:27,299 - gleitzeit.workers.signal_worker - INFO - Processing registry entry: workflow=workflow-72d17d06-2a7c-4814-9916-9321dfc74316, signal=workflow-completed
[2025-11-04 18:08:27] [STDERR] 2025-11-04 18:08:27,299 - gleitzeit.workers.signal_worker - INFO - No waiters for signal workflow-completed in workflow workflow-72d17d06-2a7c-4814-9916-9321dfc74316 - keeping in registry
[2025-11-04 18:08:27] [STDERR] 2025-11-04 18:08:27,299 - gleitzeit.workers.signal_worker - INFO - Processing registry entry: workflow=workflow-72d17d06-2a7c-4814-9916-9321dfc74316, signal=processing-complete
[2025-11-04 18:08:27] [STDERR] 2025-11-04 18:08:27,299 - gleitzeit.workers.signal_worker - INFO - No waiters for signal processing-complete in workflow workflow-72d17d06-2a7c-4814-9916-9321dfc74316 - keeping in registry
[2025-11-04 18:08:27] [STDERR] 2025-11-04 18:08:27,810 - gleitzeit.workers.signal_worker - INFO - SignalWorker found 2 signals in global registry
[2025-11-04 18:08:27] [STDERR] 2025-11-04 18:08:27,810 - gleitzeit.workers.signal_worker - INFO - Processing registry entry: workflow=workflow-72d17d06-2a7c-4814-9916-9321dfc74316, signal=workflow-completed
[2025-11-04 18:08:27] [STDERR] 2025-11-04 18:08:27,810 - gleitzeit.workers.signal_worker - INFO - No waiters for signal workflow-completed in workflow workflow-72d17d06-2a7c-4814-9916-9321dfc74316 - keeping in registry
[2025-11-04 18:08:27] [STDERR] 2025-11-04 18:08:27,811 - gleitzeit.workers.signal_worker - INFO - Processing registry entry: workflow=workflow-72d17d06-2a7c-4814-9916-9321dfc74316, signal=processing-complete
[2025-11-04 18:08:27] [STDERR] 2025-11-04 18:08:27,811 - gleitzeit.workers.signal_worker - INFO - No waiters for signal processing-complete in workflow workflow-72d17d06-2a7c-4814-9916-9321dfc74316 - keeping in registry
[2025-11-04 18:08:28] [STDERR] 2025-11-04 18:08:28,318 - gleitzeit.workers.signal_worker - INFO - SignalWorker found 2 signals in global registry
[2025-11-04 18:08:28] [STDERR] 2025-11-04 18:08:28,318 - gleitzeit.workers.signal_worker - INFO - Processing registry entry: workflow=workflow-72d17d06-2a7c-4814-9916-9321dfc74316, signal=workflow-completed
[2025-11-04 18:08:28] [STDERR] 2025-11-04 18:08:28,318 - gleitzeit.workers.signal_worker - INFO - No waiters for signal workflow-completed in workflow workflow-72d17d06-2a7c-4814-9916-9321dfc74316 - keeping in registry
[2025-11-04 18:08:28] [STDERR] 2025-11-04 18:08:28,318 - gleitzeit.workers.signal_worker - INFO - Processing registry entry: workflow=workflow-72d17d06-2a7c-4814-9916-9321dfc74316, signal=processing-complete
[2025-11-04 18:08:28] [STDERR] 2025-11-04 18:08:28,318 - gleitzeit.workers.signal_worker - INFO - No waiters for signal processing-complete in workflow workflow-72d17d06-2a7c-4814-9916-9321dfc74316 - keeping in registry
[2025-11-04 18:08:28] [STDERR] 2025-11-04 18:08:28,828 - gleitzeit.workers.signal_worker - INFO - SignalWorker found 2 signals in global registry
[2025-11-04 18:08:28] [STDERR] 2025-11-04 18:08:28,828 - gleitzeit.workers.signal_worker - INFO - Processing registry entry: workflow=workflow-72d17d06-2a7c-4814-9916-9321dfc74316, signal=workflow-completed
[2025-11-04 18:08:28] [STDERR] 2025-11-04 18:08:28,828 - gleitzeit.workers.signal_worker - INFO - No waiters for signal workflow-completed in workflow workflow-72d17d06-2a7c-4814-9916-9321dfc74316 - keeping in registry
[2025-11-04 18:08:28] [STDERR] 2025-11-04 18:08:28,828 - gleitzeit.workers.signal_worker - INFO - Processing registry entry: workflow=workflow-72d17d06-2a7c-4814-9916-9321dfc74316, signal=processing-complete
[2025-11-04 18:08:28] [STDERR] 2025-11-04 18:08:28,828 - gleitzeit.workers.signal_worker - INFO - No waiters for signal processing-complete in workflow workflow-72d17d06-2a7c-4814-9916-9321dfc74316 - keeping in registry
[2025-11-04 18:08:29] [STDERR] 2025-11-04 18:08:29,348 - gleitzeit.workers.signal_worker - INFO - SignalWorker found 2 signals in global registry
[2025-11-04 18:08:29] [STDERR] 2025-11-04 18:08:29,348 - gleitzeit.workers.signal_worker - INFO - Processing registry entry: workflow=workflow-72d17d06-2a7c-4814-9916-9321dfc74316, signal=workflow-completed
[2025-11-04 18:08:29] [STDERR] 2025-11-04 18:08:29,348 - gleitzeit.workers.signal_worker - INFO - No waiters for signal workflow-completed in workflow workflow-72d17d06-2a7c-4814-9916-9321dfc74316 - keeping in registry
[2025-11-04 18:08:29] [STDERR] 2025-11-04 18:08:29,348 - gleitzeit.workers.signal_worker - INFO - Processing registry entry: workflow=workflow-72d17d06-2a7c-4814-9916-9321dfc74316, signal=processing-complete
[2025-11-04 18:08:29] [STDERR] 2025-11-04 18:08:29,348 - gleitzeit.workers.signal_worker - INFO - No waiters for signal processing-complete in workflow workflow-72d17d06-2a7c-4814-9916-9321dfc74316 - keeping in registry
[2025-11-04 18:08:29] [STDERR] 2025-11-04 18:08:29,862 - gleitzeit.workers.signal_worker - INFO - SignalWorker found 2 signals in global registry
[2025-11-04 18:08:29] [STDERR] 2025-11-04 18:08:29,862 - gleitzeit.workers.signal_worker - INFO - Processing registry entry: workflow=workflow-72d17d06-2a7c-4814-9916-9321dfc74316, signal=workflow-completed
[2025-11-04 18:08:29] [STDERR] 2025-11-04 18:08:29,862 - gleitzeit.workers.signal_worker - INFO - No waiters for signal workflow-completed in workflow workflow-72d17d06-2a7c-4814-9916-9321dfc74316 - keeping in registry
[2025-11-04 18:08:29] [STDERR] 2025-11-04 18:08:29,862 - gleitzeit.workers.signal_worker - INFO - Processing registry entry: workflow=workflow-72d17d06-2a7c-4814-9916-9321dfc74316, signal=processing-complete
[2025-11-04 18:08:29] [STDERR] 2025-11-04 18:08:29,862 - gleitzeit.workers.signal_worker - INFO - No waiters for signal processing-complete in workflow workflow-72d17d06-2a7c-4814-9916-9321dfc74316 - keeping in registry
[2025-11-04 18:08:30] [STDERR] 2025-11-04 18:08:30,376 - gleitzeit.workers.signal_worker - INFO - SignalWorker found 2 signals in global registry
[2025-11-04 18:08:30] [STDERR] 2025-11-04 18:08:30,376 - gleitzeit.workers.signal_worker - INFO - Processing registry entry: workflow=workflow-72d17d06-2a7c-4814-9916-9321dfc74316, signal=workflow-completed
[2025-11-04 18:08:30] [STDERR] 2025-11-04 18:08:30,377 - gleitzeit.workers.signal_worker - INFO - No waiters for signal workflow-completed in workflow workflow-72d17d06-2a7c-4814-9916-9321dfc74316 - keeping in registry
[2025-11-04 18:08:30] [STDERR] 2025-11-04 18:08:30,377 - gleitzeit.workers.signal_worker - INFO - Processing registry entry: workflow=workflow-72d17d06-2a7c-4814-9916-9321dfc74316, signal=processing-complete
[2025-11-04 18:08:30] [STDERR] 2025-11-04 18:08:30,377 - gleitzeit.workers.signal_worker - INFO - No waiters for signal processing-complete in workflow workflow-72d17d06-2a7c-4814-9916-9321dfc74316 - keeping in registry
[2025-11-04 18:08:30] [STDERR] 2025-11-04 18:08:30,878 - gleitzeit.workers.signal_worker - INFO - Signal processing loop iteration 40
[2025-11-04 18:08:30] [STDERR] 2025-11-04 18:08:30,885 - gleitzeit.workers.signal_worker - INFO - SignalWorker found 2 signals in global registry
[2025-11-04 18:08:30] [STDERR] 2025-11-04 18:08:30,885 - gleitzeit.workers.signal_worker - INFO - Processing registry entry: workflow=workflow-72d17d06-2a7c-4814-9916-9321dfc74316, signal=workflow-completed
[2025-11-04 18:08:30] [STDERR] 2025-11-04 18:08:30,885 - gleitzeit.workers.signal_worker - INFO - No waiters for signal workflow-completed in workflow workflow-72d17d06-2a7c-4814-9916-9321dfc74316 - keeping in registry
[2025-11-04 18:08:30] [STDERR] 2025-11-04 18:08:30,885 - gleitzeit.workers.signal_worker - INFO - Processing registry entry: workflow=workflow-72d17d06-2a7c-4814-9916-9321dfc74316, signal=processing-complete
[2025-11-04 18:08:30] [STDERR] 2025-11-04 18:08:30,885 - gleitzeit.workers.signal_worker - INFO - No waiters for signal processing-complete in workflow workflow-72d17d06-2a7c-4814-9916-9321dfc74316 - keeping in registry
[2025-11-04 18:08:31] [STDERR] 2025-11-04 18:08:31,396 - gleitzeit.workers.signal_worker - INFO - SignalWorker found 2 signals in global registry
[2025-11-04 18:08:31] [STDERR] 2025-11-04 18:08:31,396 - gleitzeit.workers.signal_worker - INFO - Processing registry entry: workflow=workflow-72d17d06-2a7c-4814-9916-9321dfc74316, signal=workflow-completed
[2025-11-04 18:08:31] [STDERR] 2025-11-04 18:08:31,396 - gleitzeit.workers.signal_worker - INFO - No waiters for signal workflow-completed in workflow workflow-72d17d06-2a7c-4814-9916-9321dfc74316 - keeping in registry
[2025-11-04 18:08:31] [STDERR] 2025-11-04 18:08:31,396 - gleitzeit.workers.signal_worker - INFO - Processing registry entry: workflow=workflow-72d17d06-2a7c-4814-9916-9321dfc74316, signal=processing-complete
[2025-11-04 18:08:31] [STDERR] 2025-11-04 18:08:31,397 - gleitzeit.workers.signal_worker - INFO - No waiters for signal processing-complete in workflow workflow-72d17d06-2a7c-4814-9916-9321dfc74316 - keeping in registry
[2025-11-04 18:08:31] [STDERR] 2025-11-04 18:08:31,904 - gleitzeit.workers.signal_worker - INFO - SignalWorker found 2 signals in global registry
[2025-11-04 18:08:31] [STDERR] 2025-11-04 18:08:31,904 - gleitzeit.workers.signal_worker - INFO - Processing registry entry: workflow=workflow-72d17d06-2a7c-4814-9916-9321dfc74316, signal=workflow-completed
[2025-11-04 18:08:31] [STDERR] 2025-11-04 18:08:31,904 - gleitzeit.workers.signal_worker - INFO - No waiters for signal workflow-completed in workflow workflow-72d17d06-2a7c-4814-9916-9321dfc74316 - keeping in registry
[2025-11-04 18:08:31] [STDERR] 2025-11-04 18:08:31,904 - gleitzeit.workers.signal_worker - INFO - Processing registry entry: workflow=workflow-72d17d06-2a7c-4814-9916-9321dfc74316, signal=processing-complete
[2025-11-04 18:08:31] [STDERR] 2025-11-04 18:08:31,904 - gleitzeit.workers.signal_worker - INFO - No waiters for signal processing-complete in workflow workflow-72d17d06-2a7c-4814-9916-9321dfc74316 - keeping in registry
[2025-11-04 18:08:32] [STDERR] 2025-11-04 18:08:32,414 - gleitzeit.workers.signal_worker - INFO - SignalWorker found 2 signals in global registry
[2025-11-04 18:08:32] [STDERR] 2025-11-04 18:08:32,414 - gleitzeit.workers.signal_worker - INFO - Processing registry entry: workflow=workflow-72d17d06-2a7c-4814-9916-9321dfc74316, signal=workflow-completed
[2025-11-04 18:08:32] [STDERR] 2025-11-04 18:08:32,414 - gleitzeit.workers.signal_worker - INFO - No waiters for signal workflow-completed in workflow workflow-72d17d06-2a7c-4814-9916-9321dfc74316 - keeping in registry
[2025-11-04 18:08:32] [STDERR] 2025-11-04 18:08:32,414 - gleitzeit.workers.signal_worker - INFO - Processing registry entry: workflow=workflow-72d17d06-2a7c-4814-9916-9321dfc74316, signal=processing-complete
[2025-11-04 18:08:32] [STDERR] 2025-11-04 18:08:32,414 - gleitzeit.workers.signal_worker - INFO - No waiters for signal processing-complete in workflow workflow-72d17d06-2a7c-4814-9916-9321dfc74316 - keeping in registry
[2025-11-04 18:08:32] [STDERR] 2025-11-04 18:08:32,923 - gleitzeit.workers.signal_worker - INFO - SignalWorker found 2 signals in global registry
[2025-11-04 18:08:32] [STDERR] 2025-11-04 18:08:32,923 - gleitzeit.workers.signal_worker - INFO - Processing registry entry: workflow=workflow-72d17d06-2a7c-4814-9916-9321dfc74316, signal=workflow-completed
[2025-11-04 18:08:32] [STDERR] 2025-11-04 18:08:32,923 - gleitzeit.workers.signal_worker - INFO - No waiters for signal workflow-completed in workflow workflow-72d17d06-2a7c-4814-9916-9321dfc74316 - keeping in registry
[2025-11-04 18:08:32] [STDERR] 2025-11-04 18:08:32,923 - gleitzeit.workers.signal_worker - INFO - Processing registry entry: workflow=workflow-72d17d06-2a7c-4814-9916-9321dfc74316, signal=processing-complete
[2025-11-04 18:08:32] [STDERR] 2025-11-04 18:08:32,923 - gleitzeit.workers.signal_worker - INFO - No waiters for signal processing-complete in workflow workflow-72d17d06-2a7c-4814-9916-9321dfc74316 - keeping in registry
[2025-11-04 18:08:33] [STDERR] 2025-11-04 18:08:33,432 - gleitzeit.workers.signal_worker - INFO - SignalWorker found 2 signals in global registry
[2025-11-04 18:08:33] [STDERR] 2025-11-04 18:08:33,433 - gleitzeit.workers.signal_worker - INFO - Processing registry entry: workflow=workflow-72d17d06-2a7c-4814-9916-9321dfc74316, signal=workflow-completed
[2025-11-04 18:08:33] [STDERR] 2025-11-04 18:08:33,433 - gleitzeit.workers.signal_worker - INFO - No waiters for signal workflow-completed in workflow workflow-72d17d06-2a7c-4814-9916-9321dfc74316 - keeping in registry
[2025-11-04 18:08:33] [STDERR] 2025-11-04 18:08:33,433 - gleitzeit.workers.signal_worker - INFO - Processing registry entry: workflow=workflow-72d17d06-2a7c-4814-9916-9321dfc74316, signal=processing-complete
[2025-11-04 18:08:33] [STDERR] 2025-11-04 18:08:33,433 - gleitzeit.workers.signal_worker - INFO - No waiters for signal processing-complete in workflow workflow-72d17d06-2a7c-4814-9916-9321dfc74316 - keeping in registry
[2025-11-04 18:08:33] [STDERR] 2025-11-04 18:08:33,944 - gleitzeit.workers.signal_worker - INFO - SignalWorker found 2 signals in global registry
[2025-11-04 18:08:33] [STDERR] 2025-11-04 18:08:33,944 - gleitzeit.workers.signal_worker - INFO - Processing registry entry: workflow=workflow-72d17d06-2a7c-4814-9916-9321dfc74316, signal=workflow-completed
[2025-11-04 18:08:33] [STDERR] 2025-11-04 18:08:33,944 - gleitzeit.workers.signal_worker - INFO - No waiters for signal workflow-completed in workflow workflow-72d17d06-2a7c-4814-9916-9321dfc74316 - keeping in registry
[2025-11-04 18:08:33] [STDERR] 2025-11-04 18:08:33,944 - gleitzeit.workers.signal_worker - INFO - Processing registry entry: workflow=workflow-72d17d06-2a7c-4814-9916-9321dfc74316, signal=processing-complete
[2025-11-04 18:08:33] [STDERR] 2025-11-04 18:08:33,945 - gleitzeit.workers.signal_worker - INFO - No waiters for signal processing-complete in workflow workflow-72d17d06-2a7c-4814-9916-9321dfc74316 - keeping in registry
[2025-11-04 18:08:34] [STDERR] 2025-11-04 18:08:34,455 - gleitzeit.workers.signal_worker - INFO - SignalWorker found 2 signals in global registry
[2025-11-04 18:08:34] [STDERR] 2025-11-04 18:08:34,455 - gleitzeit.workers.signal_worker - INFO - Processing registry entry: workflow=workflow-72d17d06-2a7c-4814-9916-9321dfc74316, signal=workflow-completed
[2025-11-04 18:08:34] [STDERR] 2025-11-04 18:08:34,455 - gleitzeit.workers.signal_worker - INFO - No waiters for signal workflow-completed in workflow workflow-72d17d06-2a7c-4814-9916-9321dfc74316 - keeping in registry
[2025-11-04 18:08:34] [STDERR] 2025-11-04 18:08:34,455 - gleitzeit.workers.signal_worker - INFO - Processing registry entry: workflow=workflow-72d17d06-2a7c-4814-9916-9321dfc74316, signal=processing-complete
[2025-11-04 18:08:34] [STDERR] 2025-11-04 18:08:34,455 - gleitzeit.workers.signal_worker - INFO - No waiters for signal processing-complete in workflow workflow-72d17d06-2a7c-4814-9916-9321dfc74316 - keeping in registry
[2025-11-04 18:08:34] [STDERR] 2025-11-04 18:08:34,966 - gleitzeit.workers.signal_worker - INFO - SignalWorker found 2 signals in global registry
[2025-11-04 18:08:34] [STDERR] 2025-11-04 18:08:34,966 - gleitzeit.workers.signal_worker - INFO - Processing registry entry: workflow=workflow-72d17d06-2a7c-4814-9916-9321dfc74316, signal=workflow-completed
[2025-11-04 18:08:34] [STDERR] 2025-11-04 18:08:34,966 - gleitzeit.workers.signal_worker - INFO - No waiters for signal workflow-completed in workflow workflow-72d17d06-2a7c-4814-9916-9321dfc74316 - keeping in registry
[2025-11-04 18:08:34] [STDERR] 2025-11-04 18:08:34,966 - gleitzeit.workers.signal_worker - INFO - Processing registry entry: workflow=workflow-72d17d06-2a7c-4814-9916-9321dfc74316, signal=processing-complete
[2025-11-04 18:08:34] [STDERR] 2025-11-04 18:08:34,966 - gleitzeit.workers.signal_worker - INFO - No waiters for signal processing-complete in workflow workflow-72d17d06-2a7c-4814-9916-9321dfc74316 - keeping in registry
[2025-11-04 18:08:35] [STDERR] 2025-11-04 18:08:35,480 - gleitzeit.workers.signal_worker - INFO - SignalWorker found 2 signals in global registry
[2025-11-04 18:08:35] [STDERR] 2025-11-04 18:08:35,480 - gleitzeit.workers.signal_worker - INFO - Processing registry entry: workflow=workflow-72d17d06-2a7c-4814-9916-9321dfc74316, signal=workflow-completed
[2025-11-04 18:08:35] [STDERR] 2025-11-04 18:08:35,480 - gleitzeit.workers.signal_worker - INFO - No waiters for signal workflow-completed in workflow workflow-72d17d06-2a7c-4814-9916-9321dfc74316 - keeping in registry
[2025-11-04 18:08:35] [STDERR] 2025-11-04 18:08:35,480 - gleitzeit.workers.signal_worker - INFO - Processing registry entry: workflow=workflow-72d17d06-2a7c-4814-9916-9321dfc74316, signal=processing-complete
[2025-11-04 18:08:35] [STDERR] 2025-11-04 18:08:35,481 - gleitzeit.workers.signal_worker - INFO - No waiters for signal processing-complete in workflow workflow-72d17d06-2a7c-4814-9916-9321dfc74316 - keeping in registry
[2025-11-04 18:08:35] [STDERR] 2025-11-04 18:08:35,987 - gleitzeit.workers.signal_worker - INFO - SignalWorker found 2 signals in global registry
[2025-11-04 18:08:35] [STDERR] 2025-11-04 18:08:35,987 - gleitzeit.workers.signal_worker - INFO - Processing registry entry: workflow=workflow-72d17d06-2a7c-4814-9916-9321dfc74316, signal=workflow-completed
[2025-11-04 18:08:35] [STDERR] 2025-11-04 18:08:35,987 - gleitzeit.workers.signal_worker - INFO - No waiters for signal workflow-completed in workflow workflow-72d17d06-2a7c-4814-9916-9321dfc74316 - keeping in registry
[2025-11-04 18:08:35] [STDERR] 2025-11-04 18:08:35,987 - gleitzeit.workers.signal_worker - INFO - Processing registry entry: workflow=workflow-72d17d06-2a7c-4814-9916-9321dfc74316, signal=processing-complete
[2025-11-04 18:08:35] [STDERR] 2025-11-04 18:08:35,987 - gleitzeit.workers.signal_worker - INFO - No waiters for signal processing-complete in workflow workflow-72d17d06-2a7c-4814-9916-9321dfc74316 - keeping in registry
[2025-11-04 18:08:36] [STDERR] 2025-11-04 18:08:36,497 - gleitzeit.workers.signal_worker - INFO - SignalWorker found 2 signals in global registry
[2025-11-04 18:08:36] [STDERR] 2025-11-04 18:08:36,497 - gleitzeit.workers.signal_worker - INFO - Processing registry entry: workflow=workflow-72d17d06-2a7c-4814-9916-9321dfc74316, signal=workflow-completed
[2025-11-04 18:08:36] [STDERR] 2025-11-04 18:08:36,498 - gleitzeit.workers.signal_worker - INFO - No waiters for signal workflow-completed in workflow workflow-72d17d06-2a7c-4814-9916-9321dfc74316 - keeping in registry
[2025-11-04 18:08:36] [STDERR] 2025-11-04 18:08:36,498 - gleitzeit.workers.signal_worker - INFO - Processing registry entry: workflow=workflow-72d17d06-2a7c-4814-9916-9321dfc74316, signal=processing-complete
[2025-11-04 18:08:36] [STDERR] 2025-11-04 18:08:36,498 - gleitzeit.workers.signal_worker - INFO - No waiters for signal processing-complete in workflow workflow-72d17d06-2a7c-4814-9916-9321dfc74316 - keeping in registry
[2025-11-04 18:08:37] [STDERR] 2025-11-04 18:08:37,003 - gleitzeit.workers.signal_worker - INFO - SignalWorker found 2 signals in global registry
[2025-11-04 18:08:37] [STDERR] 2025-11-04 18:08:37,003 - gleitzeit.workers.signal_worker - INFO - Processing registry entry: workflow=workflow-72d17d06-2a7c-4814-9916-9321dfc74316, signal=workflow-completed
[2025-11-04 18:08:37] [STDERR] 2025-11-04 18:08:37,003 - gleitzeit.workers.signal_worker - INFO - No waiters for signal workflow-completed in workflow workflow-72d17d06-2a7c-4814-9916-9321dfc74316 - keeping in registry
[2025-11-04 18:08:37] [STDERR] 2025-11-04 18:08:37,003 - gleitzeit.workers.signal_worker - INFO - Processing registry entry: workflow=workflow-72d17d06-2a7c-4814-9916-9321dfc74316, signal=processing-complete
[2025-11-04 18:08:37] [STDERR] 2025-11-04 18:08:37,004 - gleitzeit.workers.signal_worker - INFO - No waiters for signal processing-complete in workflow workflow-72d17d06-2a7c-4814-9916-9321dfc74316 - keeping in registry
[2025-11-04 18:08:37] [STDERR] 2025-11-04 18:08:37,513 - gleitzeit.workers.signal_worker - INFO - SignalWorker found 2 signals in global registry
[2025-11-04 18:08:37] [STDERR] 2025-11-04 18:08:37,513 - gleitzeit.workers.signal_worker - INFO - Processing registry entry: workflow=workflow-72d17d06-2a7c-4814-9916-9321dfc74316, signal=workflow-completed
[2025-11-04 18:08:37] [STDERR] 2025-11-04 18:08:37,513 - gleitzeit.workers.signal_worker - INFO - No waiters for signal workflow-completed in workflow workflow-72d17d06-2a7c-4814-9916-9321dfc74316 - keeping in registry
[2025-11-04 18:08:37] [STDERR] 2025-11-04 18:08:37,513 - gleitzeit.workers.signal_worker - INFO - Processing registry entry: workflow=workflow-72d17d06-2a7c-4814-9916-9321dfc74316, signal=processing-complete
[2025-11-04 18:08:37] [STDERR] 2025-11-04 18:08:37,513 - gleitzeit.workers.signal_worker - INFO - No waiters for signal processing-complete in workflow workflow-72d17d06-2a7c-4814-9916-9321dfc74316 - keeping in registry
[2025-11-04 18:08:38] [STDERR] 2025-11-04 18:08:38,025 - gleitzeit.workers.signal_worker - INFO - SignalWorker found 2 signals in global registry
[2025-11-04 18:08:38] [STDERR] 2025-11-04 18:08:38,025 - gleitzeit.workers.signal_worker - INFO - Processing registry entry: workflow=workflow-72d17d06-2a7c-4814-9916-9321dfc74316, signal=workflow-completed
[2025-11-04 18:08:38] [STDERR] 2025-11-04 18:08:38,025 - gleitzeit.workers.signal_worker - INFO - No waiters for signal workflow-completed in workflow workflow-72d17d06-2a7c-4814-9916-9321dfc74316 - keeping in registry
[2025-11-04 18:08:38] [STDERR] 2025-11-04 18:08:38,025 - gleitzeit.workers.signal_worker - INFO - Processing registry entry: workflow=workflow-72d17d06-2a7c-4814-9916-9321dfc74316, signal=processing-complete
[2025-11-04 18:08:38] [STDERR] 2025-11-04 18:08:38,025 - gleitzeit.workers.signal_worker - INFO - No waiters for signal processing-complete in workflow workflow-72d17d06-2a7c-4814-9916-9321dfc74316 - keeping in registry
[2025-11-04 18:08:38] [STDERR] 2025-11-04 18:08:38,534 - gleitzeit.workers.signal_worker - INFO - SignalWorker found 2 signals in global registry
[2025-11-04 18:08:38] [STDERR] 2025-11-04 18:08:38,534 - gleitzeit.workers.signal_worker - INFO - Processing registry entry: workflow=workflow-72d17d06-2a7c-4814-9916-9321dfc74316, signal=workflow-completed
[2025-11-04 18:08:38] [STDERR] 2025-11-04 18:08:38,534 - gleitzeit.workers.signal_worker - INFO - No waiters for signal workflow-completed in workflow workflow-72d17d06-2a7c-4814-9916-9321dfc74316 - keeping in registry
[2025-11-04 18:08:38] [STDERR] 2025-11-04 18:08:38,534 - gleitzeit.workers.signal_worker - INFO - Processing registry entry: workflow=workflow-72d17d06-2a7c-4814-9916-9321dfc74316, signal=processing-complete
[2025-11-04 18:08:38] [STDERR] 2025-11-04 18:08:38,534 - gleitzeit.workers.signal_worker - INFO - No waiters for signal processing-complete in workflow workflow-72d17d06-2a7c-4814-9916-9321dfc74316 - keeping in registry
[2025-11-04 18:08:39] [STDERR] 2025-11-04 18:08:39,046 - gleitzeit.workers.signal_worker - INFO - SignalWorker found 2 signals in global registry
[2025-11-04 18:08:39] [STDERR] 2025-11-04 18:08:39,046 - gleitzeit.workers.signal_worker - INFO - Processing registry entry: workflow=workflow-72d17d06-2a7c-4814-9916-9321dfc74316, signal=workflow-completed
[2025-11-04 18:08:39] [STDERR] 2025-11-04 18:08:39,046 - gleitzeit.workers.signal_worker - INFO - No waiters for signal workflow-completed in workflow workflow-72d17d06-2a7c-4814-9916-9321dfc74316 - keeping in registry
[2025-11-04 18:08:39] [STDERR] 2025-11-04 18:08:39,046 - gleitzeit.workers.signal_worker - INFO - Processing registry entry: workflow=workflow-72d17d06-2a7c-4814-9916-9321dfc74316, signal=processing-complete
[2025-11-04 18:08:39] [STDERR] 2025-11-04 18:08:39,046 - gleitzeit.workers.signal_worker - INFO - No waiters for signal processing-complete in workflow workflow-72d17d06-2a7c-4814-9916-9321dfc74316 - keeping in registry
[2025-11-04 18:08:39] [STDERR] 2025-11-04 18:08:39,554 - gleitzeit.workers.signal_worker - INFO - SignalWorker found 2 signals in global registry
[2025-11-04 18:08:39] [STDERR] 2025-11-04 18:08:39,554 - gleitzeit.workers.signal_worker - INFO - Processing registry entry: workflow=workflow-72d17d06-2a7c-4814-9916-9321dfc74316, signal=workflow-completed
[2025-11-04 18:08:39] [STDERR] 2025-11-04 18:08:39,554 - gleitzeit.workers.signal_worker - INFO - No waiters for signal workflow-completed in workflow workflow-72d17d06-2a7c-4814-9916-9321dfc74316 - keeping in registry
[2025-11-04 18:08:39] [STDERR] 2025-11-04 18:08:39,554 - gleitzeit.workers.signal_worker - INFO - Processing registry entry: workflow=workflow-72d17d06-2a7c-4814-9916-9321dfc74316, signal=processing-complete
[2025-11-04 18:08:39] [STDERR] 2025-11-04 18:08:39,554 - gleitzeit.workers.signal_worker - INFO - No waiters for signal processing-complete in workflow workflow-72d17d06-2a7c-4814-9916-9321dfc74316 - keeping in registry
[2025-11-04 18:08:40] [STDERR] 2025-11-04 18:08:40,062 - gleitzeit.workers.signal_worker - INFO - SignalWorker found 2 signals in global registry
[2025-11-04 18:08:40] [STDERR] 2025-11-04 18:08:40,062 - gleitzeit.workers.signal_worker - INFO - Processing registry entry: workflow=workflow-72d17d06-2a7c-4814-9916-9321dfc74316, signal=workflow-completed
[2025-11-04 18:08:40] [STDERR] 2025-11-04 18:08:40,062 - gleitzeit.workers.signal_worker - INFO - No waiters for signal workflow-completed in workflow workflow-72d17d06-2a7c-4814-9916-9321dfc74316 - keeping in registry
[2025-11-04 18:08:40] [STDERR] 2025-11-04 18:08:40,062 - gleitzeit.workers.signal_worker - INFO - Processing registry entry: workflow=workflow-72d17d06-2a7c-4814-9916-9321dfc74316, signal=processing-complete
[2025-11-04 18:08:40] [STDERR] 2025-11-04 18:08:40,063 - gleitzeit.workers.signal_worker - INFO - No waiters for signal processing-complete in workflow workflow-72d17d06-2a7c-4814-9916-9321dfc74316 - keeping in registry
[2025-11-04 18:08:40] [STDERR] 2025-11-04 18:08:40,634 - gleitzeit.workers.signal_worker - INFO - SignalWorker found 2 signals in global registry
[2025-11-04 18:08:40] [STDERR] 2025-11-04 18:08:40,634 - gleitzeit.workers.signal_worker - INFO - Processing registry entry: workflow=workflow-72d17d06-2a7c-4814-9916-9321dfc74316, signal=workflow-completed
[2025-11-04 18:08:40] [STDERR] 2025-11-04 18:08:40,634 - gleitzeit.workers.signal_worker - INFO - No waiters for signal workflow-completed in workflow workflow-72d17d06-2a7c-4814-9916-9321dfc74316 - keeping in registry
[2025-11-04 18:08:40] [STDERR] 2025-11-04 18:08:40,634 - gleitzeit.workers.signal_worker - INFO - Processing registry entry: workflow=workflow-72d17d06-2a7c-4814-9916-9321dfc74316, signal=processing-complete
[2025-11-04 18:08:40] [STDERR] 2025-11-04 18:08:40,635 - gleitzeit.workers.signal_worker - INFO - No waiters for signal processing-complete in workflow workflow-72d17d06-2a7c-4814-9916-9321dfc74316 - keeping in registry
[2025-11-04 18:08:41] [STDERR] 2025-11-04 18:08:41,137 - gleitzeit.workers.signal_worker - INFO - Signal processing loop iteration 60
[2025-11-04 18:08:41] [STDERR] 2025-11-04 18:08:41,143 - gleitzeit.workers.signal_worker - INFO - SignalWorker found 2 signals in global registry
[2025-11-04 18:08:41] [STDERR] 2025-11-04 18:08:41,143 - gleitzeit.workers.signal_worker - INFO - Processing registry entry: workflow=workflow-72d17d06-2a7c-4814-9916-9321dfc74316, signal=workflow-completed
[2025-11-04 18:08:41] [STDERR] 2025-11-04 18:08:41,144 - gleitzeit.workers.signal_worker - INFO - No waiters for signal workflow-completed in workflow workflow-72d17d06-2a7c-4814-9916-9321dfc74316 - keeping in registry
[2025-11-04 18:08:41] [STDERR] 2025-11-04 18:08:41,144 - gleitzeit.workers.signal_worker - INFO - Processing registry entry: workflow=workflow-72d17d06-2a7c-4814-9916-9321dfc74316, signal=processing-complete
[2025-11-04 18:08:41] [STDERR] 2025-11-04 18:08:41,144 - gleitzeit.workers.signal_worker - INFO - No waiters for signal processing-complete in workflow workflow-72d17d06-2a7c-4814-9916-9321dfc74316 - keeping in registry
[2025-11-04 18:08:41] [STDERR] 2025-11-04 18:08:41,653 - gleitzeit.workers.signal_worker - INFO - SignalWorker found 2 signals in global registry
[2025-11-04 18:08:41] [STDERR] 2025-11-04 18:08:41,653 - gleitzeit.workers.signal_worker - INFO - Processing registry entry: workflow=workflow-72d17d06-2a7c-4814-9916-9321dfc74316, signal=workflow-completed
[2025-11-04 18:08:41] [STDERR] 2025-11-04 18:08:41,653 - gleitzeit.workers.signal_worker - INFO - No waiters for signal workflow-completed in workflow workflow-72d17d06-2a7c-4814-9916-9321dfc74316 - keeping in registry
[2025-11-04 18:08:41] [STDERR] 2025-11-04 18:08:41,653 - gleitzeit.workers.signal_worker - INFO - Processing registry entry: workflow=workflow-72d17d06-2a7c-4814-9916-9321dfc74316, signal=processing-complete
[2025-11-04 18:08:41] [STDERR] 2025-11-04 18:08:41,653 - gleitzeit.workers.signal_worker - INFO - No waiters for signal processing-complete in workflow workflow-72d17d06-2a7c-4814-9916-9321dfc74316 - keeping in registry
[2025-11-04 18:08:42] [STDERR] 2025-11-04 18:08:42,160 - gleitzeit.workers.signal_worker - INFO - SignalWorker found 2 signals in global registry
[2025-11-04 18:08:42] [STDERR] 2025-11-04 18:08:42,160 - gleitzeit.workers.signal_worker - INFO - Processing registry entry: workflow=workflow-72d17d06-2a7c-4814-9916-9321dfc74316, signal=workflow-completed
[2025-11-04 18:08:42] [STDERR] 2025-11-04 18:08:42,160 - gleitzeit.workers.signal_worker - INFO - No waiters for signal workflow-completed in workflow workflow-72d17d06-2a7c-4814-9916-9321dfc74316 - keeping in registry
[2025-11-04 18:08:42] [STDERR] 2025-11-04 18:08:42,160 - gleitzeit.workers.signal_worker - INFO - Processing registry entry: workflow=workflow-72d17d06-2a7c-4814-9916-9321dfc74316, signal=processing-complete
[2025-11-04 18:08:42] [STDERR] 2025-11-04 18:08:42,160 - gleitzeit.workers.signal_worker - INFO - No waiters for signal processing-complete in workflow workflow-72d17d06-2a7c-4814-9916-9321dfc74316 - keeping in registry
[2025-11-04 18:08:42] [STDERR] 2025-11-04 18:08:42,757 - gleitzeit.workers.signal_worker - INFO - SignalWorker found 2 signals in global registry
[2025-11-04 18:08:42] [STDERR] 2025-11-04 18:08:42,757 - gleitzeit.workers.signal_worker - INFO - Processing registry entry: workflow=workflow-72d17d06-2a7c-4814-9916-9321dfc74316, signal=workflow-completed
[2025-11-04 18:08:42] [STDERR] 2025-11-04 18:08:42,757 - gleitzeit.workers.signal_worker - INFO - No waiters for signal workflow-completed in workflow workflow-72d17d06-2a7c-4814-9916-9321dfc74316 - keeping in registry
[2025-11-04 18:08:42] [STDERR] 2025-11-04 18:08:42,757 - gleitzeit.workers.signal_worker - INFO - Processing registry entry: workflow=workflow-72d17d06-2a7c-4814-9916-9321dfc74316, signal=processing-complete
[2025-11-04 18:08:42] [STDERR] 2025-11-04 18:08:42,757 - gleitzeit.workers.signal_worker - INFO - No waiters for signal processing-complete in workflow workflow-72d17d06-2a7c-4814-9916-9321dfc74316 - keeping in registry
[2025-11-04 18:08:43] [STDERR] 2025-11-04 18:08:43,266 - gleitzeit.workers.signal_worker - INFO - SignalWorker found 2 signals in global registry
[2025-11-04 18:08:43] [STDERR] 2025-11-04 18:08:43,266 - gleitzeit.workers.signal_worker - INFO - Processing registry entry: workflow=workflow-72d17d06-2a7c-4814-9916-9321dfc74316, signal=workflow-completed
[2025-11-04 18:08:43] [STDERR] 2025-11-04 18:08:43,266 - gleitzeit.workers.signal_worker - INFO - No waiters for signal workflow-completed in workflow workflow-72d17d06-2a7c-4814-9916-9321dfc74316 - keeping in registry
[2025-11-04 18:08:43] [STDERR] 2025-11-04 18:08:43,266 - gleitzeit.workers.signal_worker - INFO - Processing registry entry: workflow=workflow-72d17d06-2a7c-4814-9916-9321dfc74316, signal=processing-complete
[2025-11-04 18:08:43] [STDERR] 2025-11-04 18:08:43,266 - gleitzeit.workers.signal_worker - INFO - No waiters for signal processing-complete in workflow workflow-72d17d06-2a7c-4814-9916-9321dfc74316 - keeping in registry
[2025-11-04 18:08:43] [STDERR] 2025-11-04 18:08:43,776 - gleitzeit.workers.signal_worker - INFO - SignalWorker found 2 signals in global registry
[2025-11-04 18:08:43] [STDERR] 2025-11-04 18:08:43,776 - gleitzeit.workers.signal_worker - INFO - Processing registry entry: workflow=workflow-72d17d06-2a7c-4814-9916-9321dfc74316, signal=workflow-completed
[2025-11-04 18:08:43] [STDERR] 2025-11-04 18:08:43,776 - gleitzeit.workers.signal_worker - INFO - No waiters for signal workflow-completed in workflow workflow-72d17d06-2a7c-4814-9916-9321dfc74316 - keeping in registry
[2025-11-04 18:08:43] [STDERR] 2025-11-04 18:08:43,776 - gleitzeit.workers.signal_worker - INFO - Processing registry entry: workflow=workflow-72d17d06-2a7c-4814-9916-9321dfc74316, signal=processing-complete
[2025-11-04 18:08:43] [STDERR] 2025-11-04 18:08:43,776 - gleitzeit.workers.signal_worker - INFO - No waiters for signal processing-complete in workflow workflow-72d17d06-2a7c-4814-9916-9321dfc74316 - keeping in registry
[2025-11-04 18:08:44] [STDERR] 2025-11-04 18:08:44,285 - gleitzeit.workers.signal_worker - INFO - SignalWorker found 2 signals in global registry
[2025-11-04 18:08:44] [STDERR] 2025-11-04 18:08:44,285 - gleitzeit.workers.signal_worker - INFO - Processing registry entry: workflow=workflow-72d17d06-2a7c-4814-9916-9321dfc74316, signal=workflow-completed
[2025-11-04 18:08:44] [STDERR] 2025-11-04 18:08:44,285 - gleitzeit.workers.signal_worker - INFO - No waiters for signal workflow-completed in workflow workflow-72d17d06-2a7c-4814-9916-9321dfc74316 - keeping in registry
[2025-11-04 18:08:44] [STDERR] 2025-11-04 18:08:44,285 - gleitzeit.workers.signal_worker - INFO - Processing registry entry: workflow=workflow-72d17d06-2a7c-4814-9916-9321dfc74316, signal=processing-complete
[2025-11-04 18:08:44] [STDERR] 2025-11-04 18:08:44,285 - gleitzeit.workers.signal_worker - INFO - No waiters for signal processing-complete in workflow workflow-72d17d06-2a7c-4814-9916-9321dfc74316 - keeping in registry
[2025-11-04 18:08:44] [STDERR] 2025-11-04 18:08:44,797 - gleitzeit.workers.signal_worker - INFO - SignalWorker found 2 signals in global registry
[2025-11-04 18:08:44] [STDERR] 2025-11-04 18:08:44,797 - gleitzeit.workers.signal_worker - INFO - Processing registry entry: workflow=workflow-72d17d06-2a7c-4814-9916-9321dfc74316, signal=workflow-completed
[2025-11-04 18:08:44] [STDERR] 2025-11-04 18:08:44,797 - gleitzeit.workers.signal_worker - INFO - No waiters for signal workflow-completed in workflow workflow-72d17d06-2a7c-4814-9916-9321dfc74316 - keeping in registry
[2025-11-04 18:08:44] [STDERR] 2025-11-04 18:08:44,797 - gleitzeit.workers.signal_worker - INFO - Processing registry entry: workflow=workflow-72d17d06-2a7c-4814-9916-9321dfc74316, signal=processing-complete
[2025-11-04 18:08:44] [STDERR] 2025-11-04 18:08:44,797 - gleitzeit.workers.signal_worker - INFO - No waiters for signal processing-complete in workflow workflow-72d17d06-2a7c-4814-9916-9321dfc74316 - keeping in registry
[2025-11-04 18:08:45] [STDERR] 2025-11-04 18:08:45,310 - gleitzeit.workers.signal_worker - INFO - SignalWorker found 2 signals in global registry
[2025-11-04 18:08:45] [STDERR] 2025-11-04 18:08:45,310 - gleitzeit.workers.signal_worker - INFO - Processing registry entry: workflow=workflow-72d17d06-2a7c-4814-9916-9321dfc74316, signal=workflow-completed
[2025-11-04 18:08:45] [STDERR] 2025-11-04 18:08:45,310 - gleitzeit.workers.signal_worker - INFO - No waiters for signal workflow-completed in workflow workflow-72d17d06-2a7c-4814-9916-9321dfc74316 - keeping in registry
[2025-11-04 18:08:45] [STDERR] 2025-11-04 18:08:45,310 - gleitzeit.workers.signal_worker - INFO - Processing registry entry: workflow=workflow-72d17d06-2a7c-4814-9916-9321dfc74316, signal=processing-complete
[2025-11-04 18:08:45] [STDERR] 2025-11-04 18:08:45,310 - gleitzeit.workers.signal_worker - INFO - No waiters for signal processing-complete in workflow workflow-72d17d06-2a7c-4814-9916-9321dfc74316 - keeping in registry
[2025-11-04 18:08:45] [STDERR] 2025-11-04 18:08:45,818 - gleitzeit.workers.signal_worker - INFO - SignalWorker found 2 signals in global registry
[2025-11-04 18:08:45] [STDERR] 2025-11-04 18:08:45,818 - gleitzeit.workers.signal_worker - INFO - Processing registry entry: workflow=workflow-72d17d06-2a7c-4814-9916-9321dfc74316, signal=workflow-completed
[2025-11-04 18:08:45] [STDERR] 2025-11-04 18:08:45,818 - gleitzeit.workers.signal_worker - INFO - No waiters for signal workflow-completed in workflow workflow-72d17d06-2a7c-4814-9916-9321dfc74316 - keeping in registry
[2025-11-04 18:08:45] [STDERR] 2025-11-04 18:08:45,818 - gleitzeit.workers.signal_worker - INFO - Processing registry entry: workflow=workflow-72d17d06-2a7c-4814-9916-9321dfc74316, signal=processing-complete
[2025-11-04 18:08:45] [STDERR] 2025-11-04 18:08:45,818 - gleitzeit.workers.signal_worker - INFO - No waiters for signal processing-complete in workflow workflow-72d17d06-2a7c-4814-9916-9321dfc74316 - keeping in registry
[2025-11-04 18:08:46] [STDERR] 2025-11-04 18:08:46,331 - gleitzeit.workers.signal_worker - INFO - SignalWorker found 2 signals in global registry
[2025-11-04 18:08:46] [STDERR] 2025-11-04 18:08:46,331 - gleitzeit.workers.signal_worker - INFO - Processing registry entry: workflow=workflow-72d17d06-2a7c-4814-9916-9321dfc74316, signal=workflow-completed
[2025-11-04 18:08:46] [STDERR] 2025-11-04 18:08:46,331 - gleitzeit.workers.signal_worker - INFO - No waiters for signal workflow-completed in workflow workflow-72d17d06-2a7c-4814-9916-9321dfc74316 - keeping in registry
[2025-11-04 18:08:46] [STDERR] 2025-11-04 18:08:46,331 - gleitzeit.workers.signal_worker - INFO - Processing registry entry: workflow=workflow-72d17d06-2a7c-4814-9916-9321dfc74316, signal=processing-complete
[2025-11-04 18:08:46] [STDERR] 2025-11-04 18:08:46,331 - gleitzeit.workers.signal_worker - INFO - No waiters for signal processing-complete in workflow workflow-72d17d06-2a7c-4814-9916-9321dfc74316 - keeping in registry
[2025-11-04 18:08:46] [STDERR] 2025-11-04 18:08:46,838 - gleitzeit.workers.signal_worker - INFO - SignalWorker found 2 signals in global registry
[2025-11-04 18:08:46] [STDERR] 2025-11-04 18:08:46,838 - gleitzeit.workers.signal_worker - INFO - Processing registry entry: workflow=workflow-72d17d06-2a7c-4814-9916-9321dfc74316, signal=workflow-completed
[2025-11-04 18:08:46] [STDERR] 2025-11-04 18:08:46,838 - gleitzeit.workers.signal_worker - INFO - No waiters for signal workflow-completed in workflow workflow-72d17d06-2a7c-4814-9916-9321dfc74316 - keeping in registry
[2025-11-04 18:08:46] [STDERR] 2025-11-04 18:08:46,838 - gleitzeit.workers.signal_worker - INFO - Processing registry entry: workflow=workflow-72d17d06-2a7c-4814-9916-9321dfc74316, signal=processing-complete
[2025-11-04 18:08:46] [STDERR] 2025-11-04 18:08:46,838 - gleitzeit.workers.signal_worker - INFO - No waiters for signal processing-complete in workflow workflow-72d17d06-2a7c-4814-9916-9321dfc74316 - keeping in registry
[2025-11-04 18:08:47] [STDERR] 2025-11-04 18:08:47,351 - gleitzeit.workers.signal_worker - INFO - SignalWorker found 2 signals in global registry
[2025-11-04 18:08:47] [STDERR] 2025-11-04 18:08:47,351 - gleitzeit.workers.signal_worker - INFO - Processing registry entry: workflow=workflow-72d17d06-2a7c-4814-9916-9321dfc74316, signal=workflow-completed
[2025-11-04 18:08:47] [STDERR] 2025-11-04 18:08:47,351 - gleitzeit.workers.signal_worker - INFO - No waiters for signal workflow-completed in workflow workflow-72d17d06-2a7c-4814-9916-9321dfc74316 - keeping in registry
[2025-11-04 18:08:47] [STDERR] 2025-11-04 18:08:47,351 - gleitzeit.workers.signal_worker - INFO - Processing registry entry: workflow=workflow-72d17d06-2a7c-4814-9916-9321dfc74316, signal=processing-complete
[2025-11-04 18:08:47] [STDERR] 2025-11-04 18:08:47,351 - gleitzeit.workers.signal_worker - INFO - No waiters for signal processing-complete in workflow workflow-72d17d06-2a7c-4814-9916-9321dfc74316 - keeping in registry
[2025-11-04 18:08:47] [STDERR] 2025-11-04 18:08:47,862 - gleitzeit.workers.signal_worker - INFO - SignalWorker found 2 signals in global registry
[2025-11-04 18:08:47] [STDERR] 2025-11-04 18:08:47,862 - gleitzeit.workers.signal_worker - INFO - Processing registry entry: workflow=workflow-72d17d06-2a7c-4814-9916-9321dfc74316, signal=workflow-completed
[2025-11-04 18:08:47] [STDERR] 2025-11-04 18:08:47,862 - gleitzeit.workers.signal_worker - INFO - No waiters for signal workflow-completed in workflow workflow-72d17d06-2a7c-4814-9916-9321dfc74316 - keeping in registry
[2025-11-04 18:08:47] [STDERR] 2025-11-04 18:08:47,862 - gleitzeit.workers.signal_worker - INFO - Processing registry entry: workflow=workflow-72d17d06-2a7c-4814-9916-9321dfc74316, signal=processing-complete
[2025-11-04 18:08:47] [STDERR] 2025-11-04 18:08:47,863 - gleitzeit.workers.signal_worker - INFO - No waiters for signal processing-complete in workflow workflow-72d17d06-2a7c-4814-9916-9321dfc74316 - keeping in registry
[2025-11-04 18:08:48] [STDERR] 2025-11-04 18:08:48,373 - gleitzeit.workers.signal_worker - INFO - SignalWorker found 2 signals in global registry
[2025-11-04 18:08:48] [STDERR] 2025-11-04 18:08:48,373 - gleitzeit.workers.signal_worker - INFO - Processing registry entry: workflow=workflow-72d17d06-2a7c-4814-9916-9321dfc74316, signal=workflow-completed
[2025-11-04 18:08:48] [STDERR] 2025-11-04 18:08:48,373 - gleitzeit.workers.signal_worker - INFO - No waiters for signal workflow-completed in workflow workflow-72d17d06-2a7c-4814-9916-9321dfc74316 - keeping in registry
[2025-11-04 18:08:48] [STDERR] 2025-11-04 18:08:48,373 - gleitzeit.workers.signal_worker - INFO - Processing registry entry: workflow=workflow-72d17d06-2a7c-4814-9916-9321dfc74316, signal=processing-complete
[2025-11-04 18:08:48] [STDERR] 2025-11-04 18:08:48,374 - gleitzeit.workers.signal_worker - INFO - No waiters for signal processing-complete in workflow workflow-72d17d06-2a7c-4814-9916-9321dfc74316 - keeping in registry
[2025-11-04 18:08:48] [STDERR] 2025-11-04 18:08:48,885 - gleitzeit.workers.signal_worker - INFO - SignalWorker found 2 signals in global registry
[2025-11-04 18:08:48] [STDERR] 2025-11-04 18:08:48,885 - gleitzeit.workers.signal_worker - INFO - Processing registry entry: workflow=workflow-72d17d06-2a7c-4814-9916-9321dfc74316, signal=workflow-completed
[2025-11-04 18:08:48] [STDERR] 2025-11-04 18:08:48,885 - gleitzeit.workers.signal_worker - INFO - No waiters for signal workflow-completed in workflow workflow-72d17d06-2a7c-4814-9916-9321dfc74316 - keeping in registry
[2025-11-04 18:08:48] [STDERR] 2025-11-04 18:08:48,885 - gleitzeit.workers.signal_worker - INFO - Processing registry entry: workflow=workflow-72d17d06-2a7c-4814-9916-9321dfc74316, signal=processing-complete
[2025-11-04 18:08:48] [STDERR] 2025-11-04 18:08:48,885 - gleitzeit.workers.signal_worker - INFO - No waiters for signal processing-complete in workflow workflow-72d17d06-2a7c-4814-9916-9321dfc74316 - keeping in registry
[2025-11-04 18:08:49] [STDERR] 2025-11-04 18:08:49,395 - gleitzeit.workers.signal_worker - INFO - SignalWorker found 2 signals in global registry
[2025-11-04 18:08:49] [STDERR] 2025-11-04 18:08:49,395 - gleitzeit.workers.signal_worker - INFO - Processing registry entry: workflow=workflow-72d17d06-2a7c-4814-9916-9321dfc74316, signal=workflow-completed
[2025-11-04 18:08:49] [STDERR] 2025-11-04 18:08:49,395 - gleitzeit.workers.signal_worker - INFO - No waiters for signal workflow-completed in workflow workflow-72d17d06-2a7c-4814-9916-9321dfc74316 - keeping in registry
[2025-11-04 18:08:49] [STDERR] 2025-11-04 18:08:49,395 - gleitzeit.workers.signal_worker - INFO - Processing registry entry: workflow=workflow-72d17d06-2a7c-4814-9916-9321dfc74316, signal=processing-complete
[2025-11-04 18:08:49] [STDERR] 2025-11-04 18:08:49,395 - gleitzeit.workers.signal_worker - INFO - No waiters for signal processing-complete in workflow workflow-72d17d06-2a7c-4814-9916-9321dfc74316 - keeping in registry
[2025-11-04 18:08:50] [STDERR] 2025-11-04 18:08:50,198 - gleitzeit.workers.signal_worker - INFO - SignalWorker found 2 signals in global registry
[2025-11-04 18:08:50] [STDERR] 2025-11-04 18:08:50,198 - gleitzeit.workers.signal_worker - INFO - Processing registry entry: workflow=workflow-72d17d06-2a7c-4814-9916-9321dfc74316, signal=workflow-completed
[2025-11-04 18:08:50] [STDERR] 2025-11-04 18:08:50,199 - gleitzeit.workers.signal_worker - INFO - No waiters for signal workflow-completed in workflow workflow-72d17d06-2a7c-4814-9916-9321dfc74316 - keeping in registry
[2025-11-04 18:08:50] [STDERR] 2025-11-04 18:08:50,199 - gleitzeit.workers.signal_worker - INFO - Processing registry entry: workflow=workflow-72d17d06-2a7c-4814-9916-9321dfc74316, signal=processing-complete
[2025-11-04 18:08:50] [STDERR] 2025-11-04 18:08:50,200 - gleitzeit.workers.signal_worker - INFO - No waiters for signal processing-complete in workflow workflow-72d17d06-2a7c-4814-9916-9321dfc74316 - keeping in registry
[2025-11-04 18:08:50] [STDERR] 2025-11-04 18:08:50,713 - gleitzeit.workers.signal_worker - INFO - SignalWorker found 2 signals in global registry
[2025-11-04 18:08:50] [STDERR] 2025-11-04 18:08:50,713 - gleitzeit.workers.signal_worker - INFO - Processing registry entry: workflow=workflow-72d17d06-2a7c-4814-9916-9321dfc74316, signal=workflow-completed
[2025-11-04 18:08:50] [STDERR] 2025-11-04 18:08:50,713 - gleitzeit.workers.signal_worker - INFO - No waiters for signal workflow-completed in workflow workflow-72d17d06-2a7c-4814-9916-9321dfc74316 - keeping in registry
[2025-11-04 18:08:50] [STDERR] 2025-11-04 18:08:50,713 - gleitzeit.workers.signal_worker - INFO - Processing registry entry: workflow=workflow-72d17d06-2a7c-4814-9916-9321dfc74316, signal=processing-complete
[2025-11-04 18:08:50] [STDERR] 2025-11-04 18:08:50,713 - gleitzeit.workers.signal_worker - INFO - No waiters for signal processing-complete in workflow workflow-72d17d06-2a7c-4814-9916-9321dfc74316 - keeping in registry
[2025-11-04 18:08:51] [STDERR] 2025-11-04 18:08:51,225 - gleitzeit.workers.signal_worker - INFO - SignalWorker found 2 signals in global registry
[2025-11-04 18:08:51] [STDERR] 2025-11-04 18:08:51,225 - gleitzeit.workers.signal_worker - INFO - Processing registry entry: workflow=workflow-72d17d06-2a7c-4814-9916-9321dfc74316, signal=workflow-completed
[2025-11-04 18:08:51] [STDERR] 2025-11-04 18:08:51,225 - gleitzeit.workers.signal_worker - INFO - No waiters for signal workflow-completed in workflow workflow-72d17d06-2a7c-4814-9916-9321dfc74316 - keeping in registry
[2025-11-04 18:08:51] [STDERR] 2025-11-04 18:08:51,225 - gleitzeit.workers.signal_worker - INFO - Processing registry entry: workflow=workflow-72d17d06-2a7c-4814-9916-9321dfc74316, signal=processing-complete
[2025-11-04 18:08:51] [STDERR] 2025-11-04 18:08:51,225 - gleitzeit.workers.signal_worker - INFO - No waiters for signal processing-complete in workflow workflow-72d17d06-2a7c-4814-9916-9321dfc74316 - keeping in registry
[2025-11-04 18:08:51] [STDERR] 2025-11-04 18:08:51,726 - gleitzeit.workers.signal_worker - INFO - Signal processing loop iteration 80
[2025-11-04 18:08:51] [STDERR] 2025-11-04 18:08:51,741 - gleitzeit.workers.signal_worker - INFO - SignalWorker found 2 signals in global registry
[2025-11-04 18:08:51] [STDERR] 2025-11-04 18:08:51,741 - gleitzeit.workers.signal_worker - INFO - Processing registry entry: workflow=workflow-72d17d06-2a7c-4814-9916-9321dfc74316, signal=workflow-completed
[2025-11-04 18:08:51] [STDERR] 2025-11-04 18:08:51,742 - gleitzeit.workers.signal_worker - INFO - No waiters for signal workflow-completed in workflow workflow-72d17d06-2a7c-4814-9916-9321dfc74316 - keeping in registry
[2025-11-04 18:08:51] [STDERR] 2025-11-04 18:08:51,742 - gleitzeit.workers.signal_worker - INFO - Processing registry entry: workflow=workflow-72d17d06-2a7c-4814-9916-9321dfc74316, signal=processing-complete
[2025-11-04 18:08:51] [STDERR] 2025-11-04 18:08:51,742 - gleitzeit.workers.signal_worker - INFO - No waiters for signal processing-complete in workflow workflow-72d17d06-2a7c-4814-9916-9321dfc74316 - keeping in registry
[2025-11-04 18:08:52] [STDERR] 2025-11-04 18:08:52,256 - gleitzeit.workers.signal_worker - INFO - SignalWorker found 2 signals in global registry
[2025-11-04 18:08:52] [STDERR] 2025-11-04 18:08:52,256 - gleitzeit.workers.signal_worker - INFO - Processing registry entry: workflow=workflow-72d17d06-2a7c-4814-9916-9321dfc74316, signal=workflow-completed
[2025-11-04 18:08:52] [STDERR] 2025-11-04 18:08:52,256 - gleitzeit.workers.signal_worker - INFO - No waiters for signal workflow-completed in workflow workflow-72d17d06-2a7c-4814-9916-9321dfc74316 - keeping in registry
[2025-11-04 18:08:52] [STDERR] 2025-11-04 18:08:52,257 - gleitzeit.workers.signal_worker - INFO - Processing registry entry: workflow=workflow-72d17d06-2a7c-4814-9916-9321dfc74316, signal=processing-complete
[2025-11-04 18:08:52] [STDERR] 2025-11-04 18:08:52,257 - gleitzeit.workers.signal_worker - INFO - No waiters for signal processing-complete in workflow workflow-72d17d06-2a7c-4814-9916-9321dfc74316 - keeping in registry
[2025-11-04 18:08:52] [STDERR] 2025-11-04 18:08:52,768 - gleitzeit.workers.signal_worker - INFO - SignalWorker found 2 signals in global registry
[2025-11-04 18:08:52] [STDERR] 2025-11-04 18:08:52,768 - gleitzeit.workers.signal_worker - INFO - Processing registry entry: workflow=workflow-72d17d06-2a7c-4814-9916-9321dfc74316, signal=workflow-completed
[2025-11-04 18:08:52] [STDERR] 2025-11-04 18:08:52,768 - gleitzeit.workers.signal_worker - INFO - No waiters for signal workflow-completed in workflow workflow-72d17d06-2a7c-4814-9916-9321dfc74316 - keeping in registry
[2025-11-04 18:08:52] [STDERR] 2025-11-04 18:08:52,768 - gleitzeit.workers.signal_worker - INFO - Processing registry entry: workflow=workflow-72d17d06-2a7c-4814-9916-9321dfc74316, signal=processing-complete
[2025-11-04 18:08:52] [STDERR] 2025-11-04 18:08:52,768 - gleitzeit.workers.signal_worker - INFO - No waiters for signal processing-complete in workflow workflow-72d17d06-2a7c-4814-9916-9321dfc74316 - keeping in registry
[2025-11-04 18:08:53] [STDERR] 2025-11-04 18:08:53,279 - gleitzeit.workers.signal_worker - INFO - SignalWorker found 2 signals in global registry
[2025-11-04 18:08:53] [STDERR] 2025-11-04 18:08:53,279 - gleitzeit.workers.signal_worker - INFO - Processing registry entry: workflow=workflow-72d17d06-2a7c-4814-9916-9321dfc74316, signal=workflow-completed
[2025-11-04 18:08:53] [STDERR] 2025-11-04 18:08:53,280 - gleitzeit.workers.signal_worker - INFO - No waiters for signal workflow-completed in workflow workflow-72d17d06-2a7c-4814-9916-9321dfc74316 - keeping in registry
[2025-11-04 18:08:53] [STDERR] 2025-11-04 18:08:53,280 - gleitzeit.workers.signal_worker - INFO - Processing registry entry: workflow=workflow-72d17d06-2a7c-4814-9916-9321dfc74316, signal=processing-complete
[2025-11-04 18:08:53] [STDERR] 2025-11-04 18:08:53,280 - gleitzeit.workers.signal_worker - INFO - No waiters for signal processing-complete in workflow workflow-72d17d06-2a7c-4814-9916-9321dfc74316 - keeping in registry
[2025-11-04 18:08:53] [STDERR] 2025-11-04 18:08:53,792 - gleitzeit.workers.signal_worker - INFO - SignalWorker found 2 signals in global registry
[2025-11-04 18:08:53] [STDERR] 2025-11-04 18:08:53,792 - gleitzeit.workers.signal_worker - INFO - Processing registry entry: workflow=workflow-72d17d06-2a7c-4814-9916-9321dfc74316, signal=workflow-completed
[2025-11-04 18:08:53] [STDERR] 2025-11-04 18:08:53,792 - gleitzeit.workers.signal_worker - INFO - No waiters for signal workflow-completed in workflow workflow-72d17d06-2a7c-4814-9916-9321dfc74316 - keeping in registry
[2025-11-04 18:08:53] [STDERR] 2025-11-04 18:08:53,792 - gleitzeit.workers.signal_worker - INFO - Processing registry entry: workflow=workflow-72d17d06-2a7c-4814-9916-9321dfc74316, signal=processing-complete
[2025-11-04 18:08:53] [STDERR] 2025-11-04 18:08:53,793 - gleitzeit.workers.signal_worker - INFO - No waiters for signal processing-complete in workflow workflow-72d17d06-2a7c-4814-9916-9321dfc74316 - keeping in registry
[2025-11-04 18:08:54] [STDERR] 2025-11-04 18:08:54,308 - gleitzeit.workers.signal_worker - INFO - SignalWorker found 2 signals in global registry
[2025-11-04 18:08:54] [STDERR] 2025-11-04 18:08:54,308 - gleitzeit.workers.signal_worker - INFO - Processing registry entry: workflow=workflow-72d17d06-2a7c-4814-9916-9321dfc74316, signal=workflow-completed
[2025-11-04 18:08:54] [STDERR] 2025-11-04 18:08:54,309 - gleitzeit.workers.signal_worker - INFO - No waiters for signal workflow-completed in workflow workflow-72d17d06-2a7c-4814-9916-9321dfc74316 - keeping in registry
[2025-11-04 18:08:54] [STDERR] 2025-11-04 18:08:54,309 - gleitzeit.workers.signal_worker - INFO - Processing registry entry: workflow=workflow-72d17d06-2a7c-4814-9916-9321dfc74316, signal=processing-complete
[2025-11-04 18:08:54] [STDERR] 2025-11-04 18:08:54,309 - gleitzeit.workers.signal_worker - INFO - No waiters for signal processing-complete in workflow workflow-72d17d06-2a7c-4814-9916-9321dfc74316 - keeping in registry
[2025-11-04 18:08:54] [STDERR] 2025-11-04 18:08:54,821 - gleitzeit.workers.signal_worker - INFO - SignalWorker found 2 signals in global registry
[2025-11-04 18:08:54] [STDERR] 2025-11-04 18:08:54,821 - gleitzeit.workers.signal_worker - INFO - Processing registry entry: workflow=workflow-72d17d06-2a7c-4814-9916-9321dfc74316, signal=workflow-completed
[2025-11-04 18:08:54] [STDERR] 2025-11-04 18:08:54,821 - gleitzeit.workers.signal_worker - INFO - No waiters for signal workflow-completed in workflow workflow-72d17d06-2a7c-4814-9916-9321dfc74316 - keeping in registry
[2025-11-04 18:08:54] [STDERR] 2025-11-04 18:08:54,821 - gleitzeit.workers.signal_worker - INFO - Processing registry entry: workflow=workflow-72d17d06-2a7c-4814-9916-9321dfc74316, signal=processing-complete
[2025-11-04 18:08:54] [STDERR] 2025-11-04 18:08:54,822 - gleitzeit.workers.signal_worker - INFO - No waiters for signal processing-complete in workflow workflow-72d17d06-2a7c-4814-9916-9321dfc74316 - keeping in registry
[2025-11-04 18:08:55] [STDERR] 2025-11-04 18:08:55,333 - gleitzeit.workers.signal_worker - INFO - SignalWorker found 2 signals in global registry
[2025-11-04 18:08:55] [STDERR] 2025-11-04 18:08:55,333 - gleitzeit.workers.signal_worker - INFO - Processing registry entry: workflow=workflow-72d17d06-2a7c-4814-9916-9321dfc74316, signal=workflow-completed
[2025-11-04 18:08:55] [STDERR] 2025-11-04 18:08:55,333 - gleitzeit.workers.signal_worker - INFO - No waiters for signal workflow-completed in workflow workflow-72d17d06-2a7c-4814-9916-9321dfc74316 - keeping in registry
[2025-11-04 18:08:55] [STDERR] 2025-11-04 18:08:55,333 - gleitzeit.workers.signal_worker - INFO - Processing registry entry: workflow=workflow-72d17d06-2a7c-4814-9916-9321dfc74316, signal=processing-complete
[2025-11-04 18:08:55] [STDERR] 2025-11-04 18:08:55,333 - gleitzeit.workers.signal_worker - INFO - No waiters for signal processing-complete in workflow workflow-72d17d06-2a7c-4814-9916-9321dfc74316 - keeping in registry
[2025-11-04 18:08:55] [STDERR] 2025-11-04 18:08:55,845 - gleitzeit.workers.signal_worker - INFO - SignalWorker found 2 signals in global registry
[2025-11-04 18:08:55] [STDERR] 2025-11-04 18:08:55,845 - gleitzeit.workers.signal_worker - INFO - Processing registry entry: workflow=workflow-72d17d06-2a7c-4814-9916-9321dfc74316, signal=workflow-completed
[2025-11-04 18:08:55] [STDERR] 2025-11-04 18:08:55,846 - gleitzeit.workers.signal_worker - INFO - No waiters for signal workflow-completed in workflow workflow-72d17d06-2a7c-4814-9916-9321dfc74316 - keeping in registry
[2025-11-04 18:08:55] [STDERR] 2025-11-04 18:08:55,846 - gleitzeit.workers.signal_worker - INFO - Processing registry entry: workflow=workflow-72d17d06-2a7c-4814-9916-9321dfc74316, signal=processing-complete
[2025-11-04 18:08:55] [STDERR] 2025-11-04 18:08:55,846 - gleitzeit.workers.signal_worker - INFO - No waiters for signal processing-complete in workflow workflow-72d17d06-2a7c-4814-9916-9321dfc74316 - keeping in registry
[2025-11-04 18:08:56] [STDERR] 2025-11-04 18:08:56,358 - gleitzeit.workers.signal_worker - INFO - SignalWorker found 2 signals in global registry
[2025-11-04 18:08:56] [STDERR] 2025-11-04 18:08:56,359 - gleitzeit.workers.signal_worker - INFO - Processing registry entry: workflow=workflow-72d17d06-2a7c-4814-9916-9321dfc74316, signal=workflow-completed
[2025-11-04 18:08:56] [STDERR] 2025-11-04 18:08:56,359 - gleitzeit.workers.signal_worker - INFO - No waiters for signal workflow-completed in workflow workflow-72d17d06-2a7c-4814-9916-9321dfc74316 - keeping in registry
[2025-11-04 18:08:56] [STDERR] 2025-11-04 18:08:56,359 - gleitzeit.workers.signal_worker - INFO - Processing registry entry: workflow=workflow-72d17d06-2a7c-4814-9916-9321dfc74316, signal=processing-complete
[2025-11-04 18:08:56] [STDERR] 2025-11-04 18:08:56,359 - gleitzeit.workers.signal_worker - INFO - No waiters for signal processing-complete in workflow workflow-72d17d06-2a7c-4814-9916-9321dfc74316 - keeping in registry
[2025-11-04 18:08:56] [STDERR] 2025-11-04 18:08:56,877 - gleitzeit.workers.signal_worker - INFO - SignalWorker found 2 signals in global registry
[2025-11-04 18:08:56] [STDERR] 2025-11-04 18:08:56,877 - gleitzeit.workers.signal_worker - INFO - Processing registry entry: workflow=workflow-72d17d06-2a7c-4814-9916-9321dfc74316, signal=workflow-completed
[2025-11-04 18:08:56] [STDERR] 2025-11-04 18:08:56,877 - gleitzeit.workers.signal_worker - INFO - No waiters for signal workflow-completed in workflow workflow-72d17d06-2a7c-4814-9916-9321dfc74316 - keeping in registry
[2025-11-04 18:08:56] [STDERR] 2025-11-04 18:08:56,877 - gleitzeit.workers.signal_worker - INFO - Processing registry entry: workflow=workflow-72d17d06-2a7c-4814-9916-9321dfc74316, signal=processing-complete
[2025-11-04 18:08:56] [STDERR] 2025-11-04 18:08:56,877 - gleitzeit.workers.signal_worker - INFO - No waiters for signal processing-complete in workflow workflow-72d17d06-2a7c-4814-9916-9321dfc74316 - keeping in registry
[2025-11-04 18:08:57] [STDERR] 2025-11-04 18:08:57,388 - gleitzeit.workers.signal_worker - INFO - SignalWorker found 2 signals in global registry
[2025-11-04 18:08:57] [STDERR] 2025-11-04 18:08:57,388 - gleitzeit.workers.signal_worker - INFO - Processing registry entry: workflow=workflow-72d17d06-2a7c-4814-9916-9321dfc74316, signal=workflow-completed
[2025-11-04 18:08:57] [STDERR] 2025-11-04 18:08:57,389 - gleitzeit.workers.signal_worker - INFO - No waiters for signal workflow-completed in workflow workflow-72d17d06-2a7c-4814-9916-9321dfc74316 - keeping in registry
[2025-11-04 18:08:57] [STDERR] 2025-11-04 18:08:57,389 - gleitzeit.workers.signal_worker - INFO - Processing registry entry: workflow=workflow-72d17d06-2a7c-4814-9916-9321dfc74316, signal=processing-complete
[2025-11-04 18:08:57] [STDERR] 2025-11-04 18:08:57,389 - gleitzeit.workers.signal_worker - INFO - No waiters for signal processing-complete in workflow workflow-72d17d06-2a7c-4814-9916-9321dfc74316 - keeping in registry
[2025-11-04 18:08:58] [STDERR] 2025-11-04 18:08:58,054 - gleitzeit.workers.signal_worker - INFO - SignalWorker found 2 signals in global registry
[2025-11-04 18:08:58] [STDERR] 2025-11-04 18:08:58,054 - gleitzeit.workers.signal_worker - INFO - Processing registry entry: workflow=workflow-72d17d06-2a7c-4814-9916-9321dfc74316, signal=workflow-completed
[2025-11-04 18:08:58] [STDERR] 2025-11-04 18:08:58,055 - gleitzeit.workers.signal_worker - INFO - No waiters for signal workflow-completed in workflow workflow-72d17d06-2a7c-4814-9916-9321dfc74316 - keeping in registry
[2025-11-04 18:08:58] [STDERR] 2025-11-04 18:08:58,055 - gleitzeit.workers.signal_worker - INFO - Processing registry entry: workflow=workflow-72d17d06-2a7c-4814-9916-9321dfc74316, signal=processing-complete
[2025-11-04 18:08:58] [STDERR] 2025-11-04 18:08:58,055 - gleitzeit.workers.signal_worker - INFO - No waiters for signal processing-complete in workflow workflow-72d17d06-2a7c-4814-9916-9321dfc74316 - keeping in registry
[2025-11-04 18:08:58] [STDERR] 2025-11-04 18:08:58,564 - gleitzeit.workers.signal_worker - INFO - SignalWorker found 2 signals in global registry
[2025-11-04 18:08:58] [STDERR] 2025-11-04 18:08:58,564 - gleitzeit.workers.signal_worker - INFO - Processing registry entry: workflow=workflow-72d17d06-2a7c-4814-9916-9321dfc74316, signal=workflow-completed
[2025-11-04 18:08:58] [STDERR] 2025-11-04 18:08:58,564 - gleitzeit.workers.signal_worker - INFO - No waiters for signal workflow-completed in workflow workflow-72d17d06-2a7c-4814-9916-9321dfc74316 - keeping in registry
[2025-11-04 18:08:58] [STDERR] 2025-11-04 18:08:58,564 - gleitzeit.workers.signal_worker - INFO - Processing registry entry: workflow=workflow-72d17d06-2a7c-4814-9916-9321dfc74316, signal=processing-complete
[2025-11-04 18:08:58] [STDERR] 2025-11-04 18:08:58,564 - gleitzeit.workers.signal_worker - INFO - No waiters for signal processing-complete in workflow workflow-72d17d06-2a7c-4814-9916-9321dfc74316 - keeping in registry
[2025-11-04 18:08:59] [STDERR] 2025-11-04 18:08:59,076 - gleitzeit.workers.signal_worker - INFO - SignalWorker found 2 signals in global registry
[2025-11-04 18:08:59] [STDERR] 2025-11-04 18:08:59,076 - gleitzeit.workers.signal_worker - INFO - Processing registry entry: workflow=workflow-72d17d06-2a7c-4814-9916-9321dfc74316, signal=workflow-completed
[2025-11-04 18:08:59] [STDERR] 2025-11-04 18:08:59,076 - gleitzeit.workers.signal_worker - INFO - No waiters for signal workflow-completed in workflow workflow-72d17d06-2a7c-4814-9916-9321dfc74316 - keeping in registry
[2025-11-04 18:08:59] [STDERR] 2025-11-04 18:08:59,076 - gleitzeit.workers.signal_worker - INFO - Processing registry entry: workflow=workflow-72d17d06-2a7c-4814-9916-9321dfc74316, signal=processing-complete
[2025-11-04 18:08:59] [STDERR] 2025-11-04 18:08:59,076 - gleitzeit.workers.signal_worker - INFO - No waiters for signal processing-complete in workflow workflow-72d17d06-2a7c-4814-9916-9321dfc74316 - keeping in registry
[2025-11-04 18:08:59] [STDERR] 2025-11-04 18:08:59,598 - gleitzeit.workers.signal_worker - INFO - SignalWorker found 2 signals in global registry
[2025-11-04 18:08:59] [STDERR] 2025-11-04 18:08:59,598 - gleitzeit.workers.signal_worker - INFO - Processing registry entry: workflow=workflow-72d17d06-2a7c-4814-9916-9321dfc74316, signal=workflow-completed
[2025-11-04 18:08:59] [STDERR] 2025-11-04 18:08:59,598 - gleitzeit.workers.signal_worker - INFO - No waiters for signal workflow-completed in workflow workflow-72d17d06-2a7c-4814-9916-9321dfc74316 - keeping in registry
[2025-11-04 18:08:59] [STDERR] 2025-11-04 18:08:59,598 - gleitzeit.workers.signal_worker - INFO - Processing registry entry: workflow=workflow-72d17d06-2a7c-4814-9916-9321dfc74316, signal=processing-complete
[2025-11-04 18:08:59] [STDERR] 2025-11-04 18:08:59,598 - gleitzeit.workers.signal_worker - INFO - No waiters for signal processing-complete in workflow workflow-72d17d06-2a7c-4814-9916-9321dfc74316 - keeping in registry
[2025-11-04 18:09:00] [STDERR] 2025-11-04 18:09:00,111 - gleitzeit.workers.signal_worker - INFO - SignalWorker found 2 signals in global registry
[2025-11-04 18:09:00] [STDERR] 2025-11-04 18:09:00,111 - gleitzeit.workers.signal_worker - INFO - Processing registry entry: workflow=workflow-72d17d06-2a7c-4814-9916-9321dfc74316, signal=workflow-completed
[2025-11-04 18:09:00] [STDERR] 2025-11-04 18:09:00,111 - gleitzeit.workers.signal_worker - INFO - No waiters for signal workflow-completed in workflow workflow-72d17d06-2a7c-4814-9916-9321dfc74316 - keeping in registry
[2025-11-04 18:09:00] [STDERR] 2025-11-04 18:09:00,112 - gleitzeit.workers.signal_worker - INFO - Processing registry entry: workflow=workflow-72d17d06-2a7c-4814-9916-9321dfc74316, signal=processing-complete
[2025-11-04 18:09:00] [STDERR] 2025-11-04 18:09:00,112 - gleitzeit.workers.signal_worker - INFO - No waiters for signal processing-complete in workflow workflow-72d17d06-2a7c-4814-9916-9321dfc74316 - keeping in registry
[2025-11-04 18:09:00] [STDERR] 2025-11-04 18:09:00,625 - gleitzeit.workers.signal_worker - INFO - SignalWorker found 2 signals in global registry
[2025-11-04 18:09:00] [STDERR] 2025-11-04 18:09:00,625 - gleitzeit.workers.signal_worker - INFO - Processing registry entry: workflow=workflow-72d17d06-2a7c-4814-9916-9321dfc74316, signal=workflow-completed
[2025-11-04 18:09:00] [STDERR] 2025-11-04 18:09:00,625 - gleitzeit.workers.signal_worker - INFO - No waiters for signal workflow-completed in workflow workflow-72d17d06-2a7c-4814-9916-9321dfc74316 - keeping in registry
[2025-11-04 18:09:00] [STDERR] 2025-11-04 18:09:00,625 - gleitzeit.workers.signal_worker - INFO - Processing registry entry: workflow=workflow-72d17d06-2a7c-4814-9916-9321dfc74316, signal=processing-complete
[2025-11-04 18:09:00] [STDERR] 2025-11-04 18:09:00,625 - gleitzeit.workers.signal_worker - INFO - No waiters for signal processing-complete in workflow workflow-72d17d06-2a7c-4814-9916-9321dfc74316 - keeping in registry
[2025-11-04 18:09:01] [STDERR] 2025-11-04 18:09:01,136 - gleitzeit.workers.signal_worker - INFO - SignalWorker found 2 signals in global registry
[2025-11-04 18:09:01] [STDERR] 2025-11-04 18:09:01,136 - gleitzeit.workers.signal_worker - INFO - Processing registry entry: workflow=workflow-72d17d06-2a7c-4814-9916-9321dfc74316, signal=workflow-completed
[2025-11-04 18:09:01] [STDERR] 2025-11-04 18:09:01,136 - gleitzeit.workers.signal_worker - INFO - No waiters for signal workflow-completed in workflow workflow-72d17d06-2a7c-4814-9916-9321dfc74316 - keeping in registry
[2025-11-04 18:09:01] [STDERR] 2025-11-04 18:09:01,136 - gleitzeit.workers.signal_worker - INFO - Processing registry entry: workflow=workflow-72d17d06-2a7c-4814-9916-9321dfc74316, signal=processing-complete
[2025-11-04 18:09:01] [STDERR] 2025-11-04 18:09:01,136 - gleitzeit.workers.signal_worker - INFO - No waiters for signal processing-complete in workflow workflow-72d17d06-2a7c-4814-9916-9321dfc74316 - keeping in registry
[2025-11-04 18:09:01] [STDERR] 2025-11-04 18:09:01,648 - gleitzeit.workers.signal_worker - INFO - SignalWorker found 2 signals in global registry
[2025-11-04 18:09:01] [STDERR] 2025-11-04 18:09:01,648 - gleitzeit.workers.signal_worker - INFO - Processing registry entry: workflow=workflow-72d17d06-2a7c-4814-9916-9321dfc74316, signal=workflow-completed
[2025-11-04 18:09:01] [STDERR] 2025-11-04 18:09:01,648 - gleitzeit.workers.signal_worker - INFO - No waiters for signal workflow-completed in workflow workflow-72d17d06-2a7c-4814-9916-9321dfc74316 - keeping in registry
[2025-11-04 18:09:01] [STDERR] 2025-11-04 18:09:01,648 - gleitzeit.workers.signal_worker - INFO - Processing registry entry: workflow=workflow-72d17d06-2a7c-4814-9916-9321dfc74316, signal=processing-complete
[2025-11-04 18:09:01] [STDERR] 2025-11-04 18:09:01,648 - gleitzeit.workers.signal_worker - INFO - No waiters for signal processing-complete in workflow workflow-72d17d06-2a7c-4814-9916-9321dfc74316 - keeping in registry
[2025-11-04 18:09:02] [STDERR] 2025-11-04 18:09:02,149 - gleitzeit.workers.signal_worker - INFO - Signal processing loop iteration 100
[2025-11-04 18:09:02] [STDERR] 2025-11-04 18:09:02,172 - gleitzeit.workers.signal_worker - INFO - SignalWorker found 2 signals in global registry
[2025-11-04 18:09:02] [STDERR] 2025-11-04 18:09:02,172 - gleitzeit.workers.signal_worker - INFO - Processing registry entry: workflow=workflow-72d17d06-2a7c-4814-9916-9321dfc74316, signal=workflow-completed
[2025-11-04 18:09:02] [STDERR] 2025-11-04 18:09:02,172 - gleitzeit.workers.signal_worker - INFO - No waiters for signal workflow-completed in workflow workflow-72d17d06-2a7c-4814-9916-9321dfc74316 - keeping in registry
[2025-11-04 18:09:02] [STDERR] 2025-11-04 18:09:02,172 - gleitzeit.workers.signal_worker - INFO - Processing registry entry: workflow=workflow-72d17d06-2a7c-4814-9916-9321dfc74316, signal=processing-complete
[2025-11-04 18:09:02] [STDERR] 2025-11-04 18:09:02,172 - gleitzeit.workers.signal_worker - INFO - No waiters for signal processing-complete in workflow workflow-72d17d06-2a7c-4814-9916-9321dfc74316 - keeping in registry
[2025-11-04 18:09:02] [STDERR] 2025-11-04 18:09:02,683 - gleitzeit.workers.signal_worker - INFO - SignalWorker found 2 signals in global registry
[2025-11-04 18:09:02] [STDERR] 2025-11-04 18:09:02,683 - gleitzeit.workers.signal_worker - INFO - Processing registry entry: workflow=workflow-72d17d06-2a7c-4814-9916-9321dfc74316, signal=workflow-completed
[2025-11-04 18:09:02] [STDERR] 2025-11-04 18:09:02,684 - gleitzeit.workers.signal_worker - INFO - No waiters for signal workflow-completed in workflow workflow-72d17d06-2a7c-4814-9916-9321dfc74316 - keeping in registry
[2025-11-04 18:09:02] [STDERR] 2025-11-04 18:09:02,684 - gleitzeit.workers.signal_worker - INFO - Processing registry entry: workflow=workflow-72d17d06-2a7c-4814-9916-9321dfc74316, signal=processing-complete
[2025-11-04 18:09:02] [STDERR] 2025-11-04 18:09:02,684 - gleitzeit.workers.signal_worker - INFO - No waiters for signal processing-complete in workflow workflow-72d17d06-2a7c-4814-9916-9321dfc74316 - keeping in registry
[2025-11-04 18:09:03] [STDERR] 2025-11-04 18:09:03,198 - gleitzeit.workers.signal_worker - INFO - SignalWorker found 2 signals in global registry
[2025-11-04 18:09:03] [STDERR] 2025-11-04 18:09:03,198 - gleitzeit.workers.signal_worker - INFO - Processing registry entry: workflow=workflow-72d17d06-2a7c-4814-9916-9321dfc74316, signal=workflow-completed
[2025-11-04 18:09:03] [STDERR] 2025-11-04 18:09:03,198 - gleitzeit.workers.signal_worker - INFO - No waiters for signal workflow-completed in workflow workflow-72d17d06-2a7c-4814-9916-9321dfc74316 - keeping in registry
[2025-11-04 18:09:03] [STDERR] 2025-11-04 18:09:03,198 - gleitzeit.workers.signal_worker - INFO - Processing registry entry: workflow=workflow-72d17d06-2a7c-4814-9916-9321dfc74316, signal=processing-complete
[2025-11-04 18:09:03] [STDERR] 2025-11-04 18:09:03,198 - gleitzeit.workers.signal_worker - INFO - No waiters for signal processing-complete in workflow workflow-72d17d06-2a7c-4814-9916-9321dfc74316 - keeping in registry
[2025-11-04 18:09:03] [STDERR] 2025-11-04 18:09:03,708 - gleitzeit.workers.signal_worker - INFO - SignalWorker found 2 signals in global registry
[2025-11-04 18:09:03] [STDERR] 2025-11-04 18:09:03,708 - gleitzeit.workers.signal_worker - INFO - Processing registry entry: workflow=workflow-72d17d06-2a7c-4814-9916-9321dfc74316, signal=workflow-completed
[2025-11-04 18:09:03] [STDERR] 2025-11-04 18:09:03,709 - gleitzeit.workers.signal_worker - INFO - No waiters for signal workflow-completed in workflow workflow-72d17d06-2a7c-4814-9916-9321dfc74316 - keeping in registry
[2025-11-04 18:09:03] [STDERR] 2025-11-04 18:09:03,709 - gleitzeit.workers.signal_worker - INFO - Processing registry entry: workflow=workflow-72d17d06-2a7c-4814-9916-9321dfc74316, signal=processing-complete
[2025-11-04 18:09:03] [STDERR] 2025-11-04 18:09:03,709 - gleitzeit.workers.signal_worker - INFO - No waiters for signal processing-complete in workflow workflow-72d17d06-2a7c-4814-9916-9321dfc74316 - keeping in registry
[2025-11-04 18:09:04] [STDERR] 2025-11-04 18:09:04,222 - gleitzeit.workers.signal_worker - INFO - SignalWorker found 2 signals in global registry
[2025-11-04 18:09:04] [STDERR] 2025-11-04 18:09:04,222 - gleitzeit.workers.signal_worker - INFO - Processing registry entry: workflow=workflow-72d17d06-2a7c-4814-9916-9321dfc74316, signal=workflow-completed
[2025-11-04 18:09:04] [STDERR] 2025-11-04 18:09:04,222 - gleitzeit.workers.signal_worker - INFO - No waiters for signal workflow-completed in workflow workflow-72d17d06-2a7c-4814-9916-9321dfc74316 - keeping in registry
[2025-11-04 18:09:04] [STDERR] 2025-11-04 18:09:04,222 - gleitzeit.workers.signal_worker - INFO - Processing registry entry: workflow=workflow-72d17d06-2a7c-4814-9916-9321dfc74316, signal=processing-complete
[2025-11-04 18:09:04] [STDERR] 2025-11-04 18:09:04,222 - gleitzeit.workers.signal_worker - INFO - No waiters for signal processing-complete in workflow workflow-72d17d06-2a7c-4814-9916-9321dfc74316 - keeping in registry
[2025-11-04 18:09:04] [STDERR] 2025-11-04 18:09:04,737 - gleitzeit.workers.signal_worker - INFO - SignalWorker found 2 signals in global registry
[2025-11-04 18:09:04] [STDERR] 2025-11-04 18:09:04,737 - gleitzeit.workers.signal_worker - INFO - Processing registry entry: workflow=workflow-72d17d06-2a7c-4814-9916-9321dfc74316, signal=workflow-completed
[2025-11-04 18:09:04] [STDERR] 2025-11-04 18:09:04,737 - gleitzeit.workers.signal_worker - INFO - No waiters for signal workflow-completed in workflow workflow-72d17d06-2a7c-4814-9916-9321dfc74316 - keeping in registry
[2025-11-04 18:09:04] [STDERR] 2025-11-04 18:09:04,737 - gleitzeit.workers.signal_worker - INFO - Processing registry entry: workflow=workflow-72d17d06-2a7c-4814-9916-9321dfc74316, signal=processing-complete
[2025-11-04 18:09:04] [STDERR] 2025-11-04 18:09:04,738 - gleitzeit.workers.signal_worker - INFO - No waiters for signal processing-complete in workflow workflow-72d17d06-2a7c-4814-9916-9321dfc74316 - keeping in registry
[2025-11-04 18:09:05] [STDERR] 2025-11-04 18:09:05,248 - gleitzeit.workers.signal_worker - INFO - SignalWorker found 2 signals in global registry
[2025-11-04 18:09:05] [STDERR] 2025-11-04 18:09:05,248 - gleitzeit.workers.signal_worker - INFO - Processing registry entry: workflow=workflow-72d17d06-2a7c-4814-9916-9321dfc74316, signal=workflow-completed
[2025-11-04 18:09:05] [STDERR] 2025-11-04 18:09:05,248 - gleitzeit.workers.signal_worker - INFO - No waiters for signal workflow-completed in workflow workflow-72d17d06-2a7c-4814-9916-9321dfc74316 - keeping in registry
[2025-11-04 18:09:05] [STDERR] 2025-11-04 18:09:05,248 - gleitzeit.workers.signal_worker - INFO - Processing registry entry: workflow=workflow-72d17d06-2a7c-4814-9916-9321dfc74316, signal=processing-complete
[2025-11-04 18:09:05] [STDERR] 2025-11-04 18:09:05,248 - gleitzeit.workers.signal_worker - INFO - No waiters for signal processing-complete in workflow workflow-72d17d06-2a7c-4814-9916-9321dfc74316 - keeping in registry
[2025-11-04 18:09:05] [STDERR] 2025-11-04 18:09:05,776 - gleitzeit.workers.signal_worker - INFO - SignalWorker found 2 signals in global registry
[2025-11-04 18:09:05] [STDERR] 2025-11-04 18:09:05,776 - gleitzeit.workers.signal_worker - INFO - Processing registry entry: workflow=workflow-72d17d06-2a7c-4814-9916-9321dfc74316, signal=workflow-completed
[2025-11-04 18:09:05] [STDERR] 2025-11-04 18:09:05,776 - gleitzeit.workers.signal_worker - INFO - No waiters for signal workflow-completed in workflow workflow-72d17d06-2a7c-4814-9916-9321dfc74316 - keeping in registry
[2025-11-04 18:09:05] [STDERR] 2025-11-04 18:09:05,776 - gleitzeit.workers.signal_worker - INFO - Processing registry entry: workflow=workflow-72d17d06-2a7c-4814-9916-9321dfc74316, signal=processing-complete
[2025-11-04 18:09:05] [STDERR] 2025-11-04 18:09:05,776 - gleitzeit.workers.signal_worker - INFO - No waiters for signal processing-complete in workflow workflow-72d17d06-2a7c-4814-9916-9321dfc74316 - keeping in registry
[2025-11-04 18:09:06] [STDERR] 2025-11-04 18:09:06,288 - gleitzeit.workers.signal_worker - INFO - SignalWorker found 2 signals in global registry
[2025-11-04 18:09:06] [STDERR] 2025-11-04 18:09:06,288 - gleitzeit.workers.signal_worker - INFO - Processing registry entry: workflow=workflow-72d17d06-2a7c-4814-9916-9321dfc74316, signal=workflow-completed
[2025-11-04 18:09:06] [STDERR] 2025-11-04 18:09:06,288 - gleitzeit.workers.signal_worker - INFO - No waiters for signal workflow-completed in workflow workflow-72d17d06-2a7c-4814-9916-9321dfc74316 - keeping in registry
[2025-11-04 18:09:06] [STDERR] 2025-11-04 18:09:06,288 - gleitzeit.workers.signal_worker - INFO - Processing registry entry: workflow=workflow-72d17d06-2a7c-4814-9916-9321dfc74316, signal=processing-complete
[2025-11-04 18:09:06] [STDERR] 2025-11-04 18:09:06,288 - gleitzeit.workers.signal_worker - INFO - No waiters for signal processing-complete in workflow workflow-72d17d06-2a7c-4814-9916-9321dfc74316 - keeping in registry
[2025-11-04 18:09:06] [STDERR] 2025-11-04 18:09:06,797 - gleitzeit.workers.signal_worker - INFO - SignalWorker found 2 signals in global registry
[2025-11-04 18:09:06] [STDERR] 2025-11-04 18:09:06,797 - gleitzeit.workers.signal_worker - INFO - Processing registry entry: workflow=workflow-72d17d06-2a7c-4814-9916-9321dfc74316, signal=workflow-completed
[2025-11-04 18:09:06] [STDERR] 2025-11-04 18:09:06,798 - gleitzeit.workers.signal_worker - INFO - No waiters for signal workflow-completed in workflow workflow-72d17d06-2a7c-4814-9916-9321dfc74316 - keeping in registry
[2025-11-04 18:09:06] [STDERR] 2025-11-04 18:09:06,798 - gleitzeit.workers.signal_worker - INFO - Processing registry entry: workflow=workflow-72d17d06-2a7c-4814-9916-9321dfc74316, signal=processing-complete
[2025-11-04 18:09:06] [STDERR] 2025-11-04 18:09:06,798 - gleitzeit.workers.signal_worker - INFO - No waiters for signal processing-complete in workflow workflow-72d17d06-2a7c-4814-9916-9321dfc74316 - keeping in registry
[2025-11-04 18:09:07] [STDERR] 2025-11-04 18:09:07,306 - gleitzeit.workers.signal_worker - INFO - SignalWorker found 2 signals in global registry
[2025-11-04 18:09:07] [STDERR] 2025-11-04 18:09:07,306 - gleitzeit.workers.signal_worker - INFO - Processing registry entry: workflow=workflow-72d17d06-2a7c-4814-9916-9321dfc74316, signal=workflow-completed
[2025-11-04 18:09:07] [STDERR] 2025-11-04 18:09:07,306 - gleitzeit.workers.signal_worker - INFO - No waiters for signal workflow-completed in workflow workflow-72d17d06-2a7c-4814-9916-9321dfc74316 - keeping in registry
[2025-11-04 18:09:07] [STDERR] 2025-11-04 18:09:07,306 - gleitzeit.workers.signal_worker - INFO - Processing registry entry: workflow=workflow-72d17d06-2a7c-4814-9916-9321dfc74316, signal=processing-complete
[2025-11-04 18:09:07] [STDERR] 2025-11-04 18:09:07,306 - gleitzeit.workers.signal_worker - INFO - No waiters for signal processing-complete in workflow workflow-72d17d06-2a7c-4814-9916-9321dfc74316 - keeping in registry
[2025-11-04 18:09:07] [STDERR] 2025-11-04 18:09:07,814 - gleitzeit.workers.signal_worker - INFO - SignalWorker found 2 signals in global registry
[2025-11-04 18:09:07] [STDERR] 2025-11-04 18:09:07,814 - gleitzeit.workers.signal_worker - INFO - Processing registry entry: workflow=workflow-72d17d06-2a7c-4814-9916-9321dfc74316, signal=workflow-completed
[2025-11-04 18:09:07] [STDERR] 2025-11-04 18:09:07,814 - gleitzeit.workers.signal_worker - INFO - No waiters for signal workflow-completed in workflow workflow-72d17d06-2a7c-4814-9916-9321dfc74316 - keeping in registry
[2025-11-04 18:09:07] [STDERR] 2025-11-04 18:09:07,814 - gleitzeit.workers.signal_worker - INFO - Processing registry entry: workflow=workflow-72d17d06-2a7c-4814-9916-9321dfc74316, signal=processing-complete
[2025-11-04 18:09:07] [STDERR] 2025-11-04 18:09:07,814 - gleitzeit.workers.signal_worker - INFO - No waiters for signal processing-complete in workflow workflow-72d17d06-2a7c-4814-9916-9321dfc74316 - keeping in registry
[2025-11-04 18:09:08] [STDERR] 2025-11-04 18:09:08,336 - gleitzeit.workers.signal_worker - INFO - SignalWorker found 2 signals in global registry
[2025-11-04 18:09:08] [STDERR] 2025-11-04 18:09:08,336 - gleitzeit.workers.signal_worker - INFO - Processing registry entry: workflow=workflow-72d17d06-2a7c-4814-9916-9321dfc74316, signal=workflow-completed
[2025-11-04 18:09:08] [STDERR] 2025-11-04 18:09:08,336 - gleitzeit.workers.signal_worker - INFO - No waiters for signal workflow-completed in workflow workflow-72d17d06-2a7c-4814-9916-9321dfc74316 - keeping in registry
[2025-11-04 18:09:08] [STDERR] 2025-11-04 18:09:08,336 - gleitzeit.workers.signal_worker - INFO - Processing registry entry: workflow=workflow-72d17d06-2a7c-4814-9916-9321dfc74316, signal=processing-complete
[2025-11-04 18:09:08] [STDERR] 2025-11-04 18:09:08,336 - gleitzeit.workers.signal_worker - INFO - No waiters for signal processing-complete in workflow workflow-72d17d06-2a7c-4814-9916-9321dfc74316 - keeping in registry
[2025-11-04 18:09:08] [STDERR] 2025-11-04 18:09:08,847 - gleitzeit.workers.signal_worker - INFO - SignalWorker found 2 signals in global registry
[2025-11-04 18:09:08] [STDERR] 2025-11-04 18:09:08,847 - gleitzeit.workers.signal_worker - INFO - Processing registry entry: workflow=workflow-72d17d06-2a7c-4814-9916-9321dfc74316, signal=workflow-completed
[2025-11-04 18:09:08] [STDERR] 2025-11-04 18:09:08,847 - gleitzeit.workers.signal_worker - INFO - No waiters for signal workflow-completed in workflow workflow-72d17d06-2a7c-4814-9916-9321dfc74316 - keeping in registry
[2025-11-04 18:09:08] [STDERR] 2025-11-04 18:09:08,847 - gleitzeit.workers.signal_worker - INFO - Processing registry entry: workflow=workflow-72d17d06-2a7c-4814-9916-9321dfc74316, signal=processing-complete
[2025-11-04 18:09:08] [STDERR] 2025-11-04 18:09:08,847 - gleitzeit.workers.signal_worker - INFO - No waiters for signal processing-complete in workflow workflow-72d17d06-2a7c-4814-9916-9321dfc74316 - keeping in registry
[2025-11-04 18:09:09] [STDERR] 2025-11-04 18:09:09,359 - gleitzeit.workers.signal_worker - INFO - SignalWorker found 2 signals in global registry
[2025-11-04 18:09:09] [STDERR] 2025-11-04 18:09:09,359 - gleitzeit.workers.signal_worker - INFO - Processing registry entry: workflow=workflow-72d17d06-2a7c-4814-9916-9321dfc74316, signal=workflow-completed
[2025-11-04 18:09:09] [STDERR] 2025-11-04 18:09:09,359 - gleitzeit.workers.signal_worker - INFO - No waiters for signal workflow-completed in workflow workflow-72d17d06-2a7c-4814-9916-9321dfc74316 - keeping in registry
[2025-11-04 18:09:09] [STDERR] 2025-11-04 18:09:09,359 - gleitzeit.workers.signal_worker - INFO - Processing registry entry: workflow=workflow-72d17d06-2a7c-4814-9916-9321dfc74316, signal=processing-complete
[2025-11-04 18:09:09] [STDERR] 2025-11-04 18:09:09,359 - gleitzeit.workers.signal_worker - INFO - No waiters for signal processing-complete in workflow workflow-72d17d06-2a7c-4814-9916-9321dfc74316 - keeping in registry
[2025-11-04 18:09:09] [STDERR] 2025-11-04 18:09:09,868 - gleitzeit.workers.signal_worker - INFO - SignalWorker found 2 signals in global registry
[2025-11-04 18:09:09] [STDERR] 2025-11-04 18:09:09,868 - gleitzeit.workers.signal_worker - INFO - Processing registry entry: workflow=workflow-72d17d06-2a7c-4814-9916-9321dfc74316, signal=workflow-completed
[2025-11-04 18:09:09] [STDERR] 2025-11-04 18:09:09,868 - gleitzeit.workers.signal_worker - INFO - No waiters for signal workflow-completed in workflow workflow-72d17d06-2a7c-4814-9916-9321dfc74316 - keeping in registry
[2025-11-04 18:09:09] [STDERR] 2025-11-04 18:09:09,868 - gleitzeit.workers.signal_worker - INFO - Processing registry entry: workflow=workflow-72d17d06-2a7c-4814-9916-9321dfc74316, signal=processing-complete
[2025-11-04 18:09:09] [STDERR] 2025-11-04 18:09:09,868 - gleitzeit.workers.signal_worker - INFO - No waiters for signal processing-complete in workflow workflow-72d17d06-2a7c-4814-9916-9321dfc74316 - keeping in registry
[2025-11-04 18:09:10] [STDERR] 2025-11-04 18:09:10,380 - gleitzeit.workers.signal_worker - INFO - SignalWorker found 2 signals in global registry
[2025-11-04 18:09:10] [STDERR] 2025-11-04 18:09:10,380 - gleitzeit.workers.signal_worker - INFO - Processing registry entry: workflow=workflow-72d17d06-2a7c-4814-9916-9321dfc74316, signal=workflow-completed
[2025-11-04 18:09:10] [STDERR] 2025-11-04 18:09:10,380 - gleitzeit.workers.signal_worker - INFO - No waiters for signal workflow-completed in workflow workflow-72d17d06-2a7c-4814-9916-9321dfc74316 - keeping in registry
[2025-11-04 18:09:10] [STDERR] 2025-11-04 18:09:10,380 - gleitzeit.workers.signal_worker - INFO - Processing registry entry: workflow=workflow-72d17d06-2a7c-4814-9916-9321dfc74316, signal=processing-complete
[2025-11-04 18:09:10] [STDERR] 2025-11-04 18:09:10,380 - gleitzeit.workers.signal_worker - INFO - No waiters for signal processing-complete in workflow workflow-72d17d06-2a7c-4814-9916-9321dfc74316 - keeping in registry
[2025-11-04 18:09:10] [STDERR] 2025-11-04 18:09:10,901 - gleitzeit.workers.signal_worker - INFO - SignalWorker found 2 signals in global registry
[2025-11-04 18:09:10] [STDERR] 2025-11-04 18:09:10,901 - gleitzeit.workers.signal_worker - INFO - Processing registry entry: workflow=workflow-72d17d06-2a7c-4814-9916-9321dfc74316, signal=workflow-completed
[2025-11-04 18:09:10] [STDERR] 2025-11-04 18:09:10,902 - gleitzeit.workers.signal_worker - INFO - No waiters for signal workflow-completed in workflow workflow-72d17d06-2a7c-4814-9916-9321dfc74316 - keeping in registry
[2025-11-04 18:09:10] [STDERR] 2025-11-04 18:09:10,902 - gleitzeit.workers.signal_worker - INFO - Processing registry entry: workflow=workflow-72d17d06-2a7c-4814-9916-9321dfc74316, signal=processing-complete
[2025-11-04 18:09:10] [STDERR] 2025-11-04 18:09:10,902 - gleitzeit.workers.signal_worker - INFO - No waiters for signal processing-complete in workflow workflow-72d17d06-2a7c-4814-9916-9321dfc74316 - keeping in registry
[2025-11-04 18:09:11] [STDERR] 2025-11-04 18:09:11,414 - gleitzeit.workers.signal_worker - INFO - SignalWorker found 2 signals in global registry
[2025-11-04 18:09:11] [STDERR] 2025-11-04 18:09:11,414 - gleitzeit.workers.signal_worker - INFO - Processing registry entry: workflow=workflow-72d17d06-2a7c-4814-9916-9321dfc74316, signal=workflow-completed
[2025-11-04 18:09:11] [STDERR] 2025-11-04 18:09:11,415 - gleitzeit.workers.signal_worker - INFO - No waiters for signal workflow-completed in workflow workflow-72d17d06-2a7c-4814-9916-9321dfc74316 - keeping in registry
[2025-11-04 18:09:11] [STDERR] 2025-11-04 18:09:11,415 - gleitzeit.workers.signal_worker - INFO - Processing registry entry: workflow=workflow-72d17d06-2a7c-4814-9916-9321dfc74316, signal=processing-complete
[2025-11-04 18:09:11] [STDERR] 2025-11-04 18:09:11,415 - gleitzeit.workers.signal_worker - INFO - No waiters for signal processing-complete in workflow workflow-72d17d06-2a7c-4814-9916-9321dfc74316 - keeping in registry
[2025-11-04 18:09:11] [STDERR] 2025-11-04 18:09:11,929 - gleitzeit.workers.signal_worker - INFO - SignalWorker found 2 signals in global registry
[2025-11-04 18:09:11] [STDERR] 2025-11-04 18:09:11,929 - gleitzeit.workers.signal_worker - INFO - Processing registry entry: workflow=workflow-72d17d06-2a7c-4814-9916-9321dfc74316, signal=workflow-completed
[2025-11-04 18:09:11] [STDERR] 2025-11-04 18:09:11,929 - gleitzeit.workers.signal_worker - INFO - No waiters for signal workflow-completed in workflow workflow-72d17d06-2a7c-4814-9916-9321dfc74316 - keeping in registry
[2025-11-04 18:09:11] [STDERR] 2025-11-04 18:09:11,929 - gleitzeit.workers.signal_worker - INFO - Processing registry entry: workflow=workflow-72d17d06-2a7c-4814-9916-9321dfc74316, signal=processing-complete
[2025-11-04 18:09:11] [STDERR] 2025-11-04 18:09:11,929 - gleitzeit.workers.signal_worker - INFO - No waiters for signal processing-complete in workflow workflow-72d17d06-2a7c-4814-9916-9321dfc74316 - keeping in registry
[2025-11-04 18:09:12] [STDERR] 2025-11-04 18:09:12,430 - gleitzeit.workers.signal_worker - INFO - Signal processing loop iteration 120
[2025-11-04 18:09:12] [STDERR] 2025-11-04 18:09:12,437 - gleitzeit.workers.signal_worker - INFO - SignalWorker found 2 signals in global registry
[2025-11-04 18:09:12] [STDERR] 2025-11-04 18:09:12,437 - gleitzeit.workers.signal_worker - INFO - Processing registry entry: workflow=workflow-72d17d06-2a7c-4814-9916-9321dfc74316, signal=workflow-completed
[2025-11-04 18:09:12] [STDERR] 2025-11-04 18:09:12,437 - gleitzeit.workers.signal_worker - INFO - No waiters for signal workflow-completed in workflow workflow-72d17d06-2a7c-4814-9916-9321dfc74316 - keeping in registry
[2025-11-04 18:09:12] [STDERR] 2025-11-04 18:09:12,437 - gleitzeit.workers.signal_worker - INFO - Processing registry entry: workflow=workflow-72d17d06-2a7c-4814-9916-9321dfc74316, signal=processing-complete
[2025-11-04 18:09:12] [STDERR] 2025-11-04 18:09:12,437 - gleitzeit.workers.signal_worker - INFO - No waiters for signal processing-complete in workflow workflow-72d17d06-2a7c-4814-9916-9321dfc74316 - keeping in registry
[2025-11-04 18:09:12] [STDERR] 2025-11-04 18:09:12,948 - gleitzeit.workers.signal_worker - INFO - SignalWorker found 2 signals in global registry
[2025-11-04 18:09:12] [STDERR] 2025-11-04 18:09:12,948 - gleitzeit.workers.signal_worker - INFO - Processing registry entry: workflow=workflow-72d17d06-2a7c-4814-9916-9321dfc74316, signal=workflow-completed
[2025-11-04 18:09:12] [STDERR] 2025-11-04 18:09:12,948 - gleitzeit.workers.signal_worker - INFO - No waiters for signal workflow-completed in workflow workflow-72d17d06-2a7c-4814-9916-9321dfc74316 - keeping in registry
[2025-11-04 18:09:12] [STDERR] 2025-11-04 18:09:12,948 - gleitzeit.workers.signal_worker - INFO - Processing registry entry: workflow=workflow-72d17d06-2a7c-4814-9916-9321dfc74316, signal=processing-complete
[2025-11-04 18:09:12] [STDERR] 2025-11-04 18:09:12,948 - gleitzeit.workers.signal_worker - INFO - No waiters for signal processing-complete in workflow workflow-72d17d06-2a7c-4814-9916-9321dfc74316 - keeping in registry
[2025-11-04 18:09:13] [STDERR] 2025-11-04 18:09:13,522 - gleitzeit.workers.signal_worker - INFO - SignalWorker found 2 signals in global registry
[2025-11-04 18:09:13] [STDERR] 2025-11-04 18:09:13,522 - gleitzeit.workers.signal_worker - INFO - Processing registry entry: workflow=workflow-72d17d06-2a7c-4814-9916-9321dfc74316, signal=workflow-completed
[2025-11-04 18:09:13] [STDERR] 2025-11-04 18:09:13,522 - gleitzeit.workers.signal_worker - INFO - No waiters for signal workflow-completed in workflow workflow-72d17d06-2a7c-4814-9916-9321dfc74316 - keeping in registry
[2025-11-04 18:09:13] [STDERR] 2025-11-04 18:09:13,522 - gleitzeit.workers.signal_worker - INFO - Processing registry entry: workflow=workflow-72d17d06-2a7c-4814-9916-9321dfc74316, signal=processing-complete
[2025-11-04 18:09:13] [STDERR] 2025-11-04 18:09:13,523 - gleitzeit.workers.signal_worker - INFO - No waiters for signal processing-complete in workflow workflow-72d17d06-2a7c-4814-9916-9321dfc74316 - keeping in registry
[2025-11-04 18:09:14] [STDERR] 2025-11-04 18:09:14,036 - gleitzeit.workers.signal_worker - INFO - SignalWorker found 2 signals in global registry
[2025-11-04 18:09:14] [STDERR] 2025-11-04 18:09:14,036 - gleitzeit.workers.signal_worker - INFO - Processing registry entry: workflow=workflow-72d17d06-2a7c-4814-9916-9321dfc74316, signal=workflow-completed
[2025-11-04 18:09:14] [STDERR] 2025-11-04 18:09:14,037 - gleitzeit.workers.signal_worker - INFO - No waiters for signal workflow-completed in workflow workflow-72d17d06-2a7c-4814-9916-9321dfc74316 - keeping in registry
[2025-11-04 18:09:14] [STDERR] 2025-11-04 18:09:14,037 - gleitzeit.workers.signal_worker - INFO - Processing registry entry: workflow=workflow-72d17d06-2a7c-4814-9916-9321dfc74316, signal=processing-complete
[2025-11-04 18:09:14] [STDERR] 2025-11-04 18:09:14,037 - gleitzeit.workers.signal_worker - INFO - No waiters for signal processing-complete in workflow workflow-72d17d06-2a7c-4814-9916-9321dfc74316 - keeping in registry
[2025-11-04 18:09:14] [STDERR] 2025-11-04 18:09:14,551 - gleitzeit.workers.signal_worker - INFO - SignalWorker found 2 signals in global registry
[2025-11-04 18:09:14] [STDERR] 2025-11-04 18:09:14,551 - gleitzeit.workers.signal_worker - INFO - Processing registry entry: workflow=workflow-72d17d06-2a7c-4814-9916-9321dfc74316, signal=workflow-completed
[2025-11-04 18:09:14] [STDERR] 2025-11-04 18:09:14,551 - gleitzeit.workers.signal_worker - INFO - No waiters for signal workflow-completed in workflow workflow-72d17d06-2a7c-4814-9916-9321dfc74316 - keeping in registry
[2025-11-04 18:09:14] [STDERR] 2025-11-04 18:09:14,551 - gleitzeit.workers.signal_worker - INFO - Processing registry entry: workflow=workflow-72d17d06-2a7c-4814-9916-9321dfc74316, signal=processing-complete
[2025-11-04 18:09:14] [STDERR] 2025-11-04 18:09:14,551 - gleitzeit.workers.signal_worker - INFO - No waiters for signal processing-complete in workflow workflow-72d17d06-2a7c-4814-9916-9321dfc74316 - keeping in registry
[2025-11-04 18:09:15] [STDERR] 2025-11-04 18:09:15,061 - gleitzeit.workers.signal_worker - INFO - SignalWorker found 2 signals in global registry
[2025-11-04 18:09:15] [STDERR] 2025-11-04 18:09:15,061 - gleitzeit.workers.signal_worker - INFO - Processing registry entry: workflow=workflow-72d17d06-2a7c-4814-9916-9321dfc74316, signal=workflow-completed
[2025-11-04 18:09:15] [STDERR] 2025-11-04 18:09:15,061 - gleitzeit.workers.signal_worker - INFO - No waiters for signal workflow-completed in workflow workflow-72d17d06-2a7c-4814-9916-9321dfc74316 - keeping in registry
[2025-11-04 18:09:15] [STDERR] 2025-11-04 18:09:15,061 - gleitzeit.workers.signal_worker - INFO - Processing registry entry: workflow=workflow-72d17d06-2a7c-4814-9916-9321dfc74316, signal=processing-complete
[2025-11-04 18:09:15] [STDERR] 2025-11-04 18:09:15,061 - gleitzeit.workers.signal_worker - INFO - No waiters for signal processing-complete in workflow workflow-72d17d06-2a7c-4814-9916-9321dfc74316 - keeping in registry
[2025-11-04 18:09:15] [STDERR] 2025-11-04 18:09:15,585 - gleitzeit.workers.signal_worker - INFO - SignalWorker found 2 signals in global registry
[2025-11-04 18:09:15] [STDERR] 2025-11-04 18:09:15,585 - gleitzeit.workers.signal_worker - INFO - Processing registry entry: workflow=workflow-72d17d06-2a7c-4814-9916-9321dfc74316, signal=workflow-completed
[2025-11-04 18:09:15] [STDERR] 2025-11-04 18:09:15,586 - gleitzeit.workers.signal_worker - INFO - No waiters for signal workflow-completed in workflow workflow-72d17d06-2a7c-4814-9916-9321dfc74316 - keeping in registry
[2025-11-04 18:09:15] [STDERR] 2025-11-04 18:09:15,586 - gleitzeit.workers.signal_worker - INFO - Processing registry entry: workflow=workflow-72d17d06-2a7c-4814-9916-9321dfc74316, signal=processing-complete
[2025-11-04 18:09:15] [STDERR] 2025-11-04 18:09:15,586 - gleitzeit.workers.signal_worker - INFO - No waiters for signal processing-complete in workflow workflow-72d17d06-2a7c-4814-9916-9321dfc74316 - keeping in registry
[2025-11-04 18:09:16] [STDERR] 2025-11-04 18:09:16,122 - gleitzeit.workers.signal_worker - INFO - SignalWorker found 2 signals in global registry
[2025-11-04 18:09:16] [STDERR] 2025-11-04 18:09:16,122 - gleitzeit.workers.signal_worker - INFO - Processing registry entry: workflow=workflow-72d17d06-2a7c-4814-9916-9321dfc74316, signal=workflow-completed
[2025-11-04 18:09:16] [STDERR] 2025-11-04 18:09:16,123 - gleitzeit.workers.signal_worker - INFO - No waiters for signal workflow-completed in workflow workflow-72d17d06-2a7c-4814-9916-9321dfc74316 - keeping in registry
[2025-11-04 18:09:16] [STDERR] 2025-11-04 18:09:16,123 - gleitzeit.workers.signal_worker - INFO - Processing registry entry: workflow=workflow-72d17d06-2a7c-4814-9916-9321dfc74316, signal=processing-complete
[2025-11-04 18:09:16] [STDERR] 2025-11-04 18:09:16,124 - gleitzeit.workers.signal_worker - INFO - No waiters for signal processing-complete in workflow workflow-72d17d06-2a7c-4814-9916-9321dfc74316 - keeping in registry
[2025-11-04 18:09:16] [STDERR] 2025-11-04 18:09:16,645 - gleitzeit.workers.signal_worker - INFO - SignalWorker found 2 signals in global registry
[2025-11-04 18:09:16] [STDERR] 2025-11-04 18:09:16,645 - gleitzeit.workers.signal_worker - INFO - Processing registry entry: workflow=workflow-72d17d06-2a7c-4814-9916-9321dfc74316, signal=workflow-completed
[2025-11-04 18:09:16] [STDERR] 2025-11-04 18:09:16,646 - gleitzeit.workers.signal_worker - INFO - No waiters for signal workflow-completed in workflow workflow-72d17d06-2a7c-4814-9916-9321dfc74316 - keeping in registry
[2025-11-04 18:09:16] [STDERR] 2025-11-04 18:09:16,646 - gleitzeit.workers.signal_worker - INFO - Processing registry entry: workflow=workflow-72d17d06-2a7c-4814-9916-9321dfc74316, signal=processing-complete
[2025-11-04 18:09:16] [STDERR] 2025-11-04 18:09:16,646 - gleitzeit.workers.signal_worker - INFO - No waiters for signal processing-complete in workflow workflow-72d17d06-2a7c-4814-9916-9321dfc74316 - keeping in registry
[2025-11-04 18:09:17] [STDERR] 2025-11-04 18:09:17,158 - gleitzeit.workers.signal_worker - INFO - SignalWorker found 2 signals in global registry
[2025-11-04 18:09:17] [STDERR] 2025-11-04 18:09:17,158 - gleitzeit.workers.signal_worker - INFO - Processing registry entry: workflow=workflow-72d17d06-2a7c-4814-9916-9321dfc74316, signal=workflow-completed
[2025-11-04 18:09:17] [STDERR] 2025-11-04 18:09:17,158 - gleitzeit.workers.signal_worker - INFO - No waiters for signal workflow-completed in workflow workflow-72d17d06-2a7c-4814-9916-9321dfc74316 - keeping in registry
[2025-11-04 18:09:17] [STDERR] 2025-11-04 18:09:17,158 - gleitzeit.workers.signal_worker - INFO - Processing registry entry: workflow=workflow-72d17d06-2a7c-4814-9916-9321dfc74316, signal=processing-complete
[2025-11-04 18:09:17] [STDERR] 2025-11-04 18:09:17,159 - gleitzeit.workers.signal_worker - INFO - No waiters for signal processing-complete in workflow workflow-72d17d06-2a7c-4814-9916-9321dfc74316 - keeping in registry
[2025-11-04 18:09:17] [STDERR] 2025-11-04 18:09:17,667 - gleitzeit.workers.signal_worker - INFO - SignalWorker found 2 signals in global registry
[2025-11-04 18:09:17] [STDERR] 2025-11-04 18:09:17,667 - gleitzeit.workers.signal_worker - INFO - Processing registry entry: workflow=workflow-72d17d06-2a7c-4814-9916-9321dfc74316, signal=workflow-completed
[2025-11-04 18:09:17] [STDERR] 2025-11-04 18:09:17,667 - gleitzeit.workers.signal_worker - INFO - No waiters for signal workflow-completed in workflow workflow-72d17d06-2a7c-4814-9916-9321dfc74316 - keeping in registry
[2025-11-04 18:09:17] [STDERR] 2025-11-04 18:09:17,667 - gleitzeit.workers.signal_worker - INFO - Processing registry entry: workflow=workflow-72d17d06-2a7c-4814-9916-9321dfc74316, signal=processing-complete
[2025-11-04 18:09:17] [STDERR] 2025-11-04 18:09:17,667 - gleitzeit.workers.signal_worker - INFO - No waiters for signal processing-complete in workflow workflow-72d17d06-2a7c-4814-9916-9321dfc74316 - keeping in registry
[2025-11-04 18:09:18] [STDERR] 2025-11-04 18:09:18,179 - gleitzeit.workers.signal_worker - INFO - SignalWorker found 2 signals in global registry
[2025-11-04 18:09:18] [STDERR] 2025-11-04 18:09:18,179 - gleitzeit.workers.signal_worker - INFO - Processing registry entry: workflow=workflow-72d17d06-2a7c-4814-9916-9321dfc74316, signal=workflow-completed
[2025-11-04 18:09:18] [STDERR] 2025-11-04 18:09:18,179 - gleitzeit.workers.signal_worker - INFO - No waiters for signal workflow-completed in workflow workflow-72d17d06-2a7c-4814-9916-9321dfc74316 - keeping in registry
[2025-11-04 18:09:18] [STDERR] 2025-11-04 18:09:18,179 - gleitzeit.workers.signal_worker - INFO - Processing registry entry: workflow=workflow-72d17d06-2a7c-4814-9916-9321dfc74316, signal=processing-complete
[2025-11-04 18:09:18] [STDERR] 2025-11-04 18:09:18,179 - gleitzeit.workers.signal_worker - INFO - No waiters for signal processing-complete in workflow workflow-72d17d06-2a7c-4814-9916-9321dfc74316 - keeping in registry
[2025-11-04 18:09:18] [STDERR] 2025-11-04 18:09:18,695 - gleitzeit.workers.signal_worker - INFO - SignalWorker found 2 signals in global registry
[2025-11-04 18:09:18] [STDERR] 2025-11-04 18:09:18,695 - gleitzeit.workers.signal_worker - INFO - Processing registry entry: workflow=workflow-72d17d06-2a7c-4814-9916-9321dfc74316, signal=workflow-completed
[2025-11-04 18:09:18] [STDERR] 2025-11-04 18:09:18,695 - gleitzeit.workers.signal_worker - INFO - No waiters for signal workflow-completed in workflow workflow-72d17d06-2a7c-4814-9916-9321dfc74316 - keeping in registry
[2025-11-04 18:09:18] [STDERR] 2025-11-04 18:09:18,695 - gleitzeit.workers.signal_worker - INFO - Processing registry entry: workflow=workflow-72d17d06-2a7c-4814-9916-9321dfc74316, signal=processing-complete
[2025-11-04 18:09:18] [STDERR] 2025-11-04 18:09:18,696 - gleitzeit.workers.signal_worker - INFO - No waiters for signal processing-complete in workflow workflow-72d17d06-2a7c-4814-9916-9321dfc74316 - keeping in registry
[2025-11-04 18:09:19] [STDERR] 2025-11-04 18:09:19,208 - gleitzeit.workers.signal_worker - INFO - SignalWorker found 2 signals in global registry
[2025-11-04 18:09:19] [STDERR] 2025-11-04 18:09:19,208 - gleitzeit.workers.signal_worker - INFO - Processing registry entry: workflow=workflow-72d17d06-2a7c-4814-9916-9321dfc74316, signal=workflow-completed
[2025-11-04 18:09:19] [STDERR] 2025-11-04 18:09:19,208 - gleitzeit.workers.signal_worker - INFO - No waiters for signal workflow-completed in workflow workflow-72d17d06-2a7c-4814-9916-9321dfc74316 - keeping in registry
[2025-11-04 18:09:19] [STDERR] 2025-11-04 18:09:19,208 - gleitzeit.workers.signal_worker - INFO - Processing registry entry: workflow=workflow-72d17d06-2a7c-4814-9916-9321dfc74316, signal=processing-complete
[2025-11-04 18:09:19] [STDERR] 2025-11-04 18:09:19,208 - gleitzeit.workers.signal_worker - INFO - No waiters for signal processing-complete in workflow workflow-72d17d06-2a7c-4814-9916-9321dfc74316 - keeping in registry
[2025-11-04 18:09:19] [STDERR] 2025-11-04 18:09:19,716 - gleitzeit.workers.signal_worker - INFO - SignalWorker found 2 signals in global registry
[2025-11-04 18:09:19] [STDERR] 2025-11-04 18:09:19,716 - gleitzeit.workers.signal_worker - INFO - Processing registry entry: workflow=workflow-72d17d06-2a7c-4814-9916-9321dfc74316, signal=workflow-completed
[2025-11-04 18:09:19] [STDERR] 2025-11-04 18:09:19,716 - gleitzeit.workers.signal_worker - INFO - No waiters for signal workflow-completed in workflow workflow-72d17d06-2a7c-4814-9916-9321dfc74316 - keeping in registry
[2025-11-04 18:09:19] [STDERR] 2025-11-04 18:09:19,716 - gleitzeit.workers.signal_worker - INFO - Processing registry entry: workflow=workflow-72d17d06-2a7c-4814-9916-9321dfc74316, signal=processing-complete
[2025-11-04 18:09:19] [STDERR] 2025-11-04 18:09:19,716 - gleitzeit.workers.signal_worker - INFO - No waiters for signal processing-complete in workflow workflow-72d17d06-2a7c-4814-9916-9321dfc74316 - keeping in registry
[2025-11-04 18:09:20] [STDERR] 2025-11-04 18:09:20,229 - gleitzeit.workers.signal_worker - INFO - SignalWorker found 2 signals in global registry
[2025-11-04 18:09:20] [STDERR] 2025-11-04 18:09:20,229 - gleitzeit.workers.signal_worker - INFO - Processing registry entry: workflow=workflow-72d17d06-2a7c-4814-9916-9321dfc74316, signal=workflow-completed
[2025-11-04 18:09:20] [STDERR] 2025-11-04 18:09:20,229 - gleitzeit.workers.signal_worker - INFO - No waiters for signal workflow-completed in workflow workflow-72d17d06-2a7c-4814-9916-9321dfc74316 - keeping in registry
[2025-11-04 18:09:20] [STDERR] 2025-11-04 18:09:20,229 - gleitzeit.workers.signal_worker - INFO - Processing registry entry: workflow=workflow-72d17d06-2a7c-4814-9916-9321dfc74316, signal=processing-complete
[2025-11-04 18:09:20] [STDERR] 2025-11-04 18:09:20,229 - gleitzeit.workers.signal_worker - INFO - No waiters for signal processing-complete in workflow workflow-72d17d06-2a7c-4814-9916-9321dfc74316 - keeping in registry
[2025-11-04 18:09:20] [STDERR] 2025-11-04 18:09:20,740 - gleitzeit.workers.signal_worker - INFO - SignalWorker found 2 signals in global registry
[2025-11-04 18:09:20] [STDERR] 2025-11-04 18:09:20,740 - gleitzeit.workers.signal_worker - INFO - Processing registry entry: workflow=workflow-72d17d06-2a7c-4814-9916-9321dfc74316, signal=workflow-completed
[2025-11-04 18:09:20] [STDERR] 2025-11-04 18:09:20,740 - gleitzeit.workers.signal_worker - INFO - No waiters for signal workflow-completed in workflow workflow-72d17d06-2a7c-4814-9916-9321dfc74316 - keeping in registry
[2025-11-04 18:09:20] [STDERR] 2025-11-04 18:09:20,741 - gleitzeit.workers.signal_worker - INFO - Processing registry entry: workflow=workflow-72d17d06-2a7c-4814-9916-9321dfc74316, signal=processing-complete
[2025-11-04 18:09:20] [STDERR] 2025-11-04 18:09:20,741 - gleitzeit.workers.signal_worker - INFO - No waiters for signal processing-complete in workflow workflow-72d17d06-2a7c-4814-9916-9321dfc74316 - keeping in registry
[2025-11-04 18:09:21] [STDERR] 2025-11-04 18:09:21,249 - gleitzeit.workers.signal_worker - INFO - SignalWorker found 2 signals in global registry
[2025-11-04 18:09:21] [STDERR] 2025-11-04 18:09:21,249 - gleitzeit.workers.signal_worker - INFO - Processing registry entry: workflow=workflow-72d17d06-2a7c-4814-9916-9321dfc74316, signal=workflow-completed
[2025-11-04 18:09:21] [STDERR] 2025-11-04 18:09:21,249 - gleitzeit.workers.signal_worker - INFO - No waiters for signal workflow-completed in workflow workflow-72d17d06-2a7c-4814-9916-9321dfc74316 - keeping in registry
[2025-11-04 18:09:21] [STDERR] 2025-11-04 18:09:21,249 - gleitzeit.workers.signal_worker - INFO - Processing registry entry: workflow=workflow-72d17d06-2a7c-4814-9916-9321dfc74316, signal=processing-complete
[2025-11-04 18:09:21] [STDERR] 2025-11-04 18:09:21,249 - gleitzeit.workers.signal_worker - INFO - No waiters for signal processing-complete in workflow workflow-72d17d06-2a7c-4814-9916-9321dfc74316 - keeping in registry
[2025-11-04 18:09:21] [STDERR] 2025-11-04 18:09:21,759 - gleitzeit.workers.signal_worker - INFO - SignalWorker found 2 signals in global registry
[2025-11-04 18:09:21] [STDERR] 2025-11-04 18:09:21,759 - gleitzeit.workers.signal_worker - INFO - Processing registry entry: workflow=workflow-72d17d06-2a7c-4814-9916-9321dfc74316, signal=workflow-completed
[2025-11-04 18:09:21] [STDERR] 2025-11-04 18:09:21,759 - gleitzeit.workers.signal_worker - INFO - No waiters for signal workflow-completed in workflow workflow-72d17d06-2a7c-4814-9916-9321dfc74316 - keeping in registry
[2025-11-04 18:09:21] [STDERR] 2025-11-04 18:09:21,759 - gleitzeit.workers.signal_worker - INFO - Processing registry entry: workflow=workflow-72d17d06-2a7c-4814-9916-9321dfc74316, signal=processing-complete
[2025-11-04 18:09:21] [STDERR] 2025-11-04 18:09:21,760 - gleitzeit.workers.signal_worker - INFO - No waiters for signal processing-complete in workflow workflow-72d17d06-2a7c-4814-9916-9321dfc74316 - keeping in registry
[2025-11-04 18:09:22] [STDERR] 2025-11-04 18:09:22,284 - gleitzeit.workers.signal_worker - INFO - SignalWorker found 2 signals in global registry
[2025-11-04 18:09:22] [STDERR] 2025-11-04 18:09:22,285 - gleitzeit.workers.signal_worker - INFO - Processing registry entry: workflow=workflow-72d17d06-2a7c-4814-9916-9321dfc74316, signal=workflow-completed
[2025-11-04 18:09:22] [STDERR] 2025-11-04 18:09:22,285 - gleitzeit.workers.signal_worker - INFO - No waiters for signal workflow-completed in workflow workflow-72d17d06-2a7c-4814-9916-9321dfc74316 - keeping in registry
[2025-11-04 18:09:22] [STDERR] 2025-11-04 18:09:22,285 - gleitzeit.workers.signal_worker - INFO - Processing registry entry: workflow=workflow-72d17d06-2a7c-4814-9916-9321dfc74316, signal=processing-complete
[2025-11-04 18:09:22] [STDERR] 2025-11-04 18:09:22,285 - gleitzeit.workers.signal_worker - INFO - No waiters for signal processing-complete in workflow workflow-72d17d06-2a7c-4814-9916-9321dfc74316 - keeping in registry
[2025-11-04 18:09:22] [STDERR] 2025-11-04 18:09:22,787 - gleitzeit.workers.signal_worker - INFO - Signal processing loop iteration 140
[2025-11-04 18:09:22] [STDERR] 2025-11-04 18:09:22,796 - gleitzeit.workers.signal_worker - INFO - SignalWorker found 2 signals in global registry
[2025-11-04 18:09:22] [STDERR] 2025-11-04 18:09:22,796 - gleitzeit.workers.signal_worker - INFO - Processing registry entry: workflow=workflow-72d17d06-2a7c-4814-9916-9321dfc74316, signal=workflow-completed
[2025-11-04 18:09:22] [STDERR] 2025-11-04 18:09:22,797 - gleitzeit.workers.signal_worker - INFO - No waiters for signal workflow-completed in workflow workflow-72d17d06-2a7c-4814-9916-9321dfc74316 - keeping in registry
[2025-11-04 18:09:22] [STDERR] 2025-11-04 18:09:22,797 - gleitzeit.workers.signal_worker - INFO - Processing registry entry: workflow=workflow-72d17d06-2a7c-4814-9916-9321dfc74316, signal=processing-complete
[2025-11-04 18:09:22] [STDERR] 2025-11-04 18:09:22,797 - gleitzeit.workers.signal_worker - INFO - No waiters for signal processing-complete in workflow workflow-72d17d06-2a7c-4814-9916-9321dfc74316 - keeping in registry
[2025-11-04 18:09:23] [STDERR] 2025-11-04 18:09:23,308 - gleitzeit.workers.signal_worker - INFO - SignalWorker found 2 signals in global registry
[2025-11-04 18:09:23] [STDERR] 2025-11-04 18:09:23,308 - gleitzeit.workers.signal_worker - INFO - Processing registry entry: workflow=workflow-72d17d06-2a7c-4814-9916-9321dfc74316, signal=workflow-completed
[2025-11-04 18:09:23] [STDERR] 2025-11-04 18:09:23,309 - gleitzeit.workers.signal_worker - INFO - No waiters for signal workflow-completed in workflow workflow-72d17d06-2a7c-4814-9916-9321dfc74316 - keeping in registry
[2025-11-04 18:09:23] [STDERR] 2025-11-04 18:09:23,309 - gleitzeit.workers.signal_worker - INFO - Processing registry entry: workflow=workflow-72d17d06-2a7c-4814-9916-9321dfc74316, signal=processing-complete
[2025-11-04 18:09:23] [STDERR] 2025-11-04 18:09:23,309 - gleitzeit.workers.signal_worker - INFO - No waiters for signal processing-complete in workflow workflow-72d17d06-2a7c-4814-9916-9321dfc74316 - keeping in registry
[2025-11-04 18:09:23] [STDERR] 2025-11-04 18:09:23,816 - gleitzeit.workers.signal_worker - INFO - SignalWorker found 2 signals in global registry
[2025-11-04 18:09:23] [STDERR] 2025-11-04 18:09:23,816 - gleitzeit.workers.signal_worker - INFO - Processing registry entry: workflow=workflow-72d17d06-2a7c-4814-9916-9321dfc74316, signal=workflow-completed
[2025-11-04 18:09:23] [STDERR] 2025-11-04 18:09:23,816 - gleitzeit.workers.signal_worker - INFO - No waiters for signal workflow-completed in workflow workflow-72d17d06-2a7c-4814-9916-9321dfc74316 - keeping in registry
[2025-11-04 18:09:23] [STDERR] 2025-11-04 18:09:23,816 - gleitzeit.workers.signal_worker - INFO - Processing registry entry: workflow=workflow-72d17d06-2a7c-4814-9916-9321dfc74316, signal=processing-complete
[2025-11-04 18:09:23] [STDERR] 2025-11-04 18:09:23,816 - gleitzeit.workers.signal_worker - INFO - No waiters for signal processing-complete in workflow workflow-72d17d06-2a7c-4814-9916-9321dfc74316 - keeping in registry
[2025-11-04 18:09:24] [STDERR] 2025-11-04 18:09:24,328 - gleitzeit.workers.signal_worker - INFO - SignalWorker found 2 signals in global registry
[2025-11-04 18:09:24] [STDERR] 2025-11-04 18:09:24,328 - gleitzeit.workers.signal_worker - INFO - Processing registry entry: workflow=workflow-72d17d06-2a7c-4814-9916-9321dfc74316, signal=workflow-completed
[2025-11-04 18:09:24] [STDERR] 2025-11-04 18:09:24,328 - gleitzeit.workers.signal_worker - INFO - No waiters for signal workflow-completed in workflow workflow-72d17d06-2a7c-4814-9916-9321dfc74316 - keeping in registry
[2025-11-04 18:09:24] [STDERR] 2025-11-04 18:09:24,328 - gleitzeit.workers.signal_worker - INFO - Processing registry entry: workflow=workflow-72d17d06-2a7c-4814-9916-9321dfc74316, signal=processing-complete
[2025-11-04 18:09:24] [STDERR] 2025-11-04 18:09:24,328 - gleitzeit.workers.signal_worker - INFO - No waiters for signal processing-complete in workflow workflow-72d17d06-2a7c-4814-9916-9321dfc74316 - keeping in registry
[2025-11-04 18:09:24] [STDERR] 2025-11-04 18:09:24,846 - gleitzeit.workers.signal_worker - INFO - SignalWorker found 2 signals in global registry
[2025-11-04 18:09:24] [STDERR] 2025-11-04 18:09:24,846 - gleitzeit.workers.signal_worker - INFO - Processing registry entry: workflow=workflow-72d17d06-2a7c-4814-9916-9321dfc74316, signal=workflow-completed
[2025-11-04 18:09:24] [STDERR] 2025-11-04 18:09:24,847 - gleitzeit.workers.signal_worker - INFO - No waiters for signal workflow-completed in workflow workflow-72d17d06-2a7c-4814-9916-9321dfc74316 - keeping in registry
[2025-11-04 18:09:24] [STDERR] 2025-11-04 18:09:24,847 - gleitzeit.workers.signal_worker - INFO - Processing registry entry: workflow=workflow-72d17d06-2a7c-4814-9916-9321dfc74316, signal=processing-complete
[2025-11-04 18:09:24] [STDERR] 2025-11-04 18:09:24,847 - gleitzeit.workers.signal_worker - INFO - No waiters for signal processing-complete in workflow workflow-72d17d06-2a7c-4814-9916-9321dfc74316 - keeping in registry
[2025-11-04 18:09:25] [STDERR] 2025-11-04 18:09:25,358 - gleitzeit.workers.signal_worker - INFO - SignalWorker found 2 signals in global registry
[2025-11-04 18:09:25] [STDERR] 2025-11-04 18:09:25,358 - gleitzeit.workers.signal_worker - INFO - Processing registry entry: workflow=workflow-72d17d06-2a7c-4814-9916-9321dfc74316, signal=workflow-completed
[2025-11-04 18:09:25] [STDERR] 2025-11-04 18:09:25,358 - gleitzeit.workers.signal_worker - INFO - No waiters for signal workflow-completed in workflow workflow-72d17d06-2a7c-4814-9916-9321dfc74316 - keeping in registry
[2025-11-04 18:09:25] [STDERR] 2025-11-04 18:09:25,358 - gleitzeit.workers.signal_worker - INFO - Processing registry entry: workflow=workflow-72d17d06-2a7c-4814-9916-9321dfc74316, signal=processing-complete
[2025-11-04 18:09:25] [STDERR] 2025-11-04 18:09:25,358 - gleitzeit.workers.signal_worker - INFO - No waiters for signal processing-complete in workflow workflow-72d17d06-2a7c-4814-9916-9321dfc74316 - keeping in registry
[2025-11-04 18:09:25] [STDERR] 2025-11-04 18:09:25,869 - gleitzeit.workers.signal_worker - INFO - SignalWorker found 2 signals in global registry
[2025-11-04 18:09:25] [STDERR] 2025-11-04 18:09:25,869 - gleitzeit.workers.signal_worker - INFO - Processing registry entry: workflow=workflow-72d17d06-2a7c-4814-9916-9321dfc74316, signal=workflow-completed
[2025-11-04 18:09:25] [STDERR] 2025-11-04 18:09:25,870 - gleitzeit.workers.signal_worker - INFO - No waiters for signal workflow-completed in workflow workflow-72d17d06-2a7c-4814-9916-9321dfc74316 - keeping in registry
[2025-11-04 18:09:25] [STDERR] 2025-11-04 18:09:25,870 - gleitzeit.workers.signal_worker - INFO - Processing registry entry: workflow=workflow-72d17d06-2a7c-4814-9916-9321dfc74316, signal=processing-complete
[2025-11-04 18:09:25] [STDERR] 2025-11-04 18:09:25,870 - gleitzeit.workers.signal_worker - INFO - No waiters for signal processing-complete in workflow workflow-72d17d06-2a7c-4814-9916-9321dfc74316 - keeping in registry
[2025-11-04 18:09:26] [STDERR] 2025-11-04 18:09:26,389 - gleitzeit.workers.signal_worker - INFO - SignalWorker found 2 signals in global registry
[2025-11-04 18:09:26] [STDERR] 2025-11-04 18:09:26,389 - gleitzeit.workers.signal_worker - INFO - Processing registry entry: workflow=workflow-72d17d06-2a7c-4814-9916-9321dfc74316, signal=workflow-completed
[2025-11-04 18:09:26] [STDERR] 2025-11-04 18:09:26,390 - gleitzeit.workers.signal_worker - INFO - No waiters for signal workflow-completed in workflow workflow-72d17d06-2a7c-4814-9916-9321dfc74316 - keeping in registry
[2025-11-04 18:09:26] [STDERR] 2025-11-04 18:09:26,390 - gleitzeit.workers.signal_worker - INFO - Processing registry entry: workflow=workflow-72d17d06-2a7c-4814-9916-9321dfc74316, signal=processing-complete
[2025-11-04 18:09:26] [STDERR] 2025-11-04 18:09:26,390 - gleitzeit.workers.signal_worker - INFO - No waiters for signal processing-complete in workflow workflow-72d17d06-2a7c-4814-9916-9321dfc74316 - keeping in registry
[2025-11-04 18:09:26] [STDERR] 2025-11-04 18:09:26,901 - gleitzeit.workers.signal_worker - INFO - SignalWorker found 2 signals in global registry
[2025-11-04 18:09:26] [STDERR] 2025-11-04 18:09:26,901 - gleitzeit.workers.signal_worker - INFO - Processing registry entry: workflow=workflow-72d17d06-2a7c-4814-9916-9321dfc74316, signal=workflow-completed
[2025-11-04 18:09:26] [STDERR] 2025-11-04 18:09:26,901 - gleitzeit.workers.signal_worker - INFO - No waiters for signal workflow-completed in workflow workflow-72d17d06-2a7c-4814-9916-9321dfc74316 - keeping in registry
[2025-11-04 18:09:26] [STDERR] 2025-11-04 18:09:26,901 - gleitzeit.workers.signal_worker - INFO - Processing registry entry: workflow=workflow-72d17d06-2a7c-4814-9916-9321dfc74316, signal=processing-complete
[2025-11-04 18:09:26] [STDERR] 2025-11-04 18:09:26,901 - gleitzeit.workers.signal_worker - INFO - No waiters for signal processing-complete in workflow workflow-72d17d06-2a7c-4814-9916-9321dfc74316 - keeping in registry
[2025-11-04 18:09:27] [STDERR] 2025-11-04 18:09:27,415 - gleitzeit.workers.signal_worker - INFO - SignalWorker found 2 signals in global registry
[2025-11-04 18:09:27] [STDERR] 2025-11-04 18:09:27,415 - gleitzeit.workers.signal_worker - INFO - Processing registry entry: workflow=workflow-72d17d06-2a7c-4814-9916-9321dfc74316, signal=workflow-completed
[2025-11-04 18:09:27] [STDERR] 2025-11-04 18:09:27,415 - gleitzeit.workers.signal_worker - INFO - No waiters for signal workflow-completed in workflow workflow-72d17d06-2a7c-4814-9916-9321dfc74316 - keeping in registry
[2025-11-04 18:09:27] [STDERR] 2025-11-04 18:09:27,415 - gleitzeit.workers.signal_worker - INFO - Processing registry entry: workflow=workflow-72d17d06-2a7c-4814-9916-9321dfc74316, signal=processing-complete
[2025-11-04 18:09:27] [STDERR] 2025-11-04 18:09:27,415 - gleitzeit.workers.signal_worker - INFO - No waiters for signal processing-complete in workflow workflow-72d17d06-2a7c-4814-9916-9321dfc74316 - keeping in registry
[2025-11-04 18:09:27] [STDERR] 2025-11-04 18:09:27,923 - gleitzeit.workers.signal_worker - INFO - SignalWorker found 2 signals in global registry
[2025-11-04 18:09:27] [STDERR] 2025-11-04 18:09:27,924 - gleitzeit.workers.signal_worker - INFO - Processing registry entry: workflow=workflow-72d17d06-2a7c-4814-9916-9321dfc74316, signal=workflow-completed
[2025-11-04 18:09:27] [STDERR] 2025-11-04 18:09:27,924 - gleitzeit.workers.signal_worker - INFO - No waiters for signal workflow-completed in workflow workflow-72d17d06-2a7c-4814-9916-9321dfc74316 - keeping in registry
[2025-11-04 18:09:27] [STDERR] 2025-11-04 18:09:27,924 - gleitzeit.workers.signal_worker - INFO - Processing registry entry: workflow=workflow-72d17d06-2a7c-4814-9916-9321dfc74316, signal=processing-complete
[2025-11-04 18:09:27] [STDERR] 2025-11-04 18:09:27,924 - gleitzeit.workers.signal_worker - INFO - No waiters for signal processing-complete in workflow workflow-72d17d06-2a7c-4814-9916-9321dfc74316 - keeping in registry
[2025-11-04 18:09:28] [STDERR] 2025-11-04 18:09:28,437 - gleitzeit.workers.signal_worker - INFO - SignalWorker found 2 signals in global registry
[2025-11-04 18:09:28] [STDERR] 2025-11-04 18:09:28,437 - gleitzeit.workers.signal_worker - INFO - Processing registry entry: workflow=workflow-72d17d06-2a7c-4814-9916-9321dfc74316, signal=workflow-completed
[2025-11-04 18:09:28] [STDERR] 2025-11-04 18:09:28,437 - gleitzeit.workers.signal_worker - INFO - No waiters for signal workflow-completed in workflow workflow-72d17d06-2a7c-4814-9916-9321dfc74316 - keeping in registry
[2025-11-04 18:09:28] [STDERR] 2025-11-04 18:09:28,437 - gleitzeit.workers.signal_worker - INFO - Processing registry entry: workflow=workflow-72d17d06-2a7c-4814-9916-9321dfc74316, signal=processing-complete
[2025-11-04 18:09:28] [STDERR] 2025-11-04 18:09:28,437 - gleitzeit.workers.signal_worker - INFO - No waiters for signal processing-complete in workflow workflow-72d17d06-2a7c-4814-9916-9321dfc74316 - keeping in registry
[2025-11-04 18:09:28] [STDERR] 2025-11-04 18:09:28,956 - gleitzeit.workers.signal_worker - INFO - SignalWorker found 2 signals in global registry
[2025-11-04 18:09:28] [STDERR] 2025-11-04 18:09:28,956 - gleitzeit.workers.signal_worker - INFO - Processing registry entry: workflow=workflow-72d17d06-2a7c-4814-9916-9321dfc74316, signal=workflow-completed
[2025-11-04 18:09:28] [STDERR] 2025-11-04 18:09:28,956 - gleitzeit.workers.signal_worker - INFO - No waiters for signal workflow-completed in workflow workflow-72d17d06-2a7c-4814-9916-9321dfc74316 - keeping in registry
[2025-11-04 18:09:28] [STDERR] 2025-11-04 18:09:28,956 - gleitzeit.workers.signal_worker - INFO - Processing registry entry: workflow=workflow-72d17d06-2a7c-4814-9916-9321dfc74316, signal=processing-complete
[2025-11-04 18:09:28] [STDERR] 2025-11-04 18:09:28,956 - gleitzeit.workers.signal_worker - INFO - No waiters for signal processing-complete in workflow workflow-72d17d06-2a7c-4814-9916-9321dfc74316 - keeping in registry
[2025-11-04 18:09:29] [STDERR] 2025-11-04 18:09:29,468 - gleitzeit.workers.signal_worker - INFO - SignalWorker found 2 signals in global registry
[2025-11-04 18:09:29] [STDERR] 2025-11-04 18:09:29,468 - gleitzeit.workers.signal_worker - INFO - Processing registry entry: workflow=workflow-72d17d06-2a7c-4814-9916-9321dfc74316, signal=workflow-completed
[2025-11-04 18:09:29] [STDERR] 2025-11-04 18:09:29,468 - gleitzeit.workers.signal_worker - INFO - No waiters for signal workflow-completed in workflow workflow-72d17d06-2a7c-4814-9916-9321dfc74316 - keeping in registry
[2025-11-04 18:09:29] [STDERR] 2025-11-04 18:09:29,468 - gleitzeit.workers.signal_worker - INFO - Processing registry entry: workflow=workflow-72d17d06-2a7c-4814-9916-9321dfc74316, signal=processing-complete
[2025-11-04 18:09:29] [STDERR] 2025-11-04 18:09:29,468 - gleitzeit.workers.signal_worker - INFO - No waiters for signal processing-complete in workflow workflow-72d17d06-2a7c-4814-9916-9321dfc74316 - keeping in registry
[2025-11-04 18:09:29] [STDERR] 2025-11-04 18:09:29,982 - gleitzeit.workers.signal_worker - INFO - SignalWorker found 2 signals in global registry
[2025-11-04 18:09:29] [STDERR] 2025-11-04 18:09:29,982 - gleitzeit.workers.signal_worker - INFO - Processing registry entry: workflow=workflow-72d17d06-2a7c-4814-9916-9321dfc74316, signal=workflow-completed
[2025-11-04 18:09:29] [STDERR] 2025-11-04 18:09:29,983 - gleitzeit.workers.signal_worker - INFO - No waiters for signal workflow-completed in workflow workflow-72d17d06-2a7c-4814-9916-9321dfc74316 - keeping in registry
[2025-11-04 18:09:29] [STDERR] 2025-11-04 18:09:29,983 - gleitzeit.workers.signal_worker - INFO - Processing registry entry: workflow=workflow-72d17d06-2a7c-4814-9916-9321dfc74316, signal=processing-complete
[2025-11-04 18:09:29] [STDERR] 2025-11-04 18:09:29,983 - gleitzeit.workers.signal_worker - INFO - No waiters for signal processing-complete in workflow workflow-72d17d06-2a7c-4814-9916-9321dfc74316 - keeping in registry
[2025-11-04 18:09:30] [STDERR] 2025-11-04 18:09:30,491 - gleitzeit.workers.signal_worker - INFO - SignalWorker found 2 signals in global registry
[2025-11-04 18:09:30] [STDERR] 2025-11-04 18:09:30,491 - gleitzeit.workers.signal_worker - INFO - Processing registry entry: workflow=workflow-72d17d06-2a7c-4814-9916-9321dfc74316, signal=workflow-completed
[2025-11-04 18:09:30] [STDERR] 2025-11-04 18:09:30,491 - gleitzeit.workers.signal_worker - INFO - No waiters for signal workflow-completed in workflow workflow-72d17d06-2a7c-4814-9916-9321dfc74316 - keeping in registry
[2025-11-04 18:09:30] [STDERR] 2025-11-04 18:09:30,491 - gleitzeit.workers.signal_worker - INFO - Processing registry entry: workflow=workflow-72d17d06-2a7c-4814-9916-9321dfc74316, signal=processing-complete
[2025-11-04 18:09:30] [STDERR] 2025-11-04 18:09:30,491 - gleitzeit.workers.signal_worker - INFO - No waiters for signal processing-complete in workflow workflow-72d17d06-2a7c-4814-9916-9321dfc74316 - keeping in registry
[2025-11-04 18:09:31] [STDERR] 2025-11-04 18:09:31,003 - gleitzeit.workers.signal_worker - INFO - SignalWorker found 2 signals in global registry
[2025-11-04 18:09:31] [STDERR] 2025-11-04 18:09:31,003 - gleitzeit.workers.signal_worker - INFO - Processing registry entry: workflow=workflow-72d17d06-2a7c-4814-9916-9321dfc74316, signal=workflow-completed
[2025-11-04 18:09:31] [STDERR] 2025-11-04 18:09:31,004 - gleitzeit.workers.signal_worker - INFO - No waiters for signal workflow-completed in workflow workflow-72d17d06-2a7c-4814-9916-9321dfc74316 - keeping in registry
[2025-11-04 18:09:31] [STDERR] 2025-11-04 18:09:31,004 - gleitzeit.workers.signal_worker - INFO - Processing registry entry: workflow=workflow-72d17d06-2a7c-4814-9916-9321dfc74316, signal=processing-complete
[2025-11-04 18:09:31] [STDERR] 2025-11-04 18:09:31,004 - gleitzeit.workers.signal_worker - INFO - No waiters for signal processing-complete in workflow workflow-72d17d06-2a7c-4814-9916-9321dfc74316 - keeping in registry
[2025-11-04 18:09:31] [STDERR] 2025-11-04 18:09:31,521 - gleitzeit.workers.signal_worker - INFO - SignalWorker found 2 signals in global registry
[2025-11-04 18:09:31] [STDERR] 2025-11-04 18:09:31,521 - gleitzeit.workers.signal_worker - INFO - Processing registry entry: workflow=workflow-72d17d06-2a7c-4814-9916-9321dfc74316, signal=workflow-completed
[2025-11-04 18:09:31] [STDERR] 2025-11-04 18:09:31,521 - gleitzeit.workers.signal_worker - INFO - No waiters for signal workflow-completed in workflow workflow-72d17d06-2a7c-4814-9916-9321dfc74316 - keeping in registry
[2025-11-04 18:09:31] [STDERR] 2025-11-04 18:09:31,521 - gleitzeit.workers.signal_worker - INFO - Processing registry entry: workflow=workflow-72d17d06-2a7c-4814-9916-9321dfc74316, signal=processing-complete
[2025-11-04 18:09:31] [STDERR] 2025-11-04 18:09:31,522 - gleitzeit.workers.signal_worker - INFO - No waiters for signal processing-complete in workflow workflow-72d17d06-2a7c-4814-9916-9321dfc74316 - keeping in registry
[2025-11-04 18:09:32] [STDERR] 2025-11-04 18:09:32,033 - gleitzeit.workers.signal_worker - INFO - SignalWorker found 2 signals in global registry
[2025-11-04 18:09:32] [STDERR] 2025-11-04 18:09:32,033 - gleitzeit.workers.signal_worker - INFO - Processing registry entry: workflow=workflow-72d17d06-2a7c-4814-9916-9321dfc74316, signal=workflow-completed
[2025-11-04 18:09:32] [STDERR] 2025-11-04 18:09:32,033 - gleitzeit.workers.signal_worker - INFO - No waiters for signal workflow-completed in workflow workflow-72d17d06-2a7c-4814-9916-9321dfc74316 - keeping in registry
[2025-11-04 18:09:32] [STDERR] 2025-11-04 18:09:32,033 - gleitzeit.workers.signal_worker - INFO - Processing registry entry: workflow=workflow-72d17d06-2a7c-4814-9916-9321dfc74316, signal=processing-complete
[2025-11-04 18:09:32] [STDERR] 2025-11-04 18:09:32,033 - gleitzeit.workers.signal_worker - INFO - No waiters for signal processing-complete in workflow workflow-72d17d06-2a7c-4814-9916-9321dfc74316 - keeping in registry
[2025-11-04 18:09:32] [STDERR] 2025-11-04 18:09:32,544 - gleitzeit.workers.signal_worker - INFO - SignalWorker found 2 signals in global registry
[2025-11-04 18:09:32] [STDERR] 2025-11-04 18:09:32,544 - gleitzeit.workers.signal_worker - INFO - Processing registry entry: workflow=workflow-72d17d06-2a7c-4814-9916-9321dfc74316, signal=workflow-completed
[2025-11-04 18:09:32] [STDERR] 2025-11-04 18:09:32,544 - gleitzeit.workers.signal_worker - INFO - No waiters for signal workflow-completed in workflow workflow-72d17d06-2a7c-4814-9916-9321dfc74316 - keeping in registry
[2025-11-04 18:09:32] [STDERR] 2025-11-04 18:09:32,545 - gleitzeit.workers.signal_worker - INFO - Processing registry entry: workflow=workflow-72d17d06-2a7c-4814-9916-9321dfc74316, signal=processing-complete
[2025-11-04 18:09:32] [STDERR] 2025-11-04 18:09:32,545 - gleitzeit.workers.signal_worker - INFO - No waiters for signal processing-complete in workflow workflow-72d17d06-2a7c-4814-9916-9321dfc74316 - keeping in registry
[2025-11-04 18:09:33] [STDERR] 2025-11-04 18:09:33,046 - gleitzeit.workers.signal_worker - INFO - Signal processing loop iteration 160
[2025-11-04 18:09:33] [STDERR] 2025-11-04 18:09:33,059 - gleitzeit.workers.signal_worker - INFO - SignalWorker found 2 signals in global registry
[2025-11-04 18:09:33] [STDERR] 2025-11-04 18:09:33,059 - gleitzeit.workers.signal_worker - INFO - Processing registry entry: workflow=workflow-72d17d06-2a7c-4814-9916-9321dfc74316, signal=workflow-completed
[2025-11-04 18:09:33] [STDERR] 2025-11-04 18:09:33,059 - gleitzeit.workers.signal_worker - INFO - No waiters for signal workflow-completed in workflow workflow-72d17d06-2a7c-4814-9916-9321dfc74316 - keeping in registry
[2025-11-04 18:09:33] [STDERR] 2025-11-04 18:09:33,059 - gleitzeit.workers.signal_worker - INFO - Processing registry entry: workflow=workflow-72d17d06-2a7c-4814-9916-9321dfc74316, signal=processing-complete
[2025-11-04 18:09:33] [STDERR] 2025-11-04 18:09:33,059 - gleitzeit.workers.signal_worker - INFO - No waiters for signal processing-complete in workflow workflow-72d17d06-2a7c-4814-9916-9321dfc74316 - keeping in registry
[2025-11-04 18:09:33] [STDERR] 2025-11-04 18:09:33,569 - gleitzeit.workers.signal_worker - INFO - SignalWorker found 2 signals in global registry
[2025-11-04 18:09:33] [STDERR] 2025-11-04 18:09:33,569 - gleitzeit.workers.signal_worker - INFO - Processing registry entry: workflow=workflow-72d17d06-2a7c-4814-9916-9321dfc74316, signal=workflow-completed
[2025-11-04 18:09:33] [STDERR] 2025-11-04 18:09:33,569 - gleitzeit.workers.signal_worker - INFO - No waiters for signal workflow-completed in workflow workflow-72d17d06-2a7c-4814-9916-9321dfc74316 - keeping in registry
[2025-11-04 18:09:33] [STDERR] 2025-11-04 18:09:33,569 - gleitzeit.workers.signal_worker - INFO - Processing registry entry: workflow=workflow-72d17d06-2a7c-4814-9916-9321dfc74316, signal=processing-complete
[2025-11-04 18:09:33] [STDERR] 2025-11-04 18:09:33,570 - gleitzeit.workers.signal_worker - INFO - No waiters for signal processing-complete in workflow workflow-72d17d06-2a7c-4814-9916-9321dfc74316 - keeping in registry
[2025-11-04 18:09:34] [STDERR] 2025-11-04 18:09:34,077 - gleitzeit.workers.signal_worker - INFO - SignalWorker found 2 signals in global registry
[2025-11-04 18:09:34] [STDERR] 2025-11-04 18:09:34,077 - gleitzeit.workers.signal_worker - INFO - Processing registry entry: workflow=workflow-72d17d06-2a7c-4814-9916-9321dfc74316, signal=workflow-completed
[2025-11-04 18:09:34] [STDERR] 2025-11-04 18:09:34,077 - gleitzeit.workers.signal_worker - INFO - No waiters for signal workflow-completed in workflow workflow-72d17d06-2a7c-4814-9916-9321dfc74316 - keeping in registry
[2025-11-04 18:09:34] [STDERR] 2025-11-04 18:09:34,077 - gleitzeit.workers.signal_worker - INFO - Processing registry entry: workflow=workflow-72d17d06-2a7c-4814-9916-9321dfc74316, signal=processing-complete
[2025-11-04 18:09:34] [STDERR] 2025-11-04 18:09:34,077 - gleitzeit.workers.signal_worker - INFO - No waiters for signal processing-complete in workflow workflow-72d17d06-2a7c-4814-9916-9321dfc74316 - keeping in registry
[2025-11-04 18:09:34] [STDERR] 2025-11-04 18:09:34,585 - gleitzeit.workers.signal_worker - INFO - SignalWorker found 2 signals in global registry
[2025-11-04 18:09:34] [STDERR] 2025-11-04 18:09:34,585 - gleitzeit.workers.signal_worker - INFO - Processing registry entry: workflow=workflow-72d17d06-2a7c-4814-9916-9321dfc74316, signal=workflow-completed
[2025-11-04 18:09:34] [STDERR] 2025-11-04 18:09:34,585 - gleitzeit.workers.signal_worker - INFO - No waiters for signal workflow-completed in workflow workflow-72d17d06-2a7c-4814-9916-9321dfc74316 - keeping in registry
[2025-11-04 18:09:34] [STDERR] 2025-11-04 18:09:34,585 - gleitzeit.workers.signal_worker - INFO - Processing registry entry: workflow=workflow-72d17d06-2a7c-4814-9916-9321dfc74316, signal=processing-complete
[2025-11-04 18:09:34] [STDERR] 2025-11-04 18:09:34,585 - gleitzeit.workers.signal_worker - INFO - No waiters for signal processing-complete in workflow workflow-72d17d06-2a7c-4814-9916-9321dfc74316 - keeping in registry
[2025-11-04 18:09:35] [STDERR] 2025-11-04 18:09:35,098 - gleitzeit.workers.signal_worker - INFO - SignalWorker found 2 signals in global registry
[2025-11-04 18:09:35] [STDERR] 2025-11-04 18:09:35,098 - gleitzeit.workers.signal_worker - INFO - Processing registry entry: workflow=workflow-72d17d06-2a7c-4814-9916-9321dfc74316, signal=workflow-completed
[2025-11-04 18:09:35] [STDERR] 2025-11-04 18:09:35,098 - gleitzeit.workers.signal_worker - INFO - No waiters for signal workflow-completed in workflow workflow-72d17d06-2a7c-4814-9916-9321dfc74316 - keeping in registry
[2025-11-04 18:09:35] [STDERR] 2025-11-04 18:09:35,098 - gleitzeit.workers.signal_worker - INFO - Processing registry entry: workflow=workflow-72d17d06-2a7c-4814-9916-9321dfc74316, signal=processing-complete
[2025-11-04 18:09:35] [STDERR] 2025-11-04 18:09:35,099 - gleitzeit.workers.signal_worker - INFO - No waiters for signal processing-complete in workflow workflow-72d17d06-2a7c-4814-9916-9321dfc74316 - keeping in registry
[2025-11-04 18:09:35] [STDERR] 2025-11-04 18:09:35,607 - gleitzeit.workers.signal_worker - INFO - SignalWorker found 2 signals in global registry
[2025-11-04 18:09:35] [STDERR] 2025-11-04 18:09:35,607 - gleitzeit.workers.signal_worker - INFO - Processing registry entry: workflow=workflow-72d17d06-2a7c-4814-9916-9321dfc74316, signal=workflow-completed
[2025-11-04 18:09:35] [STDERR] 2025-11-04 18:09:35,607 - gleitzeit.workers.signal_worker - INFO - No waiters for signal workflow-completed in workflow workflow-72d17d06-2a7c-4814-9916-9321dfc74316 - keeping in registry
[2025-11-04 18:09:35] [STDERR] 2025-11-04 18:09:35,607 - gleitzeit.workers.signal_worker - INFO - Processing registry entry: workflow=workflow-72d17d06-2a7c-4814-9916-9321dfc74316, signal=processing-complete
[2025-11-04 18:09:35] [STDERR] 2025-11-04 18:09:35,607 - gleitzeit.workers.signal_worker - INFO - No waiters for signal processing-complete in workflow workflow-72d17d06-2a7c-4814-9916-9321dfc74316 - keeping in registry
[2025-11-04 18:09:36] [STDERR] 2025-11-04 18:09:36,119 - gleitzeit.workers.signal_worker - INFO - SignalWorker found 2 signals in global registry
[2025-11-04 18:09:36] [STDERR] 2025-11-04 18:09:36,119 - gleitzeit.workers.signal_worker - INFO - Processing registry entry: workflow=workflow-72d17d06-2a7c-4814-9916-9321dfc74316, signal=workflow-completed
[2025-11-04 18:09:36] [STDERR] 2025-11-04 18:09:36,119 - gleitzeit.workers.signal_worker - INFO - No waiters for signal workflow-completed in workflow workflow-72d17d06-2a7c-4814-9916-9321dfc74316 - keeping in registry
[2025-11-04 18:09:36] [STDERR] 2025-11-04 18:09:36,119 - gleitzeit.workers.signal_worker - INFO - Processing registry entry: workflow=workflow-72d17d06-2a7c-4814-9916-9321dfc74316, signal=processing-complete
[2025-11-04 18:09:36] [STDERR] 2025-11-04 18:09:36,120 - gleitzeit.workers.signal_worker - INFO - No waiters for signal processing-complete in workflow workflow-72d17d06-2a7c-4814-9916-9321dfc74316 - keeping in registry
[2025-11-04 18:09:36] [STDERR] 2025-11-04 18:09:36,628 - gleitzeit.workers.signal_worker - INFO - SignalWorker found 2 signals in global registry
[2025-11-04 18:09:36] [STDERR] 2025-11-04 18:09:36,628 - gleitzeit.workers.signal_worker - INFO - Processing registry entry: workflow=workflow-72d17d06-2a7c-4814-9916-9321dfc74316, signal=workflow-completed
[2025-11-04 18:09:36] [STDERR] 2025-11-04 18:09:36,628 - gleitzeit.workers.signal_worker - INFO - No waiters for signal workflow-completed in workflow workflow-72d17d06-2a7c-4814-9916-9321dfc74316 - keeping in registry
[2025-11-04 18:09:36] [STDERR] 2025-11-04 18:09:36,628 - gleitzeit.workers.signal_worker - INFO - Processing registry entry: workflow=workflow-72d17d06-2a7c-4814-9916-9321dfc74316, signal=processing-complete
[2025-11-04 18:09:36] [STDERR] 2025-11-04 18:09:36,629 - gleitzeit.workers.signal_worker - INFO - No waiters for signal processing-complete in workflow workflow-72d17d06-2a7c-4814-9916-9321dfc74316 - keeping in registry
[2025-11-04 18:09:37] [STDERR] 2025-11-04 18:09:37,141 - gleitzeit.workers.signal_worker - INFO - SignalWorker found 2 signals in global registry
[2025-11-04 18:09:37] [STDERR] 2025-11-04 18:09:37,141 - gleitzeit.workers.signal_worker - INFO - Processing registry entry: workflow=workflow-72d17d06-2a7c-4814-9916-9321dfc74316, signal=workflow-completed
[2025-11-04 18:09:37] [STDERR] 2025-11-04 18:09:37,141 - gleitzeit.workers.signal_worker - INFO - No waiters for signal workflow-completed in workflow workflow-72d17d06-2a7c-4814-9916-9321dfc74316 - keeping in registry
[2025-11-04 18:09:37] [STDERR] 2025-11-04 18:09:37,141 - gleitzeit.workers.signal_worker - INFO - Processing registry entry: workflow=workflow-72d17d06-2a7c-4814-9916-9321dfc74316, signal=processing-complete
[2025-11-04 18:09:37] [STDERR] 2025-11-04 18:09:37,141 - gleitzeit.workers.signal_worker - INFO - No waiters for signal processing-complete in workflow workflow-72d17d06-2a7c-4814-9916-9321dfc74316 - keeping in registry
[2025-11-04 18:09:37] [STDERR] 2025-11-04 18:09:37,658 - gleitzeit.workers.signal_worker - INFO - SignalWorker found 2 signals in global registry
[2025-11-04 18:09:37] [STDERR] 2025-11-04 18:09:37,658 - gleitzeit.workers.signal_worker - INFO - Processing registry entry: workflow=workflow-72d17d06-2a7c-4814-9916-9321dfc74316, signal=workflow-completed
[2025-11-04 18:09:37] [STDERR] 2025-11-04 18:09:37,659 - gleitzeit.workers.signal_worker - INFO - No waiters for signal workflow-completed in workflow workflow-72d17d06-2a7c-4814-9916-9321dfc74316 - keeping in registry
[2025-11-04 18:09:37] [STDERR] 2025-11-04 18:09:37,659 - gleitzeit.workers.signal_worker - INFO - Processing registry entry: workflow=workflow-72d17d06-2a7c-4814-9916-9321dfc74316, signal=processing-complete
[2025-11-04 18:09:37] [STDERR] 2025-11-04 18:09:37,659 - gleitzeit.workers.signal_worker - INFO - No waiters for signal processing-complete in workflow workflow-72d17d06-2a7c-4814-9916-9321dfc74316 - keeping in registry
[2025-11-04 18:09:38] [STDERR] 2025-11-04 18:09:38,172 - gleitzeit.workers.signal_worker - INFO - SignalWorker found 2 signals in global registry
[2025-11-04 18:09:38] [STDERR] 2025-11-04 18:09:38,173 - gleitzeit.workers.signal_worker - INFO - Processing registry entry: workflow=workflow-72d17d06-2a7c-4814-9916-9321dfc74316, signal=workflow-completed
[2025-11-04 18:09:38] [STDERR] 2025-11-04 18:09:38,173 - gleitzeit.workers.signal_worker - INFO - No waiters for signal workflow-completed in workflow workflow-72d17d06-2a7c-4814-9916-9321dfc74316 - keeping in registry
[2025-11-04 18:09:38] [STDERR] 2025-11-04 18:09:38,173 - gleitzeit.workers.signal_worker - INFO - Processing registry entry: workflow=workflow-72d17d06-2a7c-4814-9916-9321dfc74316, signal=processing-complete
[2025-11-04 18:09:38] [STDERR] 2025-11-04 18:09:38,173 - gleitzeit.workers.signal_worker - INFO - No waiters for signal processing-complete in workflow workflow-72d17d06-2a7c-4814-9916-9321dfc74316 - keeping in registry
[2025-11-04 18:09:38] [STDERR] 2025-11-04 18:09:38,687 - gleitzeit.workers.signal_worker - INFO - SignalWorker found 2 signals in global registry
[2025-11-04 18:09:38] [STDERR] 2025-11-04 18:09:38,687 - gleitzeit.workers.signal_worker - INFO - Processing registry entry: workflow=workflow-72d17d06-2a7c-4814-9916-9321dfc74316, signal=workflow-completed
[2025-11-04 18:09:38] [STDERR] 2025-11-04 18:09:38,687 - gleitzeit.workers.signal_worker - INFO - No waiters for signal workflow-completed in workflow workflow-72d17d06-2a7c-4814-9916-9321dfc74316 - keeping in registry
[2025-11-04 18:09:38] [STDERR] 2025-11-04 18:09:38,687 - gleitzeit.workers.signal_worker - INFO - Processing registry entry: workflow=workflow-72d17d06-2a7c-4814-9916-9321dfc74316, signal=processing-complete
[2025-11-04 18:09:38] [STDERR] 2025-11-04 18:09:38,687 - gleitzeit.workers.signal_worker - INFO - No waiters for signal processing-complete in workflow workflow-72d17d06-2a7c-4814-9916-9321dfc74316 - keeping in registry
[2025-11-04 18:09:39] [STDERR] 2025-11-04 18:09:39,197 - gleitzeit.workers.signal_worker - INFO - SignalWorker found 2 signals in global registry
[2025-11-04 18:09:39] [STDERR] 2025-11-04 18:09:39,197 - gleitzeit.workers.signal_worker - INFO - Processing registry entry: workflow=workflow-72d17d06-2a7c-4814-9916-9321dfc74316, signal=workflow-completed
[2025-11-04 18:09:39] [STDERR] 2025-11-04 18:09:39,197 - gleitzeit.workers.signal_worker - INFO - No waiters for signal workflow-completed in workflow workflow-72d17d06-2a7c-4814-9916-9321dfc74316 - keeping in registry
[2025-11-04 18:09:39] [STDERR] 2025-11-04 18:09:39,197 - gleitzeit.workers.signal_worker - INFO - Processing registry entry: workflow=workflow-72d17d06-2a7c-4814-9916-9321dfc74316, signal=processing-complete
[2025-11-04 18:09:39] [STDERR] 2025-11-04 18:09:39,197 - gleitzeit.workers.signal_worker - INFO - No waiters for signal processing-complete in workflow workflow-72d17d06-2a7c-4814-9916-9321dfc74316 - keeping in registry
[2025-11-04 18:09:39] [STDERR] 2025-11-04 18:09:39,708 - gleitzeit.workers.signal_worker - INFO - SignalWorker found 2 signals in global registry
[2025-11-04 18:09:39] [STDERR] 2025-11-04 18:09:39,708 - gleitzeit.workers.signal_worker - INFO - Processing registry entry: workflow=workflow-72d17d06-2a7c-4814-9916-9321dfc74316, signal=workflow-completed
[2025-11-04 18:09:39] [STDERR] 2025-11-04 18:09:39,709 - gleitzeit.workers.signal_worker - INFO - No waiters for signal workflow-completed in workflow workflow-72d17d06-2a7c-4814-9916-9321dfc74316 - keeping in registry
[2025-11-04 18:09:39] [STDERR] 2025-11-04 18:09:39,709 - gleitzeit.workers.signal_worker - INFO - Processing registry entry: workflow=workflow-72d17d06-2a7c-4814-9916-9321dfc74316, signal=processing-complete
[2025-11-04 18:09:39] [STDERR] 2025-11-04 18:09:39,709 - gleitzeit.workers.signal_worker - INFO - No waiters for signal processing-complete in workflow workflow-72d17d06-2a7c-4814-9916-9321dfc74316 - keeping in registry
[2025-11-04 18:09:40] [STDERR] 2025-11-04 18:09:40,241 - gleitzeit.workers.signal_worker - INFO - SignalWorker found 2 signals in global registry
[2025-11-04 18:09:40] [STDERR] 2025-11-04 18:09:40,241 - gleitzeit.workers.signal_worker - INFO - Processing registry entry: workflow=workflow-72d17d06-2a7c-4814-9916-9321dfc74316, signal=workflow-completed
[2025-11-04 18:09:40] [STDERR] 2025-11-04 18:09:40,241 - gleitzeit.workers.signal_worker - INFO - No waiters for signal workflow-completed in workflow workflow-72d17d06-2a7c-4814-9916-9321dfc74316 - keeping in registry
[2025-11-04 18:09:40] [STDERR] 2025-11-04 18:09:40,241 - gleitzeit.workers.signal_worker - INFO - Processing registry entry: workflow=workflow-72d17d06-2a7c-4814-9916-9321dfc74316, signal=processing-complete
[2025-11-04 18:09:40] [STDERR] 2025-11-04 18:09:40,241 - gleitzeit.workers.signal_worker - INFO - No waiters for signal processing-complete in workflow workflow-72d17d06-2a7c-4814-9916-9321dfc74316 - keeping in registry
[2025-11-04 18:09:40] [STDERR] 2025-11-04 18:09:40,758 - gleitzeit.workers.signal_worker - INFO - SignalWorker found 2 signals in global registry
[2025-11-04 18:09:40] [STDERR] 2025-11-04 18:09:40,758 - gleitzeit.workers.signal_worker - INFO - Processing registry entry: workflow=workflow-72d17d06-2a7c-4814-9916-9321dfc74316, signal=workflow-completed
[2025-11-04 18:09:40] [STDERR] 2025-11-04 18:09:40,758 - gleitzeit.workers.signal_worker - INFO - No waiters for signal workflow-completed in workflow workflow-72d17d06-2a7c-4814-9916-9321dfc74316 - keeping in registry
[2025-11-04 18:09:40] [STDERR] 2025-11-04 18:09:40,758 - gleitzeit.workers.signal_worker - INFO - Processing registry entry: workflow=workflow-72d17d06-2a7c-4814-9916-9321dfc74316, signal=processing-complete
[2025-11-04 18:09:40] [STDERR] 2025-11-04 18:09:40,758 - gleitzeit.workers.signal_worker - INFO - No waiters for signal processing-complete in workflow workflow-72d17d06-2a7c-4814-9916-9321dfc74316 - keeping in registry
[2025-11-04 18:09:41] [STDERR] 2025-11-04 18:09:41,354 - gleitzeit.workers.signal_worker - INFO - SignalWorker found 2 signals in global registry
[2025-11-04 18:09:41] [STDERR] 2025-11-04 18:09:41,354 - gleitzeit.workers.signal_worker - INFO - Processing registry entry: workflow=workflow-72d17d06-2a7c-4814-9916-9321dfc74316, signal=workflow-completed
[2025-11-04 18:09:41] [STDERR] 2025-11-04 18:09:41,354 - gleitzeit.workers.signal_worker - INFO - No waiters for signal workflow-completed in workflow workflow-72d17d06-2a7c-4814-9916-9321dfc74316 - keeping in registry
[2025-11-04 18:09:41] [STDERR] 2025-11-04 18:09:41,354 - gleitzeit.workers.signal_worker - INFO - Processing registry entry: workflow=workflow-72d17d06-2a7c-4814-9916-9321dfc74316, signal=processing-complete
[2025-11-04 18:09:41] [STDERR] 2025-11-04 18:09:41,354 - gleitzeit.workers.signal_worker - INFO - No waiters for signal processing-complete in workflow workflow-72d17d06-2a7c-4814-9916-9321dfc74316 - keeping in registry
[2025-11-04 18:09:41] [STDERR] 2025-11-04 18:09:41,869 - gleitzeit.workers.signal_worker - INFO - SignalWorker found 2 signals in global registry
[2025-11-04 18:09:41] [STDERR] 2025-11-04 18:09:41,869 - gleitzeit.workers.signal_worker - INFO - Processing registry entry: workflow=workflow-72d17d06-2a7c-4814-9916-9321dfc74316, signal=workflow-completed
[2025-11-04 18:09:41] [STDERR] 2025-11-04 18:09:41,869 - gleitzeit.workers.signal_worker - INFO - No waiters for signal workflow-completed in workflow workflow-72d17d06-2a7c-4814-9916-9321dfc74316 - keeping in registry
[2025-11-04 18:09:41] [STDERR] 2025-11-04 18:09:41,870 - gleitzeit.workers.signal_worker - INFO - Processing registry entry: workflow=workflow-72d17d06-2a7c-4814-9916-9321dfc74316, signal=processing-complete
[2025-11-04 18:09:41] [STDERR] 2025-11-04 18:09:41,870 - gleitzeit.workers.signal_worker - INFO - No waiters for signal processing-complete in workflow workflow-72d17d06-2a7c-4814-9916-9321dfc74316 - keeping in registry
[2025-11-04 18:09:42] [STDERR] 2025-11-04 18:09:42,426 - gleitzeit.workers.signal_worker - INFO - SignalWorker found 2 signals in global registry
[2025-11-04 18:09:42] [STDERR] 2025-11-04 18:09:42,426 - gleitzeit.workers.signal_worker - INFO - Processing registry entry: workflow=workflow-72d17d06-2a7c-4814-9916-9321dfc74316, signal=workflow-completed
[2025-11-04 18:09:42] [STDERR] 2025-11-04 18:09:42,427 - gleitzeit.workers.signal_worker - INFO - No waiters for signal workflow-completed in workflow workflow-72d17d06-2a7c-4814-9916-9321dfc74316 - keeping in registry
[2025-11-04 18:09:42] [STDERR] 2025-11-04 18:09:42,427 - gleitzeit.workers.signal_worker - INFO - Processing registry entry: workflow=workflow-72d17d06-2a7c-4814-9916-9321dfc74316, signal=processing-complete
[2025-11-04 18:09:42] [STDERR] 2025-11-04 18:09:42,429 - gleitzeit.workers.signal_worker - INFO - No waiters for signal processing-complete in workflow workflow-72d17d06-2a7c-4814-9916-9321dfc74316 - keeping in registry
[2025-11-04 18:09:42] [STDERR] 2025-11-04 18:09:42,946 - gleitzeit.workers.signal_worker - INFO - SignalWorker found 2 signals in global registry
[2025-11-04 18:09:42] [STDERR] 2025-11-04 18:09:42,946 - gleitzeit.workers.signal_worker - INFO - Processing registry entry: workflow=workflow-72d17d06-2a7c-4814-9916-9321dfc74316, signal=workflow-completed
[2025-11-04 18:09:42] [STDERR] 2025-11-04 18:09:42,946 - gleitzeit.workers.signal_worker - INFO - No waiters for signal workflow-completed in workflow workflow-72d17d06-2a7c-4814-9916-9321dfc74316 - keeping in registry
[2025-11-04 18:09:42] [STDERR] 2025-11-04 18:09:42,946 - gleitzeit.workers.signal_worker - INFO - Processing registry entry: workflow=workflow-72d17d06-2a7c-4814-9916-9321dfc74316, signal=processing-complete
[2025-11-04 18:09:42] [STDERR] 2025-11-04 18:09:42,946 - gleitzeit.workers.signal_worker - INFO - No waiters for signal processing-complete in workflow workflow-72d17d06-2a7c-4814-9916-9321dfc74316 - keeping in registry
[2025-11-04 18:09:43] [STDERR] 2025-11-04 18:09:43,448 - gleitzeit.workers.signal_worker - INFO - Signal processing loop iteration 180
[2025-11-04 18:09:43] [STDERR] 2025-11-04 18:09:43,456 - gleitzeit.workers.signal_worker - INFO - SignalWorker found 2 signals in global registry
[2025-11-04 18:09:43] [STDERR] 2025-11-04 18:09:43,457 - gleitzeit.workers.signal_worker - INFO - Processing registry entry: workflow=workflow-72d17d06-2a7c-4814-9916-9321dfc74316, signal=workflow-completed
[2025-11-04 18:09:43] [STDERR] 2025-11-04 18:09:43,457 - gleitzeit.workers.signal_worker - INFO - No waiters for signal workflow-completed in workflow workflow-72d17d06-2a7c-4814-9916-9321dfc74316 - keeping in registry
[2025-11-04 18:09:43] [STDERR] 2025-11-04 18:09:43,457 - gleitzeit.workers.signal_worker - INFO - Processing registry entry: workflow=workflow-72d17d06-2a7c-4814-9916-9321dfc74316, signal=processing-complete
[2025-11-04 18:09:43] [STDERR] 2025-11-04 18:09:43,457 - gleitzeit.workers.signal_worker - INFO - No waiters for signal processing-complete in workflow workflow-72d17d06-2a7c-4814-9916-9321dfc74316 - keeping in registry
[2025-11-04 18:09:43] [STDERR] 2025-11-04 18:09:43,974 - gleitzeit.workers.signal_worker - INFO - SignalWorker found 2 signals in global registry
[2025-11-04 18:09:43] [STDERR] 2025-11-04 18:09:43,974 - gleitzeit.workers.signal_worker - INFO - Processing registry entry: workflow=workflow-72d17d06-2a7c-4814-9916-9321dfc74316, signal=workflow-completed
[2025-11-04 18:09:43] [STDERR] 2025-11-04 18:09:43,974 - gleitzeit.workers.signal_worker - INFO - No waiters for signal workflow-completed in workflow workflow-72d17d06-2a7c-4814-9916-9321dfc74316 - keeping in registry
[2025-11-04 18:09:43] [STDERR] 2025-11-04 18:09:43,974 - gleitzeit.workers.signal_worker - INFO - Processing registry entry: workflow=workflow-72d17d06-2a7c-4814-9916-9321dfc74316, signal=processing-complete
[2025-11-04 18:09:43] [STDERR] 2025-11-04 18:09:43,975 - gleitzeit.workers.signal_worker - INFO - No waiters for signal processing-complete in workflow workflow-72d17d06-2a7c-4814-9916-9321dfc74316 - keeping in registry
[2025-11-04 18:09:44] [STDERR] 2025-11-04 18:09:44,485 - gleitzeit.workers.signal_worker - INFO - SignalWorker found 2 signals in global registry
[2025-11-04 18:09:44] [STDERR] 2025-11-04 18:09:44,485 - gleitzeit.workers.signal_worker - INFO - Processing registry entry: workflow=workflow-72d17d06-2a7c-4814-9916-9321dfc74316, signal=workflow-completed
[2025-11-04 18:09:44] [STDERR] 2025-11-04 18:09:44,485 - gleitzeit.workers.signal_worker - INFO - No waiters for signal workflow-completed in workflow workflow-72d17d06-2a7c-4814-9916-9321dfc74316 - keeping in registry
[2025-11-04 18:09:44] [STDERR] 2025-11-04 18:09:44,485 - gleitzeit.workers.signal_worker - INFO - Processing registry entry: workflow=workflow-72d17d06-2a7c-4814-9916-9321dfc74316, signal=processing-complete
[2025-11-04 18:09:44] [STDERR] 2025-11-04 18:09:44,485 - gleitzeit.workers.signal_worker - INFO - No waiters for signal processing-complete in workflow workflow-72d17d06-2a7c-4814-9916-9321dfc74316 - keeping in registry
[2025-11-04 18:09:44] [STDERR] 2025-11-04 18:09:44,992 - gleitzeit.workers.signal_worker - INFO - SignalWorker found 2 signals in global registry
[2025-11-04 18:09:44] [STDERR] 2025-11-04 18:09:44,992 - gleitzeit.workers.signal_worker - INFO - Processing registry entry: workflow=workflow-72d17d06-2a7c-4814-9916-9321dfc74316, signal=workflow-completed
[2025-11-04 18:09:44] [STDERR] 2025-11-04 18:09:44,992 - gleitzeit.workers.signal_worker - INFO - No waiters for signal workflow-completed in workflow workflow-72d17d06-2a7c-4814-9916-9321dfc74316 - keeping in registry
[2025-11-04 18:09:44] [STDERR] 2025-11-04 18:09:44,992 - gleitzeit.workers.signal_worker - INFO - Processing registry entry: workflow=workflow-72d17d06-2a7c-4814-9916-9321dfc74316, signal=processing-complete
[2025-11-04 18:09:44] [STDERR] 2025-11-04 18:09:44,992 - gleitzeit.workers.signal_worker - INFO - No waiters for signal processing-complete in workflow workflow-72d17d06-2a7c-4814-9916-9321dfc74316 - keeping in registry
[2025-11-04 18:09:45] [STDERR] 2025-11-04 18:09:45,500 - gleitzeit.workers.signal_worker - INFO - SignalWorker found 2 signals in global registry
[2025-11-04 18:09:45] [STDERR] 2025-11-04 18:09:45,500 - gleitzeit.workers.signal_worker - INFO - Processing registry entry: workflow=workflow-72d17d06-2a7c-4814-9916-9321dfc74316, signal=workflow-completed
[2025-11-04 18:09:45] [STDERR] 2025-11-04 18:09:45,501 - gleitzeit.workers.signal_worker - INFO - No waiters for signal workflow-completed in workflow workflow-72d17d06-2a7c-4814-9916-9321dfc74316 - keeping in registry
[2025-11-04 18:09:45] [STDERR] 2025-11-04 18:09:45,501 - gleitzeit.workers.signal_worker - INFO - Processing registry entry: workflow=workflow-72d17d06-2a7c-4814-9916-9321dfc74316, signal=processing-complete
[2025-11-04 18:09:45] [STDERR] 2025-11-04 18:09:45,501 - gleitzeit.workers.signal_worker - INFO - No waiters for signal processing-complete in workflow workflow-72d17d06-2a7c-4814-9916-9321dfc74316 - keeping in registry
[2025-11-04 18:09:46] [STDERR] 2025-11-04 18:09:46,008 - gleitzeit.workers.signal_worker - INFO - SignalWorker found 2 signals in global registry
[2025-11-04 18:09:46] [STDERR] 2025-11-04 18:09:46,008 - gleitzeit.workers.signal_worker - INFO - Processing registry entry: workflow=workflow-72d17d06-2a7c-4814-9916-9321dfc74316, signal=workflow-completed
[2025-11-04 18:09:46] [STDERR] 2025-11-04 18:09:46,008 - gleitzeit.workers.signal_worker - INFO - No waiters for signal workflow-completed in workflow workflow-72d17d06-2a7c-4814-9916-9321dfc74316 - keeping in registry
[2025-11-04 18:09:46] [STDERR] 2025-11-04 18:09:46,008 - gleitzeit.workers.signal_worker - INFO - Processing registry entry: workflow=workflow-72d17d06-2a7c-4814-9916-9321dfc74316, signal=processing-complete
[2025-11-04 18:09:46] [STDERR] 2025-11-04 18:09:46,008 - gleitzeit.workers.signal_worker - INFO - No waiters for signal processing-complete in workflow workflow-72d17d06-2a7c-4814-9916-9321dfc74316 - keeping in registry
[2025-11-04 18:09:46] [STDERR] 2025-11-04 18:09:46,521 - gleitzeit.workers.signal_worker - INFO - SignalWorker found 2 signals in global registry
[2025-11-04 18:09:46] [STDERR] 2025-11-04 18:09:46,521 - gleitzeit.workers.signal_worker - INFO - Processing registry entry: workflow=workflow-72d17d06-2a7c-4814-9916-9321dfc74316, signal=workflow-completed
[2025-11-04 18:09:46] [STDERR] 2025-11-04 18:09:46,521 - gleitzeit.workers.signal_worker - INFO - No waiters for signal workflow-completed in workflow workflow-72d17d06-2a7c-4814-9916-9321dfc74316 - keeping in registry
[2025-11-04 18:09:46] [STDERR] 2025-11-04 18:09:46,521 - gleitzeit.workers.signal_worker - INFO - Processing registry entry: workflow=workflow-72d17d06-2a7c-4814-9916-9321dfc74316, signal=processing-complete
[2025-11-04 18:09:46] [STDERR] 2025-11-04 18:09:46,521 - gleitzeit.workers.signal_worker - INFO - No waiters for signal processing-complete in workflow workflow-72d17d06-2a7c-4814-9916-9321dfc74316 - keeping in registry
[2025-11-04 18:09:47] [STDERR] 2025-11-04 18:09:47,033 - gleitzeit.workers.signal_worker - INFO - SignalWorker found 2 signals in global registry
[2025-11-04 18:09:47] [STDERR] 2025-11-04 18:09:47,033 - gleitzeit.workers.signal_worker - INFO - Processing registry entry: workflow=workflow-72d17d06-2a7c-4814-9916-9321dfc74316, signal=workflow-completed
[2025-11-04 18:09:47] [STDERR] 2025-11-04 18:09:47,033 - gleitzeit.workers.signal_worker - INFO - No waiters for signal workflow-completed in workflow workflow-72d17d06-2a7c-4814-9916-9321dfc74316 - keeping in registry
[2025-11-04 18:09:47] [STDERR] 2025-11-04 18:09:47,034 - gleitzeit.workers.signal_worker - INFO - Processing registry entry: workflow=workflow-72d17d06-2a7c-4814-9916-9321dfc74316, signal=processing-complete
[2025-11-04 18:09:47] [STDERR] 2025-11-04 18:09:47,034 - gleitzeit.workers.signal_worker - INFO - No waiters for signal processing-complete in workflow workflow-72d17d06-2a7c-4814-9916-9321dfc74316 - keeping in registry
[2025-11-04 18:09:47] [STDERR] 2025-11-04 18:09:47,544 - gleitzeit.workers.signal_worker - INFO - SignalWorker found 2 signals in global registry
[2025-11-04 18:09:47] [STDERR] 2025-11-04 18:09:47,544 - gleitzeit.workers.signal_worker - INFO - Processing registry entry: workflow=workflow-72d17d06-2a7c-4814-9916-9321dfc74316, signal=workflow-completed
[2025-11-04 18:09:47] [STDERR] 2025-11-04 18:09:47,544 - gleitzeit.workers.signal_worker - INFO - No waiters for signal workflow-completed in workflow workflow-72d17d06-2a7c-4814-9916-9321dfc74316 - keeping in registry
[2025-11-04 18:09:47] [STDERR] 2025-11-04 18:09:47,544 - gleitzeit.workers.signal_worker - INFO - Processing registry entry: workflow=workflow-72d17d06-2a7c-4814-9916-9321dfc74316, signal=processing-complete
[2025-11-04 18:09:47] [STDERR] 2025-11-04 18:09:47,544 - gleitzeit.workers.signal_worker - INFO - No waiters for signal processing-complete in workflow workflow-72d17d06-2a7c-4814-9916-9321dfc74316 - keeping in registry
[2025-11-04 18:09:48] [STDERR] 2025-11-04 18:09:48,054 - gleitzeit.workers.signal_worker - INFO - SignalWorker found 2 signals in global registry
[2025-11-04 18:09:48] [STDERR] 2025-11-04 18:09:48,054 - gleitzeit.workers.signal_worker - INFO - Processing registry entry: workflow=workflow-72d17d06-2a7c-4814-9916-9321dfc74316, signal=workflow-completed
[2025-11-04 18:09:48] [STDERR] 2025-11-04 18:09:48,054 - gleitzeit.workers.signal_worker - INFO - No waiters for signal workflow-completed in workflow workflow-72d17d06-2a7c-4814-9916-9321dfc74316 - keeping in registry
[2025-11-04 18:09:48] [STDERR] 2025-11-04 18:09:48,054 - gleitzeit.workers.signal_worker - INFO - Processing registry entry: workflow=workflow-72d17d06-2a7c-4814-9916-9321dfc74316, signal=processing-complete
[2025-11-04 18:09:48] [STDERR] 2025-11-04 18:09:48,054 - gleitzeit.workers.signal_worker - INFO - No waiters for signal processing-complete in workflow workflow-72d17d06-2a7c-4814-9916-9321dfc74316 - keeping in registry
[2025-11-04 18:09:48] [STDERR] 2025-11-04 18:09:48,564 - gleitzeit.workers.signal_worker - INFO - SignalWorker found 2 signals in global registry
[2025-11-04 18:09:48] [STDERR] 2025-11-04 18:09:48,564 - gleitzeit.workers.signal_worker - INFO - Processing registry entry: workflow=workflow-72d17d06-2a7c-4814-9916-9321dfc74316, signal=workflow-completed
[2025-11-04 18:09:48] [STDERR] 2025-11-04 18:09:48,564 - gleitzeit.workers.signal_worker - INFO - No waiters for signal workflow-completed in workflow workflow-72d17d06-2a7c-4814-9916-9321dfc74316 - keeping in registry
[2025-11-04 18:09:48] [STDERR] 2025-11-04 18:09:48,564 - gleitzeit.workers.signal_worker - INFO - Processing registry entry: workflow=workflow-72d17d06-2a7c-4814-9916-9321dfc74316, signal=processing-complete
[2025-11-04 18:09:48] [STDERR] 2025-11-04 18:09:48,565 - gleitzeit.workers.signal_worker - INFO - No waiters for signal processing-complete in workflow workflow-72d17d06-2a7c-4814-9916-9321dfc74316 - keeping in registry
[2025-11-04 18:09:49] [STDERR] 2025-11-04 18:09:49,103 - gleitzeit.workers.signal_worker - INFO - SignalWorker found 2 signals in global registry
[2025-11-04 18:09:49] [STDERR] 2025-11-04 18:09:49,103 - gleitzeit.workers.signal_worker - INFO - Processing registry entry: workflow=workflow-72d17d06-2a7c-4814-9916-9321dfc74316, signal=workflow-completed
[2025-11-04 18:09:49] [STDERR] 2025-11-04 18:09:49,103 - gleitzeit.workers.signal_worker - INFO - No waiters for signal workflow-completed in workflow workflow-72d17d06-2a7c-4814-9916-9321dfc74316 - keeping in registry
[2025-11-04 18:09:49] [STDERR] 2025-11-04 18:09:49,103 - gleitzeit.workers.signal_worker - INFO - Processing registry entry: workflow=workflow-72d17d06-2a7c-4814-9916-9321dfc74316, signal=processing-complete
[2025-11-04 18:09:49] [STDERR] 2025-11-04 18:09:49,104 - gleitzeit.workers.signal_worker - INFO - No waiters for signal processing-complete in workflow workflow-72d17d06-2a7c-4814-9916-9321dfc74316 - keeping in registry
[2025-11-04 18:09:49] [STDERR] 2025-11-04 18:09:49,612 - gleitzeit.workers.signal_worker - INFO - SignalWorker found 2 signals in global registry
[2025-11-04 18:09:49] [STDERR] 2025-11-04 18:09:49,612 - gleitzeit.workers.signal_worker - INFO - Processing registry entry: workflow=workflow-72d17d06-2a7c-4814-9916-9321dfc74316, signal=workflow-completed
[2025-11-04 18:09:49] [STDERR] 2025-11-04 18:09:49,612 - gleitzeit.workers.signal_worker - INFO - No waiters for signal workflow-completed in workflow workflow-72d17d06-2a7c-4814-9916-9321dfc74316 - keeping in registry
[2025-11-04 18:09:49] [STDERR] 2025-11-04 18:09:49,612 - gleitzeit.workers.signal_worker - INFO - Processing registry entry: workflow=workflow-72d17d06-2a7c-4814-9916-9321dfc74316, signal=processing-complete
[2025-11-04 18:09:49] [STDERR] 2025-11-04 18:09:49,612 - gleitzeit.workers.signal_worker - INFO - No waiters for signal processing-complete in workflow workflow-72d17d06-2a7c-4814-9916-9321dfc74316 - keeping in registry
[2025-11-04 18:09:50] [STDERR] 2025-11-04 18:09:50,124 - gleitzeit.workers.signal_worker - INFO - SignalWorker found 2 signals in global registry
[2025-11-04 18:09:50] [STDERR] 2025-11-04 18:09:50,124 - gleitzeit.workers.signal_worker - INFO - Processing registry entry: workflow=workflow-72d17d06-2a7c-4814-9916-9321dfc74316, signal=workflow-completed
[2025-11-04 18:09:50] [STDERR] 2025-11-04 18:09:50,124 - gleitzeit.workers.signal_worker - INFO - No waiters for signal workflow-completed in workflow workflow-72d17d06-2a7c-4814-9916-9321dfc74316 - keeping in registry
[2025-11-04 18:09:50] [STDERR] 2025-11-04 18:09:50,124 - gleitzeit.workers.signal_worker - INFO - Processing registry entry: workflow=workflow-72d17d06-2a7c-4814-9916-9321dfc74316, signal=processing-complete
[2025-11-04 18:09:50] [STDERR] 2025-11-04 18:09:50,125 - gleitzeit.workers.signal_worker - INFO - No waiters for signal processing-complete in workflow workflow-72d17d06-2a7c-4814-9916-9321dfc74316 - keeping in registry
[2025-11-04 18:09:50] [STDERR] 2025-11-04 18:09:50,644 - gleitzeit.workers.signal_worker - INFO - SignalWorker found 2 signals in global registry
[2025-11-04 18:09:50] [STDERR] 2025-11-04 18:09:50,644 - gleitzeit.workers.signal_worker - INFO - Processing registry entry: workflow=workflow-72d17d06-2a7c-4814-9916-9321dfc74316, signal=workflow-completed
[2025-11-04 18:09:50] [STDERR] 2025-11-04 18:09:50,644 - gleitzeit.workers.signal_worker - INFO - No waiters for signal workflow-completed in workflow workflow-72d17d06-2a7c-4814-9916-9321dfc74316 - keeping in registry
[2025-11-04 18:09:50] [STDERR] 2025-11-04 18:09:50,644 - gleitzeit.workers.signal_worker - INFO - Processing registry entry: workflow=workflow-72d17d06-2a7c-4814-9916-9321dfc74316, signal=processing-complete
[2025-11-04 18:09:50] [STDERR] 2025-11-04 18:09:50,645 - gleitzeit.workers.signal_worker - INFO - No waiters for signal processing-complete in workflow workflow-72d17d06-2a7c-4814-9916-9321dfc74316 - keeping in registry
[2025-11-04 18:09:51] [STDERR] 2025-11-04 18:09:51,156 - gleitzeit.workers.signal_worker - INFO - SignalWorker found 2 signals in global registry
[2025-11-04 18:09:51] [STDERR] 2025-11-04 18:09:51,157 - gleitzeit.workers.signal_worker - INFO - Processing registry entry: workflow=workflow-72d17d06-2a7c-4814-9916-9321dfc74316, signal=workflow-completed
[2025-11-04 18:09:51] [STDERR] 2025-11-04 18:09:51,157 - gleitzeit.workers.signal_worker - INFO - No waiters for signal workflow-completed in workflow workflow-72d17d06-2a7c-4814-9916-9321dfc74316 - keeping in registry
[2025-11-04 18:09:51] [STDERR] 2025-11-04 18:09:51,157 - gleitzeit.workers.signal_worker - INFO - Processing registry entry: workflow=workflow-72d17d06-2a7c-4814-9916-9321dfc74316, signal=processing-complete
[2025-11-04 18:09:51] [STDERR] 2025-11-04 18:09:51,157 - gleitzeit.workers.signal_worker - INFO - No waiters for signal processing-complete in workflow workflow-72d17d06-2a7c-4814-9916-9321dfc74316 - keeping in registry
[2025-11-04 18:09:51] [STDERR] 2025-11-04 18:09:51,670 - gleitzeit.workers.signal_worker - INFO - SignalWorker found 2 signals in global registry
[2025-11-04 18:09:51] [STDERR] 2025-11-04 18:09:51,670 - gleitzeit.workers.signal_worker - INFO - Processing registry entry: workflow=workflow-72d17d06-2a7c-4814-9916-9321dfc74316, signal=workflow-completed
[2025-11-04 18:09:51] [STDERR] 2025-11-04 18:09:51,670 - gleitzeit.workers.signal_worker - INFO - No waiters for signal workflow-completed in workflow workflow-72d17d06-2a7c-4814-9916-9321dfc74316 - keeping in registry
[2025-11-04 18:09:51] [STDERR] 2025-11-04 18:09:51,670 - gleitzeit.workers.signal_worker - INFO - Processing registry entry: workflow=workflow-72d17d06-2a7c-4814-9916-9321dfc74316, signal=processing-complete
[2025-11-04 18:09:51] [STDERR] 2025-11-04 18:09:51,670 - gleitzeit.workers.signal_worker - INFO - No waiters for signal processing-complete in workflow workflow-72d17d06-2a7c-4814-9916-9321dfc74316 - keeping in registry
[2025-11-04 18:09:52] [STDERR] 2025-11-04 18:09:52,181 - gleitzeit.workers.signal_worker - INFO - SignalWorker found 2 signals in global registry
[2025-11-04 18:09:52] [STDERR] 2025-11-04 18:09:52,181 - gleitzeit.workers.signal_worker - INFO - Processing registry entry: workflow=workflow-72d17d06-2a7c-4814-9916-9321dfc74316, signal=workflow-completed
[2025-11-04 18:09:52] [STDERR] 2025-11-04 18:09:52,181 - gleitzeit.workers.signal_worker - INFO - No waiters for signal workflow-completed in workflow workflow-72d17d06-2a7c-4814-9916-9321dfc74316 - keeping in registry
[2025-11-04 18:09:52] [STDERR] 2025-11-04 18:09:52,181 - gleitzeit.workers.signal_worker - INFO - Processing registry entry: workflow=workflow-72d17d06-2a7c-4814-9916-9321dfc74316, signal=processing-complete
[2025-11-04 18:09:52] [STDERR] 2025-11-04 18:09:52,181 - gleitzeit.workers.signal_worker - INFO - No waiters for signal processing-complete in workflow workflow-72d17d06-2a7c-4814-9916-9321dfc74316 - keeping in registry
[2025-11-04 18:09:52] [STDERR] 2025-11-04 18:09:52,693 - gleitzeit.workers.signal_worker - INFO - SignalWorker found 2 signals in global registry
[2025-11-04 18:09:52] [STDERR] 2025-11-04 18:09:52,693 - gleitzeit.workers.signal_worker - INFO - Processing registry entry: workflow=workflow-72d17d06-2a7c-4814-9916-9321dfc74316, signal=workflow-completed
[2025-11-04 18:09:52] [STDERR] 2025-11-04 18:09:52,693 - gleitzeit.workers.signal_worker - INFO - No waiters for signal workflow-completed in workflow workflow-72d17d06-2a7c-4814-9916-9321dfc74316 - keeping in registry
[2025-11-04 18:09:52] [STDERR] 2025-11-04 18:09:52,693 - gleitzeit.workers.signal_worker - INFO - Processing registry entry: workflow=workflow-72d17d06-2a7c-4814-9916-9321dfc74316, signal=processing-complete
[2025-11-04 18:09:52] [STDERR] 2025-11-04 18:09:52,693 - gleitzeit.workers.signal_worker - INFO - No waiters for signal processing-complete in workflow workflow-72d17d06-2a7c-4814-9916-9321dfc74316 - keeping in registry
[2025-11-04 18:09:53] [STDERR] 2025-11-04 18:09:53,208 - gleitzeit.workers.signal_worker - INFO - SignalWorker found 2 signals in global registry
[2025-11-04 18:09:53] [STDERR] 2025-11-04 18:09:53,208 - gleitzeit.workers.signal_worker - INFO - Processing registry entry: workflow=workflow-72d17d06-2a7c-4814-9916-9321dfc74316, signal=workflow-completed
[2025-11-04 18:09:53] [STDERR] 2025-11-04 18:09:53,208 - gleitzeit.workers.signal_worker - INFO - No waiters for signal workflow-completed in workflow workflow-72d17d06-2a7c-4814-9916-9321dfc74316 - keeping in registry
[2025-11-04 18:09:53] [STDERR] 2025-11-04 18:09:53,208 - gleitzeit.workers.signal_worker - INFO - Processing registry entry: workflow=workflow-72d17d06-2a7c-4814-9916-9321dfc74316, signal=processing-complete
[2025-11-04 18:09:53] [STDERR] 2025-11-04 18:09:53,208 - gleitzeit.workers.signal_worker - INFO - No waiters for signal processing-complete in workflow workflow-72d17d06-2a7c-4814-9916-9321dfc74316 - keeping in registry
[2025-11-04 18:09:53] [STDERR] 2025-11-04 18:09:53,710 - gleitzeit.workers.signal_worker - INFO - Signal processing loop iteration 200
[2025-11-04 18:09:53] [STDERR] 2025-11-04 18:09:53,719 - gleitzeit.workers.signal_worker - INFO - SignalWorker found 2 signals in global registry
[2025-11-04 18:09:53] [STDERR] 2025-11-04 18:09:53,719 - gleitzeit.workers.signal_worker - INFO - Processing registry entry: workflow=workflow-72d17d06-2a7c-4814-9916-9321dfc74316, signal=workflow-completed
[2025-11-04 18:09:53] [STDERR] 2025-11-04 18:09:53,719 - gleitzeit.workers.signal_worker - INFO - No waiters for signal workflow-completed in workflow workflow-72d17d06-2a7c-4814-9916-9321dfc74316 - keeping in registry
[2025-11-04 18:09:53] [STDERR] 2025-11-04 18:09:53,719 - gleitzeit.workers.signal_worker - INFO - Processing registry entry: workflow=workflow-72d17d06-2a7c-4814-9916-9321dfc74316, signal=processing-complete
[2025-11-04 18:09:53] [STDERR] 2025-11-04 18:09:53,719 - gleitzeit.workers.signal_worker - INFO - No waiters for signal processing-complete in workflow workflow-72d17d06-2a7c-4814-9916-9321dfc74316 - keeping in registry
[2025-11-04 18:09:54] [STDERR] 2025-11-04 18:09:54,232 - gleitzeit.workers.signal_worker - INFO - SignalWorker found 2 signals in global registry
[2025-11-04 18:09:54] [STDERR] 2025-11-04 18:09:54,232 - gleitzeit.workers.signal_worker - INFO - Processing registry entry: workflow=workflow-72d17d06-2a7c-4814-9916-9321dfc74316, signal=workflow-completed
[2025-11-04 18:09:54] [STDERR] 2025-11-04 18:09:54,232 - gleitzeit.workers.signal_worker - INFO - No waiters for signal workflow-completed in workflow workflow-72d17d06-2a7c-4814-9916-9321dfc74316 - keeping in registry
[2025-11-04 18:09:54] [STDERR] 2025-11-04 18:09:54,232 - gleitzeit.workers.signal_worker - INFO - Processing registry entry: workflow=workflow-72d17d06-2a7c-4814-9916-9321dfc74316, signal=processing-complete
[2025-11-04 18:09:54] [STDERR] 2025-11-04 18:09:54,232 - gleitzeit.workers.signal_worker - INFO - No waiters for signal processing-complete in workflow workflow-72d17d06-2a7c-4814-9916-9321dfc74316 - keeping in registry
[2025-11-04 18:09:54] [STDERR] 2025-11-04 18:09:54,749 - gleitzeit.workers.signal_worker - INFO - SignalWorker found 2 signals in global registry
[2025-11-04 18:09:54] [STDERR] 2025-11-04 18:09:54,749 - gleitzeit.workers.signal_worker - INFO - Processing registry entry: workflow=workflow-72d17d06-2a7c-4814-9916-9321dfc74316, signal=workflow-completed
[2025-11-04 18:09:54] [STDERR] 2025-11-04 18:09:54,750 - gleitzeit.workers.signal_worker - INFO - No waiters for signal workflow-completed in workflow workflow-72d17d06-2a7c-4814-9916-9321dfc74316 - keeping in registry
[2025-11-04 18:09:54] [STDERR] 2025-11-04 18:09:54,750 - gleitzeit.workers.signal_worker - INFO - Processing registry entry: workflow=workflow-72d17d06-2a7c-4814-9916-9321dfc74316, signal=processing-complete
[2025-11-04 18:09:54] [STDERR] 2025-11-04 18:09:54,750 - gleitzeit.workers.signal_worker - INFO - No waiters for signal processing-complete in workflow workflow-72d17d06-2a7c-4814-9916-9321dfc74316 - keeping in registry
[2025-11-04 18:09:55] [STDERR] 2025-11-04 18:09:55,265 - gleitzeit.workers.signal_worker - INFO - SignalWorker found 2 signals in global registry
[2025-11-04 18:09:55] [STDERR] 2025-11-04 18:09:55,265 - gleitzeit.workers.signal_worker - INFO - Processing registry entry: workflow=workflow-72d17d06-2a7c-4814-9916-9321dfc74316, signal=workflow-completed
[2025-11-04 18:09:55] [STDERR] 2025-11-04 18:09:55,265 - gleitzeit.workers.signal_worker - INFO - No waiters for signal workflow-completed in workflow workflow-72d17d06-2a7c-4814-9916-9321dfc74316 - keeping in registry
[2025-11-04 18:09:55] [STDERR] 2025-11-04 18:09:55,265 - gleitzeit.workers.signal_worker - INFO - Processing registry entry: workflow=workflow-72d17d06-2a7c-4814-9916-9321dfc74316, signal=processing-complete
[2025-11-04 18:09:55] [STDERR] 2025-11-04 18:09:55,265 - gleitzeit.workers.signal_worker - INFO - No waiters for signal processing-complete in workflow workflow-72d17d06-2a7c-4814-9916-9321dfc74316 - keeping in registry
[2025-11-04 18:09:55] [STDERR] 2025-11-04 18:09:55,784 - gleitzeit.workers.signal_worker - INFO - SignalWorker found 2 signals in global registry
[2025-11-04 18:09:55] [STDERR] 2025-11-04 18:09:55,784 - gleitzeit.workers.signal_worker - INFO - Processing registry entry: workflow=workflow-72d17d06-2a7c-4814-9916-9321dfc74316, signal=workflow-completed
[2025-11-04 18:09:55] [STDERR] 2025-11-04 18:09:55,784 - gleitzeit.workers.signal_worker - INFO - No waiters for signal workflow-completed in workflow workflow-72d17d06-2a7c-4814-9916-9321dfc74316 - keeping in registry
[2025-11-04 18:09:55] [STDERR] 2025-11-04 18:09:55,784 - gleitzeit.workers.signal_worker - INFO - Processing registry entry: workflow=workflow-72d17d06-2a7c-4814-9916-9321dfc74316, signal=processing-complete
[2025-11-04 18:09:55] [STDERR] 2025-11-04 18:09:55,784 - gleitzeit.workers.signal_worker - INFO - No waiters for signal processing-complete in workflow workflow-72d17d06-2a7c-4814-9916-9321dfc74316 - keeping in registry
[2025-11-04 18:09:56] [STDERR] 2025-11-04 18:09:56,293 - gleitzeit.workers.signal_worker - INFO - SignalWorker found 2 signals in global registry
[2025-11-04 18:09:56] [STDERR] 2025-11-04 18:09:56,293 - gleitzeit.workers.signal_worker - INFO - Processing registry entry: workflow=workflow-72d17d06-2a7c-4814-9916-9321dfc74316, signal=workflow-completed
[2025-11-04 18:09:56] [STDERR] 2025-11-04 18:09:56,294 - gleitzeit.workers.signal_worker - INFO - No waiters for signal workflow-completed in workflow workflow-72d17d06-2a7c-4814-9916-9321dfc74316 - keeping in registry
[2025-11-04 18:09:56] [STDERR] 2025-11-04 18:09:56,294 - gleitzeit.workers.signal_worker - INFO - Processing registry entry: workflow=workflow-72d17d06-2a7c-4814-9916-9321dfc74316, signal=processing-complete
[2025-11-04 18:09:56] [STDERR] 2025-11-04 18:09:56,294 - gleitzeit.workers.signal_worker - INFO - No waiters for signal processing-complete in workflow workflow-72d17d06-2a7c-4814-9916-9321dfc74316 - keeping in registry
[2025-11-04 18:09:56] [STDERR] 2025-11-04 18:09:56,800 - gleitzeit.workers.signal_worker - INFO - SignalWorker found 2 signals in global registry
[2025-11-04 18:09:56] [STDERR] 2025-11-04 18:09:56,800 - gleitzeit.workers.signal_worker - INFO - Processing registry entry: workflow=workflow-72d17d06-2a7c-4814-9916-9321dfc74316, signal=workflow-completed
[2025-11-04 18:09:56] [STDERR] 2025-11-04 18:09:56,801 - gleitzeit.workers.signal_worker - INFO - No waiters for signal workflow-completed in workflow workflow-72d17d06-2a7c-4814-9916-9321dfc74316 - keeping in registry
[2025-11-04 18:09:56] [STDERR] 2025-11-04 18:09:56,801 - gleitzeit.workers.signal_worker - INFO - Processing registry entry: workflow=workflow-72d17d06-2a7c-4814-9916-9321dfc74316, signal=processing-complete
[2025-11-04 18:09:56] [STDERR] 2025-11-04 18:09:56,801 - gleitzeit.workers.signal_worker - INFO - No waiters for signal processing-complete in workflow workflow-72d17d06-2a7c-4814-9916-9321dfc74316 - keeping in registry
[2025-11-04 18:09:57] [STDERR] 2025-11-04 18:09:57,306 - gleitzeit.workers.signal_worker - INFO - SignalWorker found 2 signals in global registry
[2025-11-04 18:09:57] [STDERR] 2025-11-04 18:09:57,306 - gleitzeit.workers.signal_worker - INFO - Processing registry entry: workflow=workflow-72d17d06-2a7c-4814-9916-9321dfc74316, signal=workflow-completed
[2025-11-04 18:09:57] [STDERR] 2025-11-04 18:09:57,306 - gleitzeit.workers.signal_worker - INFO - No waiters for signal workflow-completed in workflow workflow-72d17d06-2a7c-4814-9916-9321dfc74316 - keeping in registry
[2025-11-04 18:09:57] [STDERR] 2025-11-04 18:09:57,306 - gleitzeit.workers.signal_worker - INFO - Processing registry entry: workflow=workflow-72d17d06-2a7c-4814-9916-9321dfc74316, signal=processing-complete
[2025-11-04 18:09:57] [STDERR] 2025-11-04 18:09:57,306 - gleitzeit.workers.signal_worker - INFO - No waiters for signal processing-complete in workflow workflow-72d17d06-2a7c-4814-9916-9321dfc74316 - keeping in registry
[2025-11-04 18:09:57] [STDERR] 2025-11-04 18:09:57,812 - gleitzeit.workers.signal_worker - INFO - SignalWorker found 2 signals in global registry
[2025-11-04 18:09:57] [STDERR] 2025-11-04 18:09:57,812 - gleitzeit.workers.signal_worker - INFO - Processing registry entry: workflow=workflow-72d17d06-2a7c-4814-9916-9321dfc74316, signal=workflow-completed
[2025-11-04 18:09:57] [STDERR] 2025-11-04 18:09:57,812 - gleitzeit.workers.signal_worker - INFO - No waiters for signal workflow-completed in workflow workflow-72d17d06-2a7c-4814-9916-9321dfc74316 - keeping in registry
[2025-11-04 18:09:57] [STDERR] 2025-11-04 18:09:57,812 - gleitzeit.workers.signal_worker - INFO - Processing registry entry: workflow=workflow-72d17d06-2a7c-4814-9916-9321dfc74316, signal=processing-complete
[2025-11-04 18:09:57] [STDERR] 2025-11-04 18:09:57,812 - gleitzeit.workers.signal_worker - INFO - No waiters for signal processing-complete in workflow workflow-72d17d06-2a7c-4814-9916-9321dfc74316 - keeping in registry
[2025-11-04 18:09:58] [STDERR] 2025-11-04 18:09:58,331 - gleitzeit.workers.signal_worker - INFO - SignalWorker found 2 signals in global registry
[2025-11-04 18:09:58] [STDERR] 2025-11-04 18:09:58,331 - gleitzeit.workers.signal_worker - INFO - Processing registry entry: workflow=workflow-72d17d06-2a7c-4814-9916-9321dfc74316, signal=workflow-completed
[2025-11-04 18:09:58] [STDERR] 2025-11-04 18:09:58,331 - gleitzeit.workers.signal_worker - INFO - No waiters for signal workflow-completed in workflow workflow-72d17d06-2a7c-4814-9916-9321dfc74316 - keeping in registry
[2025-11-04 18:09:58] [STDERR] 2025-11-04 18:09:58,331 - gleitzeit.workers.signal_worker - INFO - Processing registry entry: workflow=workflow-72d17d06-2a7c-4814-9916-9321dfc74316, signal=processing-complete
[2025-11-04 18:09:58] [STDERR] 2025-11-04 18:09:58,331 - gleitzeit.workers.signal_worker - INFO - No waiters for signal processing-complete in workflow workflow-72d17d06-2a7c-4814-9916-9321dfc74316 - keeping in registry
[2025-11-04 18:09:58] [STDERR] 2025-11-04 18:09:58,838 - gleitzeit.workers.signal_worker - INFO - SignalWorker found 2 signals in global registry
[2025-11-04 18:09:58] [STDERR] 2025-11-04 18:09:58,838 - gleitzeit.workers.signal_worker - INFO - Processing registry entry: workflow=workflow-72d17d06-2a7c-4814-9916-9321dfc74316, signal=workflow-completed
[2025-11-04 18:09:58] [STDERR] 2025-11-04 18:09:58,838 - gleitzeit.workers.signal_worker - INFO - No waiters for signal workflow-completed in workflow workflow-72d17d06-2a7c-4814-9916-9321dfc74316 - keeping in registry
[2025-11-04 18:09:58] [STDERR] 2025-11-04 18:09:58,838 - gleitzeit.workers.signal_worker - INFO - Processing registry entry: workflow=workflow-72d17d06-2a7c-4814-9916-9321dfc74316, signal=processing-complete
[2025-11-04 18:09:58] [STDERR] 2025-11-04 18:09:58,838 - gleitzeit.workers.signal_worker - INFO - No waiters for signal processing-complete in workflow workflow-72d17d06-2a7c-4814-9916-9321dfc74316 - keeping in registry
[2025-11-04 18:09:59] [STDERR] 2025-11-04 18:09:59,349 - gleitzeit.workers.signal_worker - INFO - SignalWorker found 2 signals in global registry
[2025-11-04 18:09:59] [STDERR] 2025-11-04 18:09:59,349 - gleitzeit.workers.signal_worker - INFO - Processing registry entry: workflow=workflow-72d17d06-2a7c-4814-9916-9321dfc74316, signal=workflow-completed
[2025-11-04 18:09:59] [STDERR] 2025-11-04 18:09:59,349 - gleitzeit.workers.signal_worker - INFO - No waiters for signal workflow-completed in workflow workflow-72d17d06-2a7c-4814-9916-9321dfc74316 - keeping in registry
[2025-11-04 18:09:59] [STDERR] 2025-11-04 18:09:59,349 - gleitzeit.workers.signal_worker - INFO - Processing registry entry: workflow=workflow-72d17d06-2a7c-4814-9916-9321dfc74316, signal=processing-complete
[2025-11-04 18:09:59] [STDERR] 2025-11-04 18:09:59,349 - gleitzeit.workers.signal_worker - INFO - No waiters for signal processing-complete in workflow workflow-72d17d06-2a7c-4814-9916-9321dfc74316 - keeping in registry
[2025-11-04 18:09:59] [STDERR] 2025-11-04 18:09:59,858 - gleitzeit.workers.signal_worker - INFO - SignalWorker found 2 signals in global registry
[2025-11-04 18:09:59] [STDERR] 2025-11-04 18:09:59,858 - gleitzeit.workers.signal_worker - INFO - Processing registry entry: workflow=workflow-72d17d06-2a7c-4814-9916-9321dfc74316, signal=workflow-completed
[2025-11-04 18:09:59] [STDERR] 2025-11-04 18:09:59,859 - gleitzeit.workers.signal_worker - INFO - No waiters for signal workflow-completed in workflow workflow-72d17d06-2a7c-4814-9916-9321dfc74316 - keeping in registry
[2025-11-04 18:09:59] [STDERR] 2025-11-04 18:09:59,859 - gleitzeit.workers.signal_worker - INFO - Processing registry entry: workflow=workflow-72d17d06-2a7c-4814-9916-9321dfc74316, signal=processing-complete
[2025-11-04 18:09:59] [STDERR] 2025-11-04 18:09:59,859 - gleitzeit.workers.signal_worker - INFO - No waiters for signal processing-complete in workflow workflow-72d17d06-2a7c-4814-9916-9321dfc74316 - keeping in registry
[2025-11-04 18:10:00] [STDERR] 2025-11-04 18:10:00,369 - gleitzeit.workers.signal_worker - INFO - SignalWorker found 2 signals in global registry
[2025-11-04 18:10:00] [STDERR] 2025-11-04 18:10:00,369 - gleitzeit.workers.signal_worker - INFO - Processing registry entry: workflow=workflow-72d17d06-2a7c-4814-9916-9321dfc74316, signal=workflow-completed
[2025-11-04 18:10:00] [STDERR] 2025-11-04 18:10:00,370 - gleitzeit.workers.signal_worker - INFO - No waiters for signal workflow-completed in workflow workflow-72d17d06-2a7c-4814-9916-9321dfc74316 - keeping in registry
[2025-11-04 18:10:00] [STDERR] 2025-11-04 18:10:00,370 - gleitzeit.workers.signal_worker - INFO - Processing registry entry: workflow=workflow-72d17d06-2a7c-4814-9916-9321dfc74316, signal=processing-complete
[2025-11-04 18:10:00] [STDERR] 2025-11-04 18:10:00,370 - gleitzeit.workers.signal_worker - INFO - No waiters for signal processing-complete in workflow workflow-72d17d06-2a7c-4814-9916-9321dfc74316 - keeping in registry
[2025-11-04 18:10:00] [STDERR] 2025-11-04 18:10:00,905 - gleitzeit.workers.signal_worker - INFO - SignalWorker found 2 signals in global registry
[2025-11-04 18:10:00] [STDERR] 2025-11-04 18:10:00,906 - gleitzeit.workers.signal_worker - INFO - Processing registry entry: workflow=workflow-72d17d06-2a7c-4814-9916-9321dfc74316, signal=workflow-completed
[2025-11-04 18:10:00] [STDERR] 2025-11-04 18:10:00,906 - gleitzeit.workers.signal_worker - INFO - No waiters for signal workflow-completed in workflow workflow-72d17d06-2a7c-4814-9916-9321dfc74316 - keeping in registry
[2025-11-04 18:10:00] [STDERR] 2025-11-04 18:10:00,906 - gleitzeit.workers.signal_worker - INFO - Processing registry entry: workflow=workflow-72d17d06-2a7c-4814-9916-9321dfc74316, signal=processing-complete
[2025-11-04 18:10:00] [STDERR] 2025-11-04 18:10:00,906 - gleitzeit.workers.signal_worker - INFO - No waiters for signal processing-complete in workflow workflow-72d17d06-2a7c-4814-9916-9321dfc74316 - keeping in registry
[2025-11-04 18:10:01] [STDERR] 2025-11-04 18:10:01,414 - gleitzeit.workers.signal_worker - INFO - SignalWorker found 2 signals in global registry
[2025-11-04 18:10:01] [STDERR] 2025-11-04 18:10:01,414 - gleitzeit.workers.signal_worker - INFO - Processing registry entry: workflow=workflow-72d17d06-2a7c-4814-9916-9321dfc74316, signal=workflow-completed
[2025-11-04 18:10:01] [STDERR] 2025-11-04 18:10:01,415 - gleitzeit.workers.signal_worker - INFO - No waiters for signal workflow-completed in workflow workflow-72d17d06-2a7c-4814-9916-9321dfc74316 - keeping in registry
[2025-11-04 18:10:01] [STDERR] 2025-11-04 18:10:01,415 - gleitzeit.workers.signal_worker - INFO - Processing registry entry: workflow=workflow-72d17d06-2a7c-4814-9916-9321dfc74316, signal=processing-complete
[2025-11-04 18:10:01] [STDERR] 2025-11-04 18:10:01,415 - gleitzeit.workers.signal_worker - INFO - No waiters for signal processing-complete in workflow workflow-72d17d06-2a7c-4814-9916-9321dfc74316 - keeping in registry
[2025-11-04 18:10:01] [STDERR] 2025-11-04 18:10:01,927 - gleitzeit.workers.signal_worker - INFO - SignalWorker found 2 signals in global registry
[2025-11-04 18:10:01] [STDERR] 2025-11-04 18:10:01,927 - gleitzeit.workers.signal_worker - INFO - Processing registry entry: workflow=workflow-72d17d06-2a7c-4814-9916-9321dfc74316, signal=workflow-completed
[2025-11-04 18:10:01] [STDERR] 2025-11-04 18:10:01,928 - gleitzeit.workers.signal_worker - INFO - No waiters for signal workflow-completed in workflow workflow-72d17d06-2a7c-4814-9916-9321dfc74316 - keeping in registry
[2025-11-04 18:10:01] [STDERR] 2025-11-04 18:10:01,928 - gleitzeit.workers.signal_worker - INFO - Processing registry entry: workflow=workflow-72d17d06-2a7c-4814-9916-9321dfc74316, signal=processing-complete
[2025-11-04 18:10:01] [STDERR] 2025-11-04 18:10:01,928 - gleitzeit.workers.signal_worker - INFO - No waiters for signal processing-complete in workflow workflow-72d17d06-2a7c-4814-9916-9321dfc74316 - keeping in registry
[2025-11-04 18:10:02] [STDERR] 2025-11-04 18:10:02,448 - gleitzeit.workers.signal_worker - INFO - SignalWorker found 2 signals in global registry
[2025-11-04 18:10:02] [STDERR] 2025-11-04 18:10:02,448 - gleitzeit.workers.signal_worker - INFO - Processing registry entry: workflow=workflow-72d17d06-2a7c-4814-9916-9321dfc74316, signal=workflow-completed
[2025-11-04 18:10:02] [STDERR] 2025-11-04 18:10:02,448 - gleitzeit.workers.signal_worker - INFO - No waiters for signal workflow-completed in workflow workflow-72d17d06-2a7c-4814-9916-9321dfc74316 - keeping in registry
[2025-11-04 18:10:02] [STDERR] 2025-11-04 18:10:02,448 - gleitzeit.workers.signal_worker - INFO - Processing registry entry: workflow=workflow-72d17d06-2a7c-4814-9916-9321dfc74316, signal=processing-complete
[2025-11-04 18:10:02] [STDERR] 2025-11-04 18:10:02,449 - gleitzeit.workers.signal_worker - INFO - No waiters for signal processing-complete in workflow workflow-72d17d06-2a7c-4814-9916-9321dfc74316 - keeping in registry
[2025-11-04 18:10:02] [STDERR] 2025-11-04 18:10:02,960 - gleitzeit.workers.signal_worker - INFO - SignalWorker found 2 signals in global registry
[2025-11-04 18:10:02] [STDERR] 2025-11-04 18:10:02,960 - gleitzeit.workers.signal_worker - INFO - Processing registry entry: workflow=workflow-72d17d06-2a7c-4814-9916-9321dfc74316, signal=workflow-completed
[2025-11-04 18:10:02] [STDERR] 2025-11-04 18:10:02,961 - gleitzeit.workers.signal_worker - INFO - No waiters for signal workflow-completed in workflow workflow-72d17d06-2a7c-4814-9916-9321dfc74316 - keeping in registry
[2025-11-04 18:10:02] [STDERR] 2025-11-04 18:10:02,961 - gleitzeit.workers.signal_worker - INFO - Processing registry entry: workflow=workflow-72d17d06-2a7c-4814-9916-9321dfc74316, signal=processing-complete
[2025-11-04 18:10:02] [STDERR] 2025-11-04 18:10:02,961 - gleitzeit.workers.signal_worker - INFO - No waiters for signal processing-complete in workflow workflow-72d17d06-2a7c-4814-9916-9321dfc74316 - keeping in registry
[2025-11-04 18:10:03] [STDERR] 2025-11-04 18:10:03,472 - gleitzeit.workers.signal_worker - INFO - SignalWorker found 2 signals in global registry
[2025-11-04 18:10:03] [STDERR] 2025-11-04 18:10:03,472 - gleitzeit.workers.signal_worker - INFO - Processing registry entry: workflow=workflow-72d17d06-2a7c-4814-9916-9321dfc74316, signal=workflow-completed
[2025-11-04 18:10:03] [STDERR] 2025-11-04 18:10:03,472 - gleitzeit.workers.signal_worker - INFO - No waiters for signal workflow-completed in workflow workflow-72d17d06-2a7c-4814-9916-9321dfc74316 - keeping in registry
[2025-11-04 18:10:03] [STDERR] 2025-11-04 18:10:03,472 - gleitzeit.workers.signal_worker - INFO - Processing registry entry: workflow=workflow-72d17d06-2a7c-4814-9916-9321dfc74316, signal=processing-complete
[2025-11-04 18:10:03] [STDERR] 2025-11-04 18:10:03,472 - gleitzeit.workers.signal_worker - INFO - No waiters for signal processing-complete in workflow workflow-72d17d06-2a7c-4814-9916-9321dfc74316 - keeping in registry
[2025-11-04 18:10:03] [STDERR] 2025-11-04 18:10:03,974 - gleitzeit.workers.signal_worker - INFO - Signal processing loop iteration 220
[2025-11-04 18:10:03] [STDERR] 2025-11-04 18:10:03,980 - gleitzeit.workers.signal_worker - INFO - SignalWorker found 2 signals in global registry
[2025-11-04 18:10:03] [STDERR] 2025-11-04 18:10:03,980 - gleitzeit.workers.signal_worker - INFO - Processing registry entry: workflow=workflow-72d17d06-2a7c-4814-9916-9321dfc74316, signal=workflow-completed
[2025-11-04 18:10:03] [STDERR] 2025-11-04 18:10:03,980 - gleitzeit.workers.signal_worker - INFO - No waiters for signal workflow-completed in workflow workflow-72d17d06-2a7c-4814-9916-9321dfc74316 - keeping in registry
[2025-11-04 18:10:03] [STDERR] 2025-11-04 18:10:03,980 - gleitzeit.workers.signal_worker - INFO - Processing registry entry: workflow=workflow-72d17d06-2a7c-4814-9916-9321dfc74316, signal=processing-complete
[2025-11-04 18:10:03] [STDERR] 2025-11-04 18:10:03,980 - gleitzeit.workers.signal_worker - INFO - No waiters for signal processing-complete in workflow workflow-72d17d06-2a7c-4814-9916-9321dfc74316 - keeping in registry
[2025-11-04 18:10:04] [STDERR] 2025-11-04 18:10:04,490 - gleitzeit.workers.signal_worker - INFO - SignalWorker found 2 signals in global registry
[2025-11-04 18:10:04] [STDERR] 2025-11-04 18:10:04,490 - gleitzeit.workers.signal_worker - INFO - Processing registry entry: workflow=workflow-72d17d06-2a7c-4814-9916-9321dfc74316, signal=workflow-completed
[2025-11-04 18:10:04] [STDERR] 2025-11-04 18:10:04,490 - gleitzeit.workers.signal_worker - INFO - No waiters for signal workflow-completed in workflow workflow-72d17d06-2a7c-4814-9916-9321dfc74316 - keeping in registry
[2025-11-04 18:10:04] [STDERR] 2025-11-04 18:10:04,490 - gleitzeit.workers.signal_worker - INFO - Processing registry entry: workflow=workflow-72d17d06-2a7c-4814-9916-9321dfc74316, signal=processing-complete
[2025-11-04 18:10:04] [STDERR] 2025-11-04 18:10:04,490 - gleitzeit.workers.signal_worker - INFO - No waiters for signal processing-complete in workflow workflow-72d17d06-2a7c-4814-9916-9321dfc74316 - keeping in registry
[2025-11-04 18:10:05] [STDERR] 2025-11-04 18:10:05,023 - gleitzeit.workers.signal_worker - INFO - SignalWorker found 2 signals in global registry
[2025-11-04 18:10:05] [STDERR] 2025-11-04 18:10:05,023 - gleitzeit.workers.signal_worker - INFO - Processing registry entry: workflow=workflow-72d17d06-2a7c-4814-9916-9321dfc74316, signal=workflow-completed
[2025-11-04 18:10:05] [STDERR] 2025-11-04 18:10:05,024 - gleitzeit.workers.signal_worker - INFO - No waiters for signal workflow-completed in workflow workflow-72d17d06-2a7c-4814-9916-9321dfc74316 - keeping in registry
[2025-11-04 18:10:05] [STDERR] 2025-11-04 18:10:05,024 - gleitzeit.workers.signal_worker - INFO - Processing registry entry: workflow=workflow-72d17d06-2a7c-4814-9916-9321dfc74316, signal=processing-complete
[2025-11-04 18:10:05] [STDERR] 2025-11-04 18:10:05,024 - gleitzeit.workers.signal_worker - INFO - No waiters for signal processing-complete in workflow workflow-72d17d06-2a7c-4814-9916-9321dfc74316 - keeping in registry
