[2025-10-26 10:17:55] [STDERR] 2025-10-26 10:17:55,157 - __main__ - INFO - Initialized worker instance identity: gleitzei-9f31b8ff
[2025-10-26 10:17:55] [STDERR] 2025-10-26 10:17:55,158 - __main__ - INFO - Loading configuration from Redis key: worker:config:dependency-async:7c9b713c
[2025-10-26 10:17:55] [STDERR] 2025-10-26 10:17:55,159 - __main__ - INFO - Loaded config for worker dependency-async
[2025-10-26 10:17:55] [STDERR] 2025-10-26 10:17:55,160 - __main__ - INFO - Worker dependency-async handler configs: ['python/v1', 'ollama/v1', 'http/v1', 'file/v1', 'timer/v1', 'signal/v1', 'workflow/v1']
[2025-10-26 10:17:55] [STDERR] 2025-10-26 10:17:55,160 - gleitzeit.core.redis_cluster - INFO - Redis single instance initialized at localhost:6379
[2025-10-26 10:17:55] [STDERR] 2025-10-26 10:17:55,160 - gleitzeit.workers.dependency_worker - INFO - DependencyWorker initialized
[2025-10-26 10:17:55] [STDERR] 2025-10-26 10:17:55,160 - gleitzeit.workers.dependency_worker - INFO - Dependency cache configured: size=500, ttl=1800s
[2025-10-26 10:17:55] [STDERR] 2025-10-26 10:17:55,161 - dependency.dependency-async - INFO - Worker dependency-async initialized with Redis Cluster, shards [0, 1, 2, 3, 4, 5, 6, 7, 8, 9, 10, 11, 12, 13, 14, 15]
[2025-10-26 10:17:55] [STDERR] 2025-10-26 10:17:55,161 - __main__ - INFO - Worker dependency-async started successfully
[2025-10-26 10:17:55] [STDERR] 2025-10-26 10:17:55,161 - __main__ - INFO - Handler configurations loaded for: ['python/v1', 'ollama/v1', 'http/v1', 'file/v1', 'timer/v1', 'signal/v1', 'workflow/v1']
[2025-10-26 10:17:55] [STDERR] 2025-10-26 10:17:55,161 - gleitzeit.workers.pending_recovery - INFO - Started pending recovery task for dependency-async
[2025-10-26 10:19:43] [STDERR] 2025-10-26 10:19:43,337 - gleitzeit.workers.dependency_worker - INFO - Processing workflow submission: workflow-08b16ff8-dce6-48aa-a7a2-2e590d1c9d6d
[2025-10-26 10:19:43] [STDERR] 2025-10-26 10:19:43,341 - gleitzeit.workers.dependency_worker - INFO - Emitted initial task fb54dcef-5c15-4c0e-8d09-9a8e40ff1343 to shard 10
[2025-10-26 10:19:43] [STDERR] 2025-10-26 10:19:43,345 - gleitzeit.workers.dependency_worker - INFO - Processing workflow submission: workflow-b5547c5d-eb30-4479-b3a1-eb19335af597
[2025-10-26 10:19:43] [STDERR] 2025-10-26 10:19:43,348 - gleitzeit.workers.dependency_worker - INFO - Emitted initial task 00e6e9f0-c8f4-4d3f-a8ce-73acb2ef2edc to shard 1
[2025-10-26 10:19:43] [STDERR] 2025-10-26 10:19:43,351 - gleitzeit.workers.dependency_worker - INFO - Processing task failure: fb54dcef-5c15-4c0e-8d09-9a8e40ff1343 from workflow workflow-08b16ff8-dce6-48aa-a7a2-2e590d1c9d6d
[2025-10-26 10:19:43] [STDERR] 2025-10-26 10:19:43,351 - gleitzeit.workers.dependency_worker - INFO - Processing task failure: fb54dcef-5c15-4c0e-8d09-9a8e40ff1343 from workflow workflow-08b16ff8-dce6-48aa-a7a2-2e590d1c9d6d
[2025-10-26 10:19:43] [STDERR] 2025-10-26 10:19:43,351 - gleitzeit.workers.dependency_worker - INFO - Processing workflow submission: workflow-b7582bce-06d2-4978-8001-83caedf32f29
[2025-10-26 10:19:43] [STDERR] 2025-10-26 10:19:43,351 - gleitzeit.workers.dependency_worker - INFO - Processing workflow submission: workflow-5dd1d8cd-a9d4-4e53-b6e2-559a6e6a33ec
[2025-10-26 10:19:43] [STDERR] 2025-10-26 10:19:43,354 - gleitzeit.workers.dependency_worker - WARNING - Task fb54dcef-5c15-4c0e-8d09-9a8e40ff1343 failed - applying HARD FAIL policy for workflow workflow-08b16ff8-dce6-48aa-a7a2-2e590d1c9d6d
[2025-10-26 10:19:43] [STDERR] 2025-10-26 10:19:43,354 - gleitzeit.workers.dependency_worker - WARNING - Task fb54dcef-5c15-4c0e-8d09-9a8e40ff1343 failed - applying HARD FAIL policy for workflow workflow-08b16ff8-dce6-48aa-a7a2-2e590d1c9d6d
[2025-10-26 10:19:43] [STDERR] 2025-10-26 10:19:43,354 - gleitzeit.workers.dependency_worker - INFO - Workflow workflow-08b16ff8-dce6-48aa-a7a2-2e590d1c9d6d marked as FAILED due to task fb54dcef-5c15-4c0e-8d09-9a8e40ff1343 failure (hard fail policy)
[2025-10-26 10:19:43] [STDERR] 2025-10-26 10:19:43,354 - gleitzeit.workers.dependency_worker - INFO - Workflow workflow-08b16ff8-dce6-48aa-a7a2-2e590d1c9d6d marked as FAILED due to task fb54dcef-5c15-4c0e-8d09-9a8e40ff1343 failure (hard fail policy)
[2025-10-26 10:19:43] [STDERR] 2025-10-26 10:19:43,356 - gleitzeit.workers.dependency_worker - INFO - Emitted initial task 5d6aa134-8f0f-4956-8b4c-c7b627703d73 to shard 3
[2025-10-26 10:19:43] [STDERR] 2025-10-26 10:19:43,356 - gleitzeit.workers.dependency_worker - INFO - Emitted initial task e8d8de7f-5c94-40ca-ad3f-64bd2dfc0533 to shard 2
[2025-10-26 10:19:43] [STDERR] 2025-10-26 10:19:43,360 - gleitzeit.workers.dependency_worker - INFO - Processing task failure: 00e6e9f0-c8f4-4d3f-a8ce-73acb2ef2edc from workflow workflow-b5547c5d-eb30-4479-b3a1-eb19335af597
[2025-10-26 10:19:43] [STDERR] 2025-10-26 10:19:43,360 - gleitzeit.workers.dependency_worker - INFO - Processing task failure: 00e6e9f0-c8f4-4d3f-a8ce-73acb2ef2edc from workflow workflow-b5547c5d-eb30-4479-b3a1-eb19335af597
[2025-10-26 10:19:43] [STDERR] 2025-10-26 10:19:43,360 - gleitzeit.workers.dependency_worker - INFO - Processing workflow submission: workflow-13ec77c2-38d3-4bef-b562-c9fe11e0d068
[2025-10-26 10:19:43] [STDERR] 2025-10-26 10:19:43,360 - gleitzeit.workers.dependency_worker - INFO - Processing workflow submission: workflow-0a6252ea-2929-4c32-a608-58061c428f65
[2025-10-26 10:19:43] [STDERR] 2025-10-26 10:19:43,360 - gleitzeit.workers.dependency_worker - INFO - Processing workflow submission: workflow-bd592721-609a-41a7-a2c2-06bd2eef13d7
[2025-10-26 10:19:43] [STDERR] 2025-10-26 10:19:43,360 - gleitzeit.workers.dependency_worker - INFO - Processing workflow submission: workflow-238e432e-70b5-4689-883d-1fbaf1e09832
[2025-10-26 10:19:43] [STDERR] 2025-10-26 10:19:43,360 - gleitzeit.workers.dependency_worker - INFO - Processing workflow submission: workflow-4b91c9fc-d251-4e53-8246-b30fea75295a
[2025-10-26 10:19:43] [STDERR] 2025-10-26 10:19:43,360 - gleitzeit.workers.dependency_worker - INFO - Processing workflow submission: workflow-01f50f10-c60a-4b97-9e10-49ccae9c4f91
[2025-10-26 10:19:43] [STDERR] 2025-10-26 10:19:43,360 - gleitzeit.workers.dependency_worker - INFO - Processing workflow submission: workflow-343b501f-075b-4b32-b252-23dd8f407a85
[2025-10-26 10:19:43] [STDERR] 2025-10-26 10:19:43,360 - gleitzeit.workers.dependency_worker - INFO - Processing workflow submission: workflow-617ba5a4-ed30-49ef-9168-2fd2d4f47f0c
[2025-10-26 10:19:43] [STDERR] 2025-10-26 10:19:43,366 - gleitzeit.workers.dependency_worker - WARNING - Task 00e6e9f0-c8f4-4d3f-a8ce-73acb2ef2edc failed - applying HARD FAIL policy for workflow workflow-b5547c5d-eb30-4479-b3a1-eb19335af597
[2025-10-26 10:19:43] [STDERR] 2025-10-26 10:19:43,366 - gleitzeit.workers.dependency_worker - WARNING - Task 00e6e9f0-c8f4-4d3f-a8ce-73acb2ef2edc failed - applying HARD FAIL policy for workflow workflow-b5547c5d-eb30-4479-b3a1-eb19335af597
[2025-10-26 10:19:43] [STDERR] 2025-10-26 10:19:43,368 - gleitzeit.workers.dependency_worker - INFO - Workflow workflow-b5547c5d-eb30-4479-b3a1-eb19335af597 marked as FAILED due to task 00e6e9f0-c8f4-4d3f-a8ce-73acb2ef2edc failure (hard fail policy)
[2025-10-26 10:19:43] [STDERR] 2025-10-26 10:19:43,368 - gleitzeit.workers.dependency_worker - INFO - Workflow workflow-b5547c5d-eb30-4479-b3a1-eb19335af597 marked as FAILED due to task 00e6e9f0-c8f4-4d3f-a8ce-73acb2ef2edc failure (hard fail policy)
[2025-10-26 10:19:43] [STDERR] 2025-10-26 10:19:43,373 - gleitzeit.workers.dependency_worker - INFO - Emitted initial task d28f0da1-7c94-4970-92f1-daa4505dc778 to shard 5
[2025-10-26 10:19:43] [STDERR] 2025-10-26 10:19:43,373 - gleitzeit.workers.dependency_worker - INFO - Emitted initial task 4fedab9a-77bf-4c7d-b80f-59f45b71a042 to shard 5
[2025-10-26 10:19:43] [STDERR] 2025-10-26 10:19:43,373 - gleitzeit.workers.dependency_worker - INFO - Emitted initial task 0ef97cc9-466d-4e9b-8534-7e3c0d0298e6 to shard 1
[2025-10-26 10:19:43] [STDERR] 2025-10-26 10:19:43,373 - gleitzeit.workers.dependency_worker - INFO - Emitted initial task e7057c49-6cdc-4db8-91e9-45d899e3fb63 to shard 3
[2025-10-26 10:19:43] [STDERR] 2025-10-26 10:19:43,373 - gleitzeit.workers.dependency_worker - INFO - Emitted initial task 56dc61f4-0d55-4113-97a2-2243608c686f to shard 0
[2025-10-26 10:19:43] [STDERR] 2025-10-26 10:19:43,373 - gleitzeit.workers.dependency_worker - INFO - Emitted initial task 36e9c610-071e-47b2-b6d3-143e3b616339 to shard 10
[2025-10-26 10:19:43] [STDERR] 2025-10-26 10:19:43,374 - gleitzeit.workers.dependency_worker - INFO - Emitted initial task 17292f22-1807-4a5a-a257-b863c7cbf6f2 to shard 4
[2025-10-26 10:19:43] [STDERR] 2025-10-26 10:19:43,374 - gleitzeit.workers.dependency_worker - INFO - Emitted initial task c5cb34e9-2ab9-457b-8636-101b7fde109a to shard 9
[2025-10-26 10:19:43] [STDERR] 2025-10-26 10:19:43,378 - gleitzeit.workers.dependency_worker - INFO - Processing task failure: e8d8de7f-5c94-40ca-ad3f-64bd2dfc0533 from workflow workflow-b7582bce-06d2-4978-8001-83caedf32f29
[2025-10-26 10:19:43] [STDERR] 2025-10-26 10:19:43,378 - gleitzeit.workers.dependency_worker - INFO - Processing task failure: e8d8de7f-5c94-40ca-ad3f-64bd2dfc0533 from workflow workflow-b7582bce-06d2-4978-8001-83caedf32f29
[2025-10-26 10:19:43] [STDERR] 2025-10-26 10:19:43,378 - gleitzeit.workers.dependency_worker - INFO - Processing task failure: 5d6aa134-8f0f-4956-8b4c-c7b627703d73 from workflow workflow-5dd1d8cd-a9d4-4e53-b6e2-559a6e6a33ec
[2025-10-26 10:19:43] [STDERR] 2025-10-26 10:19:43,378 - gleitzeit.workers.dependency_worker - INFO - Processing task failure: 5d6aa134-8f0f-4956-8b4c-c7b627703d73 from workflow workflow-5dd1d8cd-a9d4-4e53-b6e2-559a6e6a33ec
[2025-10-26 10:19:43] [STDERR] 2025-10-26 10:19:43,378 - gleitzeit.workers.dependency_worker - INFO - Processing task failure: d28f0da1-7c94-4970-92f1-daa4505dc778 from workflow workflow-01f50f10-c60a-4b97-9e10-49ccae9c4f91
[2025-10-26 10:19:43] [STDERR] 2025-10-26 10:19:43,378 - gleitzeit.workers.dependency_worker - INFO - Processing workflow submission: workflow-17f704b7-3da6-4212-b183-e3a94a580336
[2025-10-26 10:19:43] [STDERR] 2025-10-26 10:19:43,378 - gleitzeit.workers.dependency_worker - INFO - Processing workflow submission: workflow-2b161eea-f359-42c0-8646-79e882725e65
[2025-10-26 10:19:43] [STDERR] 2025-10-26 10:19:43,378 - gleitzeit.workers.dependency_worker - INFO - Processing workflow submission: workflow-902a304b-1caf-4856-aedf-4d6d9a4fccba
[2025-10-26 10:19:43] [STDERR] 2025-10-26 10:19:43,378 - gleitzeit.workers.dependency_worker - INFO - Processing workflow submission: workflow-777e2e03-0417-4980-88a8-ee7219a63adb
[2025-10-26 10:19:43] [STDERR] 2025-10-26 10:19:43,379 - gleitzeit.workers.dependency_worker - WARNING - Task 5d6aa134-8f0f-4956-8b4c-c7b627703d73 failed - applying HARD FAIL policy for workflow workflow-5dd1d8cd-a9d4-4e53-b6e2-559a6e6a33ec
[2025-10-26 10:19:43] [STDERR] 2025-10-26 10:19:43,379 - gleitzeit.workers.dependency_worker - WARNING - Task d28f0da1-7c94-4970-92f1-daa4505dc778 failed - applying HARD FAIL policy for workflow workflow-01f50f10-c60a-4b97-9e10-49ccae9c4f91
[2025-10-26 10:19:43] [STDERR] 2025-10-26 10:19:43,380 - gleitzeit.workers.dependency_worker - WARNING - Task 5d6aa134-8f0f-4956-8b4c-c7b627703d73 failed - applying HARD FAIL policy for workflow workflow-5dd1d8cd-a9d4-4e53-b6e2-559a6e6a33ec
[2025-10-26 10:19:43] [STDERR] 2025-10-26 10:19:43,380 - gleitzeit.workers.dependency_worker - WARNING - Task e8d8de7f-5c94-40ca-ad3f-64bd2dfc0533 failed - applying HARD FAIL policy for workflow workflow-b7582bce-06d2-4978-8001-83caedf32f29
[2025-10-26 10:19:43] [STDERR] 2025-10-26 10:19:43,380 - gleitzeit.workers.dependency_worker - WARNING - Task e8d8de7f-5c94-40ca-ad3f-64bd2dfc0533 failed - applying HARD FAIL policy for workflow workflow-b7582bce-06d2-4978-8001-83caedf32f29
[2025-10-26 10:19:43] [STDERR] 2025-10-26 10:19:43,381 - gleitzeit.workers.dependency_worker - INFO - Workflow workflow-5dd1d8cd-a9d4-4e53-b6e2-559a6e6a33ec marked as FAILED due to task 5d6aa134-8f0f-4956-8b4c-c7b627703d73 failure (hard fail policy)
[2025-10-26 10:19:43] [STDERR] 2025-10-26 10:19:43,381 - gleitzeit.workers.dependency_worker - INFO - Workflow workflow-5dd1d8cd-a9d4-4e53-b6e2-559a6e6a33ec marked as FAILED due to task 5d6aa134-8f0f-4956-8b4c-c7b627703d73 failure (hard fail policy)
[2025-10-26 10:19:43] [STDERR] 2025-10-26 10:19:43,381 - gleitzeit.workers.dependency_worker - INFO - Workflow workflow-b7582bce-06d2-4978-8001-83caedf32f29 marked as FAILED due to task e8d8de7f-5c94-40ca-ad3f-64bd2dfc0533 failure (hard fail policy)
[2025-10-26 10:19:43] [STDERR] 2025-10-26 10:19:43,381 - gleitzeit.workers.dependency_worker - INFO - Workflow workflow-01f50f10-c60a-4b97-9e10-49ccae9c4f91 marked as FAILED due to task d28f0da1-7c94-4970-92f1-daa4505dc778 failure (hard fail policy)
[2025-10-26 10:19:43] [STDERR] 2025-10-26 10:19:43,381 - gleitzeit.workers.dependency_worker - INFO - Workflow workflow-b7582bce-06d2-4978-8001-83caedf32f29 marked as FAILED due to task e8d8de7f-5c94-40ca-ad3f-64bd2dfc0533 failure (hard fail policy)
[2025-10-26 10:19:43] [STDERR] 2025-10-26 10:19:43,384 - gleitzeit.workers.dependency_worker - INFO - Emitted initial task e454a7cc-1535-4e6b-a8b5-ba49658fce05 to shard 5
[2025-10-26 10:19:43] [STDERR] 2025-10-26 10:19:43,385 - gleitzeit.workers.dependency_worker - INFO - Emitted initial task b153160a-3e66-4faf-b306-49cc6eb06c0a to shard 12
[2025-10-26 10:19:43] [STDERR] 2025-10-26 10:19:43,385 - gleitzeit.workers.dependency_worker - INFO - Emitted initial task 4ab72850-f35d-47f2-991f-cf1066432969 to shard 1
[2025-10-26 10:19:43] [STDERR] 2025-10-26 10:19:43,385 - gleitzeit.workers.dependency_worker - INFO - Emitted initial task e25ffa70-7449-4560-bc92-d177f0d14346 to shard 14
[2025-10-26 10:19:43] [STDERR] 2025-10-26 10:19:43,390 - gleitzeit.workers.dependency_worker - INFO - Processing task failure: 56dc61f4-0d55-4113-97a2-2243608c686f from workflow workflow-13ec77c2-38d3-4bef-b562-c9fe11e0d068
[2025-10-26 10:19:43] [STDERR] 2025-10-26 10:19:43,390 - gleitzeit.workers.dependency_worker - INFO - Processing task failure: 0ef97cc9-466d-4e9b-8534-7e3c0d0298e6 from workflow workflow-0a6252ea-2929-4c32-a608-58061c428f65
[2025-10-26 10:19:43] [STDERR] 2025-10-26 10:19:43,390 - gleitzeit.workers.dependency_worker - INFO - Processing task failure: e7057c49-6cdc-4db8-91e9-45d899e3fb63 from workflow workflow-bd592721-609a-41a7-a2c2-06bd2eef13d7
[2025-10-26 10:19:43] [STDERR] 2025-10-26 10:19:43,390 - gleitzeit.workers.dependency_worker - INFO - Processing task failure: d28f0da1-7c94-4970-92f1-daa4505dc778 from workflow workflow-01f50f10-c60a-4b97-9e10-49ccae9c4f91
[2025-10-26 10:19:43] [STDERR] 2025-10-26 10:19:43,390 - gleitzeit.workers.dependency_worker - INFO - Processing workflow submission: workflow-3f2130c7-680c-4657-bf93-cb7a5038b58b
[2025-10-26 10:19:43] [STDERR] 2025-10-26 10:19:43,390 - gleitzeit.workers.dependency_worker - INFO - Processing workflow submission: workflow-0637c4c4-2152-4132-bef8-472fc380c3e2
[2025-10-26 10:19:43] [STDERR] 2025-10-26 10:19:43,390 - gleitzeit.workers.dependency_worker - INFO - Processing workflow submission: workflow-9cdb976f-7e12-4a48-9cbe-d483d673730e
[2025-10-26 10:19:43] [STDERR] 2025-10-26 10:19:43,390 - gleitzeit.workers.dependency_worker - INFO - Processing workflow submission: workflow-ac41ea8c-3d5f-49fc-9ac1-83a76442bf83
[2025-10-26 10:19:43] [STDERR] 2025-10-26 10:19:43,390 - gleitzeit.workers.dependency_worker - INFO - Processing workflow submission: workflow-68be2613-e02d-42e3-bbbf-766312b03031
[2025-10-26 10:19:43] [STDERR] 2025-10-26 10:19:43,390 - gleitzeit.workers.dependency_worker - INFO - Processing workflow submission: workflow-c9ac1a06-fe99-4996-a48a-b71375c2b1b0
[2025-10-26 10:19:43] [STDERR] 2025-10-26 10:19:43,394 - gleitzeit.workers.dependency_worker - WARNING - Task 56dc61f4-0d55-4113-97a2-2243608c686f failed - applying HARD FAIL policy for workflow workflow-13ec77c2-38d3-4bef-b562-c9fe11e0d068
[2025-10-26 10:19:43] [STDERR] 2025-10-26 10:19:43,394 - gleitzeit.workers.dependency_worker - WARNING - Task 0ef97cc9-466d-4e9b-8534-7e3c0d0298e6 failed - applying HARD FAIL policy for workflow workflow-0a6252ea-2929-4c32-a608-58061c428f65
[2025-10-26 10:19:43] [STDERR] 2025-10-26 10:19:43,395 - gleitzeit.workers.dependency_worker - WARNING - Task e7057c49-6cdc-4db8-91e9-45d899e3fb63 failed - applying HARD FAIL policy for workflow workflow-bd592721-609a-41a7-a2c2-06bd2eef13d7
[2025-10-26 10:19:43] [STDERR] 2025-10-26 10:19:43,397 - gleitzeit.workers.dependency_worker - INFO - Workflow workflow-13ec77c2-38d3-4bef-b562-c9fe11e0d068 marked as FAILED due to task 56dc61f4-0d55-4113-97a2-2243608c686f failure (hard fail policy)
[2025-10-26 10:19:43] [STDERR] 2025-10-26 10:19:43,397 - gleitzeit.workers.dependency_worker - INFO - Workflow workflow-0a6252ea-2929-4c32-a608-58061c428f65 marked as FAILED due to task 0ef97cc9-466d-4e9b-8534-7e3c0d0298e6 failure (hard fail policy)
[2025-10-26 10:19:43] [STDERR] 2025-10-26 10:19:43,397 - gleitzeit.workers.dependency_worker - INFO - Workflow workflow-bd592721-609a-41a7-a2c2-06bd2eef13d7 marked as FAILED due to task e7057c49-6cdc-4db8-91e9-45d899e3fb63 failure (hard fail policy)
[2025-10-26 10:19:43] [STDERR] 2025-10-26 10:19:43,398 - gleitzeit.workers.dependency_worker - INFO - Processing workflow submission: workflow-e1891309-b9f4-438e-8320-333e8cca6e26
[2025-10-26 10:19:43] [STDERR] 2025-10-26 10:19:43,398 - gleitzeit.workers.dependency_worker - INFO - Processing workflow submission: workflow-9c93b1e7-12b8-4593-9eb1-4931ea3e543c
[2025-10-26 10:19:43] [STDERR] 2025-10-26 10:19:43,399 - gleitzeit.workers.dependency_worker - INFO - Processing workflow submission: workflow-2281e11b-cdc1-4418-8583-9d5bb5a496b8
[2025-10-26 10:19:43] [STDERR] 2025-10-26 10:19:43,399 - gleitzeit.workers.dependency_worker - INFO - Workflow workflow-01f50f10-c60a-4b97-9e10-49ccae9c4f91 failed with 1 failed tasks
[2025-10-26 10:19:43] [STDERR] 2025-10-26 10:19:43,405 - gleitzeit.workers.dependency_worker - INFO - Processing workflow submission: workflow-f57ebdf6-167f-42b3-a86d-d1f38f3d1e23
[2025-10-26 10:19:43] [STDERR] 2025-10-26 10:19:43,406 - gleitzeit.workers.dependency_worker - INFO - Emitted initial task f904f361-1eb0-4700-a7ef-9384a7d6e77d to shard 7
[2025-10-26 10:19:43] [STDERR] 2025-10-26 10:19:43,406 - gleitzeit.workers.dependency_worker - INFO - Emitted initial task f652ed68-c95f-48da-b446-8bec59d2c531 to shard 0
[2025-10-26 10:19:43] [STDERR] 2025-10-26 10:19:43,406 - gleitzeit.workers.dependency_worker - INFO - Emitted initial task 6c74b77c-ecda-41d2-a63e-2d8056ce24d3 to shard 8
[2025-10-26 10:19:43] [STDERR] 2025-10-26 10:19:43,406 - gleitzeit.workers.dependency_worker - INFO - Emitted initial task 2804200f-9757-4b75-bc68-65e8ac81aff8 to shard 7
[2025-10-26 10:19:43] [STDERR] 2025-10-26 10:19:43,406 - gleitzeit.workers.dependency_worker - INFO - Emitted initial task 83ac9fa1-72c4-4365-9707-145fd14a263d to shard 6
[2025-10-26 10:19:43] [STDERR] 2025-10-26 10:19:43,407 - gleitzeit.workers.dependency_worker - INFO - Emitted initial task 26e7b8be-051d-4aab-8352-fc09e26a5911 to shard 12
[2025-10-26 10:19:43] [STDERR] 2025-10-26 10:19:43,410 - gleitzeit.workers.dependency_worker - INFO - Emitted initial task ad075338-7629-4653-a89b-7b8a8bd1ceac to shard 13
[2025-10-26 10:19:43] [STDERR] 2025-10-26 10:19:43,410 - gleitzeit.workers.dependency_worker - INFO - Emitted initial task af4c4abb-e328-425b-b59f-02d836e9b4f7 to shard 13
[2025-10-26 10:19:43] [STDERR] 2025-10-26 10:19:43,411 - gleitzeit.workers.dependency_worker - INFO - Emitted initial task 439837a0-01a1-44ea-b485-1d569bf83f83 to shard 14
[2025-10-26 10:19:43] [STDERR] 2025-10-26 10:19:43,413 - gleitzeit.workers.dependency_worker - INFO - Emitted initial task 1cd35de7-b527-4e6d-8e93-abd490c8568f to shard 15
[2025-10-26 10:19:43] [STDERR] 2025-10-26 10:19:43,418 - gleitzeit.workers.dependency_worker - INFO - Processing task failure: 56dc61f4-0d55-4113-97a2-2243608c686f from workflow workflow-13ec77c2-38d3-4bef-b562-c9fe11e0d068
[2025-10-26 10:19:43] [STDERR] 2025-10-26 10:19:43,418 - gleitzeit.workers.dependency_worker - INFO - Processing task failure: 0ef97cc9-466d-4e9b-8534-7e3c0d0298e6 from workflow workflow-0a6252ea-2929-4c32-a608-58061c428f65
[2025-10-26 10:19:43] [STDERR] 2025-10-26 10:19:43,418 - gleitzeit.workers.dependency_worker - INFO - Processing task failure: 4ab72850-f35d-47f2-991f-cf1066432969 from workflow workflow-17f704b7-3da6-4212-b183-e3a94a580336
[2025-10-26 10:19:43] [STDERR] 2025-10-26 10:19:43,418 - gleitzeit.workers.dependency_worker - INFO - Processing task failure: 4ab72850-f35d-47f2-991f-cf1066432969 from workflow workflow-17f704b7-3da6-4212-b183-e3a94a580336
[2025-10-26 10:19:43] [STDERR] 2025-10-26 10:19:43,418 - gleitzeit.workers.dependency_worker - INFO - Processing task failure: e7057c49-6cdc-4db8-91e9-45d899e3fb63 from workflow workflow-bd592721-609a-41a7-a2c2-06bd2eef13d7
[2025-10-26 10:19:43] [STDERR] 2025-10-26 10:19:43,418 - gleitzeit.workers.dependency_worker - INFO - Processing task failure: 17292f22-1807-4a5a-a257-b863c7cbf6f2 from workflow workflow-238e432e-70b5-4689-883d-1fbaf1e09832
[2025-10-26 10:19:43] [STDERR] 2025-10-26 10:19:43,418 - gleitzeit.workers.dependency_worker - INFO - Processing task failure: 17292f22-1807-4a5a-a257-b863c7cbf6f2 from workflow workflow-238e432e-70b5-4689-883d-1fbaf1e09832
[2025-10-26 10:19:43] [STDERR] 2025-10-26 10:19:43,418 - gleitzeit.workers.dependency_worker - INFO - Processing task failure: 4fedab9a-77bf-4c7d-b80f-59f45b71a042 from workflow workflow-4b91c9fc-d251-4e53-8246-b30fea75295a
[2025-10-26 10:19:43] [STDERR] 2025-10-26 10:19:43,418 - gleitzeit.workers.dependency_worker - INFO - Processing task failure: 4fedab9a-77bf-4c7d-b80f-59f45b71a042 from workflow workflow-4b91c9fc-d251-4e53-8246-b30fea75295a
[2025-10-26 10:19:43] [STDERR] 2025-10-26 10:19:43,418 - gleitzeit.workers.dependency_worker - INFO - Processing task failure: e454a7cc-1535-4e6b-a8b5-ba49658fce05 from workflow workflow-2b161eea-f359-42c0-8646-79e882725e65
[2025-10-26 10:19:43] [STDERR] 2025-10-26 10:19:43,420 - gleitzeit.workers.dependency_worker - WARNING - Task 4ab72850-f35d-47f2-991f-cf1066432969 failed - applying HARD FAIL policy for workflow workflow-17f704b7-3da6-4212-b183-e3a94a580336
[2025-10-26 10:19:43] [STDERR] 2025-10-26 10:19:43,420 - gleitzeit.workers.dependency_worker - WARNING - Task 4ab72850-f35d-47f2-991f-cf1066432969 failed - applying HARD FAIL policy for workflow workflow-17f704b7-3da6-4212-b183-e3a94a580336
[2025-10-26 10:19:43] [STDERR] 2025-10-26 10:19:43,420 - gleitzeit.workers.dependency_worker - WARNING - Task 17292f22-1807-4a5a-a257-b863c7cbf6f2 failed - applying HARD FAIL policy for workflow workflow-238e432e-70b5-4689-883d-1fbaf1e09832
[2025-10-26 10:19:43] [STDERR] 2025-10-26 10:19:43,420 - gleitzeit.workers.dependency_worker - WARNING - Task 4fedab9a-77bf-4c7d-b80f-59f45b71a042 failed - applying HARD FAIL policy for workflow workflow-4b91c9fc-d251-4e53-8246-b30fea75295a
[2025-10-26 10:19:43] [STDERR] 2025-10-26 10:19:43,421 - gleitzeit.workers.dependency_worker - WARNING - Task 17292f22-1807-4a5a-a257-b863c7cbf6f2 failed - applying HARD FAIL policy for workflow workflow-238e432e-70b5-4689-883d-1fbaf1e09832
[2025-10-26 10:19:43] [STDERR] 2025-10-26 10:19:43,421 - gleitzeit.workers.dependency_worker - WARNING - Task 4fedab9a-77bf-4c7d-b80f-59f45b71a042 failed - applying HARD FAIL policy for workflow workflow-4b91c9fc-d251-4e53-8246-b30fea75295a
[2025-10-26 10:19:43] [STDERR] 2025-10-26 10:19:43,421 - gleitzeit.workers.dependency_worker - WARNING - Task e454a7cc-1535-4e6b-a8b5-ba49658fce05 failed - applying HARD FAIL policy for workflow workflow-2b161eea-f359-42c0-8646-79e882725e65
[2025-10-26 10:19:43] [STDERR] 2025-10-26 10:19:43,424 - gleitzeit.workers.dependency_worker - INFO - Workflow workflow-17f704b7-3da6-4212-b183-e3a94a580336 marked as FAILED due to task 4ab72850-f35d-47f2-991f-cf1066432969 failure (hard fail policy)
[2025-10-26 10:19:43] [STDERR] 2025-10-26 10:19:43,424 - gleitzeit.workers.dependency_worker - INFO - Workflow workflow-17f704b7-3da6-4212-b183-e3a94a580336 marked as FAILED due to task 4ab72850-f35d-47f2-991f-cf1066432969 failure (hard fail policy)
[2025-10-26 10:19:43] [STDERR] 2025-10-26 10:19:43,424 - gleitzeit.workers.dependency_worker - INFO - Workflow workflow-238e432e-70b5-4689-883d-1fbaf1e09832 marked as FAILED due to task 17292f22-1807-4a5a-a257-b863c7cbf6f2 failure (hard fail policy)
[2025-10-26 10:19:43] [STDERR] 2025-10-26 10:19:43,424 - gleitzeit.workers.dependency_worker - INFO - Workflow workflow-4b91c9fc-d251-4e53-8246-b30fea75295a marked as FAILED due to task 4fedab9a-77bf-4c7d-b80f-59f45b71a042 failure (hard fail policy)
[2025-10-26 10:19:43] [STDERR] 2025-10-26 10:19:43,424 - gleitzeit.workers.dependency_worker - INFO - Workflow workflow-13ec77c2-38d3-4bef-b562-c9fe11e0d068 failed with 1 failed tasks
[2025-10-26 10:19:43] [STDERR] 2025-10-26 10:19:43,424 - gleitzeit.workers.dependency_worker - INFO - Processing task failure: e454a7cc-1535-4e6b-a8b5-ba49658fce05 from workflow workflow-2b161eea-f359-42c0-8646-79e882725e65
[2025-10-26 10:19:43] [STDERR] 2025-10-26 10:19:43,425 - gleitzeit.workers.dependency_worker - INFO - Workflow workflow-238e432e-70b5-4689-883d-1fbaf1e09832 marked as FAILED due to task 17292f22-1807-4a5a-a257-b863c7cbf6f2 failure (hard fail policy)
[2025-10-26 10:19:43] [STDERR] 2025-10-26 10:19:43,425 - gleitzeit.workers.dependency_worker - INFO - Workflow workflow-4b91c9fc-d251-4e53-8246-b30fea75295a marked as FAILED due to task 4fedab9a-77bf-4c7d-b80f-59f45b71a042 failure (hard fail policy)
[2025-10-26 10:19:43] [STDERR] 2025-10-26 10:19:43,425 - gleitzeit.workers.dependency_worker - INFO - Processing task failure: c5cb34e9-2ab9-457b-8636-101b7fde109a from workflow workflow-343b501f-075b-4b32-b252-23dd8f407a85
[2025-10-26 10:19:43] [STDERR] 2025-10-26 10:19:43,425 - gleitzeit.workers.dependency_worker - INFO - Workflow workflow-2b161eea-f359-42c0-8646-79e882725e65 marked as FAILED due to task e454a7cc-1535-4e6b-a8b5-ba49658fce05 failure (hard fail policy)
[2025-10-26 10:19:43] [STDERR] 2025-10-26 10:19:43,425 - gleitzeit.workers.dependency_worker - INFO - Workflow workflow-0a6252ea-2929-4c32-a608-58061c428f65 failed with 1 failed tasks
[2025-10-26 10:19:43] [STDERR] 2025-10-26 10:19:43,425 - gleitzeit.workers.dependency_worker - INFO - Processing task failure: c5cb34e9-2ab9-457b-8636-101b7fde109a from workflow workflow-343b501f-075b-4b32-b252-23dd8f407a85
[2025-10-26 10:19:43] [STDERR] 2025-10-26 10:19:43,425 - gleitzeit.workers.dependency_worker - INFO - Processing task failure: 36e9c610-071e-47b2-b6d3-143e3b616339 from workflow workflow-617ba5a4-ed30-49ef-9168-2fd2d4f47f0c
[2025-10-26 10:19:43] [STDERR] 2025-10-26 10:19:43,425 - gleitzeit.workers.dependency_worker - INFO - Processing task failure: 36e9c610-071e-47b2-b6d3-143e3b616339 from workflow workflow-617ba5a4-ed30-49ef-9168-2fd2d4f47f0c
[2025-10-26 10:19:43] [STDERR] 2025-10-26 10:19:43,425 - gleitzeit.workers.dependency_worker - INFO - Workflow workflow-bd592721-609a-41a7-a2c2-06bd2eef13d7 failed with 1 failed tasks
[2025-10-26 10:19:43] [STDERR] 2025-10-26 10:19:43,426 - gleitzeit.workers.dependency_worker - INFO - Processing task failure: b153160a-3e66-4faf-b306-49cc6eb06c0a from workflow workflow-902a304b-1caf-4856-aedf-4d6d9a4fccba
[2025-10-26 10:19:43] [STDERR] 2025-10-26 10:19:43,426 - gleitzeit.workers.dependency_worker - INFO - Processing task failure: b153160a-3e66-4faf-b306-49cc6eb06c0a from workflow workflow-902a304b-1caf-4856-aedf-4d6d9a4fccba
[2025-10-26 10:19:43] [STDERR] 2025-10-26 10:19:43,427 - gleitzeit.workers.dependency_worker - WARNING - Task c5cb34e9-2ab9-457b-8636-101b7fde109a failed - applying HARD FAIL policy for workflow workflow-343b501f-075b-4b32-b252-23dd8f407a85
[2025-10-26 10:19:43] [STDERR] 2025-10-26 10:19:43,427 - gleitzeit.workers.dependency_worker - WARNING - Task c5cb34e9-2ab9-457b-8636-101b7fde109a failed - applying HARD FAIL policy for workflow workflow-343b501f-075b-4b32-b252-23dd8f407a85
[2025-10-26 10:19:43] [STDERR] 2025-10-26 10:19:43,427 - gleitzeit.workers.dependency_worker - WARNING - Task 36e9c610-071e-47b2-b6d3-143e3b616339 failed - applying HARD FAIL policy for workflow workflow-617ba5a4-ed30-49ef-9168-2fd2d4f47f0c
[2025-10-26 10:19:43] [STDERR] 2025-10-26 10:19:43,428 - gleitzeit.workers.dependency_worker - WARNING - Task 36e9c610-071e-47b2-b6d3-143e3b616339 failed - applying HARD FAIL policy for workflow workflow-617ba5a4-ed30-49ef-9168-2fd2d4f47f0c
[2025-10-26 10:19:43] [STDERR] 2025-10-26 10:19:43,428 - gleitzeit.workers.dependency_worker - WARNING - Task b153160a-3e66-4faf-b306-49cc6eb06c0a failed - applying HARD FAIL policy for workflow workflow-902a304b-1caf-4856-aedf-4d6d9a4fccba
[2025-10-26 10:19:43] [STDERR] 2025-10-26 10:19:43,429 - gleitzeit.workers.dependency_worker - WARNING - Task b153160a-3e66-4faf-b306-49cc6eb06c0a failed - applying HARD FAIL policy for workflow workflow-902a304b-1caf-4856-aedf-4d6d9a4fccba
[2025-10-26 10:19:43] [STDERR] 2025-10-26 10:19:43,429 - gleitzeit.workers.dependency_worker - INFO - Processing task failure: e25ffa70-7449-4560-bc92-d177f0d14346 from workflow workflow-777e2e03-0417-4980-88a8-ee7219a63adb
[2025-10-26 10:19:43] [STDERR] 2025-10-26 10:19:43,430 - gleitzeit.workers.dependency_worker - INFO - Workflow workflow-343b501f-075b-4b32-b252-23dd8f407a85 marked as FAILED due to task c5cb34e9-2ab9-457b-8636-101b7fde109a failure (hard fail policy)
[2025-10-26 10:19:43] [STDERR] 2025-10-26 10:19:43,430 - gleitzeit.workers.dependency_worker - INFO - Workflow workflow-617ba5a4-ed30-49ef-9168-2fd2d4f47f0c marked as FAILED due to task 36e9c610-071e-47b2-b6d3-143e3b616339 failure (hard fail policy)
[2025-10-26 10:19:43] [STDERR] 2025-10-26 10:19:43,430 - gleitzeit.workers.dependency_worker - INFO - Workflow workflow-343b501f-075b-4b32-b252-23dd8f407a85 marked as FAILED due to task c5cb34e9-2ab9-457b-8636-101b7fde109a failure (hard fail policy)
[2025-10-26 10:19:43] [STDERR] 2025-10-26 10:19:43,430 - gleitzeit.workers.dependency_worker - INFO - Workflow workflow-617ba5a4-ed30-49ef-9168-2fd2d4f47f0c marked as FAILED due to task 36e9c610-071e-47b2-b6d3-143e3b616339 failure (hard fail policy)
[2025-10-26 10:19:43] [STDERR] 2025-10-26 10:19:43,430 - gleitzeit.workers.dependency_worker - INFO - Processing workflow submission: workflow-d1bb4e08-4967-4906-9197-45d23bb3cb1d
[2025-10-26 10:19:43] [STDERR] 2025-10-26 10:19:43,430 - gleitzeit.workers.dependency_worker - INFO - Processing workflow submission: workflow-7c7c038a-4d90-41f2-ba76-729da40cad7b
[2025-10-26 10:19:43] [STDERR] 2025-10-26 10:19:43,431 - gleitzeit.workers.dependency_worker - INFO - Processing workflow submission: workflow-f2e3cb95-674f-4bb7-912e-a4f3e6ae9708
[2025-10-26 10:19:43] [STDERR] 2025-10-26 10:19:43,431 - gleitzeit.workers.dependency_worker - INFO - Workflow workflow-902a304b-1caf-4856-aedf-4d6d9a4fccba marked as FAILED due to task b153160a-3e66-4faf-b306-49cc6eb06c0a failure (hard fail policy)
[2025-10-26 10:19:43] [STDERR] 2025-10-26 10:19:43,431 - gleitzeit.workers.dependency_worker - INFO - Processing workflow submission: workflow-0dd39075-6871-4442-bc18-66c814e26efc
[2025-10-26 10:19:43] [STDERR] 2025-10-26 10:19:43,431 - gleitzeit.workers.dependency_worker - INFO - Processing workflow submission: workflow-c93936c8-3745-4bd4-94ec-f79a0b78d502
[2025-10-26 10:19:43] [STDERR] 2025-10-26 10:19:43,431 - gleitzeit.workers.dependency_worker - INFO - Workflow workflow-902a304b-1caf-4856-aedf-4d6d9a4fccba marked as FAILED due to task b153160a-3e66-4faf-b306-49cc6eb06c0a failure (hard fail policy)
[2025-10-26 10:19:43] [STDERR] 2025-10-26 10:19:43,431 - gleitzeit.workers.dependency_worker - INFO - Workflow workflow-2b161eea-f359-42c0-8646-79e882725e65 failed with 1 failed tasks
[2025-10-26 10:19:43] [STDERR] 2025-10-26 10:19:43,431 - gleitzeit.workers.dependency_worker - INFO - Processing workflow submission: workflow-3446f760-0636-4eee-b146-4cde672dcd37
[2025-10-26 10:19:43] [STDERR] 2025-10-26 10:19:43,431 - gleitzeit.workers.dependency_worker - INFO - Processing workflow submission: workflow-ae8ea041-0247-42fc-85e4-8ff4856dd8e8
[2025-10-26 10:19:43] [STDERR] 2025-10-26 10:19:43,431 - gleitzeit.workers.dependency_worker - INFO - Processing workflow submission: workflow-6bad6e47-8032-460f-ba86-de484ee88fd7
[2025-10-26 10:19:43] [STDERR] 2025-10-26 10:19:43,432 - gleitzeit.workers.dependency_worker - WARNING - Task e25ffa70-7449-4560-bc92-d177f0d14346 failed - applying HARD FAIL policy for workflow workflow-777e2e03-0417-4980-88a8-ee7219a63adb
[2025-10-26 10:19:43] [STDERR] 2025-10-26 10:19:43,433 - gleitzeit.workers.dependency_worker - INFO - Workflow workflow-777e2e03-0417-4980-88a8-ee7219a63adb marked as FAILED due to task e25ffa70-7449-4560-bc92-d177f0d14346 failure (hard fail policy)
[2025-10-26 10:19:43] [STDERR] 2025-10-26 10:19:43,434 - gleitzeit.workers.dependency_worker - INFO - Processing workflow submission: workflow-12f0b38a-e57e-46cf-9a08-b324f737d6d2
[2025-10-26 10:19:43] [STDERR] 2025-10-26 10:19:43,435 - gleitzeit.workers.dependency_worker - INFO - Processing workflow submission: workflow-56f22487-a90b-403d-8a20-bae2e9371ad7
[2025-10-26 10:19:43] [STDERR] 2025-10-26 10:19:43,439 - gleitzeit.workers.dependency_worker - INFO - Emitted initial task 942d2176-85b8-4f9d-b64a-4cf7304b9a72 to shard 0
[2025-10-26 10:19:43] [STDERR] 2025-10-26 10:19:43,439 - gleitzeit.workers.dependency_worker - INFO - Emitted initial task f0099371-5f27-43bd-841d-714abe87a590 to shard 5
[2025-10-26 10:19:43] [STDERR] 2025-10-26 10:19:43,439 - gleitzeit.workers.dependency_worker - INFO - Emitted initial task d0fcacf5-4cad-4455-9b41-6d5be66de992 to shard 9
[2025-10-26 10:19:43] [STDERR] 2025-10-26 10:19:43,439 - gleitzeit.workers.dependency_worker - INFO - Emitted initial task f29d3329-69eb-455c-9df1-864dd1fe82bf to shard 2
[2025-10-26 10:19:43] [STDERR] 2025-10-26 10:19:43,439 - gleitzeit.workers.dependency_worker - INFO - Emitted initial task 8498379c-7c14-4f94-a3b1-85fd8f1bd72d to shard 9
[2025-10-26 10:19:43] [STDERR] 2025-10-26 10:19:43,439 - gleitzeit.workers.dependency_worker - INFO - Emitted initial task 5d34e477-6e00-4f67-b644-c12c9feda3d0 to shard 4
[2025-10-26 10:19:43] [STDERR] 2025-10-26 10:19:43,440 - gleitzeit.workers.dependency_worker - INFO - Emitted initial task 0eaf390c-93a8-4025-90ec-b0d3ddcfe15b to shard 5
[2025-10-26 10:19:43] [STDERR] 2025-10-26 10:19:43,441 - gleitzeit.workers.dependency_worker - INFO - Emitted initial task 38484de9-877c-49fd-9280-a1b936bd7457 to shard 11
[2025-10-26 10:19:43] [STDERR] 2025-10-26 10:19:43,444 - gleitzeit.workers.dependency_worker - INFO - Emitted initial task 12022d26-6b00-475f-9404-253df39e5079 to shard 13
[2025-10-26 10:19:43] [STDERR] 2025-10-26 10:19:43,445 - gleitzeit.workers.dependency_worker - INFO - Emitted initial task 88a0b8df-aa17-446e-84e7-022901b4140d to shard 14
[2025-10-26 10:19:43] [STDERR] 2025-10-26 10:19:43,450 - gleitzeit.workers.dependency_worker - INFO - Processing task failure: f652ed68-c95f-48da-b446-8bec59d2c531 from workflow workflow-3f2130c7-680c-4657-bf93-cb7a5038b58b
[2025-10-26 10:19:43] [STDERR] 2025-10-26 10:19:43,450 - gleitzeit.workers.dependency_worker - INFO - Processing task failure: f652ed68-c95f-48da-b446-8bec59d2c531 from workflow workflow-3f2130c7-680c-4657-bf93-cb7a5038b58b
[2025-10-26 10:19:43] [STDERR] 2025-10-26 10:19:43,450 - gleitzeit.workers.dependency_worker - INFO - Processing task failure: 942d2176-85b8-4f9d-b64a-4cf7304b9a72 from workflow workflow-d1bb4e08-4967-4906-9197-45d23bb3cb1d
[2025-10-26 10:19:43] [STDERR] 2025-10-26 10:19:43,450 - gleitzeit.workers.dependency_worker - INFO - Processing task failure: 83ac9fa1-72c4-4365-9707-145fd14a263d from workflow workflow-0637c4c4-2152-4132-bef8-472fc380c3e2
[2025-10-26 10:19:43] [STDERR] 2025-10-26 10:19:43,450 - gleitzeit.workers.dependency_worker - INFO - Processing task failure: 83ac9fa1-72c4-4365-9707-145fd14a263d from workflow workflow-0637c4c4-2152-4132-bef8-472fc380c3e2
[2025-10-26 10:19:43] [STDERR] 2025-10-26 10:19:43,450 - gleitzeit.workers.dependency_worker - INFO - Processing task failure: f904f361-1eb0-4700-a7ef-9384a7d6e77d from workflow workflow-9cdb976f-7e12-4a48-9cbe-d483d673730e
[2025-10-26 10:19:43] [STDERR] 2025-10-26 10:19:43,450 - gleitzeit.workers.dependency_worker - INFO - Processing task failure: 2804200f-9757-4b75-bc68-65e8ac81aff8 from workflow workflow-ac41ea8c-3d5f-49fc-9ac1-83a76442bf83
[2025-10-26 10:19:43] [STDERR] 2025-10-26 10:19:43,450 - gleitzeit.workers.dependency_worker - INFO - Processing task failure: f904f361-1eb0-4700-a7ef-9384a7d6e77d from workflow workflow-9cdb976f-7e12-4a48-9cbe-d483d673730e
[2025-10-26 10:19:43] [STDERR] 2025-10-26 10:19:43,450 - gleitzeit.workers.dependency_worker - INFO - Processing task failure: 2804200f-9757-4b75-bc68-65e8ac81aff8 from workflow workflow-ac41ea8c-3d5f-49fc-9ac1-83a76442bf83
[2025-10-26 10:19:43] [STDERR] 2025-10-26 10:19:43,450 - gleitzeit.workers.dependency_worker - INFO - Processing task failure: 6c74b77c-ecda-41d2-a63e-2d8056ce24d3 from workflow workflow-68be2613-e02d-42e3-bbbf-766312b03031
[2025-10-26 10:19:43] [STDERR] 2025-10-26 10:19:43,452 - gleitzeit.workers.dependency_worker - WARNING - Task f904f361-1eb0-4700-a7ef-9384a7d6e77d failed - applying HARD FAIL policy for workflow workflow-9cdb976f-7e12-4a48-9cbe-d483d673730e
[2025-10-26 10:19:43] [STDERR] 2025-10-26 10:19:43,452 - gleitzeit.workers.dependency_worker - WARNING - Task f652ed68-c95f-48da-b446-8bec59d2c531 failed - applying HARD FAIL policy for workflow workflow-3f2130c7-680c-4657-bf93-cb7a5038b58b
[2025-10-26 10:19:43] [STDERR] 2025-10-26 10:19:43,452 - gleitzeit.workers.dependency_worker - WARNING - Task 942d2176-85b8-4f9d-b64a-4cf7304b9a72 failed - applying HARD FAIL policy for workflow workflow-d1bb4e08-4967-4906-9197-45d23bb3cb1d
[2025-10-26 10:19:43] [STDERR] 2025-10-26 10:19:43,452 - gleitzeit.workers.dependency_worker - WARNING - Task 83ac9fa1-72c4-4365-9707-145fd14a263d failed - applying HARD FAIL policy for workflow workflow-0637c4c4-2152-4132-bef8-472fc380c3e2
[2025-10-26 10:19:43] [STDERR] 2025-10-26 10:19:43,453 - gleitzeit.workers.dependency_worker - WARNING - Task 83ac9fa1-72c4-4365-9707-145fd14a263d failed - applying HARD FAIL policy for workflow workflow-0637c4c4-2152-4132-bef8-472fc380c3e2
[2025-10-26 10:19:43] [STDERR] 2025-10-26 10:19:43,453 - gleitzeit.workers.dependency_worker - WARNING - Task f652ed68-c95f-48da-b446-8bec59d2c531 failed - applying HARD FAIL policy for workflow workflow-3f2130c7-680c-4657-bf93-cb7a5038b58b
[2025-10-26 10:19:43] [STDERR] 2025-10-26 10:19:43,453 - gleitzeit.workers.dependency_worker - WARNING - Task 6c74b77c-ecda-41d2-a63e-2d8056ce24d3 failed - applying HARD FAIL policy for workflow workflow-68be2613-e02d-42e3-bbbf-766312b03031
[2025-10-26 10:19:43] [STDERR] 2025-10-26 10:19:43,454 - gleitzeit.workers.dependency_worker - WARNING - Task 2804200f-9757-4b75-bc68-65e8ac81aff8 failed - applying HARD FAIL policy for workflow workflow-ac41ea8c-3d5f-49fc-9ac1-83a76442bf83
[2025-10-26 10:19:43] [STDERR] 2025-10-26 10:19:43,454 - gleitzeit.workers.dependency_worker - WARNING - Task 2804200f-9757-4b75-bc68-65e8ac81aff8 failed - applying HARD FAIL policy for workflow workflow-ac41ea8c-3d5f-49fc-9ac1-83a76442bf83
[2025-10-26 10:19:43] [STDERR] 2025-10-26 10:19:43,455 - gleitzeit.workers.dependency_worker - INFO - Workflow workflow-9cdb976f-7e12-4a48-9cbe-d483d673730e marked as FAILED due to task f904f361-1eb0-4700-a7ef-9384a7d6e77d failure (hard fail policy)
[2025-10-26 10:19:43] [STDERR] 2025-10-26 10:19:43,455 - gleitzeit.workers.dependency_worker - INFO - Workflow workflow-3f2130c7-680c-4657-bf93-cb7a5038b58b marked as FAILED due to task f652ed68-c95f-48da-b446-8bec59d2c531 failure (hard fail policy)
[2025-10-26 10:19:43] [STDERR] 2025-10-26 10:19:43,455 - gleitzeit.workers.dependency_worker - INFO - Workflow workflow-0637c4c4-2152-4132-bef8-472fc380c3e2 marked as FAILED due to task 83ac9fa1-72c4-4365-9707-145fd14a263d failure (hard fail policy)
[2025-10-26 10:19:43] [STDERR] 2025-10-26 10:19:43,456 - gleitzeit.workers.dependency_worker - INFO - Workflow workflow-d1bb4e08-4967-4906-9197-45d23bb3cb1d marked as FAILED due to task 942d2176-85b8-4f9d-b64a-4cf7304b9a72 failure (hard fail policy)
[2025-10-26 10:19:43] [STDERR] 2025-10-26 10:19:43,456 - gleitzeit.workers.dependency_worker - INFO - Workflow workflow-0637c4c4-2152-4132-bef8-472fc380c3e2 marked as FAILED due to task 83ac9fa1-72c4-4365-9707-145fd14a263d failure (hard fail policy)
[2025-10-26 10:19:43] [STDERR] 2025-10-26 10:19:43,456 - gleitzeit.workers.dependency_worker - INFO - Workflow workflow-3f2130c7-680c-4657-bf93-cb7a5038b58b marked as FAILED due to task f652ed68-c95f-48da-b446-8bec59d2c531 failure (hard fail policy)
[2025-10-26 10:19:43] [STDERR] 2025-10-26 10:19:43,456 - gleitzeit.workers.dependency_worker - INFO - Processing task failure: 6c74b77c-ecda-41d2-a63e-2d8056ce24d3 from workflow workflow-68be2613-e02d-42e3-bbbf-766312b03031
[2025-10-26 10:19:43] [STDERR] 2025-10-26 10:19:43,456 - gleitzeit.workers.dependency_worker - INFO - Processing task failure: 26e7b8be-051d-4aab-8352-fc09e26a5911 from workflow workflow-c9ac1a06-fe99-4996-a48a-b71375c2b1b0
[2025-10-26 10:19:43] [STDERR] 2025-10-26 10:19:43,456 - gleitzeit.workers.dependency_worker - INFO - Processing task failure: 26e7b8be-051d-4aab-8352-fc09e26a5911 from workflow workflow-c9ac1a06-fe99-4996-a48a-b71375c2b1b0
[2025-10-26 10:19:43] [STDERR] 2025-10-26 10:19:43,456 - gleitzeit.workers.dependency_worker - INFO - Workflow workflow-ac41ea8c-3d5f-49fc-9ac1-83a76442bf83 marked as FAILED due to task 2804200f-9757-4b75-bc68-65e8ac81aff8 failure (hard fail policy)
[2025-10-26 10:19:43] [STDERR] 2025-10-26 10:19:43,456 - gleitzeit.workers.dependency_worker - INFO - Workflow workflow-68be2613-e02d-42e3-bbbf-766312b03031 marked as FAILED due to task 6c74b77c-ecda-41d2-a63e-2d8056ce24d3 failure (hard fail policy)
[2025-10-26 10:19:43] [STDERR] 2025-10-26 10:19:43,456 - gleitzeit.workers.dependency_worker - INFO - Workflow workflow-ac41ea8c-3d5f-49fc-9ac1-83a76442bf83 marked as FAILED due to task 2804200f-9757-4b75-bc68-65e8ac81aff8 failure (hard fail policy)
[2025-10-26 10:19:43] [STDERR] 2025-10-26 10:19:43,456 - gleitzeit.workers.dependency_worker - INFO - Processing task failure: af4c4abb-e328-425b-b59f-02d836e9b4f7 from workflow workflow-9c93b1e7-12b8-4593-9eb1-4931ea3e543c
[2025-10-26 10:19:43] [STDERR] 2025-10-26 10:19:43,456 - gleitzeit.workers.dependency_worker - INFO - Processing task failure: ad075338-7629-4653-a89b-7b8a8bd1ceac from workflow workflow-e1891309-b9f4-438e-8320-333e8cca6e26
[2025-10-26 10:19:43] [STDERR] 2025-10-26 10:19:43,457 - gleitzeit.workers.dependency_worker - INFO - Workflow workflow-9cdb976f-7e12-4a48-9cbe-d483d673730e failed with 1 failed tasks
[2025-10-26 10:19:43] [STDERR] 2025-10-26 10:19:43,457 - gleitzeit.workers.dependency_worker - INFO - Processing task failure: ad075338-7629-4653-a89b-7b8a8bd1ceac from workflow workflow-e1891309-b9f4-438e-8320-333e8cca6e26
[2025-10-26 10:19:43] [STDERR] 2025-10-26 10:19:43,457 - gleitzeit.workers.dependency_worker - INFO - Processing task failure: af4c4abb-e328-425b-b59f-02d836e9b4f7 from workflow workflow-9c93b1e7-12b8-4593-9eb1-4931ea3e543c
[2025-10-26 10:19:43] [STDERR] 2025-10-26 10:19:43,457 - gleitzeit.workers.dependency_worker - INFO - Processing task failure: e25ffa70-7449-4560-bc92-d177f0d14346 from workflow workflow-777e2e03-0417-4980-88a8-ee7219a63adb
[2025-10-26 10:19:43] [STDERR] 2025-10-26 10:19:43,457 - gleitzeit.workers.dependency_worker - INFO - Processing task failure: 439837a0-01a1-44ea-b485-1d569bf83f83 from workflow workflow-2281e11b-cdc1-4418-8583-9d5bb5a496b8
[2025-10-26 10:19:43] [STDERR] 2025-10-26 10:19:43,458 - gleitzeit.workers.dependency_worker - WARNING - Task 26e7b8be-051d-4aab-8352-fc09e26a5911 failed - applying HARD FAIL policy for workflow workflow-c9ac1a06-fe99-4996-a48a-b71375c2b1b0
[2025-10-26 10:19:43] [STDERR] 2025-10-26 10:19:43,459 - gleitzeit.workers.dependency_worker - WARNING - Task af4c4abb-e328-425b-b59f-02d836e9b4f7 failed - applying HARD FAIL policy for workflow workflow-9c93b1e7-12b8-4593-9eb1-4931ea3e543c
[2025-10-26 10:19:43] [STDERR] 2025-10-26 10:19:43,459 - gleitzeit.workers.dependency_worker - WARNING - Task ad075338-7629-4653-a89b-7b8a8bd1ceac failed - applying HARD FAIL policy for workflow workflow-e1891309-b9f4-438e-8320-333e8cca6e26
[2025-10-26 10:19:43] [STDERR] 2025-10-26 10:19:43,459 - gleitzeit.workers.dependency_worker - WARNING - Task 26e7b8be-051d-4aab-8352-fc09e26a5911 failed - applying HARD FAIL policy for workflow workflow-c9ac1a06-fe99-4996-a48a-b71375c2b1b0
[2025-10-26 10:19:43] [STDERR] 2025-10-26 10:19:43,460 - gleitzeit.workers.dependency_worker - WARNING - Task 439837a0-01a1-44ea-b485-1d569bf83f83 failed - applying HARD FAIL policy for workflow workflow-2281e11b-cdc1-4418-8583-9d5bb5a496b8
[2025-10-26 10:19:43] [STDERR] 2025-10-26 10:19:43,461 - gleitzeit.workers.dependency_worker - INFO - Workflow workflow-9c93b1e7-12b8-4593-9eb1-4931ea3e543c marked as FAILED due to task af4c4abb-e328-425b-b59f-02d836e9b4f7 failure (hard fail policy)
[2025-10-26 10:19:43] [STDERR] 2025-10-26 10:19:43,461 - gleitzeit.workers.dependency_worker - INFO - Workflow workflow-c9ac1a06-fe99-4996-a48a-b71375c2b1b0 marked as FAILED due to task 26e7b8be-051d-4aab-8352-fc09e26a5911 failure (hard fail policy)
[2025-10-26 10:19:43] [STDERR] 2025-10-26 10:19:43,462 - gleitzeit.workers.dependency_worker - INFO - Workflow workflow-e1891309-b9f4-438e-8320-333e8cca6e26 marked as FAILED due to task ad075338-7629-4653-a89b-7b8a8bd1ceac failure (hard fail policy)
[2025-10-26 10:19:43] [STDERR] 2025-10-26 10:19:43,462 - gleitzeit.workers.dependency_worker - INFO - Workflow workflow-68be2613-e02d-42e3-bbbf-766312b03031 failed with 1 failed tasks
[2025-10-26 10:19:43] [STDERR] 2025-10-26 10:19:43,462 - gleitzeit.workers.dependency_worker - INFO - Workflow workflow-c9ac1a06-fe99-4996-a48a-b71375c2b1b0 marked as FAILED due to task 26e7b8be-051d-4aab-8352-fc09e26a5911 failure (hard fail policy)
[2025-10-26 10:19:43] [STDERR] 2025-10-26 10:19:43,462 - gleitzeit.workers.dependency_worker - INFO - Processing task failure: 1cd35de7-b527-4e6d-8e93-abd490c8568f from workflow workflow-f57ebdf6-167f-42b3-a86d-d1f38f3d1e23
[2025-10-26 10:19:43] [STDERR] 2025-10-26 10:19:43,462 - gleitzeit.workers.dependency_worker - INFO - Processing workflow submission: workflow-9c39d54a-1667-42dc-ac41-ebe94b68f643
[2025-10-26 10:19:43] [STDERR] 2025-10-26 10:19:43,462 - gleitzeit.workers.dependency_worker - INFO - Workflow workflow-2281e11b-cdc1-4418-8583-9d5bb5a496b8 marked as FAILED due to task 439837a0-01a1-44ea-b485-1d569bf83f83 failure (hard fail policy)
[2025-10-26 10:19:43] [STDERR] 2025-10-26 10:19:43,462 - gleitzeit.workers.dependency_worker - INFO - Processing workflow submission: workflow-05e18f86-1311-44e2-a37f-71587f431201
[2025-10-26 10:19:43] [STDERR] 2025-10-26 10:19:43,463 - gleitzeit.workers.dependency_worker - INFO - Processing workflow submission: workflow-5b260ec9-e5a4-4bf6-abb7-f16739e3e23d
[2025-10-26 10:19:43] [STDERR] 2025-10-26 10:19:43,463 - gleitzeit.workers.dependency_worker - INFO - Processing workflow submission: workflow-23f58ea8-0d92-42a9-a524-dd6a8d7272f9
[2025-10-26 10:19:43] [STDERR] 2025-10-26 10:19:43,463 - gleitzeit.workers.dependency_worker - INFO - Workflow workflow-e1891309-b9f4-438e-8320-333e8cca6e26 failed with 1 failed tasks
[2025-10-26 10:19:43] [STDERR] 2025-10-26 10:19:43,463 - gleitzeit.workers.dependency_worker - INFO - Processing workflow submission: workflow-c3b5f4c5-5207-4f5e-9512-316d4eb32168
[2025-10-26 10:19:43] [STDERR] 2025-10-26 10:19:43,463 - gleitzeit.workers.dependency_worker - INFO - Workflow workflow-9c93b1e7-12b8-4593-9eb1-4931ea3e543c failed with 1 failed tasks
[2025-10-26 10:19:43] [STDERR] 2025-10-26 10:19:43,463 - gleitzeit.workers.dependency_worker - INFO - Workflow workflow-777e2e03-0417-4980-88a8-ee7219a63adb failed with 1 failed tasks
[2025-10-26 10:19:43] [STDERR] 2025-10-26 10:19:43,465 - gleitzeit.workers.dependency_worker - WARNING - Task 1cd35de7-b527-4e6d-8e93-abd490c8568f failed - applying HARD FAIL policy for workflow workflow-f57ebdf6-167f-42b3-a86d-d1f38f3d1e23
[2025-10-26 10:19:43] [STDERR] 2025-10-26 10:19:43,466 - gleitzeit.workers.dependency_worker - INFO - Processing workflow submission: workflow-80e7a145-5bfd-4869-89be-43bfe3f1b744
[2025-10-26 10:19:43] [STDERR] 2025-10-26 10:19:43,466 - gleitzeit.workers.dependency_worker - INFO - Workflow workflow-f57ebdf6-167f-42b3-a86d-d1f38f3d1e23 marked as FAILED due to task 1cd35de7-b527-4e6d-8e93-abd490c8568f failure (hard fail policy)
[2025-10-26 10:19:43] [STDERR] 2025-10-26 10:19:43,467 - gleitzeit.workers.dependency_worker - INFO - Processing workflow submission: workflow-6966e2cb-42a0-42c1-86ea-e3cf411d757a
[2025-10-26 10:19:43] [STDERR] 2025-10-26 10:19:43,467 - gleitzeit.workers.dependency_worker - INFO - Processing workflow submission: workflow-a30a7be8-e728-4992-90f1-409d7addad8c
[2025-10-26 10:19:43] [STDERR] 2025-10-26 10:19:43,467 - gleitzeit.workers.dependency_worker - INFO - Processing workflow submission: workflow-cb38b951-18ad-4e8d-8e9d-e3041f7b31c3
[2025-10-26 10:19:43] [STDERR] 2025-10-26 10:19:43,467 - gleitzeit.workers.dependency_worker - INFO - Processing workflow submission: workflow-d593d1d1-c5fd-4a1d-b623-365d0d5c0fba
[2025-10-26 10:19:43] [STDERR] 2025-10-26 10:19:43,472 - gleitzeit.workers.dependency_worker - INFO - Emitted initial task de987839-8e01-4b25-a8d5-8eef1f065ee5 to shard 0
[2025-10-26 10:19:43] [STDERR] 2025-10-26 10:19:43,473 - gleitzeit.workers.dependency_worker - INFO - Emitted initial task 1166432a-1fd4-4649-9911-6af2788ac147 to shard 3
[2025-10-26 10:19:43] [STDERR] 2025-10-26 10:19:43,473 - gleitzeit.workers.dependency_worker - INFO - Emitted initial task dd984918-df7f-4b88-be1a-455e8e74f952 to shard 4
[2025-10-26 10:19:43] [STDERR] 2025-10-26 10:19:43,473 - gleitzeit.workers.dependency_worker - INFO - Emitted initial task 67cb1efd-026c-4562-b276-ed3b11eabe54 to shard 0
[2025-10-26 10:19:43] [STDERR] 2025-10-26 10:19:43,473 - gleitzeit.workers.dependency_worker - INFO - Emitted initial task 0b1b71f3-0c17-4b10-ae9b-edccaea37b87 to shard 5
[2025-10-26 10:19:43] [STDERR] 2025-10-26 10:19:43,477 - gleitzeit.workers.dependency_worker - INFO - Emitted initial task 5bb1b6c3-21e8-4f2e-9d3d-b5802d5c32df to shard 7
[2025-10-26 10:19:43] [STDERR] 2025-10-26 10:19:43,478 - gleitzeit.workers.dependency_worker - INFO - Emitted initial task 6092f31e-be77-42c8-9c28-8e5f093e689e to shard 9
[2025-10-26 10:19:43] [STDERR] 2025-10-26 10:19:43,478 - gleitzeit.workers.dependency_worker - INFO - Emitted initial task 2b92ee2f-9c15-4d93-87b3-0c1da14eb2fe to shard 9
[2025-10-26 10:19:43] [STDERR] 2025-10-26 10:19:43,478 - gleitzeit.workers.dependency_worker - INFO - Emitted initial task 94e308c3-5420-44a9-9b7b-594ce25586d9 to shard 13
[2025-10-26 10:19:43] [STDERR] 2025-10-26 10:19:43,478 - gleitzeit.workers.dependency_worker - INFO - Emitted initial task 2e0e018a-efca-4dd9-9f0f-fdeb12255540 to shard 12
[2025-10-26 10:19:43] [STDERR] 2025-10-26 10:19:43,484 - gleitzeit.workers.dependency_worker - INFO - Processing task failure: 942d2176-85b8-4f9d-b64a-4cf7304b9a72 from workflow workflow-d1bb4e08-4967-4906-9197-45d23bb3cb1d
[2025-10-26 10:19:43] [STDERR] 2025-10-26 10:19:43,485 - gleitzeit.workers.dependency_worker - INFO - Processing task failure: de987839-8e01-4b25-a8d5-8eef1f065ee5 from workflow workflow-05e18f86-1311-44e2-a37f-71587f431201
[2025-10-26 10:19:43] [STDERR] 2025-10-26 10:19:43,485 - gleitzeit.workers.dependency_worker - INFO - Processing task failure: f29d3329-69eb-455c-9df1-864dd1fe82bf from workflow workflow-7c7c038a-4d90-41f2-ba76-729da40cad7b
[2025-10-26 10:19:43] [STDERR] 2025-10-26 10:19:43,485 - gleitzeit.workers.dependency_worker - INFO - Processing task failure: f29d3329-69eb-455c-9df1-864dd1fe82bf from workflow workflow-7c7c038a-4d90-41f2-ba76-729da40cad7b
[2025-10-26 10:19:43] [STDERR] 2025-10-26 10:19:43,485 - gleitzeit.workers.dependency_worker - INFO - Processing task failure: 5d34e477-6e00-4f67-b644-c12c9feda3d0 from workflow workflow-f2e3cb95-674f-4bb7-912e-a4f3e6ae9708
[2025-10-26 10:19:43] [STDERR] 2025-10-26 10:19:43,485 - gleitzeit.workers.dependency_worker - INFO - Processing task failure: 5d34e477-6e00-4f67-b644-c12c9feda3d0 from workflow workflow-f2e3cb95-674f-4bb7-912e-a4f3e6ae9708
[2025-10-26 10:19:43] [STDERR] 2025-10-26 10:19:43,485 - gleitzeit.workers.dependency_worker - INFO - Processing task failure: f0099371-5f27-43bd-841d-714abe87a590 from workflow workflow-c93936c8-3745-4bd4-94ec-f79a0b78d502
[2025-10-26 10:19:43] [STDERR] 2025-10-26 10:19:43,485 - gleitzeit.workers.dependency_worker - INFO - Processing task failure: 0eaf390c-93a8-4025-90ec-b0d3ddcfe15b from workflow workflow-0dd39075-6871-4442-bc18-66c814e26efc
[2025-10-26 10:19:43] [STDERR] 2025-10-26 10:19:43,485 - gleitzeit.workers.dependency_worker - INFO - Processing task failure: 0eaf390c-93a8-4025-90ec-b0d3ddcfe15b from workflow workflow-0dd39075-6871-4442-bc18-66c814e26efc
[2025-10-26 10:19:43] [STDERR] 2025-10-26 10:19:43,485 - gleitzeit.workers.dependency_worker - INFO - Processing task failure: f0099371-5f27-43bd-841d-714abe87a590 from workflow workflow-c93936c8-3745-4bd4-94ec-f79a0b78d502
[2025-10-26 10:19:43] [STDERR] 2025-10-26 10:19:43,486 - gleitzeit.workers.dependency_worker - WARNING - Task f0099371-5f27-43bd-841d-714abe87a590 failed - applying HARD FAIL policy for workflow workflow-c93936c8-3745-4bd4-94ec-f79a0b78d502
[2025-10-26 10:19:43] [STDERR] 2025-10-26 10:19:43,487 - gleitzeit.workers.dependency_worker - WARNING - Task de987839-8e01-4b25-a8d5-8eef1f065ee5 failed - applying HARD FAIL policy for workflow workflow-05e18f86-1311-44e2-a37f-71587f431201
[2025-10-26 10:19:43] [STDERR] 2025-10-26 10:19:43,487 - gleitzeit.workers.dependency_worker - WARNING - Task 5d34e477-6e00-4f67-b644-c12c9feda3d0 failed - applying HARD FAIL policy for workflow workflow-f2e3cb95-674f-4bb7-912e-a4f3e6ae9708
[2025-10-26 10:19:43] [STDERR] 2025-10-26 10:19:43,487 - gleitzeit.workers.dependency_worker - WARNING - Task 5d34e477-6e00-4f67-b644-c12c9feda3d0 failed - applying HARD FAIL policy for workflow workflow-f2e3cb95-674f-4bb7-912e-a4f3e6ae9708
[2025-10-26 10:19:43] [STDERR] 2025-10-26 10:19:43,487 - gleitzeit.workers.dependency_worker - WARNING - Task f29d3329-69eb-455c-9df1-864dd1fe82bf failed - applying HARD FAIL policy for workflow workflow-7c7c038a-4d90-41f2-ba76-729da40cad7b
[2025-10-26 10:19:43] [STDERR] 2025-10-26 10:19:43,488 - gleitzeit.workers.dependency_worker - WARNING - Task f29d3329-69eb-455c-9df1-864dd1fe82bf failed - applying HARD FAIL policy for workflow workflow-7c7c038a-4d90-41f2-ba76-729da40cad7b
[2025-10-26 10:19:43] [STDERR] 2025-10-26 10:19:43,488 - gleitzeit.workers.dependency_worker - WARNING - Task 0eaf390c-93a8-4025-90ec-b0d3ddcfe15b failed - applying HARD FAIL policy for workflow workflow-0dd39075-6871-4442-bc18-66c814e26efc
[2025-10-26 10:19:43] [STDERR] 2025-10-26 10:19:43,489 - gleitzeit.workers.dependency_worker - WARNING - Task 0eaf390c-93a8-4025-90ec-b0d3ddcfe15b failed - applying HARD FAIL policy for workflow workflow-0dd39075-6871-4442-bc18-66c814e26efc
[2025-10-26 10:19:43] [STDERR] 2025-10-26 10:19:43,490 - gleitzeit.workers.dependency_worker - INFO - Workflow workflow-c93936c8-3745-4bd4-94ec-f79a0b78d502 marked as FAILED due to task f0099371-5f27-43bd-841d-714abe87a590 failure (hard fail policy)
[2025-10-26 10:19:43] [STDERR] 2025-10-26 10:19:43,490 - gleitzeit.workers.dependency_worker - INFO - Workflow workflow-05e18f86-1311-44e2-a37f-71587f431201 marked as FAILED due to task de987839-8e01-4b25-a8d5-8eef1f065ee5 failure (hard fail policy)
[2025-10-26 10:19:43] [STDERR] 2025-10-26 10:19:43,490 - gleitzeit.workers.dependency_worker - INFO - Workflow workflow-7c7c038a-4d90-41f2-ba76-729da40cad7b marked as FAILED due to task f29d3329-69eb-455c-9df1-864dd1fe82bf failure (hard fail policy)
[2025-10-26 10:19:43] [STDERR] 2025-10-26 10:19:43,490 - gleitzeit.workers.dependency_worker - INFO - Workflow workflow-f2e3cb95-674f-4bb7-912e-a4f3e6ae9708 marked as FAILED due to task 5d34e477-6e00-4f67-b644-c12c9feda3d0 failure (hard fail policy)
[2025-10-26 10:19:43] [STDERR] 2025-10-26 10:19:43,490 - gleitzeit.workers.dependency_worker - INFO - Workflow workflow-f2e3cb95-674f-4bb7-912e-a4f3e6ae9708 marked as FAILED due to task 5d34e477-6e00-4f67-b644-c12c9feda3d0 failure (hard fail policy)
[2025-10-26 10:19:43] [STDERR] 2025-10-26 10:19:43,490 - gleitzeit.workers.dependency_worker - INFO - Workflow workflow-7c7c038a-4d90-41f2-ba76-729da40cad7b marked as FAILED due to task f29d3329-69eb-455c-9df1-864dd1fe82bf failure (hard fail policy)
[2025-10-26 10:19:43] [STDERR] 2025-10-26 10:19:43,490 - gleitzeit.workers.dependency_worker - INFO - Processing task failure: d0fcacf5-4cad-4455-9b41-6d5be66de992 from workflow workflow-3446f760-0636-4eee-b146-4cde672dcd37
[2025-10-26 10:19:43] [STDERR] 2025-10-26 10:19:43,490 - gleitzeit.workers.dependency_worker - INFO - Workflow workflow-d1bb4e08-4967-4906-9197-45d23bb3cb1d failed with 1 failed tasks
[2025-10-26 10:19:43] [STDERR] 2025-10-26 10:19:43,490 - gleitzeit.workers.dependency_worker - INFO - Workflow workflow-0dd39075-6871-4442-bc18-66c814e26efc marked as FAILED due to task 0eaf390c-93a8-4025-90ec-b0d3ddcfe15b failure (hard fail policy)
[2025-10-26 10:19:43] [STDERR] 2025-10-26 10:19:43,490 - gleitzeit.workers.dependency_worker - INFO - Workflow workflow-0dd39075-6871-4442-bc18-66c814e26efc marked as FAILED due to task 0eaf390c-93a8-4025-90ec-b0d3ddcfe15b failure (hard fail policy)
[2025-10-26 10:19:43] [STDERR] 2025-10-26 10:19:43,491 - gleitzeit.workers.dependency_worker - INFO - Processing task failure: 8498379c-7c14-4f94-a3b1-85fd8f1bd72d from workflow workflow-ae8ea041-0247-42fc-85e4-8ff4856dd8e8
[2025-10-26 10:19:43] [STDERR] 2025-10-26 10:19:43,491 - gleitzeit.workers.dependency_worker - INFO - Processing task failure: d0fcacf5-4cad-4455-9b41-6d5be66de992 from workflow workflow-3446f760-0636-4eee-b146-4cde672dcd37
[2025-10-26 10:19:43] [STDERR] 2025-10-26 10:19:43,491 - gleitzeit.workers.dependency_worker - INFO - Processing task failure: 8498379c-7c14-4f94-a3b1-85fd8f1bd72d from workflow workflow-ae8ea041-0247-42fc-85e4-8ff4856dd8e8
[2025-10-26 10:19:43] [STDERR] 2025-10-26 10:19:43,491 - gleitzeit.workers.dependency_worker - INFO - Processing task failure: 38484de9-877c-49fd-9280-a1b936bd7457 from workflow workflow-6bad6e47-8032-460f-ba86-de484ee88fd7
[2025-10-26 10:19:43] [STDERR] 2025-10-26 10:19:43,491 - gleitzeit.workers.dependency_worker - INFO - Processing task failure: 38484de9-877c-49fd-9280-a1b936bd7457 from workflow workflow-6bad6e47-8032-460f-ba86-de484ee88fd7
[2025-10-26 10:19:43] [STDERR] 2025-10-26 10:19:43,491 - gleitzeit.workers.dependency_worker - INFO - Workflow workflow-c93936c8-3745-4bd4-94ec-f79a0b78d502 failed with 1 failed tasks
[2025-10-26 10:19:43] [STDERR] 2025-10-26 10:19:43,492 - gleitzeit.workers.dependency_worker - INFO - Processing task failure: 12022d26-6b00-475f-9404-253df39e5079 from workflow workflow-12f0b38a-e57e-46cf-9a08-b324f737d6d2
[2025-10-26 10:19:43] [STDERR] 2025-10-26 10:19:43,492 - gleitzeit.workers.dependency_worker - INFO - Processing task failure: 12022d26-6b00-475f-9404-253df39e5079 from workflow workflow-12f0b38a-e57e-46cf-9a08-b324f737d6d2
[2025-10-26 10:19:43] [STDERR] 2025-10-26 10:19:43,493 - gleitzeit.workers.dependency_worker - WARNING - Task d0fcacf5-4cad-4455-9b41-6d5be66de992 failed - applying HARD FAIL policy for workflow workflow-3446f760-0636-4eee-b146-4cde672dcd37
[2025-10-26 10:19:43] [STDERR] 2025-10-26 10:19:43,493 - gleitzeit.workers.dependency_worker - WARNING - Task d0fcacf5-4cad-4455-9b41-6d5be66de992 failed - applying HARD FAIL policy for workflow workflow-3446f760-0636-4eee-b146-4cde672dcd37
[2025-10-26 10:19:43] [STDERR] 2025-10-26 10:19:43,493 - gleitzeit.workers.dependency_worker - WARNING - Task 8498379c-7c14-4f94-a3b1-85fd8f1bd72d failed - applying HARD FAIL policy for workflow workflow-ae8ea041-0247-42fc-85e4-8ff4856dd8e8
[2025-10-26 10:19:43] [STDERR] 2025-10-26 10:19:43,494 - gleitzeit.workers.dependency_worker - WARNING - Task 38484de9-877c-49fd-9280-a1b936bd7457 failed - applying HARD FAIL policy for workflow workflow-6bad6e47-8032-460f-ba86-de484ee88fd7
[2025-10-26 10:19:43] [STDERR] 2025-10-26 10:19:43,494 - gleitzeit.workers.dependency_worker - WARNING - Task 8498379c-7c14-4f94-a3b1-85fd8f1bd72d failed - applying HARD FAIL policy for workflow workflow-ae8ea041-0247-42fc-85e4-8ff4856dd8e8
[2025-10-26 10:19:43] [STDERR] 2025-10-26 10:19:43,494 - gleitzeit.workers.dependency_worker - WARNING - Task 38484de9-877c-49fd-9280-a1b936bd7457 failed - applying HARD FAIL policy for workflow workflow-6bad6e47-8032-460f-ba86-de484ee88fd7
[2025-10-26 10:19:43] [STDERR] 2025-10-26 10:19:43,494 - gleitzeit.workers.dependency_worker - WARNING - Task 12022d26-6b00-475f-9404-253df39e5079 failed - applying HARD FAIL policy for workflow workflow-12f0b38a-e57e-46cf-9a08-b324f737d6d2
[2025-10-26 10:19:43] [STDERR] 2025-10-26 10:19:43,494 - gleitzeit.workers.dependency_worker - WARNING - Task 12022d26-6b00-475f-9404-253df39e5079 failed - applying HARD FAIL policy for workflow workflow-12f0b38a-e57e-46cf-9a08-b324f737d6d2
[2025-10-26 10:19:43] [STDERR] 2025-10-26 10:19:43,495 - gleitzeit.workers.dependency_worker - INFO - Processing task failure: 439837a0-01a1-44ea-b485-1d569bf83f83 from workflow workflow-2281e11b-cdc1-4418-8583-9d5bb5a496b8
[2025-10-26 10:19:43] [STDERR] 2025-10-26 10:19:43,496 - gleitzeit.workers.dependency_worker - INFO - Workflow workflow-ae8ea041-0247-42fc-85e4-8ff4856dd8e8 marked as FAILED due to task 8498379c-7c14-4f94-a3b1-85fd8f1bd72d failure (hard fail policy)
[2025-10-26 10:19:43] [STDERR] 2025-10-26 10:19:43,496 - gleitzeit.workers.dependency_worker - INFO - Workflow workflow-3446f760-0636-4eee-b146-4cde672dcd37 marked as FAILED due to task d0fcacf5-4cad-4455-9b41-6d5be66de992 failure (hard fail policy)
[2025-10-26 10:19:43] [STDERR] 2025-10-26 10:19:43,496 - gleitzeit.workers.dependency_worker - INFO - Workflow workflow-6bad6e47-8032-460f-ba86-de484ee88fd7 marked as FAILED due to task 38484de9-877c-49fd-9280-a1b936bd7457 failure (hard fail policy)
[2025-10-26 10:19:43] [STDERR] 2025-10-26 10:19:43,496 - gleitzeit.workers.dependency_worker - INFO - Workflow workflow-3446f760-0636-4eee-b146-4cde672dcd37 marked as FAILED due to task d0fcacf5-4cad-4455-9b41-6d5be66de992 failure (hard fail policy)
[2025-10-26 10:19:43] [STDERR] 2025-10-26 10:19:43,496 - gleitzeit.workers.dependency_worker - INFO - Processing task failure: 88a0b8df-aa17-446e-84e7-022901b4140d from workflow workflow-56f22487-a90b-403d-8a20-bae2e9371ad7
[2025-10-26 10:19:43] [STDERR] 2025-10-26 10:19:43,496 - gleitzeit.workers.dependency_worker - INFO - Workflow workflow-ae8ea041-0247-42fc-85e4-8ff4856dd8e8 marked as FAILED due to task 8498379c-7c14-4f94-a3b1-85fd8f1bd72d failure (hard fail policy)
[2025-10-26 10:19:43] [STDERR] 2025-10-26 10:19:43,496 - gleitzeit.workers.dependency_worker - INFO - Workflow workflow-6bad6e47-8032-460f-ba86-de484ee88fd7 marked as FAILED due to task 38484de9-877c-49fd-9280-a1b936bd7457 failure (hard fail policy)
[2025-10-26 10:19:43] [STDERR] 2025-10-26 10:19:43,497 - gleitzeit.workers.dependency_worker - INFO - Workflow workflow-12f0b38a-e57e-46cf-9a08-b324f737d6d2 marked as FAILED due to task 12022d26-6b00-475f-9404-253df39e5079 failure (hard fail policy)
[2025-10-26 10:19:43] [STDERR] 2025-10-26 10:19:43,497 - gleitzeit.workers.dependency_worker - INFO - Processing task failure: 1cd35de7-b527-4e6d-8e93-abd490c8568f from workflow workflow-f57ebdf6-167f-42b3-a86d-d1f38f3d1e23
[2025-10-26 10:19:43] [STDERR] 2025-10-26 10:19:43,497 - gleitzeit.workers.dependency_worker - INFO - Processing workflow submission: workflow-2a3fb8dc-315c-4385-88c5-d29c0dc1710b
[2025-10-26 10:19:43] [STDERR] 2025-10-26 10:19:43,497 - gleitzeit.workers.dependency_worker - INFO - Workflow workflow-12f0b38a-e57e-46cf-9a08-b324f737d6d2 marked as FAILED due to task 12022d26-6b00-475f-9404-253df39e5079 failure (hard fail policy)
[2025-10-26 10:19:43] [STDERR] 2025-10-26 10:19:43,497 - gleitzeit.workers.dependency_worker - INFO - Processing workflow submission: workflow-b1634582-76c5-4f12-981b-108b9de254c7
[2025-10-26 10:19:43] [STDERR] 2025-10-26 10:19:43,497 - gleitzeit.workers.dependency_worker - INFO - Processing workflow submission: workflow-39b2d127-d84f-4bfd-ba0a-4e85ddffa96f
[2025-10-26 10:19:43] [STDERR] 2025-10-26 10:19:43,497 - gleitzeit.workers.dependency_worker - INFO - Processing workflow submission: workflow-e3e9467f-21bf-4fa1-9948-6b8b79dd58b0
[2025-10-26 10:19:43] [STDERR] 2025-10-26 10:19:43,497 - gleitzeit.workers.dependency_worker - INFO - Processing workflow submission: workflow-57c4fcaa-51b4-4490-8c24-c85035e787e1
[2025-10-26 10:19:43] [STDERR] 2025-10-26 10:19:43,497 - gleitzeit.workers.dependency_worker - INFO - Processing workflow submission: workflow-d2a376e4-5e8c-43ba-ad1c-edf33bd4e38a
[2025-10-26 10:19:43] [STDERR] 2025-10-26 10:19:43,498 - gleitzeit.workers.dependency_worker - INFO - Processing workflow submission: workflow-f5dbd82b-6b26-4e8a-a964-c4816060c4ca
[2025-10-26 10:19:43] [STDERR] 2025-10-26 10:19:43,498 - gleitzeit.workers.dependency_worker - WARNING - Task 88a0b8df-aa17-446e-84e7-022901b4140d failed - applying HARD FAIL policy for workflow workflow-56f22487-a90b-403d-8a20-bae2e9371ad7
[2025-10-26 10:19:43] [STDERR] 2025-10-26 10:19:43,500 - gleitzeit.workers.dependency_worker - INFO - Workflow workflow-2281e11b-cdc1-4418-8583-9d5bb5a496b8 failed with 1 failed tasks
[2025-10-26 10:19:43] [STDERR] 2025-10-26 10:19:43,501 - gleitzeit.workers.dependency_worker - INFO - Workflow workflow-56f22487-a90b-403d-8a20-bae2e9371ad7 marked as FAILED due to task 88a0b8df-aa17-446e-84e7-022901b4140d failure (hard fail policy)
[2025-10-26 10:19:43] [STDERR] 2025-10-26 10:19:43,501 - gleitzeit.workers.dependency_worker - INFO - Processing workflow submission: workflow-0774f05e-3a95-45c9-8865-07b91b12df04
[2025-10-26 10:19:43] [STDERR] 2025-10-26 10:19:43,501 - gleitzeit.workers.dependency_worker - INFO - Workflow workflow-f57ebdf6-167f-42b3-a86d-d1f38f3d1e23 failed with 1 failed tasks
[2025-10-26 10:19:43] [STDERR] 2025-10-26 10:19:43,504 - gleitzeit.workers.dependency_worker - INFO - Processing workflow submission: workflow-c9a925a7-0a0a-4f7f-bfd6-7a05cb8ce3f9
[2025-10-26 10:19:43] [STDERR] 2025-10-26 10:19:43,505 - gleitzeit.workers.dependency_worker - INFO - Processing workflow submission: workflow-87279f16-d076-43ea-8132-d8fcdb51fdff
[2025-10-26 10:19:43] [STDERR] 2025-10-26 10:19:43,505 - gleitzeit.workers.dependency_worker - INFO - Emitted initial task e7b5666b-fdad-41f1-97ae-d0430adff9a1 to shard 0
[2025-10-26 10:19:43] [STDERR] 2025-10-26 10:19:43,505 - gleitzeit.workers.dependency_worker - INFO - Emitted initial task 25779a38-8490-494d-b27e-ad2efe718fa3 to shard 0
[2025-10-26 10:19:43] [STDERR] 2025-10-26 10:19:43,505 - gleitzeit.workers.dependency_worker - INFO - Emitted initial task 7eaff434-b03b-4208-9f62-58ceb0faeb13 to shard 0
[2025-10-26 10:19:43] [STDERR] 2025-10-26 10:19:43,505 - gleitzeit.workers.dependency_worker - INFO - Emitted initial task 230f04eb-c57f-4b17-9976-549c4c0e3d72 to shard 1
[2025-10-26 10:19:43] [STDERR] 2025-10-26 10:19:43,506 - gleitzeit.workers.dependency_worker - INFO - Emitted initial task bbd79fce-143a-46ae-8ce8-edbaa0545b0e to shard 1
[2025-10-26 10:19:43] [STDERR] 2025-10-26 10:19:43,506 - gleitzeit.workers.dependency_worker - INFO - Emitted initial task 7b6c1cf3-389b-4b48-b9f9-865c3a02f654 to shard 2
[2025-10-26 10:19:43] [STDERR] 2025-10-26 10:19:43,506 - gleitzeit.workers.dependency_worker - INFO - Emitted initial task 5e4025d0-e90e-4636-9098-62921fb5ca8a to shard 2
[2025-10-26 10:19:43] [STDERR] 2025-10-26 10:19:43,509 - gleitzeit.workers.dependency_worker - INFO - Emitted initial task de69e60a-b481-4a1b-bbf4-245e2d3fb381 to shard 3
[2025-10-26 10:19:43] [STDERR] 2025-10-26 10:19:43,511 - gleitzeit.workers.dependency_worker - INFO - Processing workflow submission: workflow-7d698213-e010-4fa5-886c-cba8368bbe84
[2025-10-26 10:19:43] [STDERR] 2025-10-26 10:19:43,511 - gleitzeit.workers.dependency_worker - INFO - Processing workflow submission: workflow-ad4795ae-67e6-4840-aa0b-41ef428a8898
[2025-10-26 10:19:43] [STDERR] 2025-10-26 10:19:43,511 - gleitzeit.workers.dependency_worker - INFO - Processing workflow submission: workflow-6ebcbdfc-ce04-45c1-abbc-6841f89777d9
[2025-10-26 10:19:43] [STDERR] 2025-10-26 10:19:43,511 - gleitzeit.workers.dependency_worker - INFO - Processing workflow submission: workflow-14411317-db8f-443d-be4d-17b7a2621bd8
[2025-10-26 10:19:43] [STDERR] 2025-10-26 10:19:43,511 - gleitzeit.workers.dependency_worker - INFO - Processing workflow submission: workflow-8429348d-f48b-4a93-825e-65c5c4607efb
[2025-10-26 10:19:43] [STDERR] 2025-10-26 10:19:43,512 - gleitzeit.workers.dependency_worker - INFO - Processing workflow submission: workflow-3c876711-097e-4c28-8dd8-6b58e1160ec0
[2025-10-26 10:19:43] [STDERR] 2025-10-26 10:19:43,512 - gleitzeit.workers.dependency_worker - INFO - Processing workflow submission: workflow-d57bbad5-556f-4627-900d-10bad8240b0e
[2025-10-26 10:19:43] [STDERR] 2025-10-26 10:19:43,512 - gleitzeit.workers.dependency_worker - INFO - Emitted initial task d27af79c-f15f-4188-b8eb-ea73911d2c66 to shard 4
[2025-10-26 10:19:43] [STDERR] 2025-10-26 10:19:43,512 - gleitzeit.workers.dependency_worker - INFO - Emitted initial task 867cd860-4320-491f-9da7-9d2486c6d36b to shard 4
[2025-10-26 10:19:43] [STDERR] 2025-10-26 10:19:43,514 - gleitzeit.workers.dependency_worker - INFO - Processing workflow submission: workflow-e3bb0d7c-8398-4f9a-9069-38389ff2fcfa
[2025-10-26 10:19:43] [STDERR] 2025-10-26 10:19:43,518 - gleitzeit.workers.dependency_worker - INFO - Emitted initial task 2af3df57-6dae-419b-82e0-f11bf31fde60 to shard 7
[2025-10-26 10:19:43] [STDERR] 2025-10-26 10:19:43,518 - gleitzeit.workers.dependency_worker - INFO - Emitted initial task de35cb6f-4d6d-496c-9f39-15ba880eb8e1 to shard 8
[2025-10-26 10:19:43] [STDERR] 2025-10-26 10:19:43,518 - gleitzeit.workers.dependency_worker - INFO - Emitted initial task 16f7901b-f04a-41d9-90f1-e71406341927 to shard 7
[2025-10-26 10:19:43] [STDERR] 2025-10-26 10:19:43,519 - gleitzeit.workers.dependency_worker - INFO - Emitted initial task 9450a5ce-4ce1-4d2b-a2b3-e08647bb5e79 to shard 5
[2025-10-26 10:19:43] [STDERR] 2025-10-26 10:19:43,519 - gleitzeit.workers.dependency_worker - INFO - Emitted initial task 5cfa91ac-f55c-40ad-ba22-2f5fe2832eac to shard 4
[2025-10-26 10:19:43] [STDERR] 2025-10-26 10:19:43,519 - gleitzeit.workers.dependency_worker - INFO - Emitted initial task e8fa5a3f-734f-4fde-b96c-55afc937ec21 to shard 9
[2025-10-26 10:19:43] [STDERR] 2025-10-26 10:19:43,519 - gleitzeit.workers.dependency_worker - INFO - Emitted initial task 3520ec2d-d840-4650-b38d-eeeeb8c114c3 to shard 14
[2025-10-26 10:19:43] [STDERR] 2025-10-26 10:19:43,522 - gleitzeit.workers.dependency_worker - INFO - Emitted initial task 7fba6e9f-5061-4cdb-a657-d1897450cd0c to shard 15
[2025-10-26 10:19:43] [STDERR] 2025-10-26 10:19:43,536 - gleitzeit.workers.dependency_worker - INFO - Processing task failure: 67cb1efd-026c-4562-b276-ed3b11eabe54 from workflow workflow-9c39d54a-1667-42dc-ac41-ebe94b68f643
[2025-10-26 10:19:43] [STDERR] 2025-10-26 10:19:43,536 - gleitzeit.workers.dependency_worker - INFO - Processing task failure: 67cb1efd-026c-4562-b276-ed3b11eabe54 from workflow workflow-9c39d54a-1667-42dc-ac41-ebe94b68f643
[2025-10-26 10:19:43] [STDERR] 2025-10-26 10:19:43,536 - gleitzeit.workers.dependency_worker - INFO - Processing task failure: de987839-8e01-4b25-a8d5-8eef1f065ee5 from workflow workflow-05e18f86-1311-44e2-a37f-71587f431201
[2025-10-26 10:19:43] [STDERR] 2025-10-26 10:19:43,536 - gleitzeit.workers.dependency_worker - INFO - Processing task failure: e7b5666b-fdad-41f1-97ae-d0430adff9a1 from workflow workflow-39b2d127-d84f-4bfd-ba0a-4e85ddffa96f
[2025-10-26 10:19:43] [STDERR] 2025-10-26 10:19:43,537 - gleitzeit.workers.dependency_worker - INFO - Processing task failure: 7eaff434-b03b-4208-9f62-58ceb0faeb13 from workflow workflow-b1634582-76c5-4f12-981b-108b9de254c7
[2025-10-26 10:19:43] [STDERR] 2025-10-26 10:19:43,537 - gleitzeit.workers.dependency_worker - INFO - Processing task failure: 25779a38-8490-494d-b27e-ad2efe718fa3 from workflow workflow-2a3fb8dc-315c-4385-88c5-d29c0dc1710b
[2025-10-26 10:19:43] [STDERR] 2025-10-26 10:19:43,537 - gleitzeit.workers.dependency_worker - INFO - Processing task failure: 230f04eb-c57f-4b17-9976-549c4c0e3d72 from workflow workflow-57c4fcaa-51b4-4490-8c24-c85035e787e1
[2025-10-26 10:19:43] [STDERR] 2025-10-26 10:19:43,537 - gleitzeit.workers.dependency_worker - INFO - Processing task failure: bbd79fce-143a-46ae-8ce8-edbaa0545b0e from workflow workflow-e3e9467f-21bf-4fa1-9948-6b8b79dd58b0
[2025-10-26 10:19:43] [STDERR] 2025-10-26 10:19:43,537 - gleitzeit.workers.dependency_worker - INFO - Processing task failure: 7b6c1cf3-389b-4b48-b9f9-865c3a02f654 from workflow workflow-d2a376e4-5e8c-43ba-ad1c-edf33bd4e38a
[2025-10-26 10:19:43] [STDERR] 2025-10-26 10:19:43,537 - gleitzeit.workers.dependency_worker - INFO - Processing task failure: 1166432a-1fd4-4649-9911-6af2788ac147 from workflow workflow-5b260ec9-e5a4-4bf6-abb7-f16739e3e23d
[2025-10-26 10:19:43] [STDERR] 2025-10-26 10:19:43,538 - gleitzeit.workers.dependency_worker - WARNING - Task 67cb1efd-026c-4562-b276-ed3b11eabe54 failed - applying HARD FAIL policy for workflow workflow-9c39d54a-1667-42dc-ac41-ebe94b68f643
[2025-10-26 10:19:43] [STDERR] 2025-10-26 10:19:43,539 - gleitzeit.workers.dependency_worker - WARNING - Task 67cb1efd-026c-4562-b276-ed3b11eabe54 failed - applying HARD FAIL policy for workflow workflow-9c39d54a-1667-42dc-ac41-ebe94b68f643
[2025-10-26 10:19:43] [STDERR] 2025-10-26 10:19:43,539 - gleitzeit.workers.dependency_worker - WARNING - Task bbd79fce-143a-46ae-8ce8-edbaa0545b0e failed - applying HARD FAIL policy for workflow workflow-e3e9467f-21bf-4fa1-9948-6b8b79dd58b0
[2025-10-26 10:19:43] [STDERR] 2025-10-26 10:19:43,539 - gleitzeit.workers.dependency_worker - WARNING - Task 230f04eb-c57f-4b17-9976-549c4c0e3d72 failed - applying HARD FAIL policy for workflow workflow-57c4fcaa-51b4-4490-8c24-c85035e787e1
[2025-10-26 10:19:43] [STDERR] 2025-10-26 10:19:43,539 - gleitzeit.workers.dependency_worker - WARNING - Task e7b5666b-fdad-41f1-97ae-d0430adff9a1 failed - applying HARD FAIL policy for workflow workflow-39b2d127-d84f-4bfd-ba0a-4e85ddffa96f
[2025-10-26 10:19:43] [STDERR] 2025-10-26 10:19:43,539 - gleitzeit.workers.dependency_worker - WARNING - Task 7eaff434-b03b-4208-9f62-58ceb0faeb13 failed - applying HARD FAIL policy for workflow workflow-b1634582-76c5-4f12-981b-108b9de254c7
[2025-10-26 10:19:43] [STDERR] 2025-10-26 10:19:43,539 - gleitzeit.workers.dependency_worker - WARNING - Task 25779a38-8490-494d-b27e-ad2efe718fa3 failed - applying HARD FAIL policy for workflow workflow-2a3fb8dc-315c-4385-88c5-d29c0dc1710b
[2025-10-26 10:19:43] [STDERR] 2025-10-26 10:19:43,540 - gleitzeit.workers.dependency_worker - WARNING - Task 1166432a-1fd4-4649-9911-6af2788ac147 failed - applying HARD FAIL policy for workflow workflow-5b260ec9-e5a4-4bf6-abb7-f16739e3e23d
[2025-10-26 10:19:43] [STDERR] 2025-10-26 10:19:43,540 - gleitzeit.workers.dependency_worker - WARNING - Task 7b6c1cf3-389b-4b48-b9f9-865c3a02f654 failed - applying HARD FAIL policy for workflow workflow-d2a376e4-5e8c-43ba-ad1c-edf33bd4e38a
[2025-10-26 10:19:43] [STDERR] 2025-10-26 10:19:43,541 - gleitzeit.workers.dependency_worker - INFO - Workflow workflow-9c39d54a-1667-42dc-ac41-ebe94b68f643 marked as FAILED due to task 67cb1efd-026c-4562-b276-ed3b11eabe54 failure (hard fail policy)
[2025-10-26 10:19:43] [STDERR] 2025-10-26 10:19:43,541 - gleitzeit.workers.dependency_worker - INFO - Workflow workflow-b1634582-76c5-4f12-981b-108b9de254c7 marked as FAILED due to task 7eaff434-b03b-4208-9f62-58ceb0faeb13 failure (hard fail policy)
[2025-10-26 10:19:43] [STDERR] 2025-10-26 10:19:43,542 - gleitzeit.workers.dependency_worker - INFO - Workflow workflow-2a3fb8dc-315c-4385-88c5-d29c0dc1710b marked as FAILED due to task 25779a38-8490-494d-b27e-ad2efe718fa3 failure (hard fail policy)
[2025-10-26 10:19:43] [STDERR] 2025-10-26 10:19:43,542 - gleitzeit.workers.dependency_worker - INFO - Workflow workflow-9c39d54a-1667-42dc-ac41-ebe94b68f643 marked as FAILED due to task 67cb1efd-026c-4562-b276-ed3b11eabe54 failure (hard fail policy)
[2025-10-26 10:19:43] [STDERR] 2025-10-26 10:19:43,542 - gleitzeit.workers.dependency_worker - INFO - Workflow workflow-57c4fcaa-51b4-4490-8c24-c85035e787e1 marked as FAILED due to task 230f04eb-c57f-4b17-9976-549c4c0e3d72 failure (hard fail policy)
[2025-10-26 10:19:43] [STDERR] 2025-10-26 10:19:43,542 - gleitzeit.workers.dependency_worker - INFO - Workflow workflow-e3e9467f-21bf-4fa1-9948-6b8b79dd58b0 marked as FAILED due to task bbd79fce-143a-46ae-8ce8-edbaa0545b0e failure (hard fail policy)
[2025-10-26 10:19:43] [STDERR] 2025-10-26 10:19:43,542 - gleitzeit.workers.dependency_worker - INFO - Workflow workflow-39b2d127-d84f-4bfd-ba0a-4e85ddffa96f marked as FAILED due to task e7b5666b-fdad-41f1-97ae-d0430adff9a1 failure (hard fail policy)
[2025-10-26 10:19:43] [STDERR] 2025-10-26 10:19:43,542 - gleitzeit.workers.dependency_worker - INFO - Processing task failure: 1166432a-1fd4-4649-9911-6af2788ac147 from workflow workflow-5b260ec9-e5a4-4bf6-abb7-f16739e3e23d
[2025-10-26 10:19:43] [STDERR] 2025-10-26 10:19:43,542 - gleitzeit.workers.dependency_worker - INFO - Processing task failure: dd984918-df7f-4b88-be1a-455e8e74f952 from workflow workflow-23f58ea8-0d92-42a9-a524-dd6a8d7272f9
[2025-10-26 10:19:43] [STDERR] 2025-10-26 10:19:43,543 - gleitzeit.workers.dependency_worker - INFO - Processing task failure: dd984918-df7f-4b88-be1a-455e8e74f952 from workflow workflow-23f58ea8-0d92-42a9-a524-dd6a8d7272f9
[2025-10-26 10:19:43] [STDERR] 2025-10-26 10:19:43,543 - gleitzeit.workers.dependency_worker - INFO - Processing task failure: 0b1b71f3-0c17-4b10-ae9b-edccaea37b87 from workflow workflow-c3b5f4c5-5207-4f5e-9512-316d4eb32168
[2025-10-26 10:19:43] [STDERR] 2025-10-26 10:19:43,543 - gleitzeit.workers.dependency_worker - INFO - Workflow workflow-05e18f86-1311-44e2-a37f-71587f431201 failed with 1 failed tasks
[2025-10-26 10:19:43] [STDERR] 2025-10-26 10:19:43,543 - gleitzeit.workers.dependency_worker - INFO - Processing task failure: 0b1b71f3-0c17-4b10-ae9b-edccaea37b87 from workflow workflow-c3b5f4c5-5207-4f5e-9512-316d4eb32168
[2025-10-26 10:19:43] [STDERR] 2025-10-26 10:19:43,543 - gleitzeit.workers.dependency_worker - INFO - Workflow workflow-d2a376e4-5e8c-43ba-ad1c-edf33bd4e38a marked as FAILED due to task 7b6c1cf3-389b-4b48-b9f9-865c3a02f654 failure (hard fail policy)
[2025-10-26 10:19:43] [STDERR] 2025-10-26 10:19:43,543 - gleitzeit.workers.dependency_worker - INFO - Workflow workflow-5b260ec9-e5a4-4bf6-abb7-f16739e3e23d marked as FAILED due to task 1166432a-1fd4-4649-9911-6af2788ac147 failure (hard fail policy)
[2025-10-26 10:19:43] [STDERR] 2025-10-26 10:19:43,543 - gleitzeit.workers.dependency_worker - INFO - Processing task failure: 5bb1b6c3-21e8-4f2e-9d3d-b5802d5c32df from workflow workflow-80e7a145-5bfd-4869-89be-43bfe3f1b744
[2025-10-26 10:19:43] [STDERR] 2025-10-26 10:19:43,543 - gleitzeit.workers.dependency_worker - INFO - Processing task failure: 5bb1b6c3-21e8-4f2e-9d3d-b5802d5c32df from workflow workflow-80e7a145-5bfd-4869-89be-43bfe3f1b744
[2025-10-26 10:19:43] [STDERR] 2025-10-26 10:19:43,544 - gleitzeit.workers.dependency_worker - INFO - Processing task failure: 6092f31e-be77-42c8-9c28-8e5f093e689e from workflow workflow-a30a7be8-e728-4992-90f1-409d7addad8c
[2025-10-26 10:19:43] [STDERR] 2025-10-26 10:19:43,544 - gleitzeit.workers.dependency_worker - INFO - Processing task failure: 2b92ee2f-9c15-4d93-87b3-0c1da14eb2fe from workflow workflow-6966e2cb-42a0-42c1-86ea-e3cf411d757a
[2025-10-26 10:19:43] [STDERR] 2025-10-26 10:19:43,545 - gleitzeit.workers.dependency_worker - WARNING - Task dd984918-df7f-4b88-be1a-455e8e74f952 failed - applying HARD FAIL policy for workflow workflow-23f58ea8-0d92-42a9-a524-dd6a8d7272f9
[2025-10-26 10:19:43] [STDERR] 2025-10-26 10:19:43,546 - gleitzeit.workers.dependency_worker - WARNING - Task dd984918-df7f-4b88-be1a-455e8e74f952 failed - applying HARD FAIL policy for workflow workflow-23f58ea8-0d92-42a9-a524-dd6a8d7272f9
[2025-10-26 10:19:43] [STDERR] 2025-10-26 10:19:43,546 - gleitzeit.workers.dependency_worker - WARNING - Task 0b1b71f3-0c17-4b10-ae9b-edccaea37b87 failed - applying HARD FAIL policy for workflow workflow-c3b5f4c5-5207-4f5e-9512-316d4eb32168
[2025-10-26 10:19:43] [STDERR] 2025-10-26 10:19:43,546 - gleitzeit.workers.dependency_worker - WARNING - Task 5bb1b6c3-21e8-4f2e-9d3d-b5802d5c32df failed - applying HARD FAIL policy for workflow workflow-80e7a145-5bfd-4869-89be-43bfe3f1b744
[2025-10-26 10:19:43] [STDERR] 2025-10-26 10:19:43,547 - gleitzeit.workers.dependency_worker - WARNING - Task 0b1b71f3-0c17-4b10-ae9b-edccaea37b87 failed - applying HARD FAIL policy for workflow workflow-c3b5f4c5-5207-4f5e-9512-316d4eb32168
[2025-10-26 10:19:43] [STDERR] 2025-10-26 10:19:43,547 - gleitzeit.workers.dependency_worker - WARNING - Task 5bb1b6c3-21e8-4f2e-9d3d-b5802d5c32df failed - applying HARD FAIL policy for workflow workflow-80e7a145-5bfd-4869-89be-43bfe3f1b744
[2025-10-26 10:19:43] [STDERR] 2025-10-26 10:19:43,548 - gleitzeit.workers.dependency_worker - WARNING - Task 2b92ee2f-9c15-4d93-87b3-0c1da14eb2fe failed - applying HARD FAIL policy for workflow workflow-6966e2cb-42a0-42c1-86ea-e3cf411d757a
[2025-10-26 10:19:43] [STDERR] 2025-10-26 10:19:43,548 - gleitzeit.workers.dependency_worker - WARNING - Task 6092f31e-be77-42c8-9c28-8e5f093e689e failed - applying HARD FAIL policy for workflow workflow-a30a7be8-e728-4992-90f1-409d7addad8c
[2025-10-26 10:19:43] [STDERR] 2025-10-26 10:19:43,548 - gleitzeit.workers.dependency_worker - INFO - Workflow workflow-23f58ea8-0d92-42a9-a524-dd6a8d7272f9 marked as FAILED due to task dd984918-df7f-4b88-be1a-455e8e74f952 failure (hard fail policy)
[2025-10-26 10:19:43] [STDERR] 2025-10-26 10:19:43,548 - gleitzeit.workers.dependency_worker - INFO - Workflow workflow-23f58ea8-0d92-42a9-a524-dd6a8d7272f9 marked as FAILED due to task dd984918-df7f-4b88-be1a-455e8e74f952 failure (hard fail policy)
[2025-10-26 10:19:43] [STDERR] 2025-10-26 10:19:43,549 - gleitzeit.workers.dependency_worker - INFO - Workflow workflow-80e7a145-5bfd-4869-89be-43bfe3f1b744 marked as FAILED due to task 5bb1b6c3-21e8-4f2e-9d3d-b5802d5c32df failure (hard fail policy)
[2025-10-26 10:19:43] [STDERR] 2025-10-26 10:19:43,549 - gleitzeit.workers.dependency_worker - INFO - Workflow workflow-c3b5f4c5-5207-4f5e-9512-316d4eb32168 marked as FAILED due to task 0b1b71f3-0c17-4b10-ae9b-edccaea37b87 failure (hard fail policy)
[2025-10-26 10:19:43] [STDERR] 2025-10-26 10:19:43,549 - gleitzeit.workers.dependency_worker - INFO - Processing task failure: 6092f31e-be77-42c8-9c28-8e5f093e689e from workflow workflow-a30a7be8-e728-4992-90f1-409d7addad8c
[2025-10-26 10:19:43] [STDERR] 2025-10-26 10:19:43,549 - gleitzeit.workers.dependency_worker - INFO - Processing task failure: 2b92ee2f-9c15-4d93-87b3-0c1da14eb2fe from workflow workflow-6966e2cb-42a0-42c1-86ea-e3cf411d757a
[2025-10-26 10:19:43] [STDERR] 2025-10-26 10:19:43,549 - gleitzeit.workers.dependency_worker - INFO - Workflow workflow-5b260ec9-e5a4-4bf6-abb7-f16739e3e23d failed with 1 failed tasks
[2025-10-26 10:19:43] [STDERR] 2025-10-26 10:19:43,549 - gleitzeit.workers.dependency_worker - INFO - Processing task failure: 2e0e018a-efca-4dd9-9f0f-fdeb12255540 from workflow workflow-cb38b951-18ad-4e8d-8e9d-e3041f7b31c3
[2025-10-26 10:19:43] [STDERR] 2025-10-26 10:19:43,550 - gleitzeit.workers.dependency_worker - INFO - Workflow workflow-c3b5f4c5-5207-4f5e-9512-316d4eb32168 marked as FAILED due to task 0b1b71f3-0c17-4b10-ae9b-edccaea37b87 failure (hard fail policy)
[2025-10-26 10:19:43] [STDERR] 2025-10-26 10:19:43,550 - gleitzeit.workers.dependency_worker - INFO - Workflow workflow-80e7a145-5bfd-4869-89be-43bfe3f1b744 marked as FAILED due to task 5bb1b6c3-21e8-4f2e-9d3d-b5802d5c32df failure (hard fail policy)
[2025-10-26 10:19:43] [STDERR] 2025-10-26 10:19:43,550 - gleitzeit.workers.dependency_worker - INFO - Processing task failure: 2e0e018a-efca-4dd9-9f0f-fdeb12255540 from workflow workflow-cb38b951-18ad-4e8d-8e9d-e3041f7b31c3
[2025-10-26 10:19:43] [STDERR] 2025-10-26 10:19:43,550 - gleitzeit.workers.dependency_worker - INFO - Processing task failure: 94e308c3-5420-44a9-9b7b-594ce25586d9 from workflow workflow-d593d1d1-c5fd-4a1d-b623-365d0d5c0fba
[2025-10-26 10:19:43] [STDERR] 2025-10-26 10:19:43,550 - gleitzeit.workers.dependency_worker - INFO - Workflow workflow-6966e2cb-42a0-42c1-86ea-e3cf411d757a marked as FAILED due to task 2b92ee2f-9c15-4d93-87b3-0c1da14eb2fe failure (hard fail policy)
[2025-10-26 10:19:43] [STDERR] 2025-10-26 10:19:43,550 - gleitzeit.workers.dependency_worker - INFO - Workflow workflow-a30a7be8-e728-4992-90f1-409d7addad8c marked as FAILED due to task 6092f31e-be77-42c8-9c28-8e5f093e689e failure (hard fail policy)
[2025-10-26 10:19:43] [STDERR] 2025-10-26 10:19:43,550 - gleitzeit.workers.dependency_worker - INFO - Processing task failure: 94e308c3-5420-44a9-9b7b-594ce25586d9 from workflow workflow-d593d1d1-c5fd-4a1d-b623-365d0d5c0fba
[2025-10-26 10:19:43] [STDERR] 2025-10-26 10:19:43,550 - gleitzeit.workers.dependency_worker - INFO - Processing task failure: 88a0b8df-aa17-446e-84e7-022901b4140d from workflow workflow-56f22487-a90b-403d-8a20-bae2e9371ad7
[2025-10-26 10:19:43] [STDERR] 2025-10-26 10:19:43,551 - gleitzeit.workers.dependency_worker - INFO - Processing workflow submission: workflow-ac52ce94-c5bc-4433-bbd5-b4ca710f0dc7
[2025-10-26 10:19:43] [STDERR] 2025-10-26 10:19:43,551 - gleitzeit.workers.dependency_worker - INFO - Processing workflow submission: workflow-2b51c7c4-37db-452d-90ab-0410eefb6a14
[2025-10-26 10:19:43] [STDERR] 2025-10-26 10:19:43,551 - gleitzeit.workers.dependency_worker - WARNING - Task 2e0e018a-efca-4dd9-9f0f-fdeb12255540 failed - applying HARD FAIL policy for workflow workflow-cb38b951-18ad-4e8d-8e9d-e3041f7b31c3
[2025-10-26 10:19:43] [STDERR] 2025-10-26 10:19:43,552 - gleitzeit.workers.dependency_worker - WARNING - Task 2e0e018a-efca-4dd9-9f0f-fdeb12255540 failed - applying HARD FAIL policy for workflow workflow-cb38b951-18ad-4e8d-8e9d-e3041f7b31c3
[2025-10-26 10:19:43] [STDERR] 2025-10-26 10:19:43,552 - gleitzeit.workers.dependency_worker - WARNING - Task 94e308c3-5420-44a9-9b7b-594ce25586d9 failed - applying HARD FAIL policy for workflow workflow-d593d1d1-c5fd-4a1d-b623-365d0d5c0fba
[2025-10-26 10:19:43] [STDERR] 2025-10-26 10:19:43,554 - gleitzeit.workers.dependency_worker - INFO - Workflow workflow-cb38b951-18ad-4e8d-8e9d-e3041f7b31c3 marked as FAILED due to task 2e0e018a-efca-4dd9-9f0f-fdeb12255540 failure (hard fail policy)
[2025-10-26 10:19:43] [STDERR] 2025-10-26 10:19:43,554 - gleitzeit.workers.dependency_worker - INFO - Workflow workflow-d593d1d1-c5fd-4a1d-b623-365d0d5c0fba marked as FAILED due to task 94e308c3-5420-44a9-9b7b-594ce25586d9 failure (hard fail policy)
[2025-10-26 10:19:43] [STDERR] 2025-10-26 10:19:43,554 - gleitzeit.workers.dependency_worker - INFO - Workflow workflow-cb38b951-18ad-4e8d-8e9d-e3041f7b31c3 marked as FAILED due to task 2e0e018a-efca-4dd9-9f0f-fdeb12255540 failure (hard fail policy)
[2025-10-26 10:19:43] [STDERR] 2025-10-26 10:19:43,554 - gleitzeit.workers.dependency_worker - INFO - Processing workflow submission: workflow-861f4db7-c127-4df0-82c5-8e91a1cd81fe
[2025-10-26 10:19:43] [STDERR] 2025-10-26 10:19:43,554 - gleitzeit.workers.dependency_worker - INFO - Processing workflow submission: workflow-bc8c9db4-b27c-4217-af29-6bd0ff79c306
[2025-10-26 10:19:43] [STDERR] 2025-10-26 10:19:43,555 - gleitzeit.workers.dependency_worker - INFO - Processing workflow submission: workflow-ce57cb41-f7e5-4a77-87af-f397756be347
[2025-10-26 10:19:43] [STDERR] 2025-10-26 10:19:43,555 - gleitzeit.workers.dependency_worker - INFO - Workflow workflow-a30a7be8-e728-4992-90f1-409d7addad8c failed with 1 failed tasks
[2025-10-26 10:19:43] [STDERR] 2025-10-26 10:19:43,555 - gleitzeit.workers.dependency_worker - INFO - Processing workflow submission: workflow-b31ab47a-70dd-49b6-b1e3-cdcf83c6fd41
[2025-10-26 10:19:43] [STDERR] 2025-10-26 10:19:43,555 - gleitzeit.workers.dependency_worker - INFO - Workflow workflow-6966e2cb-42a0-42c1-86ea-e3cf411d757a failed with 1 failed tasks
[2025-10-26 10:19:43] [STDERR] 2025-10-26 10:19:43,555 - gleitzeit.workers.dependency_worker - INFO - Workflow workflow-56f22487-a90b-403d-8a20-bae2e9371ad7 failed with 1 failed tasks
[2025-10-26 10:19:43] [STDERR] 2025-10-26 10:19:43,556 - gleitzeit.workers.dependency_worker - INFO - Workflow workflow-d593d1d1-c5fd-4a1d-b623-365d0d5c0fba failed with 1 failed tasks
[2025-10-26 10:19:43] [STDERR] 2025-10-26 10:19:43,559 - gleitzeit.workers.dependency_worker - INFO - Processing workflow submission: workflow-5716b1c2-953e-4f15-a1ce-86a0c6e75085
[2025-10-26 10:19:43] [STDERR] 2025-10-26 10:19:43,560 - gleitzeit.workers.dependency_worker - INFO - Processing workflow submission: workflow-8c19c226-6d03-4ca4-984b-a5ceb8d322fd
[2025-10-26 10:19:43] [STDERR] 2025-10-26 10:19:43,561 - gleitzeit.workers.dependency_worker - INFO - Processing workflow submission: workflow-f97804eb-65c0-47e6-b084-a3262a290d98
[2025-10-26 10:19:43] [STDERR] 2025-10-26 10:19:43,562 - gleitzeit.workers.dependency_worker - INFO - Processing workflow submission: workflow-8265fa90-b2e4-4119-9597-85a2f1ad933a
[2025-10-26 10:19:43] [STDERR] 2025-10-26 10:19:43,563 - gleitzeit.workers.dependency_worker - INFO - Emitted initial task 4579472b-b9ed-4c54-b296-5398f2bfbd96 to shard 0
[2025-10-26 10:19:43] [STDERR] 2025-10-26 10:19:43,563 - gleitzeit.workers.dependency_worker - INFO - Emitted initial task a0cfee44-9411-4dbd-ae96-b392ab2d83ca to shard 0
[2025-10-26 10:19:43] [STDERR] 2025-10-26 10:19:43,565 - gleitzeit.workers.dependency_worker - INFO - Emitted initial task 8321c118-847e-4a17-8296-a9475ec9de98 to shard 1
[2025-10-26 10:19:43] [STDERR] 2025-10-26 10:19:43,566 - gleitzeit.workers.dependency_worker - INFO - Emitted initial task 352a3483-2c11-403c-9db8-8aafdc90dcdf to shard 3
[2025-10-26 10:19:43] [STDERR] 2025-10-26 10:19:43,566 - gleitzeit.workers.dependency_worker - INFO - Emitted initial task cc45a26b-1340-4d8a-92cb-c030c19a571f to shard 5
[2025-10-26 10:19:43] [STDERR] 2025-10-26 10:19:43,566 - gleitzeit.workers.dependency_worker - INFO - Emitted initial task 97356bb9-b688-4af6-ad72-f4fc5d23e066 to shard 3
[2025-10-26 10:19:43] [STDERR] 2025-10-26 10:19:43,569 - gleitzeit.workers.dependency_worker - INFO - Processing workflow submission: workflow-d5a8bfec-82c9-43a3-87dd-1fc3ca9b444a
[2025-10-26 10:19:43] [STDERR] 2025-10-26 10:19:43,570 - gleitzeit.workers.dependency_worker - INFO - Processing workflow submission: workflow-7c33432a-18a3-41e8-9ad7-7f30db1c8a02
[2025-10-26 10:19:43] [STDERR] 2025-10-26 10:19:43,570 - gleitzeit.workers.dependency_worker - INFO - Emitted initial task ad077faf-9ff4-4e47-8bbc-f064d2a89ec7 to shard 8
[2025-10-26 10:19:43] [STDERR] 2025-10-26 10:19:43,570 - gleitzeit.workers.dependency_worker - INFO - Emitted initial task fd57dd3a-6bd9-439c-ad95-aacd45652644 to shard 8
[2025-10-26 10:19:43] [STDERR] 2025-10-26 10:19:43,570 - gleitzeit.workers.dependency_worker - INFO - Emitted initial task d9f4ddd0-c685-4b38-8387-7828ce234c83 to shard 10
[2025-10-26 10:19:43] [STDERR] 2025-10-26 10:19:43,571 - gleitzeit.workers.dependency_worker - INFO - Emitted initial task 1ba6b306-a03a-4e01-915b-90df939e1f93 to shard 9
[2025-10-26 10:19:43] [STDERR] 2025-10-26 10:19:43,572 - gleitzeit.workers.dependency_worker - INFO - Processing workflow submission: workflow-ac0fa64a-e2ed-48c7-8b7e-c504bea9ba21
[2025-10-26 10:19:43] [STDERR] 2025-10-26 10:19:43,572 - gleitzeit.workers.dependency_worker - INFO - Processing workflow submission: workflow-3e981ec4-0543-4b72-ab0b-5cfacdaf911e
[2025-10-26 10:19:43] [STDERR] 2025-10-26 10:19:43,572 - gleitzeit.workers.dependency_worker - INFO - Processing workflow submission: workflow-e9ee28cb-24b2-4ebb-a24e-9a7dd6e2d947
[2025-10-26 10:19:43] [STDERR] 2025-10-26 10:19:43,572 - gleitzeit.workers.dependency_worker - INFO - Processing workflow submission: workflow-4bb85579-88a5-444e-9de9-2448278cecd5
[2025-10-26 10:19:43] [STDERR] 2025-10-26 10:19:43,576 - gleitzeit.workers.dependency_worker - INFO - Processing workflow submission: workflow-60c8b4ea-4007-4ebf-85db-e8e07a3aedd4
[2025-10-26 10:19:43] [STDERR] 2025-10-26 10:19:43,578 - gleitzeit.workers.dependency_worker - INFO - Emitted initial task 8fc565c3-1123-4ec1-8a23-66d6fd74035a to shard 13
[2025-10-26 10:19:43] [STDERR] 2025-10-26 10:19:43,578 - gleitzeit.workers.dependency_worker - INFO - Emitted initial task dacd913c-b458-42ec-ac61-1d52ef3841cf to shard 11
[2025-10-26 10:19:43] [STDERR] 2025-10-26 10:19:43,580 - gleitzeit.workers.dependency_worker - INFO - Emitted initial task 421cbc95-f629-4831-bc48-32877d37e7fa to shard 13
[2025-10-26 10:19:43] [STDERR] 2025-10-26 10:19:43,580 - gleitzeit.workers.dependency_worker - INFO - Emitted initial task c0528038-eca8-4fb1-9c23-9e1229a93167 to shard 14
[2025-10-26 10:19:43] [STDERR] 2025-10-26 10:19:43,580 - gleitzeit.workers.dependency_worker - INFO - Emitted initial task fd2f280d-3dd6-496f-8850-350b72935cae to shard 14
[2025-10-26 10:19:43] [STDERR] 2025-10-26 10:19:43,580 - gleitzeit.workers.dependency_worker - INFO - Emitted initial task ebd60719-cebc-4bdb-835a-415f83777b18 to shard 13
[2025-10-26 10:19:43] [STDERR] 2025-10-26 10:19:43,583 - gleitzeit.workers.dependency_worker - INFO - Emitted initial task 5e2926cc-55bc-4647-ab52-538b76830ea8 to shard 15
[2025-10-26 10:19:43] [STDERR] 2025-10-26 10:19:43,589 - gleitzeit.workers.dependency_worker - INFO - Processing task failure: e7b5666b-fdad-41f1-97ae-d0430adff9a1 from workflow workflow-39b2d127-d84f-4bfd-ba0a-4e85ddffa96f
[2025-10-26 10:19:43] [STDERR] 2025-10-26 10:19:43,589 - gleitzeit.workers.dependency_worker - INFO - Processing task failure: 7eaff434-b03b-4208-9f62-58ceb0faeb13 from workflow workflow-b1634582-76c5-4f12-981b-108b9de254c7
[2025-10-26 10:19:43] [STDERR] 2025-10-26 10:19:43,589 - gleitzeit.workers.dependency_worker - INFO - Processing task failure: 25779a38-8490-494d-b27e-ad2efe718fa3 from workflow workflow-2a3fb8dc-315c-4385-88c5-d29c0dc1710b
[2025-10-26 10:19:43] [STDERR] 2025-10-26 10:19:43,589 - gleitzeit.workers.dependency_worker - INFO - Processing task failure: bbd79fce-143a-46ae-8ce8-edbaa0545b0e from workflow workflow-e3e9467f-21bf-4fa1-9948-6b8b79dd58b0
[2025-10-26 10:19:43] [STDERR] 2025-10-26 10:19:43,590 - gleitzeit.workers.dependency_worker - INFO - Processing task failure: 230f04eb-c57f-4b17-9976-549c4c0e3d72 from workflow workflow-57c4fcaa-51b4-4490-8c24-c85035e787e1
[2025-10-26 10:19:43] [STDERR] 2025-10-26 10:19:43,590 - gleitzeit.workers.dependency_worker - INFO - Processing task failure: 5e4025d0-e90e-4636-9098-62921fb5ca8a from workflow workflow-f5dbd82b-6b26-4e8a-a964-c4816060c4ca
[2025-10-26 10:19:43] [STDERR] 2025-10-26 10:19:43,590 - gleitzeit.workers.dependency_worker - INFO - Processing task failure: 7b6c1cf3-389b-4b48-b9f9-865c3a02f654 from workflow workflow-d2a376e4-5e8c-43ba-ad1c-edf33bd4e38a
[2025-10-26 10:19:43] [STDERR] 2025-10-26 10:19:43,590 - gleitzeit.workers.dependency_worker - INFO - Processing task failure: 5e4025d0-e90e-4636-9098-62921fb5ca8a from workflow workflow-f5dbd82b-6b26-4e8a-a964-c4816060c4ca
[2025-10-26 10:19:43] [STDERR] 2025-10-26 10:19:43,590 - gleitzeit.workers.dependency_worker - INFO - Processing task failure: de69e60a-b481-4a1b-bbf4-245e2d3fb381 from workflow workflow-0774f05e-3a95-45c9-8865-07b91b12df04
[2025-10-26 10:19:43] [STDERR] 2025-10-26 10:19:43,590 - gleitzeit.workers.dependency_worker - INFO - Processing task failure: de69e60a-b481-4a1b-bbf4-245e2d3fb381 from workflow workflow-0774f05e-3a95-45c9-8865-07b91b12df04
[2025-10-26 10:19:43] [STDERR] 2025-10-26 10:19:43,591 - gleitzeit.workers.dependency_worker - WARNING - Task de69e60a-b481-4a1b-bbf4-245e2d3fb381 failed - applying HARD FAIL policy for workflow workflow-0774f05e-3a95-45c9-8865-07b91b12df04
[2025-10-26 10:19:43] [STDERR] 2025-10-26 10:19:43,592 - gleitzeit.workers.dependency_worker - WARNING - Task 5e4025d0-e90e-4636-9098-62921fb5ca8a failed - applying HARD FAIL policy for workflow workflow-f5dbd82b-6b26-4e8a-a964-c4816060c4ca
[2025-10-26 10:19:43] [STDERR] 2025-10-26 10:19:43,592 - gleitzeit.workers.dependency_worker - WARNING - Task de69e60a-b481-4a1b-bbf4-245e2d3fb381 failed - applying HARD FAIL policy for workflow workflow-0774f05e-3a95-45c9-8865-07b91b12df04
[2025-10-26 10:19:43] [STDERR] 2025-10-26 10:19:43,593 - gleitzeit.workers.dependency_worker - WARNING - Task 5e4025d0-e90e-4636-9098-62921fb5ca8a failed - applying HARD FAIL policy for workflow workflow-f5dbd82b-6b26-4e8a-a964-c4816060c4ca
[2025-10-26 10:19:43] [STDERR] 2025-10-26 10:19:43,594 - gleitzeit.workers.dependency_worker - INFO - Workflow workflow-0774f05e-3a95-45c9-8865-07b91b12df04 marked as FAILED due to task de69e60a-b481-4a1b-bbf4-245e2d3fb381 failure (hard fail policy)
[2025-10-26 10:19:43] [STDERR] 2025-10-26 10:19:43,595 - gleitzeit.workers.dependency_worker - INFO - Workflow workflow-f5dbd82b-6b26-4e8a-a964-c4816060c4ca marked as FAILED due to task 5e4025d0-e90e-4636-9098-62921fb5ca8a failure (hard fail policy)
[2025-10-26 10:19:43] [STDERR] 2025-10-26 10:19:43,595 - gleitzeit.workers.dependency_worker - INFO - Workflow workflow-0774f05e-3a95-45c9-8865-07b91b12df04 marked as FAILED due to task de69e60a-b481-4a1b-bbf4-245e2d3fb381 failure (hard fail policy)
[2025-10-26 10:19:43] [STDERR] 2025-10-26 10:19:43,595 - gleitzeit.workers.dependency_worker - INFO - Workflow workflow-f5dbd82b-6b26-4e8a-a964-c4816060c4ca marked as FAILED due to task 5e4025d0-e90e-4636-9098-62921fb5ca8a failure (hard fail policy)
[2025-10-26 10:19:43] [STDERR] 2025-10-26 10:19:43,595 - gleitzeit.workers.dependency_worker - INFO - Workflow workflow-39b2d127-d84f-4bfd-ba0a-4e85ddffa96f failed with 1 failed tasks
[2025-10-26 10:19:43] [STDERR] 2025-10-26 10:19:43,595 - gleitzeit.workers.dependency_worker - INFO - Workflow workflow-2a3fb8dc-315c-4385-88c5-d29c0dc1710b failed with 1 failed tasks
[2025-10-26 10:19:43] [STDERR] 2025-10-26 10:19:43,595 - gleitzeit.workers.dependency_worker - INFO - Processing task failure: d27af79c-f15f-4188-b8eb-ea73911d2c66 from workflow workflow-c9a925a7-0a0a-4f7f-bfd6-7a05cb8ce3f9
[2025-10-26 10:19:43] [STDERR] 2025-10-26 10:19:43,596 - gleitzeit.workers.dependency_worker - INFO - Workflow workflow-57c4fcaa-51b4-4490-8c24-c85035e787e1 failed with 1 failed tasks
[2025-10-26 10:19:43] [STDERR] 2025-10-26 10:19:43,596 - gleitzeit.workers.dependency_worker - INFO - Workflow workflow-e3e9467f-21bf-4fa1-9948-6b8b79dd58b0 failed with 1 failed tasks
[2025-10-26 10:19:43] [STDERR] 2025-10-26 10:19:43,596 - gleitzeit.workers.dependency_worker - INFO - Workflow workflow-d2a376e4-5e8c-43ba-ad1c-edf33bd4e38a failed with 1 failed tasks
[2025-10-26 10:19:43] [STDERR] 2025-10-26 10:19:43,596 - gleitzeit.workers.dependency_worker - INFO - Workflow workflow-b1634582-76c5-4f12-981b-108b9de254c7 failed with 1 failed tasks
[2025-10-26 10:19:43] [STDERR] 2025-10-26 10:19:43,596 - gleitzeit.workers.dependency_worker - INFO - Processing task failure: 867cd860-4320-491f-9da7-9d2486c6d36b from workflow workflow-87279f16-d076-43ea-8132-d8fcdb51fdff
[2025-10-26 10:19:43] [STDERR] 2025-10-26 10:19:43,596 - gleitzeit.workers.dependency_worker - INFO - Processing task failure: 5cfa91ac-f55c-40ad-ba22-2f5fe2832eac from workflow workflow-7d698213-e010-4fa5-886c-cba8368bbe84
[2025-10-26 10:19:43] [STDERR] 2025-10-26 10:19:43,596 - gleitzeit.workers.dependency_worker - INFO - Processing task failure: d27af79c-f15f-4188-b8eb-ea73911d2c66 from workflow workflow-c9a925a7-0a0a-4f7f-bfd6-7a05cb8ce3f9
[2025-10-26 10:19:43] [STDERR] 2025-10-26 10:19:43,597 - gleitzeit.workers.dependency_worker - WARNING - Task d27af79c-f15f-4188-b8eb-ea73911d2c66 failed - applying HARD FAIL policy for workflow workflow-c9a925a7-0a0a-4f7f-bfd6-7a05cb8ce3f9
[2025-10-26 10:19:43] [STDERR] 2025-10-26 10:19:43,598 - gleitzeit.workers.dependency_worker - WARNING - Task d27af79c-f15f-4188-b8eb-ea73911d2c66 failed - applying HARD FAIL policy for workflow workflow-c9a925a7-0a0a-4f7f-bfd6-7a05cb8ce3f9
[2025-10-26 10:19:43] [STDERR] 2025-10-26 10:19:43,598 - gleitzeit.workers.dependency_worker - WARNING - Task 5cfa91ac-f55c-40ad-ba22-2f5fe2832eac failed - applying HARD FAIL policy for workflow workflow-7d698213-e010-4fa5-886c-cba8368bbe84
[2025-10-26 10:19:43] [STDERR] 2025-10-26 10:19:43,598 - gleitzeit.workers.dependency_worker - WARNING - Task 867cd860-4320-491f-9da7-9d2486c6d36b failed - applying HARD FAIL policy for workflow workflow-87279f16-d076-43ea-8132-d8fcdb51fdff
[2025-10-26 10:19:43] [STDERR] 2025-10-26 10:19:43,599 - gleitzeit.workers.dependency_worker - INFO - Workflow workflow-c9a925a7-0a0a-4f7f-bfd6-7a05cb8ce3f9 marked as FAILED due to task d27af79c-f15f-4188-b8eb-ea73911d2c66 failure (hard fail policy)
[2025-10-26 10:19:43] [STDERR] 2025-10-26 10:19:43,599 - gleitzeit.workers.dependency_worker - INFO - Processing task failure: 867cd860-4320-491f-9da7-9d2486c6d36b from workflow workflow-87279f16-d076-43ea-8132-d8fcdb51fdff
[2025-10-26 10:19:43] [STDERR] 2025-10-26 10:19:43,599 - gleitzeit.workers.dependency_worker - INFO - Processing task failure: 5cfa91ac-f55c-40ad-ba22-2f5fe2832eac from workflow workflow-7d698213-e010-4fa5-886c-cba8368bbe84
[2025-10-26 10:19:43] [STDERR] 2025-10-26 10:19:43,599 - gleitzeit.workers.dependency_worker - INFO - Workflow workflow-c9a925a7-0a0a-4f7f-bfd6-7a05cb8ce3f9 marked as FAILED due to task d27af79c-f15f-4188-b8eb-ea73911d2c66 failure (hard fail policy)
[2025-10-26 10:19:43] [STDERR] 2025-10-26 10:19:43,599 - gleitzeit.workers.dependency_worker - INFO - Processing task failure: 9450a5ce-4ce1-4d2b-a2b3-e08647bb5e79 from workflow workflow-ad4795ae-67e6-4840-aa0b-41ef428a8898
[2025-10-26 10:19:43] [STDERR] 2025-10-26 10:19:43,599 - gleitzeit.workers.dependency_worker - INFO - Processing task failure: 9450a5ce-4ce1-4d2b-a2b3-e08647bb5e79 from workflow workflow-ad4795ae-67e6-4840-aa0b-41ef428a8898
[2025-10-26 10:19:43] [STDERR] 2025-10-26 10:19:43,599 - gleitzeit.workers.dependency_worker - INFO - Processing task failure: 2af3df57-6dae-419b-82e0-f11bf31fde60 from workflow workflow-6ebcbdfc-ce04-45c1-abbc-6841f89777d9
[2025-10-26 10:19:43] [STDERR] 2025-10-26 10:19:43,600 - gleitzeit.workers.dependency_worker - INFO - Processing task failure: 16f7901b-f04a-41d9-90f1-e71406341927 from workflow workflow-14411317-db8f-443d-be4d-17b7a2621bd8
[2025-10-26 10:19:43] [STDERR] 2025-10-26 10:19:43,600 - gleitzeit.workers.dependency_worker - INFO - Processing task failure: de35cb6f-4d6d-496c-9f39-15ba880eb8e1 from workflow workflow-8429348d-f48b-4a93-825e-65c5c4607efb
[2025-10-26 10:19:43] [STDERR] 2025-10-26 10:19:43,600 - gleitzeit.workers.dependency_worker - INFO - Workflow workflow-7d698213-e010-4fa5-886c-cba8368bbe84 marked as FAILED due to task 5cfa91ac-f55c-40ad-ba22-2f5fe2832eac failure (hard fail policy)
[2025-10-26 10:19:43] [STDERR] 2025-10-26 10:19:43,600 - gleitzeit.workers.dependency_worker - INFO - Workflow workflow-87279f16-d076-43ea-8132-d8fcdb51fdff marked as FAILED due to task 867cd860-4320-491f-9da7-9d2486c6d36b failure (hard fail policy)
[2025-10-26 10:19:43] [STDERR] 2025-10-26 10:19:43,600 - gleitzeit.workers.dependency_worker - INFO - Processing task failure: e8fa5a3f-734f-4fde-b96c-55afc937ec21 from workflow workflow-3c876711-097e-4c28-8dd8-6b58e1160ec0
[2025-10-26 10:19:43] [STDERR] 2025-10-26 10:19:43,600 - gleitzeit.workers.dependency_worker - INFO - Processing task failure: 3520ec2d-d840-4650-b38d-eeeeb8c114c3 from workflow workflow-d57bbad5-556f-4627-900d-10bad8240b0e
[2025-10-26 10:19:43] [STDERR] 2025-10-26 10:19:43,600 - gleitzeit.workers.dependency_worker - INFO - Processing task failure: 7fba6e9f-5061-4cdb-a657-d1897450cd0c from workflow workflow-e3bb0d7c-8398-4f9a-9069-38389ff2fcfa
[2025-10-26 10:19:43] [STDERR] 2025-10-26 10:19:43,601 - gleitzeit.workers.dependency_worker - WARNING - Task 16f7901b-f04a-41d9-90f1-e71406341927 failed - applying HARD FAIL policy for workflow workflow-14411317-db8f-443d-be4d-17b7a2621bd8
[2025-10-26 10:19:43] [STDERR] 2025-10-26 10:19:43,601 - gleitzeit.workers.dependency_worker - WARNING - Task 9450a5ce-4ce1-4d2b-a2b3-e08647bb5e79 failed - applying HARD FAIL policy for workflow workflow-ad4795ae-67e6-4840-aa0b-41ef428a8898
[2025-10-26 10:19:43] [STDERR] 2025-10-26 10:19:43,601 - gleitzeit.workers.dependency_worker - WARNING - Task de35cb6f-4d6d-496c-9f39-15ba880eb8e1 failed - applying HARD FAIL policy for workflow workflow-8429348d-f48b-4a93-825e-65c5c4607efb
[2025-10-26 10:19:43] [STDERR] 2025-10-26 10:19:43,602 - gleitzeit.workers.dependency_worker - WARNING - Task e8fa5a3f-734f-4fde-b96c-55afc937ec21 failed - applying HARD FAIL policy for workflow workflow-3c876711-097e-4c28-8dd8-6b58e1160ec0
[2025-10-26 10:19:43] [STDERR] 2025-10-26 10:19:43,602 - gleitzeit.workers.dependency_worker - WARNING - Task 2af3df57-6dae-419b-82e0-f11bf31fde60 failed - applying HARD FAIL policy for workflow workflow-6ebcbdfc-ce04-45c1-abbc-6841f89777d9
[2025-10-26 10:19:43] [STDERR] 2025-10-26 10:19:43,603 - gleitzeit.workers.dependency_worker - WARNING - Task 7fba6e9f-5061-4cdb-a657-d1897450cd0c failed - applying HARD FAIL policy for workflow workflow-e3bb0d7c-8398-4f9a-9069-38389ff2fcfa
[2025-10-26 10:19:43] [STDERR] 2025-10-26 10:19:43,603 - gleitzeit.workers.dependency_worker - INFO - Workflow workflow-ad4795ae-67e6-4840-aa0b-41ef428a8898 marked as FAILED due to task 9450a5ce-4ce1-4d2b-a2b3-e08647bb5e79 failure (hard fail policy)
[2025-10-26 10:19:43] [STDERR] 2025-10-26 10:19:43,603 - gleitzeit.workers.dependency_worker - INFO - Workflow workflow-14411317-db8f-443d-be4d-17b7a2621bd8 marked as FAILED due to task 16f7901b-f04a-41d9-90f1-e71406341927 failure (hard fail policy)
[2025-10-26 10:19:43] [STDERR] 2025-10-26 10:19:43,603 - gleitzeit.workers.dependency_worker - WARNING - Task 3520ec2d-d840-4650-b38d-eeeeb8c114c3 failed - applying HARD FAIL policy for workflow workflow-d57bbad5-556f-4627-900d-10bad8240b0e
[2025-10-26 10:19:43] [STDERR] 2025-10-26 10:19:43,603 - gleitzeit.workers.dependency_worker - INFO - Workflow workflow-8429348d-f48b-4a93-825e-65c5c4607efb marked as FAILED due to task de35cb6f-4d6d-496c-9f39-15ba880eb8e1 failure (hard fail policy)
[2025-10-26 10:19:43] [STDERR] 2025-10-26 10:19:43,603 - gleitzeit.workers.dependency_worker - INFO - Workflow workflow-7d698213-e010-4fa5-886c-cba8368bbe84 failed with 1 failed tasks
[2025-10-26 10:19:43] [STDERR] 2025-10-26 10:19:43,604 - gleitzeit.workers.dependency_worker - INFO - Workflow workflow-87279f16-d076-43ea-8132-d8fcdb51fdff failed with 1 failed tasks
[2025-10-26 10:19:43] [STDERR] 2025-10-26 10:19:43,604 - gleitzeit.workers.dependency_worker - INFO - Workflow workflow-3c876711-097e-4c28-8dd8-6b58e1160ec0 marked as FAILED due to task e8fa5a3f-734f-4fde-b96c-55afc937ec21 failure (hard fail policy)
[2025-10-26 10:19:43] [STDERR] 2025-10-26 10:19:43,604 - gleitzeit.workers.dependency_worker - INFO - Processing workflow submission: workflow-1ced19c3-17b1-426f-b8f4-602e787255b8
[2025-10-26 10:19:43] [STDERR] 2025-10-26 10:19:43,604 - gleitzeit.workers.dependency_worker - INFO - Processing workflow submission: workflow-4ff7078b-d0df-468e-b844-42684ffaf147
[2025-10-26 10:19:43] [STDERR] 2025-10-26 10:19:43,604 - gleitzeit.workers.dependency_worker - INFO - Workflow workflow-6ebcbdfc-ce04-45c1-abbc-6841f89777d9 marked as FAILED due to task 2af3df57-6dae-419b-82e0-f11bf31fde60 failure (hard fail policy)
[2025-10-26 10:19:43] [STDERR] 2025-10-26 10:19:43,604 - gleitzeit.workers.dependency_worker - INFO - Processing workflow submission: workflow-4d6e318e-55c2-4842-93c2-f1bd5cf83d65
[2025-10-26 10:19:43] [STDERR] 2025-10-26 10:19:43,604 - gleitzeit.workers.dependency_worker - INFO - Processing workflow submission: workflow-24a0fbfe-9f8e-46f1-a67f-7de205c9112f
[2025-10-26 10:19:43] [STDERR] 2025-10-26 10:19:43,604 - gleitzeit.workers.dependency_worker - INFO - Processing workflow submission: workflow-5111c959-50cb-4630-8ded-cfe08a607edf
[2025-10-26 10:19:43] [STDERR] 2025-10-26 10:19:43,605 - gleitzeit.workers.dependency_worker - INFO - Workflow workflow-ad4795ae-67e6-4840-aa0b-41ef428a8898 failed with 1 failed tasks
[2025-10-26 10:19:43] [STDERR] 2025-10-26 10:19:43,605 - gleitzeit.workers.dependency_worker - INFO - Workflow workflow-d57bbad5-556f-4627-900d-10bad8240b0e marked as FAILED due to task 3520ec2d-d840-4650-b38d-eeeeb8c114c3 failure (hard fail policy)
[2025-10-26 10:19:43] [STDERR] 2025-10-26 10:19:43,605 - gleitzeit.workers.dependency_worker - INFO - Workflow workflow-e3bb0d7c-8398-4f9a-9069-38389ff2fcfa marked as FAILED due to task 7fba6e9f-5061-4cdb-a657-d1897450cd0c failure (hard fail policy)
[2025-10-26 10:19:43] [STDERR] 2025-10-26 10:19:43,605 - gleitzeit.workers.dependency_worker - INFO - Processing workflow submission: workflow-5999b59c-0bc2-4cc5-8e43-560391c8ba4d
[2025-10-26 10:19:43] [STDERR] 2025-10-26 10:19:43,605 - gleitzeit.workers.dependency_worker - INFO - Processing workflow submission: workflow-27ab5a3c-f333-4c4c-9248-ee5768cd9fe7
[2025-10-26 10:19:43] [STDERR] 2025-10-26 10:19:43,607 - gleitzeit.workers.dependency_worker - INFO - Processing workflow submission: workflow-f49ab453-808c-4477-990d-ae485168186c
[2025-10-26 10:19:43] [STDERR] 2025-10-26 10:19:43,607 - gleitzeit.workers.dependency_worker - INFO - Processing workflow submission: workflow-8cb2dc11-7b0e-47cc-a14f-16eb4a81c44e
[2025-10-26 10:19:43] [STDERR] 2025-10-26 10:19:43,608 - gleitzeit.workers.dependency_worker - INFO - Processing workflow submission: workflow-63f4be6f-f0be-4f09-9c0b-da783b72f787
[2025-10-26 10:19:43] [STDERR] 2025-10-26 10:19:43,612 - gleitzeit.workers.dependency_worker - INFO - Emitted initial task ffa559b0-77ba-4423-b510-ff642d0dca69 to shard 1
[2025-10-26 10:19:43] [STDERR] 2025-10-26 10:19:43,612 - gleitzeit.workers.dependency_worker - INFO - Emitted initial task 7264395c-0c2b-4983-9d62-c482c4d20ed7 to shard 2
[2025-10-26 10:19:43] [STDERR] 2025-10-26 10:19:43,612 - gleitzeit.workers.dependency_worker - INFO - Emitted initial task 1536dfc3-7976-4320-ac24-2b06bf244832 to shard 3
[2025-10-26 10:19:43] [STDERR] 2025-10-26 10:19:43,613 - gleitzeit.workers.dependency_worker - INFO - Emitted initial task 5fd6b871-2a37-477a-b2d5-7db0a91703fe to shard 2
[2025-10-26 10:19:43] [STDERR] 2025-10-26 10:19:43,613 - gleitzeit.workers.dependency_worker - INFO - Emitted initial task 102e19b5-ce25-4a70-a79b-3ff68602d772 to shard 1
[2025-10-26 10:19:43] [STDERR] 2025-10-26 10:19:43,614 - gleitzeit.workers.dependency_worker - INFO - Emitted initial task 8d6cec13-e9ff-42b4-8bc5-c191c3d74e5c to shard 3
[2025-10-26 10:19:43] [STDERR] 2025-10-26 10:19:43,614 - gleitzeit.workers.dependency_worker - INFO - Emitted initial task 13773688-d5cf-495c-ae2f-f2c8090e7e2c to shard 3
[2025-10-26 10:19:43] [STDERR] 2025-10-26 10:19:43,615 - gleitzeit.workers.dependency_worker - INFO - Emitted initial task 86f18e1c-dddc-46eb-a783-3c2218dafd28 to shard 4
[2025-10-26 10:19:43] [STDERR] 2025-10-26 10:19:43,615 - gleitzeit.workers.dependency_worker - INFO - Emitted initial task cde77e83-b676-4a43-ae69-2572320392ed to shard 8
[2025-10-26 10:19:43] [STDERR] 2025-10-26 10:19:43,616 - gleitzeit.workers.dependency_worker - INFO - Emitted initial task 997da4e7-0da9-4ac3-9f1f-a82d761a2e57 to shard 6
[2025-10-26 10:19:43] [STDERR] 2025-10-26 10:19:43,617 - gleitzeit.workers.dependency_worker - INFO - Processing workflow submission: workflow-5f85e35e-cab6-44db-9522-9b08dc06bbe5
[2025-10-26 10:19:43] [STDERR] 2025-10-26 10:19:43,617 - gleitzeit.workers.dependency_worker - INFO - Processing workflow submission: workflow-3755dcca-b4f5-4374-b921-8d2efc5500b2
[2025-10-26 10:19:43] [STDERR] 2025-10-26 10:19:43,617 - gleitzeit.workers.dependency_worker - INFO - Processing workflow submission: workflow-acc5964c-c3ac-4940-8841-27d531b6e489
[2025-10-26 10:19:43] [STDERR] 2025-10-26 10:19:43,618 - gleitzeit.workers.dependency_worker - INFO - Processing workflow submission: workflow-549e3975-f98f-4db5-95bf-1e840bc72344
[2025-10-26 10:19:43] [STDERR] 2025-10-26 10:19:43,618 - gleitzeit.workers.dependency_worker - INFO - Processing workflow submission: workflow-382c31be-06f4-43f2-9285-bebf5b256dca
[2025-10-26 10:19:43] [STDERR] 2025-10-26 10:19:43,619 - gleitzeit.workers.dependency_worker - INFO - Processing workflow submission: workflow-20467f5c-bac1-4fac-ba27-eb90e88993e7
[2025-10-26 10:19:43] [STDERR] 2025-10-26 10:19:43,619 - gleitzeit.workers.dependency_worker - INFO - Processing workflow submission: workflow-18f7ce3e-810b-4237-aa38-d778fbe9efe0
[2025-10-26 10:19:43] [STDERR] 2025-10-26 10:19:43,620 - gleitzeit.workers.dependency_worker - INFO - Processing workflow submission: workflow-f2cacab9-34ef-43e3-b8a5-b42fa5f17336
[2025-10-26 10:19:43] [STDERR] 2025-10-26 10:19:43,623 - gleitzeit.workers.dependency_worker - INFO - Emitted initial task eecaa547-8ef9-42a6-96cb-e5f9fce0f114 to shard 9
[2025-10-26 10:19:43] [STDERR] 2025-10-26 10:19:43,624 - gleitzeit.workers.dependency_worker - INFO - Emitted initial task fda17a44-e9e7-4715-9391-6593be288178 to shard 9
[2025-10-26 10:19:43] [STDERR] 2025-10-26 10:19:43,624 - gleitzeit.workers.dependency_worker - INFO - Emitted initial task 5863cac4-daa7-4ff5-b113-087a31bf4f66 to shard 9
[2025-10-26 10:19:43] [STDERR] 2025-10-26 10:19:43,625 - gleitzeit.workers.dependency_worker - INFO - Emitted initial task b5faac41-ae9d-4620-bf05-89a369415051 to shard 9
[2025-10-26 10:19:43] [STDERR] 2025-10-26 10:19:43,625 - gleitzeit.workers.dependency_worker - INFO - Emitted initial task 50bb743c-518b-483a-a406-a31f2ae5645c to shard 10
[2025-10-26 10:19:43] [STDERR] 2025-10-26 10:19:43,625 - gleitzeit.workers.dependency_worker - INFO - Emitted initial task eb3b32e8-aca0-45f1-84c6-84967bec91e5 to shard 10
[2025-10-26 10:19:43] [STDERR] 2025-10-26 10:19:43,626 - gleitzeit.workers.dependency_worker - INFO - Emitted initial task 944370d2-6f7a-4d6b-b5ec-ff9ca59e7cdf to shard 10
[2025-10-26 10:19:43] [STDERR] 2025-10-26 10:19:43,627 - gleitzeit.workers.dependency_worker - INFO - Emitted initial task 09accb22-eb49-4e1c-8d1b-03c4534a8cf7 to shard 13
[2025-10-26 10:19:43] [STDERR] 2025-10-26 10:19:43,632 - gleitzeit.workers.dependency_worker - INFO - Processing task failure: 4579472b-b9ed-4c54-b296-5398f2bfbd96 from workflow workflow-ac52ce94-c5bc-4433-bbd5-b4ca710f0dc7
[2025-10-26 10:19:43] [STDERR] 2025-10-26 10:19:43,632 - gleitzeit.workers.dependency_worker - INFO - Processing task failure: a0cfee44-9411-4dbd-ae96-b392ab2d83ca from workflow workflow-2b51c7c4-37db-452d-90ab-0410eefb6a14
[2025-10-26 10:19:43] [STDERR] 2025-10-26 10:19:43,632 - gleitzeit.workers.dependency_worker - INFO - Processing task failure: 4579472b-b9ed-4c54-b296-5398f2bfbd96 from workflow workflow-ac52ce94-c5bc-4433-bbd5-b4ca710f0dc7
[2025-10-26 10:19:43] [STDERR] 2025-10-26 10:19:43,632 - gleitzeit.workers.dependency_worker - INFO - Processing task failure: a0cfee44-9411-4dbd-ae96-b392ab2d83ca from workflow workflow-2b51c7c4-37db-452d-90ab-0410eefb6a14
[2025-10-26 10:19:43] [STDERR] 2025-10-26 10:19:43,632 - gleitzeit.workers.dependency_worker - INFO - Processing task failure: 8321c118-847e-4a17-8296-a9475ec9de98 from workflow workflow-861f4db7-c127-4df0-82c5-8e91a1cd81fe
[2025-10-26 10:19:43] [STDERR] 2025-10-26 10:19:43,632 - gleitzeit.workers.dependency_worker - INFO - Processing task failure: 8321c118-847e-4a17-8296-a9475ec9de98 from workflow workflow-861f4db7-c127-4df0-82c5-8e91a1cd81fe
[2025-10-26 10:19:43] [STDERR] 2025-10-26 10:19:43,632 - gleitzeit.workers.dependency_worker - INFO - Processing task failure: ffa559b0-77ba-4423-b510-ff642d0dca69 from workflow workflow-4ff7078b-d0df-468e-b844-42684ffaf147
[2025-10-26 10:19:43] [STDERR] 2025-10-26 10:19:43,632 - gleitzeit.workers.dependency_worker - INFO - Processing task failure: 7264395c-0c2b-4983-9d62-c482c4d20ed7 from workflow workflow-4d6e318e-55c2-4842-93c2-f1bd5cf83d65
[2025-10-26 10:19:43] [STDERR] 2025-10-26 10:19:43,632 - gleitzeit.workers.dependency_worker - INFO - Processing task failure: 5fd6b871-2a37-477a-b2d5-7db0a91703fe from workflow workflow-24a0fbfe-9f8e-46f1-a67f-7de205c9112f
[2025-10-26 10:19:43] [STDERR] 2025-10-26 10:19:43,632 - gleitzeit.workers.dependency_worker - INFO - Processing task failure: 352a3483-2c11-403c-9db8-8aafdc90dcdf from workflow workflow-bc8c9db4-b27c-4217-af29-6bd0ff79c306
[2025-10-26 10:19:43] [STDERR] 2025-10-26 10:19:43,633 - gleitzeit.workers.dependency_worker - WARNING - Task 4579472b-b9ed-4c54-b296-5398f2bfbd96 failed - applying HARD FAIL policy for workflow workflow-ac52ce94-c5bc-4433-bbd5-b4ca710f0dc7
[2025-10-26 10:19:43] [STDERR] 2025-10-26 10:19:43,634 - gleitzeit.workers.dependency_worker - WARNING - Task a0cfee44-9411-4dbd-ae96-b392ab2d83ca failed - applying HARD FAIL policy for workflow workflow-2b51c7c4-37db-452d-90ab-0410eefb6a14
[2025-10-26 10:19:43] [STDERR] 2025-10-26 10:19:43,634 - gleitzeit.workers.dependency_worker - WARNING - Task 7264395c-0c2b-4983-9d62-c482c4d20ed7 failed - applying HARD FAIL policy for workflow workflow-4d6e318e-55c2-4842-93c2-f1bd5cf83d65
[2025-10-26 10:19:43] [STDERR] 2025-10-26 10:19:43,634 - gleitzeit.workers.dependency_worker - WARNING - Task 5fd6b871-2a37-477a-b2d5-7db0a91703fe failed - applying HARD FAIL policy for workflow workflow-24a0fbfe-9f8e-46f1-a67f-7de205c9112f
[2025-10-26 10:19:43] [STDERR] 2025-10-26 10:19:43,634 - gleitzeit.workers.dependency_worker - WARNING - Task 8321c118-847e-4a17-8296-a9475ec9de98 failed - applying HARD FAIL policy for workflow workflow-861f4db7-c127-4df0-82c5-8e91a1cd81fe
[2025-10-26 10:19:43] [STDERR] 2025-10-26 10:19:43,634 - gleitzeit.workers.dependency_worker - WARNING - Task 8321c118-847e-4a17-8296-a9475ec9de98 failed - applying HARD FAIL policy for workflow workflow-861f4db7-c127-4df0-82c5-8e91a1cd81fe
[2025-10-26 10:19:43] [STDERR] 2025-10-26 10:19:43,634 - gleitzeit.workers.dependency_worker - WARNING - Task ffa559b0-77ba-4423-b510-ff642d0dca69 failed - applying HARD FAIL policy for workflow workflow-4ff7078b-d0df-468e-b844-42684ffaf147
[2025-10-26 10:19:43] [STDERR] 2025-10-26 10:19:43,634 - gleitzeit.workers.dependency_worker - WARNING - Task 4579472b-b9ed-4c54-b296-5398f2bfbd96 failed - applying HARD FAIL policy for workflow workflow-ac52ce94-c5bc-4433-bbd5-b4ca710f0dc7
[2025-10-26 10:19:43] [STDERR] 2025-10-26 10:19:43,635 - gleitzeit.workers.dependency_worker - WARNING - Task a0cfee44-9411-4dbd-ae96-b392ab2d83ca failed - applying HARD FAIL policy for workflow workflow-2b51c7c4-37db-452d-90ab-0410eefb6a14
[2025-10-26 10:19:43] [STDERR] 2025-10-26 10:19:43,635 - gleitzeit.workers.dependency_worker - WARNING - Task 352a3483-2c11-403c-9db8-8aafdc90dcdf failed - applying HARD FAIL policy for workflow workflow-bc8c9db4-b27c-4217-af29-6bd0ff79c306
[2025-10-26 10:19:43] [STDERR] 2025-10-26 10:19:43,635 - gleitzeit.workers.dependency_worker - INFO - Workflow workflow-4d6e318e-55c2-4842-93c2-f1bd5cf83d65 marked as FAILED due to task 7264395c-0c2b-4983-9d62-c482c4d20ed7 failure (hard fail policy)
[2025-10-26 10:19:43] [STDERR] 2025-10-26 10:19:43,636 - gleitzeit.workers.dependency_worker - INFO - Workflow workflow-861f4db7-c127-4df0-82c5-8e91a1cd81fe marked as FAILED due to task 8321c118-847e-4a17-8296-a9475ec9de98 failure (hard fail policy)
[2025-10-26 10:19:43] [STDERR] 2025-10-26 10:19:43,636 - gleitzeit.workers.dependency_worker - INFO - Workflow workflow-24a0fbfe-9f8e-46f1-a67f-7de205c9112f marked as FAILED due to task 5fd6b871-2a37-477a-b2d5-7db0a91703fe failure (hard fail policy)
[2025-10-26 10:19:43] [STDERR] 2025-10-26 10:19:43,636 - gleitzeit.workers.dependency_worker - INFO - Workflow workflow-4ff7078b-d0df-468e-b844-42684ffaf147 marked as FAILED due to task ffa559b0-77ba-4423-b510-ff642d0dca69 failure (hard fail policy)
[2025-10-26 10:19:43] [STDERR] 2025-10-26 10:19:43,636 - gleitzeit.workers.dependency_worker - INFO - Workflow workflow-2b51c7c4-37db-452d-90ab-0410eefb6a14 marked as FAILED due to task a0cfee44-9411-4dbd-ae96-b392ab2d83ca failure (hard fail policy)
[2025-10-26 10:19:43] [STDERR] 2025-10-26 10:19:43,636 - gleitzeit.workers.dependency_worker - INFO - Workflow workflow-ac52ce94-c5bc-4433-bbd5-b4ca710f0dc7 marked as FAILED due to task 4579472b-b9ed-4c54-b296-5398f2bfbd96 failure (hard fail policy)
[2025-10-26 10:19:43] [STDERR] 2025-10-26 10:19:43,636 - gleitzeit.workers.dependency_worker - INFO - Workflow workflow-bc8c9db4-b27c-4217-af29-6bd0ff79c306 marked as FAILED due to task 352a3483-2c11-403c-9db8-8aafdc90dcdf failure (hard fail policy)
[2025-10-26 10:19:43] [STDERR] 2025-10-26 10:19:43,636 - gleitzeit.workers.dependency_worker - INFO - Workflow workflow-861f4db7-c127-4df0-82c5-8e91a1cd81fe marked as FAILED due to task 8321c118-847e-4a17-8296-a9475ec9de98 failure (hard fail policy)
[2025-10-26 10:19:43] [STDERR] 2025-10-26 10:19:43,636 - gleitzeit.workers.dependency_worker - INFO - Processing task failure: 97356bb9-b688-4af6-ad72-f4fc5d23e066 from workflow workflow-ce57cb41-f7e5-4a77-87af-f397756be347
[2025-10-26 10:19:43] [STDERR] 2025-10-26 10:19:43,636 - gleitzeit.workers.dependency_worker - INFO - Processing task failure: 97356bb9-b688-4af6-ad72-f4fc5d23e066 from workflow workflow-ce57cb41-f7e5-4a77-87af-f397756be347
[2025-10-26 10:19:43] [STDERR] 2025-10-26 10:19:43,636 - gleitzeit.workers.dependency_worker - INFO - Workflow workflow-2b51c7c4-37db-452d-90ab-0410eefb6a14 marked as FAILED due to task a0cfee44-9411-4dbd-ae96-b392ab2d83ca failure (hard fail policy)
[2025-10-26 10:19:43] [STDERR] 2025-10-26 10:19:43,636 - gleitzeit.workers.dependency_worker - INFO - Workflow workflow-ac52ce94-c5bc-4433-bbd5-b4ca710f0dc7 marked as FAILED due to task 4579472b-b9ed-4c54-b296-5398f2bfbd96 failure (hard fail policy)
[2025-10-26 10:19:43] [STDERR] 2025-10-26 10:19:43,636 - gleitzeit.workers.dependency_worker - INFO - Processing task failure: 352a3483-2c11-403c-9db8-8aafdc90dcdf from workflow workflow-bc8c9db4-b27c-4217-af29-6bd0ff79c306
[2025-10-26 10:19:43] [STDERR] 2025-10-26 10:19:43,636 - gleitzeit.workers.dependency_worker - INFO - Processing task failure: 1536dfc3-7976-4320-ac24-2b06bf244832 from workflow workflow-5111c959-50cb-4630-8ded-cfe08a607edf
[2025-10-26 10:19:43] [STDERR] 2025-10-26 10:19:43,636 - gleitzeit.workers.dependency_worker - INFO - Processing task failure: 13773688-d5cf-495c-ae2f-f2c8090e7e2c from workflow workflow-5999b59c-0bc2-4cc5-8e43-560391c8ba4d
[2025-10-26 10:19:43] [STDERR] 2025-10-26 10:19:43,636 - gleitzeit.workers.dependency_worker - INFO - Processing task failure: 86f18e1c-dddc-46eb-a783-3c2218dafd28 from workflow workflow-f49ab453-808c-4477-990d-ae485168186c
[2025-10-26 10:19:43] [STDERR] 2025-10-26 10:19:43,636 - gleitzeit.workers.dependency_worker - INFO - Processing task failure: cc45a26b-1340-4d8a-92cb-c030c19a571f from workflow workflow-b31ab47a-70dd-49b6-b1e3-cdcf83c6fd41
[2025-10-26 10:19:43] [STDERR] 2025-10-26 10:19:43,636 - gleitzeit.workers.dependency_worker - INFO - Processing task failure: cc45a26b-1340-4d8a-92cb-c030c19a571f from workflow workflow-b31ab47a-70dd-49b6-b1e3-cdcf83c6fd41
[2025-10-26 10:19:43] [STDERR] 2025-10-26 10:19:43,636 - gleitzeit.workers.dependency_worker - INFO - Processing task failure: 16f7901b-f04a-41d9-90f1-e71406341927 from workflow workflow-14411317-db8f-443d-be4d-17b7a2621bd8
[2025-10-26 10:19:43] [STDERR] 2025-10-26 10:19:43,636 - gleitzeit.workers.dependency_worker - INFO - Processing task failure: 2af3df57-6dae-419b-82e0-f11bf31fde60 from workflow workflow-6ebcbdfc-ce04-45c1-abbc-6841f89777d9
[2025-10-26 10:19:43] [STDERR] 2025-10-26 10:19:43,637 - gleitzeit.workers.dependency_worker - WARNING - Task 97356bb9-b688-4af6-ad72-f4fc5d23e066 failed - applying HARD FAIL policy for workflow workflow-ce57cb41-f7e5-4a77-87af-f397756be347
[2025-10-26 10:19:43] [STDERR] 2025-10-26 10:19:43,637 - gleitzeit.workers.dependency_worker - WARNING - Task 1536dfc3-7976-4320-ac24-2b06bf244832 failed - applying HARD FAIL policy for workflow workflow-5111c959-50cb-4630-8ded-cfe08a607edf
[2025-10-26 10:19:43] [STDERR] 2025-10-26 10:19:43,638 - gleitzeit.workers.dependency_worker - WARNING - Task 97356bb9-b688-4af6-ad72-f4fc5d23e066 failed - applying HARD FAIL policy for workflow workflow-ce57cb41-f7e5-4a77-87af-f397756be347
[2025-10-26 10:19:43] [STDERR] 2025-10-26 10:19:43,638 - gleitzeit.workers.dependency_worker - WARNING - Task 86f18e1c-dddc-46eb-a783-3c2218dafd28 failed - applying HARD FAIL policy for workflow workflow-f49ab453-808c-4477-990d-ae485168186c
[2025-10-26 10:19:43] [STDERR] 2025-10-26 10:19:43,638 - gleitzeit.workers.dependency_worker - WARNING - Task cc45a26b-1340-4d8a-92cb-c030c19a571f failed - applying HARD FAIL policy for workflow workflow-b31ab47a-70dd-49b6-b1e3-cdcf83c6fd41
[2025-10-26 10:19:43] [STDERR] 2025-10-26 10:19:43,638 - gleitzeit.workers.dependency_worker - WARNING - Task cc45a26b-1340-4d8a-92cb-c030c19a571f failed - applying HARD FAIL policy for workflow workflow-b31ab47a-70dd-49b6-b1e3-cdcf83c6fd41
[2025-10-26 10:19:43] [STDERR] 2025-10-26 10:19:43,638 - gleitzeit.workers.dependency_worker - WARNING - Task 13773688-d5cf-495c-ae2f-f2c8090e7e2c failed - applying HARD FAIL policy for workflow workflow-5999b59c-0bc2-4cc5-8e43-560391c8ba4d
[2025-10-26 10:19:43] [STDERR] 2025-10-26 10:19:43,639 - gleitzeit.workers.dependency_worker - INFO - Workflow workflow-5111c959-50cb-4630-8ded-cfe08a607edf marked as FAILED due to task 1536dfc3-7976-4320-ac24-2b06bf244832 failure (hard fail policy)
[2025-10-26 10:19:43] [STDERR] 2025-10-26 10:19:43,640 - gleitzeit.workers.dependency_worker - INFO - Workflow workflow-f49ab453-808c-4477-990d-ae485168186c marked as FAILED due to task 86f18e1c-dddc-46eb-a783-3c2218dafd28 failure (hard fail policy)
[2025-10-26 10:19:43] [STDERR] 2025-10-26 10:19:43,640 - gleitzeit.workers.dependency_worker - INFO - Workflow workflow-ce57cb41-f7e5-4a77-87af-f397756be347 marked as FAILED due to task 97356bb9-b688-4af6-ad72-f4fc5d23e066 failure (hard fail policy)
[2025-10-26 10:19:43] [STDERR] 2025-10-26 10:19:43,640 - gleitzeit.workers.dependency_worker - INFO - Workflow workflow-ce57cb41-f7e5-4a77-87af-f397756be347 marked as FAILED due to task 97356bb9-b688-4af6-ad72-f4fc5d23e066 failure (hard fail policy)
[2025-10-26 10:19:43] [STDERR] 2025-10-26 10:19:43,640 - gleitzeit.workers.dependency_worker - INFO - Workflow workflow-b31ab47a-70dd-49b6-b1e3-cdcf83c6fd41 marked as FAILED due to task cc45a26b-1340-4d8a-92cb-c030c19a571f failure (hard fail policy)
[2025-10-26 10:19:43] [STDERR] 2025-10-26 10:19:43,640 - gleitzeit.workers.dependency_worker - INFO - Workflow workflow-5999b59c-0bc2-4cc5-8e43-560391c8ba4d marked as FAILED due to task 13773688-d5cf-495c-ae2f-f2c8090e7e2c failure (hard fail policy)
[2025-10-26 10:19:43] [STDERR] 2025-10-26 10:19:43,640 - gleitzeit.workers.dependency_worker - INFO - Workflow workflow-b31ab47a-70dd-49b6-b1e3-cdcf83c6fd41 marked as FAILED due to task cc45a26b-1340-4d8a-92cb-c030c19a571f failure (hard fail policy)
[2025-10-26 10:19:43] [STDERR] 2025-10-26 10:19:43,640 - gleitzeit.workers.dependency_worker - INFO - Processing task failure: de35cb6f-4d6d-496c-9f39-15ba880eb8e1 from workflow workflow-8429348d-f48b-4a93-825e-65c5c4607efb
[2025-10-26 10:19:43] [STDERR] 2025-10-26 10:19:43,640 - gleitzeit.workers.dependency_worker - INFO - Processing task failure: fd57dd3a-6bd9-439c-ad95-aacd45652644 from workflow workflow-8c19c226-6d03-4ca4-984b-a5ceb8d322fd
[2025-10-26 10:19:43] [STDERR] 2025-10-26 10:19:43,640 - gleitzeit.workers.dependency_worker - INFO - Processing task failure: ad077faf-9ff4-4e47-8bbc-f064d2a89ec7 from workflow workflow-5716b1c2-953e-4f15-a1ce-86a0c6e75085
[2025-10-26 10:19:43] [STDERR] 2025-10-26 10:19:43,641 - gleitzeit.workers.dependency_worker - INFO - Processing task failure: ad077faf-9ff4-4e47-8bbc-f064d2a89ec7 from workflow workflow-5716b1c2-953e-4f15-a1ce-86a0c6e75085
[2025-10-26 10:19:43] [STDERR] 2025-10-26 10:19:43,641 - gleitzeit.workers.dependency_worker - INFO - Processing task failure: fd57dd3a-6bd9-439c-ad95-aacd45652644 from workflow workflow-8c19c226-6d03-4ca4-984b-a5ceb8d322fd
[2025-10-26 10:19:43] [STDERR] 2025-10-26 10:19:43,641 - gleitzeit.workers.dependency_worker - INFO - Processing task failure: 1ba6b306-a03a-4e01-915b-90df939e1f93 from workflow workflow-f97804eb-65c0-47e6-b084-a3262a290d98
[2025-10-26 10:19:43] [STDERR] 2025-10-26 10:19:43,641 - gleitzeit.workers.dependency_worker - INFO - Processing task failure: e8fa5a3f-734f-4fde-b96c-55afc937ec21 from workflow workflow-3c876711-097e-4c28-8dd8-6b58e1160ec0
[2025-10-26 10:19:43] [STDERR] 2025-10-26 10:19:43,641 - gleitzeit.workers.dependency_worker - INFO - Workflow workflow-14411317-db8f-443d-be4d-17b7a2621bd8 failed with 1 failed tasks
[2025-10-26 10:19:43] [STDERR] 2025-10-26 10:19:43,641 - gleitzeit.workers.dependency_worker - INFO - Workflow workflow-bc8c9db4-b27c-4217-af29-6bd0ff79c306 failed with 1 failed tasks
[2025-10-26 10:19:43] [STDERR] 2025-10-26 10:19:43,641 - gleitzeit.workers.dependency_worker - INFO - Workflow workflow-6ebcbdfc-ce04-45c1-abbc-6841f89777d9 failed with 1 failed tasks
[2025-10-26 10:19:43] [STDERR] 2025-10-26 10:19:43,643 - gleitzeit.workers.dependency_worker - WARNING - Task fd57dd3a-6bd9-439c-ad95-aacd45652644 failed - applying HARD FAIL policy for workflow workflow-8c19c226-6d03-4ca4-984b-a5ceb8d322fd
[2025-10-26 10:19:43] [STDERR] 2025-10-26 10:19:43,643 - gleitzeit.workers.dependency_worker - WARNING - Task ad077faf-9ff4-4e47-8bbc-f064d2a89ec7 failed - applying HARD FAIL policy for workflow workflow-5716b1c2-953e-4f15-a1ce-86a0c6e75085
[2025-10-26 10:19:43] [STDERR] 2025-10-26 10:19:43,643 - gleitzeit.workers.dependency_worker - WARNING - Task 1ba6b306-a03a-4e01-915b-90df939e1f93 failed - applying HARD FAIL policy for workflow workflow-f97804eb-65c0-47e6-b084-a3262a290d98
[2025-10-26 10:19:43] [STDERR] 2025-10-26 10:19:43,643 - gleitzeit.workers.dependency_worker - WARNING - Task ad077faf-9ff4-4e47-8bbc-f064d2a89ec7 failed - applying HARD FAIL policy for workflow workflow-5716b1c2-953e-4f15-a1ce-86a0c6e75085
[2025-10-26 10:19:43] [STDERR] 2025-10-26 10:19:43,643 - gleitzeit.workers.dependency_worker - WARNING - Task fd57dd3a-6bd9-439c-ad95-aacd45652644 failed - applying HARD FAIL policy for workflow workflow-8c19c226-6d03-4ca4-984b-a5ceb8d322fd
[2025-10-26 10:19:43] [STDERR] 2025-10-26 10:19:43,645 - gleitzeit.workers.dependency_worker - INFO - Workflow workflow-8c19c226-6d03-4ca4-984b-a5ceb8d322fd marked as FAILED due to task fd57dd3a-6bd9-439c-ad95-aacd45652644 failure (hard fail policy)
[2025-10-26 10:19:43] [STDERR] 2025-10-26 10:19:43,645 - gleitzeit.workers.dependency_worker - INFO - Workflow workflow-f97804eb-65c0-47e6-b084-a3262a290d98 marked as FAILED due to task 1ba6b306-a03a-4e01-915b-90df939e1f93 failure (hard fail policy)
[2025-10-26 10:19:43] [STDERR] 2025-10-26 10:19:43,645 - gleitzeit.workers.dependency_worker - INFO - Workflow workflow-5716b1c2-953e-4f15-a1ce-86a0c6e75085 marked as FAILED due to task ad077faf-9ff4-4e47-8bbc-f064d2a89ec7 failure (hard fail policy)
[2025-10-26 10:19:43] [STDERR] 2025-10-26 10:19:43,645 - gleitzeit.workers.dependency_worker - INFO - Processing task failure: 1ba6b306-a03a-4e01-915b-90df939e1f93 from workflow workflow-f97804eb-65c0-47e6-b084-a3262a290d98
[2025-10-26 10:19:43] [STDERR] 2025-10-26 10:19:43,645 - gleitzeit.workers.dependency_worker - INFO - Workflow workflow-8429348d-f48b-4a93-825e-65c5c4607efb failed with 1 failed tasks
[2025-10-26 10:19:43] [STDERR] 2025-10-26 10:19:43,645 - gleitzeit.workers.dependency_worker - INFO - Workflow workflow-8c19c226-6d03-4ca4-984b-a5ceb8d322fd marked as FAILED due to task fd57dd3a-6bd9-439c-ad95-aacd45652644 failure (hard fail policy)
[2025-10-26 10:19:43] [STDERR] 2025-10-26 10:19:43,645 - gleitzeit.workers.dependency_worker - INFO - Processing task failure: d9f4ddd0-c685-4b38-8387-7828ce234c83 from workflow workflow-8265fa90-b2e4-4119-9597-85a2f1ad933a
[2025-10-26 10:19:43] [STDERR] 2025-10-26 10:19:43,645 - gleitzeit.workers.dependency_worker - INFO - Workflow workflow-5716b1c2-953e-4f15-a1ce-86a0c6e75085 marked as FAILED due to task ad077faf-9ff4-4e47-8bbc-f064d2a89ec7 failure (hard fail policy)
[2025-10-26 10:19:43] [STDERR] 2025-10-26 10:19:43,645 - gleitzeit.workers.dependency_worker - INFO - Processing task failure: dacd913c-b458-42ec-ac61-1d52ef3841cf from workflow workflow-d5a8bfec-82c9-43a3-87dd-1fc3ca9b444a
[2025-10-26 10:19:43] [STDERR] 2025-10-26 10:19:43,646 - gleitzeit.workers.dependency_worker - INFO - Processing task failure: 8fc565c3-1123-4ec1-8a23-66d6fd74035a from workflow workflow-7c33432a-18a3-41e8-9ad7-7f30db1c8a02
[2025-10-26 10:19:43] [STDERR] 2025-10-26 10:19:43,646 - gleitzeit.workers.dependency_worker - INFO - Processing task failure: 421cbc95-f629-4831-bc48-32877d37e7fa from workflow workflow-3e981ec4-0543-4b72-ab0b-5cfacdaf911e
[2025-10-26 10:19:43] [STDERR] 2025-10-26 10:19:43,646 - gleitzeit.workers.dependency_worker - INFO - Processing task failure: ebd60719-cebc-4bdb-835a-415f83777b18 from workflow workflow-ac0fa64a-e2ed-48c7-8b7e-c504bea9ba21
[2025-10-26 10:19:43] [STDERR] 2025-10-26 10:19:43,646 - gleitzeit.workers.dependency_worker - INFO - Processing task failure: 3520ec2d-d840-4650-b38d-eeeeb8c114c3 from workflow workflow-d57bbad5-556f-4627-900d-10bad8240b0e
[2025-10-26 10:19:43] [STDERR] 2025-10-26 10:19:43,646 - gleitzeit.workers.dependency_worker - INFO - Processing task failure: fd2f280d-3dd6-496f-8850-350b72935cae from workflow workflow-4bb85579-88a5-444e-9de9-2448278cecd5
[2025-10-26 10:19:43] [STDERR] 2025-10-26 10:19:43,646 - gleitzeit.workers.dependency_worker - INFO - Workflow workflow-3c876711-097e-4c28-8dd8-6b58e1160ec0 failed with 1 failed tasks
[2025-10-26 10:19:43] [STDERR] 2025-10-26 10:19:43,647 - gleitzeit.workers.dependency_worker - WARNING - Task 8fc565c3-1123-4ec1-8a23-66d6fd74035a failed - applying HARD FAIL policy for workflow workflow-7c33432a-18a3-41e8-9ad7-7f30db1c8a02
[2025-10-26 10:19:43] [STDERR] 2025-10-26 10:19:43,647 - gleitzeit.workers.dependency_worker - WARNING - Task dacd913c-b458-42ec-ac61-1d52ef3841cf failed - applying HARD FAIL policy for workflow workflow-d5a8bfec-82c9-43a3-87dd-1fc3ca9b444a
[2025-10-26 10:19:43] [STDERR] 2025-10-26 10:19:43,647 - gleitzeit.workers.dependency_worker - WARNING - Task d9f4ddd0-c685-4b38-8387-7828ce234c83 failed - applying HARD FAIL policy for workflow workflow-8265fa90-b2e4-4119-9597-85a2f1ad933a
[2025-10-26 10:19:43] [STDERR] 2025-10-26 10:19:43,648 - gleitzeit.workers.dependency_worker - WARNING - Task fd2f280d-3dd6-496f-8850-350b72935cae failed - applying HARD FAIL policy for workflow workflow-4bb85579-88a5-444e-9de9-2448278cecd5
[2025-10-26 10:19:43] [STDERR] 2025-10-26 10:19:43,648 - gleitzeit.workers.dependency_worker - WARNING - Task 421cbc95-f629-4831-bc48-32877d37e7fa failed - applying HARD FAIL policy for workflow workflow-3e981ec4-0543-4b72-ab0b-5cfacdaf911e
[2025-10-26 10:19:43] [STDERR] 2025-10-26 10:19:43,648 - gleitzeit.workers.dependency_worker - WARNING - Task ebd60719-cebc-4bdb-835a-415f83777b18 failed - applying HARD FAIL policy for workflow workflow-ac0fa64a-e2ed-48c7-8b7e-c504bea9ba21
[2025-10-26 10:19:43] [STDERR] 2025-10-26 10:19:43,649 - gleitzeit.workers.dependency_worker - INFO - Workflow workflow-7c33432a-18a3-41e8-9ad7-7f30db1c8a02 marked as FAILED due to task 8fc565c3-1123-4ec1-8a23-66d6fd74035a failure (hard fail policy)
[2025-10-26 10:19:43] [STDERR] 2025-10-26 10:19:43,649 - gleitzeit.workers.dependency_worker - INFO - Processing task failure: c0528038-eca8-4fb1-9c23-9e1229a93167 from workflow workflow-e9ee28cb-24b2-4ebb-a24e-9a7dd6e2d947
[2025-10-26 10:19:43] [STDERR] 2025-10-26 10:19:43,649 - gleitzeit.workers.dependency_worker - INFO - Workflow workflow-8265fa90-b2e4-4119-9597-85a2f1ad933a marked as FAILED due to task d9f4ddd0-c685-4b38-8387-7828ce234c83 failure (hard fail policy)
[2025-10-26 10:19:43] [STDERR] 2025-10-26 10:19:43,649 - gleitzeit.workers.dependency_worker - INFO - Workflow workflow-4bb85579-88a5-444e-9de9-2448278cecd5 marked as FAILED due to task fd2f280d-3dd6-496f-8850-350b72935cae failure (hard fail policy)
[2025-10-26 10:19:43] [STDERR] 2025-10-26 10:19:43,649 - gleitzeit.workers.dependency_worker - INFO - Workflow workflow-d5a8bfec-82c9-43a3-87dd-1fc3ca9b444a marked as FAILED due to task dacd913c-b458-42ec-ac61-1d52ef3841cf failure (hard fail policy)
[2025-10-26 10:19:43] [STDERR] 2025-10-26 10:19:43,649 - gleitzeit.workers.dependency_worker - INFO - Workflow workflow-f97804eb-65c0-47e6-b084-a3262a290d98 failed with 1 failed tasks
[2025-10-26 10:19:43] [STDERR] 2025-10-26 10:19:43,650 - gleitzeit.workers.dependency_worker - INFO - Workflow workflow-3e981ec4-0543-4b72-ab0b-5cfacdaf911e marked as FAILED due to task 421cbc95-f629-4831-bc48-32877d37e7fa failure (hard fail policy)
[2025-10-26 10:19:43] [STDERR] 2025-10-26 10:19:43,650 - gleitzeit.workers.dependency_worker - INFO - Processing task failure: 7fba6e9f-5061-4cdb-a657-d1897450cd0c from workflow workflow-e3bb0d7c-8398-4f9a-9069-38389ff2fcfa
[2025-10-26 10:19:43] [STDERR] 2025-10-26 10:19:43,650 - gleitzeit.workers.dependency_worker - INFO - Processing task failure: 5e2926cc-55bc-4647-ab52-538b76830ea8 from workflow workflow-60c8b4ea-4007-4ebf-85db-e8e07a3aedd4
[2025-10-26 10:19:43] [STDERR] 2025-10-26 10:19:43,650 - gleitzeit.workers.dependency_worker - INFO - Processing workflow submission: workflow-dd2d2366-6a27-4e6d-aec6-8dce51ba5842
[2025-10-26 10:19:43] [STDERR] 2025-10-26 10:19:43,650 - gleitzeit.workers.dependency_worker - INFO - Workflow workflow-ac0fa64a-e2ed-48c7-8b7e-c504bea9ba21 marked as FAILED due to task ebd60719-cebc-4bdb-835a-415f83777b18 failure (hard fail policy)
[2025-10-26 10:19:43] [STDERR] 2025-10-26 10:19:43,650 - gleitzeit.workers.dependency_worker - INFO - Workflow workflow-d57bbad5-556f-4627-900d-10bad8240b0e failed with 1 failed tasks
[2025-10-26 10:19:43] [STDERR] 2025-10-26 10:19:43,651 - gleitzeit.workers.dependency_worker - WARNING - Task c0528038-eca8-4fb1-9c23-9e1229a93167 failed - applying HARD FAIL policy for workflow workflow-e9ee28cb-24b2-4ebb-a24e-9a7dd6e2d947
[2025-10-26 10:19:43] [STDERR] 2025-10-26 10:19:43,652 - gleitzeit.workers.dependency_worker - WARNING - Task 5e2926cc-55bc-4647-ab52-538b76830ea8 failed - applying HARD FAIL policy for workflow workflow-60c8b4ea-4007-4ebf-85db-e8e07a3aedd4
[2025-10-26 10:19:43] [STDERR] 2025-10-26 10:19:43,652 - gleitzeit.workers.dependency_worker - INFO - Workflow workflow-e9ee28cb-24b2-4ebb-a24e-9a7dd6e2d947 marked as FAILED due to task c0528038-eca8-4fb1-9c23-9e1229a93167 failure (hard fail policy)
[2025-10-26 10:19:43] [STDERR] 2025-10-26 10:19:43,653 - gleitzeit.workers.dependency_worker - INFO - Workflow workflow-60c8b4ea-4007-4ebf-85db-e8e07a3aedd4 marked as FAILED due to task 5e2926cc-55bc-4647-ab52-538b76830ea8 failure (hard fail policy)
[2025-10-26 10:19:43] [STDERR] 2025-10-26 10:19:43,653 - gleitzeit.workers.dependency_worker - INFO - Workflow workflow-e3bb0d7c-8398-4f9a-9069-38389ff2fcfa failed with 1 failed tasks
[2025-10-26 10:19:43] [STDERR] 2025-10-26 10:19:43,655 - gleitzeit.workers.dependency_worker - INFO - Emitted initial task 020d4c61-b610-41be-ae70-7721ce99f8dd to shard 2
[2025-10-26 10:19:43] [STDERR] 2025-10-26 10:19:43,658 - gleitzeit.workers.dependency_worker - INFO - Processing task failure: 102e19b5-ce25-4a70-a79b-3ff68602d772 from workflow workflow-1ced19c3-17b1-426f-b8f4-602e787255b8
[2025-10-26 10:19:43] [STDERR] 2025-10-26 10:19:43,658 - gleitzeit.workers.dependency_worker - INFO - Processing task failure: ffa559b0-77ba-4423-b510-ff642d0dca69 from workflow workflow-4ff7078b-d0df-468e-b844-42684ffaf147
[2025-10-26 10:19:43] [STDERR] 2025-10-26 10:19:43,659 - gleitzeit.workers.dependency_worker - INFO - Processing task failure: 8d6cec13-e9ff-42b4-8bc5-c191c3d74e5c from workflow workflow-27ab5a3c-f333-4c4c-9248-ee5768cd9fe7
[2025-10-26 10:19:43] [STDERR] 2025-10-26 10:19:43,659 - gleitzeit.workers.dependency_worker - INFO - Processing task failure: 997da4e7-0da9-4ac3-9f1f-a82d761a2e57 from workflow workflow-8cb2dc11-7b0e-47cc-a14f-16eb4a81c44e
[2025-10-26 10:19:43] [STDERR] 2025-10-26 10:19:43,659 - gleitzeit.workers.dependency_worker - INFO - Processing task failure: cde77e83-b676-4a43-ae69-2572320392ed from workflow workflow-63f4be6f-f0be-4f09-9c0b-da783b72f787
[2025-10-26 10:19:43] [STDERR] 2025-10-26 10:19:43,659 - gleitzeit.workers.dependency_worker - INFO - Processing task failure: eecaa547-8ef9-42a6-96cb-e5f9fce0f114 from workflow workflow-5f85e35e-cab6-44db-9522-9b08dc06bbe5
[2025-10-26 10:19:43] [STDERR] 2025-10-26 10:19:43,659 - gleitzeit.workers.dependency_worker - INFO - Processing task failure: 5863cac4-daa7-4ff5-b113-087a31bf4f66 from workflow workflow-acc5964c-c3ac-4940-8841-27d531b6e489
[2025-10-26 10:19:43] [STDERR] 2025-10-26 10:19:43,659 - gleitzeit.workers.dependency_worker - INFO - Processing task failure: fda17a44-e9e7-4715-9391-6593be288178 from workflow workflow-3755dcca-b4f5-4374-b921-8d2efc5500b2
[2025-10-26 10:19:43] [STDERR] 2025-10-26 10:19:43,659 - gleitzeit.workers.dependency_worker - INFO - Processing task failure: b5faac41-ae9d-4620-bf05-89a369415051 from workflow workflow-549e3975-f98f-4db5-95bf-1e840bc72344
[2025-10-26 10:19:43] [STDERR] 2025-10-26 10:19:43,659 - gleitzeit.workers.dependency_worker - INFO - Processing task failure: d9f4ddd0-c685-4b38-8387-7828ce234c83 from workflow workflow-8265fa90-b2e4-4119-9597-85a2f1ad933a
[2025-10-26 10:19:43] [STDERR] 2025-10-26 10:19:43,660 - gleitzeit.workers.dependency_worker - WARNING - Task 8d6cec13-e9ff-42b4-8bc5-c191c3d74e5c failed - applying HARD FAIL policy for workflow workflow-27ab5a3c-f333-4c4c-9248-ee5768cd9fe7
[2025-10-26 10:19:43] [STDERR] 2025-10-26 10:19:43,660 - gleitzeit.workers.dependency_worker - WARNING - Task 102e19b5-ce25-4a70-a79b-3ff68602d772 failed - applying HARD FAIL policy for workflow workflow-1ced19c3-17b1-426f-b8f4-602e787255b8
[2025-10-26 10:19:43] [STDERR] 2025-10-26 10:19:43,660 - gleitzeit.workers.dependency_worker - WARNING - Task 997da4e7-0da9-4ac3-9f1f-a82d761a2e57 failed - applying HARD FAIL policy for workflow workflow-8cb2dc11-7b0e-47cc-a14f-16eb4a81c44e
[2025-10-26 10:19:43] [STDERR] 2025-10-26 10:19:43,660 - gleitzeit.workers.dependency_worker - WARNING - Task b5faac41-ae9d-4620-bf05-89a369415051 failed - applying HARD FAIL policy for workflow workflow-549e3975-f98f-4db5-95bf-1e840bc72344
[2025-10-26 10:19:43] [STDERR] 2025-10-26 10:19:43,661 - gleitzeit.workers.dependency_worker - WARNING - Task eecaa547-8ef9-42a6-96cb-e5f9fce0f114 failed - applying HARD FAIL policy for workflow workflow-5f85e35e-cab6-44db-9522-9b08dc06bbe5
[2025-10-26 10:19:43] [STDERR] 2025-10-26 10:19:43,661 - gleitzeit.workers.dependency_worker - WARNING - Task 5863cac4-daa7-4ff5-b113-087a31bf4f66 failed - applying HARD FAIL policy for workflow workflow-acc5964c-c3ac-4940-8841-27d531b6e489
[2025-10-26 10:19:43] [STDERR] 2025-10-26 10:19:43,661 - gleitzeit.workers.dependency_worker - WARNING - Task fda17a44-e9e7-4715-9391-6593be288178 failed - applying HARD FAIL policy for workflow workflow-3755dcca-b4f5-4374-b921-8d2efc5500b2
[2025-10-26 10:19:43] [STDERR] 2025-10-26 10:19:43,661 - gleitzeit.workers.dependency_worker - WARNING - Task cde77e83-b676-4a43-ae69-2572320392ed failed - applying HARD FAIL policy for workflow workflow-63f4be6f-f0be-4f09-9c0b-da783b72f787
[2025-10-26 10:19:43] [STDERR] 2025-10-26 10:19:43,662 - gleitzeit.workers.dependency_worker - INFO - Workflow workflow-1ced19c3-17b1-426f-b8f4-602e787255b8 marked as FAILED due to task 102e19b5-ce25-4a70-a79b-3ff68602d772 failure (hard fail policy)
[2025-10-26 10:19:43] [STDERR] 2025-10-26 10:19:43,662 - gleitzeit.workers.dependency_worker - INFO - Workflow workflow-27ab5a3c-f333-4c4c-9248-ee5768cd9fe7 marked as FAILED due to task 8d6cec13-e9ff-42b4-8bc5-c191c3d74e5c failure (hard fail policy)
[2025-10-26 10:19:43] [STDERR] 2025-10-26 10:19:43,662 - gleitzeit.workers.dependency_worker - INFO - Workflow workflow-8cb2dc11-7b0e-47cc-a14f-16eb4a81c44e marked as FAILED due to task 997da4e7-0da9-4ac3-9f1f-a82d761a2e57 failure (hard fail policy)
[2025-10-26 10:19:43] [STDERR] 2025-10-26 10:19:43,662 - gleitzeit.workers.dependency_worker - INFO - Workflow workflow-549e3975-f98f-4db5-95bf-1e840bc72344 marked as FAILED due to task b5faac41-ae9d-4620-bf05-89a369415051 failure (hard fail policy)
[2025-10-26 10:19:43] [STDERR] 2025-10-26 10:19:43,662 - gleitzeit.workers.dependency_worker - INFO - Workflow workflow-5f85e35e-cab6-44db-9522-9b08dc06bbe5 marked as FAILED due to task eecaa547-8ef9-42a6-96cb-e5f9fce0f114 failure (hard fail policy)
[2025-10-26 10:19:43] [STDERR] 2025-10-26 10:19:43,662 - gleitzeit.workers.dependency_worker - INFO - Workflow workflow-acc5964c-c3ac-4940-8841-27d531b6e489 marked as FAILED due to task 5863cac4-daa7-4ff5-b113-087a31bf4f66 failure (hard fail policy)
[2025-10-26 10:19:43] [STDERR] 2025-10-26 10:19:43,662 - gleitzeit.workers.dependency_worker - INFO - Workflow workflow-3755dcca-b4f5-4374-b921-8d2efc5500b2 marked as FAILED due to task fda17a44-e9e7-4715-9391-6593be288178 failure (hard fail policy)
[2025-10-26 10:19:43] [STDERR] 2025-10-26 10:19:43,662 - gleitzeit.workers.dependency_worker - INFO - Workflow workflow-63f4be6f-f0be-4f09-9c0b-da783b72f787 marked as FAILED due to task cde77e83-b676-4a43-ae69-2572320392ed failure (hard fail policy)
[2025-10-26 10:19:43] [STDERR] 2025-10-26 10:19:43,662 - gleitzeit.workers.dependency_worker - INFO - Workflow workflow-4ff7078b-d0df-468e-b844-42684ffaf147 failed with 1 failed tasks
[2025-10-26 10:19:43] [STDERR] 2025-10-26 10:19:43,662 - gleitzeit.workers.dependency_worker - INFO - Processing task failure: 50bb743c-518b-483a-a406-a31f2ae5645c from workflow workflow-18f7ce3e-810b-4237-aa38-d778fbe9efe0
[2025-10-26 10:19:43] [STDERR] 2025-10-26 10:19:43,663 - gleitzeit.workers.dependency_worker - INFO - Processing task failure: 944370d2-6f7a-4d6b-b5ec-ff9ca59e7cdf from workflow workflow-20467f5c-bac1-4fac-ba27-eb90e88993e7
[2025-10-26 10:19:43] [STDERR] 2025-10-26 10:19:43,663 - gleitzeit.workers.dependency_worker - INFO - Processing task failure: dacd913c-b458-42ec-ac61-1d52ef3841cf from workflow workflow-d5a8bfec-82c9-43a3-87dd-1fc3ca9b444a
[2025-10-26 10:19:43] [STDERR] 2025-10-26 10:19:43,663 - gleitzeit.workers.dependency_worker - INFO - Workflow workflow-8265fa90-b2e4-4119-9597-85a2f1ad933a failed with 1 failed tasks
[2025-10-26 10:19:43] [STDERR] 2025-10-26 10:19:43,663 - gleitzeit.workers.dependency_worker - INFO - Processing task failure: 8fc565c3-1123-4ec1-8a23-66d6fd74035a from workflow workflow-7c33432a-18a3-41e8-9ad7-7f30db1c8a02
[2025-10-26 10:19:43] [STDERR] 2025-10-26 10:19:43,663 - gleitzeit.workers.dependency_worker - INFO - Processing task failure: 421cbc95-f629-4831-bc48-32877d37e7fa from workflow workflow-3e981ec4-0543-4b72-ab0b-5cfacdaf911e
[2025-10-26 10:19:43] [STDERR] 2025-10-26 10:19:43,663 - gleitzeit.workers.dependency_worker - INFO - Processing task failure: ebd60719-cebc-4bdb-835a-415f83777b18 from workflow workflow-ac0fa64a-e2ed-48c7-8b7e-c504bea9ba21
[2025-10-26 10:19:43] [STDERR] 2025-10-26 10:19:43,663 - gleitzeit.workers.dependency_worker - INFO - Processing task failure: 09accb22-eb49-4e1c-8d1b-03c4534a8cf7 from workflow workflow-f2cacab9-34ef-43e3-b8a5-b42fa5f17336
[2025-10-26 10:19:43] [STDERR] 2025-10-26 10:19:43,663 - gleitzeit.workers.dependency_worker - INFO - Processing task failure: fd2f280d-3dd6-496f-8850-350b72935cae from workflow workflow-4bb85579-88a5-444e-9de9-2448278cecd5
[2025-10-26 10:19:43] [STDERR] 2025-10-26 10:19:43,664 - gleitzeit.workers.dependency_worker - WARNING - Task 50bb743c-518b-483a-a406-a31f2ae5645c failed - applying HARD FAIL policy for workflow workflow-18f7ce3e-810b-4237-aa38-d778fbe9efe0
[2025-10-26 10:19:43] [STDERR] 2025-10-26 10:19:43,664 - gleitzeit.workers.dependency_worker - WARNING - Task 944370d2-6f7a-4d6b-b5ec-ff9ca59e7cdf failed - applying HARD FAIL policy for workflow workflow-20467f5c-bac1-4fac-ba27-eb90e88993e7
[2025-10-26 10:19:43] [STDERR] 2025-10-26 10:19:43,665 - gleitzeit.workers.dependency_worker - WARNING - Task 09accb22-eb49-4e1c-8d1b-03c4534a8cf7 failed - applying HARD FAIL policy for workflow workflow-f2cacab9-34ef-43e3-b8a5-b42fa5f17336
[2025-10-26 10:19:43] [STDERR] 2025-10-26 10:19:43,666 - gleitzeit.workers.dependency_worker - INFO - Processing task failure: c0528038-eca8-4fb1-9c23-9e1229a93167 from workflow workflow-e9ee28cb-24b2-4ebb-a24e-9a7dd6e2d947
[2025-10-26 10:19:43] [STDERR] 2025-10-26 10:19:43,666 - gleitzeit.workers.dependency_worker - INFO - Workflow workflow-18f7ce3e-810b-4237-aa38-d778fbe9efe0 marked as FAILED due to task 50bb743c-518b-483a-a406-a31f2ae5645c failure (hard fail policy)
[2025-10-26 10:19:43] [STDERR] 2025-10-26 10:19:43,666 - gleitzeit.workers.dependency_worker - INFO - Workflow workflow-20467f5c-bac1-4fac-ba27-eb90e88993e7 marked as FAILED due to task 944370d2-6f7a-4d6b-b5ec-ff9ca59e7cdf failure (hard fail policy)
[2025-10-26 10:19:43] [STDERR] 2025-10-26 10:19:43,666 - gleitzeit.workers.dependency_worker - INFO - Processing task failure: 5e2926cc-55bc-4647-ab52-538b76830ea8 from workflow workflow-60c8b4ea-4007-4ebf-85db-e8e07a3aedd4
[2025-10-26 10:19:43] [STDERR] 2025-10-26 10:19:43,666 - gleitzeit.workers.dependency_worker - INFO - Workflow workflow-f2cacab9-34ef-43e3-b8a5-b42fa5f17336 marked as FAILED due to task 09accb22-eb49-4e1c-8d1b-03c4534a8cf7 failure (hard fail policy)
[2025-10-26 10:19:43] [STDERR] 2025-10-26 10:19:43,666 - gleitzeit.workers.dependency_worker - INFO - Workflow workflow-7c33432a-18a3-41e8-9ad7-7f30db1c8a02 failed with 1 failed tasks
[2025-10-26 10:19:43] [STDERR] 2025-10-26 10:19:43,666 - gleitzeit.workers.dependency_worker - INFO - Workflow workflow-d5a8bfec-82c9-43a3-87dd-1fc3ca9b444a failed with 1 failed tasks
[2025-10-26 10:19:43] [STDERR] 2025-10-26 10:19:43,666 - gleitzeit.workers.dependency_worker - INFO - Workflow workflow-4bb85579-88a5-444e-9de9-2448278cecd5 failed with 1 failed tasks
[2025-10-26 10:19:43] [STDERR] 2025-10-26 10:19:43,667 - gleitzeit.workers.dependency_worker - INFO - Workflow workflow-ac0fa64a-e2ed-48c7-8b7e-c504bea9ba21 failed with 1 failed tasks
[2025-10-26 10:19:43] [STDERR] 2025-10-26 10:19:43,667 - gleitzeit.workers.dependency_worker - INFO - Workflow workflow-3e981ec4-0543-4b72-ab0b-5cfacdaf911e failed with 1 failed tasks
[2025-10-26 10:19:43] [STDERR] 2025-10-26 10:19:43,668 - gleitzeit.workers.dependency_worker - INFO - Workflow workflow-e9ee28cb-24b2-4ebb-a24e-9a7dd6e2d947 failed with 1 failed tasks
[2025-10-26 10:19:43] [STDERR] 2025-10-26 10:19:43,668 - gleitzeit.workers.dependency_worker - INFO - Workflow workflow-60c8b4ea-4007-4ebf-85db-e8e07a3aedd4 failed with 1 failed tasks
[2025-10-26 10:19:43] [STDERR] 2025-10-26 10:19:43,670 - gleitzeit.workers.dependency_worker - INFO - Processing task failure: 102e19b5-ce25-4a70-a79b-3ff68602d772 from workflow workflow-1ced19c3-17b1-426f-b8f4-602e787255b8
[2025-10-26 10:19:43] [STDERR] 2025-10-26 10:19:43,670 - gleitzeit.workers.dependency_worker - INFO - Processing task failure: 7264395c-0c2b-4983-9d62-c482c4d20ed7 from workflow workflow-4d6e318e-55c2-4842-93c2-f1bd5cf83d65
[2025-10-26 10:19:43] [STDERR] 2025-10-26 10:19:43,670 - gleitzeit.workers.dependency_worker - INFO - Processing task failure: 020d4c61-b610-41be-ae70-7721ce99f8dd from workflow workflow-dd2d2366-6a27-4e6d-aec6-8dce51ba5842
[2025-10-26 10:19:43] [STDERR] 2025-10-26 10:19:43,670 - gleitzeit.workers.dependency_worker - INFO - Processing task failure: 5fd6b871-2a37-477a-b2d5-7db0a91703fe from workflow workflow-24a0fbfe-9f8e-46f1-a67f-7de205c9112f
[2025-10-26 10:19:43] [STDERR] 2025-10-26 10:19:43,670 - gleitzeit.workers.dependency_worker - INFO - Processing task failure: 13773688-d5cf-495c-ae2f-f2c8090e7e2c from workflow workflow-5999b59c-0bc2-4cc5-8e43-560391c8ba4d
[2025-10-26 10:19:43] [STDERR] 2025-10-26 10:19:43,670 - gleitzeit.workers.dependency_worker - INFO - Processing task failure: 1536dfc3-7976-4320-ac24-2b06bf244832 from workflow workflow-5111c959-50cb-4630-8ded-cfe08a607edf
[2025-10-26 10:19:43] [STDERR] 2025-10-26 10:19:43,670 - gleitzeit.workers.dependency_worker - INFO - Processing task failure: 8d6cec13-e9ff-42b4-8bc5-c191c3d74e5c from workflow workflow-27ab5a3c-f333-4c4c-9248-ee5768cd9fe7
[2025-10-26 10:19:43] [STDERR] 2025-10-26 10:19:43,670 - gleitzeit.workers.dependency_worker - INFO - Processing task failure: 86f18e1c-dddc-46eb-a783-3c2218dafd28 from workflow workflow-f49ab453-808c-4477-990d-ae485168186c
[2025-10-26 10:19:43] [STDERR] 2025-10-26 10:19:43,670 - gleitzeit.workers.dependency_worker - INFO - Processing task failure: 997da4e7-0da9-4ac3-9f1f-a82d761a2e57 from workflow workflow-8cb2dc11-7b0e-47cc-a14f-16eb4a81c44e
[2025-10-26 10:19:43] [STDERR] 2025-10-26 10:19:43,670 - gleitzeit.workers.dependency_worker - INFO - Processing task failure: eb3b32e8-aca0-45f1-84c6-84967bec91e5 from workflow workflow-382c31be-06f4-43f2-9285-bebf5b256dca
[2025-10-26 10:19:43] [STDERR] 2025-10-26 10:19:43,671 - gleitzeit.workers.dependency_worker - WARNING - Task 020d4c61-b610-41be-ae70-7721ce99f8dd failed - applying HARD FAIL policy for workflow workflow-dd2d2366-6a27-4e6d-aec6-8dce51ba5842
[2025-10-26 10:19:43] [STDERR] 2025-10-26 10:19:43,672 - gleitzeit.workers.dependency_worker - WARNING - Task eb3b32e8-aca0-45f1-84c6-84967bec91e5 failed - applying HARD FAIL policy for workflow workflow-382c31be-06f4-43f2-9285-bebf5b256dca
[2025-10-26 10:19:43] [STDERR] 2025-10-26 10:19:43,673 - gleitzeit.workers.dependency_worker - INFO - Workflow workflow-dd2d2366-6a27-4e6d-aec6-8dce51ba5842 marked as FAILED due to task 020d4c61-b610-41be-ae70-7721ce99f8dd failure (hard fail policy)
[2025-10-26 10:19:43] [STDERR] 2025-10-26 10:19:43,673 - gleitzeit.workers.dependency_worker - INFO - Workflow workflow-382c31be-06f4-43f2-9285-bebf5b256dca marked as FAILED due to task eb3b32e8-aca0-45f1-84c6-84967bec91e5 failure (hard fail policy)
[2025-10-26 10:19:43] [STDERR] 2025-10-26 10:19:43,673 - gleitzeit.workers.dependency_worker - INFO - Workflow workflow-4d6e318e-55c2-4842-93c2-f1bd5cf83d65 failed with 1 failed tasks
[2025-10-26 10:19:43] [STDERR] 2025-10-26 10:19:43,673 - gleitzeit.workers.dependency_worker - INFO - Workflow workflow-24a0fbfe-9f8e-46f1-a67f-7de205c9112f failed with 1 failed tasks
[2025-10-26 10:19:43] [STDERR] 2025-10-26 10:19:43,673 - gleitzeit.workers.dependency_worker - INFO - Workflow workflow-1ced19c3-17b1-426f-b8f4-602e787255b8 failed with 1 failed tasks
[2025-10-26 10:19:43] [STDERR] 2025-10-26 10:19:43,673 - gleitzeit.workers.dependency_worker - INFO - Workflow workflow-f49ab453-808c-4477-990d-ae485168186c failed with 1 failed tasks
[2025-10-26 10:19:43] [STDERR] 2025-10-26 10:19:43,673 - gleitzeit.workers.dependency_worker - INFO - Workflow workflow-5111c959-50cb-4630-8ded-cfe08a607edf failed with 1 failed tasks
[2025-10-26 10:19:43] [STDERR] 2025-10-26 10:19:43,673 - gleitzeit.workers.dependency_worker - INFO - Workflow workflow-5999b59c-0bc2-4cc5-8e43-560391c8ba4d failed with 1 failed tasks
[2025-10-26 10:19:43] [STDERR] 2025-10-26 10:19:43,673 - gleitzeit.workers.dependency_worker - INFO - Workflow workflow-8cb2dc11-7b0e-47cc-a14f-16eb4a81c44e failed with 1 failed tasks
[2025-10-26 10:19:43] [STDERR] 2025-10-26 10:19:43,674 - gleitzeit.workers.dependency_worker - INFO - Workflow workflow-27ab5a3c-f333-4c4c-9248-ee5768cd9fe7 failed with 1 failed tasks
[2025-10-26 10:19:43] [STDERR] 2025-10-26 10:19:43,676 - gleitzeit.workers.dependency_worker - INFO - Processing task failure: cde77e83-b676-4a43-ae69-2572320392ed from workflow workflow-63f4be6f-f0be-4f09-9c0b-da783b72f787
[2025-10-26 10:19:43] [STDERR] 2025-10-26 10:19:43,676 - gleitzeit.workers.dependency_worker - INFO - Processing task failure: eecaa547-8ef9-42a6-96cb-e5f9fce0f114 from workflow workflow-5f85e35e-cab6-44db-9522-9b08dc06bbe5
[2025-10-26 10:19:43] [STDERR] 2025-10-26 10:19:43,676 - gleitzeit.workers.dependency_worker - INFO - Processing task failure: fda17a44-e9e7-4715-9391-6593be288178 from workflow workflow-3755dcca-b4f5-4374-b921-8d2efc5500b2
[2025-10-26 10:19:43] [STDERR] 2025-10-26 10:19:43,677 - gleitzeit.workers.dependency_worker - INFO - Workflow workflow-63f4be6f-f0be-4f09-9c0b-da783b72f787 failed with 1 failed tasks
[2025-10-26 10:19:43] [STDERR] 2025-10-26 10:19:43,677 - gleitzeit.workers.dependency_worker - INFO - Workflow workflow-3755dcca-b4f5-4374-b921-8d2efc5500b2 failed with 1 failed tasks
[2025-10-26 10:19:43] [STDERR] 2025-10-26 10:19:43,677 - gleitzeit.workers.dependency_worker - INFO - Workflow workflow-5f85e35e-cab6-44db-9522-9b08dc06bbe5 failed with 1 failed tasks
[2025-10-26 10:19:43] [STDERR] 2025-10-26 10:19:43,678 - gleitzeit.workers.dependency_worker - INFO - Processing task failure: 5863cac4-daa7-4ff5-b113-087a31bf4f66 from workflow workflow-acc5964c-c3ac-4940-8841-27d531b6e489
[2025-10-26 10:19:43] [STDERR] 2025-10-26 10:19:43,679 - gleitzeit.workers.dependency_worker - INFO - Processing task failure: b5faac41-ae9d-4620-bf05-89a369415051 from workflow workflow-549e3975-f98f-4db5-95bf-1e840bc72344
[2025-10-26 10:19:43] [STDERR] 2025-10-26 10:19:43,679 - gleitzeit.workers.dependency_worker - INFO - Processing task failure: 50bb743c-518b-483a-a406-a31f2ae5645c from workflow workflow-18f7ce3e-810b-4237-aa38-d778fbe9efe0
[2025-10-26 10:19:43] [STDERR] 2025-10-26 10:19:43,680 - gleitzeit.workers.dependency_worker - INFO - Workflow workflow-acc5964c-c3ac-4940-8841-27d531b6e489 failed with 1 failed tasks
[2025-10-26 10:19:43] [STDERR] 2025-10-26 10:19:43,680 - gleitzeit.workers.dependency_worker - INFO - Workflow workflow-549e3975-f98f-4db5-95bf-1e840bc72344 failed with 1 failed tasks
[2025-10-26 10:19:43] [STDERR] 2025-10-26 10:19:43,680 - gleitzeit.workers.dependency_worker - INFO - Workflow workflow-18f7ce3e-810b-4237-aa38-d778fbe9efe0 failed with 1 failed tasks
[2025-10-26 10:19:43] [STDERR] 2025-10-26 10:19:43,681 - gleitzeit.workers.dependency_worker - INFO - Processing task failure: 944370d2-6f7a-4d6b-b5ec-ff9ca59e7cdf from workflow workflow-20467f5c-bac1-4fac-ba27-eb90e88993e7
[2025-10-26 10:19:43] [STDERR] 2025-10-26 10:19:43,681 - gleitzeit.workers.dependency_worker - INFO - Processing task failure: eb3b32e8-aca0-45f1-84c6-84967bec91e5 from workflow workflow-382c31be-06f4-43f2-9285-bebf5b256dca
[2025-10-26 10:19:43] [STDERR] 2025-10-26 10:19:43,681 - gleitzeit.workers.dependency_worker - INFO - Processing task failure: 09accb22-eb49-4e1c-8d1b-03c4534a8cf7 from workflow workflow-f2cacab9-34ef-43e3-b8a5-b42fa5f17336
[2025-10-26 10:19:43] [STDERR] 2025-10-26 10:19:43,682 - gleitzeit.workers.dependency_worker - INFO - Workflow workflow-20467f5c-bac1-4fac-ba27-eb90e88993e7 failed with 1 failed tasks
[2025-10-26 10:19:43] [STDERR] 2025-10-26 10:19:43,682 - gleitzeit.workers.dependency_worker - INFO - Workflow workflow-f2cacab9-34ef-43e3-b8a5-b42fa5f17336 failed with 1 failed tasks
[2025-10-26 10:19:43] [STDERR] 2025-10-26 10:19:43,682 - gleitzeit.workers.dependency_worker - INFO - Workflow workflow-382c31be-06f4-43f2-9285-bebf5b256dca failed with 1 failed tasks
[2025-10-26 10:19:43] [STDERR] 2025-10-26 10:19:43,683 - gleitzeit.workers.dependency_worker - INFO - Processing task failure: 020d4c61-b610-41be-ae70-7721ce99f8dd from workflow workflow-dd2d2366-6a27-4e6d-aec6-8dce51ba5842
[2025-10-26 10:19:43] [STDERR] 2025-10-26 10:19:43,684 - gleitzeit.workers.dependency_worker - INFO - Workflow workflow-dd2d2366-6a27-4e6d-aec6-8dce51ba5842 failed with 1 failed tasks
[2025-10-26 14:43:34] [STDERR] 2025-10-26 14:43:34,385 - dependency.dependency-async - INFO - Shutdown signal received for dependency-async
[2025-10-26 14:43:38] [STDERR] 2025-10-26 14:43:38,889 - gleitzeit.core.redis_cluster - INFO - Redis connections closed
[2025-10-26 14:43:38] [STDERR] 2025-10-26 14:43:38,889 - dependency.dependency-async - INFO - Worker dependency-async cleaned up
