[2025-11-04 18:17:01] [STDERR] 2025-11-04 18:17:01,808 - __main__ - INFO - Initialized worker instance identity: gleitzei-031eebbc
[2025-11-04 18:17:01] [STDERR] 2025-11-04 18:17:01,808 - __main__ - INFO - Loading configuration from Redis key: worker:config:signal-async:8031945e
[2025-11-04 18:17:01] [STDERR] 2025-11-04 18:17:01,810 - __main__ - INFO - Loaded config for worker signal-async
[2025-11-04 18:17:01] [STDERR] 2025-11-04 18:17:01,811 - __main__ - INFO - Worker signal-async handler configs: ['python/v1', 'ollama/v1', 'http/v1', 'file/v1', 'timer/v1', 'signal/v1', 'workflow/v1']
[2025-11-04 18:17:01] [STDERR] 2025-11-04 18:17:01,811 - gleitzeit.core.redis_cluster - INFO - Redis single instance initialized at localhost:6379
[2025-11-04 18:17:01] [STDERR] 2025-11-04 18:17:01,811 - gleitzeit.workers.signal_worker - INFO - SignalWorker initialized with atomic leader election and event store
[2025-11-04 18:17:01] [STDERR] 2025-11-04 18:17:01,813 - signal.signal-async - INFO - Worker signal-async initialized with Redis Cluster, shards [0, 1, 2, 3, 4, 5, 6, 7, 8, 9, 10, 11, 12, 13, 14, 15]
[2025-11-04 18:17:01] [STDERR] 2025-11-04 18:17:01,813 - __main__ - INFO - Worker signal-async started successfully
[2025-11-04 18:17:01] [STDERR] 2025-11-04 18:17:01,813 - __main__ - INFO - Handler configurations loaded for: ['python/v1', 'ollama/v1', 'http/v1', 'file/v1', 'timer/v1', 'signal/v1', 'workflow/v1']
[2025-11-04 18:17:01] [STDERR] 2025-11-04 18:17:01,813 - gleitzeit.workers.signal_worker - INFO - Worker signal-async starting with consumer group signal-group
[2025-11-04 18:17:01] [STDERR] 2025-11-04 18:17:01,813 - gleitzeit.workers.signal_worker - INFO - Starting atomic leader election loop for signal-async
[2025-11-04 18:17:01] [STDERR] 2025-11-04 18:17:01,813 - gleitzeit.workers.signal_worker - INFO - Signal processing loop started for signal-async
[2025-11-04 18:17:01] [STDERR] 2025-11-04 18:17:01,813 - gleitzeit.workers.signal_worker - INFO - Signal processing loop iteration 1
[2025-11-04 18:17:01] [STDERR] 2025-11-04 18:17:01,814 - gleitzeit.core.leader_election - INFO - Worker signal-async became leader for {shard:0}:global:signal:leader
[2025-11-04 18:17:01] [STDERR] 2025-11-04 18:17:01,814 - gleitzeit.workers.signal_worker - INFO - Worker signal-async became signal leader
[2025-11-04 18:17:02] [STDERR] 2025-11-04 18:17:02,314 - gleitzeit.workers.signal_worker - INFO - Signal processing loop iteration 2
[2025-11-04 18:17:02] [STDERR] 2025-11-04 18:17:02,324 - gleitzeit.workers.signal_worker - INFO - SignalWorker found 2 signals in global registry
[2025-11-04 18:17:02] [STDERR] 2025-11-04 18:17:02,324 - gleitzeit.workers.signal_worker - INFO - Processing registry entry: workflow=workflow-72d17d06-2a7c-4814-9916-9321dfc74316, signal=workflow-completed
[2025-11-04 18:17:02] [STDERR] 2025-11-04 18:17:02,324 - gleitzeit.workers.signal_worker - INFO - No waiters for signal workflow-completed in workflow workflow-72d17d06-2a7c-4814-9916-9321dfc74316 - keeping in registry
[2025-11-04 18:17:02] [STDERR] 2025-11-04 18:17:02,324 - gleitzeit.workers.signal_worker - INFO - Processing registry entry: workflow=workflow-72d17d06-2a7c-4814-9916-9321dfc74316, signal=processing-complete
[2025-11-04 18:17:02] [STDERR] 2025-11-04 18:17:02,324 - gleitzeit.workers.signal_worker - INFO - No waiters for signal processing-complete in workflow workflow-72d17d06-2a7c-4814-9916-9321dfc74316 - keeping in registry
[2025-11-04 18:17:02] [STDERR] 2025-11-04 18:17:02,826 - gleitzeit.workers.signal_worker - INFO - Signal processing loop iteration 3
[2025-11-04 18:17:02] [STDERR] 2025-11-04 18:17:02,835 - gleitzeit.workers.signal_worker - INFO - SignalWorker found 2 signals in global registry
[2025-11-04 18:17:02] [STDERR] 2025-11-04 18:17:02,836 - gleitzeit.workers.signal_worker - INFO - Processing registry entry: workflow=workflow-72d17d06-2a7c-4814-9916-9321dfc74316, signal=workflow-completed
[2025-11-04 18:17:02] [STDERR] 2025-11-04 18:17:02,836 - gleitzeit.workers.signal_worker - INFO - No waiters for signal workflow-completed in workflow workflow-72d17d06-2a7c-4814-9916-9321dfc74316 - keeping in registry
[2025-11-04 18:17:02] [STDERR] 2025-11-04 18:17:02,836 - gleitzeit.workers.signal_worker - INFO - Processing registry entry: workflow=workflow-72d17d06-2a7c-4814-9916-9321dfc74316, signal=processing-complete
[2025-11-04 18:17:02] [STDERR] 2025-11-04 18:17:02,836 - gleitzeit.workers.signal_worker - INFO - No waiters for signal processing-complete in workflow workflow-72d17d06-2a7c-4814-9916-9321dfc74316 - keeping in registry
[2025-11-04 18:17:03] [STDERR] 2025-11-04 18:17:03,348 - gleitzeit.workers.signal_worker - INFO - SignalWorker found 2 signals in global registry
[2025-11-04 18:17:03] [STDERR] 2025-11-04 18:17:03,348 - gleitzeit.workers.signal_worker - INFO - Processing registry entry: workflow=workflow-72d17d06-2a7c-4814-9916-9321dfc74316, signal=workflow-completed
[2025-11-04 18:17:03] [STDERR] 2025-11-04 18:17:03,348 - gleitzeit.workers.signal_worker - INFO - No waiters for signal workflow-completed in workflow workflow-72d17d06-2a7c-4814-9916-9321dfc74316 - keeping in registry
[2025-11-04 18:17:03] [STDERR] 2025-11-04 18:17:03,348 - gleitzeit.workers.signal_worker - INFO - Processing registry entry: workflow=workflow-72d17d06-2a7c-4814-9916-9321dfc74316, signal=processing-complete
[2025-11-04 18:17:03] [STDERR] 2025-11-04 18:17:03,348 - gleitzeit.workers.signal_worker - INFO - No waiters for signal processing-complete in workflow workflow-72d17d06-2a7c-4814-9916-9321dfc74316 - keeping in registry
[2025-11-04 18:17:03] [STDERR] 2025-11-04 18:17:03,855 - gleitzeit.workers.signal_worker - INFO - SignalWorker found 2 signals in global registry
[2025-11-04 18:17:03] [STDERR] 2025-11-04 18:17:03,855 - gleitzeit.workers.signal_worker - INFO - Processing registry entry: workflow=workflow-72d17d06-2a7c-4814-9916-9321dfc74316, signal=workflow-completed
[2025-11-04 18:17:03] [STDERR] 2025-11-04 18:17:03,855 - gleitzeit.workers.signal_worker - INFO - No waiters for signal workflow-completed in workflow workflow-72d17d06-2a7c-4814-9916-9321dfc74316 - keeping in registry
[2025-11-04 18:17:03] [STDERR] 2025-11-04 18:17:03,855 - gleitzeit.workers.signal_worker - INFO - Processing registry entry: workflow=workflow-72d17d06-2a7c-4814-9916-9321dfc74316, signal=processing-complete
[2025-11-04 18:17:03] [STDERR] 2025-11-04 18:17:03,855 - gleitzeit.workers.signal_worker - INFO - No waiters for signal processing-complete in workflow workflow-72d17d06-2a7c-4814-9916-9321dfc74316 - keeping in registry
[2025-11-04 18:17:04] [STDERR] 2025-11-04 18:17:04,367 - gleitzeit.workers.signal_worker - INFO - SignalWorker found 2 signals in global registry
[2025-11-04 18:17:04] [STDERR] 2025-11-04 18:17:04,367 - gleitzeit.workers.signal_worker - INFO - Processing registry entry: workflow=workflow-72d17d06-2a7c-4814-9916-9321dfc74316, signal=workflow-completed
[2025-11-04 18:17:04] [STDERR] 2025-11-04 18:17:04,367 - gleitzeit.workers.signal_worker - INFO - No waiters for signal workflow-completed in workflow workflow-72d17d06-2a7c-4814-9916-9321dfc74316 - keeping in registry
[2025-11-04 18:17:04] [STDERR] 2025-11-04 18:17:04,367 - gleitzeit.workers.signal_worker - INFO - Processing registry entry: workflow=workflow-72d17d06-2a7c-4814-9916-9321dfc74316, signal=processing-complete
[2025-11-04 18:17:04] [STDERR] 2025-11-04 18:17:04,367 - gleitzeit.workers.signal_worker - INFO - No waiters for signal processing-complete in workflow workflow-72d17d06-2a7c-4814-9916-9321dfc74316 - keeping in registry
[2025-11-04 18:17:04] [STDERR] 2025-11-04 18:17:04,873 - gleitzeit.workers.signal_worker - INFO - SignalWorker found 2 signals in global registry
[2025-11-04 18:17:04] [STDERR] 2025-11-04 18:17:04,873 - gleitzeit.workers.signal_worker - INFO - Processing registry entry: workflow=workflow-72d17d06-2a7c-4814-9916-9321dfc74316, signal=workflow-completed
[2025-11-04 18:17:04] [STDERR] 2025-11-04 18:17:04,873 - gleitzeit.workers.signal_worker - INFO - No waiters for signal workflow-completed in workflow workflow-72d17d06-2a7c-4814-9916-9321dfc74316 - keeping in registry
[2025-11-04 18:17:04] [STDERR] 2025-11-04 18:17:04,873 - gleitzeit.workers.signal_worker - INFO - Processing registry entry: workflow=workflow-72d17d06-2a7c-4814-9916-9321dfc74316, signal=processing-complete
[2025-11-04 18:17:04] [STDERR] 2025-11-04 18:17:04,874 - gleitzeit.workers.signal_worker - INFO - No waiters for signal processing-complete in workflow workflow-72d17d06-2a7c-4814-9916-9321dfc74316 - keeping in registry
[2025-11-04 18:17:05] [STDERR] 2025-11-04 18:17:05,386 - gleitzeit.workers.signal_worker - INFO - SignalWorker found 2 signals in global registry
[2025-11-04 18:17:05] [STDERR] 2025-11-04 18:17:05,386 - gleitzeit.workers.signal_worker - INFO - Processing registry entry: workflow=workflow-72d17d06-2a7c-4814-9916-9321dfc74316, signal=workflow-completed
[2025-11-04 18:17:05] [STDERR] 2025-11-04 18:17:05,386 - gleitzeit.workers.signal_worker - INFO - No waiters for signal workflow-completed in workflow workflow-72d17d06-2a7c-4814-9916-9321dfc74316 - keeping in registry
[2025-11-04 18:17:05] [STDERR] 2025-11-04 18:17:05,386 - gleitzeit.workers.signal_worker - INFO - Processing registry entry: workflow=workflow-72d17d06-2a7c-4814-9916-9321dfc74316, signal=processing-complete
[2025-11-04 18:17:05] [STDERR] 2025-11-04 18:17:05,386 - gleitzeit.workers.signal_worker - INFO - No waiters for signal processing-complete in workflow workflow-72d17d06-2a7c-4814-9916-9321dfc74316 - keeping in registry
[2025-11-04 18:17:05] [STDERR] 2025-11-04 18:17:05,895 - gleitzeit.workers.signal_worker - INFO - SignalWorker found 2 signals in global registry
[2025-11-04 18:17:05] [STDERR] 2025-11-04 18:17:05,895 - gleitzeit.workers.signal_worker - INFO - Processing registry entry: workflow=workflow-72d17d06-2a7c-4814-9916-9321dfc74316, signal=workflow-completed
[2025-11-04 18:17:05] [STDERR] 2025-11-04 18:17:05,895 - gleitzeit.workers.signal_worker - INFO - No waiters for signal workflow-completed in workflow workflow-72d17d06-2a7c-4814-9916-9321dfc74316 - keeping in registry
[2025-11-04 18:17:05] [STDERR] 2025-11-04 18:17:05,895 - gleitzeit.workers.signal_worker - INFO - Processing registry entry: workflow=workflow-72d17d06-2a7c-4814-9916-9321dfc74316, signal=processing-complete
[2025-11-04 18:17:05] [STDERR] 2025-11-04 18:17:05,895 - gleitzeit.workers.signal_worker - INFO - No waiters for signal processing-complete in workflow workflow-72d17d06-2a7c-4814-9916-9321dfc74316 - keeping in registry
[2025-11-04 18:17:06] [STDERR] 2025-11-04 18:17:06,409 - gleitzeit.workers.signal_worker - INFO - SignalWorker found 2 signals in global registry
[2025-11-04 18:17:06] [STDERR] 2025-11-04 18:17:06,409 - gleitzeit.workers.signal_worker - INFO - Processing registry entry: workflow=workflow-72d17d06-2a7c-4814-9916-9321dfc74316, signal=workflow-completed
[2025-11-04 18:17:06] [STDERR] 2025-11-04 18:17:06,410 - gleitzeit.workers.signal_worker - INFO - No waiters for signal workflow-completed in workflow workflow-72d17d06-2a7c-4814-9916-9321dfc74316 - keeping in registry
[2025-11-04 18:17:06] [STDERR] 2025-11-04 18:17:06,410 - gleitzeit.workers.signal_worker - INFO - Processing registry entry: workflow=workflow-72d17d06-2a7c-4814-9916-9321dfc74316, signal=processing-complete
[2025-11-04 18:17:06] [STDERR] 2025-11-04 18:17:06,410 - gleitzeit.workers.signal_worker - INFO - No waiters for signal processing-complete in workflow workflow-72d17d06-2a7c-4814-9916-9321dfc74316 - keeping in registry
[2025-11-04 18:17:06] [STDERR] 2025-11-04 18:17:06,921 - gleitzeit.workers.signal_worker - INFO - SignalWorker found 2 signals in global registry
[2025-11-04 18:17:06] [STDERR] 2025-11-04 18:17:06,921 - gleitzeit.workers.signal_worker - INFO - Processing registry entry: workflow=workflow-72d17d06-2a7c-4814-9916-9321dfc74316, signal=workflow-completed
[2025-11-04 18:17:06] [STDERR] 2025-11-04 18:17:06,921 - gleitzeit.workers.signal_worker - INFO - No waiters for signal workflow-completed in workflow workflow-72d17d06-2a7c-4814-9916-9321dfc74316 - keeping in registry
[2025-11-04 18:17:06] [STDERR] 2025-11-04 18:17:06,921 - gleitzeit.workers.signal_worker - INFO - Processing registry entry: workflow=workflow-72d17d06-2a7c-4814-9916-9321dfc74316, signal=processing-complete
[2025-11-04 18:17:06] [STDERR] 2025-11-04 18:17:06,921 - gleitzeit.workers.signal_worker - INFO - No waiters for signal processing-complete in workflow workflow-72d17d06-2a7c-4814-9916-9321dfc74316 - keeping in registry
[2025-11-04 18:17:07] [STDERR] 2025-11-04 18:17:07,432 - gleitzeit.workers.signal_worker - INFO - SignalWorker found 2 signals in global registry
[2025-11-04 18:17:07] [STDERR] 2025-11-04 18:17:07,432 - gleitzeit.workers.signal_worker - INFO - Processing registry entry: workflow=workflow-72d17d06-2a7c-4814-9916-9321dfc74316, signal=workflow-completed
[2025-11-04 18:17:07] [STDERR] 2025-11-04 18:17:07,432 - gleitzeit.workers.signal_worker - INFO - No waiters for signal workflow-completed in workflow workflow-72d17d06-2a7c-4814-9916-9321dfc74316 - keeping in registry
[2025-11-04 18:17:07] [STDERR] 2025-11-04 18:17:07,432 - gleitzeit.workers.signal_worker - INFO - Processing registry entry: workflow=workflow-72d17d06-2a7c-4814-9916-9321dfc74316, signal=processing-complete
[2025-11-04 18:17:07] [STDERR] 2025-11-04 18:17:07,432 - gleitzeit.workers.signal_worker - INFO - No waiters for signal processing-complete in workflow workflow-72d17d06-2a7c-4814-9916-9321dfc74316 - keeping in registry
[2025-11-04 18:17:07] [STDERR] 2025-11-04 18:17:07,951 - gleitzeit.workers.signal_worker - INFO - SignalWorker found 2 signals in global registry
[2025-11-04 18:17:07] [STDERR] 2025-11-04 18:17:07,951 - gleitzeit.workers.signal_worker - INFO - Processing registry entry: workflow=workflow-72d17d06-2a7c-4814-9916-9321dfc74316, signal=workflow-completed
[2025-11-04 18:17:07] [STDERR] 2025-11-04 18:17:07,952 - gleitzeit.workers.signal_worker - INFO - No waiters for signal workflow-completed in workflow workflow-72d17d06-2a7c-4814-9916-9321dfc74316 - keeping in registry
[2025-11-04 18:17:07] [STDERR] 2025-11-04 18:17:07,952 - gleitzeit.workers.signal_worker - INFO - Processing registry entry: workflow=workflow-72d17d06-2a7c-4814-9916-9321dfc74316, signal=processing-complete
[2025-11-04 18:17:07] [STDERR] 2025-11-04 18:17:07,952 - gleitzeit.workers.signal_worker - INFO - No waiters for signal processing-complete in workflow workflow-72d17d06-2a7c-4814-9916-9321dfc74316 - keeping in registry
[2025-11-04 18:17:08] [STDERR] 2025-11-04 18:17:08,470 - gleitzeit.workers.signal_worker - INFO - SignalWorker found 2 signals in global registry
[2025-11-04 18:17:08] [STDERR] 2025-11-04 18:17:08,470 - gleitzeit.workers.signal_worker - INFO - Processing registry entry: workflow=workflow-72d17d06-2a7c-4814-9916-9321dfc74316, signal=workflow-completed
[2025-11-04 18:17:08] [STDERR] 2025-11-04 18:17:08,470 - gleitzeit.workers.signal_worker - INFO - No waiters for signal workflow-completed in workflow workflow-72d17d06-2a7c-4814-9916-9321dfc74316 - keeping in registry
[2025-11-04 18:17:08] [STDERR] 2025-11-04 18:17:08,470 - gleitzeit.workers.signal_worker - INFO - Processing registry entry: workflow=workflow-72d17d06-2a7c-4814-9916-9321dfc74316, signal=processing-complete
[2025-11-04 18:17:08] [STDERR] 2025-11-04 18:17:08,470 - gleitzeit.workers.signal_worker - INFO - No waiters for signal processing-complete in workflow workflow-72d17d06-2a7c-4814-9916-9321dfc74316 - keeping in registry
[2025-11-04 18:17:08] [STDERR] 2025-11-04 18:17:08,990 - gleitzeit.workers.signal_worker - INFO - SignalWorker found 2 signals in global registry
[2025-11-04 18:17:08] [STDERR] 2025-11-04 18:17:08,990 - gleitzeit.workers.signal_worker - INFO - Processing registry entry: workflow=workflow-72d17d06-2a7c-4814-9916-9321dfc74316, signal=workflow-completed
[2025-11-04 18:17:08] [STDERR] 2025-11-04 18:17:08,991 - gleitzeit.workers.signal_worker - INFO - No waiters for signal workflow-completed in workflow workflow-72d17d06-2a7c-4814-9916-9321dfc74316 - keeping in registry
[2025-11-04 18:17:08] [STDERR] 2025-11-04 18:17:08,991 - gleitzeit.workers.signal_worker - INFO - Processing registry entry: workflow=workflow-72d17d06-2a7c-4814-9916-9321dfc74316, signal=processing-complete
[2025-11-04 18:17:08] [STDERR] 2025-11-04 18:17:08,991 - gleitzeit.workers.signal_worker - INFO - No waiters for signal processing-complete in workflow workflow-72d17d06-2a7c-4814-9916-9321dfc74316 - keeping in registry
[2025-11-04 18:17:09] [STDERR] 2025-11-04 18:17:09,505 - gleitzeit.workers.signal_worker - INFO - SignalWorker found 2 signals in global registry
[2025-11-04 18:17:09] [STDERR] 2025-11-04 18:17:09,505 - gleitzeit.workers.signal_worker - INFO - Processing registry entry: workflow=workflow-72d17d06-2a7c-4814-9916-9321dfc74316, signal=workflow-completed
[2025-11-04 18:17:09] [STDERR] 2025-11-04 18:17:09,505 - gleitzeit.workers.signal_worker - INFO - No waiters for signal workflow-completed in workflow workflow-72d17d06-2a7c-4814-9916-9321dfc74316 - keeping in registry
[2025-11-04 18:17:09] [STDERR] 2025-11-04 18:17:09,505 - gleitzeit.workers.signal_worker - INFO - Processing registry entry: workflow=workflow-72d17d06-2a7c-4814-9916-9321dfc74316, signal=processing-complete
[2025-11-04 18:17:09] [STDERR] 2025-11-04 18:17:09,506 - gleitzeit.workers.signal_worker - INFO - No waiters for signal processing-complete in workflow workflow-72d17d06-2a7c-4814-9916-9321dfc74316 - keeping in registry
[2025-11-04 18:17:10] [STDERR] 2025-11-04 18:17:10,023 - gleitzeit.workers.signal_worker - INFO - SignalWorker found 2 signals in global registry
[2025-11-04 18:17:10] [STDERR] 2025-11-04 18:17:10,023 - gleitzeit.workers.signal_worker - INFO - Processing registry entry: workflow=workflow-72d17d06-2a7c-4814-9916-9321dfc74316, signal=workflow-completed
[2025-11-04 18:17:10] [STDERR] 2025-11-04 18:17:10,023 - gleitzeit.workers.signal_worker - INFO - No waiters for signal workflow-completed in workflow workflow-72d17d06-2a7c-4814-9916-9321dfc74316 - keeping in registry
[2025-11-04 18:17:10] [STDERR] 2025-11-04 18:17:10,023 - gleitzeit.workers.signal_worker - INFO - Processing registry entry: workflow=workflow-72d17d06-2a7c-4814-9916-9321dfc74316, signal=processing-complete
[2025-11-04 18:17:10] [STDERR] 2025-11-04 18:17:10,023 - gleitzeit.workers.signal_worker - INFO - No waiters for signal processing-complete in workflow workflow-72d17d06-2a7c-4814-9916-9321dfc74316 - keeping in registry
[2025-11-04 18:17:10] [STDERR] 2025-11-04 18:17:10,531 - gleitzeit.workers.signal_worker - INFO - SignalWorker found 2 signals in global registry
[2025-11-04 18:17:10] [STDERR] 2025-11-04 18:17:10,531 - gleitzeit.workers.signal_worker - INFO - Processing registry entry: workflow=workflow-72d17d06-2a7c-4814-9916-9321dfc74316, signal=workflow-completed
[2025-11-04 18:17:10] [STDERR] 2025-11-04 18:17:10,531 - gleitzeit.workers.signal_worker - INFO - No waiters for signal workflow-completed in workflow workflow-72d17d06-2a7c-4814-9916-9321dfc74316 - keeping in registry
[2025-11-04 18:17:10] [STDERR] 2025-11-04 18:17:10,531 - gleitzeit.workers.signal_worker - INFO - Processing registry entry: workflow=workflow-72d17d06-2a7c-4814-9916-9321dfc74316, signal=processing-complete
[2025-11-04 18:17:10] [STDERR] 2025-11-04 18:17:10,531 - gleitzeit.workers.signal_worker - INFO - No waiters for signal processing-complete in workflow workflow-72d17d06-2a7c-4814-9916-9321dfc74316 - keeping in registry
[2025-11-04 18:17:11] [STDERR] 2025-11-04 18:17:11,046 - gleitzeit.workers.signal_worker - INFO - SignalWorker found 2 signals in global registry
[2025-11-04 18:17:11] [STDERR] 2025-11-04 18:17:11,046 - gleitzeit.workers.signal_worker - INFO - Processing registry entry: workflow=workflow-72d17d06-2a7c-4814-9916-9321dfc74316, signal=workflow-completed
[2025-11-04 18:17:11] [STDERR] 2025-11-04 18:17:11,046 - gleitzeit.workers.signal_worker - INFO - No waiters for signal workflow-completed in workflow workflow-72d17d06-2a7c-4814-9916-9321dfc74316 - keeping in registry
[2025-11-04 18:17:11] [STDERR] 2025-11-04 18:17:11,046 - gleitzeit.workers.signal_worker - INFO - Processing registry entry: workflow=workflow-72d17d06-2a7c-4814-9916-9321dfc74316, signal=processing-complete
[2025-11-04 18:17:11] [STDERR] 2025-11-04 18:17:11,046 - gleitzeit.workers.signal_worker - INFO - No waiters for signal processing-complete in workflow workflow-72d17d06-2a7c-4814-9916-9321dfc74316 - keeping in registry
[2025-11-04 18:17:11] [STDERR] 2025-11-04 18:17:11,547 - gleitzeit.workers.signal_worker - INFO - Signal processing loop iteration 20
[2025-11-04 18:17:11] [STDERR] 2025-11-04 18:17:11,552 - gleitzeit.workers.signal_worker - INFO - SignalWorker found 2 signals in global registry
[2025-11-04 18:17:11] [STDERR] 2025-11-04 18:17:11,552 - gleitzeit.workers.signal_worker - INFO - Processing registry entry: workflow=workflow-72d17d06-2a7c-4814-9916-9321dfc74316, signal=workflow-completed
[2025-11-04 18:17:11] [STDERR] 2025-11-04 18:17:11,552 - gleitzeit.workers.signal_worker - INFO - No waiters for signal workflow-completed in workflow workflow-72d17d06-2a7c-4814-9916-9321dfc74316 - keeping in registry
[2025-11-04 18:17:11] [STDERR] 2025-11-04 18:17:11,552 - gleitzeit.workers.signal_worker - INFO - Processing registry entry: workflow=workflow-72d17d06-2a7c-4814-9916-9321dfc74316, signal=processing-complete
[2025-11-04 18:17:11] [STDERR] 2025-11-04 18:17:11,552 - gleitzeit.workers.signal_worker - INFO - No waiters for signal processing-complete in workflow workflow-72d17d06-2a7c-4814-9916-9321dfc74316 - keeping in registry
[2025-11-04 18:17:12] [STDERR] 2025-11-04 18:17:12,069 - gleitzeit.workers.signal_worker - INFO - SignalWorker found 2 signals in global registry
[2025-11-04 18:17:12] [STDERR] 2025-11-04 18:17:12,070 - gleitzeit.workers.signal_worker - INFO - Processing registry entry: workflow=workflow-72d17d06-2a7c-4814-9916-9321dfc74316, signal=workflow-completed
[2025-11-04 18:17:12] [STDERR] 2025-11-04 18:17:12,070 - gleitzeit.workers.signal_worker - INFO - No waiters for signal workflow-completed in workflow workflow-72d17d06-2a7c-4814-9916-9321dfc74316 - keeping in registry
[2025-11-04 18:17:12] [STDERR] 2025-11-04 18:17:12,070 - gleitzeit.workers.signal_worker - INFO - Processing registry entry: workflow=workflow-72d17d06-2a7c-4814-9916-9321dfc74316, signal=processing-complete
[2025-11-04 18:17:12] [STDERR] 2025-11-04 18:17:12,070 - gleitzeit.workers.signal_worker - INFO - No waiters for signal processing-complete in workflow workflow-72d17d06-2a7c-4814-9916-9321dfc74316 - keeping in registry
[2025-11-04 18:17:12] [STDERR] 2025-11-04 18:17:12,578 - gleitzeit.workers.signal_worker - INFO - SignalWorker found 2 signals in global registry
[2025-11-04 18:17:12] [STDERR] 2025-11-04 18:17:12,578 - gleitzeit.workers.signal_worker - INFO - Processing registry entry: workflow=workflow-72d17d06-2a7c-4814-9916-9321dfc74316, signal=workflow-completed
[2025-11-04 18:17:12] [STDERR] 2025-11-04 18:17:12,578 - gleitzeit.workers.signal_worker - INFO - No waiters for signal workflow-completed in workflow workflow-72d17d06-2a7c-4814-9916-9321dfc74316 - keeping in registry
[2025-11-04 18:17:12] [STDERR] 2025-11-04 18:17:12,578 - gleitzeit.workers.signal_worker - INFO - Processing registry entry: workflow=workflow-72d17d06-2a7c-4814-9916-9321dfc74316, signal=processing-complete
[2025-11-04 18:17:12] [STDERR] 2025-11-04 18:17:12,578 - gleitzeit.workers.signal_worker - INFO - No waiters for signal processing-complete in workflow workflow-72d17d06-2a7c-4814-9916-9321dfc74316 - keeping in registry
[2025-11-04 18:17:13] [STDERR] 2025-11-04 18:17:13,091 - gleitzeit.workers.signal_worker - INFO - SignalWorker found 2 signals in global registry
[2025-11-04 18:17:13] [STDERR] 2025-11-04 18:17:13,091 - gleitzeit.workers.signal_worker - INFO - Processing registry entry: workflow=workflow-72d17d06-2a7c-4814-9916-9321dfc74316, signal=workflow-completed
[2025-11-04 18:17:13] [STDERR] 2025-11-04 18:17:13,092 - gleitzeit.workers.signal_worker - INFO - No waiters for signal workflow-completed in workflow workflow-72d17d06-2a7c-4814-9916-9321dfc74316 - keeping in registry
[2025-11-04 18:17:13] [STDERR] 2025-11-04 18:17:13,092 - gleitzeit.workers.signal_worker - INFO - Processing registry entry: workflow=workflow-72d17d06-2a7c-4814-9916-9321dfc74316, signal=processing-complete
[2025-11-04 18:17:13] [STDERR] 2025-11-04 18:17:13,092 - gleitzeit.workers.signal_worker - INFO - No waiters for signal processing-complete in workflow workflow-72d17d06-2a7c-4814-9916-9321dfc74316 - keeping in registry
[2025-11-04 18:17:13] [STDERR] 2025-11-04 18:17:13,609 - gleitzeit.workers.signal_worker - INFO - SignalWorker found 2 signals in global registry
[2025-11-04 18:17:13] [STDERR] 2025-11-04 18:17:13,610 - gleitzeit.workers.signal_worker - INFO - Processing registry entry: workflow=workflow-72d17d06-2a7c-4814-9916-9321dfc74316, signal=workflow-completed
[2025-11-04 18:17:13] [STDERR] 2025-11-04 18:17:13,610 - gleitzeit.workers.signal_worker - INFO - No waiters for signal workflow-completed in workflow workflow-72d17d06-2a7c-4814-9916-9321dfc74316 - keeping in registry
[2025-11-04 18:17:13] [STDERR] 2025-11-04 18:17:13,610 - gleitzeit.workers.signal_worker - INFO - Processing registry entry: workflow=workflow-72d17d06-2a7c-4814-9916-9321dfc74316, signal=processing-complete
[2025-11-04 18:17:13] [STDERR] 2025-11-04 18:17:13,610 - gleitzeit.workers.signal_worker - INFO - No waiters for signal processing-complete in workflow workflow-72d17d06-2a7c-4814-9916-9321dfc74316 - keeping in registry
[2025-11-04 18:17:14] [STDERR] 2025-11-04 18:17:14,127 - gleitzeit.workers.signal_worker - INFO - SignalWorker found 2 signals in global registry
[2025-11-04 18:17:14] [STDERR] 2025-11-04 18:17:14,127 - gleitzeit.workers.signal_worker - INFO - Processing registry entry: workflow=workflow-72d17d06-2a7c-4814-9916-9321dfc74316, signal=workflow-completed
[2025-11-04 18:17:14] [STDERR] 2025-11-04 18:17:14,127 - gleitzeit.workers.signal_worker - INFO - No waiters for signal workflow-completed in workflow workflow-72d17d06-2a7c-4814-9916-9321dfc74316 - keeping in registry
[2025-11-04 18:17:14] [STDERR] 2025-11-04 18:17:14,127 - gleitzeit.workers.signal_worker - INFO - Processing registry entry: workflow=workflow-72d17d06-2a7c-4814-9916-9321dfc74316, signal=processing-complete
[2025-11-04 18:17:14] [STDERR] 2025-11-04 18:17:14,128 - gleitzeit.workers.signal_worker - INFO - No waiters for signal processing-complete in workflow workflow-72d17d06-2a7c-4814-9916-9321dfc74316 - keeping in registry
[2025-11-04 18:17:14] [STDERR] 2025-11-04 18:17:14,639 - gleitzeit.workers.signal_worker - INFO - SignalWorker found 2 signals in global registry
[2025-11-04 18:17:14] [STDERR] 2025-11-04 18:17:14,639 - gleitzeit.workers.signal_worker - INFO - Processing registry entry: workflow=workflow-72d17d06-2a7c-4814-9916-9321dfc74316, signal=workflow-completed
[2025-11-04 18:17:14] [STDERR] 2025-11-04 18:17:14,639 - gleitzeit.workers.signal_worker - INFO - No waiters for signal workflow-completed in workflow workflow-72d17d06-2a7c-4814-9916-9321dfc74316 - keeping in registry
[2025-11-04 18:17:14] [STDERR] 2025-11-04 18:17:14,639 - gleitzeit.workers.signal_worker - INFO - Processing registry entry: workflow=workflow-72d17d06-2a7c-4814-9916-9321dfc74316, signal=processing-complete
[2025-11-04 18:17:14] [STDERR] 2025-11-04 18:17:14,640 - gleitzeit.workers.signal_worker - INFO - No waiters for signal processing-complete in workflow workflow-72d17d06-2a7c-4814-9916-9321dfc74316 - keeping in registry
[2025-11-04 18:17:15] [STDERR] 2025-11-04 18:17:15,158 - gleitzeit.workers.signal_worker - INFO - SignalWorker found 2 signals in global registry
[2025-11-04 18:17:15] [STDERR] 2025-11-04 18:17:15,159 - gleitzeit.workers.signal_worker - INFO - Processing registry entry: workflow=workflow-72d17d06-2a7c-4814-9916-9321dfc74316, signal=workflow-completed
[2025-11-04 18:17:15] [STDERR] 2025-11-04 18:17:15,159 - gleitzeit.workers.signal_worker - INFO - No waiters for signal workflow-completed in workflow workflow-72d17d06-2a7c-4814-9916-9321dfc74316 - keeping in registry
[2025-11-04 18:17:15] [STDERR] 2025-11-04 18:17:15,159 - gleitzeit.workers.signal_worker - INFO - Processing registry entry: workflow=workflow-72d17d06-2a7c-4814-9916-9321dfc74316, signal=processing-complete
[2025-11-04 18:17:15] [STDERR] 2025-11-04 18:17:15,159 - gleitzeit.workers.signal_worker - INFO - No waiters for signal processing-complete in workflow workflow-72d17d06-2a7c-4814-9916-9321dfc74316 - keeping in registry
[2025-11-04 18:17:15] [STDERR] 2025-11-04 18:17:15,671 - gleitzeit.workers.signal_worker - INFO - SignalWorker found 2 signals in global registry
[2025-11-04 18:17:15] [STDERR] 2025-11-04 18:17:15,671 - gleitzeit.workers.signal_worker - INFO - Processing registry entry: workflow=workflow-72d17d06-2a7c-4814-9916-9321dfc74316, signal=workflow-completed
[2025-11-04 18:17:15] [STDERR] 2025-11-04 18:17:15,671 - gleitzeit.workers.signal_worker - INFO - No waiters for signal workflow-completed in workflow workflow-72d17d06-2a7c-4814-9916-9321dfc74316 - keeping in registry
[2025-11-04 18:17:15] [STDERR] 2025-11-04 18:17:15,671 - gleitzeit.workers.signal_worker - INFO - Processing registry entry: workflow=workflow-72d17d06-2a7c-4814-9916-9321dfc74316, signal=processing-complete
[2025-11-04 18:17:15] [STDERR] 2025-11-04 18:17:15,671 - gleitzeit.workers.signal_worker - INFO - No waiters for signal processing-complete in workflow workflow-72d17d06-2a7c-4814-9916-9321dfc74316 - keeping in registry
[2025-11-04 18:17:16] [STDERR] 2025-11-04 18:17:16,177 - gleitzeit.workers.signal_worker - INFO - SignalWorker found 2 signals in global registry
[2025-11-04 18:17:16] [STDERR] 2025-11-04 18:17:16,177 - gleitzeit.workers.signal_worker - INFO - Processing registry entry: workflow=workflow-72d17d06-2a7c-4814-9916-9321dfc74316, signal=workflow-completed
[2025-11-04 18:17:16] [STDERR] 2025-11-04 18:17:16,177 - gleitzeit.workers.signal_worker - INFO - No waiters for signal workflow-completed in workflow workflow-72d17d06-2a7c-4814-9916-9321dfc74316 - keeping in registry
[2025-11-04 18:17:16] [STDERR] 2025-11-04 18:17:16,177 - gleitzeit.workers.signal_worker - INFO - Processing registry entry: workflow=workflow-72d17d06-2a7c-4814-9916-9321dfc74316, signal=processing-complete
[2025-11-04 18:17:16] [STDERR] 2025-11-04 18:17:16,177 - gleitzeit.workers.signal_worker - INFO - No waiters for signal processing-complete in workflow workflow-72d17d06-2a7c-4814-9916-9321dfc74316 - keeping in registry
[2025-11-04 18:17:16] [STDERR] 2025-11-04 18:17:16,693 - gleitzeit.workers.signal_worker - INFO - SignalWorker found 2 signals in global registry
[2025-11-04 18:17:16] [STDERR] 2025-11-04 18:17:16,694 - gleitzeit.workers.signal_worker - INFO - Processing registry entry: workflow=workflow-72d17d06-2a7c-4814-9916-9321dfc74316, signal=workflow-completed
[2025-11-04 18:17:16] [STDERR] 2025-11-04 18:17:16,694 - gleitzeit.workers.signal_worker - INFO - No waiters for signal workflow-completed in workflow workflow-72d17d06-2a7c-4814-9916-9321dfc74316 - keeping in registry
[2025-11-04 18:17:16] [STDERR] 2025-11-04 18:17:16,694 - gleitzeit.workers.signal_worker - INFO - Processing registry entry: workflow=workflow-72d17d06-2a7c-4814-9916-9321dfc74316, signal=processing-complete
[2025-11-04 18:17:16] [STDERR] 2025-11-04 18:17:16,694 - gleitzeit.workers.signal_worker - INFO - No waiters for signal processing-complete in workflow workflow-72d17d06-2a7c-4814-9916-9321dfc74316 - keeping in registry
[2025-11-04 18:17:17] [STDERR] 2025-11-04 18:17:17,202 - gleitzeit.workers.signal_worker - INFO - SignalWorker found 2 signals in global registry
[2025-11-04 18:17:17] [STDERR] 2025-11-04 18:17:17,202 - gleitzeit.workers.signal_worker - INFO - Processing registry entry: workflow=workflow-72d17d06-2a7c-4814-9916-9321dfc74316, signal=workflow-completed
[2025-11-04 18:17:17] [STDERR] 2025-11-04 18:17:17,203 - gleitzeit.workers.signal_worker - INFO - No waiters for signal workflow-completed in workflow workflow-72d17d06-2a7c-4814-9916-9321dfc74316 - keeping in registry
[2025-11-04 18:17:17] [STDERR] 2025-11-04 18:17:17,203 - gleitzeit.workers.signal_worker - INFO - Processing registry entry: workflow=workflow-72d17d06-2a7c-4814-9916-9321dfc74316, signal=processing-complete
[2025-11-04 18:17:17] [STDERR] 2025-11-04 18:17:17,203 - gleitzeit.workers.signal_worker - INFO - No waiters for signal processing-complete in workflow workflow-72d17d06-2a7c-4814-9916-9321dfc74316 - keeping in registry
[2025-11-04 18:17:17] [STDERR] 2025-11-04 18:17:17,717 - gleitzeit.workers.signal_worker - INFO - SignalWorker found 2 signals in global registry
[2025-11-04 18:17:17] [STDERR] 2025-11-04 18:17:17,717 - gleitzeit.workers.signal_worker - INFO - Processing registry entry: workflow=workflow-72d17d06-2a7c-4814-9916-9321dfc74316, signal=workflow-completed
[2025-11-04 18:17:17] [STDERR] 2025-11-04 18:17:17,717 - gleitzeit.workers.signal_worker - INFO - No waiters for signal workflow-completed in workflow workflow-72d17d06-2a7c-4814-9916-9321dfc74316 - keeping in registry
[2025-11-04 18:17:17] [STDERR] 2025-11-04 18:17:17,717 - gleitzeit.workers.signal_worker - INFO - Processing registry entry: workflow=workflow-72d17d06-2a7c-4814-9916-9321dfc74316, signal=processing-complete
[2025-11-04 18:17:17] [STDERR] 2025-11-04 18:17:17,717 - gleitzeit.workers.signal_worker - INFO - No waiters for signal processing-complete in workflow workflow-72d17d06-2a7c-4814-9916-9321dfc74316 - keeping in registry
[2025-11-04 18:17:18] [STDERR] 2025-11-04 18:17:18,222 - gleitzeit.workers.signal_worker - INFO - SignalWorker found 2 signals in global registry
[2025-11-04 18:17:18] [STDERR] 2025-11-04 18:17:18,222 - gleitzeit.workers.signal_worker - INFO - Processing registry entry: workflow=workflow-72d17d06-2a7c-4814-9916-9321dfc74316, signal=workflow-completed
[2025-11-04 18:17:18] [STDERR] 2025-11-04 18:17:18,222 - gleitzeit.workers.signal_worker - INFO - No waiters for signal workflow-completed in workflow workflow-72d17d06-2a7c-4814-9916-9321dfc74316 - keeping in registry
[2025-11-04 18:17:18] [STDERR] 2025-11-04 18:17:18,222 - gleitzeit.workers.signal_worker - INFO - Processing registry entry: workflow=workflow-72d17d06-2a7c-4814-9916-9321dfc74316, signal=processing-complete
[2025-11-04 18:17:18] [STDERR] 2025-11-04 18:17:18,223 - gleitzeit.workers.signal_worker - INFO - No waiters for signal processing-complete in workflow workflow-72d17d06-2a7c-4814-9916-9321dfc74316 - keeping in registry
[2025-11-04 18:17:18] [STDERR] 2025-11-04 18:17:18,737 - gleitzeit.workers.signal_worker - INFO - SignalWorker found 2 signals in global registry
[2025-11-04 18:17:18] [STDERR] 2025-11-04 18:17:18,737 - gleitzeit.workers.signal_worker - INFO - Processing registry entry: workflow=workflow-72d17d06-2a7c-4814-9916-9321dfc74316, signal=workflow-completed
[2025-11-04 18:17:18] [STDERR] 2025-11-04 18:17:18,737 - gleitzeit.workers.signal_worker - INFO - No waiters for signal workflow-completed in workflow workflow-72d17d06-2a7c-4814-9916-9321dfc74316 - keeping in registry
[2025-11-04 18:17:18] [STDERR] 2025-11-04 18:17:18,737 - gleitzeit.workers.signal_worker - INFO - Processing registry entry: workflow=workflow-72d17d06-2a7c-4814-9916-9321dfc74316, signal=processing-complete
[2025-11-04 18:17:18] [STDERR] 2025-11-04 18:17:18,737 - gleitzeit.workers.signal_worker - INFO - No waiters for signal processing-complete in workflow workflow-72d17d06-2a7c-4814-9916-9321dfc74316 - keeping in registry
[2025-11-04 18:17:19] [STDERR] 2025-11-04 18:17:19,245 - gleitzeit.workers.signal_worker - INFO - SignalWorker found 2 signals in global registry
[2025-11-04 18:17:19] [STDERR] 2025-11-04 18:17:19,245 - gleitzeit.workers.signal_worker - INFO - Processing registry entry: workflow=workflow-72d17d06-2a7c-4814-9916-9321dfc74316, signal=workflow-completed
[2025-11-04 18:17:19] [STDERR] 2025-11-04 18:17:19,245 - gleitzeit.workers.signal_worker - INFO - No waiters for signal workflow-completed in workflow workflow-72d17d06-2a7c-4814-9916-9321dfc74316 - keeping in registry
[2025-11-04 18:17:19] [STDERR] 2025-11-04 18:17:19,245 - gleitzeit.workers.signal_worker - INFO - Processing registry entry: workflow=workflow-72d17d06-2a7c-4814-9916-9321dfc74316, signal=processing-complete
[2025-11-04 18:17:19] [STDERR] 2025-11-04 18:17:19,246 - gleitzeit.workers.signal_worker - INFO - No waiters for signal processing-complete in workflow workflow-72d17d06-2a7c-4814-9916-9321dfc74316 - keeping in registry
[2025-11-04 18:17:19] [STDERR] 2025-11-04 18:17:19,767 - gleitzeit.workers.signal_worker - INFO - SignalWorker found 2 signals in global registry
[2025-11-04 18:17:19] [STDERR] 2025-11-04 18:17:19,767 - gleitzeit.workers.signal_worker - INFO - Processing registry entry: workflow=workflow-72d17d06-2a7c-4814-9916-9321dfc74316, signal=workflow-completed
[2025-11-04 18:17:19] [STDERR] 2025-11-04 18:17:19,768 - gleitzeit.workers.signal_worker - INFO - No waiters for signal workflow-completed in workflow workflow-72d17d06-2a7c-4814-9916-9321dfc74316 - keeping in registry
[2025-11-04 18:17:19] [STDERR] 2025-11-04 18:17:19,768 - gleitzeit.workers.signal_worker - INFO - Processing registry entry: workflow=workflow-72d17d06-2a7c-4814-9916-9321dfc74316, signal=processing-complete
[2025-11-04 18:17:19] [STDERR] 2025-11-04 18:17:19,768 - gleitzeit.workers.signal_worker - INFO - No waiters for signal processing-complete in workflow workflow-72d17d06-2a7c-4814-9916-9321dfc74316 - keeping in registry
[2025-11-04 18:17:20] [STDERR] 2025-11-04 18:17:20,287 - gleitzeit.workers.signal_worker - INFO - SignalWorker found 2 signals in global registry
[2025-11-04 18:17:20] [STDERR] 2025-11-04 18:17:20,287 - gleitzeit.workers.signal_worker - INFO - Processing registry entry: workflow=workflow-72d17d06-2a7c-4814-9916-9321dfc74316, signal=workflow-completed
[2025-11-04 18:17:20] [STDERR] 2025-11-04 18:17:20,287 - gleitzeit.workers.signal_worker - INFO - No waiters for signal workflow-completed in workflow workflow-72d17d06-2a7c-4814-9916-9321dfc74316 - keeping in registry
[2025-11-04 18:17:20] [STDERR] 2025-11-04 18:17:20,287 - gleitzeit.workers.signal_worker - INFO - Processing registry entry: workflow=workflow-72d17d06-2a7c-4814-9916-9321dfc74316, signal=processing-complete
[2025-11-04 18:17:20] [STDERR] 2025-11-04 18:17:20,288 - gleitzeit.workers.signal_worker - INFO - No waiters for signal processing-complete in workflow workflow-72d17d06-2a7c-4814-9916-9321dfc74316 - keeping in registry
[2025-11-04 18:17:20] [STDERR] 2025-11-04 18:17:20,806 - gleitzeit.workers.signal_worker - INFO - SignalWorker found 2 signals in global registry
[2025-11-04 18:17:20] [STDERR] 2025-11-04 18:17:20,806 - gleitzeit.workers.signal_worker - INFO - Processing registry entry: workflow=workflow-72d17d06-2a7c-4814-9916-9321dfc74316, signal=workflow-completed
[2025-11-04 18:17:20] [STDERR] 2025-11-04 18:17:20,806 - gleitzeit.workers.signal_worker - INFO - No waiters for signal workflow-completed in workflow workflow-72d17d06-2a7c-4814-9916-9321dfc74316 - keeping in registry
[2025-11-04 18:17:20] [STDERR] 2025-11-04 18:17:20,806 - gleitzeit.workers.signal_worker - INFO - Processing registry entry: workflow=workflow-72d17d06-2a7c-4814-9916-9321dfc74316, signal=processing-complete
[2025-11-04 18:17:20] [STDERR] 2025-11-04 18:17:20,806 - gleitzeit.workers.signal_worker - INFO - No waiters for signal processing-complete in workflow workflow-72d17d06-2a7c-4814-9916-9321dfc74316 - keeping in registry
[2025-11-04 18:17:21] [STDERR] 2025-11-04 18:17:21,318 - gleitzeit.workers.signal_worker - INFO - SignalWorker found 2 signals in global registry
[2025-11-04 18:17:21] [STDERR] 2025-11-04 18:17:21,318 - gleitzeit.workers.signal_worker - INFO - Processing registry entry: workflow=workflow-72d17d06-2a7c-4814-9916-9321dfc74316, signal=workflow-completed
[2025-11-04 18:17:21] [STDERR] 2025-11-04 18:17:21,318 - gleitzeit.workers.signal_worker - INFO - No waiters for signal workflow-completed in workflow workflow-72d17d06-2a7c-4814-9916-9321dfc74316 - keeping in registry
[2025-11-04 18:17:21] [STDERR] 2025-11-04 18:17:21,318 - gleitzeit.workers.signal_worker - INFO - Processing registry entry: workflow=workflow-72d17d06-2a7c-4814-9916-9321dfc74316, signal=processing-complete
[2025-11-04 18:17:21] [STDERR] 2025-11-04 18:17:21,318 - gleitzeit.workers.signal_worker - INFO - No waiters for signal processing-complete in workflow workflow-72d17d06-2a7c-4814-9916-9321dfc74316 - keeping in registry
[2025-11-04 18:17:21] [STDERR] 2025-11-04 18:17:21,819 - gleitzeit.workers.signal_worker - INFO - Signal processing loop iteration 40
[2025-11-04 18:17:21] [STDERR] 2025-11-04 18:17:21,830 - gleitzeit.workers.signal_worker - INFO - SignalWorker found 2 signals in global registry
[2025-11-04 18:17:21] [STDERR] 2025-11-04 18:17:21,830 - gleitzeit.workers.signal_worker - INFO - Processing registry entry: workflow=workflow-72d17d06-2a7c-4814-9916-9321dfc74316, signal=workflow-completed
[2025-11-04 18:17:21] [STDERR] 2025-11-04 18:17:21,830 - gleitzeit.workers.signal_worker - INFO - No waiters for signal workflow-completed in workflow workflow-72d17d06-2a7c-4814-9916-9321dfc74316 - keeping in registry
[2025-11-04 18:17:21] [STDERR] 2025-11-04 18:17:21,830 - gleitzeit.workers.signal_worker - INFO - Processing registry entry: workflow=workflow-72d17d06-2a7c-4814-9916-9321dfc74316, signal=processing-complete
[2025-11-04 18:17:21] [STDERR] 2025-11-04 18:17:21,831 - gleitzeit.workers.signal_worker - INFO - No waiters for signal processing-complete in workflow workflow-72d17d06-2a7c-4814-9916-9321dfc74316 - keeping in registry
[2025-11-04 18:17:22] [STDERR] 2025-11-04 18:17:22,342 - gleitzeit.workers.signal_worker - INFO - SignalWorker found 2 signals in global registry
[2025-11-04 18:17:22] [STDERR] 2025-11-04 18:17:22,342 - gleitzeit.workers.signal_worker - INFO - Processing registry entry: workflow=workflow-72d17d06-2a7c-4814-9916-9321dfc74316, signal=workflow-completed
[2025-11-04 18:17:22] [STDERR] 2025-11-04 18:17:22,342 - gleitzeit.workers.signal_worker - INFO - No waiters for signal workflow-completed in workflow workflow-72d17d06-2a7c-4814-9916-9321dfc74316 - keeping in registry
[2025-11-04 18:17:22] [STDERR] 2025-11-04 18:17:22,342 - gleitzeit.workers.signal_worker - INFO - Processing registry entry: workflow=workflow-72d17d06-2a7c-4814-9916-9321dfc74316, signal=processing-complete
[2025-11-04 18:17:22] [STDERR] 2025-11-04 18:17:22,342 - gleitzeit.workers.signal_worker - INFO - No waiters for signal processing-complete in workflow workflow-72d17d06-2a7c-4814-9916-9321dfc74316 - keeping in registry
[2025-11-04 18:17:22] [STDERR] 2025-11-04 18:17:22,856 - gleitzeit.workers.signal_worker - INFO - SignalWorker found 2 signals in global registry
[2025-11-04 18:17:22] [STDERR] 2025-11-04 18:17:22,856 - gleitzeit.workers.signal_worker - INFO - Processing registry entry: workflow=workflow-72d17d06-2a7c-4814-9916-9321dfc74316, signal=workflow-completed
[2025-11-04 18:17:22] [STDERR] 2025-11-04 18:17:22,856 - gleitzeit.workers.signal_worker - INFO - No waiters for signal workflow-completed in workflow workflow-72d17d06-2a7c-4814-9916-9321dfc74316 - keeping in registry
[2025-11-04 18:17:22] [STDERR] 2025-11-04 18:17:22,856 - gleitzeit.workers.signal_worker - INFO - Processing registry entry: workflow=workflow-72d17d06-2a7c-4814-9916-9321dfc74316, signal=processing-complete
[2025-11-04 18:17:22] [STDERR] 2025-11-04 18:17:22,856 - gleitzeit.workers.signal_worker - INFO - No waiters for signal processing-complete in workflow workflow-72d17d06-2a7c-4814-9916-9321dfc74316 - keeping in registry
[2025-11-04 18:17:23] [STDERR] 2025-11-04 18:17:23,374 - gleitzeit.workers.signal_worker - INFO - SignalWorker found 2 signals in global registry
[2025-11-04 18:17:23] [STDERR] 2025-11-04 18:17:23,374 - gleitzeit.workers.signal_worker - INFO - Processing registry entry: workflow=workflow-72d17d06-2a7c-4814-9916-9321dfc74316, signal=workflow-completed
[2025-11-04 18:17:23] [STDERR] 2025-11-04 18:17:23,374 - gleitzeit.workers.signal_worker - INFO - No waiters for signal workflow-completed in workflow workflow-72d17d06-2a7c-4814-9916-9321dfc74316 - keeping in registry
[2025-11-04 18:17:23] [STDERR] 2025-11-04 18:17:23,374 - gleitzeit.workers.signal_worker - INFO - Processing registry entry: workflow=workflow-72d17d06-2a7c-4814-9916-9321dfc74316, signal=processing-complete
[2025-11-04 18:17:23] [STDERR] 2025-11-04 18:17:23,374 - gleitzeit.workers.signal_worker - INFO - No waiters for signal processing-complete in workflow workflow-72d17d06-2a7c-4814-9916-9321dfc74316 - keeping in registry
[2025-11-04 18:17:23] [STDERR] 2025-11-04 18:17:23,882 - gleitzeit.workers.signal_worker - INFO - SignalWorker found 2 signals in global registry
[2025-11-04 18:17:23] [STDERR] 2025-11-04 18:17:23,882 - gleitzeit.workers.signal_worker - INFO - Processing registry entry: workflow=workflow-72d17d06-2a7c-4814-9916-9321dfc74316, signal=workflow-completed
[2025-11-04 18:17:23] [STDERR] 2025-11-04 18:17:23,882 - gleitzeit.workers.signal_worker - INFO - No waiters for signal workflow-completed in workflow workflow-72d17d06-2a7c-4814-9916-9321dfc74316 - keeping in registry
[2025-11-04 18:17:23] [STDERR] 2025-11-04 18:17:23,882 - gleitzeit.workers.signal_worker - INFO - Processing registry entry: workflow=workflow-72d17d06-2a7c-4814-9916-9321dfc74316, signal=processing-complete
[2025-11-04 18:17:23] [STDERR] 2025-11-04 18:17:23,882 - gleitzeit.workers.signal_worker - INFO - No waiters for signal processing-complete in workflow workflow-72d17d06-2a7c-4814-9916-9321dfc74316 - keeping in registry
[2025-11-04 18:17:24] [STDERR] 2025-11-04 18:17:24,401 - gleitzeit.workers.signal_worker - INFO - SignalWorker found 2 signals in global registry
[2025-11-04 18:17:24] [STDERR] 2025-11-04 18:17:24,401 - gleitzeit.workers.signal_worker - INFO - Processing registry entry: workflow=workflow-72d17d06-2a7c-4814-9916-9321dfc74316, signal=workflow-completed
[2025-11-04 18:17:24] [STDERR] 2025-11-04 18:17:24,401 - gleitzeit.workers.signal_worker - INFO - No waiters for signal workflow-completed in workflow workflow-72d17d06-2a7c-4814-9916-9321dfc74316 - keeping in registry
[2025-11-04 18:17:24] [STDERR] 2025-11-04 18:17:24,401 - gleitzeit.workers.signal_worker - INFO - Processing registry entry: workflow=workflow-72d17d06-2a7c-4814-9916-9321dfc74316, signal=processing-complete
[2025-11-04 18:17:24] [STDERR] 2025-11-04 18:17:24,402 - gleitzeit.workers.signal_worker - INFO - No waiters for signal processing-complete in workflow workflow-72d17d06-2a7c-4814-9916-9321dfc74316 - keeping in registry
[2025-11-04 18:17:24] [STDERR] 2025-11-04 18:17:24,907 - gleitzeit.workers.signal_worker - INFO - SignalWorker found 2 signals in global registry
[2025-11-04 18:17:24] [STDERR] 2025-11-04 18:17:24,907 - gleitzeit.workers.signal_worker - INFO - Processing registry entry: workflow=workflow-72d17d06-2a7c-4814-9916-9321dfc74316, signal=workflow-completed
[2025-11-04 18:17:24] [STDERR] 2025-11-04 18:17:24,907 - gleitzeit.workers.signal_worker - INFO - No waiters for signal workflow-completed in workflow workflow-72d17d06-2a7c-4814-9916-9321dfc74316 - keeping in registry
[2025-11-04 18:17:24] [STDERR] 2025-11-04 18:17:24,907 - gleitzeit.workers.signal_worker - INFO - Processing registry entry: workflow=workflow-72d17d06-2a7c-4814-9916-9321dfc74316, signal=processing-complete
[2025-11-04 18:17:24] [STDERR] 2025-11-04 18:17:24,908 - gleitzeit.workers.signal_worker - INFO - No waiters for signal processing-complete in workflow workflow-72d17d06-2a7c-4814-9916-9321dfc74316 - keeping in registry
[2025-11-04 18:17:25] [STDERR] 2025-11-04 18:17:25,427 - gleitzeit.workers.signal_worker - INFO - SignalWorker found 2 signals in global registry
[2025-11-04 18:17:25] [STDERR] 2025-11-04 18:17:25,427 - gleitzeit.workers.signal_worker - INFO - Processing registry entry: workflow=workflow-72d17d06-2a7c-4814-9916-9321dfc74316, signal=workflow-completed
[2025-11-04 18:17:25] [STDERR] 2025-11-04 18:17:25,427 - gleitzeit.workers.signal_worker - INFO - No waiters for signal workflow-completed in workflow workflow-72d17d06-2a7c-4814-9916-9321dfc74316 - keeping in registry
[2025-11-04 18:17:25] [STDERR] 2025-11-04 18:17:25,428 - gleitzeit.workers.signal_worker - INFO - Processing registry entry: workflow=workflow-72d17d06-2a7c-4814-9916-9321dfc74316, signal=processing-complete
[2025-11-04 18:17:25] [STDERR] 2025-11-04 18:17:25,428 - gleitzeit.workers.signal_worker - INFO - No waiters for signal processing-complete in workflow workflow-72d17d06-2a7c-4814-9916-9321dfc74316 - keeping in registry
[2025-11-04 18:17:25] [STDERR] 2025-11-04 18:17:25,936 - gleitzeit.workers.signal_worker - INFO - SignalWorker found 2 signals in global registry
[2025-11-04 18:17:25] [STDERR] 2025-11-04 18:17:25,936 - gleitzeit.workers.signal_worker - INFO - Processing registry entry: workflow=workflow-72d17d06-2a7c-4814-9916-9321dfc74316, signal=workflow-completed
[2025-11-04 18:17:25] [STDERR] 2025-11-04 18:17:25,936 - gleitzeit.workers.signal_worker - INFO - No waiters for signal workflow-completed in workflow workflow-72d17d06-2a7c-4814-9916-9321dfc74316 - keeping in registry
[2025-11-04 18:17:25] [STDERR] 2025-11-04 18:17:25,936 - gleitzeit.workers.signal_worker - INFO - Processing registry entry: workflow=workflow-72d17d06-2a7c-4814-9916-9321dfc74316, signal=processing-complete
[2025-11-04 18:17:25] [STDERR] 2025-11-04 18:17:25,936 - gleitzeit.workers.signal_worker - INFO - No waiters for signal processing-complete in workflow workflow-72d17d06-2a7c-4814-9916-9321dfc74316 - keeping in registry
[2025-11-04 18:17:26] [STDERR] 2025-11-04 18:17:26,463 - gleitzeit.workers.signal_worker - INFO - SignalWorker found 2 signals in global registry
[2025-11-04 18:17:26] [STDERR] 2025-11-04 18:17:26,463 - gleitzeit.workers.signal_worker - INFO - Processing registry entry: workflow=workflow-72d17d06-2a7c-4814-9916-9321dfc74316, signal=workflow-completed
[2025-11-04 18:17:26] [STDERR] 2025-11-04 18:17:26,463 - gleitzeit.workers.signal_worker - INFO - No waiters for signal workflow-completed in workflow workflow-72d17d06-2a7c-4814-9916-9321dfc74316 - keeping in registry
[2025-11-04 18:17:26] [STDERR] 2025-11-04 18:17:26,463 - gleitzeit.workers.signal_worker - INFO - Processing registry entry: workflow=workflow-72d17d06-2a7c-4814-9916-9321dfc74316, signal=processing-complete
[2025-11-04 18:17:26] [STDERR] 2025-11-04 18:17:26,464 - gleitzeit.workers.signal_worker - INFO - No waiters for signal processing-complete in workflow workflow-72d17d06-2a7c-4814-9916-9321dfc74316 - keeping in registry
[2025-11-04 18:17:26] [STDERR] 2025-11-04 18:17:26,978 - gleitzeit.workers.signal_worker - INFO - SignalWorker found 2 signals in global registry
[2025-11-04 18:17:26] [STDERR] 2025-11-04 18:17:26,979 - gleitzeit.workers.signal_worker - INFO - Processing registry entry: workflow=workflow-72d17d06-2a7c-4814-9916-9321dfc74316, signal=workflow-completed
[2025-11-04 18:17:26] [STDERR] 2025-11-04 18:17:26,979 - gleitzeit.workers.signal_worker - INFO - No waiters for signal workflow-completed in workflow workflow-72d17d06-2a7c-4814-9916-9321dfc74316 - keeping in registry
[2025-11-04 18:17:26] [STDERR] 2025-11-04 18:17:26,979 - gleitzeit.workers.signal_worker - INFO - Processing registry entry: workflow=workflow-72d17d06-2a7c-4814-9916-9321dfc74316, signal=processing-complete
[2025-11-04 18:17:26] [STDERR] 2025-11-04 18:17:26,979 - gleitzeit.workers.signal_worker - INFO - No waiters for signal processing-complete in workflow workflow-72d17d06-2a7c-4814-9916-9321dfc74316 - keeping in registry
[2025-11-04 18:17:27] [STDERR] 2025-11-04 18:17:27,496 - gleitzeit.workers.signal_worker - INFO - SignalWorker found 2 signals in global registry
[2025-11-04 18:17:27] [STDERR] 2025-11-04 18:17:27,496 - gleitzeit.workers.signal_worker - INFO - Processing registry entry: workflow=workflow-72d17d06-2a7c-4814-9916-9321dfc74316, signal=workflow-completed
[2025-11-04 18:17:27] [STDERR] 2025-11-04 18:17:27,496 - gleitzeit.workers.signal_worker - INFO - No waiters for signal workflow-completed in workflow workflow-72d17d06-2a7c-4814-9916-9321dfc74316 - keeping in registry
[2025-11-04 18:17:27] [STDERR] 2025-11-04 18:17:27,496 - gleitzeit.workers.signal_worker - INFO - Processing registry entry: workflow=workflow-72d17d06-2a7c-4814-9916-9321dfc74316, signal=processing-complete
[2025-11-04 18:17:27] [STDERR] 2025-11-04 18:17:27,496 - gleitzeit.workers.signal_worker - INFO - No waiters for signal processing-complete in workflow workflow-72d17d06-2a7c-4814-9916-9321dfc74316 - keeping in registry
[2025-11-04 18:17:28] [STDERR] 2025-11-04 18:17:28,007 - gleitzeit.workers.signal_worker - INFO - SignalWorker found 2 signals in global registry
[2025-11-04 18:17:28] [STDERR] 2025-11-04 18:17:28,007 - gleitzeit.workers.signal_worker - INFO - Processing registry entry: workflow=workflow-72d17d06-2a7c-4814-9916-9321dfc74316, signal=workflow-completed
[2025-11-04 18:17:28] [STDERR] 2025-11-04 18:17:28,007 - gleitzeit.workers.signal_worker - INFO - No waiters for signal workflow-completed in workflow workflow-72d17d06-2a7c-4814-9916-9321dfc74316 - keeping in registry
[2025-11-04 18:17:28] [STDERR] 2025-11-04 18:17:28,007 - gleitzeit.workers.signal_worker - INFO - Processing registry entry: workflow=workflow-72d17d06-2a7c-4814-9916-9321dfc74316, signal=processing-complete
[2025-11-04 18:17:28] [STDERR] 2025-11-04 18:17:28,007 - gleitzeit.workers.signal_worker - INFO - No waiters for signal processing-complete in workflow workflow-72d17d06-2a7c-4814-9916-9321dfc74316 - keeping in registry
[2025-11-04 18:17:28] [STDERR] 2025-11-04 18:17:28,524 - gleitzeit.workers.signal_worker - INFO - SignalWorker found 2 signals in global registry
[2025-11-04 18:17:28] [STDERR] 2025-11-04 18:17:28,524 - gleitzeit.workers.signal_worker - INFO - Processing registry entry: workflow=workflow-72d17d06-2a7c-4814-9916-9321dfc74316, signal=workflow-completed
[2025-11-04 18:17:28] [STDERR] 2025-11-04 18:17:28,524 - gleitzeit.workers.signal_worker - INFO - No waiters for signal workflow-completed in workflow workflow-72d17d06-2a7c-4814-9916-9321dfc74316 - keeping in registry
[2025-11-04 18:17:28] [STDERR] 2025-11-04 18:17:28,524 - gleitzeit.workers.signal_worker - INFO - Processing registry entry: workflow=workflow-72d17d06-2a7c-4814-9916-9321dfc74316, signal=processing-complete
[2025-11-04 18:17:28] [STDERR] 2025-11-04 18:17:28,524 - gleitzeit.workers.signal_worker - INFO - No waiters for signal processing-complete in workflow workflow-72d17d06-2a7c-4814-9916-9321dfc74316 - keeping in registry
[2025-11-04 18:17:29] [STDERR] 2025-11-04 18:17:29,035 - gleitzeit.workers.signal_worker - INFO - SignalWorker found 2 signals in global registry
[2025-11-04 18:17:29] [STDERR] 2025-11-04 18:17:29,035 - gleitzeit.workers.signal_worker - INFO - Processing registry entry: workflow=workflow-72d17d06-2a7c-4814-9916-9321dfc74316, signal=workflow-completed
[2025-11-04 18:17:29] [STDERR] 2025-11-04 18:17:29,035 - gleitzeit.workers.signal_worker - INFO - No waiters for signal workflow-completed in workflow workflow-72d17d06-2a7c-4814-9916-9321dfc74316 - keeping in registry
[2025-11-04 18:17:29] [STDERR] 2025-11-04 18:17:29,035 - gleitzeit.workers.signal_worker - INFO - Processing registry entry: workflow=workflow-72d17d06-2a7c-4814-9916-9321dfc74316, signal=processing-complete
[2025-11-04 18:17:29] [STDERR] 2025-11-04 18:17:29,035 - gleitzeit.workers.signal_worker - INFO - No waiters for signal processing-complete in workflow workflow-72d17d06-2a7c-4814-9916-9321dfc74316 - keeping in registry
[2025-11-04 18:17:29] [STDERR] 2025-11-04 18:17:29,548 - gleitzeit.workers.signal_worker - INFO - SignalWorker found 2 signals in global registry
[2025-11-04 18:17:29] [STDERR] 2025-11-04 18:17:29,548 - gleitzeit.workers.signal_worker - INFO - Processing registry entry: workflow=workflow-72d17d06-2a7c-4814-9916-9321dfc74316, signal=workflow-completed
[2025-11-04 18:17:29] [STDERR] 2025-11-04 18:17:29,548 - gleitzeit.workers.signal_worker - INFO - No waiters for signal workflow-completed in workflow workflow-72d17d06-2a7c-4814-9916-9321dfc74316 - keeping in registry
[2025-11-04 18:17:29] [STDERR] 2025-11-04 18:17:29,548 - gleitzeit.workers.signal_worker - INFO - Processing registry entry: workflow=workflow-72d17d06-2a7c-4814-9916-9321dfc74316, signal=processing-complete
[2025-11-04 18:17:29] [STDERR] 2025-11-04 18:17:29,548 - gleitzeit.workers.signal_worker - INFO - No waiters for signal processing-complete in workflow workflow-72d17d06-2a7c-4814-9916-9321dfc74316 - keeping in registry
[2025-11-04 18:17:30] [STDERR] 2025-11-04 18:17:30,063 - gleitzeit.workers.signal_worker - INFO - SignalWorker found 2 signals in global registry
[2025-11-04 18:17:30] [STDERR] 2025-11-04 18:17:30,063 - gleitzeit.workers.signal_worker - INFO - Processing registry entry: workflow=workflow-72d17d06-2a7c-4814-9916-9321dfc74316, signal=workflow-completed
[2025-11-04 18:17:30] [STDERR] 2025-11-04 18:17:30,063 - gleitzeit.workers.signal_worker - INFO - No waiters for signal workflow-completed in workflow workflow-72d17d06-2a7c-4814-9916-9321dfc74316 - keeping in registry
[2025-11-04 18:17:30] [STDERR] 2025-11-04 18:17:30,063 - gleitzeit.workers.signal_worker - INFO - Processing registry entry: workflow=workflow-72d17d06-2a7c-4814-9916-9321dfc74316, signal=processing-complete
[2025-11-04 18:17:30] [STDERR] 2025-11-04 18:17:30,063 - gleitzeit.workers.signal_worker - INFO - No waiters for signal processing-complete in workflow workflow-72d17d06-2a7c-4814-9916-9321dfc74316 - keeping in registry
[2025-11-04 18:17:30] [STDERR] 2025-11-04 18:17:30,572 - gleitzeit.workers.signal_worker - INFO - SignalWorker found 2 signals in global registry
[2025-11-04 18:17:30] [STDERR] 2025-11-04 18:17:30,573 - gleitzeit.workers.signal_worker - INFO - Processing registry entry: workflow=workflow-72d17d06-2a7c-4814-9916-9321dfc74316, signal=workflow-completed
[2025-11-04 18:17:30] [STDERR] 2025-11-04 18:17:30,573 - gleitzeit.workers.signal_worker - INFO - No waiters for signal workflow-completed in workflow workflow-72d17d06-2a7c-4814-9916-9321dfc74316 - keeping in registry
[2025-11-04 18:17:30] [STDERR] 2025-11-04 18:17:30,573 - gleitzeit.workers.signal_worker - INFO - Processing registry entry: workflow=workflow-72d17d06-2a7c-4814-9916-9321dfc74316, signal=processing-complete
[2025-11-04 18:17:30] [STDERR] 2025-11-04 18:17:30,573 - gleitzeit.workers.signal_worker - INFO - No waiters for signal processing-complete in workflow workflow-72d17d06-2a7c-4814-9916-9321dfc74316 - keeping in registry
[2025-11-04 18:17:31] [STDERR] 2025-11-04 18:17:31,084 - gleitzeit.workers.signal_worker - INFO - SignalWorker found 2 signals in global registry
[2025-11-04 18:17:31] [STDERR] 2025-11-04 18:17:31,084 - gleitzeit.workers.signal_worker - INFO - Processing registry entry: workflow=workflow-72d17d06-2a7c-4814-9916-9321dfc74316, signal=workflow-completed
[2025-11-04 18:17:31] [STDERR] 2025-11-04 18:17:31,084 - gleitzeit.workers.signal_worker - INFO - No waiters for signal workflow-completed in workflow workflow-72d17d06-2a7c-4814-9916-9321dfc74316 - keeping in registry
[2025-11-04 18:17:31] [STDERR] 2025-11-04 18:17:31,084 - gleitzeit.workers.signal_worker - INFO - Processing registry entry: workflow=workflow-72d17d06-2a7c-4814-9916-9321dfc74316, signal=processing-complete
[2025-11-04 18:17:31] [STDERR] 2025-11-04 18:17:31,084 - gleitzeit.workers.signal_worker - INFO - No waiters for signal processing-complete in workflow workflow-72d17d06-2a7c-4814-9916-9321dfc74316 - keeping in registry
[2025-11-04 18:17:31] [STDERR] 2025-11-04 18:17:31,590 - gleitzeit.workers.signal_worker - INFO - SignalWorker found 2 signals in global registry
[2025-11-04 18:17:31] [STDERR] 2025-11-04 18:17:31,590 - gleitzeit.workers.signal_worker - INFO - Processing registry entry: workflow=workflow-72d17d06-2a7c-4814-9916-9321dfc74316, signal=workflow-completed
[2025-11-04 18:17:31] [STDERR] 2025-11-04 18:17:31,590 - gleitzeit.workers.signal_worker - INFO - No waiters for signal workflow-completed in workflow workflow-72d17d06-2a7c-4814-9916-9321dfc74316 - keeping in registry
[2025-11-04 18:17:31] [STDERR] 2025-11-04 18:17:31,590 - gleitzeit.workers.signal_worker - INFO - Processing registry entry: workflow=workflow-72d17d06-2a7c-4814-9916-9321dfc74316, signal=processing-complete
[2025-11-04 18:17:31] [STDERR] 2025-11-04 18:17:31,590 - gleitzeit.workers.signal_worker - INFO - No waiters for signal processing-complete in workflow workflow-72d17d06-2a7c-4814-9916-9321dfc74316 - keeping in registry
[2025-11-04 18:17:32] [STDERR] 2025-11-04 18:17:32,092 - gleitzeit.workers.signal_worker - INFO - Signal processing loop iteration 60
[2025-11-04 18:17:32] [STDERR] 2025-11-04 18:17:32,098 - gleitzeit.workers.signal_worker - INFO - SignalWorker found 2 signals in global registry
[2025-11-04 18:17:32] [STDERR] 2025-11-04 18:17:32,098 - gleitzeit.workers.signal_worker - INFO - Processing registry entry: workflow=workflow-72d17d06-2a7c-4814-9916-9321dfc74316, signal=workflow-completed
[2025-11-04 18:17:32] [STDERR] 2025-11-04 18:17:32,098 - gleitzeit.workers.signal_worker - INFO - No waiters for signal workflow-completed in workflow workflow-72d17d06-2a7c-4814-9916-9321dfc74316 - keeping in registry
[2025-11-04 18:17:32] [STDERR] 2025-11-04 18:17:32,098 - gleitzeit.workers.signal_worker - INFO - Processing registry entry: workflow=workflow-72d17d06-2a7c-4814-9916-9321dfc74316, signal=processing-complete
[2025-11-04 18:17:32] [STDERR] 2025-11-04 18:17:32,098 - gleitzeit.workers.signal_worker - INFO - No waiters for signal processing-complete in workflow workflow-72d17d06-2a7c-4814-9916-9321dfc74316 - keeping in registry
[2025-11-04 18:17:32] [STDERR] 2025-11-04 18:17:32,630 - gleitzeit.workers.signal_worker - INFO - SignalWorker found 2 signals in global registry
[2025-11-04 18:17:32] [STDERR] 2025-11-04 18:17:32,630 - gleitzeit.workers.signal_worker - INFO - Processing registry entry: workflow=workflow-72d17d06-2a7c-4814-9916-9321dfc74316, signal=workflow-completed
[2025-11-04 18:17:32] [STDERR] 2025-11-04 18:17:32,630 - gleitzeit.workers.signal_worker - INFO - No waiters for signal workflow-completed in workflow workflow-72d17d06-2a7c-4814-9916-9321dfc74316 - keeping in registry
[2025-11-04 18:17:32] [STDERR] 2025-11-04 18:17:32,630 - gleitzeit.workers.signal_worker - INFO - Processing registry entry: workflow=workflow-72d17d06-2a7c-4814-9916-9321dfc74316, signal=processing-complete
[2025-11-04 18:17:32] [STDERR] 2025-11-04 18:17:32,630 - gleitzeit.workers.signal_worker - INFO - No waiters for signal processing-complete in workflow workflow-72d17d06-2a7c-4814-9916-9321dfc74316 - keeping in registry
[2025-11-04 18:17:33] [STDERR] 2025-11-04 18:17:33,143 - gleitzeit.workers.signal_worker - INFO - SignalWorker found 2 signals in global registry
[2025-11-04 18:17:33] [STDERR] 2025-11-04 18:17:33,143 - gleitzeit.workers.signal_worker - INFO - Processing registry entry: workflow=workflow-72d17d06-2a7c-4814-9916-9321dfc74316, signal=workflow-completed
[2025-11-04 18:17:33] [STDERR] 2025-11-04 18:17:33,143 - gleitzeit.workers.signal_worker - INFO - No waiters for signal workflow-completed in workflow workflow-72d17d06-2a7c-4814-9916-9321dfc74316 - keeping in registry
[2025-11-04 18:17:33] [STDERR] 2025-11-04 18:17:33,143 - gleitzeit.workers.signal_worker - INFO - Processing registry entry: workflow=workflow-72d17d06-2a7c-4814-9916-9321dfc74316, signal=processing-complete
[2025-11-04 18:17:33] [STDERR] 2025-11-04 18:17:33,143 - gleitzeit.workers.signal_worker - INFO - No waiters for signal processing-complete in workflow workflow-72d17d06-2a7c-4814-9916-9321dfc74316 - keeping in registry
[2025-11-04 18:17:34] [STDERR] 2025-11-04 18:17:34,049 - gleitzeit.workers.signal_worker - INFO - SignalWorker found 2 signals in global registry
[2025-11-04 18:17:34] [STDERR] 2025-11-04 18:17:34,049 - gleitzeit.workers.signal_worker - INFO - Processing registry entry: workflow=workflow-72d17d06-2a7c-4814-9916-9321dfc74316, signal=workflow-completed
[2025-11-04 18:17:34] [STDERR] 2025-11-04 18:17:34,050 - gleitzeit.workers.signal_worker - INFO - No waiters for signal workflow-completed in workflow workflow-72d17d06-2a7c-4814-9916-9321dfc74316 - keeping in registry
[2025-11-04 18:17:34] [STDERR] 2025-11-04 18:17:34,050 - gleitzeit.workers.signal_worker - INFO - Processing registry entry: workflow=workflow-72d17d06-2a7c-4814-9916-9321dfc74316, signal=processing-complete
[2025-11-04 18:17:34] [STDERR] 2025-11-04 18:17:34,050 - gleitzeit.workers.signal_worker - INFO - No waiters for signal processing-complete in workflow workflow-72d17d06-2a7c-4814-9916-9321dfc74316 - keeping in registry
[2025-11-04 18:17:34] [STDERR] 2025-11-04 18:17:34,562 - gleitzeit.workers.signal_worker - INFO - SignalWorker found 2 signals in global registry
[2025-11-04 18:17:34] [STDERR] 2025-11-04 18:17:34,562 - gleitzeit.workers.signal_worker - INFO - Processing registry entry: workflow=workflow-72d17d06-2a7c-4814-9916-9321dfc74316, signal=workflow-completed
[2025-11-04 18:17:34] [STDERR] 2025-11-04 18:17:34,562 - gleitzeit.workers.signal_worker - INFO - No waiters for signal workflow-completed in workflow workflow-72d17d06-2a7c-4814-9916-9321dfc74316 - keeping in registry
[2025-11-04 18:17:34] [STDERR] 2025-11-04 18:17:34,562 - gleitzeit.workers.signal_worker - INFO - Processing registry entry: workflow=workflow-72d17d06-2a7c-4814-9916-9321dfc74316, signal=processing-complete
[2025-11-04 18:17:34] [STDERR] 2025-11-04 18:17:34,562 - gleitzeit.workers.signal_worker - INFO - No waiters for signal processing-complete in workflow workflow-72d17d06-2a7c-4814-9916-9321dfc74316 - keeping in registry
[2025-11-04 18:17:35] [STDERR] 2025-11-04 18:17:35,073 - gleitzeit.workers.signal_worker - INFO - SignalWorker found 2 signals in global registry
[2025-11-04 18:17:35] [STDERR] 2025-11-04 18:17:35,073 - gleitzeit.workers.signal_worker - INFO - Processing registry entry: workflow=workflow-72d17d06-2a7c-4814-9916-9321dfc74316, signal=workflow-completed
[2025-11-04 18:17:35] [STDERR] 2025-11-04 18:17:35,073 - gleitzeit.workers.signal_worker - INFO - No waiters for signal workflow-completed in workflow workflow-72d17d06-2a7c-4814-9916-9321dfc74316 - keeping in registry
[2025-11-04 18:17:35] [STDERR] 2025-11-04 18:17:35,073 - gleitzeit.workers.signal_worker - INFO - Processing registry entry: workflow=workflow-72d17d06-2a7c-4814-9916-9321dfc74316, signal=processing-complete
[2025-11-04 18:17:35] [STDERR] 2025-11-04 18:17:35,073 - gleitzeit.workers.signal_worker - INFO - No waiters for signal processing-complete in workflow workflow-72d17d06-2a7c-4814-9916-9321dfc74316 - keeping in registry
[2025-11-04 18:17:35] [STDERR] 2025-11-04 18:17:35,583 - gleitzeit.workers.signal_worker - INFO - SignalWorker found 2 signals in global registry
[2025-11-04 18:17:35] [STDERR] 2025-11-04 18:17:35,583 - gleitzeit.workers.signal_worker - INFO - Processing registry entry: workflow=workflow-72d17d06-2a7c-4814-9916-9321dfc74316, signal=workflow-completed
[2025-11-04 18:17:35] [STDERR] 2025-11-04 18:17:35,583 - gleitzeit.workers.signal_worker - INFO - No waiters for signal workflow-completed in workflow workflow-72d17d06-2a7c-4814-9916-9321dfc74316 - keeping in registry
[2025-11-04 18:17:35] [STDERR] 2025-11-04 18:17:35,583 - gleitzeit.workers.signal_worker - INFO - Processing registry entry: workflow=workflow-72d17d06-2a7c-4814-9916-9321dfc74316, signal=processing-complete
[2025-11-04 18:17:35] [STDERR] 2025-11-04 18:17:35,583 - gleitzeit.workers.signal_worker - INFO - No waiters for signal processing-complete in workflow workflow-72d17d06-2a7c-4814-9916-9321dfc74316 - keeping in registry
[2025-11-04 18:17:36] [STDERR] 2025-11-04 18:17:36,097 - gleitzeit.workers.signal_worker - INFO - SignalWorker found 2 signals in global registry
[2025-11-04 18:17:36] [STDERR] 2025-11-04 18:17:36,097 - gleitzeit.workers.signal_worker - INFO - Processing registry entry: workflow=workflow-72d17d06-2a7c-4814-9916-9321dfc74316, signal=workflow-completed
[2025-11-04 18:17:36] [STDERR] 2025-11-04 18:17:36,098 - gleitzeit.workers.signal_worker - INFO - No waiters for signal workflow-completed in workflow workflow-72d17d06-2a7c-4814-9916-9321dfc74316 - keeping in registry
[2025-11-04 18:17:36] [STDERR] 2025-11-04 18:17:36,098 - gleitzeit.workers.signal_worker - INFO - Processing registry entry: workflow=workflow-72d17d06-2a7c-4814-9916-9321dfc74316, signal=processing-complete
[2025-11-04 18:17:36] [STDERR] 2025-11-04 18:17:36,098 - gleitzeit.workers.signal_worker - INFO - No waiters for signal processing-complete in workflow workflow-72d17d06-2a7c-4814-9916-9321dfc74316 - keeping in registry
[2025-11-04 18:17:36] [STDERR] 2025-11-04 18:17:36,605 - gleitzeit.workers.signal_worker - INFO - SignalWorker found 2 signals in global registry
[2025-11-04 18:17:36] [STDERR] 2025-11-04 18:17:36,605 - gleitzeit.workers.signal_worker - INFO - Processing registry entry: workflow=workflow-72d17d06-2a7c-4814-9916-9321dfc74316, signal=workflow-completed
[2025-11-04 18:17:36] [STDERR] 2025-11-04 18:17:36,605 - gleitzeit.workers.signal_worker - INFO - No waiters for signal workflow-completed in workflow workflow-72d17d06-2a7c-4814-9916-9321dfc74316 - keeping in registry
[2025-11-04 18:17:36] [STDERR] 2025-11-04 18:17:36,605 - gleitzeit.workers.signal_worker - INFO - Processing registry entry: workflow=workflow-72d17d06-2a7c-4814-9916-9321dfc74316, signal=processing-complete
[2025-11-04 18:17:36] [STDERR] 2025-11-04 18:17:36,605 - gleitzeit.workers.signal_worker - INFO - No waiters for signal processing-complete in workflow workflow-72d17d06-2a7c-4814-9916-9321dfc74316 - keeping in registry
[2025-11-04 18:17:37] [STDERR] 2025-11-04 18:17:37,123 - gleitzeit.workers.signal_worker - INFO - SignalWorker found 2 signals in global registry
[2025-11-04 18:17:37] [STDERR] 2025-11-04 18:17:37,123 - gleitzeit.workers.signal_worker - INFO - Processing registry entry: workflow=workflow-72d17d06-2a7c-4814-9916-9321dfc74316, signal=workflow-completed
[2025-11-04 18:17:37] [STDERR] 2025-11-04 18:17:37,123 - gleitzeit.workers.signal_worker - INFO - No waiters for signal workflow-completed in workflow workflow-72d17d06-2a7c-4814-9916-9321dfc74316 - keeping in registry
[2025-11-04 18:17:37] [STDERR] 2025-11-04 18:17:37,123 - gleitzeit.workers.signal_worker - INFO - Processing registry entry: workflow=workflow-72d17d06-2a7c-4814-9916-9321dfc74316, signal=processing-complete
[2025-11-04 18:17:37] [STDERR] 2025-11-04 18:17:37,123 - gleitzeit.workers.signal_worker - INFO - No waiters for signal processing-complete in workflow workflow-72d17d06-2a7c-4814-9916-9321dfc74316 - keeping in registry
[2025-11-04 18:17:37] [STDERR] 2025-11-04 18:17:37,633 - gleitzeit.workers.signal_worker - INFO - SignalWorker found 2 signals in global registry
[2025-11-04 18:17:37] [STDERR] 2025-11-04 18:17:37,633 - gleitzeit.workers.signal_worker - INFO - Processing registry entry: workflow=workflow-72d17d06-2a7c-4814-9916-9321dfc74316, signal=workflow-completed
[2025-11-04 18:17:37] [STDERR] 2025-11-04 18:17:37,633 - gleitzeit.workers.signal_worker - INFO - No waiters for signal workflow-completed in workflow workflow-72d17d06-2a7c-4814-9916-9321dfc74316 - keeping in registry
[2025-11-04 18:17:37] [STDERR] 2025-11-04 18:17:37,633 - gleitzeit.workers.signal_worker - INFO - Processing registry entry: workflow=workflow-72d17d06-2a7c-4814-9916-9321dfc74316, signal=processing-complete
[2025-11-04 18:17:37] [STDERR] 2025-11-04 18:17:37,633 - gleitzeit.workers.signal_worker - INFO - No waiters for signal processing-complete in workflow workflow-72d17d06-2a7c-4814-9916-9321dfc74316 - keeping in registry
[2025-11-04 18:17:38] [STDERR] 2025-11-04 18:17:38,148 - gleitzeit.workers.signal_worker - INFO - SignalWorker found 2 signals in global registry
[2025-11-04 18:17:38] [STDERR] 2025-11-04 18:17:38,148 - gleitzeit.workers.signal_worker - INFO - Processing registry entry: workflow=workflow-72d17d06-2a7c-4814-9916-9321dfc74316, signal=workflow-completed
[2025-11-04 18:17:38] [STDERR] 2025-11-04 18:17:38,149 - gleitzeit.workers.signal_worker - INFO - No waiters for signal workflow-completed in workflow workflow-72d17d06-2a7c-4814-9916-9321dfc74316 - keeping in registry
[2025-11-04 18:17:38] [STDERR] 2025-11-04 18:17:38,149 - gleitzeit.workers.signal_worker - INFO - Processing registry entry: workflow=workflow-72d17d06-2a7c-4814-9916-9321dfc74316, signal=processing-complete
[2025-11-04 18:17:38] [STDERR] 2025-11-04 18:17:38,149 - gleitzeit.workers.signal_worker - INFO - No waiters for signal processing-complete in workflow workflow-72d17d06-2a7c-4814-9916-9321dfc74316 - keeping in registry
[2025-11-04 18:17:38] [STDERR] 2025-11-04 18:17:38,655 - gleitzeit.workers.signal_worker - INFO - SignalWorker found 2 signals in global registry
[2025-11-04 18:17:38] [STDERR] 2025-11-04 18:17:38,655 - gleitzeit.workers.signal_worker - INFO - Processing registry entry: workflow=workflow-72d17d06-2a7c-4814-9916-9321dfc74316, signal=workflow-completed
[2025-11-04 18:17:38] [STDERR] 2025-11-04 18:17:38,655 - gleitzeit.workers.signal_worker - INFO - No waiters for signal workflow-completed in workflow workflow-72d17d06-2a7c-4814-9916-9321dfc74316 - keeping in registry
[2025-11-04 18:17:38] [STDERR] 2025-11-04 18:17:38,655 - gleitzeit.workers.signal_worker - INFO - Processing registry entry: workflow=workflow-72d17d06-2a7c-4814-9916-9321dfc74316, signal=processing-complete
[2025-11-04 18:17:38] [STDERR] 2025-11-04 18:17:38,656 - gleitzeit.workers.signal_worker - INFO - No waiters for signal processing-complete in workflow workflow-72d17d06-2a7c-4814-9916-9321dfc74316 - keeping in registry
[2025-11-04 18:17:39] [STDERR] 2025-11-04 18:17:39,176 - gleitzeit.workers.signal_worker - INFO - SignalWorker found 2 signals in global registry
[2025-11-04 18:17:39] [STDERR] 2025-11-04 18:17:39,176 - gleitzeit.workers.signal_worker - INFO - Processing registry entry: workflow=workflow-72d17d06-2a7c-4814-9916-9321dfc74316, signal=workflow-completed
[2025-11-04 18:17:39] [STDERR] 2025-11-04 18:17:39,176 - gleitzeit.workers.signal_worker - INFO - No waiters for signal workflow-completed in workflow workflow-72d17d06-2a7c-4814-9916-9321dfc74316 - keeping in registry
[2025-11-04 18:17:39] [STDERR] 2025-11-04 18:17:39,176 - gleitzeit.workers.signal_worker - INFO - Processing registry entry: workflow=workflow-72d17d06-2a7c-4814-9916-9321dfc74316, signal=processing-complete
[2025-11-04 18:17:39] [STDERR] 2025-11-04 18:17:39,177 - gleitzeit.workers.signal_worker - INFO - No waiters for signal processing-complete in workflow workflow-72d17d06-2a7c-4814-9916-9321dfc74316 - keeping in registry
[2025-11-04 18:17:39] [STDERR] 2025-11-04 18:17:39,688 - gleitzeit.workers.signal_worker - INFO - SignalWorker found 2 signals in global registry
[2025-11-04 18:17:39] [STDERR] 2025-11-04 18:17:39,688 - gleitzeit.workers.signal_worker - INFO - Processing registry entry: workflow=workflow-72d17d06-2a7c-4814-9916-9321dfc74316, signal=workflow-completed
[2025-11-04 18:17:39] [STDERR] 2025-11-04 18:17:39,688 - gleitzeit.workers.signal_worker - INFO - No waiters for signal workflow-completed in workflow workflow-72d17d06-2a7c-4814-9916-9321dfc74316 - keeping in registry
[2025-11-04 18:17:39] [STDERR] 2025-11-04 18:17:39,688 - gleitzeit.workers.signal_worker - INFO - Processing registry entry: workflow=workflow-72d17d06-2a7c-4814-9916-9321dfc74316, signal=processing-complete
[2025-11-04 18:17:39] [STDERR] 2025-11-04 18:17:39,688 - gleitzeit.workers.signal_worker - INFO - No waiters for signal processing-complete in workflow workflow-72d17d06-2a7c-4814-9916-9321dfc74316 - keeping in registry
[2025-11-04 18:17:40] [STDERR] 2025-11-04 18:17:40,202 - gleitzeit.workers.signal_worker - INFO - SignalWorker found 2 signals in global registry
[2025-11-04 18:17:40] [STDERR] 2025-11-04 18:17:40,202 - gleitzeit.workers.signal_worker - INFO - Processing registry entry: workflow=workflow-72d17d06-2a7c-4814-9916-9321dfc74316, signal=workflow-completed
[2025-11-04 18:17:40] [STDERR] 2025-11-04 18:17:40,202 - gleitzeit.workers.signal_worker - INFO - No waiters for signal workflow-completed in workflow workflow-72d17d06-2a7c-4814-9916-9321dfc74316 - keeping in registry
[2025-11-04 18:17:40] [STDERR] 2025-11-04 18:17:40,202 - gleitzeit.workers.signal_worker - INFO - Processing registry entry: workflow=workflow-72d17d06-2a7c-4814-9916-9321dfc74316, signal=processing-complete
[2025-11-04 18:17:40] [STDERR] 2025-11-04 18:17:40,202 - gleitzeit.workers.signal_worker - INFO - No waiters for signal processing-complete in workflow workflow-72d17d06-2a7c-4814-9916-9321dfc74316 - keeping in registry
[2025-11-04 18:17:40] [STDERR] 2025-11-04 18:17:40,717 - gleitzeit.workers.signal_worker - INFO - SignalWorker found 2 signals in global registry
[2025-11-04 18:17:40] [STDERR] 2025-11-04 18:17:40,718 - gleitzeit.workers.signal_worker - INFO - Processing registry entry: workflow=workflow-72d17d06-2a7c-4814-9916-9321dfc74316, signal=workflow-completed
[2025-11-04 18:17:40] [STDERR] 2025-11-04 18:17:40,718 - gleitzeit.workers.signal_worker - INFO - No waiters for signal workflow-completed in workflow workflow-72d17d06-2a7c-4814-9916-9321dfc74316 - keeping in registry
[2025-11-04 18:17:40] [STDERR] 2025-11-04 18:17:40,718 - gleitzeit.workers.signal_worker - INFO - Processing registry entry: workflow=workflow-72d17d06-2a7c-4814-9916-9321dfc74316, signal=processing-complete
[2025-11-04 18:17:40] [STDERR] 2025-11-04 18:17:40,718 - gleitzeit.workers.signal_worker - INFO - No waiters for signal processing-complete in workflow workflow-72d17d06-2a7c-4814-9916-9321dfc74316 - keeping in registry
[2025-11-04 18:17:41] [STDERR] 2025-11-04 18:17:41,286 - gleitzeit.workers.signal_worker - INFO - SignalWorker found 2 signals in global registry
[2025-11-04 18:17:41] [STDERR] 2025-11-04 18:17:41,286 - gleitzeit.workers.signal_worker - INFO - Processing registry entry: workflow=workflow-72d17d06-2a7c-4814-9916-9321dfc74316, signal=workflow-completed
[2025-11-04 18:17:41] [STDERR] 2025-11-04 18:17:41,287 - gleitzeit.workers.signal_worker - INFO - No waiters for signal workflow-completed in workflow workflow-72d17d06-2a7c-4814-9916-9321dfc74316 - keeping in registry
[2025-11-04 18:17:41] [STDERR] 2025-11-04 18:17:41,287 - gleitzeit.workers.signal_worker - INFO - Processing registry entry: workflow=workflow-72d17d06-2a7c-4814-9916-9321dfc74316, signal=processing-complete
[2025-11-04 18:17:41] [STDERR] 2025-11-04 18:17:41,287 - gleitzeit.workers.signal_worker - INFO - No waiters for signal processing-complete in workflow workflow-72d17d06-2a7c-4814-9916-9321dfc74316 - keeping in registry
[2025-11-04 18:17:41] [STDERR] 2025-11-04 18:17:41,795 - gleitzeit.workers.signal_worker - INFO - SignalWorker found 2 signals in global registry
[2025-11-04 18:17:41] [STDERR] 2025-11-04 18:17:41,795 - gleitzeit.workers.signal_worker - INFO - Processing registry entry: workflow=workflow-72d17d06-2a7c-4814-9916-9321dfc74316, signal=workflow-completed
[2025-11-04 18:17:41] [STDERR] 2025-11-04 18:17:41,795 - gleitzeit.workers.signal_worker - INFO - No waiters for signal workflow-completed in workflow workflow-72d17d06-2a7c-4814-9916-9321dfc74316 - keeping in registry
[2025-11-04 18:17:41] [STDERR] 2025-11-04 18:17:41,795 - gleitzeit.workers.signal_worker - INFO - Processing registry entry: workflow=workflow-72d17d06-2a7c-4814-9916-9321dfc74316, signal=processing-complete
[2025-11-04 18:17:41] [STDERR] 2025-11-04 18:17:41,795 - gleitzeit.workers.signal_worker - INFO - No waiters for signal processing-complete in workflow workflow-72d17d06-2a7c-4814-9916-9321dfc74316 - keeping in registry
[2025-11-04 18:17:42] [STDERR] 2025-11-04 18:17:42,309 - gleitzeit.workers.signal_worker - INFO - SignalWorker found 2 signals in global registry
[2025-11-04 18:17:42] [STDERR] 2025-11-04 18:17:42,309 - gleitzeit.workers.signal_worker - INFO - Processing registry entry: workflow=workflow-72d17d06-2a7c-4814-9916-9321dfc74316, signal=workflow-completed
[2025-11-04 18:17:42] [STDERR] 2025-11-04 18:17:42,309 - gleitzeit.workers.signal_worker - INFO - No waiters for signal workflow-completed in workflow workflow-72d17d06-2a7c-4814-9916-9321dfc74316 - keeping in registry
[2025-11-04 18:17:42] [STDERR] 2025-11-04 18:17:42,309 - gleitzeit.workers.signal_worker - INFO - Processing registry entry: workflow=workflow-72d17d06-2a7c-4814-9916-9321dfc74316, signal=processing-complete
[2025-11-04 18:17:42] [STDERR] 2025-11-04 18:17:42,309 - gleitzeit.workers.signal_worker - INFO - No waiters for signal processing-complete in workflow workflow-72d17d06-2a7c-4814-9916-9321dfc74316 - keeping in registry
[2025-11-04 18:17:42] [STDERR] 2025-11-04 18:17:42,810 - gleitzeit.workers.signal_worker - INFO - Signal processing loop iteration 80
[2025-11-04 18:17:42] [STDERR] 2025-11-04 18:17:42,823 - gleitzeit.workers.signal_worker - INFO - SignalWorker found 2 signals in global registry
[2025-11-04 18:17:42] [STDERR] 2025-11-04 18:17:42,823 - gleitzeit.workers.signal_worker - INFO - Processing registry entry: workflow=workflow-72d17d06-2a7c-4814-9916-9321dfc74316, signal=workflow-completed
[2025-11-04 18:17:42] [STDERR] 2025-11-04 18:17:42,824 - gleitzeit.workers.signal_worker - INFO - No waiters for signal workflow-completed in workflow workflow-72d17d06-2a7c-4814-9916-9321dfc74316 - keeping in registry
[2025-11-04 18:17:42] [STDERR] 2025-11-04 18:17:42,824 - gleitzeit.workers.signal_worker - INFO - Processing registry entry: workflow=workflow-72d17d06-2a7c-4814-9916-9321dfc74316, signal=processing-complete
[2025-11-04 18:17:42] [STDERR] 2025-11-04 18:17:42,824 - gleitzeit.workers.signal_worker - INFO - No waiters for signal processing-complete in workflow workflow-72d17d06-2a7c-4814-9916-9321dfc74316 - keeping in registry
[2025-11-04 18:17:43] [STDERR] 2025-11-04 18:17:43,335 - gleitzeit.workers.signal_worker - INFO - SignalWorker found 2 signals in global registry
[2025-11-04 18:17:43] [STDERR] 2025-11-04 18:17:43,335 - gleitzeit.workers.signal_worker - INFO - Processing registry entry: workflow=workflow-72d17d06-2a7c-4814-9916-9321dfc74316, signal=workflow-completed
[2025-11-04 18:17:43] [STDERR] 2025-11-04 18:17:43,336 - gleitzeit.workers.signal_worker - INFO - No waiters for signal workflow-completed in workflow workflow-72d17d06-2a7c-4814-9916-9321dfc74316 - keeping in registry
[2025-11-04 18:17:43] [STDERR] 2025-11-04 18:17:43,336 - gleitzeit.workers.signal_worker - INFO - Processing registry entry: workflow=workflow-72d17d06-2a7c-4814-9916-9321dfc74316, signal=processing-complete
[2025-11-04 18:17:43] [STDERR] 2025-11-04 18:17:43,336 - gleitzeit.workers.signal_worker - INFO - No waiters for signal processing-complete in workflow workflow-72d17d06-2a7c-4814-9916-9321dfc74316 - keeping in registry
[2025-11-04 18:17:43] [STDERR] 2025-11-04 18:17:43,842 - gleitzeit.workers.signal_worker - INFO - SignalWorker found 2 signals in global registry
[2025-11-04 18:17:43] [STDERR] 2025-11-04 18:17:43,842 - gleitzeit.workers.signal_worker - INFO - Processing registry entry: workflow=workflow-72d17d06-2a7c-4814-9916-9321dfc74316, signal=workflow-completed
[2025-11-04 18:17:43] [STDERR] 2025-11-04 18:17:43,842 - gleitzeit.workers.signal_worker - INFO - No waiters for signal workflow-completed in workflow workflow-72d17d06-2a7c-4814-9916-9321dfc74316 - keeping in registry
[2025-11-04 18:17:43] [STDERR] 2025-11-04 18:17:43,842 - gleitzeit.workers.signal_worker - INFO - Processing registry entry: workflow=workflow-72d17d06-2a7c-4814-9916-9321dfc74316, signal=processing-complete
[2025-11-04 18:17:43] [STDERR] 2025-11-04 18:17:43,843 - gleitzeit.workers.signal_worker - INFO - No waiters for signal processing-complete in workflow workflow-72d17d06-2a7c-4814-9916-9321dfc74316 - keeping in registry
[2025-11-04 18:17:44] [STDERR] 2025-11-04 18:17:44,353 - gleitzeit.workers.signal_worker - INFO - SignalWorker found 2 signals in global registry
[2025-11-04 18:17:44] [STDERR] 2025-11-04 18:17:44,353 - gleitzeit.workers.signal_worker - INFO - Processing registry entry: workflow=workflow-72d17d06-2a7c-4814-9916-9321dfc74316, signal=workflow-completed
[2025-11-04 18:17:44] [STDERR] 2025-11-04 18:17:44,353 - gleitzeit.workers.signal_worker - INFO - No waiters for signal workflow-completed in workflow workflow-72d17d06-2a7c-4814-9916-9321dfc74316 - keeping in registry
[2025-11-04 18:17:44] [STDERR] 2025-11-04 18:17:44,353 - gleitzeit.workers.signal_worker - INFO - Processing registry entry: workflow=workflow-72d17d06-2a7c-4814-9916-9321dfc74316, signal=processing-complete
[2025-11-04 18:17:44] [STDERR] 2025-11-04 18:17:44,353 - gleitzeit.workers.signal_worker - INFO - No waiters for signal processing-complete in workflow workflow-72d17d06-2a7c-4814-9916-9321dfc74316 - keeping in registry
[2025-11-04 18:17:44] [STDERR] 2025-11-04 18:17:44,861 - gleitzeit.workers.signal_worker - INFO - SignalWorker found 2 signals in global registry
[2025-11-04 18:17:44] [STDERR] 2025-11-04 18:17:44,861 - gleitzeit.workers.signal_worker - INFO - Processing registry entry: workflow=workflow-72d17d06-2a7c-4814-9916-9321dfc74316, signal=workflow-completed
[2025-11-04 18:17:44] [STDERR] 2025-11-04 18:17:44,861 - gleitzeit.workers.signal_worker - INFO - No waiters for signal workflow-completed in workflow workflow-72d17d06-2a7c-4814-9916-9321dfc74316 - keeping in registry
[2025-11-04 18:17:44] [STDERR] 2025-11-04 18:17:44,861 - gleitzeit.workers.signal_worker - INFO - Processing registry entry: workflow=workflow-72d17d06-2a7c-4814-9916-9321dfc74316, signal=processing-complete
[2025-11-04 18:17:44] [STDERR] 2025-11-04 18:17:44,861 - gleitzeit.workers.signal_worker - INFO - No waiters for signal processing-complete in workflow workflow-72d17d06-2a7c-4814-9916-9321dfc74316 - keeping in registry
[2025-11-04 18:17:45] [STDERR] 2025-11-04 18:17:45,369 - gleitzeit.workers.signal_worker - INFO - SignalWorker found 2 signals in global registry
[2025-11-04 18:17:45] [STDERR] 2025-11-04 18:17:45,369 - gleitzeit.workers.signal_worker - INFO - Processing registry entry: workflow=workflow-72d17d06-2a7c-4814-9916-9321dfc74316, signal=workflow-completed
[2025-11-04 18:17:45] [STDERR] 2025-11-04 18:17:45,369 - gleitzeit.workers.signal_worker - INFO - No waiters for signal workflow-completed in workflow workflow-72d17d06-2a7c-4814-9916-9321dfc74316 - keeping in registry
[2025-11-04 18:17:45] [STDERR] 2025-11-04 18:17:45,369 - gleitzeit.workers.signal_worker - INFO - Processing registry entry: workflow=workflow-72d17d06-2a7c-4814-9916-9321dfc74316, signal=processing-complete
[2025-11-04 18:17:45] [STDERR] 2025-11-04 18:17:45,370 - gleitzeit.workers.signal_worker - INFO - No waiters for signal processing-complete in workflow workflow-72d17d06-2a7c-4814-9916-9321dfc74316 - keeping in registry
[2025-11-04 18:17:45] [STDERR] 2025-11-04 18:17:45,876 - gleitzeit.workers.signal_worker - INFO - SignalWorker found 2 signals in global registry
[2025-11-04 18:17:45] [STDERR] 2025-11-04 18:17:45,876 - gleitzeit.workers.signal_worker - INFO - Processing registry entry: workflow=workflow-72d17d06-2a7c-4814-9916-9321dfc74316, signal=workflow-completed
[2025-11-04 18:17:45] [STDERR] 2025-11-04 18:17:45,876 - gleitzeit.workers.signal_worker - INFO - No waiters for signal workflow-completed in workflow workflow-72d17d06-2a7c-4814-9916-9321dfc74316 - keeping in registry
[2025-11-04 18:17:45] [STDERR] 2025-11-04 18:17:45,876 - gleitzeit.workers.signal_worker - INFO - Processing registry entry: workflow=workflow-72d17d06-2a7c-4814-9916-9321dfc74316, signal=processing-complete
[2025-11-04 18:17:45] [STDERR] 2025-11-04 18:17:45,876 - gleitzeit.workers.signal_worker - INFO - No waiters for signal processing-complete in workflow workflow-72d17d06-2a7c-4814-9916-9321dfc74316 - keeping in registry
[2025-11-04 18:17:46] [STDERR] 2025-11-04 18:17:46,382 - gleitzeit.workers.signal_worker - INFO - SignalWorker found 2 signals in global registry
[2025-11-04 18:17:46] [STDERR] 2025-11-04 18:17:46,383 - gleitzeit.workers.signal_worker - INFO - Processing registry entry: workflow=workflow-72d17d06-2a7c-4814-9916-9321dfc74316, signal=workflow-completed
[2025-11-04 18:17:46] [STDERR] 2025-11-04 18:17:46,383 - gleitzeit.workers.signal_worker - INFO - No waiters for signal workflow-completed in workflow workflow-72d17d06-2a7c-4814-9916-9321dfc74316 - keeping in registry
[2025-11-04 18:17:46] [STDERR] 2025-11-04 18:17:46,383 - gleitzeit.workers.signal_worker - INFO - Processing registry entry: workflow=workflow-72d17d06-2a7c-4814-9916-9321dfc74316, signal=processing-complete
[2025-11-04 18:17:46] [STDERR] 2025-11-04 18:17:46,383 - gleitzeit.workers.signal_worker - INFO - No waiters for signal processing-complete in workflow workflow-72d17d06-2a7c-4814-9916-9321dfc74316 - keeping in registry
[2025-11-04 18:17:46] [STDERR] 2025-11-04 18:17:46,891 - gleitzeit.workers.signal_worker - INFO - SignalWorker found 2 signals in global registry
[2025-11-04 18:17:46] [STDERR] 2025-11-04 18:17:46,891 - gleitzeit.workers.signal_worker - INFO - Processing registry entry: workflow=workflow-72d17d06-2a7c-4814-9916-9321dfc74316, signal=workflow-completed
[2025-11-04 18:17:46] [STDERR] 2025-11-04 18:17:46,891 - gleitzeit.workers.signal_worker - INFO - No waiters for signal workflow-completed in workflow workflow-72d17d06-2a7c-4814-9916-9321dfc74316 - keeping in registry
[2025-11-04 18:17:46] [STDERR] 2025-11-04 18:17:46,891 - gleitzeit.workers.signal_worker - INFO - Processing registry entry: workflow=workflow-72d17d06-2a7c-4814-9916-9321dfc74316, signal=processing-complete
[2025-11-04 18:17:46] [STDERR] 2025-11-04 18:17:46,891 - gleitzeit.workers.signal_worker - INFO - No waiters for signal processing-complete in workflow workflow-72d17d06-2a7c-4814-9916-9321dfc74316 - keeping in registry
[2025-11-04 18:17:47] [STDERR] 2025-11-04 18:17:47,401 - gleitzeit.workers.signal_worker - INFO - SignalWorker found 2 signals in global registry
[2025-11-04 18:17:47] [STDERR] 2025-11-04 18:17:47,401 - gleitzeit.workers.signal_worker - INFO - Processing registry entry: workflow=workflow-72d17d06-2a7c-4814-9916-9321dfc74316, signal=workflow-completed
[2025-11-04 18:17:47] [STDERR] 2025-11-04 18:17:47,401 - gleitzeit.workers.signal_worker - INFO - No waiters for signal workflow-completed in workflow workflow-72d17d06-2a7c-4814-9916-9321dfc74316 - keeping in registry
[2025-11-04 18:17:47] [STDERR] 2025-11-04 18:17:47,401 - gleitzeit.workers.signal_worker - INFO - Processing registry entry: workflow=workflow-72d17d06-2a7c-4814-9916-9321dfc74316, signal=processing-complete
[2025-11-04 18:17:47] [STDERR] 2025-11-04 18:17:47,402 - gleitzeit.workers.signal_worker - INFO - No waiters for signal processing-complete in workflow workflow-72d17d06-2a7c-4814-9916-9321dfc74316 - keeping in registry
[2025-11-04 18:17:47] [STDERR] 2025-11-04 18:17:47,918 - gleitzeit.workers.signal_worker - INFO - SignalWorker found 2 signals in global registry
[2025-11-04 18:17:47] [STDERR] 2025-11-04 18:17:47,918 - gleitzeit.workers.signal_worker - INFO - Processing registry entry: workflow=workflow-72d17d06-2a7c-4814-9916-9321dfc74316, signal=workflow-completed
[2025-11-04 18:17:47] [STDERR] 2025-11-04 18:17:47,918 - gleitzeit.workers.signal_worker - INFO - No waiters for signal workflow-completed in workflow workflow-72d17d06-2a7c-4814-9916-9321dfc74316 - keeping in registry
[2025-11-04 18:17:47] [STDERR] 2025-11-04 18:17:47,918 - gleitzeit.workers.signal_worker - INFO - Processing registry entry: workflow=workflow-72d17d06-2a7c-4814-9916-9321dfc74316, signal=processing-complete
[2025-11-04 18:17:47] [STDERR] 2025-11-04 18:17:47,918 - gleitzeit.workers.signal_worker - INFO - No waiters for signal processing-complete in workflow workflow-72d17d06-2a7c-4814-9916-9321dfc74316 - keeping in registry
[2025-11-04 18:17:48] [STDERR] 2025-11-04 18:17:48,468 - gleitzeit.workers.signal_worker - INFO - SignalWorker found 2 signals in global registry
[2025-11-04 18:17:48] [STDERR] 2025-11-04 18:17:48,468 - gleitzeit.workers.signal_worker - INFO - Processing registry entry: workflow=workflow-72d17d06-2a7c-4814-9916-9321dfc74316, signal=workflow-completed
[2025-11-04 18:17:48] [STDERR] 2025-11-04 18:17:48,468 - gleitzeit.workers.signal_worker - INFO - No waiters for signal workflow-completed in workflow workflow-72d17d06-2a7c-4814-9916-9321dfc74316 - keeping in registry
[2025-11-04 18:17:48] [STDERR] 2025-11-04 18:17:48,468 - gleitzeit.workers.signal_worker - INFO - Processing registry entry: workflow=workflow-72d17d06-2a7c-4814-9916-9321dfc74316, signal=processing-complete
[2025-11-04 18:17:48] [STDERR] 2025-11-04 18:17:48,468 - gleitzeit.workers.signal_worker - INFO - No waiters for signal processing-complete in workflow workflow-72d17d06-2a7c-4814-9916-9321dfc74316 - keeping in registry
[2025-11-04 18:17:48] [STDERR] 2025-11-04 18:17:48,982 - gleitzeit.workers.signal_worker - INFO - SignalWorker found 2 signals in global registry
[2025-11-04 18:17:48] [STDERR] 2025-11-04 18:17:48,982 - gleitzeit.workers.signal_worker - INFO - Processing registry entry: workflow=workflow-72d17d06-2a7c-4814-9916-9321dfc74316, signal=workflow-completed
[2025-11-04 18:17:48] [STDERR] 2025-11-04 18:17:48,982 - gleitzeit.workers.signal_worker - INFO - No waiters for signal workflow-completed in workflow workflow-72d17d06-2a7c-4814-9916-9321dfc74316 - keeping in registry
[2025-11-04 18:17:48] [STDERR] 2025-11-04 18:17:48,982 - gleitzeit.workers.signal_worker - INFO - Processing registry entry: workflow=workflow-72d17d06-2a7c-4814-9916-9321dfc74316, signal=processing-complete
[2025-11-04 18:17:48] [STDERR] 2025-11-04 18:17:48,982 - gleitzeit.workers.signal_worker - INFO - No waiters for signal processing-complete in workflow workflow-72d17d06-2a7c-4814-9916-9321dfc74316 - keeping in registry
[2025-11-04 18:17:49] [STDERR] 2025-11-04 18:17:49,498 - gleitzeit.workers.signal_worker - INFO - SignalWorker found 2 signals in global registry
[2025-11-04 18:17:49] [STDERR] 2025-11-04 18:17:49,498 - gleitzeit.workers.signal_worker - INFO - Processing registry entry: workflow=workflow-72d17d06-2a7c-4814-9916-9321dfc74316, signal=workflow-completed
[2025-11-04 18:17:49] [STDERR] 2025-11-04 18:17:49,498 - gleitzeit.workers.signal_worker - INFO - No waiters for signal workflow-completed in workflow workflow-72d17d06-2a7c-4814-9916-9321dfc74316 - keeping in registry
[2025-11-04 18:17:49] [STDERR] 2025-11-04 18:17:49,498 - gleitzeit.workers.signal_worker - INFO - Processing registry entry: workflow=workflow-72d17d06-2a7c-4814-9916-9321dfc74316, signal=processing-complete
[2025-11-04 18:17:49] [STDERR] 2025-11-04 18:17:49,499 - gleitzeit.workers.signal_worker - INFO - No waiters for signal processing-complete in workflow workflow-72d17d06-2a7c-4814-9916-9321dfc74316 - keeping in registry
[2025-11-04 18:17:50] [STDERR] 2025-11-04 18:17:50,011 - gleitzeit.workers.signal_worker - INFO - SignalWorker found 2 signals in global registry
[2025-11-04 18:17:50] [STDERR] 2025-11-04 18:17:50,011 - gleitzeit.workers.signal_worker - INFO - Processing registry entry: workflow=workflow-72d17d06-2a7c-4814-9916-9321dfc74316, signal=workflow-completed
[2025-11-04 18:17:50] [STDERR] 2025-11-04 18:17:50,012 - gleitzeit.workers.signal_worker - INFO - No waiters for signal workflow-completed in workflow workflow-72d17d06-2a7c-4814-9916-9321dfc74316 - keeping in registry
[2025-11-04 18:17:50] [STDERR] 2025-11-04 18:17:50,012 - gleitzeit.workers.signal_worker - INFO - Processing registry entry: workflow=workflow-72d17d06-2a7c-4814-9916-9321dfc74316, signal=processing-complete
[2025-11-04 18:17:50] [STDERR] 2025-11-04 18:17:50,012 - gleitzeit.workers.signal_worker - INFO - No waiters for signal processing-complete in workflow workflow-72d17d06-2a7c-4814-9916-9321dfc74316 - keeping in registry
[2025-11-04 18:17:50] [STDERR] 2025-11-04 18:17:50,518 - gleitzeit.workers.signal_worker - INFO - SignalWorker found 2 signals in global registry
[2025-11-04 18:17:50] [STDERR] 2025-11-04 18:17:50,518 - gleitzeit.workers.signal_worker - INFO - Processing registry entry: workflow=workflow-72d17d06-2a7c-4814-9916-9321dfc74316, signal=workflow-completed
[2025-11-04 18:17:50] [STDERR] 2025-11-04 18:17:50,518 - gleitzeit.workers.signal_worker - INFO - No waiters for signal workflow-completed in workflow workflow-72d17d06-2a7c-4814-9916-9321dfc74316 - keeping in registry
[2025-11-04 18:17:50] [STDERR] 2025-11-04 18:17:50,518 - gleitzeit.workers.signal_worker - INFO - Processing registry entry: workflow=workflow-72d17d06-2a7c-4814-9916-9321dfc74316, signal=processing-complete
[2025-11-04 18:17:50] [STDERR] 2025-11-04 18:17:50,519 - gleitzeit.workers.signal_worker - INFO - No waiters for signal processing-complete in workflow workflow-72d17d06-2a7c-4814-9916-9321dfc74316 - keeping in registry
[2025-11-04 18:17:51] [STDERR] 2025-11-04 18:17:51,026 - gleitzeit.workers.signal_worker - INFO - SignalWorker found 2 signals in global registry
[2025-11-04 18:17:51] [STDERR] 2025-11-04 18:17:51,026 - gleitzeit.workers.signal_worker - INFO - Processing registry entry: workflow=workflow-72d17d06-2a7c-4814-9916-9321dfc74316, signal=workflow-completed
[2025-11-04 18:17:51] [STDERR] 2025-11-04 18:17:51,026 - gleitzeit.workers.signal_worker - INFO - No waiters for signal workflow-completed in workflow workflow-72d17d06-2a7c-4814-9916-9321dfc74316 - keeping in registry
[2025-11-04 18:17:51] [STDERR] 2025-11-04 18:17:51,026 - gleitzeit.workers.signal_worker - INFO - Processing registry entry: workflow=workflow-72d17d06-2a7c-4814-9916-9321dfc74316, signal=processing-complete
[2025-11-04 18:17:51] [STDERR] 2025-11-04 18:17:51,026 - gleitzeit.workers.signal_worker - INFO - No waiters for signal processing-complete in workflow workflow-72d17d06-2a7c-4814-9916-9321dfc74316 - keeping in registry
[2025-11-04 18:17:51] [STDERR] 2025-11-04 18:17:51,535 - gleitzeit.workers.signal_worker - INFO - SignalWorker found 2 signals in global registry
[2025-11-04 18:17:51] [STDERR] 2025-11-04 18:17:51,535 - gleitzeit.workers.signal_worker - INFO - Processing registry entry: workflow=workflow-72d17d06-2a7c-4814-9916-9321dfc74316, signal=workflow-completed
[2025-11-04 18:17:51] [STDERR] 2025-11-04 18:17:51,535 - gleitzeit.workers.signal_worker - INFO - No waiters for signal workflow-completed in workflow workflow-72d17d06-2a7c-4814-9916-9321dfc74316 - keeping in registry
[2025-11-04 18:17:51] [STDERR] 2025-11-04 18:17:51,535 - gleitzeit.workers.signal_worker - INFO - Processing registry entry: workflow=workflow-72d17d06-2a7c-4814-9916-9321dfc74316, signal=processing-complete
[2025-11-04 18:17:51] [STDERR] 2025-11-04 18:17:51,536 - gleitzeit.workers.signal_worker - INFO - No waiters for signal processing-complete in workflow workflow-72d17d06-2a7c-4814-9916-9321dfc74316 - keeping in registry
[2025-11-04 18:17:52] [STDERR] 2025-11-04 18:17:52,042 - gleitzeit.workers.signal_worker - INFO - SignalWorker found 2 signals in global registry
[2025-11-04 18:17:52] [STDERR] 2025-11-04 18:17:52,042 - gleitzeit.workers.signal_worker - INFO - Processing registry entry: workflow=workflow-72d17d06-2a7c-4814-9916-9321dfc74316, signal=workflow-completed
[2025-11-04 18:17:52] [STDERR] 2025-11-04 18:17:52,042 - gleitzeit.workers.signal_worker - INFO - No waiters for signal workflow-completed in workflow workflow-72d17d06-2a7c-4814-9916-9321dfc74316 - keeping in registry
[2025-11-04 18:17:52] [STDERR] 2025-11-04 18:17:52,042 - gleitzeit.workers.signal_worker - INFO - Processing registry entry: workflow=workflow-72d17d06-2a7c-4814-9916-9321dfc74316, signal=processing-complete
[2025-11-04 18:17:52] [STDERR] 2025-11-04 18:17:52,043 - gleitzeit.workers.signal_worker - INFO - No waiters for signal processing-complete in workflow workflow-72d17d06-2a7c-4814-9916-9321dfc74316 - keeping in registry
[2025-11-04 18:17:52] [STDERR] 2025-11-04 18:17:52,550 - gleitzeit.workers.signal_worker - INFO - SignalWorker found 2 signals in global registry
[2025-11-04 18:17:52] [STDERR] 2025-11-04 18:17:52,550 - gleitzeit.workers.signal_worker - INFO - Processing registry entry: workflow=workflow-72d17d06-2a7c-4814-9916-9321dfc74316, signal=workflow-completed
[2025-11-04 18:17:52] [STDERR] 2025-11-04 18:17:52,550 - gleitzeit.workers.signal_worker - INFO - No waiters for signal workflow-completed in workflow workflow-72d17d06-2a7c-4814-9916-9321dfc74316 - keeping in registry
[2025-11-04 18:17:52] [STDERR] 2025-11-04 18:17:52,550 - gleitzeit.workers.signal_worker - INFO - Processing registry entry: workflow=workflow-72d17d06-2a7c-4814-9916-9321dfc74316, signal=processing-complete
[2025-11-04 18:17:52] [STDERR] 2025-11-04 18:17:52,551 - gleitzeit.workers.signal_worker - INFO - No waiters for signal processing-complete in workflow workflow-72d17d06-2a7c-4814-9916-9321dfc74316 - keeping in registry
[2025-11-04 18:17:53] [STDERR] 2025-11-04 18:17:53,051 - gleitzeit.workers.signal_worker - INFO - Signal processing loop iteration 100
[2025-11-04 18:17:53] [STDERR] 2025-11-04 18:17:53,061 - gleitzeit.workers.signal_worker - INFO - SignalWorker found 2 signals in global registry
[2025-11-04 18:17:53] [STDERR] 2025-11-04 18:17:53,061 - gleitzeit.workers.signal_worker - INFO - Processing registry entry: workflow=workflow-72d17d06-2a7c-4814-9916-9321dfc74316, signal=workflow-completed
[2025-11-04 18:17:53] [STDERR] 2025-11-04 18:17:53,061 - gleitzeit.workers.signal_worker - INFO - No waiters for signal workflow-completed in workflow workflow-72d17d06-2a7c-4814-9916-9321dfc74316 - keeping in registry
[2025-11-04 18:17:53] [STDERR] 2025-11-04 18:17:53,061 - gleitzeit.workers.signal_worker - INFO - Processing registry entry: workflow=workflow-72d17d06-2a7c-4814-9916-9321dfc74316, signal=processing-complete
[2025-11-04 18:17:53] [STDERR] 2025-11-04 18:17:53,061 - gleitzeit.workers.signal_worker - INFO - No waiters for signal processing-complete in workflow workflow-72d17d06-2a7c-4814-9916-9321dfc74316 - keeping in registry
[2025-11-04 18:17:53] [STDERR] 2025-11-04 18:17:53,579 - gleitzeit.workers.signal_worker - INFO - SignalWorker found 2 signals in global registry
[2025-11-04 18:17:53] [STDERR] 2025-11-04 18:17:53,579 - gleitzeit.workers.signal_worker - INFO - Processing registry entry: workflow=workflow-72d17d06-2a7c-4814-9916-9321dfc74316, signal=workflow-completed
[2025-11-04 18:17:53] [STDERR] 2025-11-04 18:17:53,579 - gleitzeit.workers.signal_worker - INFO - No waiters for signal workflow-completed in workflow workflow-72d17d06-2a7c-4814-9916-9321dfc74316 - keeping in registry
[2025-11-04 18:17:53] [STDERR] 2025-11-04 18:17:53,579 - gleitzeit.workers.signal_worker - INFO - Processing registry entry: workflow=workflow-72d17d06-2a7c-4814-9916-9321dfc74316, signal=processing-complete
[2025-11-04 18:17:53] [STDERR] 2025-11-04 18:17:53,579 - gleitzeit.workers.signal_worker - INFO - No waiters for signal processing-complete in workflow workflow-72d17d06-2a7c-4814-9916-9321dfc74316 - keeping in registry
[2025-11-04 18:17:54] [STDERR] 2025-11-04 18:17:54,092 - gleitzeit.workers.signal_worker - INFO - SignalWorker found 2 signals in global registry
[2025-11-04 18:17:54] [STDERR] 2025-11-04 18:17:54,092 - gleitzeit.workers.signal_worker - INFO - Processing registry entry: workflow=workflow-72d17d06-2a7c-4814-9916-9321dfc74316, signal=workflow-completed
[2025-11-04 18:17:54] [STDERR] 2025-11-04 18:17:54,092 - gleitzeit.workers.signal_worker - INFO - No waiters for signal workflow-completed in workflow workflow-72d17d06-2a7c-4814-9916-9321dfc74316 - keeping in registry
[2025-11-04 18:17:54] [STDERR] 2025-11-04 18:17:54,092 - gleitzeit.workers.signal_worker - INFO - Processing registry entry: workflow=workflow-72d17d06-2a7c-4814-9916-9321dfc74316, signal=processing-complete
[2025-11-04 18:17:54] [STDERR] 2025-11-04 18:17:54,092 - gleitzeit.workers.signal_worker - INFO - No waiters for signal processing-complete in workflow workflow-72d17d06-2a7c-4814-9916-9321dfc74316 - keeping in registry
[2025-11-04 18:17:54] [STDERR] 2025-11-04 18:17:54,600 - gleitzeit.workers.signal_worker - INFO - SignalWorker found 2 signals in global registry
[2025-11-04 18:17:54] [STDERR] 2025-11-04 18:17:54,600 - gleitzeit.workers.signal_worker - INFO - Processing registry entry: workflow=workflow-72d17d06-2a7c-4814-9916-9321dfc74316, signal=workflow-completed
[2025-11-04 18:17:54] [STDERR] 2025-11-04 18:17:54,600 - gleitzeit.workers.signal_worker - INFO - No waiters for signal workflow-completed in workflow workflow-72d17d06-2a7c-4814-9916-9321dfc74316 - keeping in registry
[2025-11-04 18:17:54] [STDERR] 2025-11-04 18:17:54,600 - gleitzeit.workers.signal_worker - INFO - Processing registry entry: workflow=workflow-72d17d06-2a7c-4814-9916-9321dfc74316, signal=processing-complete
[2025-11-04 18:17:54] [STDERR] 2025-11-04 18:17:54,600 - gleitzeit.workers.signal_worker - INFO - No waiters for signal processing-complete in workflow workflow-72d17d06-2a7c-4814-9916-9321dfc74316 - keeping in registry
[2025-11-04 18:17:55] [STDERR] 2025-11-04 18:17:55,109 - gleitzeit.workers.signal_worker - INFO - SignalWorker found 2 signals in global registry
[2025-11-04 18:17:55] [STDERR] 2025-11-04 18:17:55,109 - gleitzeit.workers.signal_worker - INFO - Processing registry entry: workflow=workflow-72d17d06-2a7c-4814-9916-9321dfc74316, signal=workflow-completed
[2025-11-04 18:17:55] [STDERR] 2025-11-04 18:17:55,109 - gleitzeit.workers.signal_worker - INFO - No waiters for signal workflow-completed in workflow workflow-72d17d06-2a7c-4814-9916-9321dfc74316 - keeping in registry
[2025-11-04 18:17:55] [STDERR] 2025-11-04 18:17:55,109 - gleitzeit.workers.signal_worker - INFO - Processing registry entry: workflow=workflow-72d17d06-2a7c-4814-9916-9321dfc74316, signal=processing-complete
[2025-11-04 18:17:55] [STDERR] 2025-11-04 18:17:55,109 - gleitzeit.workers.signal_worker - INFO - No waiters for signal processing-complete in workflow workflow-72d17d06-2a7c-4814-9916-9321dfc74316 - keeping in registry
[2025-11-04 18:17:55] [STDERR] 2025-11-04 18:17:55,616 - gleitzeit.workers.signal_worker - INFO - SignalWorker found 2 signals in global registry
[2025-11-04 18:17:55] [STDERR] 2025-11-04 18:17:55,616 - gleitzeit.workers.signal_worker - INFO - Processing registry entry: workflow=workflow-72d17d06-2a7c-4814-9916-9321dfc74316, signal=workflow-completed
[2025-11-04 18:17:55] [STDERR] 2025-11-04 18:17:55,616 - gleitzeit.workers.signal_worker - INFO - No waiters for signal workflow-completed in workflow workflow-72d17d06-2a7c-4814-9916-9321dfc74316 - keeping in registry
[2025-11-04 18:17:55] [STDERR] 2025-11-04 18:17:55,616 - gleitzeit.workers.signal_worker - INFO - Processing registry entry: workflow=workflow-72d17d06-2a7c-4814-9916-9321dfc74316, signal=processing-complete
[2025-11-04 18:17:55] [STDERR] 2025-11-04 18:17:55,616 - gleitzeit.workers.signal_worker - INFO - No waiters for signal processing-complete in workflow workflow-72d17d06-2a7c-4814-9916-9321dfc74316 - keeping in registry
[2025-11-04 18:17:56] [STDERR] 2025-11-04 18:17:56,123 - gleitzeit.workers.signal_worker - INFO - SignalWorker found 2 signals in global registry
[2025-11-04 18:17:56] [STDERR] 2025-11-04 18:17:56,123 - gleitzeit.workers.signal_worker - INFO - Processing registry entry: workflow=workflow-72d17d06-2a7c-4814-9916-9321dfc74316, signal=workflow-completed
[2025-11-04 18:17:56] [STDERR] 2025-11-04 18:17:56,124 - gleitzeit.workers.signal_worker - INFO - No waiters for signal workflow-completed in workflow workflow-72d17d06-2a7c-4814-9916-9321dfc74316 - keeping in registry
[2025-11-04 18:17:56] [STDERR] 2025-11-04 18:17:56,124 - gleitzeit.workers.signal_worker - INFO - Processing registry entry: workflow=workflow-72d17d06-2a7c-4814-9916-9321dfc74316, signal=processing-complete
[2025-11-04 18:17:56] [STDERR] 2025-11-04 18:17:56,124 - gleitzeit.workers.signal_worker - INFO - No waiters for signal processing-complete in workflow workflow-72d17d06-2a7c-4814-9916-9321dfc74316 - keeping in registry
[2025-11-04 18:17:56] [STDERR] 2025-11-04 18:17:56,630 - gleitzeit.workers.signal_worker - INFO - SignalWorker found 2 signals in global registry
[2025-11-04 18:17:56] [STDERR] 2025-11-04 18:17:56,630 - gleitzeit.workers.signal_worker - INFO - Processing registry entry: workflow=workflow-72d17d06-2a7c-4814-9916-9321dfc74316, signal=workflow-completed
[2025-11-04 18:17:56] [STDERR] 2025-11-04 18:17:56,630 - gleitzeit.workers.signal_worker - INFO - No waiters for signal workflow-completed in workflow workflow-72d17d06-2a7c-4814-9916-9321dfc74316 - keeping in registry
[2025-11-04 18:17:56] [STDERR] 2025-11-04 18:17:56,630 - gleitzeit.workers.signal_worker - INFO - Processing registry entry: workflow=workflow-72d17d06-2a7c-4814-9916-9321dfc74316, signal=processing-complete
[2025-11-04 18:17:56] [STDERR] 2025-11-04 18:17:56,630 - gleitzeit.workers.signal_worker - INFO - No waiters for signal processing-complete in workflow workflow-72d17d06-2a7c-4814-9916-9321dfc74316 - keeping in registry
[2025-11-04 18:17:57] [STDERR] 2025-11-04 18:17:57,140 - gleitzeit.workers.signal_worker - INFO - SignalWorker found 2 signals in global registry
[2025-11-04 18:17:57] [STDERR] 2025-11-04 18:17:57,140 - gleitzeit.workers.signal_worker - INFO - Processing registry entry: workflow=workflow-72d17d06-2a7c-4814-9916-9321dfc74316, signal=workflow-completed
[2025-11-04 18:17:57] [STDERR] 2025-11-04 18:17:57,141 - gleitzeit.workers.signal_worker - INFO - No waiters for signal workflow-completed in workflow workflow-72d17d06-2a7c-4814-9916-9321dfc74316 - keeping in registry
[2025-11-04 18:17:57] [STDERR] 2025-11-04 18:17:57,141 - gleitzeit.workers.signal_worker - INFO - Processing registry entry: workflow=workflow-72d17d06-2a7c-4814-9916-9321dfc74316, signal=processing-complete
[2025-11-04 18:17:57] [STDERR] 2025-11-04 18:17:57,141 - gleitzeit.workers.signal_worker - INFO - No waiters for signal processing-complete in workflow workflow-72d17d06-2a7c-4814-9916-9321dfc74316 - keeping in registry
[2025-11-04 18:17:57] [STDERR] 2025-11-04 18:17:57,651 - gleitzeit.workers.signal_worker - INFO - SignalWorker found 2 signals in global registry
[2025-11-04 18:17:57] [STDERR] 2025-11-04 18:17:57,651 - gleitzeit.workers.signal_worker - INFO - Processing registry entry: workflow=workflow-72d17d06-2a7c-4814-9916-9321dfc74316, signal=workflow-completed
[2025-11-04 18:17:57] [STDERR] 2025-11-04 18:17:57,651 - gleitzeit.workers.signal_worker - INFO - No waiters for signal workflow-completed in workflow workflow-72d17d06-2a7c-4814-9916-9321dfc74316 - keeping in registry
[2025-11-04 18:17:57] [STDERR] 2025-11-04 18:17:57,651 - gleitzeit.workers.signal_worker - INFO - Processing registry entry: workflow=workflow-72d17d06-2a7c-4814-9916-9321dfc74316, signal=processing-complete
[2025-11-04 18:17:57] [STDERR] 2025-11-04 18:17:57,651 - gleitzeit.workers.signal_worker - INFO - No waiters for signal processing-complete in workflow workflow-72d17d06-2a7c-4814-9916-9321dfc74316 - keeping in registry
[2025-11-04 18:17:58] [STDERR] 2025-11-04 18:17:58,168 - gleitzeit.workers.signal_worker - INFO - SignalWorker found 2 signals in global registry
[2025-11-04 18:17:58] [STDERR] 2025-11-04 18:17:58,168 - gleitzeit.workers.signal_worker - INFO - Processing registry entry: workflow=workflow-72d17d06-2a7c-4814-9916-9321dfc74316, signal=workflow-completed
[2025-11-04 18:17:58] [STDERR] 2025-11-04 18:17:58,168 - gleitzeit.workers.signal_worker - INFO - No waiters for signal workflow-completed in workflow workflow-72d17d06-2a7c-4814-9916-9321dfc74316 - keeping in registry
[2025-11-04 18:17:58] [STDERR] 2025-11-04 18:17:58,168 - gleitzeit.workers.signal_worker - INFO - Processing registry entry: workflow=workflow-72d17d06-2a7c-4814-9916-9321dfc74316, signal=processing-complete
[2025-11-04 18:17:58] [STDERR] 2025-11-04 18:17:58,168 - gleitzeit.workers.signal_worker - INFO - No waiters for signal processing-complete in workflow workflow-72d17d06-2a7c-4814-9916-9321dfc74316 - keeping in registry
[2025-11-04 18:17:58] [STDERR] 2025-11-04 18:17:58,675 - gleitzeit.workers.signal_worker - INFO - SignalWorker found 2 signals in global registry
[2025-11-04 18:17:58] [STDERR] 2025-11-04 18:17:58,675 - gleitzeit.workers.signal_worker - INFO - Processing registry entry: workflow=workflow-72d17d06-2a7c-4814-9916-9321dfc74316, signal=workflow-completed
[2025-11-04 18:17:58] [STDERR] 2025-11-04 18:17:58,675 - gleitzeit.workers.signal_worker - INFO - No waiters for signal workflow-completed in workflow workflow-72d17d06-2a7c-4814-9916-9321dfc74316 - keeping in registry
[2025-11-04 18:17:58] [STDERR] 2025-11-04 18:17:58,675 - gleitzeit.workers.signal_worker - INFO - Processing registry entry: workflow=workflow-72d17d06-2a7c-4814-9916-9321dfc74316, signal=processing-complete
[2025-11-04 18:17:58] [STDERR] 2025-11-04 18:17:58,675 - gleitzeit.workers.signal_worker - INFO - No waiters for signal processing-complete in workflow workflow-72d17d06-2a7c-4814-9916-9321dfc74316 - keeping in registry
[2025-11-04 18:17:59] [STDERR] 2025-11-04 18:17:59,186 - gleitzeit.workers.signal_worker - INFO - SignalWorker found 2 signals in global registry
[2025-11-04 18:17:59] [STDERR] 2025-11-04 18:17:59,186 - gleitzeit.workers.signal_worker - INFO - Processing registry entry: workflow=workflow-72d17d06-2a7c-4814-9916-9321dfc74316, signal=workflow-completed
[2025-11-04 18:17:59] [STDERR] 2025-11-04 18:17:59,186 - gleitzeit.workers.signal_worker - INFO - No waiters for signal workflow-completed in workflow workflow-72d17d06-2a7c-4814-9916-9321dfc74316 - keeping in registry
[2025-11-04 18:17:59] [STDERR] 2025-11-04 18:17:59,186 - gleitzeit.workers.signal_worker - INFO - Processing registry entry: workflow=workflow-72d17d06-2a7c-4814-9916-9321dfc74316, signal=processing-complete
[2025-11-04 18:17:59] [STDERR] 2025-11-04 18:17:59,187 - gleitzeit.workers.signal_worker - INFO - No waiters for signal processing-complete in workflow workflow-72d17d06-2a7c-4814-9916-9321dfc74316 - keeping in registry
[2025-11-04 18:17:59] [STDERR] 2025-11-04 18:17:59,693 - gleitzeit.workers.signal_worker - INFO - SignalWorker found 2 signals in global registry
[2025-11-04 18:17:59] [STDERR] 2025-11-04 18:17:59,693 - gleitzeit.workers.signal_worker - INFO - Processing registry entry: workflow=workflow-72d17d06-2a7c-4814-9916-9321dfc74316, signal=workflow-completed
[2025-11-04 18:17:59] [STDERR] 2025-11-04 18:17:59,693 - gleitzeit.workers.signal_worker - INFO - No waiters for signal workflow-completed in workflow workflow-72d17d06-2a7c-4814-9916-9321dfc74316 - keeping in registry
[2025-11-04 18:17:59] [STDERR] 2025-11-04 18:17:59,694 - gleitzeit.workers.signal_worker - INFO - Processing registry entry: workflow=workflow-72d17d06-2a7c-4814-9916-9321dfc74316, signal=processing-complete
[2025-11-04 18:17:59] [STDERR] 2025-11-04 18:17:59,694 - gleitzeit.workers.signal_worker - INFO - No waiters for signal processing-complete in workflow workflow-72d17d06-2a7c-4814-9916-9321dfc74316 - keeping in registry
[2025-11-04 18:18:00] [STDERR] 2025-11-04 18:18:00,201 - gleitzeit.workers.signal_worker - INFO - SignalWorker found 2 signals in global registry
[2025-11-04 18:18:00] [STDERR] 2025-11-04 18:18:00,201 - gleitzeit.workers.signal_worker - INFO - Processing registry entry: workflow=workflow-72d17d06-2a7c-4814-9916-9321dfc74316, signal=workflow-completed
[2025-11-04 18:18:00] [STDERR] 2025-11-04 18:18:00,201 - gleitzeit.workers.signal_worker - INFO - No waiters for signal workflow-completed in workflow workflow-72d17d06-2a7c-4814-9916-9321dfc74316 - keeping in registry
[2025-11-04 18:18:00] [STDERR] 2025-11-04 18:18:00,201 - gleitzeit.workers.signal_worker - INFO - Processing registry entry: workflow=workflow-72d17d06-2a7c-4814-9916-9321dfc74316, signal=processing-complete
[2025-11-04 18:18:00] [STDERR] 2025-11-04 18:18:00,201 - gleitzeit.workers.signal_worker - INFO - No waiters for signal processing-complete in workflow workflow-72d17d06-2a7c-4814-9916-9321dfc74316 - keeping in registry
[2025-11-04 18:18:00] [STDERR] 2025-11-04 18:18:00,708 - gleitzeit.workers.signal_worker - INFO - SignalWorker found 2 signals in global registry
[2025-11-04 18:18:00] [STDERR] 2025-11-04 18:18:00,708 - gleitzeit.workers.signal_worker - INFO - Processing registry entry: workflow=workflow-72d17d06-2a7c-4814-9916-9321dfc74316, signal=workflow-completed
[2025-11-04 18:18:00] [STDERR] 2025-11-04 18:18:00,708 - gleitzeit.workers.signal_worker - INFO - No waiters for signal workflow-completed in workflow workflow-72d17d06-2a7c-4814-9916-9321dfc74316 - keeping in registry
[2025-11-04 18:18:00] [STDERR] 2025-11-04 18:18:00,708 - gleitzeit.workers.signal_worker - INFO - Processing registry entry: workflow=workflow-72d17d06-2a7c-4814-9916-9321dfc74316, signal=processing-complete
[2025-11-04 18:18:00] [STDERR] 2025-11-04 18:18:00,708 - gleitzeit.workers.signal_worker - INFO - No waiters for signal processing-complete in workflow workflow-72d17d06-2a7c-4814-9916-9321dfc74316 - keeping in registry
[2025-11-04 18:18:01] [STDERR] 2025-11-04 18:18:01,214 - gleitzeit.workers.signal_worker - INFO - SignalWorker found 2 signals in global registry
[2025-11-04 18:18:01] [STDERR] 2025-11-04 18:18:01,215 - gleitzeit.workers.signal_worker - INFO - Processing registry entry: workflow=workflow-72d17d06-2a7c-4814-9916-9321dfc74316, signal=workflow-completed
[2025-11-04 18:18:01] [STDERR] 2025-11-04 18:18:01,215 - gleitzeit.workers.signal_worker - INFO - No waiters for signal workflow-completed in workflow workflow-72d17d06-2a7c-4814-9916-9321dfc74316 - keeping in registry
[2025-11-04 18:18:01] [STDERR] 2025-11-04 18:18:01,215 - gleitzeit.workers.signal_worker - INFO - Processing registry entry: workflow=workflow-72d17d06-2a7c-4814-9916-9321dfc74316, signal=processing-complete
[2025-11-04 18:18:01] [STDERR] 2025-11-04 18:18:01,215 - gleitzeit.workers.signal_worker - INFO - No waiters for signal processing-complete in workflow workflow-72d17d06-2a7c-4814-9916-9321dfc74316 - keeping in registry
[2025-11-04 18:18:01] [STDERR] 2025-11-04 18:18:01,724 - gleitzeit.workers.signal_worker - INFO - SignalWorker found 2 signals in global registry
[2025-11-04 18:18:01] [STDERR] 2025-11-04 18:18:01,724 - gleitzeit.workers.signal_worker - INFO - Processing registry entry: workflow=workflow-72d17d06-2a7c-4814-9916-9321dfc74316, signal=workflow-completed
[2025-11-04 18:18:01] [STDERR] 2025-11-04 18:18:01,724 - gleitzeit.workers.signal_worker - INFO - No waiters for signal workflow-completed in workflow workflow-72d17d06-2a7c-4814-9916-9321dfc74316 - keeping in registry
[2025-11-04 18:18:01] [STDERR] 2025-11-04 18:18:01,724 - gleitzeit.workers.signal_worker - INFO - Processing registry entry: workflow=workflow-72d17d06-2a7c-4814-9916-9321dfc74316, signal=processing-complete
[2025-11-04 18:18:01] [STDERR] 2025-11-04 18:18:01,724 - gleitzeit.workers.signal_worker - INFO - No waiters for signal processing-complete in workflow workflow-72d17d06-2a7c-4814-9916-9321dfc74316 - keeping in registry
[2025-11-04 18:18:02] [STDERR] 2025-11-04 18:18:02,240 - gleitzeit.workers.signal_worker - INFO - SignalWorker found 2 signals in global registry
[2025-11-04 18:18:02] [STDERR] 2025-11-04 18:18:02,240 - gleitzeit.workers.signal_worker - INFO - Processing registry entry: workflow=workflow-72d17d06-2a7c-4814-9916-9321dfc74316, signal=workflow-completed
[2025-11-04 18:18:02] [STDERR] 2025-11-04 18:18:02,240 - gleitzeit.workers.signal_worker - INFO - No waiters for signal workflow-completed in workflow workflow-72d17d06-2a7c-4814-9916-9321dfc74316 - keeping in registry
[2025-11-04 18:18:02] [STDERR] 2025-11-04 18:18:02,241 - gleitzeit.workers.signal_worker - INFO - Processing registry entry: workflow=workflow-72d17d06-2a7c-4814-9916-9321dfc74316, signal=processing-complete
[2025-11-04 18:18:02] [STDERR] 2025-11-04 18:18:02,241 - gleitzeit.workers.signal_worker - INFO - No waiters for signal processing-complete in workflow workflow-72d17d06-2a7c-4814-9916-9321dfc74316 - keeping in registry
[2025-11-04 18:18:02] [STDERR] 2025-11-04 18:18:02,752 - gleitzeit.workers.signal_worker - INFO - SignalWorker found 2 signals in global registry
[2025-11-04 18:18:02] [STDERR] 2025-11-04 18:18:02,752 - gleitzeit.workers.signal_worker - INFO - Processing registry entry: workflow=workflow-72d17d06-2a7c-4814-9916-9321dfc74316, signal=workflow-completed
[2025-11-04 18:18:02] [STDERR] 2025-11-04 18:18:02,752 - gleitzeit.workers.signal_worker - INFO - No waiters for signal workflow-completed in workflow workflow-72d17d06-2a7c-4814-9916-9321dfc74316 - keeping in registry
[2025-11-04 18:18:02] [STDERR] 2025-11-04 18:18:02,752 - gleitzeit.workers.signal_worker - INFO - Processing registry entry: workflow=workflow-72d17d06-2a7c-4814-9916-9321dfc74316, signal=processing-complete
[2025-11-04 18:18:02] [STDERR] 2025-11-04 18:18:02,752 - gleitzeit.workers.signal_worker - INFO - No waiters for signal processing-complete in workflow workflow-72d17d06-2a7c-4814-9916-9321dfc74316 - keeping in registry
[2025-11-04 18:18:03] [STDERR] 2025-11-04 18:18:03,254 - gleitzeit.workers.signal_worker - INFO - Signal processing loop iteration 120
[2025-11-04 18:18:03] [STDERR] 2025-11-04 18:18:03,267 - gleitzeit.workers.signal_worker - INFO - SignalWorker found 2 signals in global registry
[2025-11-04 18:18:03] [STDERR] 2025-11-04 18:18:03,267 - gleitzeit.workers.signal_worker - INFO - Processing registry entry: workflow=workflow-72d17d06-2a7c-4814-9916-9321dfc74316, signal=workflow-completed
[2025-11-04 18:18:03] [STDERR] 2025-11-04 18:18:03,267 - gleitzeit.workers.signal_worker - INFO - No waiters for signal workflow-completed in workflow workflow-72d17d06-2a7c-4814-9916-9321dfc74316 - keeping in registry
[2025-11-04 18:18:03] [STDERR] 2025-11-04 18:18:03,267 - gleitzeit.workers.signal_worker - INFO - Processing registry entry: workflow=workflow-72d17d06-2a7c-4814-9916-9321dfc74316, signal=processing-complete
[2025-11-04 18:18:03] [STDERR] 2025-11-04 18:18:03,268 - gleitzeit.workers.signal_worker - INFO - No waiters for signal processing-complete in workflow workflow-72d17d06-2a7c-4814-9916-9321dfc74316 - keeping in registry
[2025-11-04 18:18:03] [STDERR] 2025-11-04 18:18:03,779 - gleitzeit.workers.signal_worker - INFO - SignalWorker found 2 signals in global registry
[2025-11-04 18:18:03] [STDERR] 2025-11-04 18:18:03,779 - gleitzeit.workers.signal_worker - INFO - Processing registry entry: workflow=workflow-72d17d06-2a7c-4814-9916-9321dfc74316, signal=workflow-completed
[2025-11-04 18:18:03] [STDERR] 2025-11-04 18:18:03,779 - gleitzeit.workers.signal_worker - INFO - No waiters for signal workflow-completed in workflow workflow-72d17d06-2a7c-4814-9916-9321dfc74316 - keeping in registry
[2025-11-04 18:18:03] [STDERR] 2025-11-04 18:18:03,779 - gleitzeit.workers.signal_worker - INFO - Processing registry entry: workflow=workflow-72d17d06-2a7c-4814-9916-9321dfc74316, signal=processing-complete
[2025-11-04 18:18:03] [STDERR] 2025-11-04 18:18:03,779 - gleitzeit.workers.signal_worker - INFO - No waiters for signal processing-complete in workflow workflow-72d17d06-2a7c-4814-9916-9321dfc74316 - keeping in registry
[2025-11-04 18:18:04] [STDERR] 2025-11-04 18:18:04,288 - gleitzeit.workers.signal_worker - INFO - SignalWorker found 2 signals in global registry
[2025-11-04 18:18:04] [STDERR] 2025-11-04 18:18:04,288 - gleitzeit.workers.signal_worker - INFO - Processing registry entry: workflow=workflow-72d17d06-2a7c-4814-9916-9321dfc74316, signal=workflow-completed
[2025-11-04 18:18:04] [STDERR] 2025-11-04 18:18:04,288 - gleitzeit.workers.signal_worker - INFO - No waiters for signal workflow-completed in workflow workflow-72d17d06-2a7c-4814-9916-9321dfc74316 - keeping in registry
[2025-11-04 18:18:04] [STDERR] 2025-11-04 18:18:04,288 - gleitzeit.workers.signal_worker - INFO - Processing registry entry: workflow=workflow-72d17d06-2a7c-4814-9916-9321dfc74316, signal=processing-complete
[2025-11-04 18:18:04] [STDERR] 2025-11-04 18:18:04,288 - gleitzeit.workers.signal_worker - INFO - No waiters for signal processing-complete in workflow workflow-72d17d06-2a7c-4814-9916-9321dfc74316 - keeping in registry
[2025-11-04 18:18:04] [STDERR] 2025-11-04 18:18:04,797 - gleitzeit.workers.signal_worker - INFO - SignalWorker found 2 signals in global registry
[2025-11-04 18:18:04] [STDERR] 2025-11-04 18:18:04,797 - gleitzeit.workers.signal_worker - INFO - Processing registry entry: workflow=workflow-72d17d06-2a7c-4814-9916-9321dfc74316, signal=workflow-completed
[2025-11-04 18:18:04] [STDERR] 2025-11-04 18:18:04,797 - gleitzeit.workers.signal_worker - INFO - No waiters for signal workflow-completed in workflow workflow-72d17d06-2a7c-4814-9916-9321dfc74316 - keeping in registry
[2025-11-04 18:18:04] [STDERR] 2025-11-04 18:18:04,797 - gleitzeit.workers.signal_worker - INFO - Processing registry entry: workflow=workflow-72d17d06-2a7c-4814-9916-9321dfc74316, signal=processing-complete
[2025-11-04 18:18:04] [STDERR] 2025-11-04 18:18:04,797 - gleitzeit.workers.signal_worker - INFO - No waiters for signal processing-complete in workflow workflow-72d17d06-2a7c-4814-9916-9321dfc74316 - keeping in registry
[2025-11-04 18:18:05] [STDERR] 2025-11-04 18:18:05,309 - gleitzeit.workers.signal_worker - INFO - SignalWorker found 2 signals in global registry
[2025-11-04 18:18:05] [STDERR] 2025-11-04 18:18:05,309 - gleitzeit.workers.signal_worker - INFO - Processing registry entry: workflow=workflow-72d17d06-2a7c-4814-9916-9321dfc74316, signal=workflow-completed
[2025-11-04 18:18:05] [STDERR] 2025-11-04 18:18:05,309 - gleitzeit.workers.signal_worker - INFO - No waiters for signal workflow-completed in workflow workflow-72d17d06-2a7c-4814-9916-9321dfc74316 - keeping in registry
[2025-11-04 18:18:05] [STDERR] 2025-11-04 18:18:05,309 - gleitzeit.workers.signal_worker - INFO - Processing registry entry: workflow=workflow-72d17d06-2a7c-4814-9916-9321dfc74316, signal=processing-complete
[2025-11-04 18:18:05] [STDERR] 2025-11-04 18:18:05,309 - gleitzeit.workers.signal_worker - INFO - No waiters for signal processing-complete in workflow workflow-72d17d06-2a7c-4814-9916-9321dfc74316 - keeping in registry
[2025-11-04 18:18:05] [STDERR] 2025-11-04 18:18:05,816 - gleitzeit.workers.signal_worker - INFO - SignalWorker found 2 signals in global registry
[2025-11-04 18:18:05] [STDERR] 2025-11-04 18:18:05,816 - gleitzeit.workers.signal_worker - INFO - Processing registry entry: workflow=workflow-72d17d06-2a7c-4814-9916-9321dfc74316, signal=workflow-completed
[2025-11-04 18:18:05] [STDERR] 2025-11-04 18:18:05,817 - gleitzeit.workers.signal_worker - INFO - No waiters for signal workflow-completed in workflow workflow-72d17d06-2a7c-4814-9916-9321dfc74316 - keeping in registry
[2025-11-04 18:18:05] [STDERR] 2025-11-04 18:18:05,817 - gleitzeit.workers.signal_worker - INFO - Processing registry entry: workflow=workflow-72d17d06-2a7c-4814-9916-9321dfc74316, signal=processing-complete
[2025-11-04 18:18:05] [STDERR] 2025-11-04 18:18:05,817 - gleitzeit.workers.signal_worker - INFO - No waiters for signal processing-complete in workflow workflow-72d17d06-2a7c-4814-9916-9321dfc74316 - keeping in registry
[2025-11-04 18:18:06] [STDERR] 2025-11-04 18:18:06,346 - gleitzeit.workers.signal_worker - INFO - SignalWorker found 2 signals in global registry
[2025-11-04 18:18:06] [STDERR] 2025-11-04 18:18:06,346 - gleitzeit.workers.signal_worker - INFO - Processing registry entry: workflow=workflow-72d17d06-2a7c-4814-9916-9321dfc74316, signal=workflow-completed
[2025-11-04 18:18:06] [STDERR] 2025-11-04 18:18:06,347 - gleitzeit.workers.signal_worker - INFO - No waiters for signal workflow-completed in workflow workflow-72d17d06-2a7c-4814-9916-9321dfc74316 - keeping in registry
[2025-11-04 18:18:06] [STDERR] 2025-11-04 18:18:06,347 - gleitzeit.workers.signal_worker - INFO - Processing registry entry: workflow=workflow-72d17d06-2a7c-4814-9916-9321dfc74316, signal=processing-complete
[2025-11-04 18:18:06] [STDERR] 2025-11-04 18:18:06,347 - gleitzeit.workers.signal_worker - INFO - No waiters for signal processing-complete in workflow workflow-72d17d06-2a7c-4814-9916-9321dfc74316 - keeping in registry
[2025-11-04 18:18:06] [STDERR] 2025-11-04 18:18:06,856 - gleitzeit.workers.signal_worker - INFO - SignalWorker found 2 signals in global registry
[2025-11-04 18:18:06] [STDERR] 2025-11-04 18:18:06,856 - gleitzeit.workers.signal_worker - INFO - Processing registry entry: workflow=workflow-72d17d06-2a7c-4814-9916-9321dfc74316, signal=workflow-completed
[2025-11-04 18:18:06] [STDERR] 2025-11-04 18:18:06,856 - gleitzeit.workers.signal_worker - INFO - No waiters for signal workflow-completed in workflow workflow-72d17d06-2a7c-4814-9916-9321dfc74316 - keeping in registry
[2025-11-04 18:18:06] [STDERR] 2025-11-04 18:18:06,856 - gleitzeit.workers.signal_worker - INFO - Processing registry entry: workflow=workflow-72d17d06-2a7c-4814-9916-9321dfc74316, signal=processing-complete
[2025-11-04 18:18:06] [STDERR] 2025-11-04 18:18:06,856 - gleitzeit.workers.signal_worker - INFO - No waiters for signal processing-complete in workflow workflow-72d17d06-2a7c-4814-9916-9321dfc74316 - keeping in registry
[2025-11-04 18:18:07] [STDERR] 2025-11-04 18:18:07,374 - gleitzeit.workers.signal_worker - INFO - SignalWorker found 2 signals in global registry
[2025-11-04 18:18:07] [STDERR] 2025-11-04 18:18:07,374 - gleitzeit.workers.signal_worker - INFO - Processing registry entry: workflow=workflow-72d17d06-2a7c-4814-9916-9321dfc74316, signal=workflow-completed
[2025-11-04 18:18:07] [STDERR] 2025-11-04 18:18:07,374 - gleitzeit.workers.signal_worker - INFO - No waiters for signal workflow-completed in workflow workflow-72d17d06-2a7c-4814-9916-9321dfc74316 - keeping in registry
[2025-11-04 18:18:07] [STDERR] 2025-11-04 18:18:07,374 - gleitzeit.workers.signal_worker - INFO - Processing registry entry: workflow=workflow-72d17d06-2a7c-4814-9916-9321dfc74316, signal=processing-complete
[2025-11-04 18:18:07] [STDERR] 2025-11-04 18:18:07,375 - gleitzeit.workers.signal_worker - INFO - No waiters for signal processing-complete in workflow workflow-72d17d06-2a7c-4814-9916-9321dfc74316 - keeping in registry
[2025-11-04 18:18:07] [STDERR] 2025-11-04 18:18:07,886 - gleitzeit.workers.signal_worker - INFO - SignalWorker found 2 signals in global registry
[2025-11-04 18:18:07] [STDERR] 2025-11-04 18:18:07,886 - gleitzeit.workers.signal_worker - INFO - Processing registry entry: workflow=workflow-72d17d06-2a7c-4814-9916-9321dfc74316, signal=workflow-completed
[2025-11-04 18:18:07] [STDERR] 2025-11-04 18:18:07,886 - gleitzeit.workers.signal_worker - INFO - No waiters for signal workflow-completed in workflow workflow-72d17d06-2a7c-4814-9916-9321dfc74316 - keeping in registry
[2025-11-04 18:18:07] [STDERR] 2025-11-04 18:18:07,887 - gleitzeit.workers.signal_worker - INFO - Processing registry entry: workflow=workflow-72d17d06-2a7c-4814-9916-9321dfc74316, signal=processing-complete
[2025-11-04 18:18:07] [STDERR] 2025-11-04 18:18:07,887 - gleitzeit.workers.signal_worker - INFO - No waiters for signal processing-complete in workflow workflow-72d17d06-2a7c-4814-9916-9321dfc74316 - keeping in registry
[2025-11-04 18:18:08] [STDERR] 2025-11-04 18:18:08,406 - gleitzeit.workers.signal_worker - INFO - SignalWorker found 2 signals in global registry
[2025-11-04 18:18:08] [STDERR] 2025-11-04 18:18:08,406 - gleitzeit.workers.signal_worker - INFO - Processing registry entry: workflow=workflow-72d17d06-2a7c-4814-9916-9321dfc74316, signal=workflow-completed
[2025-11-04 18:18:08] [STDERR] 2025-11-04 18:18:08,406 - gleitzeit.workers.signal_worker - INFO - No waiters for signal workflow-completed in workflow workflow-72d17d06-2a7c-4814-9916-9321dfc74316 - keeping in registry
[2025-11-04 18:18:08] [STDERR] 2025-11-04 18:18:08,406 - gleitzeit.workers.signal_worker - INFO - Processing registry entry: workflow=workflow-72d17d06-2a7c-4814-9916-9321dfc74316, signal=processing-complete
[2025-11-04 18:18:08] [STDERR] 2025-11-04 18:18:08,406 - gleitzeit.workers.signal_worker - INFO - No waiters for signal processing-complete in workflow workflow-72d17d06-2a7c-4814-9916-9321dfc74316 - keeping in registry
[2025-11-04 18:18:08] [STDERR] 2025-11-04 18:18:08,915 - gleitzeit.workers.signal_worker - INFO - SignalWorker found 2 signals in global registry
[2025-11-04 18:18:08] [STDERR] 2025-11-04 18:18:08,915 - gleitzeit.workers.signal_worker - INFO - Processing registry entry: workflow=workflow-72d17d06-2a7c-4814-9916-9321dfc74316, signal=workflow-completed
[2025-11-04 18:18:08] [STDERR] 2025-11-04 18:18:08,915 - gleitzeit.workers.signal_worker - INFO - No waiters for signal workflow-completed in workflow workflow-72d17d06-2a7c-4814-9916-9321dfc74316 - keeping in registry
[2025-11-04 18:18:08] [STDERR] 2025-11-04 18:18:08,915 - gleitzeit.workers.signal_worker - INFO - Processing registry entry: workflow=workflow-72d17d06-2a7c-4814-9916-9321dfc74316, signal=processing-complete
[2025-11-04 18:18:08] [STDERR] 2025-11-04 18:18:08,915 - gleitzeit.workers.signal_worker - INFO - No waiters for signal processing-complete in workflow workflow-72d17d06-2a7c-4814-9916-9321dfc74316 - keeping in registry
[2025-11-04 18:18:09] [STDERR] 2025-11-04 18:18:09,436 - gleitzeit.workers.signal_worker - INFO - SignalWorker found 2 signals in global registry
[2025-11-04 18:18:09] [STDERR] 2025-11-04 18:18:09,437 - gleitzeit.workers.signal_worker - INFO - Processing registry entry: workflow=workflow-72d17d06-2a7c-4814-9916-9321dfc74316, signal=workflow-completed
[2025-11-04 18:18:09] [STDERR] 2025-11-04 18:18:09,437 - gleitzeit.workers.signal_worker - INFO - No waiters for signal workflow-completed in workflow workflow-72d17d06-2a7c-4814-9916-9321dfc74316 - keeping in registry
[2025-11-04 18:18:09] [STDERR] 2025-11-04 18:18:09,437 - gleitzeit.workers.signal_worker - INFO - Processing registry entry: workflow=workflow-72d17d06-2a7c-4814-9916-9321dfc74316, signal=processing-complete
[2025-11-04 18:18:09] [STDERR] 2025-11-04 18:18:09,437 - gleitzeit.workers.signal_worker - INFO - No waiters for signal processing-complete in workflow workflow-72d17d06-2a7c-4814-9916-9321dfc74316 - keeping in registry
[2025-11-04 18:18:09] [STDERR] 2025-11-04 18:18:09,943 - gleitzeit.workers.signal_worker - INFO - SignalWorker found 2 signals in global registry
[2025-11-04 18:18:09] [STDERR] 2025-11-04 18:18:09,943 - gleitzeit.workers.signal_worker - INFO - Processing registry entry: workflow=workflow-72d17d06-2a7c-4814-9916-9321dfc74316, signal=workflow-completed
[2025-11-04 18:18:09] [STDERR] 2025-11-04 18:18:09,943 - gleitzeit.workers.signal_worker - INFO - No waiters for signal workflow-completed in workflow workflow-72d17d06-2a7c-4814-9916-9321dfc74316 - keeping in registry
[2025-11-04 18:18:09] [STDERR] 2025-11-04 18:18:09,944 - gleitzeit.workers.signal_worker - INFO - Processing registry entry: workflow=workflow-72d17d06-2a7c-4814-9916-9321dfc74316, signal=processing-complete
[2025-11-04 18:18:09] [STDERR] 2025-11-04 18:18:09,944 - gleitzeit.workers.signal_worker - INFO - No waiters for signal processing-complete in workflow workflow-72d17d06-2a7c-4814-9916-9321dfc74316 - keeping in registry
[2025-11-04 18:18:10] [STDERR] 2025-11-04 18:18:10,452 - gleitzeit.workers.signal_worker - INFO - SignalWorker found 2 signals in global registry
[2025-11-04 18:18:10] [STDERR] 2025-11-04 18:18:10,452 - gleitzeit.workers.signal_worker - INFO - Processing registry entry: workflow=workflow-72d17d06-2a7c-4814-9916-9321dfc74316, signal=workflow-completed
[2025-11-04 18:18:10] [STDERR] 2025-11-04 18:18:10,453 - gleitzeit.workers.signal_worker - INFO - No waiters for signal workflow-completed in workflow workflow-72d17d06-2a7c-4814-9916-9321dfc74316 - keeping in registry
[2025-11-04 18:18:10] [STDERR] 2025-11-04 18:18:10,453 - gleitzeit.workers.signal_worker - INFO - Processing registry entry: workflow=workflow-72d17d06-2a7c-4814-9916-9321dfc74316, signal=processing-complete
[2025-11-04 18:18:10] [STDERR] 2025-11-04 18:18:10,453 - gleitzeit.workers.signal_worker - INFO - No waiters for signal processing-complete in workflow workflow-72d17d06-2a7c-4814-9916-9321dfc74316 - keeping in registry
[2025-11-04 18:18:10] [STDERR] 2025-11-04 18:18:10,964 - gleitzeit.workers.signal_worker - INFO - SignalWorker found 2 signals in global registry
[2025-11-04 18:18:10] [STDERR] 2025-11-04 18:18:10,964 - gleitzeit.workers.signal_worker - INFO - Processing registry entry: workflow=workflow-72d17d06-2a7c-4814-9916-9321dfc74316, signal=workflow-completed
[2025-11-04 18:18:10] [STDERR] 2025-11-04 18:18:10,964 - gleitzeit.workers.signal_worker - INFO - No waiters for signal workflow-completed in workflow workflow-72d17d06-2a7c-4814-9916-9321dfc74316 - keeping in registry
[2025-11-04 18:18:10] [STDERR] 2025-11-04 18:18:10,964 - gleitzeit.workers.signal_worker - INFO - Processing registry entry: workflow=workflow-72d17d06-2a7c-4814-9916-9321dfc74316, signal=processing-complete
[2025-11-04 18:18:10] [STDERR] 2025-11-04 18:18:10,964 - gleitzeit.workers.signal_worker - INFO - No waiters for signal processing-complete in workflow workflow-72d17d06-2a7c-4814-9916-9321dfc74316 - keeping in registry
[2025-11-04 18:18:11] [STDERR] 2025-11-04 18:18:11,471 - gleitzeit.workers.signal_worker - INFO - SignalWorker found 2 signals in global registry
[2025-11-04 18:18:11] [STDERR] 2025-11-04 18:18:11,471 - gleitzeit.workers.signal_worker - INFO - Processing registry entry: workflow=workflow-72d17d06-2a7c-4814-9916-9321dfc74316, signal=workflow-completed
[2025-11-04 18:18:11] [STDERR] 2025-11-04 18:18:11,471 - gleitzeit.workers.signal_worker - INFO - No waiters for signal workflow-completed in workflow workflow-72d17d06-2a7c-4814-9916-9321dfc74316 - keeping in registry
[2025-11-04 18:18:11] [STDERR] 2025-11-04 18:18:11,471 - gleitzeit.workers.signal_worker - INFO - Processing registry entry: workflow=workflow-72d17d06-2a7c-4814-9916-9321dfc74316, signal=processing-complete
[2025-11-04 18:18:11] [STDERR] 2025-11-04 18:18:11,471 - gleitzeit.workers.signal_worker - INFO - No waiters for signal processing-complete in workflow workflow-72d17d06-2a7c-4814-9916-9321dfc74316 - keeping in registry
[2025-11-04 18:18:11] [STDERR] 2025-11-04 18:18:11,986 - gleitzeit.workers.signal_worker - INFO - SignalWorker found 2 signals in global registry
[2025-11-04 18:18:11] [STDERR] 2025-11-04 18:18:11,986 - gleitzeit.workers.signal_worker - INFO - Processing registry entry: workflow=workflow-72d17d06-2a7c-4814-9916-9321dfc74316, signal=workflow-completed
[2025-11-04 18:18:11] [STDERR] 2025-11-04 18:18:11,986 - gleitzeit.workers.signal_worker - INFO - No waiters for signal workflow-completed in workflow workflow-72d17d06-2a7c-4814-9916-9321dfc74316 - keeping in registry
[2025-11-04 18:18:11] [STDERR] 2025-11-04 18:18:11,986 - gleitzeit.workers.signal_worker - INFO - Processing registry entry: workflow=workflow-72d17d06-2a7c-4814-9916-9321dfc74316, signal=processing-complete
[2025-11-04 18:18:11] [STDERR] 2025-11-04 18:18:11,986 - gleitzeit.workers.signal_worker - INFO - No waiters for signal processing-complete in workflow workflow-72d17d06-2a7c-4814-9916-9321dfc74316 - keeping in registry
[2025-11-04 18:18:12] [STDERR] 2025-11-04 18:18:12,496 - gleitzeit.workers.signal_worker - INFO - SignalWorker found 2 signals in global registry
[2025-11-04 18:18:12] [STDERR] 2025-11-04 18:18:12,496 - gleitzeit.workers.signal_worker - INFO - Processing registry entry: workflow=workflow-72d17d06-2a7c-4814-9916-9321dfc74316, signal=workflow-completed
[2025-11-04 18:18:12] [STDERR] 2025-11-04 18:18:12,496 - gleitzeit.workers.signal_worker - INFO - No waiters for signal workflow-completed in workflow workflow-72d17d06-2a7c-4814-9916-9321dfc74316 - keeping in registry
[2025-11-04 18:18:12] [STDERR] 2025-11-04 18:18:12,496 - gleitzeit.workers.signal_worker - INFO - Processing registry entry: workflow=workflow-72d17d06-2a7c-4814-9916-9321dfc74316, signal=processing-complete
[2025-11-04 18:18:12] [STDERR] 2025-11-04 18:18:12,496 - gleitzeit.workers.signal_worker - INFO - No waiters for signal processing-complete in workflow workflow-72d17d06-2a7c-4814-9916-9321dfc74316 - keeping in registry
[2025-11-04 18:18:13] [STDERR] 2025-11-04 18:18:13,007 - gleitzeit.workers.signal_worker - INFO - SignalWorker found 2 signals in global registry
[2025-11-04 18:18:13] [STDERR] 2025-11-04 18:18:13,007 - gleitzeit.workers.signal_worker - INFO - Processing registry entry: workflow=workflow-72d17d06-2a7c-4814-9916-9321dfc74316, signal=workflow-completed
[2025-11-04 18:18:13] [STDERR] 2025-11-04 18:18:13,007 - gleitzeit.workers.signal_worker - INFO - No waiters for signal workflow-completed in workflow workflow-72d17d06-2a7c-4814-9916-9321dfc74316 - keeping in registry
[2025-11-04 18:18:13] [STDERR] 2025-11-04 18:18:13,008 - gleitzeit.workers.signal_worker - INFO - Processing registry entry: workflow=workflow-72d17d06-2a7c-4814-9916-9321dfc74316, signal=processing-complete
[2025-11-04 18:18:13] [STDERR] 2025-11-04 18:18:13,008 - gleitzeit.workers.signal_worker - INFO - No waiters for signal processing-complete in workflow workflow-72d17d06-2a7c-4814-9916-9321dfc74316 - keeping in registry
[2025-11-04 18:18:13] [STDERR] 2025-11-04 18:18:13,509 - gleitzeit.workers.signal_worker - INFO - Signal processing loop iteration 140
[2025-11-04 18:18:13] [STDERR] 2025-11-04 18:18:13,521 - gleitzeit.workers.signal_worker - INFO - SignalWorker found 2 signals in global registry
[2025-11-04 18:18:13] [STDERR] 2025-11-04 18:18:13,521 - gleitzeit.workers.signal_worker - INFO - Processing registry entry: workflow=workflow-72d17d06-2a7c-4814-9916-9321dfc74316, signal=workflow-completed
[2025-11-04 18:18:13] [STDERR] 2025-11-04 18:18:13,522 - gleitzeit.workers.signal_worker - INFO - No waiters for signal workflow-completed in workflow workflow-72d17d06-2a7c-4814-9916-9321dfc74316 - keeping in registry
[2025-11-04 18:18:13] [STDERR] 2025-11-04 18:18:13,522 - gleitzeit.workers.signal_worker - INFO - Processing registry entry: workflow=workflow-72d17d06-2a7c-4814-9916-9321dfc74316, signal=processing-complete
[2025-11-04 18:18:13] [STDERR] 2025-11-04 18:18:13,522 - gleitzeit.workers.signal_worker - INFO - No waiters for signal processing-complete in workflow workflow-72d17d06-2a7c-4814-9916-9321dfc74316 - keeping in registry
[2025-11-04 18:18:14] [STDERR] 2025-11-04 18:18:14,032 - gleitzeit.workers.signal_worker - INFO - SignalWorker found 2 signals in global registry
[2025-11-04 18:18:14] [STDERR] 2025-11-04 18:18:14,032 - gleitzeit.workers.signal_worker - INFO - Processing registry entry: workflow=workflow-72d17d06-2a7c-4814-9916-9321dfc74316, signal=workflow-completed
[2025-11-04 18:18:14] [STDERR] 2025-11-04 18:18:14,033 - gleitzeit.workers.signal_worker - INFO - No waiters for signal workflow-completed in workflow workflow-72d17d06-2a7c-4814-9916-9321dfc74316 - keeping in registry
[2025-11-04 18:18:14] [STDERR] 2025-11-04 18:18:14,033 - gleitzeit.workers.signal_worker - INFO - Processing registry entry: workflow=workflow-72d17d06-2a7c-4814-9916-9321dfc74316, signal=processing-complete
[2025-11-04 18:18:14] [STDERR] 2025-11-04 18:18:14,033 - gleitzeit.workers.signal_worker - INFO - No waiters for signal processing-complete in workflow workflow-72d17d06-2a7c-4814-9916-9321dfc74316 - keeping in registry
[2025-11-04 18:18:14] [STDERR] 2025-11-04 18:18:14,540 - gleitzeit.workers.signal_worker - INFO - SignalWorker found 2 signals in global registry
[2025-11-04 18:18:14] [STDERR] 2025-11-04 18:18:14,540 - gleitzeit.workers.signal_worker - INFO - Processing registry entry: workflow=workflow-72d17d06-2a7c-4814-9916-9321dfc74316, signal=workflow-completed
[2025-11-04 18:18:14] [STDERR] 2025-11-04 18:18:14,540 - gleitzeit.workers.signal_worker - INFO - No waiters for signal workflow-completed in workflow workflow-72d17d06-2a7c-4814-9916-9321dfc74316 - keeping in registry
[2025-11-04 18:18:14] [STDERR] 2025-11-04 18:18:14,540 - gleitzeit.workers.signal_worker - INFO - Processing registry entry: workflow=workflow-72d17d06-2a7c-4814-9916-9321dfc74316, signal=processing-complete
[2025-11-04 18:18:14] [STDERR] 2025-11-04 18:18:14,540 - gleitzeit.workers.signal_worker - INFO - No waiters for signal processing-complete in workflow workflow-72d17d06-2a7c-4814-9916-9321dfc74316 - keeping in registry
[2025-11-04 18:18:15] [STDERR] 2025-11-04 18:18:15,048 - gleitzeit.workers.signal_worker - INFO - SignalWorker found 2 signals in global registry
[2025-11-04 18:18:15] [STDERR] 2025-11-04 18:18:15,048 - gleitzeit.workers.signal_worker - INFO - Processing registry entry: workflow=workflow-72d17d06-2a7c-4814-9916-9321dfc74316, signal=workflow-completed
[2025-11-04 18:18:15] [STDERR] 2025-11-04 18:18:15,049 - gleitzeit.workers.signal_worker - INFO - No waiters for signal workflow-completed in workflow workflow-72d17d06-2a7c-4814-9916-9321dfc74316 - keeping in registry
[2025-11-04 18:18:15] [STDERR] 2025-11-04 18:18:15,049 - gleitzeit.workers.signal_worker - INFO - Processing registry entry: workflow=workflow-72d17d06-2a7c-4814-9916-9321dfc74316, signal=processing-complete
[2025-11-04 18:18:15] [STDERR] 2025-11-04 18:18:15,049 - gleitzeit.workers.signal_worker - INFO - No waiters for signal processing-complete in workflow workflow-72d17d06-2a7c-4814-9916-9321dfc74316 - keeping in registry
[2025-11-04 18:18:15] [STDERR] 2025-11-04 18:18:15,558 - gleitzeit.workers.signal_worker - INFO - SignalWorker found 2 signals in global registry
[2025-11-04 18:18:15] [STDERR] 2025-11-04 18:18:15,558 - gleitzeit.workers.signal_worker - INFO - Processing registry entry: workflow=workflow-72d17d06-2a7c-4814-9916-9321dfc74316, signal=workflow-completed
[2025-11-04 18:18:15] [STDERR] 2025-11-04 18:18:15,559 - gleitzeit.workers.signal_worker - INFO - No waiters for signal workflow-completed in workflow workflow-72d17d06-2a7c-4814-9916-9321dfc74316 - keeping in registry
[2025-11-04 18:18:15] [STDERR] 2025-11-04 18:18:15,559 - gleitzeit.workers.signal_worker - INFO - Processing registry entry: workflow=workflow-72d17d06-2a7c-4814-9916-9321dfc74316, signal=processing-complete
[2025-11-04 18:18:15] [STDERR] 2025-11-04 18:18:15,559 - gleitzeit.workers.signal_worker - INFO - No waiters for signal processing-complete in workflow workflow-72d17d06-2a7c-4814-9916-9321dfc74316 - keeping in registry
[2025-11-04 18:18:16] [STDERR] 2025-11-04 18:18:16,068 - gleitzeit.workers.signal_worker - INFO - SignalWorker found 2 signals in global registry
[2025-11-04 18:18:16] [STDERR] 2025-11-04 18:18:16,068 - gleitzeit.workers.signal_worker - INFO - Processing registry entry: workflow=workflow-72d17d06-2a7c-4814-9916-9321dfc74316, signal=workflow-completed
[2025-11-04 18:18:16] [STDERR] 2025-11-04 18:18:16,068 - gleitzeit.workers.signal_worker - INFO - No waiters for signal workflow-completed in workflow workflow-72d17d06-2a7c-4814-9916-9321dfc74316 - keeping in registry
[2025-11-04 18:18:16] [STDERR] 2025-11-04 18:18:16,068 - gleitzeit.workers.signal_worker - INFO - Processing registry entry: workflow=workflow-72d17d06-2a7c-4814-9916-9321dfc74316, signal=processing-complete
[2025-11-04 18:18:16] [STDERR] 2025-11-04 18:18:16,068 - gleitzeit.workers.signal_worker - INFO - No waiters for signal processing-complete in workflow workflow-72d17d06-2a7c-4814-9916-9321dfc74316 - keeping in registry
[2025-11-04 18:18:16] [STDERR] 2025-11-04 18:18:16,575 - gleitzeit.workers.signal_worker - INFO - SignalWorker found 2 signals in global registry
[2025-11-04 18:18:16] [STDERR] 2025-11-04 18:18:16,575 - gleitzeit.workers.signal_worker - INFO - Processing registry entry: workflow=workflow-72d17d06-2a7c-4814-9916-9321dfc74316, signal=workflow-completed
[2025-11-04 18:18:16] [STDERR] 2025-11-04 18:18:16,575 - gleitzeit.workers.signal_worker - INFO - No waiters for signal workflow-completed in workflow workflow-72d17d06-2a7c-4814-9916-9321dfc74316 - keeping in registry
[2025-11-04 18:18:16] [STDERR] 2025-11-04 18:18:16,575 - gleitzeit.workers.signal_worker - INFO - Processing registry entry: workflow=workflow-72d17d06-2a7c-4814-9916-9321dfc74316, signal=processing-complete
[2025-11-04 18:18:16] [STDERR] 2025-11-04 18:18:16,575 - gleitzeit.workers.signal_worker - INFO - No waiters for signal processing-complete in workflow workflow-72d17d06-2a7c-4814-9916-9321dfc74316 - keeping in registry
[2025-11-04 18:18:17] [STDERR] 2025-11-04 18:18:17,096 - gleitzeit.workers.signal_worker - INFO - SignalWorker found 2 signals in global registry
[2025-11-04 18:18:17] [STDERR] 2025-11-04 18:18:17,096 - gleitzeit.workers.signal_worker - INFO - Processing registry entry: workflow=workflow-72d17d06-2a7c-4814-9916-9321dfc74316, signal=workflow-completed
[2025-11-04 18:18:17] [STDERR] 2025-11-04 18:18:17,096 - gleitzeit.workers.signal_worker - INFO - No waiters for signal workflow-completed in workflow workflow-72d17d06-2a7c-4814-9916-9321dfc74316 - keeping in registry
[2025-11-04 18:18:17] [STDERR] 2025-11-04 18:18:17,096 - gleitzeit.workers.signal_worker - INFO - Processing registry entry: workflow=workflow-72d17d06-2a7c-4814-9916-9321dfc74316, signal=processing-complete
[2025-11-04 18:18:17] [STDERR] 2025-11-04 18:18:17,097 - gleitzeit.workers.signal_worker - INFO - No waiters for signal processing-complete in workflow workflow-72d17d06-2a7c-4814-9916-9321dfc74316 - keeping in registry
[2025-11-04 18:18:17] [STDERR] 2025-11-04 18:18:17,604 - gleitzeit.workers.signal_worker - INFO - SignalWorker found 2 signals in global registry
[2025-11-04 18:18:17] [STDERR] 2025-11-04 18:18:17,604 - gleitzeit.workers.signal_worker - INFO - Processing registry entry: workflow=workflow-72d17d06-2a7c-4814-9916-9321dfc74316, signal=workflow-completed
[2025-11-04 18:18:17] [STDERR] 2025-11-04 18:18:17,604 - gleitzeit.workers.signal_worker - INFO - No waiters for signal workflow-completed in workflow workflow-72d17d06-2a7c-4814-9916-9321dfc74316 - keeping in registry
[2025-11-04 18:18:17] [STDERR] 2025-11-04 18:18:17,604 - gleitzeit.workers.signal_worker - INFO - Processing registry entry: workflow=workflow-72d17d06-2a7c-4814-9916-9321dfc74316, signal=processing-complete
[2025-11-04 18:18:17] [STDERR] 2025-11-04 18:18:17,604 - gleitzeit.workers.signal_worker - INFO - No waiters for signal processing-complete in workflow workflow-72d17d06-2a7c-4814-9916-9321dfc74316 - keeping in registry
[2025-11-04 18:18:18] [STDERR] 2025-11-04 18:18:18,123 - gleitzeit.workers.signal_worker - INFO - SignalWorker found 2 signals in global registry
[2025-11-04 18:18:18] [STDERR] 2025-11-04 18:18:18,124 - gleitzeit.workers.signal_worker - INFO - Processing registry entry: workflow=workflow-72d17d06-2a7c-4814-9916-9321dfc74316, signal=workflow-completed
[2025-11-04 18:18:18] [STDERR] 2025-11-04 18:18:18,124 - gleitzeit.workers.signal_worker - INFO - No waiters for signal workflow-completed in workflow workflow-72d17d06-2a7c-4814-9916-9321dfc74316 - keeping in registry
[2025-11-04 18:18:18] [STDERR] 2025-11-04 18:18:18,124 - gleitzeit.workers.signal_worker - INFO - Processing registry entry: workflow=workflow-72d17d06-2a7c-4814-9916-9321dfc74316, signal=processing-complete
[2025-11-04 18:18:18] [STDERR] 2025-11-04 18:18:18,124 - gleitzeit.workers.signal_worker - INFO - No waiters for signal processing-complete in workflow workflow-72d17d06-2a7c-4814-9916-9321dfc74316 - keeping in registry
[2025-11-04 18:18:18] [STDERR] 2025-11-04 18:18:18,643 - gleitzeit.workers.signal_worker - INFO - SignalWorker found 2 signals in global registry
[2025-11-04 18:18:18] [STDERR] 2025-11-04 18:18:18,643 - gleitzeit.workers.signal_worker - INFO - Processing registry entry: workflow=workflow-72d17d06-2a7c-4814-9916-9321dfc74316, signal=workflow-completed
[2025-11-04 18:18:18] [STDERR] 2025-11-04 18:18:18,644 - gleitzeit.workers.signal_worker - INFO - No waiters for signal workflow-completed in workflow workflow-72d17d06-2a7c-4814-9916-9321dfc74316 - keeping in registry
[2025-11-04 18:18:18] [STDERR] 2025-11-04 18:18:18,644 - gleitzeit.workers.signal_worker - INFO - Processing registry entry: workflow=workflow-72d17d06-2a7c-4814-9916-9321dfc74316, signal=processing-complete
[2025-11-04 18:18:18] [STDERR] 2025-11-04 18:18:18,644 - gleitzeit.workers.signal_worker - INFO - No waiters for signal processing-complete in workflow workflow-72d17d06-2a7c-4814-9916-9321dfc74316 - keeping in registry
[2025-11-04 18:18:19] [STDERR] 2025-11-04 18:18:19,161 - gleitzeit.workers.signal_worker - INFO - SignalWorker found 2 signals in global registry
[2025-11-04 18:18:19] [STDERR] 2025-11-04 18:18:19,161 - gleitzeit.workers.signal_worker - INFO - Processing registry entry: workflow=workflow-72d17d06-2a7c-4814-9916-9321dfc74316, signal=workflow-completed
[2025-11-04 18:18:19] [STDERR] 2025-11-04 18:18:19,161 - gleitzeit.workers.signal_worker - INFO - No waiters for signal workflow-completed in workflow workflow-72d17d06-2a7c-4814-9916-9321dfc74316 - keeping in registry
[2025-11-04 18:18:19] [STDERR] 2025-11-04 18:18:19,161 - gleitzeit.workers.signal_worker - INFO - Processing registry entry: workflow=workflow-72d17d06-2a7c-4814-9916-9321dfc74316, signal=processing-complete
[2025-11-04 18:18:19] [STDERR] 2025-11-04 18:18:19,162 - gleitzeit.workers.signal_worker - INFO - No waiters for signal processing-complete in workflow workflow-72d17d06-2a7c-4814-9916-9321dfc74316 - keeping in registry
[2025-11-04 18:18:19] [STDERR] 2025-11-04 18:18:19,669 - gleitzeit.workers.signal_worker - INFO - SignalWorker found 2 signals in global registry
[2025-11-04 18:18:19] [STDERR] 2025-11-04 18:18:19,669 - gleitzeit.workers.signal_worker - INFO - Processing registry entry: workflow=workflow-72d17d06-2a7c-4814-9916-9321dfc74316, signal=workflow-completed
[2025-11-04 18:18:19] [STDERR] 2025-11-04 18:18:19,669 - gleitzeit.workers.signal_worker - INFO - No waiters for signal workflow-completed in workflow workflow-72d17d06-2a7c-4814-9916-9321dfc74316 - keeping in registry
[2025-11-04 18:18:19] [STDERR] 2025-11-04 18:18:19,669 - gleitzeit.workers.signal_worker - INFO - Processing registry entry: workflow=workflow-72d17d06-2a7c-4814-9916-9321dfc74316, signal=processing-complete
[2025-11-04 18:18:19] [STDERR] 2025-11-04 18:18:19,669 - gleitzeit.workers.signal_worker - INFO - No waiters for signal processing-complete in workflow workflow-72d17d06-2a7c-4814-9916-9321dfc74316 - keeping in registry
[2025-11-04 18:18:20] [STDERR] 2025-11-04 18:18:20,177 - gleitzeit.workers.signal_worker - INFO - SignalWorker found 2 signals in global registry
[2025-11-04 18:18:20] [STDERR] 2025-11-04 18:18:20,178 - gleitzeit.workers.signal_worker - INFO - Processing registry entry: workflow=workflow-72d17d06-2a7c-4814-9916-9321dfc74316, signal=workflow-completed
[2025-11-04 18:18:20] [STDERR] 2025-11-04 18:18:20,178 - gleitzeit.workers.signal_worker - INFO - No waiters for signal workflow-completed in workflow workflow-72d17d06-2a7c-4814-9916-9321dfc74316 - keeping in registry
[2025-11-04 18:18:20] [STDERR] 2025-11-04 18:18:20,178 - gleitzeit.workers.signal_worker - INFO - Processing registry entry: workflow=workflow-72d17d06-2a7c-4814-9916-9321dfc74316, signal=processing-complete
[2025-11-04 18:18:20] [STDERR] 2025-11-04 18:18:20,178 - gleitzeit.workers.signal_worker - INFO - No waiters for signal processing-complete in workflow workflow-72d17d06-2a7c-4814-9916-9321dfc74316 - keeping in registry
[2025-11-04 18:18:20] [STDERR] 2025-11-04 18:18:20,684 - gleitzeit.workers.signal_worker - INFO - SignalWorker found 2 signals in global registry
[2025-11-04 18:18:20] [STDERR] 2025-11-04 18:18:20,685 - gleitzeit.workers.signal_worker - INFO - Processing registry entry: workflow=workflow-72d17d06-2a7c-4814-9916-9321dfc74316, signal=workflow-completed
[2025-11-04 18:18:20] [STDERR] 2025-11-04 18:18:20,685 - gleitzeit.workers.signal_worker - INFO - No waiters for signal workflow-completed in workflow workflow-72d17d06-2a7c-4814-9916-9321dfc74316 - keeping in registry
[2025-11-04 18:18:20] [STDERR] 2025-11-04 18:18:20,685 - gleitzeit.workers.signal_worker - INFO - Processing registry entry: workflow=workflow-72d17d06-2a7c-4814-9916-9321dfc74316, signal=processing-complete
[2025-11-04 18:18:20] [STDERR] 2025-11-04 18:18:20,685 - gleitzeit.workers.signal_worker - INFO - No waiters for signal processing-complete in workflow workflow-72d17d06-2a7c-4814-9916-9321dfc74316 - keeping in registry
[2025-11-04 18:18:21] [STDERR] 2025-11-04 18:18:21,191 - gleitzeit.workers.signal_worker - INFO - SignalWorker found 2 signals in global registry
[2025-11-04 18:18:21] [STDERR] 2025-11-04 18:18:21,191 - gleitzeit.workers.signal_worker - INFO - Processing registry entry: workflow=workflow-72d17d06-2a7c-4814-9916-9321dfc74316, signal=workflow-completed
[2025-11-04 18:18:21] [STDERR] 2025-11-04 18:18:21,191 - gleitzeit.workers.signal_worker - INFO - No waiters for signal workflow-completed in workflow workflow-72d17d06-2a7c-4814-9916-9321dfc74316 - keeping in registry
[2025-11-04 18:18:21] [STDERR] 2025-11-04 18:18:21,191 - gleitzeit.workers.signal_worker - INFO - Processing registry entry: workflow=workflow-72d17d06-2a7c-4814-9916-9321dfc74316, signal=processing-complete
[2025-11-04 18:18:21] [STDERR] 2025-11-04 18:18:21,191 - gleitzeit.workers.signal_worker - INFO - No waiters for signal processing-complete in workflow workflow-72d17d06-2a7c-4814-9916-9321dfc74316 - keeping in registry
[2025-11-04 18:18:21] [STDERR] 2025-11-04 18:18:21,708 - gleitzeit.workers.signal_worker - INFO - SignalWorker found 2 signals in global registry
[2025-11-04 18:18:21] [STDERR] 2025-11-04 18:18:21,708 - gleitzeit.workers.signal_worker - INFO - Processing registry entry: workflow=workflow-72d17d06-2a7c-4814-9916-9321dfc74316, signal=workflow-completed
[2025-11-04 18:18:21] [STDERR] 2025-11-04 18:18:21,708 - gleitzeit.workers.signal_worker - INFO - No waiters for signal workflow-completed in workflow workflow-72d17d06-2a7c-4814-9916-9321dfc74316 - keeping in registry
[2025-11-04 18:18:21] [STDERR] 2025-11-04 18:18:21,709 - gleitzeit.workers.signal_worker - INFO - Processing registry entry: workflow=workflow-72d17d06-2a7c-4814-9916-9321dfc74316, signal=processing-complete
[2025-11-04 18:18:21] [STDERR] 2025-11-04 18:18:21,709 - gleitzeit.workers.signal_worker - INFO - No waiters for signal processing-complete in workflow workflow-72d17d06-2a7c-4814-9916-9321dfc74316 - keeping in registry
[2025-11-04 18:18:22] [STDERR] 2025-11-04 18:18:22,218 - gleitzeit.workers.signal_worker - INFO - SignalWorker found 2 signals in global registry
[2025-11-04 18:18:22] [STDERR] 2025-11-04 18:18:22,218 - gleitzeit.workers.signal_worker - INFO - Processing registry entry: workflow=workflow-72d17d06-2a7c-4814-9916-9321dfc74316, signal=workflow-completed
[2025-11-04 18:18:22] [STDERR] 2025-11-04 18:18:22,218 - gleitzeit.workers.signal_worker - INFO - No waiters for signal workflow-completed in workflow workflow-72d17d06-2a7c-4814-9916-9321dfc74316 - keeping in registry
[2025-11-04 18:18:22] [STDERR] 2025-11-04 18:18:22,218 - gleitzeit.workers.signal_worker - INFO - Processing registry entry: workflow=workflow-72d17d06-2a7c-4814-9916-9321dfc74316, signal=processing-complete
[2025-11-04 18:18:22] [STDERR] 2025-11-04 18:18:22,218 - gleitzeit.workers.signal_worker - INFO - No waiters for signal processing-complete in workflow workflow-72d17d06-2a7c-4814-9916-9321dfc74316 - keeping in registry
[2025-11-04 18:18:22] [STDERR] 2025-11-04 18:18:22,736 - gleitzeit.workers.signal_worker - INFO - SignalWorker found 2 signals in global registry
[2025-11-04 18:18:22] [STDERR] 2025-11-04 18:18:22,736 - gleitzeit.workers.signal_worker - INFO - Processing registry entry: workflow=workflow-72d17d06-2a7c-4814-9916-9321dfc74316, signal=workflow-completed
[2025-11-04 18:18:22] [STDERR] 2025-11-04 18:18:22,736 - gleitzeit.workers.signal_worker - INFO - No waiters for signal workflow-completed in workflow workflow-72d17d06-2a7c-4814-9916-9321dfc74316 - keeping in registry
[2025-11-04 18:18:22] [STDERR] 2025-11-04 18:18:22,736 - gleitzeit.workers.signal_worker - INFO - Processing registry entry: workflow=workflow-72d17d06-2a7c-4814-9916-9321dfc74316, signal=processing-complete
[2025-11-04 18:18:22] [STDERR] 2025-11-04 18:18:22,737 - gleitzeit.workers.signal_worker - INFO - No waiters for signal processing-complete in workflow workflow-72d17d06-2a7c-4814-9916-9321dfc74316 - keeping in registry
[2025-11-04 18:18:23] [STDERR] 2025-11-04 18:18:23,247 - gleitzeit.workers.signal_worker - INFO - SignalWorker found 2 signals in global registry
[2025-11-04 18:18:23] [STDERR] 2025-11-04 18:18:23,247 - gleitzeit.workers.signal_worker - INFO - Processing registry entry: workflow=workflow-72d17d06-2a7c-4814-9916-9321dfc74316, signal=workflow-completed
[2025-11-04 18:18:23] [STDERR] 2025-11-04 18:18:23,247 - gleitzeit.workers.signal_worker - INFO - No waiters for signal workflow-completed in workflow workflow-72d17d06-2a7c-4814-9916-9321dfc74316 - keeping in registry
[2025-11-04 18:18:23] [STDERR] 2025-11-04 18:18:23,247 - gleitzeit.workers.signal_worker - INFO - Processing registry entry: workflow=workflow-72d17d06-2a7c-4814-9916-9321dfc74316, signal=processing-complete
[2025-11-04 18:18:23] [STDERR] 2025-11-04 18:18:23,248 - gleitzeit.workers.signal_worker - INFO - No waiters for signal processing-complete in workflow workflow-72d17d06-2a7c-4814-9916-9321dfc74316 - keeping in registry
[2025-11-04 18:18:23] [STDERR] 2025-11-04 18:18:23,749 - gleitzeit.workers.signal_worker - INFO - Signal processing loop iteration 160
[2025-11-04 18:18:23] [STDERR] 2025-11-04 18:18:23,766 - gleitzeit.workers.signal_worker - INFO - SignalWorker found 2 signals in global registry
[2025-11-04 18:18:23] [STDERR] 2025-11-04 18:18:23,766 - gleitzeit.workers.signal_worker - INFO - Processing registry entry: workflow=workflow-72d17d06-2a7c-4814-9916-9321dfc74316, signal=workflow-completed
[2025-11-04 18:18:23] [STDERR] 2025-11-04 18:18:23,766 - gleitzeit.workers.signal_worker - INFO - No waiters for signal workflow-completed in workflow workflow-72d17d06-2a7c-4814-9916-9321dfc74316 - keeping in registry
[2025-11-04 18:18:23] [STDERR] 2025-11-04 18:18:23,766 - gleitzeit.workers.signal_worker - INFO - Processing registry entry: workflow=workflow-72d17d06-2a7c-4814-9916-9321dfc74316, signal=processing-complete
[2025-11-04 18:18:23] [STDERR] 2025-11-04 18:18:23,767 - gleitzeit.workers.signal_worker - INFO - No waiters for signal processing-complete in workflow workflow-72d17d06-2a7c-4814-9916-9321dfc74316 - keeping in registry
[2025-11-04 18:18:24] [STDERR] 2025-11-04 18:18:24,274 - gleitzeit.workers.signal_worker - INFO - SignalWorker found 2 signals in global registry
[2025-11-04 18:18:24] [STDERR] 2025-11-04 18:18:24,274 - gleitzeit.workers.signal_worker - INFO - Processing registry entry: workflow=workflow-72d17d06-2a7c-4814-9916-9321dfc74316, signal=workflow-completed
[2025-11-04 18:18:24] [STDERR] 2025-11-04 18:18:24,274 - gleitzeit.workers.signal_worker - INFO - No waiters for signal workflow-completed in workflow workflow-72d17d06-2a7c-4814-9916-9321dfc74316 - keeping in registry
[2025-11-04 18:18:24] [STDERR] 2025-11-04 18:18:24,274 - gleitzeit.workers.signal_worker - INFO - Processing registry entry: workflow=workflow-72d17d06-2a7c-4814-9916-9321dfc74316, signal=processing-complete
[2025-11-04 18:18:24] [STDERR] 2025-11-04 18:18:24,274 - gleitzeit.workers.signal_worker - INFO - No waiters for signal processing-complete in workflow workflow-72d17d06-2a7c-4814-9916-9321dfc74316 - keeping in registry
[2025-11-04 18:18:24] [STDERR] 2025-11-04 18:18:24,792 - gleitzeit.workers.signal_worker - INFO - SignalWorker found 2 signals in global registry
[2025-11-04 18:18:24] [STDERR] 2025-11-04 18:18:24,792 - gleitzeit.workers.signal_worker - INFO - Processing registry entry: workflow=workflow-72d17d06-2a7c-4814-9916-9321dfc74316, signal=workflow-completed
[2025-11-04 18:18:24] [STDERR] 2025-11-04 18:18:24,792 - gleitzeit.workers.signal_worker - INFO - No waiters for signal workflow-completed in workflow workflow-72d17d06-2a7c-4814-9916-9321dfc74316 - keeping in registry
[2025-11-04 18:18:24] [STDERR] 2025-11-04 18:18:24,792 - gleitzeit.workers.signal_worker - INFO - Processing registry entry: workflow=workflow-72d17d06-2a7c-4814-9916-9321dfc74316, signal=processing-complete
[2025-11-04 18:18:24] [STDERR] 2025-11-04 18:18:24,792 - gleitzeit.workers.signal_worker - INFO - No waiters for signal processing-complete in workflow workflow-72d17d06-2a7c-4814-9916-9321dfc74316 - keeping in registry
[2025-11-04 18:18:25] [STDERR] 2025-11-04 18:18:25,304 - gleitzeit.workers.signal_worker - INFO - SignalWorker found 2 signals in global registry
[2025-11-04 18:18:25] [STDERR] 2025-11-04 18:18:25,304 - gleitzeit.workers.signal_worker - INFO - Processing registry entry: workflow=workflow-72d17d06-2a7c-4814-9916-9321dfc74316, signal=workflow-completed
[2025-11-04 18:18:25] [STDERR] 2025-11-04 18:18:25,304 - gleitzeit.workers.signal_worker - INFO - No waiters for signal workflow-completed in workflow workflow-72d17d06-2a7c-4814-9916-9321dfc74316 - keeping in registry
[2025-11-04 18:18:25] [STDERR] 2025-11-04 18:18:25,304 - gleitzeit.workers.signal_worker - INFO - Processing registry entry: workflow=workflow-72d17d06-2a7c-4814-9916-9321dfc74316, signal=processing-complete
[2025-11-04 18:18:25] [STDERR] 2025-11-04 18:18:25,304 - gleitzeit.workers.signal_worker - INFO - No waiters for signal processing-complete in workflow workflow-72d17d06-2a7c-4814-9916-9321dfc74316 - keeping in registry
[2025-11-04 18:18:25] [STDERR] 2025-11-04 18:18:25,812 - gleitzeit.workers.signal_worker - INFO - SignalWorker found 2 signals in global registry
[2025-11-04 18:18:25] [STDERR] 2025-11-04 18:18:25,812 - gleitzeit.workers.signal_worker - INFO - Processing registry entry: workflow=workflow-72d17d06-2a7c-4814-9916-9321dfc74316, signal=workflow-completed
[2025-11-04 18:18:25] [STDERR] 2025-11-04 18:18:25,813 - gleitzeit.workers.signal_worker - INFO - No waiters for signal workflow-completed in workflow workflow-72d17d06-2a7c-4814-9916-9321dfc74316 - keeping in registry
[2025-11-04 18:18:25] [STDERR] 2025-11-04 18:18:25,813 - gleitzeit.workers.signal_worker - INFO - Processing registry entry: workflow=workflow-72d17d06-2a7c-4814-9916-9321dfc74316, signal=processing-complete
[2025-11-04 18:18:25] [STDERR] 2025-11-04 18:18:25,813 - gleitzeit.workers.signal_worker - INFO - No waiters for signal processing-complete in workflow workflow-72d17d06-2a7c-4814-9916-9321dfc74316 - keeping in registry
[2025-11-04 18:18:26] [STDERR] 2025-11-04 18:18:26,333 - gleitzeit.workers.signal_worker - INFO - SignalWorker found 2 signals in global registry
[2025-11-04 18:18:26] [STDERR] 2025-11-04 18:18:26,333 - gleitzeit.workers.signal_worker - INFO - Processing registry entry: workflow=workflow-72d17d06-2a7c-4814-9916-9321dfc74316, signal=workflow-completed
[2025-11-04 18:18:26] [STDERR] 2025-11-04 18:18:26,334 - gleitzeit.workers.signal_worker - INFO - No waiters for signal workflow-completed in workflow workflow-72d17d06-2a7c-4814-9916-9321dfc74316 - keeping in registry
[2025-11-04 18:18:26] [STDERR] 2025-11-04 18:18:26,334 - gleitzeit.workers.signal_worker - INFO - Processing registry entry: workflow=workflow-72d17d06-2a7c-4814-9916-9321dfc74316, signal=processing-complete
[2025-11-04 18:18:26] [STDERR] 2025-11-04 18:18:26,334 - gleitzeit.workers.signal_worker - INFO - No waiters for signal processing-complete in workflow workflow-72d17d06-2a7c-4814-9916-9321dfc74316 - keeping in registry
[2025-11-04 18:18:26] [STDERR] 2025-11-04 18:18:26,840 - gleitzeit.workers.signal_worker - INFO - SignalWorker found 2 signals in global registry
[2025-11-04 18:18:26] [STDERR] 2025-11-04 18:18:26,840 - gleitzeit.workers.signal_worker - INFO - Processing registry entry: workflow=workflow-72d17d06-2a7c-4814-9916-9321dfc74316, signal=workflow-completed
[2025-11-04 18:18:26] [STDERR] 2025-11-04 18:18:26,840 - gleitzeit.workers.signal_worker - INFO - No waiters for signal workflow-completed in workflow workflow-72d17d06-2a7c-4814-9916-9321dfc74316 - keeping in registry
[2025-11-04 18:18:26] [STDERR] 2025-11-04 18:18:26,840 - gleitzeit.workers.signal_worker - INFO - Processing registry entry: workflow=workflow-72d17d06-2a7c-4814-9916-9321dfc74316, signal=processing-complete
[2025-11-04 18:18:26] [STDERR] 2025-11-04 18:18:26,841 - gleitzeit.workers.signal_worker - INFO - No waiters for signal processing-complete in workflow workflow-72d17d06-2a7c-4814-9916-9321dfc74316 - keeping in registry
[2025-11-04 18:18:27] [STDERR] 2025-11-04 18:18:27,355 - gleitzeit.workers.signal_worker - INFO - SignalWorker found 2 signals in global registry
[2025-11-04 18:18:27] [STDERR] 2025-11-04 18:18:27,355 - gleitzeit.workers.signal_worker - INFO - Processing registry entry: workflow=workflow-72d17d06-2a7c-4814-9916-9321dfc74316, signal=workflow-completed
[2025-11-04 18:18:27] [STDERR] 2025-11-04 18:18:27,355 - gleitzeit.workers.signal_worker - INFO - No waiters for signal workflow-completed in workflow workflow-72d17d06-2a7c-4814-9916-9321dfc74316 - keeping in registry
[2025-11-04 18:18:27] [STDERR] 2025-11-04 18:18:27,355 - gleitzeit.workers.signal_worker - INFO - Processing registry entry: workflow=workflow-72d17d06-2a7c-4814-9916-9321dfc74316, signal=processing-complete
[2025-11-04 18:18:27] [STDERR] 2025-11-04 18:18:27,355 - gleitzeit.workers.signal_worker - INFO - No waiters for signal processing-complete in workflow workflow-72d17d06-2a7c-4814-9916-9321dfc74316 - keeping in registry
[2025-11-04 18:18:27] [STDERR] 2025-11-04 18:18:27,863 - gleitzeit.workers.signal_worker - INFO - SignalWorker found 2 signals in global registry
[2025-11-04 18:18:27] [STDERR] 2025-11-04 18:18:27,863 - gleitzeit.workers.signal_worker - INFO - Processing registry entry: workflow=workflow-72d17d06-2a7c-4814-9916-9321dfc74316, signal=workflow-completed
[2025-11-04 18:18:27] [STDERR] 2025-11-04 18:18:27,863 - gleitzeit.workers.signal_worker - INFO - No waiters for signal workflow-completed in workflow workflow-72d17d06-2a7c-4814-9916-9321dfc74316 - keeping in registry
[2025-11-04 18:18:27] [STDERR] 2025-11-04 18:18:27,863 - gleitzeit.workers.signal_worker - INFO - Processing registry entry: workflow=workflow-72d17d06-2a7c-4814-9916-9321dfc74316, signal=processing-complete
[2025-11-04 18:18:27] [STDERR] 2025-11-04 18:18:27,863 - gleitzeit.workers.signal_worker - INFO - No waiters for signal processing-complete in workflow workflow-72d17d06-2a7c-4814-9916-9321dfc74316 - keeping in registry
[2025-11-04 18:18:28] [STDERR] 2025-11-04 18:18:28,379 - gleitzeit.workers.signal_worker - INFO - SignalWorker found 2 signals in global registry
[2025-11-04 18:18:28] [STDERR] 2025-11-04 18:18:28,379 - gleitzeit.workers.signal_worker - INFO - Processing registry entry: workflow=workflow-72d17d06-2a7c-4814-9916-9321dfc74316, signal=workflow-completed
[2025-11-04 18:18:28] [STDERR] 2025-11-04 18:18:28,379 - gleitzeit.workers.signal_worker - INFO - No waiters for signal workflow-completed in workflow workflow-72d17d06-2a7c-4814-9916-9321dfc74316 - keeping in registry
[2025-11-04 18:18:28] [STDERR] 2025-11-04 18:18:28,379 - gleitzeit.workers.signal_worker - INFO - Processing registry entry: workflow=workflow-72d17d06-2a7c-4814-9916-9321dfc74316, signal=processing-complete
[2025-11-04 18:18:28] [STDERR] 2025-11-04 18:18:28,379 - gleitzeit.workers.signal_worker - INFO - No waiters for signal processing-complete in workflow workflow-72d17d06-2a7c-4814-9916-9321dfc74316 - keeping in registry
[2025-11-04 18:18:28] [STDERR] 2025-11-04 18:18:28,887 - gleitzeit.workers.signal_worker - INFO - SignalWorker found 2 signals in global registry
[2025-11-04 18:18:28] [STDERR] 2025-11-04 18:18:28,887 - gleitzeit.workers.signal_worker - INFO - Processing registry entry: workflow=workflow-72d17d06-2a7c-4814-9916-9321dfc74316, signal=workflow-completed
[2025-11-04 18:18:28] [STDERR] 2025-11-04 18:18:28,887 - gleitzeit.workers.signal_worker - INFO - No waiters for signal workflow-completed in workflow workflow-72d17d06-2a7c-4814-9916-9321dfc74316 - keeping in registry
[2025-11-04 18:18:28] [STDERR] 2025-11-04 18:18:28,887 - gleitzeit.workers.signal_worker - INFO - Processing registry entry: workflow=workflow-72d17d06-2a7c-4814-9916-9321dfc74316, signal=processing-complete
[2025-11-04 18:18:28] [STDERR] 2025-11-04 18:18:28,887 - gleitzeit.workers.signal_worker - INFO - No waiters for signal processing-complete in workflow workflow-72d17d06-2a7c-4814-9916-9321dfc74316 - keeping in registry
[2025-11-04 18:18:29] [STDERR] 2025-11-04 18:18:29,405 - gleitzeit.workers.signal_worker - INFO - SignalWorker found 2 signals in global registry
[2025-11-04 18:18:29] [STDERR] 2025-11-04 18:18:29,405 - gleitzeit.workers.signal_worker - INFO - Processing registry entry: workflow=workflow-72d17d06-2a7c-4814-9916-9321dfc74316, signal=workflow-completed
[2025-11-04 18:18:29] [STDERR] 2025-11-04 18:18:29,406 - gleitzeit.workers.signal_worker - INFO - No waiters for signal workflow-completed in workflow workflow-72d17d06-2a7c-4814-9916-9321dfc74316 - keeping in registry
[2025-11-04 18:18:29] [STDERR] 2025-11-04 18:18:29,406 - gleitzeit.workers.signal_worker - INFO - Processing registry entry: workflow=workflow-72d17d06-2a7c-4814-9916-9321dfc74316, signal=processing-complete
[2025-11-04 18:18:29] [STDERR] 2025-11-04 18:18:29,406 - gleitzeit.workers.signal_worker - INFO - No waiters for signal processing-complete in workflow workflow-72d17d06-2a7c-4814-9916-9321dfc74316 - keeping in registry
[2025-11-04 18:18:29] [STDERR] 2025-11-04 18:18:29,912 - gleitzeit.workers.signal_worker - INFO - SignalWorker found 2 signals in global registry
[2025-11-04 18:18:29] [STDERR] 2025-11-04 18:18:29,912 - gleitzeit.workers.signal_worker - INFO - Processing registry entry: workflow=workflow-72d17d06-2a7c-4814-9916-9321dfc74316, signal=workflow-completed
[2025-11-04 18:18:29] [STDERR] 2025-11-04 18:18:29,912 - gleitzeit.workers.signal_worker - INFO - No waiters for signal workflow-completed in workflow workflow-72d17d06-2a7c-4814-9916-9321dfc74316 - keeping in registry
[2025-11-04 18:18:29] [STDERR] 2025-11-04 18:18:29,912 - gleitzeit.workers.signal_worker - INFO - Processing registry entry: workflow=workflow-72d17d06-2a7c-4814-9916-9321dfc74316, signal=processing-complete
[2025-11-04 18:18:29] [STDERR] 2025-11-04 18:18:29,912 - gleitzeit.workers.signal_worker - INFO - No waiters for signal processing-complete in workflow workflow-72d17d06-2a7c-4814-9916-9321dfc74316 - keeping in registry
[2025-11-04 18:18:30] [STDERR] 2025-11-04 18:18:30,426 - gleitzeit.workers.signal_worker - INFO - SignalWorker found 2 signals in global registry
[2025-11-04 18:18:30] [STDERR] 2025-11-04 18:18:30,426 - gleitzeit.workers.signal_worker - INFO - Processing registry entry: workflow=workflow-72d17d06-2a7c-4814-9916-9321dfc74316, signal=workflow-completed
[2025-11-04 18:18:30] [STDERR] 2025-11-04 18:18:30,426 - gleitzeit.workers.signal_worker - INFO - No waiters for signal workflow-completed in workflow workflow-72d17d06-2a7c-4814-9916-9321dfc74316 - keeping in registry
[2025-11-04 18:18:30] [STDERR] 2025-11-04 18:18:30,426 - gleitzeit.workers.signal_worker - INFO - Processing registry entry: workflow=workflow-72d17d06-2a7c-4814-9916-9321dfc74316, signal=processing-complete
[2025-11-04 18:18:30] [STDERR] 2025-11-04 18:18:30,426 - gleitzeit.workers.signal_worker - INFO - No waiters for signal processing-complete in workflow workflow-72d17d06-2a7c-4814-9916-9321dfc74316 - keeping in registry
[2025-11-04 18:18:30] [STDERR] 2025-11-04 18:18:30,934 - gleitzeit.workers.signal_worker - INFO - SignalWorker found 2 signals in global registry
[2025-11-04 18:18:30] [STDERR] 2025-11-04 18:18:30,934 - gleitzeit.workers.signal_worker - INFO - Processing registry entry: workflow=workflow-72d17d06-2a7c-4814-9916-9321dfc74316, signal=workflow-completed
[2025-11-04 18:18:30] [STDERR] 2025-11-04 18:18:30,934 - gleitzeit.workers.signal_worker - INFO - No waiters for signal workflow-completed in workflow workflow-72d17d06-2a7c-4814-9916-9321dfc74316 - keeping in registry
[2025-11-04 18:18:30] [STDERR] 2025-11-04 18:18:30,934 - gleitzeit.workers.signal_worker - INFO - Processing registry entry: workflow=workflow-72d17d06-2a7c-4814-9916-9321dfc74316, signal=processing-complete
[2025-11-04 18:18:30] [STDERR] 2025-11-04 18:18:30,934 - gleitzeit.workers.signal_worker - INFO - No waiters for signal processing-complete in workflow workflow-72d17d06-2a7c-4814-9916-9321dfc74316 - keeping in registry
[2025-11-04 18:18:31] [STDERR] 2025-11-04 18:18:31,444 - gleitzeit.workers.signal_worker - INFO - SignalWorker found 2 signals in global registry
[2025-11-04 18:18:31] [STDERR] 2025-11-04 18:18:31,444 - gleitzeit.workers.signal_worker - INFO - Processing registry entry: workflow=workflow-72d17d06-2a7c-4814-9916-9321dfc74316, signal=workflow-completed
[2025-11-04 18:18:31] [STDERR] 2025-11-04 18:18:31,444 - gleitzeit.workers.signal_worker - INFO - No waiters for signal workflow-completed in workflow workflow-72d17d06-2a7c-4814-9916-9321dfc74316 - keeping in registry
[2025-11-04 18:18:31] [STDERR] 2025-11-04 18:18:31,444 - gleitzeit.workers.signal_worker - INFO - Processing registry entry: workflow=workflow-72d17d06-2a7c-4814-9916-9321dfc74316, signal=processing-complete
[2025-11-04 18:18:31] [STDERR] 2025-11-04 18:18:31,444 - gleitzeit.workers.signal_worker - INFO - No waiters for signal processing-complete in workflow workflow-72d17d06-2a7c-4814-9916-9321dfc74316 - keeping in registry
[2025-11-04 18:18:31] [STDERR] 2025-11-04 18:18:31,953 - gleitzeit.workers.signal_worker - INFO - SignalWorker found 2 signals in global registry
[2025-11-04 18:18:31] [STDERR] 2025-11-04 18:18:31,953 - gleitzeit.workers.signal_worker - INFO - Processing registry entry: workflow=workflow-72d17d06-2a7c-4814-9916-9321dfc74316, signal=workflow-completed
[2025-11-04 18:18:31] [STDERR] 2025-11-04 18:18:31,953 - gleitzeit.workers.signal_worker - INFO - No waiters for signal workflow-completed in workflow workflow-72d17d06-2a7c-4814-9916-9321dfc74316 - keeping in registry
[2025-11-04 18:18:31] [STDERR] 2025-11-04 18:18:31,953 - gleitzeit.workers.signal_worker - INFO - Processing registry entry: workflow=workflow-72d17d06-2a7c-4814-9916-9321dfc74316, signal=processing-complete
[2025-11-04 18:18:31] [STDERR] 2025-11-04 18:18:31,954 - gleitzeit.workers.signal_worker - INFO - No waiters for signal processing-complete in workflow workflow-72d17d06-2a7c-4814-9916-9321dfc74316 - keeping in registry
[2025-11-04 18:18:32] [STDERR] 2025-11-04 18:18:32,465 - gleitzeit.workers.signal_worker - INFO - SignalWorker found 2 signals in global registry
[2025-11-04 18:18:32] [STDERR] 2025-11-04 18:18:32,465 - gleitzeit.workers.signal_worker - INFO - Processing registry entry: workflow=workflow-72d17d06-2a7c-4814-9916-9321dfc74316, signal=workflow-completed
[2025-11-04 18:18:32] [STDERR] 2025-11-04 18:18:32,465 - gleitzeit.workers.signal_worker - INFO - No waiters for signal workflow-completed in workflow workflow-72d17d06-2a7c-4814-9916-9321dfc74316 - keeping in registry
[2025-11-04 18:18:32] [STDERR] 2025-11-04 18:18:32,465 - gleitzeit.workers.signal_worker - INFO - Processing registry entry: workflow=workflow-72d17d06-2a7c-4814-9916-9321dfc74316, signal=processing-complete
[2025-11-04 18:18:32] [STDERR] 2025-11-04 18:18:32,465 - gleitzeit.workers.signal_worker - INFO - No waiters for signal processing-complete in workflow workflow-72d17d06-2a7c-4814-9916-9321dfc74316 - keeping in registry
[2025-11-04 18:18:32] [STDERR] 2025-11-04 18:18:32,981 - gleitzeit.workers.signal_worker - INFO - SignalWorker found 2 signals in global registry
[2025-11-04 18:18:32] [STDERR] 2025-11-04 18:18:32,981 - gleitzeit.workers.signal_worker - INFO - Processing registry entry: workflow=workflow-72d17d06-2a7c-4814-9916-9321dfc74316, signal=workflow-completed
[2025-11-04 18:18:32] [STDERR] 2025-11-04 18:18:32,982 - gleitzeit.workers.signal_worker - INFO - No waiters for signal workflow-completed in workflow workflow-72d17d06-2a7c-4814-9916-9321dfc74316 - keeping in registry
[2025-11-04 18:18:32] [STDERR] 2025-11-04 18:18:32,982 - gleitzeit.workers.signal_worker - INFO - Processing registry entry: workflow=workflow-72d17d06-2a7c-4814-9916-9321dfc74316, signal=processing-complete
[2025-11-04 18:18:32] [STDERR] 2025-11-04 18:18:32,982 - gleitzeit.workers.signal_worker - INFO - No waiters for signal processing-complete in workflow workflow-72d17d06-2a7c-4814-9916-9321dfc74316 - keeping in registry
[2025-11-04 18:18:33] [STDERR] 2025-11-04 18:18:33,491 - gleitzeit.workers.signal_worker - INFO - SignalWorker found 2 signals in global registry
[2025-11-04 18:18:33] [STDERR] 2025-11-04 18:18:33,491 - gleitzeit.workers.signal_worker - INFO - Processing registry entry: workflow=workflow-72d17d06-2a7c-4814-9916-9321dfc74316, signal=workflow-completed
[2025-11-04 18:18:33] [STDERR] 2025-11-04 18:18:33,491 - gleitzeit.workers.signal_worker - INFO - No waiters for signal workflow-completed in workflow workflow-72d17d06-2a7c-4814-9916-9321dfc74316 - keeping in registry
[2025-11-04 18:18:33] [STDERR] 2025-11-04 18:18:33,492 - gleitzeit.workers.signal_worker - INFO - Processing registry entry: workflow=workflow-72d17d06-2a7c-4814-9916-9321dfc74316, signal=processing-complete
[2025-11-04 18:18:33] [STDERR] 2025-11-04 18:18:33,492 - gleitzeit.workers.signal_worker - INFO - No waiters for signal processing-complete in workflow workflow-72d17d06-2a7c-4814-9916-9321dfc74316 - keeping in registry
[2025-11-04 18:18:33] [STDERR] 2025-11-04 18:18:33,992 - gleitzeit.workers.signal_worker - INFO - Signal processing loop iteration 180
[2025-11-04 18:18:33] [STDERR] 2025-11-04 18:18:33,999 - gleitzeit.workers.signal_worker - INFO - SignalWorker found 2 signals in global registry
[2025-11-04 18:18:33] [STDERR] 2025-11-04 18:18:33,999 - gleitzeit.workers.signal_worker - INFO - Processing registry entry: workflow=workflow-72d17d06-2a7c-4814-9916-9321dfc74316, signal=workflow-completed
[2025-11-04 18:18:33] [STDERR] 2025-11-04 18:18:33,999 - gleitzeit.workers.signal_worker - INFO - No waiters for signal workflow-completed in workflow workflow-72d17d06-2a7c-4814-9916-9321dfc74316 - keeping in registry
[2025-11-04 18:18:33] [STDERR] 2025-11-04 18:18:33,999 - gleitzeit.workers.signal_worker - INFO - Processing registry entry: workflow=workflow-72d17d06-2a7c-4814-9916-9321dfc74316, signal=processing-complete
[2025-11-04 18:18:33] [STDERR] 2025-11-04 18:18:33,999 - gleitzeit.workers.signal_worker - INFO - No waiters for signal processing-complete in workflow workflow-72d17d06-2a7c-4814-9916-9321dfc74316 - keeping in registry
[2025-11-04 18:18:34] [STDERR] 2025-11-04 18:18:34,506 - gleitzeit.workers.signal_worker - INFO - SignalWorker found 2 signals in global registry
[2025-11-04 18:18:34] [STDERR] 2025-11-04 18:18:34,506 - gleitzeit.workers.signal_worker - INFO - Processing registry entry: workflow=workflow-72d17d06-2a7c-4814-9916-9321dfc74316, signal=workflow-completed
[2025-11-04 18:18:34] [STDERR] 2025-11-04 18:18:34,506 - gleitzeit.workers.signal_worker - INFO - No waiters for signal workflow-completed in workflow workflow-72d17d06-2a7c-4814-9916-9321dfc74316 - keeping in registry
[2025-11-04 18:18:34] [STDERR] 2025-11-04 18:18:34,506 - gleitzeit.workers.signal_worker - INFO - Processing registry entry: workflow=workflow-72d17d06-2a7c-4814-9916-9321dfc74316, signal=processing-complete
[2025-11-04 18:18:34] [STDERR] 2025-11-04 18:18:34,506 - gleitzeit.workers.signal_worker - INFO - No waiters for signal processing-complete in workflow workflow-72d17d06-2a7c-4814-9916-9321dfc74316 - keeping in registry
[2025-11-04 18:18:35] [STDERR] 2025-11-04 18:18:35,023 - gleitzeit.workers.signal_worker - INFO - SignalWorker found 2 signals in global registry
[2025-11-04 18:18:35] [STDERR] 2025-11-04 18:18:35,024 - gleitzeit.workers.signal_worker - INFO - Processing registry entry: workflow=workflow-72d17d06-2a7c-4814-9916-9321dfc74316, signal=workflow-completed
[2025-11-04 18:18:35] [STDERR] 2025-11-04 18:18:35,024 - gleitzeit.workers.signal_worker - INFO - No waiters for signal workflow-completed in workflow workflow-72d17d06-2a7c-4814-9916-9321dfc74316 - keeping in registry
[2025-11-04 18:18:35] [STDERR] 2025-11-04 18:18:35,024 - gleitzeit.workers.signal_worker - INFO - Processing registry entry: workflow=workflow-72d17d06-2a7c-4814-9916-9321dfc74316, signal=processing-complete
[2025-11-04 18:18:35] [STDERR] 2025-11-04 18:18:35,024 - gleitzeit.workers.signal_worker - INFO - No waiters for signal processing-complete in workflow workflow-72d17d06-2a7c-4814-9916-9321dfc74316 - keeping in registry
[2025-11-04 18:18:35] [STDERR] 2025-11-04 18:18:35,531 - gleitzeit.workers.signal_worker - INFO - SignalWorker found 2 signals in global registry
[2025-11-04 18:18:35] [STDERR] 2025-11-04 18:18:35,531 - gleitzeit.workers.signal_worker - INFO - Processing registry entry: workflow=workflow-72d17d06-2a7c-4814-9916-9321dfc74316, signal=workflow-completed
[2025-11-04 18:18:35] [STDERR] 2025-11-04 18:18:35,531 - gleitzeit.workers.signal_worker - INFO - No waiters for signal workflow-completed in workflow workflow-72d17d06-2a7c-4814-9916-9321dfc74316 - keeping in registry
[2025-11-04 18:18:35] [STDERR] 2025-11-04 18:18:35,531 - gleitzeit.workers.signal_worker - INFO - Processing registry entry: workflow=workflow-72d17d06-2a7c-4814-9916-9321dfc74316, signal=processing-complete
[2025-11-04 18:18:35] [STDERR] 2025-11-04 18:18:35,531 - gleitzeit.workers.signal_worker - INFO - No waiters for signal processing-complete in workflow workflow-72d17d06-2a7c-4814-9916-9321dfc74316 - keeping in registry
[2025-11-04 18:18:36] [STDERR] 2025-11-04 18:18:36,050 - gleitzeit.workers.signal_worker - INFO - SignalWorker found 2 signals in global registry
[2025-11-04 18:18:36] [STDERR] 2025-11-04 18:18:36,051 - gleitzeit.workers.signal_worker - INFO - Processing registry entry: workflow=workflow-72d17d06-2a7c-4814-9916-9321dfc74316, signal=workflow-completed
[2025-11-04 18:18:36] [STDERR] 2025-11-04 18:18:36,051 - gleitzeit.workers.signal_worker - INFO - No waiters for signal workflow-completed in workflow workflow-72d17d06-2a7c-4814-9916-9321dfc74316 - keeping in registry
[2025-11-04 18:18:36] [STDERR] 2025-11-04 18:18:36,051 - gleitzeit.workers.signal_worker - INFO - Processing registry entry: workflow=workflow-72d17d06-2a7c-4814-9916-9321dfc74316, signal=processing-complete
[2025-11-04 18:18:36] [STDERR] 2025-11-04 18:18:36,051 - gleitzeit.workers.signal_worker - INFO - No waiters for signal processing-complete in workflow workflow-72d17d06-2a7c-4814-9916-9321dfc74316 - keeping in registry
[2025-11-04 18:18:36] [STDERR] 2025-11-04 18:18:36,558 - gleitzeit.workers.signal_worker - INFO - SignalWorker found 2 signals in global registry
[2025-11-04 18:18:36] [STDERR] 2025-11-04 18:18:36,558 - gleitzeit.workers.signal_worker - INFO - Processing registry entry: workflow=workflow-72d17d06-2a7c-4814-9916-9321dfc74316, signal=workflow-completed
[2025-11-04 18:18:36] [STDERR] 2025-11-04 18:18:36,558 - gleitzeit.workers.signal_worker - INFO - No waiters for signal workflow-completed in workflow workflow-72d17d06-2a7c-4814-9916-9321dfc74316 - keeping in registry
[2025-11-04 18:18:36] [STDERR] 2025-11-04 18:18:36,558 - gleitzeit.workers.signal_worker - INFO - Processing registry entry: workflow=workflow-72d17d06-2a7c-4814-9916-9321dfc74316, signal=processing-complete
[2025-11-04 18:18:36] [STDERR] 2025-11-04 18:18:36,558 - gleitzeit.workers.signal_worker - INFO - No waiters for signal processing-complete in workflow workflow-72d17d06-2a7c-4814-9916-9321dfc74316 - keeping in registry
[2025-11-04 18:18:37] [STDERR] 2025-11-04 18:18:37,065 - gleitzeit.workers.signal_worker - INFO - SignalWorker found 2 signals in global registry
[2025-11-04 18:18:37] [STDERR] 2025-11-04 18:18:37,065 - gleitzeit.workers.signal_worker - INFO - Processing registry entry: workflow=workflow-72d17d06-2a7c-4814-9916-9321dfc74316, signal=workflow-completed
[2025-11-04 18:18:37] [STDERR] 2025-11-04 18:18:37,065 - gleitzeit.workers.signal_worker - INFO - No waiters for signal workflow-completed in workflow workflow-72d17d06-2a7c-4814-9916-9321dfc74316 - keeping in registry
[2025-11-04 18:18:37] [STDERR] 2025-11-04 18:18:37,065 - gleitzeit.workers.signal_worker - INFO - Processing registry entry: workflow=workflow-72d17d06-2a7c-4814-9916-9321dfc74316, signal=processing-complete
[2025-11-04 18:18:37] [STDERR] 2025-11-04 18:18:37,066 - gleitzeit.workers.signal_worker - INFO - No waiters for signal processing-complete in workflow workflow-72d17d06-2a7c-4814-9916-9321dfc74316 - keeping in registry
[2025-11-04 18:18:37] [STDERR] 2025-11-04 18:18:37,571 - gleitzeit.workers.signal_worker - INFO - SignalWorker found 2 signals in global registry
[2025-11-04 18:18:37] [STDERR] 2025-11-04 18:18:37,571 - gleitzeit.workers.signal_worker - INFO - Processing registry entry: workflow=workflow-72d17d06-2a7c-4814-9916-9321dfc74316, signal=workflow-completed
[2025-11-04 18:18:37] [STDERR] 2025-11-04 18:18:37,572 - gleitzeit.workers.signal_worker - INFO - No waiters for signal workflow-completed in workflow workflow-72d17d06-2a7c-4814-9916-9321dfc74316 - keeping in registry
[2025-11-04 18:18:37] [STDERR] 2025-11-04 18:18:37,572 - gleitzeit.workers.signal_worker - INFO - Processing registry entry: workflow=workflow-72d17d06-2a7c-4814-9916-9321dfc74316, signal=processing-complete
[2025-11-04 18:18:37] [STDERR] 2025-11-04 18:18:37,572 - gleitzeit.workers.signal_worker - INFO - No waiters for signal processing-complete in workflow workflow-72d17d06-2a7c-4814-9916-9321dfc74316 - keeping in registry
[2025-11-04 18:18:38] [STDERR] 2025-11-04 18:18:38,078 - gleitzeit.workers.signal_worker - INFO - SignalWorker found 2 signals in global registry
[2025-11-04 18:18:38] [STDERR] 2025-11-04 18:18:38,078 - gleitzeit.workers.signal_worker - INFO - Processing registry entry: workflow=workflow-72d17d06-2a7c-4814-9916-9321dfc74316, signal=workflow-completed
[2025-11-04 18:18:38] [STDERR] 2025-11-04 18:18:38,078 - gleitzeit.workers.signal_worker - INFO - No waiters for signal workflow-completed in workflow workflow-72d17d06-2a7c-4814-9916-9321dfc74316 - keeping in registry
[2025-11-04 18:18:38] [STDERR] 2025-11-04 18:18:38,078 - gleitzeit.workers.signal_worker - INFO - Processing registry entry: workflow=workflow-72d17d06-2a7c-4814-9916-9321dfc74316, signal=processing-complete
[2025-11-04 18:18:38] [STDERR] 2025-11-04 18:18:38,078 - gleitzeit.workers.signal_worker - INFO - No waiters for signal processing-complete in workflow workflow-72d17d06-2a7c-4814-9916-9321dfc74316 - keeping in registry
[2025-11-04 18:18:38] [STDERR] 2025-11-04 18:18:38,588 - gleitzeit.workers.signal_worker - INFO - SignalWorker found 2 signals in global registry
[2025-11-04 18:18:38] [STDERR] 2025-11-04 18:18:38,588 - gleitzeit.workers.signal_worker - INFO - Processing registry entry: workflow=workflow-72d17d06-2a7c-4814-9916-9321dfc74316, signal=workflow-completed
[2025-11-04 18:18:38] [STDERR] 2025-11-04 18:18:38,588 - gleitzeit.workers.signal_worker - INFO - No waiters for signal workflow-completed in workflow workflow-72d17d06-2a7c-4814-9916-9321dfc74316 - keeping in registry
[2025-11-04 18:18:38] [STDERR] 2025-11-04 18:18:38,588 - gleitzeit.workers.signal_worker - INFO - Processing registry entry: workflow=workflow-72d17d06-2a7c-4814-9916-9321dfc74316, signal=processing-complete
[2025-11-04 18:18:38] [STDERR] 2025-11-04 18:18:38,588 - gleitzeit.workers.signal_worker - INFO - No waiters for signal processing-complete in workflow workflow-72d17d06-2a7c-4814-9916-9321dfc74316 - keeping in registry
[2025-11-04 18:18:39] [STDERR] 2025-11-04 18:18:39,094 - gleitzeit.workers.signal_worker - INFO - SignalWorker found 2 signals in global registry
[2025-11-04 18:18:39] [STDERR] 2025-11-04 18:18:39,095 - gleitzeit.workers.signal_worker - INFO - Processing registry entry: workflow=workflow-72d17d06-2a7c-4814-9916-9321dfc74316, signal=workflow-completed
[2025-11-04 18:18:39] [STDERR] 2025-11-04 18:18:39,095 - gleitzeit.workers.signal_worker - INFO - No waiters for signal workflow-completed in workflow workflow-72d17d06-2a7c-4814-9916-9321dfc74316 - keeping in registry
[2025-11-04 18:18:39] [STDERR] 2025-11-04 18:18:39,095 - gleitzeit.workers.signal_worker - INFO - Processing registry entry: workflow=workflow-72d17d06-2a7c-4814-9916-9321dfc74316, signal=processing-complete
[2025-11-04 18:18:39] [STDERR] 2025-11-04 18:18:39,095 - gleitzeit.workers.signal_worker - INFO - No waiters for signal processing-complete in workflow workflow-72d17d06-2a7c-4814-9916-9321dfc74316 - keeping in registry
[2025-11-04 18:18:39] [STDERR] 2025-11-04 18:18:39,615 - gleitzeit.workers.signal_worker - INFO - SignalWorker found 2 signals in global registry
[2025-11-04 18:18:39] [STDERR] 2025-11-04 18:18:39,615 - gleitzeit.workers.signal_worker - INFO - Processing registry entry: workflow=workflow-72d17d06-2a7c-4814-9916-9321dfc74316, signal=workflow-completed
[2025-11-04 18:18:39] [STDERR] 2025-11-04 18:18:39,615 - gleitzeit.workers.signal_worker - INFO - No waiters for signal workflow-completed in workflow workflow-72d17d06-2a7c-4814-9916-9321dfc74316 - keeping in registry
[2025-11-04 18:18:39] [STDERR] 2025-11-04 18:18:39,615 - gleitzeit.workers.signal_worker - INFO - Processing registry entry: workflow=workflow-72d17d06-2a7c-4814-9916-9321dfc74316, signal=processing-complete
[2025-11-04 18:18:39] [STDERR] 2025-11-04 18:18:39,615 - gleitzeit.workers.signal_worker - INFO - No waiters for signal processing-complete in workflow workflow-72d17d06-2a7c-4814-9916-9321dfc74316 - keeping in registry
[2025-11-04 18:18:40] [STDERR] 2025-11-04 18:18:40,125 - gleitzeit.workers.signal_worker - INFO - SignalWorker found 2 signals in global registry
[2025-11-04 18:18:40] [STDERR] 2025-11-04 18:18:40,125 - gleitzeit.workers.signal_worker - INFO - Processing registry entry: workflow=workflow-72d17d06-2a7c-4814-9916-9321dfc74316, signal=workflow-completed
[2025-11-04 18:18:40] [STDERR] 2025-11-04 18:18:40,126 - gleitzeit.workers.signal_worker - INFO - No waiters for signal workflow-completed in workflow workflow-72d17d06-2a7c-4814-9916-9321dfc74316 - keeping in registry
[2025-11-04 18:18:40] [STDERR] 2025-11-04 18:18:40,126 - gleitzeit.workers.signal_worker - INFO - Processing registry entry: workflow=workflow-72d17d06-2a7c-4814-9916-9321dfc74316, signal=processing-complete
[2025-11-04 18:18:40] [STDERR] 2025-11-04 18:18:40,126 - gleitzeit.workers.signal_worker - INFO - No waiters for signal processing-complete in workflow workflow-72d17d06-2a7c-4814-9916-9321dfc74316 - keeping in registry
[2025-11-04 18:18:40] [STDERR] 2025-11-04 18:18:40,644 - gleitzeit.workers.signal_worker - INFO - SignalWorker found 2 signals in global registry
[2025-11-04 18:18:40] [STDERR] 2025-11-04 18:18:40,644 - gleitzeit.workers.signal_worker - INFO - Processing registry entry: workflow=workflow-72d17d06-2a7c-4814-9916-9321dfc74316, signal=workflow-completed
[2025-11-04 18:18:40] [STDERR] 2025-11-04 18:18:40,644 - gleitzeit.workers.signal_worker - INFO - No waiters for signal workflow-completed in workflow workflow-72d17d06-2a7c-4814-9916-9321dfc74316 - keeping in registry
[2025-11-04 18:18:40] [STDERR] 2025-11-04 18:18:40,644 - gleitzeit.workers.signal_worker - INFO - Processing registry entry: workflow=workflow-72d17d06-2a7c-4814-9916-9321dfc74316, signal=processing-complete
[2025-11-04 18:18:40] [STDERR] 2025-11-04 18:18:40,644 - gleitzeit.workers.signal_worker - INFO - No waiters for signal processing-complete in workflow workflow-72d17d06-2a7c-4814-9916-9321dfc74316 - keeping in registry
[2025-11-04 18:18:41] [STDERR] 2025-11-04 18:18:41,151 - gleitzeit.workers.signal_worker - INFO - SignalWorker found 2 signals in global registry
[2025-11-04 18:18:41] [STDERR] 2025-11-04 18:18:41,151 - gleitzeit.workers.signal_worker - INFO - Processing registry entry: workflow=workflow-72d17d06-2a7c-4814-9916-9321dfc74316, signal=workflow-completed
[2025-11-04 18:18:41] [STDERR] 2025-11-04 18:18:41,152 - gleitzeit.workers.signal_worker - INFO - No waiters for signal workflow-completed in workflow workflow-72d17d06-2a7c-4814-9916-9321dfc74316 - keeping in registry
[2025-11-04 18:18:41] [STDERR] 2025-11-04 18:18:41,152 - gleitzeit.workers.signal_worker - INFO - Processing registry entry: workflow=workflow-72d17d06-2a7c-4814-9916-9321dfc74316, signal=processing-complete
[2025-11-04 18:18:41] [STDERR] 2025-11-04 18:18:41,152 - gleitzeit.workers.signal_worker - INFO - No waiters for signal processing-complete in workflow workflow-72d17d06-2a7c-4814-9916-9321dfc74316 - keeping in registry
[2025-11-04 18:18:41] [STDERR] 2025-11-04 18:18:41,666 - gleitzeit.workers.signal_worker - INFO - SignalWorker found 2 signals in global registry
[2025-11-04 18:18:41] [STDERR] 2025-11-04 18:18:41,666 - gleitzeit.workers.signal_worker - INFO - Processing registry entry: workflow=workflow-72d17d06-2a7c-4814-9916-9321dfc74316, signal=workflow-completed
[2025-11-04 18:18:41] [STDERR] 2025-11-04 18:18:41,667 - gleitzeit.workers.signal_worker - INFO - No waiters for signal workflow-completed in workflow workflow-72d17d06-2a7c-4814-9916-9321dfc74316 - keeping in registry
[2025-11-04 18:18:41] [STDERR] 2025-11-04 18:18:41,667 - gleitzeit.workers.signal_worker - INFO - Processing registry entry: workflow=workflow-72d17d06-2a7c-4814-9916-9321dfc74316, signal=processing-complete
[2025-11-04 18:18:41] [STDERR] 2025-11-04 18:18:41,667 - gleitzeit.workers.signal_worker - INFO - No waiters for signal processing-complete in workflow workflow-72d17d06-2a7c-4814-9916-9321dfc74316 - keeping in registry
[2025-11-04 18:18:42] [STDERR] 2025-11-04 18:18:42,175 - gleitzeit.workers.signal_worker - INFO - SignalWorker found 2 signals in global registry
[2025-11-04 18:18:42] [STDERR] 2025-11-04 18:18:42,175 - gleitzeit.workers.signal_worker - INFO - Processing registry entry: workflow=workflow-72d17d06-2a7c-4814-9916-9321dfc74316, signal=workflow-completed
[2025-11-04 18:18:42] [STDERR] 2025-11-04 18:18:42,175 - gleitzeit.workers.signal_worker - INFO - No waiters for signal workflow-completed in workflow workflow-72d17d06-2a7c-4814-9916-9321dfc74316 - keeping in registry
[2025-11-04 18:18:42] [STDERR] 2025-11-04 18:18:42,175 - gleitzeit.workers.signal_worker - INFO - Processing registry entry: workflow=workflow-72d17d06-2a7c-4814-9916-9321dfc74316, signal=processing-complete
[2025-11-04 18:18:42] [STDERR] 2025-11-04 18:18:42,175 - gleitzeit.workers.signal_worker - INFO - No waiters for signal processing-complete in workflow workflow-72d17d06-2a7c-4814-9916-9321dfc74316 - keeping in registry
[2025-11-04 18:18:42] [STDERR] 2025-11-04 18:18:42,683 - gleitzeit.workers.signal_worker - INFO - SignalWorker found 2 signals in global registry
[2025-11-04 18:18:42] [STDERR] 2025-11-04 18:18:42,683 - gleitzeit.workers.signal_worker - INFO - Processing registry entry: workflow=workflow-72d17d06-2a7c-4814-9916-9321dfc74316, signal=workflow-completed
[2025-11-04 18:18:42] [STDERR] 2025-11-04 18:18:42,683 - gleitzeit.workers.signal_worker - INFO - No waiters for signal workflow-completed in workflow workflow-72d17d06-2a7c-4814-9916-9321dfc74316 - keeping in registry
[2025-11-04 18:18:42] [STDERR] 2025-11-04 18:18:42,683 - gleitzeit.workers.signal_worker - INFO - Processing registry entry: workflow=workflow-72d17d06-2a7c-4814-9916-9321dfc74316, signal=processing-complete
[2025-11-04 18:18:42] [STDERR] 2025-11-04 18:18:42,683 - gleitzeit.workers.signal_worker - INFO - No waiters for signal processing-complete in workflow workflow-72d17d06-2a7c-4814-9916-9321dfc74316 - keeping in registry
[2025-11-04 18:18:43] [STDERR] 2025-11-04 18:18:43,191 - gleitzeit.workers.signal_worker - INFO - SignalWorker found 2 signals in global registry
[2025-11-04 18:18:43] [STDERR] 2025-11-04 18:18:43,191 - gleitzeit.workers.signal_worker - INFO - Processing registry entry: workflow=workflow-72d17d06-2a7c-4814-9916-9321dfc74316, signal=workflow-completed
[2025-11-04 18:18:43] [STDERR] 2025-11-04 18:18:43,191 - gleitzeit.workers.signal_worker - INFO - No waiters for signal workflow-completed in workflow workflow-72d17d06-2a7c-4814-9916-9321dfc74316 - keeping in registry
[2025-11-04 18:18:43] [STDERR] 2025-11-04 18:18:43,191 - gleitzeit.workers.signal_worker - INFO - Processing registry entry: workflow=workflow-72d17d06-2a7c-4814-9916-9321dfc74316, signal=processing-complete
[2025-11-04 18:18:43] [STDERR] 2025-11-04 18:18:43,192 - gleitzeit.workers.signal_worker - INFO - No waiters for signal processing-complete in workflow workflow-72d17d06-2a7c-4814-9916-9321dfc74316 - keeping in registry
[2025-11-04 18:18:43] [STDERR] 2025-11-04 18:18:43,698 - gleitzeit.workers.signal_worker - INFO - SignalWorker found 2 signals in global registry
[2025-11-04 18:18:43] [STDERR] 2025-11-04 18:18:43,698 - gleitzeit.workers.signal_worker - INFO - Processing registry entry: workflow=workflow-72d17d06-2a7c-4814-9916-9321dfc74316, signal=workflow-completed
[2025-11-04 18:18:43] [STDERR] 2025-11-04 18:18:43,698 - gleitzeit.workers.signal_worker - INFO - No waiters for signal workflow-completed in workflow workflow-72d17d06-2a7c-4814-9916-9321dfc74316 - keeping in registry
[2025-11-04 18:18:43] [STDERR] 2025-11-04 18:18:43,698 - gleitzeit.workers.signal_worker - INFO - Processing registry entry: workflow=workflow-72d17d06-2a7c-4814-9916-9321dfc74316, signal=processing-complete
[2025-11-04 18:18:43] [STDERR] 2025-11-04 18:18:43,698 - gleitzeit.workers.signal_worker - INFO - No waiters for signal processing-complete in workflow workflow-72d17d06-2a7c-4814-9916-9321dfc74316 - keeping in registry
[2025-11-04 18:18:44] [STDERR] 2025-11-04 18:18:44,199 - gleitzeit.workers.signal_worker - INFO - Signal processing loop iteration 200
[2025-11-04 18:18:44] [STDERR] 2025-11-04 18:18:44,205 - gleitzeit.workers.signal_worker - INFO - SignalWorker found 2 signals in global registry
[2025-11-04 18:18:44] [STDERR] 2025-11-04 18:18:44,205 - gleitzeit.workers.signal_worker - INFO - Processing registry entry: workflow=workflow-72d17d06-2a7c-4814-9916-9321dfc74316, signal=workflow-completed
[2025-11-04 18:18:44] [STDERR] 2025-11-04 18:18:44,205 - gleitzeit.workers.signal_worker - INFO - No waiters for signal workflow-completed in workflow workflow-72d17d06-2a7c-4814-9916-9321dfc74316 - keeping in registry
[2025-11-04 18:18:44] [STDERR] 2025-11-04 18:18:44,206 - gleitzeit.workers.signal_worker - INFO - Processing registry entry: workflow=workflow-72d17d06-2a7c-4814-9916-9321dfc74316, signal=processing-complete
[2025-11-04 18:18:44] [STDERR] 2025-11-04 18:18:44,206 - gleitzeit.workers.signal_worker - INFO - No waiters for signal processing-complete in workflow workflow-72d17d06-2a7c-4814-9916-9321dfc74316 - keeping in registry
[2025-11-04 18:18:44] [STDERR] 2025-11-04 18:18:44,712 - gleitzeit.workers.signal_worker - INFO - SignalWorker found 2 signals in global registry
[2025-11-04 18:18:44] [STDERR] 2025-11-04 18:18:44,712 - gleitzeit.workers.signal_worker - INFO - Processing registry entry: workflow=workflow-72d17d06-2a7c-4814-9916-9321dfc74316, signal=workflow-completed
[2025-11-04 18:18:44] [STDERR] 2025-11-04 18:18:44,712 - gleitzeit.workers.signal_worker - INFO - No waiters for signal workflow-completed in workflow workflow-72d17d06-2a7c-4814-9916-9321dfc74316 - keeping in registry
[2025-11-04 18:18:44] [STDERR] 2025-11-04 18:18:44,712 - gleitzeit.workers.signal_worker - INFO - Processing registry entry: workflow=workflow-72d17d06-2a7c-4814-9916-9321dfc74316, signal=processing-complete
[2025-11-04 18:18:44] [STDERR] 2025-11-04 18:18:44,713 - gleitzeit.workers.signal_worker - INFO - No waiters for signal processing-complete in workflow workflow-72d17d06-2a7c-4814-9916-9321dfc74316 - keeping in registry
[2025-11-04 18:18:45] [STDERR] 2025-11-04 18:18:45,227 - gleitzeit.workers.signal_worker - INFO - SignalWorker found 2 signals in global registry
[2025-11-04 18:18:45] [STDERR] 2025-11-04 18:18:45,227 - gleitzeit.workers.signal_worker - INFO - Processing registry entry: workflow=workflow-72d17d06-2a7c-4814-9916-9321dfc74316, signal=workflow-completed
[2025-11-04 18:18:45] [STDERR] 2025-11-04 18:18:45,227 - gleitzeit.workers.signal_worker - INFO - No waiters for signal workflow-completed in workflow workflow-72d17d06-2a7c-4814-9916-9321dfc74316 - keeping in registry
[2025-11-04 18:18:45] [STDERR] 2025-11-04 18:18:45,227 - gleitzeit.workers.signal_worker - INFO - Processing registry entry: workflow=workflow-72d17d06-2a7c-4814-9916-9321dfc74316, signal=processing-complete
[2025-11-04 18:18:45] [STDERR] 2025-11-04 18:18:45,227 - gleitzeit.workers.signal_worker - INFO - No waiters for signal processing-complete in workflow workflow-72d17d06-2a7c-4814-9916-9321dfc74316 - keeping in registry
[2025-11-04 18:18:45] [STDERR] 2025-11-04 18:18:45,735 - gleitzeit.workers.signal_worker - INFO - SignalWorker found 2 signals in global registry
[2025-11-04 18:18:45] [STDERR] 2025-11-04 18:18:45,735 - gleitzeit.workers.signal_worker - INFO - Processing registry entry: workflow=workflow-72d17d06-2a7c-4814-9916-9321dfc74316, signal=workflow-completed
[2025-11-04 18:18:45] [STDERR] 2025-11-04 18:18:45,735 - gleitzeit.workers.signal_worker - INFO - No waiters for signal workflow-completed in workflow workflow-72d17d06-2a7c-4814-9916-9321dfc74316 - keeping in registry
[2025-11-04 18:18:45] [STDERR] 2025-11-04 18:18:45,735 - gleitzeit.workers.signal_worker - INFO - Processing registry entry: workflow=workflow-72d17d06-2a7c-4814-9916-9321dfc74316, signal=processing-complete
[2025-11-04 18:18:45] [STDERR] 2025-11-04 18:18:45,735 - gleitzeit.workers.signal_worker - INFO - No waiters for signal processing-complete in workflow workflow-72d17d06-2a7c-4814-9916-9321dfc74316 - keeping in registry
[2025-11-04 18:18:46] [STDERR] 2025-11-04 18:18:46,253 - gleitzeit.workers.signal_worker - INFO - SignalWorker found 2 signals in global registry
[2025-11-04 18:18:46] [STDERR] 2025-11-04 18:18:46,253 - gleitzeit.workers.signal_worker - INFO - Processing registry entry: workflow=workflow-72d17d06-2a7c-4814-9916-9321dfc74316, signal=workflow-completed
[2025-11-04 18:18:46] [STDERR] 2025-11-04 18:18:46,253 - gleitzeit.workers.signal_worker - INFO - No waiters for signal workflow-completed in workflow workflow-72d17d06-2a7c-4814-9916-9321dfc74316 - keeping in registry
[2025-11-04 18:18:46] [STDERR] 2025-11-04 18:18:46,253 - gleitzeit.workers.signal_worker - INFO - Processing registry entry: workflow=workflow-72d17d06-2a7c-4814-9916-9321dfc74316, signal=processing-complete
[2025-11-04 18:18:46] [STDERR] 2025-11-04 18:18:46,253 - gleitzeit.workers.signal_worker - INFO - No waiters for signal processing-complete in workflow workflow-72d17d06-2a7c-4814-9916-9321dfc74316 - keeping in registry
[2025-11-04 18:18:46] [STDERR] 2025-11-04 18:18:46,763 - gleitzeit.workers.signal_worker - INFO - SignalWorker found 2 signals in global registry
[2025-11-04 18:18:46] [STDERR] 2025-11-04 18:18:46,763 - gleitzeit.workers.signal_worker - INFO - Processing registry entry: workflow=workflow-72d17d06-2a7c-4814-9916-9321dfc74316, signal=workflow-completed
[2025-11-04 18:18:46] [STDERR] 2025-11-04 18:18:46,763 - gleitzeit.workers.signal_worker - INFO - No waiters for signal workflow-completed in workflow workflow-72d17d06-2a7c-4814-9916-9321dfc74316 - keeping in registry
[2025-11-04 18:18:46] [STDERR] 2025-11-04 18:18:46,763 - gleitzeit.workers.signal_worker - INFO - Processing registry entry: workflow=workflow-72d17d06-2a7c-4814-9916-9321dfc74316, signal=processing-complete
[2025-11-04 18:18:46] [STDERR] 2025-11-04 18:18:46,763 - gleitzeit.workers.signal_worker - INFO - No waiters for signal processing-complete in workflow workflow-72d17d06-2a7c-4814-9916-9321dfc74316 - keeping in registry
[2025-11-04 18:18:47] [STDERR] 2025-11-04 18:18:47,280 - gleitzeit.workers.signal_worker - INFO - SignalWorker found 2 signals in global registry
[2025-11-04 18:18:47] [STDERR] 2025-11-04 18:18:47,281 - gleitzeit.workers.signal_worker - INFO - Processing registry entry: workflow=workflow-72d17d06-2a7c-4814-9916-9321dfc74316, signal=workflow-completed
[2025-11-04 18:18:47] [STDERR] 2025-11-04 18:18:47,281 - gleitzeit.workers.signal_worker - INFO - No waiters for signal workflow-completed in workflow workflow-72d17d06-2a7c-4814-9916-9321dfc74316 - keeping in registry
[2025-11-04 18:18:47] [STDERR] 2025-11-04 18:18:47,281 - gleitzeit.workers.signal_worker - INFO - Processing registry entry: workflow=workflow-72d17d06-2a7c-4814-9916-9321dfc74316, signal=processing-complete
[2025-11-04 18:18:47] [STDERR] 2025-11-04 18:18:47,281 - gleitzeit.workers.signal_worker - INFO - No waiters for signal processing-complete in workflow workflow-72d17d06-2a7c-4814-9916-9321dfc74316 - keeping in registry
[2025-11-04 18:18:47] [STDERR] 2025-11-04 18:18:47,796 - gleitzeit.workers.signal_worker - INFO - SignalWorker found 2 signals in global registry
[2025-11-04 18:18:47] [STDERR] 2025-11-04 18:18:47,796 - gleitzeit.workers.signal_worker - INFO - Processing registry entry: workflow=workflow-72d17d06-2a7c-4814-9916-9321dfc74316, signal=workflow-completed
[2025-11-04 18:18:47] [STDERR] 2025-11-04 18:18:47,796 - gleitzeit.workers.signal_worker - INFO - No waiters for signal workflow-completed in workflow workflow-72d17d06-2a7c-4814-9916-9321dfc74316 - keeping in registry
[2025-11-04 18:18:47] [STDERR] 2025-11-04 18:18:47,796 - gleitzeit.workers.signal_worker - INFO - Processing registry entry: workflow=workflow-72d17d06-2a7c-4814-9916-9321dfc74316, signal=processing-complete
[2025-11-04 18:18:47] [STDERR] 2025-11-04 18:18:47,796 - gleitzeit.workers.signal_worker - INFO - No waiters for signal processing-complete in workflow workflow-72d17d06-2a7c-4814-9916-9321dfc74316 - keeping in registry
[2025-11-04 18:18:48] [STDERR] 2025-11-04 18:18:48,307 - gleitzeit.workers.signal_worker - INFO - SignalWorker found 2 signals in global registry
[2025-11-04 18:18:48] [STDERR] 2025-11-04 18:18:48,307 - gleitzeit.workers.signal_worker - INFO - Processing registry entry: workflow=workflow-72d17d06-2a7c-4814-9916-9321dfc74316, signal=workflow-completed
[2025-11-04 18:18:48] [STDERR] 2025-11-04 18:18:48,307 - gleitzeit.workers.signal_worker - INFO - No waiters for signal workflow-completed in workflow workflow-72d17d06-2a7c-4814-9916-9321dfc74316 - keeping in registry
[2025-11-04 18:18:48] [STDERR] 2025-11-04 18:18:48,307 - gleitzeit.workers.signal_worker - INFO - Processing registry entry: workflow=workflow-72d17d06-2a7c-4814-9916-9321dfc74316, signal=processing-complete
[2025-11-04 18:18:48] [STDERR] 2025-11-04 18:18:48,307 - gleitzeit.workers.signal_worker - INFO - No waiters for signal processing-complete in workflow workflow-72d17d06-2a7c-4814-9916-9321dfc74316 - keeping in registry
[2025-11-04 18:18:48] [STDERR] 2025-11-04 18:18:48,820 - gleitzeit.workers.signal_worker - INFO - SignalWorker found 2 signals in global registry
[2025-11-04 18:18:48] [STDERR] 2025-11-04 18:18:48,820 - gleitzeit.workers.signal_worker - INFO - Processing registry entry: workflow=workflow-72d17d06-2a7c-4814-9916-9321dfc74316, signal=workflow-completed
[2025-11-04 18:18:48] [STDERR] 2025-11-04 18:18:48,821 - gleitzeit.workers.signal_worker - INFO - No waiters for signal workflow-completed in workflow workflow-72d17d06-2a7c-4814-9916-9321dfc74316 - keeping in registry
[2025-11-04 18:18:48] [STDERR] 2025-11-04 18:18:48,821 - gleitzeit.workers.signal_worker - INFO - Processing registry entry: workflow=workflow-72d17d06-2a7c-4814-9916-9321dfc74316, signal=processing-complete
[2025-11-04 18:18:48] [STDERR] 2025-11-04 18:18:48,821 - gleitzeit.workers.signal_worker - INFO - No waiters for signal processing-complete in workflow workflow-72d17d06-2a7c-4814-9916-9321dfc74316 - keeping in registry
[2025-11-04 18:18:49] [STDERR] 2025-11-04 18:18:49,328 - gleitzeit.workers.signal_worker - INFO - SignalWorker found 2 signals in global registry
[2025-11-04 18:18:49] [STDERR] 2025-11-04 18:18:49,328 - gleitzeit.workers.signal_worker - INFO - Processing registry entry: workflow=workflow-72d17d06-2a7c-4814-9916-9321dfc74316, signal=workflow-completed
[2025-11-04 18:18:49] [STDERR] 2025-11-04 18:18:49,328 - gleitzeit.workers.signal_worker - INFO - No waiters for signal workflow-completed in workflow workflow-72d17d06-2a7c-4814-9916-9321dfc74316 - keeping in registry
[2025-11-04 18:18:49] [STDERR] 2025-11-04 18:18:49,328 - gleitzeit.workers.signal_worker - INFO - Processing registry entry: workflow=workflow-72d17d06-2a7c-4814-9916-9321dfc74316, signal=processing-complete
[2025-11-04 18:18:49] [STDERR] 2025-11-04 18:18:49,328 - gleitzeit.workers.signal_worker - INFO - No waiters for signal processing-complete in workflow workflow-72d17d06-2a7c-4814-9916-9321dfc74316 - keeping in registry
[2025-11-04 18:18:49] [STDERR] 2025-11-04 18:18:49,836 - gleitzeit.workers.signal_worker - INFO - SignalWorker found 2 signals in global registry
[2025-11-04 18:18:49] [STDERR] 2025-11-04 18:18:49,836 - gleitzeit.workers.signal_worker - INFO - Processing registry entry: workflow=workflow-72d17d06-2a7c-4814-9916-9321dfc74316, signal=workflow-completed
[2025-11-04 18:18:49] [STDERR] 2025-11-04 18:18:49,836 - gleitzeit.workers.signal_worker - INFO - No waiters for signal workflow-completed in workflow workflow-72d17d06-2a7c-4814-9916-9321dfc74316 - keeping in registry
[2025-11-04 18:18:49] [STDERR] 2025-11-04 18:18:49,836 - gleitzeit.workers.signal_worker - INFO - Processing registry entry: workflow=workflow-72d17d06-2a7c-4814-9916-9321dfc74316, signal=processing-complete
[2025-11-04 18:18:49] [STDERR] 2025-11-04 18:18:49,836 - gleitzeit.workers.signal_worker - INFO - No waiters for signal processing-complete in workflow workflow-72d17d06-2a7c-4814-9916-9321dfc74316 - keeping in registry
[2025-11-04 18:18:50] [STDERR] 2025-11-04 18:18:50,343 - gleitzeit.workers.signal_worker - INFO - SignalWorker found 2 signals in global registry
[2025-11-04 18:18:50] [STDERR] 2025-11-04 18:18:50,343 - gleitzeit.workers.signal_worker - INFO - Processing registry entry: workflow=workflow-72d17d06-2a7c-4814-9916-9321dfc74316, signal=workflow-completed
[2025-11-04 18:18:50] [STDERR] 2025-11-04 18:18:50,343 - gleitzeit.workers.signal_worker - INFO - No waiters for signal workflow-completed in workflow workflow-72d17d06-2a7c-4814-9916-9321dfc74316 - keeping in registry
[2025-11-04 18:18:50] [STDERR] 2025-11-04 18:18:50,343 - gleitzeit.workers.signal_worker - INFO - Processing registry entry: workflow=workflow-72d17d06-2a7c-4814-9916-9321dfc74316, signal=processing-complete
[2025-11-04 18:18:50] [STDERR] 2025-11-04 18:18:50,343 - gleitzeit.workers.signal_worker - INFO - No waiters for signal processing-complete in workflow workflow-72d17d06-2a7c-4814-9916-9321dfc74316 - keeping in registry
[2025-11-04 18:18:50] [STDERR] 2025-11-04 18:18:50,849 - gleitzeit.workers.signal_worker - INFO - SignalWorker found 2 signals in global registry
[2025-11-04 18:18:50] [STDERR] 2025-11-04 18:18:50,849 - gleitzeit.workers.signal_worker - INFO - Processing registry entry: workflow=workflow-72d17d06-2a7c-4814-9916-9321dfc74316, signal=workflow-completed
[2025-11-04 18:18:50] [STDERR] 2025-11-04 18:18:50,849 - gleitzeit.workers.signal_worker - INFO - No waiters for signal workflow-completed in workflow workflow-72d17d06-2a7c-4814-9916-9321dfc74316 - keeping in registry
[2025-11-04 18:18:50] [STDERR] 2025-11-04 18:18:50,849 - gleitzeit.workers.signal_worker - INFO - Processing registry entry: workflow=workflow-72d17d06-2a7c-4814-9916-9321dfc74316, signal=processing-complete
[2025-11-04 18:18:50] [STDERR] 2025-11-04 18:18:50,849 - gleitzeit.workers.signal_worker - INFO - No waiters for signal processing-complete in workflow workflow-72d17d06-2a7c-4814-9916-9321dfc74316 - keeping in registry
[2025-11-04 18:18:51] [STDERR] 2025-11-04 18:18:51,358 - gleitzeit.workers.signal_worker - INFO - SignalWorker found 2 signals in global registry
[2025-11-04 18:18:51] [STDERR] 2025-11-04 18:18:51,358 - gleitzeit.workers.signal_worker - INFO - Processing registry entry: workflow=workflow-72d17d06-2a7c-4814-9916-9321dfc74316, signal=workflow-completed
[2025-11-04 18:18:51] [STDERR] 2025-11-04 18:18:51,358 - gleitzeit.workers.signal_worker - INFO - No waiters for signal workflow-completed in workflow workflow-72d17d06-2a7c-4814-9916-9321dfc74316 - keeping in registry
[2025-11-04 18:18:51] [STDERR] 2025-11-04 18:18:51,358 - gleitzeit.workers.signal_worker - INFO - Processing registry entry: workflow=workflow-72d17d06-2a7c-4814-9916-9321dfc74316, signal=processing-complete
[2025-11-04 18:18:51] [STDERR] 2025-11-04 18:18:51,359 - gleitzeit.workers.signal_worker - INFO - No waiters for signal processing-complete in workflow workflow-72d17d06-2a7c-4814-9916-9321dfc74316 - keeping in registry
[2025-11-04 18:18:51] [STDERR] 2025-11-04 18:18:51,871 - gleitzeit.workers.signal_worker - INFO - SignalWorker found 2 signals in global registry
[2025-11-04 18:18:51] [STDERR] 2025-11-04 18:18:51,871 - gleitzeit.workers.signal_worker - INFO - Processing registry entry: workflow=workflow-72d17d06-2a7c-4814-9916-9321dfc74316, signal=workflow-completed
[2025-11-04 18:18:51] [STDERR] 2025-11-04 18:18:51,871 - gleitzeit.workers.signal_worker - INFO - No waiters for signal workflow-completed in workflow workflow-72d17d06-2a7c-4814-9916-9321dfc74316 - keeping in registry
[2025-11-04 18:18:51] [STDERR] 2025-11-04 18:18:51,871 - gleitzeit.workers.signal_worker - INFO - Processing registry entry: workflow=workflow-72d17d06-2a7c-4814-9916-9321dfc74316, signal=processing-complete
[2025-11-04 18:18:51] [STDERR] 2025-11-04 18:18:51,872 - gleitzeit.workers.signal_worker - INFO - No waiters for signal processing-complete in workflow workflow-72d17d06-2a7c-4814-9916-9321dfc74316 - keeping in registry
[2025-11-04 18:18:52] [STDERR] 2025-11-04 18:18:52,390 - gleitzeit.workers.signal_worker - INFO - SignalWorker found 2 signals in global registry
[2025-11-04 18:18:52] [STDERR] 2025-11-04 18:18:52,391 - gleitzeit.workers.signal_worker - INFO - Processing registry entry: workflow=workflow-72d17d06-2a7c-4814-9916-9321dfc74316, signal=workflow-completed
[2025-11-04 18:18:52] [STDERR] 2025-11-04 18:18:52,391 - gleitzeit.workers.signal_worker - INFO - No waiters for signal workflow-completed in workflow workflow-72d17d06-2a7c-4814-9916-9321dfc74316 - keeping in registry
[2025-11-04 18:18:52] [STDERR] 2025-11-04 18:18:52,391 - gleitzeit.workers.signal_worker - INFO - Processing registry entry: workflow=workflow-72d17d06-2a7c-4814-9916-9321dfc74316, signal=processing-complete
[2025-11-04 18:18:52] [STDERR] 2025-11-04 18:18:52,391 - gleitzeit.workers.signal_worker - INFO - No waiters for signal processing-complete in workflow workflow-72d17d06-2a7c-4814-9916-9321dfc74316 - keeping in registry
[2025-11-04 18:18:52] [STDERR] 2025-11-04 18:18:52,907 - gleitzeit.workers.signal_worker - INFO - SignalWorker found 2 signals in global registry
[2025-11-04 18:18:52] [STDERR] 2025-11-04 18:18:52,907 - gleitzeit.workers.signal_worker - INFO - Processing registry entry: workflow=workflow-72d17d06-2a7c-4814-9916-9321dfc74316, signal=workflow-completed
[2025-11-04 18:18:52] [STDERR] 2025-11-04 18:18:52,907 - gleitzeit.workers.signal_worker - INFO - No waiters for signal workflow-completed in workflow workflow-72d17d06-2a7c-4814-9916-9321dfc74316 - keeping in registry
[2025-11-04 18:18:52] [STDERR] 2025-11-04 18:18:52,908 - gleitzeit.workers.signal_worker - INFO - Processing registry entry: workflow=workflow-72d17d06-2a7c-4814-9916-9321dfc74316, signal=processing-complete
[2025-11-04 18:18:52] [STDERR] 2025-11-04 18:18:52,908 - gleitzeit.workers.signal_worker - INFO - No waiters for signal processing-complete in workflow workflow-72d17d06-2a7c-4814-9916-9321dfc74316 - keeping in registry
[2025-11-04 18:18:53] [STDERR] 2025-11-04 18:18:53,424 - gleitzeit.workers.signal_worker - INFO - SignalWorker found 2 signals in global registry
[2025-11-04 18:18:53] [STDERR] 2025-11-04 18:18:53,424 - gleitzeit.workers.signal_worker - INFO - Processing registry entry: workflow=workflow-72d17d06-2a7c-4814-9916-9321dfc74316, signal=workflow-completed
[2025-11-04 18:18:53] [STDERR] 2025-11-04 18:18:53,425 - gleitzeit.workers.signal_worker - INFO - No waiters for signal workflow-completed in workflow workflow-72d17d06-2a7c-4814-9916-9321dfc74316 - keeping in registry
[2025-11-04 18:18:53] [STDERR] 2025-11-04 18:18:53,425 - gleitzeit.workers.signal_worker - INFO - Processing registry entry: workflow=workflow-72d17d06-2a7c-4814-9916-9321dfc74316, signal=processing-complete
[2025-11-04 18:18:53] [STDERR] 2025-11-04 18:18:53,425 - gleitzeit.workers.signal_worker - INFO - No waiters for signal processing-complete in workflow workflow-72d17d06-2a7c-4814-9916-9321dfc74316 - keeping in registry
[2025-11-04 18:18:53] [STDERR] 2025-11-04 18:18:53,933 - gleitzeit.workers.signal_worker - INFO - SignalWorker found 2 signals in global registry
[2025-11-04 18:18:53] [STDERR] 2025-11-04 18:18:53,933 - gleitzeit.workers.signal_worker - INFO - Processing registry entry: workflow=workflow-72d17d06-2a7c-4814-9916-9321dfc74316, signal=workflow-completed
[2025-11-04 18:18:53] [STDERR] 2025-11-04 18:18:53,934 - gleitzeit.workers.signal_worker - INFO - No waiters for signal workflow-completed in workflow workflow-72d17d06-2a7c-4814-9916-9321dfc74316 - keeping in registry
[2025-11-04 18:18:53] [STDERR] 2025-11-04 18:18:53,934 - gleitzeit.workers.signal_worker - INFO - Processing registry entry: workflow=workflow-72d17d06-2a7c-4814-9916-9321dfc74316, signal=processing-complete
[2025-11-04 18:18:53] [STDERR] 2025-11-04 18:18:53,934 - gleitzeit.workers.signal_worker - INFO - No waiters for signal processing-complete in workflow workflow-72d17d06-2a7c-4814-9916-9321dfc74316 - keeping in registry
[2025-11-04 18:18:54] [STDERR] 2025-11-04 18:18:54,435 - gleitzeit.workers.signal_worker - INFO - Signal processing loop iteration 220
[2025-11-04 18:18:54] [STDERR] 2025-11-04 18:18:54,452 - gleitzeit.workers.signal_worker - INFO - SignalWorker found 2 signals in global registry
[2025-11-04 18:18:54] [STDERR] 2025-11-04 18:18:54,452 - gleitzeit.workers.signal_worker - INFO - Processing registry entry: workflow=workflow-72d17d06-2a7c-4814-9916-9321dfc74316, signal=workflow-completed
[2025-11-04 18:18:54] [STDERR] 2025-11-04 18:18:54,452 - gleitzeit.workers.signal_worker - INFO - No waiters for signal workflow-completed in workflow workflow-72d17d06-2a7c-4814-9916-9321dfc74316 - keeping in registry
[2025-11-04 18:18:54] [STDERR] 2025-11-04 18:18:54,452 - gleitzeit.workers.signal_worker - INFO - Processing registry entry: workflow=workflow-72d17d06-2a7c-4814-9916-9321dfc74316, signal=processing-complete
[2025-11-04 18:18:54] [STDERR] 2025-11-04 18:18:54,452 - gleitzeit.workers.signal_worker - INFO - No waiters for signal processing-complete in workflow workflow-72d17d06-2a7c-4814-9916-9321dfc74316 - keeping in registry
[2025-11-04 18:18:54] [STDERR] 2025-11-04 18:18:54,968 - gleitzeit.workers.signal_worker - INFO - SignalWorker found 2 signals in global registry
[2025-11-04 18:18:54] [STDERR] 2025-11-04 18:18:54,968 - gleitzeit.workers.signal_worker - INFO - Processing registry entry: workflow=workflow-72d17d06-2a7c-4814-9916-9321dfc74316, signal=workflow-completed
[2025-11-04 18:18:54] [STDERR] 2025-11-04 18:18:54,968 - gleitzeit.workers.signal_worker - INFO - No waiters for signal workflow-completed in workflow workflow-72d17d06-2a7c-4814-9916-9321dfc74316 - keeping in registry
[2025-11-04 18:18:54] [STDERR] 2025-11-04 18:18:54,968 - gleitzeit.workers.signal_worker - INFO - Processing registry entry: workflow=workflow-72d17d06-2a7c-4814-9916-9321dfc74316, signal=processing-complete
[2025-11-04 18:18:54] [STDERR] 2025-11-04 18:18:54,969 - gleitzeit.workers.signal_worker - INFO - No waiters for signal processing-complete in workflow workflow-72d17d06-2a7c-4814-9916-9321dfc74316 - keeping in registry
[2025-11-04 18:18:55] [STDERR] 2025-11-04 18:18:55,487 - gleitzeit.workers.signal_worker - INFO - SignalWorker found 2 signals in global registry
[2025-11-04 18:18:55] [STDERR] 2025-11-04 18:18:55,487 - gleitzeit.workers.signal_worker - INFO - Processing registry entry: workflow=workflow-72d17d06-2a7c-4814-9916-9321dfc74316, signal=workflow-completed
[2025-11-04 18:18:55] [STDERR] 2025-11-04 18:18:55,487 - gleitzeit.workers.signal_worker - INFO - No waiters for signal workflow-completed in workflow workflow-72d17d06-2a7c-4814-9916-9321dfc74316 - keeping in registry
[2025-11-04 18:18:55] [STDERR] 2025-11-04 18:18:55,488 - gleitzeit.workers.signal_worker - INFO - Processing registry entry: workflow=workflow-72d17d06-2a7c-4814-9916-9321dfc74316, signal=processing-complete
[2025-11-04 18:18:55] [STDERR] 2025-11-04 18:18:55,488 - gleitzeit.workers.signal_worker - INFO - No waiters for signal processing-complete in workflow workflow-72d17d06-2a7c-4814-9916-9321dfc74316 - keeping in registry
[2025-11-04 18:18:56] [STDERR] 2025-11-04 18:18:56,002 - gleitzeit.workers.signal_worker - INFO - SignalWorker found 2 signals in global registry
[2025-11-04 18:18:56] [STDERR] 2025-11-04 18:18:56,002 - gleitzeit.workers.signal_worker - INFO - Processing registry entry: workflow=workflow-72d17d06-2a7c-4814-9916-9321dfc74316, signal=workflow-completed
[2025-11-04 18:18:56] [STDERR] 2025-11-04 18:18:56,003 - gleitzeit.workers.signal_worker - INFO - No waiters for signal workflow-completed in workflow workflow-72d17d06-2a7c-4814-9916-9321dfc74316 - keeping in registry
[2025-11-04 18:18:56] [STDERR] 2025-11-04 18:18:56,003 - gleitzeit.workers.signal_worker - INFO - Processing registry entry: workflow=workflow-72d17d06-2a7c-4814-9916-9321dfc74316, signal=processing-complete
[2025-11-04 18:18:56] [STDERR] 2025-11-04 18:18:56,003 - gleitzeit.workers.signal_worker - INFO - No waiters for signal processing-complete in workflow workflow-72d17d06-2a7c-4814-9916-9321dfc74316 - keeping in registry
[2025-11-04 18:18:56] [STDERR] 2025-11-04 18:18:56,512 - gleitzeit.workers.signal_worker - INFO - SignalWorker found 2 signals in global registry
[2025-11-04 18:18:56] [STDERR] 2025-11-04 18:18:56,513 - gleitzeit.workers.signal_worker - INFO - Processing registry entry: workflow=workflow-72d17d06-2a7c-4814-9916-9321dfc74316, signal=workflow-completed
[2025-11-04 18:18:56] [STDERR] 2025-11-04 18:18:56,513 - gleitzeit.workers.signal_worker - INFO - No waiters for signal workflow-completed in workflow workflow-72d17d06-2a7c-4814-9916-9321dfc74316 - keeping in registry
[2025-11-04 18:18:56] [STDERR] 2025-11-04 18:18:56,513 - gleitzeit.workers.signal_worker - INFO - Processing registry entry: workflow=workflow-72d17d06-2a7c-4814-9916-9321dfc74316, signal=processing-complete
[2025-11-04 18:18:56] [STDERR] 2025-11-04 18:18:56,513 - gleitzeit.workers.signal_worker - INFO - No waiters for signal processing-complete in workflow workflow-72d17d06-2a7c-4814-9916-9321dfc74316 - keeping in registry
[2025-11-04 18:18:57] [STDERR] 2025-11-04 18:18:57,039 - gleitzeit.workers.signal_worker - INFO - SignalWorker found 2 signals in global registry
[2025-11-04 18:18:57] [STDERR] 2025-11-04 18:18:57,039 - gleitzeit.workers.signal_worker - INFO - Processing registry entry: workflow=workflow-72d17d06-2a7c-4814-9916-9321dfc74316, signal=workflow-completed
[2025-11-04 18:18:57] [STDERR] 2025-11-04 18:18:57,040 - gleitzeit.workers.signal_worker - INFO - No waiters for signal workflow-completed in workflow workflow-72d17d06-2a7c-4814-9916-9321dfc74316 - keeping in registry
[2025-11-04 18:18:57] [STDERR] 2025-11-04 18:18:57,040 - gleitzeit.workers.signal_worker - INFO - Processing registry entry: workflow=workflow-72d17d06-2a7c-4814-9916-9321dfc74316, signal=processing-complete
[2025-11-04 18:18:57] [STDERR] 2025-11-04 18:18:57,040 - gleitzeit.workers.signal_worker - INFO - No waiters for signal processing-complete in workflow workflow-72d17d06-2a7c-4814-9916-9321dfc74316 - keeping in registry
[2025-11-04 18:18:57] [STDERR] 2025-11-04 18:18:57,548 - gleitzeit.workers.signal_worker - INFO - SignalWorker found 2 signals in global registry
[2025-11-04 18:18:57] [STDERR] 2025-11-04 18:18:57,548 - gleitzeit.workers.signal_worker - INFO - Processing registry entry: workflow=workflow-72d17d06-2a7c-4814-9916-9321dfc74316, signal=workflow-completed
[2025-11-04 18:18:57] [STDERR] 2025-11-04 18:18:57,548 - gleitzeit.workers.signal_worker - INFO - No waiters for signal workflow-completed in workflow workflow-72d17d06-2a7c-4814-9916-9321dfc74316 - keeping in registry
[2025-11-04 18:18:57] [STDERR] 2025-11-04 18:18:57,549 - gleitzeit.workers.signal_worker - INFO - Processing registry entry: workflow=workflow-72d17d06-2a7c-4814-9916-9321dfc74316, signal=processing-complete
[2025-11-04 18:18:57] [STDERR] 2025-11-04 18:18:57,549 - gleitzeit.workers.signal_worker - INFO - No waiters for signal processing-complete in workflow workflow-72d17d06-2a7c-4814-9916-9321dfc74316 - keeping in registry
[2025-11-04 18:18:58] [STDERR] 2025-11-04 18:18:58,062 - gleitzeit.workers.signal_worker - INFO - SignalWorker found 2 signals in global registry
[2025-11-04 18:18:58] [STDERR] 2025-11-04 18:18:58,062 - gleitzeit.workers.signal_worker - INFO - Processing registry entry: workflow=workflow-72d17d06-2a7c-4814-9916-9321dfc74316, signal=workflow-completed
[2025-11-04 18:18:58] [STDERR] 2025-11-04 18:18:58,062 - gleitzeit.workers.signal_worker - INFO - No waiters for signal workflow-completed in workflow workflow-72d17d06-2a7c-4814-9916-9321dfc74316 - keeping in registry
[2025-11-04 18:18:58] [STDERR] 2025-11-04 18:18:58,063 - gleitzeit.workers.signal_worker - INFO - Processing registry entry: workflow=workflow-72d17d06-2a7c-4814-9916-9321dfc74316, signal=processing-complete
[2025-11-04 18:18:58] [STDERR] 2025-11-04 18:18:58,063 - gleitzeit.workers.signal_worker - INFO - No waiters for signal processing-complete in workflow workflow-72d17d06-2a7c-4814-9916-9321dfc74316 - keeping in registry
[2025-11-04 18:18:58] [STDERR] 2025-11-04 18:18:58,577 - gleitzeit.workers.signal_worker - INFO - SignalWorker found 2 signals in global registry
[2025-11-04 18:18:58] [STDERR] 2025-11-04 18:18:58,577 - gleitzeit.workers.signal_worker - INFO - Processing registry entry: workflow=workflow-72d17d06-2a7c-4814-9916-9321dfc74316, signal=workflow-completed
[2025-11-04 18:18:58] [STDERR] 2025-11-04 18:18:58,577 - gleitzeit.workers.signal_worker - INFO - No waiters for signal workflow-completed in workflow workflow-72d17d06-2a7c-4814-9916-9321dfc74316 - keeping in registry
[2025-11-04 18:18:58] [STDERR] 2025-11-04 18:18:58,577 - gleitzeit.workers.signal_worker - INFO - Processing registry entry: workflow=workflow-72d17d06-2a7c-4814-9916-9321dfc74316, signal=processing-complete
[2025-11-04 18:18:58] [STDERR] 2025-11-04 18:18:58,578 - gleitzeit.workers.signal_worker - INFO - No waiters for signal processing-complete in workflow workflow-72d17d06-2a7c-4814-9916-9321dfc74316 - keeping in registry
[2025-11-04 18:18:59] [STDERR] 2025-11-04 18:18:59,095 - gleitzeit.workers.signal_worker - INFO - SignalWorker found 2 signals in global registry
[2025-11-04 18:18:59] [STDERR] 2025-11-04 18:18:59,095 - gleitzeit.workers.signal_worker - INFO - Processing registry entry: workflow=workflow-72d17d06-2a7c-4814-9916-9321dfc74316, signal=workflow-completed
[2025-11-04 18:18:59] [STDERR] 2025-11-04 18:18:59,096 - gleitzeit.workers.signal_worker - INFO - No waiters for signal workflow-completed in workflow workflow-72d17d06-2a7c-4814-9916-9321dfc74316 - keeping in registry
[2025-11-04 18:18:59] [STDERR] 2025-11-04 18:18:59,096 - gleitzeit.workers.signal_worker - INFO - Processing registry entry: workflow=workflow-72d17d06-2a7c-4814-9916-9321dfc74316, signal=processing-complete
[2025-11-04 18:18:59] [STDERR] 2025-11-04 18:18:59,096 - gleitzeit.workers.signal_worker - INFO - No waiters for signal processing-complete in workflow workflow-72d17d06-2a7c-4814-9916-9321dfc74316 - keeping in registry
[2025-11-04 18:18:59] [STDERR] 2025-11-04 18:18:59,620 - gleitzeit.workers.signal_worker - INFO - SignalWorker found 2 signals in global registry
[2025-11-04 18:18:59] [STDERR] 2025-11-04 18:18:59,620 - gleitzeit.workers.signal_worker - INFO - Processing registry entry: workflow=workflow-72d17d06-2a7c-4814-9916-9321dfc74316, signal=workflow-completed
[2025-11-04 18:18:59] [STDERR] 2025-11-04 18:18:59,620 - gleitzeit.workers.signal_worker - INFO - No waiters for signal workflow-completed in workflow workflow-72d17d06-2a7c-4814-9916-9321dfc74316 - keeping in registry
[2025-11-04 18:18:59] [STDERR] 2025-11-04 18:18:59,620 - gleitzeit.workers.signal_worker - INFO - Processing registry entry: workflow=workflow-72d17d06-2a7c-4814-9916-9321dfc74316, signal=processing-complete
[2025-11-04 18:18:59] [STDERR] 2025-11-04 18:18:59,621 - gleitzeit.workers.signal_worker - INFO - No waiters for signal processing-complete in workflow workflow-72d17d06-2a7c-4814-9916-9321dfc74316 - keeping in registry
[2025-11-04 18:19:00] [STDERR] 2025-11-04 18:19:00,134 - gleitzeit.workers.signal_worker - INFO - SignalWorker found 2 signals in global registry
[2025-11-04 18:19:00] [STDERR] 2025-11-04 18:19:00,134 - gleitzeit.workers.signal_worker - INFO - Processing registry entry: workflow=workflow-72d17d06-2a7c-4814-9916-9321dfc74316, signal=workflow-completed
[2025-11-04 18:19:00] [STDERR] 2025-11-04 18:19:00,134 - gleitzeit.workers.signal_worker - INFO - No waiters for signal workflow-completed in workflow workflow-72d17d06-2a7c-4814-9916-9321dfc74316 - keeping in registry
[2025-11-04 18:19:00] [STDERR] 2025-11-04 18:19:00,134 - gleitzeit.workers.signal_worker - INFO - Processing registry entry: workflow=workflow-72d17d06-2a7c-4814-9916-9321dfc74316, signal=processing-complete
[2025-11-04 18:19:00] [STDERR] 2025-11-04 18:19:00,134 - gleitzeit.workers.signal_worker - INFO - No waiters for signal processing-complete in workflow workflow-72d17d06-2a7c-4814-9916-9321dfc74316 - keeping in registry
[2025-11-04 18:19:00] [STDERR] 2025-11-04 18:19:00,655 - gleitzeit.workers.signal_worker - INFO - SignalWorker found 2 signals in global registry
[2025-11-04 18:19:00] [STDERR] 2025-11-04 18:19:00,655 - gleitzeit.workers.signal_worker - INFO - Processing registry entry: workflow=workflow-72d17d06-2a7c-4814-9916-9321dfc74316, signal=workflow-completed
[2025-11-04 18:19:00] [STDERR] 2025-11-04 18:19:00,655 - gleitzeit.workers.signal_worker - INFO - No waiters for signal workflow-completed in workflow workflow-72d17d06-2a7c-4814-9916-9321dfc74316 - keeping in registry
[2025-11-04 18:19:00] [STDERR] 2025-11-04 18:19:00,655 - gleitzeit.workers.signal_worker - INFO - Processing registry entry: workflow=workflow-72d17d06-2a7c-4814-9916-9321dfc74316, signal=processing-complete
[2025-11-04 18:19:00] [STDERR] 2025-11-04 18:19:00,656 - gleitzeit.workers.signal_worker - INFO - No waiters for signal processing-complete in workflow workflow-72d17d06-2a7c-4814-9916-9321dfc74316 - keeping in registry
[2025-11-04 18:19:01] [STDERR] 2025-11-04 18:19:01,164 - gleitzeit.workers.signal_worker - INFO - SignalWorker found 2 signals in global registry
[2025-11-04 18:19:01] [STDERR] 2025-11-04 18:19:01,164 - gleitzeit.workers.signal_worker - INFO - Processing registry entry: workflow=workflow-72d17d06-2a7c-4814-9916-9321dfc74316, signal=workflow-completed
[2025-11-04 18:19:01] [STDERR] 2025-11-04 18:19:01,164 - gleitzeit.workers.signal_worker - INFO - No waiters for signal workflow-completed in workflow workflow-72d17d06-2a7c-4814-9916-9321dfc74316 - keeping in registry
[2025-11-04 18:19:01] [STDERR] 2025-11-04 18:19:01,164 - gleitzeit.workers.signal_worker - INFO - Processing registry entry: workflow=workflow-72d17d06-2a7c-4814-9916-9321dfc74316, signal=processing-complete
[2025-11-04 18:19:01] [STDERR] 2025-11-04 18:19:01,164 - gleitzeit.workers.signal_worker - INFO - No waiters for signal processing-complete in workflow workflow-72d17d06-2a7c-4814-9916-9321dfc74316 - keeping in registry
[2025-11-04 18:19:01] [STDERR] 2025-11-04 18:19:01,682 - gleitzeit.workers.signal_worker - INFO - SignalWorker found 2 signals in global registry
[2025-11-04 18:19:01] [STDERR] 2025-11-04 18:19:01,682 - gleitzeit.workers.signal_worker - INFO - Processing registry entry: workflow=workflow-72d17d06-2a7c-4814-9916-9321dfc74316, signal=workflow-completed
[2025-11-04 18:19:01] [STDERR] 2025-11-04 18:19:01,682 - gleitzeit.workers.signal_worker - INFO - No waiters for signal workflow-completed in workflow workflow-72d17d06-2a7c-4814-9916-9321dfc74316 - keeping in registry
[2025-11-04 18:19:01] [STDERR] 2025-11-04 18:19:01,682 - gleitzeit.workers.signal_worker - INFO - Processing registry entry: workflow=workflow-72d17d06-2a7c-4814-9916-9321dfc74316, signal=processing-complete
[2025-11-04 18:19:01] [STDERR] 2025-11-04 18:19:01,683 - gleitzeit.workers.signal_worker - INFO - No waiters for signal processing-complete in workflow workflow-72d17d06-2a7c-4814-9916-9321dfc74316 - keeping in registry
[2025-11-04 18:19:02] [STDERR] 2025-11-04 18:19:02,204 - gleitzeit.workers.signal_worker - INFO - SignalWorker found 2 signals in global registry
[2025-11-04 18:19:02] [STDERR] 2025-11-04 18:19:02,204 - gleitzeit.workers.signal_worker - INFO - Processing registry entry: workflow=workflow-72d17d06-2a7c-4814-9916-9321dfc74316, signal=workflow-completed
[2025-11-04 18:19:02] [STDERR] 2025-11-04 18:19:02,204 - gleitzeit.workers.signal_worker - INFO - No waiters for signal workflow-completed in workflow workflow-72d17d06-2a7c-4814-9916-9321dfc74316 - keeping in registry
[2025-11-04 18:19:02] [STDERR] 2025-11-04 18:19:02,204 - gleitzeit.workers.signal_worker - INFO - Processing registry entry: workflow=workflow-72d17d06-2a7c-4814-9916-9321dfc74316, signal=processing-complete
[2025-11-04 18:19:02] [STDERR] 2025-11-04 18:19:02,204 - gleitzeit.workers.signal_worker - INFO - No waiters for signal processing-complete in workflow workflow-72d17d06-2a7c-4814-9916-9321dfc74316 - keeping in registry
[2025-11-04 18:19:02] [STDERR] 2025-11-04 18:19:02,721 - gleitzeit.workers.signal_worker - INFO - SignalWorker found 2 signals in global registry
[2025-11-04 18:19:02] [STDERR] 2025-11-04 18:19:02,721 - gleitzeit.workers.signal_worker - INFO - Processing registry entry: workflow=workflow-72d17d06-2a7c-4814-9916-9321dfc74316, signal=workflow-completed
[2025-11-04 18:19:02] [STDERR] 2025-11-04 18:19:02,721 - gleitzeit.workers.signal_worker - INFO - No waiters for signal workflow-completed in workflow workflow-72d17d06-2a7c-4814-9916-9321dfc74316 - keeping in registry
[2025-11-04 18:19:02] [STDERR] 2025-11-04 18:19:02,721 - gleitzeit.workers.signal_worker - INFO - Processing registry entry: workflow=workflow-72d17d06-2a7c-4814-9916-9321dfc74316, signal=processing-complete
[2025-11-04 18:19:02] [STDERR] 2025-11-04 18:19:02,721 - gleitzeit.workers.signal_worker - INFO - No waiters for signal processing-complete in workflow workflow-72d17d06-2a7c-4814-9916-9321dfc74316 - keeping in registry
[2025-11-04 18:19:03] [STDERR] 2025-11-04 18:19:03,235 - gleitzeit.workers.signal_worker - INFO - SignalWorker found 2 signals in global registry
[2025-11-04 18:19:03] [STDERR] 2025-11-04 18:19:03,235 - gleitzeit.workers.signal_worker - INFO - Processing registry entry: workflow=workflow-72d17d06-2a7c-4814-9916-9321dfc74316, signal=workflow-completed
[2025-11-04 18:19:03] [STDERR] 2025-11-04 18:19:03,235 - gleitzeit.workers.signal_worker - INFO - No waiters for signal workflow-completed in workflow workflow-72d17d06-2a7c-4814-9916-9321dfc74316 - keeping in registry
[2025-11-04 18:19:03] [STDERR] 2025-11-04 18:19:03,235 - gleitzeit.workers.signal_worker - INFO - Processing registry entry: workflow=workflow-72d17d06-2a7c-4814-9916-9321dfc74316, signal=processing-complete
[2025-11-04 18:19:03] [STDERR] 2025-11-04 18:19:03,235 - gleitzeit.workers.signal_worker - INFO - No waiters for signal processing-complete in workflow workflow-72d17d06-2a7c-4814-9916-9321dfc74316 - keeping in registry
[2025-11-04 18:19:03] [STDERR] 2025-11-04 18:19:03,754 - gleitzeit.workers.signal_worker - INFO - SignalWorker found 2 signals in global registry
[2025-11-04 18:19:03] [STDERR] 2025-11-04 18:19:03,754 - gleitzeit.workers.signal_worker - INFO - Processing registry entry: workflow=workflow-72d17d06-2a7c-4814-9916-9321dfc74316, signal=workflow-completed
[2025-11-04 18:19:03] [STDERR] 2025-11-04 18:19:03,754 - gleitzeit.workers.signal_worker - INFO - No waiters for signal workflow-completed in workflow workflow-72d17d06-2a7c-4814-9916-9321dfc74316 - keeping in registry
[2025-11-04 18:19:03] [STDERR] 2025-11-04 18:19:03,754 - gleitzeit.workers.signal_worker - INFO - Processing registry entry: workflow=workflow-72d17d06-2a7c-4814-9916-9321dfc74316, signal=processing-complete
[2025-11-04 18:19:03] [STDERR] 2025-11-04 18:19:03,754 - gleitzeit.workers.signal_worker - INFO - No waiters for signal processing-complete in workflow workflow-72d17d06-2a7c-4814-9916-9321dfc74316 - keeping in registry
[2025-11-04 18:19:04] [STDERR] 2025-11-04 18:19:04,269 - gleitzeit.workers.signal_worker - INFO - SignalWorker found 2 signals in global registry
[2025-11-04 18:19:04] [STDERR] 2025-11-04 18:19:04,269 - gleitzeit.workers.signal_worker - INFO - Processing registry entry: workflow=workflow-72d17d06-2a7c-4814-9916-9321dfc74316, signal=workflow-completed
[2025-11-04 18:19:04] [STDERR] 2025-11-04 18:19:04,269 - gleitzeit.workers.signal_worker - INFO - No waiters for signal workflow-completed in workflow workflow-72d17d06-2a7c-4814-9916-9321dfc74316 - keeping in registry
[2025-11-04 18:19:04] [STDERR] 2025-11-04 18:19:04,269 - gleitzeit.workers.signal_worker - INFO - Processing registry entry: workflow=workflow-72d17d06-2a7c-4814-9916-9321dfc74316, signal=processing-complete
[2025-11-04 18:19:04] [STDERR] 2025-11-04 18:19:04,269 - gleitzeit.workers.signal_worker - INFO - No waiters for signal processing-complete in workflow workflow-72d17d06-2a7c-4814-9916-9321dfc74316 - keeping in registry
[2025-11-04 18:19:04] [STDERR] 2025-11-04 18:19:04,771 - gleitzeit.workers.signal_worker - INFO - Signal processing loop iteration 240
[2025-11-04 18:19:04] [STDERR] 2025-11-04 18:19:04,782 - gleitzeit.workers.signal_worker - INFO - SignalWorker found 2 signals in global registry
[2025-11-04 18:19:04] [STDERR] 2025-11-04 18:19:04,782 - gleitzeit.workers.signal_worker - INFO - Processing registry entry: workflow=workflow-72d17d06-2a7c-4814-9916-9321dfc74316, signal=workflow-completed
[2025-11-04 18:19:04] [STDERR] 2025-11-04 18:19:04,782 - gleitzeit.workers.signal_worker - INFO - No waiters for signal workflow-completed in workflow workflow-72d17d06-2a7c-4814-9916-9321dfc74316 - keeping in registry
[2025-11-04 18:19:04] [STDERR] 2025-11-04 18:19:04,782 - gleitzeit.workers.signal_worker - INFO - Processing registry entry: workflow=workflow-72d17d06-2a7c-4814-9916-9321dfc74316, signal=processing-complete
[2025-11-04 18:19:04] [STDERR] 2025-11-04 18:19:04,782 - gleitzeit.workers.signal_worker - INFO - No waiters for signal processing-complete in workflow workflow-72d17d06-2a7c-4814-9916-9321dfc74316 - keeping in registry
[2025-11-04 18:19:05] [STDERR] 2025-11-04 18:19:05,296 - gleitzeit.workers.signal_worker - INFO - SignalWorker found 2 signals in global registry
[2025-11-04 18:19:05] [STDERR] 2025-11-04 18:19:05,296 - gleitzeit.workers.signal_worker - INFO - Processing registry entry: workflow=workflow-72d17d06-2a7c-4814-9916-9321dfc74316, signal=workflow-completed
[2025-11-04 18:19:05] [STDERR] 2025-11-04 18:19:05,296 - gleitzeit.workers.signal_worker - INFO - No waiters for signal workflow-completed in workflow workflow-72d17d06-2a7c-4814-9916-9321dfc74316 - keeping in registry
[2025-11-04 18:19:05] [STDERR] 2025-11-04 18:19:05,297 - gleitzeit.workers.signal_worker - INFO - Processing registry entry: workflow=workflow-72d17d06-2a7c-4814-9916-9321dfc74316, signal=processing-complete
[2025-11-04 18:19:05] [STDERR] 2025-11-04 18:19:05,297 - gleitzeit.workers.signal_worker - INFO - No waiters for signal processing-complete in workflow workflow-72d17d06-2a7c-4814-9916-9321dfc74316 - keeping in registry
[2025-11-04 18:19:05] [STDERR] 2025-11-04 18:19:05,807 - gleitzeit.workers.signal_worker - INFO - SignalWorker found 2 signals in global registry
[2025-11-04 18:19:05] [STDERR] 2025-11-04 18:19:05,807 - gleitzeit.workers.signal_worker - INFO - Processing registry entry: workflow=workflow-72d17d06-2a7c-4814-9916-9321dfc74316, signal=workflow-completed
[2025-11-04 18:19:05] [STDERR] 2025-11-04 18:19:05,807 - gleitzeit.workers.signal_worker - INFO - No waiters for signal workflow-completed in workflow workflow-72d17d06-2a7c-4814-9916-9321dfc74316 - keeping in registry
[2025-11-04 18:19:05] [STDERR] 2025-11-04 18:19:05,807 - gleitzeit.workers.signal_worker - INFO - Processing registry entry: workflow=workflow-72d17d06-2a7c-4814-9916-9321dfc74316, signal=processing-complete
[2025-11-04 18:19:05] [STDERR] 2025-11-04 18:19:05,807 - gleitzeit.workers.signal_worker - INFO - No waiters for signal processing-complete in workflow workflow-72d17d06-2a7c-4814-9916-9321dfc74316 - keeping in registry
[2025-11-04 18:19:06] [STDERR] 2025-11-04 18:19:06,321 - gleitzeit.workers.signal_worker - INFO - SignalWorker found 2 signals in global registry
[2025-11-04 18:19:06] [STDERR] 2025-11-04 18:19:06,321 - gleitzeit.workers.signal_worker - INFO - Processing registry entry: workflow=workflow-72d17d06-2a7c-4814-9916-9321dfc74316, signal=workflow-completed
[2025-11-04 18:19:06] [STDERR] 2025-11-04 18:19:06,321 - gleitzeit.workers.signal_worker - INFO - No waiters for signal workflow-completed in workflow workflow-72d17d06-2a7c-4814-9916-9321dfc74316 - keeping in registry
[2025-11-04 18:19:06] [STDERR] 2025-11-04 18:19:06,321 - gleitzeit.workers.signal_worker - INFO - Processing registry entry: workflow=workflow-72d17d06-2a7c-4814-9916-9321dfc74316, signal=processing-complete
[2025-11-04 18:19:06] [STDERR] 2025-11-04 18:19:06,321 - gleitzeit.workers.signal_worker - INFO - No waiters for signal processing-complete in workflow workflow-72d17d06-2a7c-4814-9916-9321dfc74316 - keeping in registry
[2025-11-04 18:19:06] [STDERR] 2025-11-04 18:19:06,833 - gleitzeit.workers.signal_worker - INFO - SignalWorker found 2 signals in global registry
[2025-11-04 18:19:06] [STDERR] 2025-11-04 18:19:06,834 - gleitzeit.workers.signal_worker - INFO - Processing registry entry: workflow=workflow-72d17d06-2a7c-4814-9916-9321dfc74316, signal=workflow-completed
[2025-11-04 18:19:06] [STDERR] 2025-11-04 18:19:06,834 - gleitzeit.workers.signal_worker - INFO - No waiters for signal workflow-completed in workflow workflow-72d17d06-2a7c-4814-9916-9321dfc74316 - keeping in registry
[2025-11-04 18:19:06] [STDERR] 2025-11-04 18:19:06,834 - gleitzeit.workers.signal_worker - INFO - Processing registry entry: workflow=workflow-72d17d06-2a7c-4814-9916-9321dfc74316, signal=processing-complete
[2025-11-04 18:19:06] [STDERR] 2025-11-04 18:19:06,834 - gleitzeit.workers.signal_worker - INFO - No waiters for signal processing-complete in workflow workflow-72d17d06-2a7c-4814-9916-9321dfc74316 - keeping in registry
[2025-11-04 18:19:07] [STDERR] 2025-11-04 18:19:07,353 - gleitzeit.workers.signal_worker - INFO - SignalWorker found 2 signals in global registry
[2025-11-04 18:19:07] [STDERR] 2025-11-04 18:19:07,354 - gleitzeit.workers.signal_worker - INFO - Processing registry entry: workflow=workflow-72d17d06-2a7c-4814-9916-9321dfc74316, signal=workflow-completed
[2025-11-04 18:19:07] [STDERR] 2025-11-04 18:19:07,354 - gleitzeit.workers.signal_worker - INFO - No waiters for signal workflow-completed in workflow workflow-72d17d06-2a7c-4814-9916-9321dfc74316 - keeping in registry
[2025-11-04 18:19:07] [STDERR] 2025-11-04 18:19:07,354 - gleitzeit.workers.signal_worker - INFO - Processing registry entry: workflow=workflow-72d17d06-2a7c-4814-9916-9321dfc74316, signal=processing-complete
[2025-11-04 18:19:07] [STDERR] 2025-11-04 18:19:07,354 - gleitzeit.workers.signal_worker - INFO - No waiters for signal processing-complete in workflow workflow-72d17d06-2a7c-4814-9916-9321dfc74316 - keeping in registry
[2025-11-04 18:19:07] [STDERR] 2025-11-04 18:19:07,860 - gleitzeit.workers.signal_worker - INFO - SignalWorker found 2 signals in global registry
[2025-11-04 18:19:07] [STDERR] 2025-11-04 18:19:07,860 - gleitzeit.workers.signal_worker - INFO - Processing registry entry: workflow=workflow-72d17d06-2a7c-4814-9916-9321dfc74316, signal=workflow-completed
[2025-11-04 18:19:07] [STDERR] 2025-11-04 18:19:07,861 - gleitzeit.workers.signal_worker - INFO - No waiters for signal workflow-completed in workflow workflow-72d17d06-2a7c-4814-9916-9321dfc74316 - keeping in registry
[2025-11-04 18:19:07] [STDERR] 2025-11-04 18:19:07,861 - gleitzeit.workers.signal_worker - INFO - Processing registry entry: workflow=workflow-72d17d06-2a7c-4814-9916-9321dfc74316, signal=processing-complete
[2025-11-04 18:19:07] [STDERR] 2025-11-04 18:19:07,861 - gleitzeit.workers.signal_worker - INFO - No waiters for signal processing-complete in workflow workflow-72d17d06-2a7c-4814-9916-9321dfc74316 - keeping in registry
[2025-11-04 18:19:08] [STDERR] 2025-11-04 18:19:08,374 - gleitzeit.workers.signal_worker - INFO - SignalWorker found 2 signals in global registry
[2025-11-04 18:19:08] [STDERR] 2025-11-04 18:19:08,374 - gleitzeit.workers.signal_worker - INFO - Processing registry entry: workflow=workflow-72d17d06-2a7c-4814-9916-9321dfc74316, signal=workflow-completed
[2025-11-04 18:19:08] [STDERR] 2025-11-04 18:19:08,374 - gleitzeit.workers.signal_worker - INFO - No waiters for signal workflow-completed in workflow workflow-72d17d06-2a7c-4814-9916-9321dfc74316 - keeping in registry
[2025-11-04 18:19:08] [STDERR] 2025-11-04 18:19:08,374 - gleitzeit.workers.signal_worker - INFO - Processing registry entry: workflow=workflow-72d17d06-2a7c-4814-9916-9321dfc74316, signal=processing-complete
[2025-11-04 18:19:08] [STDERR] 2025-11-04 18:19:08,374 - gleitzeit.workers.signal_worker - INFO - No waiters for signal processing-complete in workflow workflow-72d17d06-2a7c-4814-9916-9321dfc74316 - keeping in registry
[2025-11-04 18:19:08] [STDERR] 2025-11-04 18:19:08,881 - gleitzeit.workers.signal_worker - INFO - SignalWorker found 2 signals in global registry
[2025-11-04 18:19:08] [STDERR] 2025-11-04 18:19:08,881 - gleitzeit.workers.signal_worker - INFO - Processing registry entry: workflow=workflow-72d17d06-2a7c-4814-9916-9321dfc74316, signal=workflow-completed
[2025-11-04 18:19:08] [STDERR] 2025-11-04 18:19:08,882 - gleitzeit.workers.signal_worker - INFO - No waiters for signal workflow-completed in workflow workflow-72d17d06-2a7c-4814-9916-9321dfc74316 - keeping in registry
[2025-11-04 18:19:08] [STDERR] 2025-11-04 18:19:08,882 - gleitzeit.workers.signal_worker - INFO - Processing registry entry: workflow=workflow-72d17d06-2a7c-4814-9916-9321dfc74316, signal=processing-complete
[2025-11-04 18:19:08] [STDERR] 2025-11-04 18:19:08,882 - gleitzeit.workers.signal_worker - INFO - No waiters for signal processing-complete in workflow workflow-72d17d06-2a7c-4814-9916-9321dfc74316 - keeping in registry
[2025-11-04 18:19:09] [STDERR] 2025-11-04 18:19:09,389 - gleitzeit.workers.signal_worker - INFO - SignalWorker found 2 signals in global registry
[2025-11-04 18:19:09] [STDERR] 2025-11-04 18:19:09,389 - gleitzeit.workers.signal_worker - INFO - Processing registry entry: workflow=workflow-72d17d06-2a7c-4814-9916-9321dfc74316, signal=workflow-completed
[2025-11-04 18:19:09] [STDERR] 2025-11-04 18:19:09,389 - gleitzeit.workers.signal_worker - INFO - No waiters for signal workflow-completed in workflow workflow-72d17d06-2a7c-4814-9916-9321dfc74316 - keeping in registry
[2025-11-04 18:19:09] [STDERR] 2025-11-04 18:19:09,389 - gleitzeit.workers.signal_worker - INFO - Processing registry entry: workflow=workflow-72d17d06-2a7c-4814-9916-9321dfc74316, signal=processing-complete
[2025-11-04 18:19:09] [STDERR] 2025-11-04 18:19:09,389 - gleitzeit.workers.signal_worker - INFO - No waiters for signal processing-complete in workflow workflow-72d17d06-2a7c-4814-9916-9321dfc74316 - keeping in registry
[2025-11-04 18:19:09] [STDERR] 2025-11-04 18:19:09,906 - gleitzeit.workers.signal_worker - INFO - SignalWorker found 2 signals in global registry
[2025-11-04 18:19:09] [STDERR] 2025-11-04 18:19:09,906 - gleitzeit.workers.signal_worker - INFO - Processing registry entry: workflow=workflow-72d17d06-2a7c-4814-9916-9321dfc74316, signal=workflow-completed
[2025-11-04 18:19:09] [STDERR] 2025-11-04 18:19:09,906 - gleitzeit.workers.signal_worker - INFO - No waiters for signal workflow-completed in workflow workflow-72d17d06-2a7c-4814-9916-9321dfc74316 - keeping in registry
[2025-11-04 18:19:09] [STDERR] 2025-11-04 18:19:09,906 - gleitzeit.workers.signal_worker - INFO - Processing registry entry: workflow=workflow-72d17d06-2a7c-4814-9916-9321dfc74316, signal=processing-complete
[2025-11-04 18:19:09] [STDERR] 2025-11-04 18:19:09,906 - gleitzeit.workers.signal_worker - INFO - No waiters for signal processing-complete in workflow workflow-72d17d06-2a7c-4814-9916-9321dfc74316 - keeping in registry
[2025-11-04 18:19:10] [STDERR] 2025-11-04 18:19:10,419 - gleitzeit.workers.signal_worker - INFO - SignalWorker found 2 signals in global registry
[2025-11-04 18:19:10] [STDERR] 2025-11-04 18:19:10,419 - gleitzeit.workers.signal_worker - INFO - Processing registry entry: workflow=workflow-72d17d06-2a7c-4814-9916-9321dfc74316, signal=workflow-completed
[2025-11-04 18:19:10] [STDERR] 2025-11-04 18:19:10,419 - gleitzeit.workers.signal_worker - INFO - No waiters for signal workflow-completed in workflow workflow-72d17d06-2a7c-4814-9916-9321dfc74316 - keeping in registry
[2025-11-04 18:19:10] [STDERR] 2025-11-04 18:19:10,419 - gleitzeit.workers.signal_worker - INFO - Processing registry entry: workflow=workflow-72d17d06-2a7c-4814-9916-9321dfc74316, signal=processing-complete
[2025-11-04 18:19:10] [STDERR] 2025-11-04 18:19:10,419 - gleitzeit.workers.signal_worker - INFO - No waiters for signal processing-complete in workflow workflow-72d17d06-2a7c-4814-9916-9321dfc74316 - keeping in registry
[2025-11-04 18:19:10] [STDERR] 2025-11-04 18:19:10,937 - gleitzeit.workers.signal_worker - INFO - SignalWorker found 2 signals in global registry
[2025-11-04 18:19:10] [STDERR] 2025-11-04 18:19:10,937 - gleitzeit.workers.signal_worker - INFO - Processing registry entry: workflow=workflow-72d17d06-2a7c-4814-9916-9321dfc74316, signal=workflow-completed
[2025-11-04 18:19:10] [STDERR] 2025-11-04 18:19:10,937 - gleitzeit.workers.signal_worker - INFO - No waiters for signal workflow-completed in workflow workflow-72d17d06-2a7c-4814-9916-9321dfc74316 - keeping in registry
[2025-11-04 18:19:10] [STDERR] 2025-11-04 18:19:10,937 - gleitzeit.workers.signal_worker - INFO - Processing registry entry: workflow=workflow-72d17d06-2a7c-4814-9916-9321dfc74316, signal=processing-complete
[2025-11-04 18:19:10] [STDERR] 2025-11-04 18:19:10,937 - gleitzeit.workers.signal_worker - INFO - No waiters for signal processing-complete in workflow workflow-72d17d06-2a7c-4814-9916-9321dfc74316 - keeping in registry
[2025-11-04 18:19:11] [STDERR] 2025-11-04 18:19:11,454 - gleitzeit.workers.signal_worker - INFO - SignalWorker found 2 signals in global registry
[2025-11-04 18:19:11] [STDERR] 2025-11-04 18:19:11,454 - gleitzeit.workers.signal_worker - INFO - Processing registry entry: workflow=workflow-72d17d06-2a7c-4814-9916-9321dfc74316, signal=workflow-completed
[2025-11-04 18:19:11] [STDERR] 2025-11-04 18:19:11,455 - gleitzeit.workers.signal_worker - INFO - No waiters for signal workflow-completed in workflow workflow-72d17d06-2a7c-4814-9916-9321dfc74316 - keeping in registry
[2025-11-04 18:19:11] [STDERR] 2025-11-04 18:19:11,455 - gleitzeit.workers.signal_worker - INFO - Processing registry entry: workflow=workflow-72d17d06-2a7c-4814-9916-9321dfc74316, signal=processing-complete
[2025-11-04 18:19:11] [STDERR] 2025-11-04 18:19:11,455 - gleitzeit.workers.signal_worker - INFO - No waiters for signal processing-complete in workflow workflow-72d17d06-2a7c-4814-9916-9321dfc74316 - keeping in registry
[2025-11-04 18:19:11] [STDERR] 2025-11-04 18:19:11,966 - gleitzeit.workers.signal_worker - INFO - SignalWorker found 2 signals in global registry
[2025-11-04 18:19:11] [STDERR] 2025-11-04 18:19:11,966 - gleitzeit.workers.signal_worker - INFO - Processing registry entry: workflow=workflow-72d17d06-2a7c-4814-9916-9321dfc74316, signal=workflow-completed
[2025-11-04 18:19:11] [STDERR] 2025-11-04 18:19:11,966 - gleitzeit.workers.signal_worker - INFO - No waiters for signal workflow-completed in workflow workflow-72d17d06-2a7c-4814-9916-9321dfc74316 - keeping in registry
[2025-11-04 18:19:11] [STDERR] 2025-11-04 18:19:11,966 - gleitzeit.workers.signal_worker - INFO - Processing registry entry: workflow=workflow-72d17d06-2a7c-4814-9916-9321dfc74316, signal=processing-complete
[2025-11-04 18:19:11] [STDERR] 2025-11-04 18:19:11,966 - gleitzeit.workers.signal_worker - INFO - No waiters for signal processing-complete in workflow workflow-72d17d06-2a7c-4814-9916-9321dfc74316 - keeping in registry
[2025-11-04 18:19:12] [STDERR] 2025-11-04 18:19:12,474 - gleitzeit.workers.signal_worker - INFO - SignalWorker found 2 signals in global registry
[2025-11-04 18:19:12] [STDERR] 2025-11-04 18:19:12,474 - gleitzeit.workers.signal_worker - INFO - Processing registry entry: workflow=workflow-72d17d06-2a7c-4814-9916-9321dfc74316, signal=workflow-completed
[2025-11-04 18:19:12] [STDERR] 2025-11-04 18:19:12,474 - gleitzeit.workers.signal_worker - INFO - No waiters for signal workflow-completed in workflow workflow-72d17d06-2a7c-4814-9916-9321dfc74316 - keeping in registry
[2025-11-04 18:19:12] [STDERR] 2025-11-04 18:19:12,474 - gleitzeit.workers.signal_worker - INFO - Processing registry entry: workflow=workflow-72d17d06-2a7c-4814-9916-9321dfc74316, signal=processing-complete
[2025-11-04 18:19:12] [STDERR] 2025-11-04 18:19:12,474 - gleitzeit.workers.signal_worker - INFO - No waiters for signal processing-complete in workflow workflow-72d17d06-2a7c-4814-9916-9321dfc74316 - keeping in registry
[2025-11-04 18:19:12] [STDERR] 2025-11-04 18:19:12,982 - gleitzeit.workers.signal_worker - INFO - SignalWorker found 2 signals in global registry
[2025-11-04 18:19:12] [STDERR] 2025-11-04 18:19:12,982 - gleitzeit.workers.signal_worker - INFO - Processing registry entry: workflow=workflow-72d17d06-2a7c-4814-9916-9321dfc74316, signal=workflow-completed
[2025-11-04 18:19:12] [STDERR] 2025-11-04 18:19:12,982 - gleitzeit.workers.signal_worker - INFO - No waiters for signal workflow-completed in workflow workflow-72d17d06-2a7c-4814-9916-9321dfc74316 - keeping in registry
[2025-11-04 18:19:12] [STDERR] 2025-11-04 18:19:12,982 - gleitzeit.workers.signal_worker - INFO - Processing registry entry: workflow=workflow-72d17d06-2a7c-4814-9916-9321dfc74316, signal=processing-complete
[2025-11-04 18:19:12] [STDERR] 2025-11-04 18:19:12,982 - gleitzeit.workers.signal_worker - INFO - No waiters for signal processing-complete in workflow workflow-72d17d06-2a7c-4814-9916-9321dfc74316 - keeping in registry
[2025-11-04 18:19:13] [STDERR] 2025-11-04 18:19:13,489 - gleitzeit.workers.signal_worker - INFO - SignalWorker found 2 signals in global registry
[2025-11-04 18:19:13] [STDERR] 2025-11-04 18:19:13,489 - gleitzeit.workers.signal_worker - INFO - Processing registry entry: workflow=workflow-72d17d06-2a7c-4814-9916-9321dfc74316, signal=workflow-completed
[2025-11-04 18:19:13] [STDERR] 2025-11-04 18:19:13,489 - gleitzeit.workers.signal_worker - INFO - No waiters for signal workflow-completed in workflow workflow-72d17d06-2a7c-4814-9916-9321dfc74316 - keeping in registry
[2025-11-04 18:19:13] [STDERR] 2025-11-04 18:19:13,489 - gleitzeit.workers.signal_worker - INFO - Processing registry entry: workflow=workflow-72d17d06-2a7c-4814-9916-9321dfc74316, signal=processing-complete
[2025-11-04 18:19:13] [STDERR] 2025-11-04 18:19:13,489 - gleitzeit.workers.signal_worker - INFO - No waiters for signal processing-complete in workflow workflow-72d17d06-2a7c-4814-9916-9321dfc74316 - keeping in registry
[2025-11-04 18:19:14] [STDERR] 2025-11-04 18:19:14,000 - gleitzeit.workers.signal_worker - INFO - SignalWorker found 2 signals in global registry
[2025-11-04 18:19:14] [STDERR] 2025-11-04 18:19:14,000 - gleitzeit.workers.signal_worker - INFO - Processing registry entry: workflow=workflow-72d17d06-2a7c-4814-9916-9321dfc74316, signal=workflow-completed
[2025-11-04 18:19:14] [STDERR] 2025-11-04 18:19:14,001 - gleitzeit.workers.signal_worker - INFO - No waiters for signal workflow-completed in workflow workflow-72d17d06-2a7c-4814-9916-9321dfc74316 - keeping in registry
[2025-11-04 18:19:14] [STDERR] 2025-11-04 18:19:14,001 - gleitzeit.workers.signal_worker - INFO - Processing registry entry: workflow=workflow-72d17d06-2a7c-4814-9916-9321dfc74316, signal=processing-complete
[2025-11-04 18:19:14] [STDERR] 2025-11-04 18:19:14,001 - gleitzeit.workers.signal_worker - INFO - No waiters for signal processing-complete in workflow workflow-72d17d06-2a7c-4814-9916-9321dfc74316 - keeping in registry
[2025-11-04 18:19:14] [STDERR] 2025-11-04 18:19:14,510 - gleitzeit.workers.signal_worker - INFO - SignalWorker found 2 signals in global registry
[2025-11-04 18:19:14] [STDERR] 2025-11-04 18:19:14,510 - gleitzeit.workers.signal_worker - INFO - Processing registry entry: workflow=workflow-72d17d06-2a7c-4814-9916-9321dfc74316, signal=workflow-completed
[2025-11-04 18:19:14] [STDERR] 2025-11-04 18:19:14,511 - gleitzeit.workers.signal_worker - INFO - No waiters for signal workflow-completed in workflow workflow-72d17d06-2a7c-4814-9916-9321dfc74316 - keeping in registry
[2025-11-04 18:19:14] [STDERR] 2025-11-04 18:19:14,511 - gleitzeit.workers.signal_worker - INFO - Processing registry entry: workflow=workflow-72d17d06-2a7c-4814-9916-9321dfc74316, signal=processing-complete
[2025-11-04 18:19:14] [STDERR] 2025-11-04 18:19:14,511 - gleitzeit.workers.signal_worker - INFO - No waiters for signal processing-complete in workflow workflow-72d17d06-2a7c-4814-9916-9321dfc74316 - keeping in registry
[2025-11-04 18:19:15] [STDERR] 2025-11-04 18:19:15,012 - gleitzeit.workers.signal_worker - INFO - Signal processing loop iteration 260
[2025-11-04 18:19:15] [STDERR] 2025-11-04 18:19:15,028 - gleitzeit.workers.signal_worker - INFO - SignalWorker found 2 signals in global registry
[2025-11-04 18:19:15] [STDERR] 2025-11-04 18:19:15,028 - gleitzeit.workers.signal_worker - INFO - Processing registry entry: workflow=workflow-72d17d06-2a7c-4814-9916-9321dfc74316, signal=workflow-completed
[2025-11-04 18:19:15] [STDERR] 2025-11-04 18:19:15,028 - gleitzeit.workers.signal_worker - INFO - No waiters for signal workflow-completed in workflow workflow-72d17d06-2a7c-4814-9916-9321dfc74316 - keeping in registry
[2025-11-04 18:19:15] [STDERR] 2025-11-04 18:19:15,028 - gleitzeit.workers.signal_worker - INFO - Processing registry entry: workflow=workflow-72d17d06-2a7c-4814-9916-9321dfc74316, signal=processing-complete
[2025-11-04 18:19:15] [STDERR] 2025-11-04 18:19:15,028 - gleitzeit.workers.signal_worker - INFO - No waiters for signal processing-complete in workflow workflow-72d17d06-2a7c-4814-9916-9321dfc74316 - keeping in registry
[2025-11-04 18:19:15] [STDERR] 2025-11-04 18:19:15,546 - gleitzeit.workers.signal_worker - INFO - SignalWorker found 2 signals in global registry
[2025-11-04 18:19:15] [STDERR] 2025-11-04 18:19:15,546 - gleitzeit.workers.signal_worker - INFO - Processing registry entry: workflow=workflow-72d17d06-2a7c-4814-9916-9321dfc74316, signal=workflow-completed
[2025-11-04 18:19:15] [STDERR] 2025-11-04 18:19:15,546 - gleitzeit.workers.signal_worker - INFO - No waiters for signal workflow-completed in workflow workflow-72d17d06-2a7c-4814-9916-9321dfc74316 - keeping in registry
[2025-11-04 18:19:15] [STDERR] 2025-11-04 18:19:15,546 - gleitzeit.workers.signal_worker - INFO - Processing registry entry: workflow=workflow-72d17d06-2a7c-4814-9916-9321dfc74316, signal=processing-complete
[2025-11-04 18:19:15] [STDERR] 2025-11-04 18:19:15,546 - gleitzeit.workers.signal_worker - INFO - No waiters for signal processing-complete in workflow workflow-72d17d06-2a7c-4814-9916-9321dfc74316 - keeping in registry
[2025-11-04 18:19:16] [STDERR] 2025-11-04 18:19:16,065 - gleitzeit.workers.signal_worker - INFO - SignalWorker found 2 signals in global registry
[2025-11-04 18:19:16] [STDERR] 2025-11-04 18:19:16,065 - gleitzeit.workers.signal_worker - INFO - Processing registry entry: workflow=workflow-72d17d06-2a7c-4814-9916-9321dfc74316, signal=workflow-completed
[2025-11-04 18:19:16] [STDERR] 2025-11-04 18:19:16,065 - gleitzeit.workers.signal_worker - INFO - No waiters for signal workflow-completed in workflow workflow-72d17d06-2a7c-4814-9916-9321dfc74316 - keeping in registry
[2025-11-04 18:19:16] [STDERR] 2025-11-04 18:19:16,065 - gleitzeit.workers.signal_worker - INFO - Processing registry entry: workflow=workflow-72d17d06-2a7c-4814-9916-9321dfc74316, signal=processing-complete
[2025-11-04 18:19:16] [STDERR] 2025-11-04 18:19:16,066 - gleitzeit.workers.signal_worker - INFO - No waiters for signal processing-complete in workflow workflow-72d17d06-2a7c-4814-9916-9321dfc74316 - keeping in registry
[2025-11-04 18:19:16] [STDERR] 2025-11-04 18:19:16,573 - gleitzeit.workers.signal_worker - INFO - SignalWorker found 2 signals in global registry
[2025-11-04 18:19:16] [STDERR] 2025-11-04 18:19:16,573 - gleitzeit.workers.signal_worker - INFO - Processing registry entry: workflow=workflow-72d17d06-2a7c-4814-9916-9321dfc74316, signal=workflow-completed
[2025-11-04 18:19:16] [STDERR] 2025-11-04 18:19:16,573 - gleitzeit.workers.signal_worker - INFO - No waiters for signal workflow-completed in workflow workflow-72d17d06-2a7c-4814-9916-9321dfc74316 - keeping in registry
[2025-11-04 18:19:16] [STDERR] 2025-11-04 18:19:16,573 - gleitzeit.workers.signal_worker - INFO - Processing registry entry: workflow=workflow-72d17d06-2a7c-4814-9916-9321dfc74316, signal=processing-complete
[2025-11-04 18:19:16] [STDERR] 2025-11-04 18:19:16,574 - gleitzeit.workers.signal_worker - INFO - No waiters for signal processing-complete in workflow workflow-72d17d06-2a7c-4814-9916-9321dfc74316 - keeping in registry
[2025-11-04 18:19:17] [STDERR] 2025-11-04 18:19:17,087 - gleitzeit.workers.signal_worker - INFO - SignalWorker found 2 signals in global registry
[2025-11-04 18:19:17] [STDERR] 2025-11-04 18:19:17,087 - gleitzeit.workers.signal_worker - INFO - Processing registry entry: workflow=workflow-72d17d06-2a7c-4814-9916-9321dfc74316, signal=workflow-completed
[2025-11-04 18:19:17] [STDERR] 2025-11-04 18:19:17,088 - gleitzeit.workers.signal_worker - INFO - No waiters for signal workflow-completed in workflow workflow-72d17d06-2a7c-4814-9916-9321dfc74316 - keeping in registry
[2025-11-04 18:19:17] [STDERR] 2025-11-04 18:19:17,088 - gleitzeit.workers.signal_worker - INFO - Processing registry entry: workflow=workflow-72d17d06-2a7c-4814-9916-9321dfc74316, signal=processing-complete
[2025-11-04 18:19:17] [STDERR] 2025-11-04 18:19:17,088 - gleitzeit.workers.signal_worker - INFO - No waiters for signal processing-complete in workflow workflow-72d17d06-2a7c-4814-9916-9321dfc74316 - keeping in registry
[2025-11-04 18:19:17] [STDERR] 2025-11-04 18:19:17,599 - gleitzeit.workers.signal_worker - INFO - SignalWorker found 2 signals in global registry
[2025-11-04 18:19:17] [STDERR] 2025-11-04 18:19:17,599 - gleitzeit.workers.signal_worker - INFO - Processing registry entry: workflow=workflow-72d17d06-2a7c-4814-9916-9321dfc74316, signal=workflow-completed
[2025-11-04 18:19:17] [STDERR] 2025-11-04 18:19:17,599 - gleitzeit.workers.signal_worker - INFO - No waiters for signal workflow-completed in workflow workflow-72d17d06-2a7c-4814-9916-9321dfc74316 - keeping in registry
[2025-11-04 18:19:17] [STDERR] 2025-11-04 18:19:17,599 - gleitzeit.workers.signal_worker - INFO - Processing registry entry: workflow=workflow-72d17d06-2a7c-4814-9916-9321dfc74316, signal=processing-complete
[2025-11-04 18:19:17] [STDERR] 2025-11-04 18:19:17,600 - gleitzeit.workers.signal_worker - INFO - No waiters for signal processing-complete in workflow workflow-72d17d06-2a7c-4814-9916-9321dfc74316 - keeping in registry
[2025-11-04 18:19:18] [STDERR] 2025-11-04 18:19:18,116 - gleitzeit.workers.signal_worker - INFO - SignalWorker found 2 signals in global registry
[2025-11-04 18:19:18] [STDERR] 2025-11-04 18:19:18,116 - gleitzeit.workers.signal_worker - INFO - Processing registry entry: workflow=workflow-72d17d06-2a7c-4814-9916-9321dfc74316, signal=workflow-completed
[2025-11-04 18:19:18] [STDERR] 2025-11-04 18:19:18,116 - gleitzeit.workers.signal_worker - INFO - No waiters for signal workflow-completed in workflow workflow-72d17d06-2a7c-4814-9916-9321dfc74316 - keeping in registry
[2025-11-04 18:19:18] [STDERR] 2025-11-04 18:19:18,116 - gleitzeit.workers.signal_worker - INFO - Processing registry entry: workflow=workflow-72d17d06-2a7c-4814-9916-9321dfc74316, signal=processing-complete
[2025-11-04 18:19:18] [STDERR] 2025-11-04 18:19:18,116 - gleitzeit.workers.signal_worker - INFO - No waiters for signal processing-complete in workflow workflow-72d17d06-2a7c-4814-9916-9321dfc74316 - keeping in registry
[2025-11-04 18:19:18] [STDERR] 2025-11-04 18:19:18,629 - gleitzeit.workers.signal_worker - INFO - SignalWorker found 2 signals in global registry
[2025-11-04 18:19:18] [STDERR] 2025-11-04 18:19:18,630 - gleitzeit.workers.signal_worker - INFO - Processing registry entry: workflow=workflow-72d17d06-2a7c-4814-9916-9321dfc74316, signal=workflow-completed
[2025-11-04 18:19:18] [STDERR] 2025-11-04 18:19:18,630 - gleitzeit.workers.signal_worker - INFO - No waiters for signal workflow-completed in workflow workflow-72d17d06-2a7c-4814-9916-9321dfc74316 - keeping in registry
[2025-11-04 18:19:18] [STDERR] 2025-11-04 18:19:18,630 - gleitzeit.workers.signal_worker - INFO - Processing registry entry: workflow=workflow-72d17d06-2a7c-4814-9916-9321dfc74316, signal=processing-complete
[2025-11-04 18:19:18] [STDERR] 2025-11-04 18:19:18,630 - gleitzeit.workers.signal_worker - INFO - No waiters for signal processing-complete in workflow workflow-72d17d06-2a7c-4814-9916-9321dfc74316 - keeping in registry
[2025-11-04 18:19:19] [STDERR] 2025-11-04 18:19:19,137 - gleitzeit.workers.signal_worker - INFO - SignalWorker found 2 signals in global registry
[2025-11-04 18:19:19] [STDERR] 2025-11-04 18:19:19,137 - gleitzeit.workers.signal_worker - INFO - Processing registry entry: workflow=workflow-72d17d06-2a7c-4814-9916-9321dfc74316, signal=workflow-completed
[2025-11-04 18:19:19] [STDERR] 2025-11-04 18:19:19,138 - gleitzeit.workers.signal_worker - INFO - No waiters for signal workflow-completed in workflow workflow-72d17d06-2a7c-4814-9916-9321dfc74316 - keeping in registry
[2025-11-04 18:19:19] [STDERR] 2025-11-04 18:19:19,138 - gleitzeit.workers.signal_worker - INFO - Processing registry entry: workflow=workflow-72d17d06-2a7c-4814-9916-9321dfc74316, signal=processing-complete
[2025-11-04 18:19:19] [STDERR] 2025-11-04 18:19:19,138 - gleitzeit.workers.signal_worker - INFO - No waiters for signal processing-complete in workflow workflow-72d17d06-2a7c-4814-9916-9321dfc74316 - keeping in registry
[2025-11-04 18:19:19] [STDERR] 2025-11-04 18:19:19,650 - gleitzeit.workers.signal_worker - INFO - SignalWorker found 2 signals in global registry
[2025-11-04 18:19:19] [STDERR] 2025-11-04 18:19:19,650 - gleitzeit.workers.signal_worker - INFO - Processing registry entry: workflow=workflow-72d17d06-2a7c-4814-9916-9321dfc74316, signal=workflow-completed
[2025-11-04 18:19:19] [STDERR] 2025-11-04 18:19:19,650 - gleitzeit.workers.signal_worker - INFO - No waiters for signal workflow-completed in workflow workflow-72d17d06-2a7c-4814-9916-9321dfc74316 - keeping in registry
[2025-11-04 18:19:19] [STDERR] 2025-11-04 18:19:19,650 - gleitzeit.workers.signal_worker - INFO - Processing registry entry: workflow=workflow-72d17d06-2a7c-4814-9916-9321dfc74316, signal=processing-complete
[2025-11-04 18:19:19] [STDERR] 2025-11-04 18:19:19,650 - gleitzeit.workers.signal_worker - INFO - No waiters for signal processing-complete in workflow workflow-72d17d06-2a7c-4814-9916-9321dfc74316 - keeping in registry
[2025-11-04 18:19:20] [STDERR] 2025-11-04 18:19:20,157 - gleitzeit.workers.signal_worker - INFO - SignalWorker found 2 signals in global registry
[2025-11-04 18:19:20] [STDERR] 2025-11-04 18:19:20,157 - gleitzeit.workers.signal_worker - INFO - Processing registry entry: workflow=workflow-72d17d06-2a7c-4814-9916-9321dfc74316, signal=workflow-completed
[2025-11-04 18:19:20] [STDERR] 2025-11-04 18:19:20,157 - gleitzeit.workers.signal_worker - INFO - No waiters for signal workflow-completed in workflow workflow-72d17d06-2a7c-4814-9916-9321dfc74316 - keeping in registry
[2025-11-04 18:19:20] [STDERR] 2025-11-04 18:19:20,157 - gleitzeit.workers.signal_worker - INFO - Processing registry entry: workflow=workflow-72d17d06-2a7c-4814-9916-9321dfc74316, signal=processing-complete
[2025-11-04 18:19:20] [STDERR] 2025-11-04 18:19:20,157 - gleitzeit.workers.signal_worker - INFO - No waiters for signal processing-complete in workflow workflow-72d17d06-2a7c-4814-9916-9321dfc74316 - keeping in registry
[2025-11-04 18:19:20] [STDERR] 2025-11-04 18:19:20,672 - gleitzeit.workers.signal_worker - INFO - SignalWorker found 2 signals in global registry
[2025-11-04 18:19:20] [STDERR] 2025-11-04 18:19:20,672 - gleitzeit.workers.signal_worker - INFO - Processing registry entry: workflow=workflow-72d17d06-2a7c-4814-9916-9321dfc74316, signal=workflow-completed
[2025-11-04 18:19:20] [STDERR] 2025-11-04 18:19:20,672 - gleitzeit.workers.signal_worker - INFO - No waiters for signal workflow-completed in workflow workflow-72d17d06-2a7c-4814-9916-9321dfc74316 - keeping in registry
[2025-11-04 18:19:20] [STDERR] 2025-11-04 18:19:20,672 - gleitzeit.workers.signal_worker - INFO - Processing registry entry: workflow=workflow-72d17d06-2a7c-4814-9916-9321dfc74316, signal=processing-complete
[2025-11-04 18:19:20] [STDERR] 2025-11-04 18:19:20,672 - gleitzeit.workers.signal_worker - INFO - No waiters for signal processing-complete in workflow workflow-72d17d06-2a7c-4814-9916-9321dfc74316 - keeping in registry
[2025-11-04 18:19:21] [STDERR] 2025-11-04 18:19:21,187 - gleitzeit.workers.signal_worker - INFO - SignalWorker found 2 signals in global registry
[2025-11-04 18:19:21] [STDERR] 2025-11-04 18:19:21,187 - gleitzeit.workers.signal_worker - INFO - Processing registry entry: workflow=workflow-72d17d06-2a7c-4814-9916-9321dfc74316, signal=workflow-completed
[2025-11-04 18:19:21] [STDERR] 2025-11-04 18:19:21,187 - gleitzeit.workers.signal_worker - INFO - No waiters for signal workflow-completed in workflow workflow-72d17d06-2a7c-4814-9916-9321dfc74316 - keeping in registry
[2025-11-04 18:19:21] [STDERR] 2025-11-04 18:19:21,187 - gleitzeit.workers.signal_worker - INFO - Processing registry entry: workflow=workflow-72d17d06-2a7c-4814-9916-9321dfc74316, signal=processing-complete
[2025-11-04 18:19:21] [STDERR] 2025-11-04 18:19:21,187 - gleitzeit.workers.signal_worker - INFO - No waiters for signal processing-complete in workflow workflow-72d17d06-2a7c-4814-9916-9321dfc74316 - keeping in registry
[2025-11-04 18:19:21] [STDERR] 2025-11-04 18:19:21,705 - gleitzeit.workers.signal_worker - INFO - SignalWorker found 2 signals in global registry
[2025-11-04 18:19:21] [STDERR] 2025-11-04 18:19:21,705 - gleitzeit.workers.signal_worker - INFO - Processing registry entry: workflow=workflow-72d17d06-2a7c-4814-9916-9321dfc74316, signal=workflow-completed
[2025-11-04 18:19:21] [STDERR] 2025-11-04 18:19:21,706 - gleitzeit.workers.signal_worker - INFO - No waiters for signal workflow-completed in workflow workflow-72d17d06-2a7c-4814-9916-9321dfc74316 - keeping in registry
[2025-11-04 18:19:21] [STDERR] 2025-11-04 18:19:21,706 - gleitzeit.workers.signal_worker - INFO - Processing registry entry: workflow=workflow-72d17d06-2a7c-4814-9916-9321dfc74316, signal=processing-complete
[2025-11-04 18:19:21] [STDERR] 2025-11-04 18:19:21,706 - gleitzeit.workers.signal_worker - INFO - No waiters for signal processing-complete in workflow workflow-72d17d06-2a7c-4814-9916-9321dfc74316 - keeping in registry
[2025-11-04 18:19:22] [STDERR] 2025-11-04 18:19:22,220 - gleitzeit.workers.signal_worker - INFO - SignalWorker found 2 signals in global registry
[2025-11-04 18:19:22] [STDERR] 2025-11-04 18:19:22,220 - gleitzeit.workers.signal_worker - INFO - Processing registry entry: workflow=workflow-72d17d06-2a7c-4814-9916-9321dfc74316, signal=workflow-completed
[2025-11-04 18:19:22] [STDERR] 2025-11-04 18:19:22,220 - gleitzeit.workers.signal_worker - INFO - No waiters for signal workflow-completed in workflow workflow-72d17d06-2a7c-4814-9916-9321dfc74316 - keeping in registry
[2025-11-04 18:19:22] [STDERR] 2025-11-04 18:19:22,220 - gleitzeit.workers.signal_worker - INFO - Processing registry entry: workflow=workflow-72d17d06-2a7c-4814-9916-9321dfc74316, signal=processing-complete
[2025-11-04 18:19:22] [STDERR] 2025-11-04 18:19:22,220 - gleitzeit.workers.signal_worker - INFO - No waiters for signal processing-complete in workflow workflow-72d17d06-2a7c-4814-9916-9321dfc74316 - keeping in registry
[2025-11-04 18:19:22] [STDERR] 2025-11-04 18:19:22,730 - gleitzeit.workers.signal_worker - INFO - SignalWorker found 2 signals in global registry
[2025-11-04 18:19:22] [STDERR] 2025-11-04 18:19:22,730 - gleitzeit.workers.signal_worker - INFO - Processing registry entry: workflow=workflow-72d17d06-2a7c-4814-9916-9321dfc74316, signal=workflow-completed
[2025-11-04 18:19:22] [STDERR] 2025-11-04 18:19:22,730 - gleitzeit.workers.signal_worker - INFO - No waiters for signal workflow-completed in workflow workflow-72d17d06-2a7c-4814-9916-9321dfc74316 - keeping in registry
[2025-11-04 18:19:22] [STDERR] 2025-11-04 18:19:22,730 - gleitzeit.workers.signal_worker - INFO - Processing registry entry: workflow=workflow-72d17d06-2a7c-4814-9916-9321dfc74316, signal=processing-complete
[2025-11-04 18:19:22] [STDERR] 2025-11-04 18:19:22,730 - gleitzeit.workers.signal_worker - INFO - No waiters for signal processing-complete in workflow workflow-72d17d06-2a7c-4814-9916-9321dfc74316 - keeping in registry
[2025-11-04 18:19:23] [STDERR] 2025-11-04 18:19:23,245 - gleitzeit.workers.signal_worker - INFO - SignalWorker found 2 signals in global registry
[2025-11-04 18:19:23] [STDERR] 2025-11-04 18:19:23,245 - gleitzeit.workers.signal_worker - INFO - Processing registry entry: workflow=workflow-72d17d06-2a7c-4814-9916-9321dfc74316, signal=workflow-completed
[2025-11-04 18:19:23] [STDERR] 2025-11-04 18:19:23,245 - gleitzeit.workers.signal_worker - INFO - No waiters for signal workflow-completed in workflow workflow-72d17d06-2a7c-4814-9916-9321dfc74316 - keeping in registry
[2025-11-04 18:19:23] [STDERR] 2025-11-04 18:19:23,245 - gleitzeit.workers.signal_worker - INFO - Processing registry entry: workflow=workflow-72d17d06-2a7c-4814-9916-9321dfc74316, signal=processing-complete
[2025-11-04 18:19:23] [STDERR] 2025-11-04 18:19:23,245 - gleitzeit.workers.signal_worker - INFO - No waiters for signal processing-complete in workflow workflow-72d17d06-2a7c-4814-9916-9321dfc74316 - keeping in registry
[2025-11-04 18:19:23] [STDERR] 2025-11-04 18:19:23,758 - gleitzeit.workers.signal_worker - INFO - SignalWorker found 2 signals in global registry
[2025-11-04 18:19:23] [STDERR] 2025-11-04 18:19:23,758 - gleitzeit.workers.signal_worker - INFO - Processing registry entry: workflow=workflow-72d17d06-2a7c-4814-9916-9321dfc74316, signal=workflow-completed
[2025-11-04 18:19:23] [STDERR] 2025-11-04 18:19:23,758 - gleitzeit.workers.signal_worker - INFO - No waiters for signal workflow-completed in workflow workflow-72d17d06-2a7c-4814-9916-9321dfc74316 - keeping in registry
[2025-11-04 18:19:23] [STDERR] 2025-11-04 18:19:23,758 - gleitzeit.workers.signal_worker - INFO - Processing registry entry: workflow=workflow-72d17d06-2a7c-4814-9916-9321dfc74316, signal=processing-complete
[2025-11-04 18:19:23] [STDERR] 2025-11-04 18:19:23,758 - gleitzeit.workers.signal_worker - INFO - No waiters for signal processing-complete in workflow workflow-72d17d06-2a7c-4814-9916-9321dfc74316 - keeping in registry
[2025-11-04 18:19:24] [STDERR] 2025-11-04 18:19:24,272 - gleitzeit.workers.signal_worker - INFO - SignalWorker found 2 signals in global registry
[2025-11-04 18:19:24] [STDERR] 2025-11-04 18:19:24,272 - gleitzeit.workers.signal_worker - INFO - Processing registry entry: workflow=workflow-72d17d06-2a7c-4814-9916-9321dfc74316, signal=workflow-completed
[2025-11-04 18:19:24] [STDERR] 2025-11-04 18:19:24,273 - gleitzeit.workers.signal_worker - INFO - No waiters for signal workflow-completed in workflow workflow-72d17d06-2a7c-4814-9916-9321dfc74316 - keeping in registry
[2025-11-04 18:19:24] [STDERR] 2025-11-04 18:19:24,273 - gleitzeit.workers.signal_worker - INFO - Processing registry entry: workflow=workflow-72d17d06-2a7c-4814-9916-9321dfc74316, signal=processing-complete
[2025-11-04 18:19:24] [STDERR] 2025-11-04 18:19:24,273 - gleitzeit.workers.signal_worker - INFO - No waiters for signal processing-complete in workflow workflow-72d17d06-2a7c-4814-9916-9321dfc74316 - keeping in registry
[2025-11-04 18:19:24] [STDERR] 2025-11-04 18:19:24,788 - gleitzeit.workers.signal_worker - INFO - SignalWorker found 2 signals in global registry
[2025-11-04 18:19:24] [STDERR] 2025-11-04 18:19:24,788 - gleitzeit.workers.signal_worker - INFO - Processing registry entry: workflow=workflow-72d17d06-2a7c-4814-9916-9321dfc74316, signal=workflow-completed
[2025-11-04 18:19:24] [STDERR] 2025-11-04 18:19:24,788 - gleitzeit.workers.signal_worker - INFO - No waiters for signal workflow-completed in workflow workflow-72d17d06-2a7c-4814-9916-9321dfc74316 - keeping in registry
[2025-11-04 18:19:24] [STDERR] 2025-11-04 18:19:24,788 - gleitzeit.workers.signal_worker - INFO - Processing registry entry: workflow=workflow-72d17d06-2a7c-4814-9916-9321dfc74316, signal=processing-complete
[2025-11-04 18:19:24] [STDERR] 2025-11-04 18:19:24,788 - gleitzeit.workers.signal_worker - INFO - No waiters for signal processing-complete in workflow workflow-72d17d06-2a7c-4814-9916-9321dfc74316 - keeping in registry
[2025-11-04 18:19:25] [STDERR] 2025-11-04 18:19:25,289 - gleitzeit.workers.signal_worker - INFO - Signal processing loop iteration 280
[2025-11-04 18:19:25] [STDERR] 2025-11-04 18:19:25,305 - gleitzeit.workers.signal_worker - INFO - SignalWorker found 2 signals in global registry
[2025-11-04 18:19:25] [STDERR] 2025-11-04 18:19:25,305 - gleitzeit.workers.signal_worker - INFO - Processing registry entry: workflow=workflow-72d17d06-2a7c-4814-9916-9321dfc74316, signal=workflow-completed
[2025-11-04 18:19:25] [STDERR] 2025-11-04 18:19:25,306 - gleitzeit.workers.signal_worker - INFO - No waiters for signal workflow-completed in workflow workflow-72d17d06-2a7c-4814-9916-9321dfc74316 - keeping in registry
[2025-11-04 18:19:25] [STDERR] 2025-11-04 18:19:25,306 - gleitzeit.workers.signal_worker - INFO - Processing registry entry: workflow=workflow-72d17d06-2a7c-4814-9916-9321dfc74316, signal=processing-complete
[2025-11-04 18:19:25] [STDERR] 2025-11-04 18:19:25,306 - gleitzeit.workers.signal_worker - INFO - No waiters for signal processing-complete in workflow workflow-72d17d06-2a7c-4814-9916-9321dfc74316 - keeping in registry
[2025-11-04 18:19:25] [STDERR] 2025-11-04 18:19:25,825 - gleitzeit.workers.signal_worker - INFO - SignalWorker found 2 signals in global registry
[2025-11-04 18:19:25] [STDERR] 2025-11-04 18:19:25,825 - gleitzeit.workers.signal_worker - INFO - Processing registry entry: workflow=workflow-72d17d06-2a7c-4814-9916-9321dfc74316, signal=workflow-completed
[2025-11-04 18:19:25] [STDERR] 2025-11-04 18:19:25,826 - gleitzeit.workers.signal_worker - INFO - No waiters for signal workflow-completed in workflow workflow-72d17d06-2a7c-4814-9916-9321dfc74316 - keeping in registry
[2025-11-04 18:19:25] [STDERR] 2025-11-04 18:19:25,826 - gleitzeit.workers.signal_worker - INFO - Processing registry entry: workflow=workflow-72d17d06-2a7c-4814-9916-9321dfc74316, signal=processing-complete
[2025-11-04 18:19:25] [STDERR] 2025-11-04 18:19:25,826 - gleitzeit.workers.signal_worker - INFO - No waiters for signal processing-complete in workflow workflow-72d17d06-2a7c-4814-9916-9321dfc74316 - keeping in registry
[2025-11-04 18:19:26] [STDERR] 2025-11-04 18:19:26,339 - gleitzeit.workers.signal_worker - INFO - SignalWorker found 2 signals in global registry
[2025-11-04 18:19:26] [STDERR] 2025-11-04 18:19:26,339 - gleitzeit.workers.signal_worker - INFO - Processing registry entry: workflow=workflow-72d17d06-2a7c-4814-9916-9321dfc74316, signal=workflow-completed
[2025-11-04 18:19:26] [STDERR] 2025-11-04 18:19:26,339 - gleitzeit.workers.signal_worker - INFO - No waiters for signal workflow-completed in workflow workflow-72d17d06-2a7c-4814-9916-9321dfc74316 - keeping in registry
[2025-11-04 18:19:26] [STDERR] 2025-11-04 18:19:26,339 - gleitzeit.workers.signal_worker - INFO - Processing registry entry: workflow=workflow-72d17d06-2a7c-4814-9916-9321dfc74316, signal=processing-complete
[2025-11-04 18:19:26] [STDERR] 2025-11-04 18:19:26,340 - gleitzeit.workers.signal_worker - INFO - No waiters for signal processing-complete in workflow workflow-72d17d06-2a7c-4814-9916-9321dfc74316 - keeping in registry
[2025-11-04 18:19:26] [STDERR] 2025-11-04 18:19:26,854 - gleitzeit.workers.signal_worker - INFO - SignalWorker found 2 signals in global registry
[2025-11-04 18:19:26] [STDERR] 2025-11-04 18:19:26,854 - gleitzeit.workers.signal_worker - INFO - Processing registry entry: workflow=workflow-72d17d06-2a7c-4814-9916-9321dfc74316, signal=workflow-completed
[2025-11-04 18:19:26] [STDERR] 2025-11-04 18:19:26,854 - gleitzeit.workers.signal_worker - INFO - No waiters for signal workflow-completed in workflow workflow-72d17d06-2a7c-4814-9916-9321dfc74316 - keeping in registry
[2025-11-04 18:19:26] [STDERR] 2025-11-04 18:19:26,854 - gleitzeit.workers.signal_worker - INFO - Processing registry entry: workflow=workflow-72d17d06-2a7c-4814-9916-9321dfc74316, signal=processing-complete
[2025-11-04 18:19:26] [STDERR] 2025-11-04 18:19:26,855 - gleitzeit.workers.signal_worker - INFO - No waiters for signal processing-complete in workflow workflow-72d17d06-2a7c-4814-9916-9321dfc74316 - keeping in registry
[2025-11-04 18:19:27] [STDERR] 2025-11-04 18:19:27,363 - gleitzeit.workers.signal_worker - INFO - SignalWorker found 2 signals in global registry
[2025-11-04 18:19:27] [STDERR] 2025-11-04 18:19:27,363 - gleitzeit.workers.signal_worker - INFO - Processing registry entry: workflow=workflow-72d17d06-2a7c-4814-9916-9321dfc74316, signal=workflow-completed
[2025-11-04 18:19:27] [STDERR] 2025-11-04 18:19:27,363 - gleitzeit.workers.signal_worker - INFO - No waiters for signal workflow-completed in workflow workflow-72d17d06-2a7c-4814-9916-9321dfc74316 - keeping in registry
[2025-11-04 18:19:27] [STDERR] 2025-11-04 18:19:27,363 - gleitzeit.workers.signal_worker - INFO - Processing registry entry: workflow=workflow-72d17d06-2a7c-4814-9916-9321dfc74316, signal=processing-complete
[2025-11-04 18:19:27] [STDERR] 2025-11-04 18:19:27,363 - gleitzeit.workers.signal_worker - INFO - No waiters for signal processing-complete in workflow workflow-72d17d06-2a7c-4814-9916-9321dfc74316 - keeping in registry
[2025-11-04 18:19:27] [STDERR] 2025-11-04 18:19:27,880 - gleitzeit.workers.signal_worker - INFO - SignalWorker found 2 signals in global registry
[2025-11-04 18:19:27] [STDERR] 2025-11-04 18:19:27,880 - gleitzeit.workers.signal_worker - INFO - Processing registry entry: workflow=workflow-72d17d06-2a7c-4814-9916-9321dfc74316, signal=workflow-completed
[2025-11-04 18:19:27] [STDERR] 2025-11-04 18:19:27,880 - gleitzeit.workers.signal_worker - INFO - No waiters for signal workflow-completed in workflow workflow-72d17d06-2a7c-4814-9916-9321dfc74316 - keeping in registry
[2025-11-04 18:19:27] [STDERR] 2025-11-04 18:19:27,880 - gleitzeit.workers.signal_worker - INFO - Processing registry entry: workflow=workflow-72d17d06-2a7c-4814-9916-9321dfc74316, signal=processing-complete
[2025-11-04 18:19:27] [STDERR] 2025-11-04 18:19:27,880 - gleitzeit.workers.signal_worker - INFO - No waiters for signal processing-complete in workflow workflow-72d17d06-2a7c-4814-9916-9321dfc74316 - keeping in registry
[2025-11-04 18:19:28] [STDERR] 2025-11-04 18:19:28,392 - gleitzeit.workers.signal_worker - INFO - SignalWorker found 2 signals in global registry
[2025-11-04 18:19:28] [STDERR] 2025-11-04 18:19:28,392 - gleitzeit.workers.signal_worker - INFO - Processing registry entry: workflow=workflow-72d17d06-2a7c-4814-9916-9321dfc74316, signal=workflow-completed
[2025-11-04 18:19:28] [STDERR] 2025-11-04 18:19:28,392 - gleitzeit.workers.signal_worker - INFO - No waiters for signal workflow-completed in workflow workflow-72d17d06-2a7c-4814-9916-9321dfc74316 - keeping in registry
[2025-11-04 18:19:28] [STDERR] 2025-11-04 18:19:28,392 - gleitzeit.workers.signal_worker - INFO - Processing registry entry: workflow=workflow-72d17d06-2a7c-4814-9916-9321dfc74316, signal=processing-complete
[2025-11-04 18:19:28] [STDERR] 2025-11-04 18:19:28,392 - gleitzeit.workers.signal_worker - INFO - No waiters for signal processing-complete in workflow workflow-72d17d06-2a7c-4814-9916-9321dfc74316 - keeping in registry
[2025-11-04 18:19:28] [STDERR] 2025-11-04 18:19:28,906 - gleitzeit.workers.signal_worker - INFO - SignalWorker found 2 signals in global registry
[2025-11-04 18:19:28] [STDERR] 2025-11-04 18:19:28,906 - gleitzeit.workers.signal_worker - INFO - Processing registry entry: workflow=workflow-72d17d06-2a7c-4814-9916-9321dfc74316, signal=workflow-completed
[2025-11-04 18:19:28] [STDERR] 2025-11-04 18:19:28,906 - gleitzeit.workers.signal_worker - INFO - No waiters for signal workflow-completed in workflow workflow-72d17d06-2a7c-4814-9916-9321dfc74316 - keeping in registry
[2025-11-04 18:19:28] [STDERR] 2025-11-04 18:19:28,906 - gleitzeit.workers.signal_worker - INFO - Processing registry entry: workflow=workflow-72d17d06-2a7c-4814-9916-9321dfc74316, signal=processing-complete
[2025-11-04 18:19:28] [STDERR] 2025-11-04 18:19:28,907 - gleitzeit.workers.signal_worker - INFO - No waiters for signal processing-complete in workflow workflow-72d17d06-2a7c-4814-9916-9321dfc74316 - keeping in registry
[2025-11-04 18:19:29] [STDERR] 2025-11-04 18:19:29,418 - gleitzeit.workers.signal_worker - INFO - SignalWorker found 2 signals in global registry
[2025-11-04 18:19:29] [STDERR] 2025-11-04 18:19:29,418 - gleitzeit.workers.signal_worker - INFO - Processing registry entry: workflow=workflow-72d17d06-2a7c-4814-9916-9321dfc74316, signal=workflow-completed
[2025-11-04 18:19:29] [STDERR] 2025-11-04 18:19:29,418 - gleitzeit.workers.signal_worker - INFO - No waiters for signal workflow-completed in workflow workflow-72d17d06-2a7c-4814-9916-9321dfc74316 - keeping in registry
[2025-11-04 18:19:29] [STDERR] 2025-11-04 18:19:29,418 - gleitzeit.workers.signal_worker - INFO - Processing registry entry: workflow=workflow-72d17d06-2a7c-4814-9916-9321dfc74316, signal=processing-complete
[2025-11-04 18:19:29] [STDERR] 2025-11-04 18:19:29,419 - gleitzeit.workers.signal_worker - INFO - No waiters for signal processing-complete in workflow workflow-72d17d06-2a7c-4814-9916-9321dfc74316 - keeping in registry
[2025-11-04 18:19:29] [STDERR] 2025-11-04 18:19:29,931 - gleitzeit.workers.signal_worker - INFO - SignalWorker found 2 signals in global registry
[2025-11-04 18:19:29] [STDERR] 2025-11-04 18:19:29,931 - gleitzeit.workers.signal_worker - INFO - Processing registry entry: workflow=workflow-72d17d06-2a7c-4814-9916-9321dfc74316, signal=workflow-completed
[2025-11-04 18:19:29] [STDERR] 2025-11-04 18:19:29,931 - gleitzeit.workers.signal_worker - INFO - No waiters for signal workflow-completed in workflow workflow-72d17d06-2a7c-4814-9916-9321dfc74316 - keeping in registry
[2025-11-04 18:19:29] [STDERR] 2025-11-04 18:19:29,931 - gleitzeit.workers.signal_worker - INFO - Processing registry entry: workflow=workflow-72d17d06-2a7c-4814-9916-9321dfc74316, signal=processing-complete
[2025-11-04 18:19:29] [STDERR] 2025-11-04 18:19:29,932 - gleitzeit.workers.signal_worker - INFO - No waiters for signal processing-complete in workflow workflow-72d17d06-2a7c-4814-9916-9321dfc74316 - keeping in registry
[2025-11-04 18:19:30] [STDERR] 2025-11-04 18:19:30,438 - gleitzeit.workers.signal_worker - INFO - SignalWorker found 2 signals in global registry
[2025-11-04 18:19:30] [STDERR] 2025-11-04 18:19:30,438 - gleitzeit.workers.signal_worker - INFO - Processing registry entry: workflow=workflow-72d17d06-2a7c-4814-9916-9321dfc74316, signal=workflow-completed
[2025-11-04 18:19:30] [STDERR] 2025-11-04 18:19:30,438 - gleitzeit.workers.signal_worker - INFO - No waiters for signal workflow-completed in workflow workflow-72d17d06-2a7c-4814-9916-9321dfc74316 - keeping in registry
[2025-11-04 18:19:30] [STDERR] 2025-11-04 18:19:30,438 - gleitzeit.workers.signal_worker - INFO - Processing registry entry: workflow=workflow-72d17d06-2a7c-4814-9916-9321dfc74316, signal=processing-complete
[2025-11-04 18:19:30] [STDERR] 2025-11-04 18:19:30,438 - gleitzeit.workers.signal_worker - INFO - No waiters for signal processing-complete in workflow workflow-72d17d06-2a7c-4814-9916-9321dfc74316 - keeping in registry
[2025-11-04 18:19:30] [STDERR] 2025-11-04 18:19:30,946 - gleitzeit.workers.signal_worker - INFO - SignalWorker found 2 signals in global registry
[2025-11-04 18:19:30] [STDERR] 2025-11-04 18:19:30,946 - gleitzeit.workers.signal_worker - INFO - Processing registry entry: workflow=workflow-72d17d06-2a7c-4814-9916-9321dfc74316, signal=workflow-completed
[2025-11-04 18:19:30] [STDERR] 2025-11-04 18:19:30,946 - gleitzeit.workers.signal_worker - INFO - No waiters for signal workflow-completed in workflow workflow-72d17d06-2a7c-4814-9916-9321dfc74316 - keeping in registry
[2025-11-04 18:19:30] [STDERR] 2025-11-04 18:19:30,946 - gleitzeit.workers.signal_worker - INFO - Processing registry entry: workflow=workflow-72d17d06-2a7c-4814-9916-9321dfc74316, signal=processing-complete
[2025-11-04 18:19:30] [STDERR] 2025-11-04 18:19:30,946 - gleitzeit.workers.signal_worker - INFO - No waiters for signal processing-complete in workflow workflow-72d17d06-2a7c-4814-9916-9321dfc74316 - keeping in registry
[2025-11-04 18:19:31] [STDERR] 2025-11-04 18:19:31,453 - gleitzeit.workers.signal_worker - INFO - SignalWorker found 2 signals in global registry
[2025-11-04 18:19:31] [STDERR] 2025-11-04 18:19:31,453 - gleitzeit.workers.signal_worker - INFO - Processing registry entry: workflow=workflow-72d17d06-2a7c-4814-9916-9321dfc74316, signal=workflow-completed
[2025-11-04 18:19:31] [STDERR] 2025-11-04 18:19:31,453 - gleitzeit.workers.signal_worker - INFO - No waiters for signal workflow-completed in workflow workflow-72d17d06-2a7c-4814-9916-9321dfc74316 - keeping in registry
[2025-11-04 18:19:31] [STDERR] 2025-11-04 18:19:31,453 - gleitzeit.workers.signal_worker - INFO - Processing registry entry: workflow=workflow-72d17d06-2a7c-4814-9916-9321dfc74316, signal=processing-complete
[2025-11-04 18:19:31] [STDERR] 2025-11-04 18:19:31,453 - gleitzeit.workers.signal_worker - INFO - No waiters for signal processing-complete in workflow workflow-72d17d06-2a7c-4814-9916-9321dfc74316 - keeping in registry
[2025-11-04 18:19:31] [STDERR] 2025-11-04 18:19:31,966 - gleitzeit.workers.signal_worker - INFO - SignalWorker found 2 signals in global registry
[2025-11-04 18:19:31] [STDERR] 2025-11-04 18:19:31,967 - gleitzeit.workers.signal_worker - INFO - Processing registry entry: workflow=workflow-72d17d06-2a7c-4814-9916-9321dfc74316, signal=workflow-completed
[2025-11-04 18:19:31] [STDERR] 2025-11-04 18:19:31,967 - gleitzeit.workers.signal_worker - INFO - No waiters for signal workflow-completed in workflow workflow-72d17d06-2a7c-4814-9916-9321dfc74316 - keeping in registry
[2025-11-04 18:19:31] [STDERR] 2025-11-04 18:19:31,967 - gleitzeit.workers.signal_worker - INFO - Processing registry entry: workflow=workflow-72d17d06-2a7c-4814-9916-9321dfc74316, signal=processing-complete
[2025-11-04 18:19:31] [STDERR] 2025-11-04 18:19:31,967 - gleitzeit.workers.signal_worker - INFO - No waiters for signal processing-complete in workflow workflow-72d17d06-2a7c-4814-9916-9321dfc74316 - keeping in registry
[2025-11-04 18:19:32] [STDERR] 2025-11-04 18:19:32,479 - gleitzeit.workers.signal_worker - INFO - SignalWorker found 2 signals in global registry
[2025-11-04 18:19:32] [STDERR] 2025-11-04 18:19:32,479 - gleitzeit.workers.signal_worker - INFO - Processing registry entry: workflow=workflow-72d17d06-2a7c-4814-9916-9321dfc74316, signal=workflow-completed
[2025-11-04 18:19:32] [STDERR] 2025-11-04 18:19:32,479 - gleitzeit.workers.signal_worker - INFO - No waiters for signal workflow-completed in workflow workflow-72d17d06-2a7c-4814-9916-9321dfc74316 - keeping in registry
[2025-11-04 18:19:32] [STDERR] 2025-11-04 18:19:32,479 - gleitzeit.workers.signal_worker - INFO - Processing registry entry: workflow=workflow-72d17d06-2a7c-4814-9916-9321dfc74316, signal=processing-complete
[2025-11-04 18:19:32] [STDERR] 2025-11-04 18:19:32,480 - gleitzeit.workers.signal_worker - INFO - No waiters for signal processing-complete in workflow workflow-72d17d06-2a7c-4814-9916-9321dfc74316 - keeping in registry
[2025-11-04 18:19:32] [STDERR] 2025-11-04 18:19:32,991 - gleitzeit.workers.signal_worker - INFO - SignalWorker found 2 signals in global registry
[2025-11-04 18:19:32] [STDERR] 2025-11-04 18:19:32,991 - gleitzeit.workers.signal_worker - INFO - Processing registry entry: workflow=workflow-72d17d06-2a7c-4814-9916-9321dfc74316, signal=workflow-completed
[2025-11-04 18:19:32] [STDERR] 2025-11-04 18:19:32,991 - gleitzeit.workers.signal_worker - INFO - No waiters for signal workflow-completed in workflow workflow-72d17d06-2a7c-4814-9916-9321dfc74316 - keeping in registry
[2025-11-04 18:19:32] [STDERR] 2025-11-04 18:19:32,991 - gleitzeit.workers.signal_worker - INFO - Processing registry entry: workflow=workflow-72d17d06-2a7c-4814-9916-9321dfc74316, signal=processing-complete
[2025-11-04 18:19:32] [STDERR] 2025-11-04 18:19:32,991 - gleitzeit.workers.signal_worker - INFO - No waiters for signal processing-complete in workflow workflow-72d17d06-2a7c-4814-9916-9321dfc74316 - keeping in registry
[2025-11-04 18:19:33] [STDERR] 2025-11-04 18:19:33,595 - gleitzeit.workers.signal_worker - INFO - SignalWorker found 2 signals in global registry
[2025-11-04 18:19:33] [STDERR] 2025-11-04 18:19:33,595 - gleitzeit.workers.signal_worker - INFO - Processing registry entry: workflow=workflow-72d17d06-2a7c-4814-9916-9321dfc74316, signal=workflow-completed
[2025-11-04 18:19:33] [STDERR] 2025-11-04 18:19:33,596 - gleitzeit.workers.signal_worker - INFO - No waiters for signal workflow-completed in workflow workflow-72d17d06-2a7c-4814-9916-9321dfc74316 - keeping in registry
[2025-11-04 18:19:33] [STDERR] 2025-11-04 18:19:33,596 - gleitzeit.workers.signal_worker - INFO - Processing registry entry: workflow=workflow-72d17d06-2a7c-4814-9916-9321dfc74316, signal=processing-complete
[2025-11-04 18:19:33] [STDERR] 2025-11-04 18:19:33,596 - gleitzeit.workers.signal_worker - INFO - No waiters for signal processing-complete in workflow workflow-72d17d06-2a7c-4814-9916-9321dfc74316 - keeping in registry
[2025-11-04 18:19:34] [STDERR] 2025-11-04 18:19:34,107 - gleitzeit.workers.signal_worker - INFO - SignalWorker found 2 signals in global registry
[2025-11-04 18:19:34] [STDERR] 2025-11-04 18:19:34,108 - gleitzeit.workers.signal_worker - INFO - Processing registry entry: workflow=workflow-72d17d06-2a7c-4814-9916-9321dfc74316, signal=workflow-completed
[2025-11-04 18:19:34] [STDERR] 2025-11-04 18:19:34,108 - gleitzeit.workers.signal_worker - INFO - No waiters for signal workflow-completed in workflow workflow-72d17d06-2a7c-4814-9916-9321dfc74316 - keeping in registry
[2025-11-04 18:19:34] [STDERR] 2025-11-04 18:19:34,108 - gleitzeit.workers.signal_worker - INFO - Processing registry entry: workflow=workflow-72d17d06-2a7c-4814-9916-9321dfc74316, signal=processing-complete
[2025-11-04 18:19:34] [STDERR] 2025-11-04 18:19:34,108 - gleitzeit.workers.signal_worker - INFO - No waiters for signal processing-complete in workflow workflow-72d17d06-2a7c-4814-9916-9321dfc74316 - keeping in registry
[2025-11-04 18:19:34] [STDERR] 2025-11-04 18:19:34,615 - gleitzeit.workers.signal_worker - INFO - SignalWorker found 2 signals in global registry
[2025-11-04 18:19:34] [STDERR] 2025-11-04 18:19:34,615 - gleitzeit.workers.signal_worker - INFO - Processing registry entry: workflow=workflow-72d17d06-2a7c-4814-9916-9321dfc74316, signal=workflow-completed
[2025-11-04 18:19:34] [STDERR] 2025-11-04 18:19:34,615 - gleitzeit.workers.signal_worker - INFO - No waiters for signal workflow-completed in workflow workflow-72d17d06-2a7c-4814-9916-9321dfc74316 - keeping in registry
[2025-11-04 18:19:34] [STDERR] 2025-11-04 18:19:34,615 - gleitzeit.workers.signal_worker - INFO - Processing registry entry: workflow=workflow-72d17d06-2a7c-4814-9916-9321dfc74316, signal=processing-complete
[2025-11-04 18:19:34] [STDERR] 2025-11-04 18:19:34,615 - gleitzeit.workers.signal_worker - INFO - No waiters for signal processing-complete in workflow workflow-72d17d06-2a7c-4814-9916-9321dfc74316 - keeping in registry
[2025-11-04 18:19:35] [STDERR] 2025-11-04 18:19:35,131 - gleitzeit.workers.signal_worker - INFO - SignalWorker found 2 signals in global registry
[2025-11-04 18:19:35] [STDERR] 2025-11-04 18:19:35,131 - gleitzeit.workers.signal_worker - INFO - Processing registry entry: workflow=workflow-72d17d06-2a7c-4814-9916-9321dfc74316, signal=workflow-completed
[2025-11-04 18:19:35] [STDERR] 2025-11-04 18:19:35,131 - gleitzeit.workers.signal_worker - INFO - No waiters for signal workflow-completed in workflow workflow-72d17d06-2a7c-4814-9916-9321dfc74316 - keeping in registry
[2025-11-04 18:19:35] [STDERR] 2025-11-04 18:19:35,131 - gleitzeit.workers.signal_worker - INFO - Processing registry entry: workflow=workflow-72d17d06-2a7c-4814-9916-9321dfc74316, signal=processing-complete
[2025-11-04 18:19:35] [STDERR] 2025-11-04 18:19:35,131 - gleitzeit.workers.signal_worker - INFO - No waiters for signal processing-complete in workflow workflow-72d17d06-2a7c-4814-9916-9321dfc74316 - keeping in registry
[2025-11-04 18:19:35] [STDERR] 2025-11-04 18:19:35,631 - gleitzeit.workers.signal_worker - INFO - Signal processing loop iteration 300
[2025-11-04 18:19:35] [STDERR] 2025-11-04 18:19:35,640 - gleitzeit.workers.signal_worker - INFO - SignalWorker found 2 signals in global registry
[2025-11-04 18:19:35] [STDERR] 2025-11-04 18:19:35,640 - gleitzeit.workers.signal_worker - INFO - Processing registry entry: workflow=workflow-72d17d06-2a7c-4814-9916-9321dfc74316, signal=workflow-completed
[2025-11-04 18:19:35] [STDERR] 2025-11-04 18:19:35,641 - gleitzeit.workers.signal_worker - INFO - No waiters for signal workflow-completed in workflow workflow-72d17d06-2a7c-4814-9916-9321dfc74316 - keeping in registry
[2025-11-04 18:19:35] [STDERR] 2025-11-04 18:19:35,641 - gleitzeit.workers.signal_worker - INFO - Processing registry entry: workflow=workflow-72d17d06-2a7c-4814-9916-9321dfc74316, signal=processing-complete
[2025-11-04 18:19:35] [STDERR] 2025-11-04 18:19:35,641 - gleitzeit.workers.signal_worker - INFO - No waiters for signal processing-complete in workflow workflow-72d17d06-2a7c-4814-9916-9321dfc74316 - keeping in registry
[2025-11-04 18:19:36] [STDERR] 2025-11-04 18:19:36,157 - gleitzeit.workers.signal_worker - INFO - SignalWorker found 2 signals in global registry
[2025-11-04 18:19:36] [STDERR] 2025-11-04 18:19:36,157 - gleitzeit.workers.signal_worker - INFO - Processing registry entry: workflow=workflow-72d17d06-2a7c-4814-9916-9321dfc74316, signal=workflow-completed
[2025-11-04 18:19:36] [STDERR] 2025-11-04 18:19:36,157 - gleitzeit.workers.signal_worker - INFO - No waiters for signal workflow-completed in workflow workflow-72d17d06-2a7c-4814-9916-9321dfc74316 - keeping in registry
[2025-11-04 18:19:36] [STDERR] 2025-11-04 18:19:36,157 - gleitzeit.workers.signal_worker - INFO - Processing registry entry: workflow=workflow-72d17d06-2a7c-4814-9916-9321dfc74316, signal=processing-complete
[2025-11-04 18:19:36] [STDERR] 2025-11-04 18:19:36,157 - gleitzeit.workers.signal_worker - INFO - No waiters for signal processing-complete in workflow workflow-72d17d06-2a7c-4814-9916-9321dfc74316 - keeping in registry
[2025-11-04 18:19:36] [STDERR] 2025-11-04 18:19:36,668 - gleitzeit.workers.signal_worker - INFO - SignalWorker found 2 signals in global registry
[2025-11-04 18:19:36] [STDERR] 2025-11-04 18:19:36,668 - gleitzeit.workers.signal_worker - INFO - Processing registry entry: workflow=workflow-72d17d06-2a7c-4814-9916-9321dfc74316, signal=workflow-completed
[2025-11-04 18:19:36] [STDERR] 2025-11-04 18:19:36,668 - gleitzeit.workers.signal_worker - INFO - No waiters for signal workflow-completed in workflow workflow-72d17d06-2a7c-4814-9916-9321dfc74316 - keeping in registry
[2025-11-04 18:19:36] [STDERR] 2025-11-04 18:19:36,668 - gleitzeit.workers.signal_worker - INFO - Processing registry entry: workflow=workflow-72d17d06-2a7c-4814-9916-9321dfc74316, signal=processing-complete
[2025-11-04 18:19:36] [STDERR] 2025-11-04 18:19:36,668 - gleitzeit.workers.signal_worker - INFO - No waiters for signal processing-complete in workflow workflow-72d17d06-2a7c-4814-9916-9321dfc74316 - keeping in registry
[2025-11-04 18:19:37] [STDERR] 2025-11-04 18:19:37,179 - gleitzeit.workers.signal_worker - INFO - SignalWorker found 2 signals in global registry
[2025-11-04 18:19:37] [STDERR] 2025-11-04 18:19:37,179 - gleitzeit.workers.signal_worker - INFO - Processing registry entry: workflow=workflow-72d17d06-2a7c-4814-9916-9321dfc74316, signal=workflow-completed
[2025-11-04 18:19:37] [STDERR] 2025-11-04 18:19:37,179 - gleitzeit.workers.signal_worker - INFO - No waiters for signal workflow-completed in workflow workflow-72d17d06-2a7c-4814-9916-9321dfc74316 - keeping in registry
[2025-11-04 18:19:37] [STDERR] 2025-11-04 18:19:37,179 - gleitzeit.workers.signal_worker - INFO - Processing registry entry: workflow=workflow-72d17d06-2a7c-4814-9916-9321dfc74316, signal=processing-complete
[2025-11-04 18:19:37] [STDERR] 2025-11-04 18:19:37,179 - gleitzeit.workers.signal_worker - INFO - No waiters for signal processing-complete in workflow workflow-72d17d06-2a7c-4814-9916-9321dfc74316 - keeping in registry
[2025-11-04 18:19:37] [STDERR] 2025-11-04 18:19:37,691 - gleitzeit.workers.signal_worker - INFO - SignalWorker found 2 signals in global registry
[2025-11-04 18:19:37] [STDERR] 2025-11-04 18:19:37,691 - gleitzeit.workers.signal_worker - INFO - Processing registry entry: workflow=workflow-72d17d06-2a7c-4814-9916-9321dfc74316, signal=workflow-completed
[2025-11-04 18:19:37] [STDERR] 2025-11-04 18:19:37,692 - gleitzeit.workers.signal_worker - INFO - No waiters for signal workflow-completed in workflow workflow-72d17d06-2a7c-4814-9916-9321dfc74316 - keeping in registry
[2025-11-04 18:19:37] [STDERR] 2025-11-04 18:19:37,692 - gleitzeit.workers.signal_worker - INFO - Processing registry entry: workflow=workflow-72d17d06-2a7c-4814-9916-9321dfc74316, signal=processing-complete
[2025-11-04 18:19:37] [STDERR] 2025-11-04 18:19:37,692 - gleitzeit.workers.signal_worker - INFO - No waiters for signal processing-complete in workflow workflow-72d17d06-2a7c-4814-9916-9321dfc74316 - keeping in registry
[2025-11-04 18:19:38] [STDERR] 2025-11-04 18:19:38,198 - gleitzeit.workers.signal_worker - INFO - SignalWorker found 2 signals in global registry
[2025-11-04 18:19:38] [STDERR] 2025-11-04 18:19:38,198 - gleitzeit.workers.signal_worker - INFO - Processing registry entry: workflow=workflow-72d17d06-2a7c-4814-9916-9321dfc74316, signal=workflow-completed
[2025-11-04 18:19:38] [STDERR] 2025-11-04 18:19:38,198 - gleitzeit.workers.signal_worker - INFO - No waiters for signal workflow-completed in workflow workflow-72d17d06-2a7c-4814-9916-9321dfc74316 - keeping in registry
[2025-11-04 18:19:38] [STDERR] 2025-11-04 18:19:38,198 - gleitzeit.workers.signal_worker - INFO - Processing registry entry: workflow=workflow-72d17d06-2a7c-4814-9916-9321dfc74316, signal=processing-complete
[2025-11-04 18:19:38] [STDERR] 2025-11-04 18:19:38,199 - gleitzeit.workers.signal_worker - INFO - No waiters for signal processing-complete in workflow workflow-72d17d06-2a7c-4814-9916-9321dfc74316 - keeping in registry
[2025-11-04 18:19:38] [STDERR] 2025-11-04 18:19:38,717 - gleitzeit.workers.signal_worker - INFO - SignalWorker found 2 signals in global registry
[2025-11-04 18:19:38] [STDERR] 2025-11-04 18:19:38,718 - gleitzeit.workers.signal_worker - INFO - Processing registry entry: workflow=workflow-72d17d06-2a7c-4814-9916-9321dfc74316, signal=workflow-completed
[2025-11-04 18:19:38] [STDERR] 2025-11-04 18:19:38,718 - gleitzeit.workers.signal_worker - INFO - No waiters for signal workflow-completed in workflow workflow-72d17d06-2a7c-4814-9916-9321dfc74316 - keeping in registry
[2025-11-04 18:19:38] [STDERR] 2025-11-04 18:19:38,718 - gleitzeit.workers.signal_worker - INFO - Processing registry entry: workflow=workflow-72d17d06-2a7c-4814-9916-9321dfc74316, signal=processing-complete
[2025-11-04 18:19:38] [STDERR] 2025-11-04 18:19:38,718 - gleitzeit.workers.signal_worker - INFO - No waiters for signal processing-complete in workflow workflow-72d17d06-2a7c-4814-9916-9321dfc74316 - keeping in registry
[2025-11-04 18:19:39] [STDERR] 2025-11-04 18:19:39,233 - gleitzeit.workers.signal_worker - INFO - SignalWorker found 2 signals in global registry
[2025-11-04 18:19:39] [STDERR] 2025-11-04 18:19:39,233 - gleitzeit.workers.signal_worker - INFO - Processing registry entry: workflow=workflow-72d17d06-2a7c-4814-9916-9321dfc74316, signal=workflow-completed
[2025-11-04 18:19:39] [STDERR] 2025-11-04 18:19:39,233 - gleitzeit.workers.signal_worker - INFO - No waiters for signal workflow-completed in workflow workflow-72d17d06-2a7c-4814-9916-9321dfc74316 - keeping in registry
[2025-11-04 18:19:39] [STDERR] 2025-11-04 18:19:39,233 - gleitzeit.workers.signal_worker - INFO - Processing registry entry: workflow=workflow-72d17d06-2a7c-4814-9916-9321dfc74316, signal=processing-complete
[2025-11-04 18:19:39] [STDERR] 2025-11-04 18:19:39,233 - gleitzeit.workers.signal_worker - INFO - No waiters for signal processing-complete in workflow workflow-72d17d06-2a7c-4814-9916-9321dfc74316 - keeping in registry
[2025-11-04 18:19:39] [STDERR] 2025-11-04 18:19:39,750 - gleitzeit.workers.signal_worker - INFO - SignalWorker found 2 signals in global registry
[2025-11-04 18:19:39] [STDERR] 2025-11-04 18:19:39,750 - gleitzeit.workers.signal_worker - INFO - Processing registry entry: workflow=workflow-72d17d06-2a7c-4814-9916-9321dfc74316, signal=workflow-completed
[2025-11-04 18:19:39] [STDERR] 2025-11-04 18:19:39,750 - gleitzeit.workers.signal_worker - INFO - No waiters for signal workflow-completed in workflow workflow-72d17d06-2a7c-4814-9916-9321dfc74316 - keeping in registry
[2025-11-04 18:19:39] [STDERR] 2025-11-04 18:19:39,750 - gleitzeit.workers.signal_worker - INFO - Processing registry entry: workflow=workflow-72d17d06-2a7c-4814-9916-9321dfc74316, signal=processing-complete
[2025-11-04 18:19:39] [STDERR] 2025-11-04 18:19:39,751 - gleitzeit.workers.signal_worker - INFO - No waiters for signal processing-complete in workflow workflow-72d17d06-2a7c-4814-9916-9321dfc74316 - keeping in registry
[2025-11-04 18:19:40] [STDERR] 2025-11-04 18:19:40,265 - gleitzeit.workers.signal_worker - INFO - SignalWorker found 2 signals in global registry
[2025-11-04 18:19:40] [STDERR] 2025-11-04 18:19:40,265 - gleitzeit.workers.signal_worker - INFO - Processing registry entry: workflow=workflow-72d17d06-2a7c-4814-9916-9321dfc74316, signal=workflow-completed
[2025-11-04 18:19:40] [STDERR] 2025-11-04 18:19:40,265 - gleitzeit.workers.signal_worker - INFO - No waiters for signal workflow-completed in workflow workflow-72d17d06-2a7c-4814-9916-9321dfc74316 - keeping in registry
[2025-11-04 18:19:40] [STDERR] 2025-11-04 18:19:40,265 - gleitzeit.workers.signal_worker - INFO - Processing registry entry: workflow=workflow-72d17d06-2a7c-4814-9916-9321dfc74316, signal=processing-complete
[2025-11-04 18:19:40] [STDERR] 2025-11-04 18:19:40,265 - gleitzeit.workers.signal_worker - INFO - No waiters for signal processing-complete in workflow workflow-72d17d06-2a7c-4814-9916-9321dfc74316 - keeping in registry
[2025-11-04 18:19:40] [STDERR] 2025-11-04 18:19:40,780 - gleitzeit.workers.signal_worker - INFO - SignalWorker found 2 signals in global registry
[2025-11-04 18:19:40] [STDERR] 2025-11-04 18:19:40,780 - gleitzeit.workers.signal_worker - INFO - Processing registry entry: workflow=workflow-72d17d06-2a7c-4814-9916-9321dfc74316, signal=workflow-completed
[2025-11-04 18:19:40] [STDERR] 2025-11-04 18:19:40,780 - gleitzeit.workers.signal_worker - INFO - No waiters for signal workflow-completed in workflow workflow-72d17d06-2a7c-4814-9916-9321dfc74316 - keeping in registry
[2025-11-04 18:19:40] [STDERR] 2025-11-04 18:19:40,780 - gleitzeit.workers.signal_worker - INFO - Processing registry entry: workflow=workflow-72d17d06-2a7c-4814-9916-9321dfc74316, signal=processing-complete
[2025-11-04 18:19:40] [STDERR] 2025-11-04 18:19:40,781 - gleitzeit.workers.signal_worker - INFO - No waiters for signal processing-complete in workflow workflow-72d17d06-2a7c-4814-9916-9321dfc74316 - keeping in registry
[2025-11-04 18:19:41] [STDERR] 2025-11-04 18:19:41,295 - gleitzeit.workers.signal_worker - INFO - SignalWorker found 2 signals in global registry
[2025-11-04 18:19:41] [STDERR] 2025-11-04 18:19:41,295 - gleitzeit.workers.signal_worker - INFO - Processing registry entry: workflow=workflow-72d17d06-2a7c-4814-9916-9321dfc74316, signal=workflow-completed
[2025-11-04 18:19:41] [STDERR] 2025-11-04 18:19:41,295 - gleitzeit.workers.signal_worker - INFO - No waiters for signal workflow-completed in workflow workflow-72d17d06-2a7c-4814-9916-9321dfc74316 - keeping in registry
[2025-11-04 18:19:41] [STDERR] 2025-11-04 18:19:41,295 - gleitzeit.workers.signal_worker - INFO - Processing registry entry: workflow=workflow-72d17d06-2a7c-4814-9916-9321dfc74316, signal=processing-complete
[2025-11-04 18:19:41] [STDERR] 2025-11-04 18:19:41,295 - gleitzeit.workers.signal_worker - INFO - No waiters for signal processing-complete in workflow workflow-72d17d06-2a7c-4814-9916-9321dfc74316 - keeping in registry
[2025-11-04 18:19:41] [STDERR] 2025-11-04 18:19:41,801 - gleitzeit.workers.signal_worker - INFO - SignalWorker found 2 signals in global registry
[2025-11-04 18:19:41] [STDERR] 2025-11-04 18:19:41,801 - gleitzeit.workers.signal_worker - INFO - Processing registry entry: workflow=workflow-72d17d06-2a7c-4814-9916-9321dfc74316, signal=workflow-completed
[2025-11-04 18:19:41] [STDERR] 2025-11-04 18:19:41,801 - gleitzeit.workers.signal_worker - INFO - No waiters for signal workflow-completed in workflow workflow-72d17d06-2a7c-4814-9916-9321dfc74316 - keeping in registry
[2025-11-04 18:19:41] [STDERR] 2025-11-04 18:19:41,801 - gleitzeit.workers.signal_worker - INFO - Processing registry entry: workflow=workflow-72d17d06-2a7c-4814-9916-9321dfc74316, signal=processing-complete
[2025-11-04 18:19:41] [STDERR] 2025-11-04 18:19:41,801 - gleitzeit.workers.signal_worker - INFO - No waiters for signal processing-complete in workflow workflow-72d17d06-2a7c-4814-9916-9321dfc74316 - keeping in registry
[2025-11-04 18:19:42] [STDERR] 2025-11-04 18:19:42,314 - gleitzeit.workers.signal_worker - INFO - SignalWorker found 2 signals in global registry
[2025-11-04 18:19:42] [STDERR] 2025-11-04 18:19:42,314 - gleitzeit.workers.signal_worker - INFO - Processing registry entry: workflow=workflow-72d17d06-2a7c-4814-9916-9321dfc74316, signal=workflow-completed
[2025-11-04 18:19:42] [STDERR] 2025-11-04 18:19:42,314 - gleitzeit.workers.signal_worker - INFO - No waiters for signal workflow-completed in workflow workflow-72d17d06-2a7c-4814-9916-9321dfc74316 - keeping in registry
[2025-11-04 18:19:42] [STDERR] 2025-11-04 18:19:42,314 - gleitzeit.workers.signal_worker - INFO - Processing registry entry: workflow=workflow-72d17d06-2a7c-4814-9916-9321dfc74316, signal=processing-complete
[2025-11-04 18:19:42] [STDERR] 2025-11-04 18:19:42,314 - gleitzeit.workers.signal_worker - INFO - No waiters for signal processing-complete in workflow workflow-72d17d06-2a7c-4814-9916-9321dfc74316 - keeping in registry
[2025-11-04 18:19:42] [STDERR] 2025-11-04 18:19:42,827 - gleitzeit.workers.signal_worker - INFO - SignalWorker found 2 signals in global registry
[2025-11-04 18:19:42] [STDERR] 2025-11-04 18:19:42,827 - gleitzeit.workers.signal_worker - INFO - Processing registry entry: workflow=workflow-72d17d06-2a7c-4814-9916-9321dfc74316, signal=workflow-completed
[2025-11-04 18:19:42] [STDERR] 2025-11-04 18:19:42,828 - gleitzeit.workers.signal_worker - INFO - No waiters for signal workflow-completed in workflow workflow-72d17d06-2a7c-4814-9916-9321dfc74316 - keeping in registry
[2025-11-04 18:19:42] [STDERR] 2025-11-04 18:19:42,828 - gleitzeit.workers.signal_worker - INFO - Processing registry entry: workflow=workflow-72d17d06-2a7c-4814-9916-9321dfc74316, signal=processing-complete
[2025-11-04 18:19:42] [STDERR] 2025-11-04 18:19:42,828 - gleitzeit.workers.signal_worker - INFO - No waiters for signal processing-complete in workflow workflow-72d17d06-2a7c-4814-9916-9321dfc74316 - keeping in registry
[2025-11-04 18:19:43] [STDERR] 2025-11-04 18:19:43,345 - gleitzeit.workers.signal_worker - INFO - SignalWorker found 2 signals in global registry
[2025-11-04 18:19:43] [STDERR] 2025-11-04 18:19:43,345 - gleitzeit.workers.signal_worker - INFO - Processing registry entry: workflow=workflow-72d17d06-2a7c-4814-9916-9321dfc74316, signal=workflow-completed
[2025-11-04 18:19:43] [STDERR] 2025-11-04 18:19:43,345 - gleitzeit.workers.signal_worker - INFO - No waiters for signal workflow-completed in workflow workflow-72d17d06-2a7c-4814-9916-9321dfc74316 - keeping in registry
[2025-11-04 18:19:43] [STDERR] 2025-11-04 18:19:43,345 - gleitzeit.workers.signal_worker - INFO - Processing registry entry: workflow=workflow-72d17d06-2a7c-4814-9916-9321dfc74316, signal=processing-complete
[2025-11-04 18:19:43] [STDERR] 2025-11-04 18:19:43,345 - gleitzeit.workers.signal_worker - INFO - No waiters for signal processing-complete in workflow workflow-72d17d06-2a7c-4814-9916-9321dfc74316 - keeping in registry
[2025-11-04 18:19:43] [STDERR] 2025-11-04 18:19:43,858 - gleitzeit.workers.signal_worker - INFO - SignalWorker found 2 signals in global registry
[2025-11-04 18:19:43] [STDERR] 2025-11-04 18:19:43,858 - gleitzeit.workers.signal_worker - INFO - Processing registry entry: workflow=workflow-72d17d06-2a7c-4814-9916-9321dfc74316, signal=workflow-completed
[2025-11-04 18:19:43] [STDERR] 2025-11-04 18:19:43,859 - gleitzeit.workers.signal_worker - INFO - No waiters for signal workflow-completed in workflow workflow-72d17d06-2a7c-4814-9916-9321dfc74316 - keeping in registry
[2025-11-04 18:19:43] [STDERR] 2025-11-04 18:19:43,859 - gleitzeit.workers.signal_worker - INFO - Processing registry entry: workflow=workflow-72d17d06-2a7c-4814-9916-9321dfc74316, signal=processing-complete
[2025-11-04 18:19:43] [STDERR] 2025-11-04 18:19:43,859 - gleitzeit.workers.signal_worker - INFO - No waiters for signal processing-complete in workflow workflow-72d17d06-2a7c-4814-9916-9321dfc74316 - keeping in registry
[2025-11-04 18:19:44] [STDERR] 2025-11-04 18:19:44,368 - gleitzeit.workers.signal_worker - INFO - SignalWorker found 2 signals in global registry
[2025-11-04 18:19:44] [STDERR] 2025-11-04 18:19:44,368 - gleitzeit.workers.signal_worker - INFO - Processing registry entry: workflow=workflow-72d17d06-2a7c-4814-9916-9321dfc74316, signal=workflow-completed
[2025-11-04 18:19:44] [STDERR] 2025-11-04 18:19:44,368 - gleitzeit.workers.signal_worker - INFO - No waiters for signal workflow-completed in workflow workflow-72d17d06-2a7c-4814-9916-9321dfc74316 - keeping in registry
[2025-11-04 18:19:44] [STDERR] 2025-11-04 18:19:44,368 - gleitzeit.workers.signal_worker - INFO - Processing registry entry: workflow=workflow-72d17d06-2a7c-4814-9916-9321dfc74316, signal=processing-complete
[2025-11-04 18:19:44] [STDERR] 2025-11-04 18:19:44,368 - gleitzeit.workers.signal_worker - INFO - No waiters for signal processing-complete in workflow workflow-72d17d06-2a7c-4814-9916-9321dfc74316 - keeping in registry
[2025-11-04 18:19:44] [STDERR] 2025-11-04 18:19:44,884 - gleitzeit.workers.signal_worker - INFO - SignalWorker found 2 signals in global registry
[2025-11-04 18:19:44] [STDERR] 2025-11-04 18:19:44,884 - gleitzeit.workers.signal_worker - INFO - Processing registry entry: workflow=workflow-72d17d06-2a7c-4814-9916-9321dfc74316, signal=workflow-completed
[2025-11-04 18:19:44] [STDERR] 2025-11-04 18:19:44,884 - gleitzeit.workers.signal_worker - INFO - No waiters for signal workflow-completed in workflow workflow-72d17d06-2a7c-4814-9916-9321dfc74316 - keeping in registry
[2025-11-04 18:19:44] [STDERR] 2025-11-04 18:19:44,884 - gleitzeit.workers.signal_worker - INFO - Processing registry entry: workflow=workflow-72d17d06-2a7c-4814-9916-9321dfc74316, signal=processing-complete
[2025-11-04 18:19:44] [STDERR] 2025-11-04 18:19:44,885 - gleitzeit.workers.signal_worker - INFO - No waiters for signal processing-complete in workflow workflow-72d17d06-2a7c-4814-9916-9321dfc74316 - keeping in registry
[2025-11-04 18:19:45] [STDERR] 2025-11-04 18:19:45,391 - gleitzeit.workers.signal_worker - INFO - SignalWorker found 2 signals in global registry
[2025-11-04 18:19:45] [STDERR] 2025-11-04 18:19:45,391 - gleitzeit.workers.signal_worker - INFO - Processing registry entry: workflow=workflow-72d17d06-2a7c-4814-9916-9321dfc74316, signal=workflow-completed
[2025-11-04 18:19:45] [STDERR] 2025-11-04 18:19:45,391 - gleitzeit.workers.signal_worker - INFO - No waiters for signal workflow-completed in workflow workflow-72d17d06-2a7c-4814-9916-9321dfc74316 - keeping in registry
[2025-11-04 18:19:45] [STDERR] 2025-11-04 18:19:45,391 - gleitzeit.workers.signal_worker - INFO - Processing registry entry: workflow=workflow-72d17d06-2a7c-4814-9916-9321dfc74316, signal=processing-complete
[2025-11-04 18:19:45] [STDERR] 2025-11-04 18:19:45,391 - gleitzeit.workers.signal_worker - INFO - No waiters for signal processing-complete in workflow workflow-72d17d06-2a7c-4814-9916-9321dfc74316 - keeping in registry
[2025-11-04 18:19:45] [STDERR] 2025-11-04 18:19:45,892 - gleitzeit.workers.signal_worker - INFO - Signal processing loop iteration 320
[2025-11-04 18:19:45] [STDERR] 2025-11-04 18:19:45,906 - gleitzeit.workers.signal_worker - INFO - SignalWorker found 2 signals in global registry
[2025-11-04 18:19:45] [STDERR] 2025-11-04 18:19:45,906 - gleitzeit.workers.signal_worker - INFO - Processing registry entry: workflow=workflow-72d17d06-2a7c-4814-9916-9321dfc74316, signal=workflow-completed
[2025-11-04 18:19:45] [STDERR] 2025-11-04 18:19:45,906 - gleitzeit.workers.signal_worker - INFO - No waiters for signal workflow-completed in workflow workflow-72d17d06-2a7c-4814-9916-9321dfc74316 - keeping in registry
[2025-11-04 18:19:45] [STDERR] 2025-11-04 18:19:45,906 - gleitzeit.workers.signal_worker - INFO - Processing registry entry: workflow=workflow-72d17d06-2a7c-4814-9916-9321dfc74316, signal=processing-complete
[2025-11-04 18:19:45] [STDERR] 2025-11-04 18:19:45,907 - gleitzeit.workers.signal_worker - INFO - No waiters for signal processing-complete in workflow workflow-72d17d06-2a7c-4814-9916-9321dfc74316 - keeping in registry
[2025-11-04 18:19:46] [STDERR] 2025-11-04 18:19:46,417 - gleitzeit.workers.signal_worker - INFO - SignalWorker found 2 signals in global registry
[2025-11-04 18:19:46] [STDERR] 2025-11-04 18:19:46,417 - gleitzeit.workers.signal_worker - INFO - Processing registry entry: workflow=workflow-72d17d06-2a7c-4814-9916-9321dfc74316, signal=workflow-completed
[2025-11-04 18:19:46] [STDERR] 2025-11-04 18:19:46,417 - gleitzeit.workers.signal_worker - INFO - No waiters for signal workflow-completed in workflow workflow-72d17d06-2a7c-4814-9916-9321dfc74316 - keeping in registry
[2025-11-04 18:19:46] [STDERR] 2025-11-04 18:19:46,417 - gleitzeit.workers.signal_worker - INFO - Processing registry entry: workflow=workflow-72d17d06-2a7c-4814-9916-9321dfc74316, signal=processing-complete
[2025-11-04 18:19:46] [STDERR] 2025-11-04 18:19:46,417 - gleitzeit.workers.signal_worker - INFO - No waiters for signal processing-complete in workflow workflow-72d17d06-2a7c-4814-9916-9321dfc74316 - keeping in registry
[2025-11-04 18:19:46] [STDERR] 2025-11-04 18:19:46,934 - gleitzeit.workers.signal_worker - INFO - SignalWorker found 2 signals in global registry
[2025-11-04 18:19:46] [STDERR] 2025-11-04 18:19:46,935 - gleitzeit.workers.signal_worker - INFO - Processing registry entry: workflow=workflow-72d17d06-2a7c-4814-9916-9321dfc74316, signal=workflow-completed
[2025-11-04 18:19:46] [STDERR] 2025-11-04 18:19:46,935 - gleitzeit.workers.signal_worker - INFO - No waiters for signal workflow-completed in workflow workflow-72d17d06-2a7c-4814-9916-9321dfc74316 - keeping in registry
[2025-11-04 18:19:46] [STDERR] 2025-11-04 18:19:46,935 - gleitzeit.workers.signal_worker - INFO - Processing registry entry: workflow=workflow-72d17d06-2a7c-4814-9916-9321dfc74316, signal=processing-complete
[2025-11-04 18:19:46] [STDERR] 2025-11-04 18:19:46,935 - gleitzeit.workers.signal_worker - INFO - No waiters for signal processing-complete in workflow workflow-72d17d06-2a7c-4814-9916-9321dfc74316 - keeping in registry
[2025-11-04 18:19:47] [STDERR] 2025-11-04 18:19:47,442 - gleitzeit.workers.signal_worker - INFO - SignalWorker found 2 signals in global registry
[2025-11-04 18:19:47] [STDERR] 2025-11-04 18:19:47,442 - gleitzeit.workers.signal_worker - INFO - Processing registry entry: workflow=workflow-72d17d06-2a7c-4814-9916-9321dfc74316, signal=workflow-completed
[2025-11-04 18:19:47] [STDERR] 2025-11-04 18:19:47,442 - gleitzeit.workers.signal_worker - INFO - No waiters for signal workflow-completed in workflow workflow-72d17d06-2a7c-4814-9916-9321dfc74316 - keeping in registry
[2025-11-04 18:19:47] [STDERR] 2025-11-04 18:19:47,442 - gleitzeit.workers.signal_worker - INFO - Processing registry entry: workflow=workflow-72d17d06-2a7c-4814-9916-9321dfc74316, signal=processing-complete
[2025-11-04 18:19:47] [STDERR] 2025-11-04 18:19:47,442 - gleitzeit.workers.signal_worker - INFO - No waiters for signal processing-complete in workflow workflow-72d17d06-2a7c-4814-9916-9321dfc74316 - keeping in registry
[2025-11-04 18:19:47] [STDERR] 2025-11-04 18:19:47,954 - gleitzeit.workers.signal_worker - INFO - SignalWorker found 2 signals in global registry
[2025-11-04 18:19:47] [STDERR] 2025-11-04 18:19:47,954 - gleitzeit.workers.signal_worker - INFO - Processing registry entry: workflow=workflow-72d17d06-2a7c-4814-9916-9321dfc74316, signal=workflow-completed
[2025-11-04 18:19:47] [STDERR] 2025-11-04 18:19:47,955 - gleitzeit.workers.signal_worker - INFO - No waiters for signal workflow-completed in workflow workflow-72d17d06-2a7c-4814-9916-9321dfc74316 - keeping in registry
[2025-11-04 18:19:47] [STDERR] 2025-11-04 18:19:47,955 - gleitzeit.workers.signal_worker - INFO - Processing registry entry: workflow=workflow-72d17d06-2a7c-4814-9916-9321dfc74316, signal=processing-complete
[2025-11-04 18:19:47] [STDERR] 2025-11-04 18:19:47,955 - gleitzeit.workers.signal_worker - INFO - No waiters for signal processing-complete in workflow workflow-72d17d06-2a7c-4814-9916-9321dfc74316 - keeping in registry
[2025-11-04 18:19:48] [STDERR] 2025-11-04 18:19:48,460 - gleitzeit.workers.signal_worker - INFO - SignalWorker found 2 signals in global registry
[2025-11-04 18:19:48] [STDERR] 2025-11-04 18:19:48,460 - gleitzeit.workers.signal_worker - INFO - Processing registry entry: workflow=workflow-72d17d06-2a7c-4814-9916-9321dfc74316, signal=workflow-completed
[2025-11-04 18:19:48] [STDERR] 2025-11-04 18:19:48,460 - gleitzeit.workers.signal_worker - INFO - No waiters for signal workflow-completed in workflow workflow-72d17d06-2a7c-4814-9916-9321dfc74316 - keeping in registry
[2025-11-04 18:19:48] [STDERR] 2025-11-04 18:19:48,460 - gleitzeit.workers.signal_worker - INFO - Processing registry entry: workflow=workflow-72d17d06-2a7c-4814-9916-9321dfc74316, signal=processing-complete
[2025-11-04 18:19:48] [STDERR] 2025-11-04 18:19:48,460 - gleitzeit.workers.signal_worker - INFO - No waiters for signal processing-complete in workflow workflow-72d17d06-2a7c-4814-9916-9321dfc74316 - keeping in registry
[2025-11-04 18:19:48] [STDERR] 2025-11-04 18:19:48,967 - gleitzeit.workers.signal_worker - INFO - SignalWorker found 2 signals in global registry
[2025-11-04 18:19:48] [STDERR] 2025-11-04 18:19:48,968 - gleitzeit.workers.signal_worker - INFO - Processing registry entry: workflow=workflow-72d17d06-2a7c-4814-9916-9321dfc74316, signal=workflow-completed
[2025-11-04 18:19:48] [STDERR] 2025-11-04 18:19:48,968 - gleitzeit.workers.signal_worker - INFO - No waiters for signal workflow-completed in workflow workflow-72d17d06-2a7c-4814-9916-9321dfc74316 - keeping in registry
[2025-11-04 18:19:48] [STDERR] 2025-11-04 18:19:48,968 - gleitzeit.workers.signal_worker - INFO - Processing registry entry: workflow=workflow-72d17d06-2a7c-4814-9916-9321dfc74316, signal=processing-complete
[2025-11-04 18:19:48] [STDERR] 2025-11-04 18:19:48,968 - gleitzeit.workers.signal_worker - INFO - No waiters for signal processing-complete in workflow workflow-72d17d06-2a7c-4814-9916-9321dfc74316 - keeping in registry
[2025-11-04 18:19:49] [STDERR] 2025-11-04 18:19:49,476 - gleitzeit.workers.signal_worker - INFO - SignalWorker found 2 signals in global registry
[2025-11-04 18:19:49] [STDERR] 2025-11-04 18:19:49,476 - gleitzeit.workers.signal_worker - INFO - Processing registry entry: workflow=workflow-72d17d06-2a7c-4814-9916-9321dfc74316, signal=workflow-completed
[2025-11-04 18:19:49] [STDERR] 2025-11-04 18:19:49,477 - gleitzeit.workers.signal_worker - INFO - No waiters for signal workflow-completed in workflow workflow-72d17d06-2a7c-4814-9916-9321dfc74316 - keeping in registry
[2025-11-04 18:19:49] [STDERR] 2025-11-04 18:19:49,477 - gleitzeit.workers.signal_worker - INFO - Processing registry entry: workflow=workflow-72d17d06-2a7c-4814-9916-9321dfc74316, signal=processing-complete
[2025-11-04 18:19:49] [STDERR] 2025-11-04 18:19:49,477 - gleitzeit.workers.signal_worker - INFO - No waiters for signal processing-complete in workflow workflow-72d17d06-2a7c-4814-9916-9321dfc74316 - keeping in registry
[2025-11-04 18:19:49] [STDERR] 2025-11-04 18:19:49,987 - gleitzeit.workers.signal_worker - INFO - SignalWorker found 2 signals in global registry
[2025-11-04 18:19:49] [STDERR] 2025-11-04 18:19:49,988 - gleitzeit.workers.signal_worker - INFO - Processing registry entry: workflow=workflow-72d17d06-2a7c-4814-9916-9321dfc74316, signal=workflow-completed
[2025-11-04 18:19:49] [STDERR] 2025-11-04 18:19:49,988 - gleitzeit.workers.signal_worker - INFO - No waiters for signal workflow-completed in workflow workflow-72d17d06-2a7c-4814-9916-9321dfc74316 - keeping in registry
[2025-11-04 18:19:49] [STDERR] 2025-11-04 18:19:49,988 - gleitzeit.workers.signal_worker - INFO - Processing registry entry: workflow=workflow-72d17d06-2a7c-4814-9916-9321dfc74316, signal=processing-complete
[2025-11-04 18:19:49] [STDERR] 2025-11-04 18:19:49,988 - gleitzeit.workers.signal_worker - INFO - No waiters for signal processing-complete in workflow workflow-72d17d06-2a7c-4814-9916-9321dfc74316 - keeping in registry
[2025-11-04 18:19:50] [STDERR] 2025-11-04 18:19:50,503 - gleitzeit.workers.signal_worker - INFO - SignalWorker found 2 signals in global registry
[2025-11-04 18:19:50] [STDERR] 2025-11-04 18:19:50,503 - gleitzeit.workers.signal_worker - INFO - Processing registry entry: workflow=workflow-72d17d06-2a7c-4814-9916-9321dfc74316, signal=workflow-completed
[2025-11-04 18:19:50] [STDERR] 2025-11-04 18:19:50,504 - gleitzeit.workers.signal_worker - INFO - No waiters for signal workflow-completed in workflow workflow-72d17d06-2a7c-4814-9916-9321dfc74316 - keeping in registry
[2025-11-04 18:19:50] [STDERR] 2025-11-04 18:19:50,504 - gleitzeit.workers.signal_worker - INFO - Processing registry entry: workflow=workflow-72d17d06-2a7c-4814-9916-9321dfc74316, signal=processing-complete
[2025-11-04 18:19:50] [STDERR] 2025-11-04 18:19:50,504 - gleitzeit.workers.signal_worker - INFO - No waiters for signal processing-complete in workflow workflow-72d17d06-2a7c-4814-9916-9321dfc74316 - keeping in registry
[2025-11-04 18:19:51] [STDERR] 2025-11-04 18:19:51,015 - gleitzeit.workers.signal_worker - INFO - SignalWorker found 2 signals in global registry
[2025-11-04 18:19:51] [STDERR] 2025-11-04 18:19:51,016 - gleitzeit.workers.signal_worker - INFO - Processing registry entry: workflow=workflow-72d17d06-2a7c-4814-9916-9321dfc74316, signal=workflow-completed
[2025-11-04 18:19:51] [STDERR] 2025-11-04 18:19:51,016 - gleitzeit.workers.signal_worker - INFO - No waiters for signal workflow-completed in workflow workflow-72d17d06-2a7c-4814-9916-9321dfc74316 - keeping in registry
[2025-11-04 18:19:51] [STDERR] 2025-11-04 18:19:51,016 - gleitzeit.workers.signal_worker - INFO - Processing registry entry: workflow=workflow-72d17d06-2a7c-4814-9916-9321dfc74316, signal=processing-complete
[2025-11-04 18:19:51] [STDERR] 2025-11-04 18:19:51,016 - gleitzeit.workers.signal_worker - INFO - No waiters for signal processing-complete in workflow workflow-72d17d06-2a7c-4814-9916-9321dfc74316 - keeping in registry
[2025-11-04 18:19:51] [STDERR] 2025-11-04 18:19:51,532 - gleitzeit.workers.signal_worker - INFO - SignalWorker found 2 signals in global registry
[2025-11-04 18:19:51] [STDERR] 2025-11-04 18:19:51,532 - gleitzeit.workers.signal_worker - INFO - Processing registry entry: workflow=workflow-72d17d06-2a7c-4814-9916-9321dfc74316, signal=workflow-completed
[2025-11-04 18:19:51] [STDERR] 2025-11-04 18:19:51,532 - gleitzeit.workers.signal_worker - INFO - No waiters for signal workflow-completed in workflow workflow-72d17d06-2a7c-4814-9916-9321dfc74316 - keeping in registry
[2025-11-04 18:19:51] [STDERR] 2025-11-04 18:19:51,532 - gleitzeit.workers.signal_worker - INFO - Processing registry entry: workflow=workflow-72d17d06-2a7c-4814-9916-9321dfc74316, signal=processing-complete
[2025-11-04 18:19:51] [STDERR] 2025-11-04 18:19:51,533 - gleitzeit.workers.signal_worker - INFO - No waiters for signal processing-complete in workflow workflow-72d17d06-2a7c-4814-9916-9321dfc74316 - keeping in registry
[2025-11-04 18:19:52] [STDERR] 2025-11-04 18:19:52,048 - gleitzeit.workers.signal_worker - INFO - SignalWorker found 2 signals in global registry
[2025-11-04 18:19:52] [STDERR] 2025-11-04 18:19:52,048 - gleitzeit.workers.signal_worker - INFO - Processing registry entry: workflow=workflow-72d17d06-2a7c-4814-9916-9321dfc74316, signal=workflow-completed
[2025-11-04 18:19:52] [STDERR] 2025-11-04 18:19:52,048 - gleitzeit.workers.signal_worker - INFO - No waiters for signal workflow-completed in workflow workflow-72d17d06-2a7c-4814-9916-9321dfc74316 - keeping in registry
[2025-11-04 18:19:52] [STDERR] 2025-11-04 18:19:52,048 - gleitzeit.workers.signal_worker - INFO - Processing registry entry: workflow=workflow-72d17d06-2a7c-4814-9916-9321dfc74316, signal=processing-complete
[2025-11-04 18:19:52] [STDERR] 2025-11-04 18:19:52,049 - gleitzeit.workers.signal_worker - INFO - No waiters for signal processing-complete in workflow workflow-72d17d06-2a7c-4814-9916-9321dfc74316 - keeping in registry
[2025-11-04 18:19:52] [STDERR] 2025-11-04 18:19:52,555 - gleitzeit.workers.signal_worker - INFO - SignalWorker found 2 signals in global registry
[2025-11-04 18:19:52] [STDERR] 2025-11-04 18:19:52,555 - gleitzeit.workers.signal_worker - INFO - Processing registry entry: workflow=workflow-72d17d06-2a7c-4814-9916-9321dfc74316, signal=workflow-completed
[2025-11-04 18:19:52] [STDERR] 2025-11-04 18:19:52,555 - gleitzeit.workers.signal_worker - INFO - No waiters for signal workflow-completed in workflow workflow-72d17d06-2a7c-4814-9916-9321dfc74316 - keeping in registry
[2025-11-04 18:19:52] [STDERR] 2025-11-04 18:19:52,555 - gleitzeit.workers.signal_worker - INFO - Processing registry entry: workflow=workflow-72d17d06-2a7c-4814-9916-9321dfc74316, signal=processing-complete
[2025-11-04 18:19:52] [STDERR] 2025-11-04 18:19:52,556 - gleitzeit.workers.signal_worker - INFO - No waiters for signal processing-complete in workflow workflow-72d17d06-2a7c-4814-9916-9321dfc74316 - keeping in registry
[2025-11-04 18:19:53] [STDERR] 2025-11-04 18:19:53,068 - gleitzeit.workers.signal_worker - INFO - SignalWorker found 2 signals in global registry
[2025-11-04 18:19:53] [STDERR] 2025-11-04 18:19:53,068 - gleitzeit.workers.signal_worker - INFO - Processing registry entry: workflow=workflow-72d17d06-2a7c-4814-9916-9321dfc74316, signal=workflow-completed
[2025-11-04 18:19:53] [STDERR] 2025-11-04 18:19:53,068 - gleitzeit.workers.signal_worker - INFO - No waiters for signal workflow-completed in workflow workflow-72d17d06-2a7c-4814-9916-9321dfc74316 - keeping in registry
[2025-11-04 18:19:53] [STDERR] 2025-11-04 18:19:53,068 - gleitzeit.workers.signal_worker - INFO - Processing registry entry: workflow=workflow-72d17d06-2a7c-4814-9916-9321dfc74316, signal=processing-complete
[2025-11-04 18:19:53] [STDERR] 2025-11-04 18:19:53,068 - gleitzeit.workers.signal_worker - INFO - No waiters for signal processing-complete in workflow workflow-72d17d06-2a7c-4814-9916-9321dfc74316 - keeping in registry
[2025-11-04 18:19:53] [STDERR] 2025-11-04 18:19:53,573 - gleitzeit.workers.signal_worker - INFO - SignalWorker found 2 signals in global registry
[2025-11-04 18:19:53] [STDERR] 2025-11-04 18:19:53,573 - gleitzeit.workers.signal_worker - INFO - Processing registry entry: workflow=workflow-72d17d06-2a7c-4814-9916-9321dfc74316, signal=workflow-completed
[2025-11-04 18:19:53] [STDERR] 2025-11-04 18:19:53,574 - gleitzeit.workers.signal_worker - INFO - No waiters for signal workflow-completed in workflow workflow-72d17d06-2a7c-4814-9916-9321dfc74316 - keeping in registry
[2025-11-04 18:19:53] [STDERR] 2025-11-04 18:19:53,574 - gleitzeit.workers.signal_worker - INFO - Processing registry entry: workflow=workflow-72d17d06-2a7c-4814-9916-9321dfc74316, signal=processing-complete
[2025-11-04 18:19:53] [STDERR] 2025-11-04 18:19:53,574 - gleitzeit.workers.signal_worker - INFO - No waiters for signal processing-complete in workflow workflow-72d17d06-2a7c-4814-9916-9321dfc74316 - keeping in registry
[2025-11-04 18:19:54] [STDERR] 2025-11-04 18:19:54,082 - gleitzeit.workers.signal_worker - INFO - SignalWorker found 2 signals in global registry
[2025-11-04 18:19:54] [STDERR] 2025-11-04 18:19:54,082 - gleitzeit.workers.signal_worker - INFO - Processing registry entry: workflow=workflow-72d17d06-2a7c-4814-9916-9321dfc74316, signal=workflow-completed
[2025-11-04 18:19:54] [STDERR] 2025-11-04 18:19:54,082 - gleitzeit.workers.signal_worker - INFO - No waiters for signal workflow-completed in workflow workflow-72d17d06-2a7c-4814-9916-9321dfc74316 - keeping in registry
[2025-11-04 18:19:54] [STDERR] 2025-11-04 18:19:54,082 - gleitzeit.workers.signal_worker - INFO - Processing registry entry: workflow=workflow-72d17d06-2a7c-4814-9916-9321dfc74316, signal=processing-complete
[2025-11-04 18:19:54] [STDERR] 2025-11-04 18:19:54,082 - gleitzeit.workers.signal_worker - INFO - No waiters for signal processing-complete in workflow workflow-72d17d06-2a7c-4814-9916-9321dfc74316 - keeping in registry
[2025-11-04 18:19:54] [STDERR] 2025-11-04 18:19:54,592 - gleitzeit.workers.signal_worker - INFO - SignalWorker found 2 signals in global registry
[2025-11-04 18:19:54] [STDERR] 2025-11-04 18:19:54,592 - gleitzeit.workers.signal_worker - INFO - Processing registry entry: workflow=workflow-72d17d06-2a7c-4814-9916-9321dfc74316, signal=workflow-completed
[2025-11-04 18:19:54] [STDERR] 2025-11-04 18:19:54,592 - gleitzeit.workers.signal_worker - INFO - No waiters for signal workflow-completed in workflow workflow-72d17d06-2a7c-4814-9916-9321dfc74316 - keeping in registry
[2025-11-04 18:19:54] [STDERR] 2025-11-04 18:19:54,592 - gleitzeit.workers.signal_worker - INFO - Processing registry entry: workflow=workflow-72d17d06-2a7c-4814-9916-9321dfc74316, signal=processing-complete
[2025-11-04 18:19:54] [STDERR] 2025-11-04 18:19:54,592 - gleitzeit.workers.signal_worker - INFO - No waiters for signal processing-complete in workflow workflow-72d17d06-2a7c-4814-9916-9321dfc74316 - keeping in registry
[2025-11-04 18:19:55] [STDERR] 2025-11-04 18:19:55,098 - gleitzeit.workers.signal_worker - INFO - SignalWorker found 2 signals in global registry
[2025-11-04 18:19:55] [STDERR] 2025-11-04 18:19:55,098 - gleitzeit.workers.signal_worker - INFO - Processing registry entry: workflow=workflow-72d17d06-2a7c-4814-9916-9321dfc74316, signal=workflow-completed
[2025-11-04 18:19:55] [STDERR] 2025-11-04 18:19:55,098 - gleitzeit.workers.signal_worker - INFO - No waiters for signal workflow-completed in workflow workflow-72d17d06-2a7c-4814-9916-9321dfc74316 - keeping in registry
[2025-11-04 18:19:55] [STDERR] 2025-11-04 18:19:55,098 - gleitzeit.workers.signal_worker - INFO - Processing registry entry: workflow=workflow-72d17d06-2a7c-4814-9916-9321dfc74316, signal=processing-complete
[2025-11-04 18:19:55] [STDERR] 2025-11-04 18:19:55,098 - gleitzeit.workers.signal_worker - INFO - No waiters for signal processing-complete in workflow workflow-72d17d06-2a7c-4814-9916-9321dfc74316 - keeping in registry
[2025-11-04 18:19:55] [STDERR] 2025-11-04 18:19:55,610 - gleitzeit.workers.signal_worker - INFO - SignalWorker found 2 signals in global registry
[2025-11-04 18:19:55] [STDERR] 2025-11-04 18:19:55,610 - gleitzeit.workers.signal_worker - INFO - Processing registry entry: workflow=workflow-72d17d06-2a7c-4814-9916-9321dfc74316, signal=workflow-completed
[2025-11-04 18:19:55] [STDERR] 2025-11-04 18:19:55,611 - gleitzeit.workers.signal_worker - INFO - No waiters for signal workflow-completed in workflow workflow-72d17d06-2a7c-4814-9916-9321dfc74316 - keeping in registry
[2025-11-04 18:19:55] [STDERR] 2025-11-04 18:19:55,611 - gleitzeit.workers.signal_worker - INFO - Processing registry entry: workflow=workflow-72d17d06-2a7c-4814-9916-9321dfc74316, signal=processing-complete
[2025-11-04 18:19:55] [STDERR] 2025-11-04 18:19:55,611 - gleitzeit.workers.signal_worker - INFO - No waiters for signal processing-complete in workflow workflow-72d17d06-2a7c-4814-9916-9321dfc74316 - keeping in registry
[2025-11-04 18:19:56] [STDERR] 2025-11-04 18:19:56,111 - gleitzeit.workers.signal_worker - INFO - Signal processing loop iteration 340
[2025-11-04 18:19:56] [STDERR] 2025-11-04 18:19:56,117 - gleitzeit.workers.signal_worker - INFO - SignalWorker found 2 signals in global registry
[2025-11-04 18:19:56] [STDERR] 2025-11-04 18:19:56,117 - gleitzeit.workers.signal_worker - INFO - Processing registry entry: workflow=workflow-72d17d06-2a7c-4814-9916-9321dfc74316, signal=workflow-completed
[2025-11-04 18:19:56] [STDERR] 2025-11-04 18:19:56,118 - gleitzeit.workers.signal_worker - INFO - No waiters for signal workflow-completed in workflow workflow-72d17d06-2a7c-4814-9916-9321dfc74316 - keeping in registry
[2025-11-04 18:19:56] [STDERR] 2025-11-04 18:19:56,118 - gleitzeit.workers.signal_worker - INFO - Processing registry entry: workflow=workflow-72d17d06-2a7c-4814-9916-9321dfc74316, signal=processing-complete
[2025-11-04 18:19:56] [STDERR] 2025-11-04 18:19:56,118 - gleitzeit.workers.signal_worker - INFO - No waiters for signal processing-complete in workflow workflow-72d17d06-2a7c-4814-9916-9321dfc74316 - keeping in registry
[2025-11-04 18:19:56] [STDERR] 2025-11-04 18:19:56,634 - gleitzeit.workers.signal_worker - INFO - SignalWorker found 2 signals in global registry
[2025-11-04 18:19:56] [STDERR] 2025-11-04 18:19:56,634 - gleitzeit.workers.signal_worker - INFO - Processing registry entry: workflow=workflow-72d17d06-2a7c-4814-9916-9321dfc74316, signal=workflow-completed
[2025-11-04 18:19:56] [STDERR] 2025-11-04 18:19:56,634 - gleitzeit.workers.signal_worker - INFO - No waiters for signal workflow-completed in workflow workflow-72d17d06-2a7c-4814-9916-9321dfc74316 - keeping in registry
[2025-11-04 18:19:56] [STDERR] 2025-11-04 18:19:56,634 - gleitzeit.workers.signal_worker - INFO - Processing registry entry: workflow=workflow-72d17d06-2a7c-4814-9916-9321dfc74316, signal=processing-complete
[2025-11-04 18:19:56] [STDERR] 2025-11-04 18:19:56,634 - gleitzeit.workers.signal_worker - INFO - No waiters for signal processing-complete in workflow workflow-72d17d06-2a7c-4814-9916-9321dfc74316 - keeping in registry
[2025-11-04 18:19:57] [STDERR] 2025-11-04 18:19:57,140 - gleitzeit.workers.signal_worker - INFO - SignalWorker found 2 signals in global registry
[2025-11-04 18:19:57] [STDERR] 2025-11-04 18:19:57,140 - gleitzeit.workers.signal_worker - INFO - Processing registry entry: workflow=workflow-72d17d06-2a7c-4814-9916-9321dfc74316, signal=workflow-completed
[2025-11-04 18:19:57] [STDERR] 2025-11-04 18:19:57,140 - gleitzeit.workers.signal_worker - INFO - No waiters for signal workflow-completed in workflow workflow-72d17d06-2a7c-4814-9916-9321dfc74316 - keeping in registry
[2025-11-04 18:19:57] [STDERR] 2025-11-04 18:19:57,140 - gleitzeit.workers.signal_worker - INFO - Processing registry entry: workflow=workflow-72d17d06-2a7c-4814-9916-9321dfc74316, signal=processing-complete
[2025-11-04 18:19:57] [STDERR] 2025-11-04 18:19:57,141 - gleitzeit.workers.signal_worker - INFO - No waiters for signal processing-complete in workflow workflow-72d17d06-2a7c-4814-9916-9321dfc74316 - keeping in registry
[2025-11-04 18:19:57] [STDERR] 2025-11-04 18:19:57,652 - gleitzeit.workers.signal_worker - INFO - SignalWorker found 2 signals in global registry
[2025-11-04 18:19:57] [STDERR] 2025-11-04 18:19:57,652 - gleitzeit.workers.signal_worker - INFO - Processing registry entry: workflow=workflow-72d17d06-2a7c-4814-9916-9321dfc74316, signal=workflow-completed
[2025-11-04 18:19:57] [STDERR] 2025-11-04 18:19:57,652 - gleitzeit.workers.signal_worker - INFO - No waiters for signal workflow-completed in workflow workflow-72d17d06-2a7c-4814-9916-9321dfc74316 - keeping in registry
[2025-11-04 18:19:57] [STDERR] 2025-11-04 18:19:57,652 - gleitzeit.workers.signal_worker - INFO - Processing registry entry: workflow=workflow-72d17d06-2a7c-4814-9916-9321dfc74316, signal=processing-complete
[2025-11-04 18:19:57] [STDERR] 2025-11-04 18:19:57,652 - gleitzeit.workers.signal_worker - INFO - No waiters for signal processing-complete in workflow workflow-72d17d06-2a7c-4814-9916-9321dfc74316 - keeping in registry
[2025-11-04 18:19:58] [STDERR] 2025-11-04 18:19:58,163 - gleitzeit.workers.signal_worker - INFO - SignalWorker found 2 signals in global registry
[2025-11-04 18:19:58] [STDERR] 2025-11-04 18:19:58,164 - gleitzeit.workers.signal_worker - INFO - Processing registry entry: workflow=workflow-72d17d06-2a7c-4814-9916-9321dfc74316, signal=workflow-completed
[2025-11-04 18:19:58] [STDERR] 2025-11-04 18:19:58,164 - gleitzeit.workers.signal_worker - INFO - No waiters for signal workflow-completed in workflow workflow-72d17d06-2a7c-4814-9916-9321dfc74316 - keeping in registry
[2025-11-04 18:19:58] [STDERR] 2025-11-04 18:19:58,164 - gleitzeit.workers.signal_worker - INFO - Processing registry entry: workflow=workflow-72d17d06-2a7c-4814-9916-9321dfc74316, signal=processing-complete
[2025-11-04 18:19:58] [STDERR] 2025-11-04 18:19:58,164 - gleitzeit.workers.signal_worker - INFO - No waiters for signal processing-complete in workflow workflow-72d17d06-2a7c-4814-9916-9321dfc74316 - keeping in registry
[2025-11-04 18:19:58] [STDERR] 2025-11-04 18:19:58,682 - gleitzeit.workers.signal_worker - INFO - SignalWorker found 2 signals in global registry
[2025-11-04 18:19:58] [STDERR] 2025-11-04 18:19:58,682 - gleitzeit.workers.signal_worker - INFO - Processing registry entry: workflow=workflow-72d17d06-2a7c-4814-9916-9321dfc74316, signal=workflow-completed
[2025-11-04 18:19:58] [STDERR] 2025-11-04 18:19:58,683 - gleitzeit.workers.signal_worker - INFO - No waiters for signal workflow-completed in workflow workflow-72d17d06-2a7c-4814-9916-9321dfc74316 - keeping in registry
[2025-11-04 18:19:58] [STDERR] 2025-11-04 18:19:58,683 - gleitzeit.workers.signal_worker - INFO - Processing registry entry: workflow=workflow-72d17d06-2a7c-4814-9916-9321dfc74316, signal=processing-complete
[2025-11-04 18:19:58] [STDERR] 2025-11-04 18:19:58,683 - gleitzeit.workers.signal_worker - INFO - No waiters for signal processing-complete in workflow workflow-72d17d06-2a7c-4814-9916-9321dfc74316 - keeping in registry
[2025-11-04 18:19:59] [STDERR] 2025-11-04 18:19:59,189 - gleitzeit.workers.signal_worker - INFO - SignalWorker found 2 signals in global registry
[2025-11-04 18:19:59] [STDERR] 2025-11-04 18:19:59,189 - gleitzeit.workers.signal_worker - INFO - Processing registry entry: workflow=workflow-72d17d06-2a7c-4814-9916-9321dfc74316, signal=workflow-completed
[2025-11-04 18:19:59] [STDERR] 2025-11-04 18:19:59,189 - gleitzeit.workers.signal_worker - INFO - No waiters for signal workflow-completed in workflow workflow-72d17d06-2a7c-4814-9916-9321dfc74316 - keeping in registry
[2025-11-04 18:19:59] [STDERR] 2025-11-04 18:19:59,189 - gleitzeit.workers.signal_worker - INFO - Processing registry entry: workflow=workflow-72d17d06-2a7c-4814-9916-9321dfc74316, signal=processing-complete
[2025-11-04 18:19:59] [STDERR] 2025-11-04 18:19:59,189 - gleitzeit.workers.signal_worker - INFO - No waiters for signal processing-complete in workflow workflow-72d17d06-2a7c-4814-9916-9321dfc74316 - keeping in registry
[2025-11-04 18:19:59] [STDERR] 2025-11-04 18:19:59,697 - gleitzeit.workers.signal_worker - INFO - SignalWorker found 2 signals in global registry
[2025-11-04 18:19:59] [STDERR] 2025-11-04 18:19:59,697 - gleitzeit.workers.signal_worker - INFO - Processing registry entry: workflow=workflow-72d17d06-2a7c-4814-9916-9321dfc74316, signal=workflow-completed
[2025-11-04 18:19:59] [STDERR] 2025-11-04 18:19:59,697 - gleitzeit.workers.signal_worker - INFO - No waiters for signal workflow-completed in workflow workflow-72d17d06-2a7c-4814-9916-9321dfc74316 - keeping in registry
[2025-11-04 18:19:59] [STDERR] 2025-11-04 18:19:59,697 - gleitzeit.workers.signal_worker - INFO - Processing registry entry: workflow=workflow-72d17d06-2a7c-4814-9916-9321dfc74316, signal=processing-complete
[2025-11-04 18:19:59] [STDERR] 2025-11-04 18:19:59,697 - gleitzeit.workers.signal_worker - INFO - No waiters for signal processing-complete in workflow workflow-72d17d06-2a7c-4814-9916-9321dfc74316 - keeping in registry
[2025-11-04 18:20:00] [STDERR] 2025-11-04 18:20:00,213 - gleitzeit.workers.signal_worker - INFO - SignalWorker found 2 signals in global registry
[2025-11-04 18:20:00] [STDERR] 2025-11-04 18:20:00,213 - gleitzeit.workers.signal_worker - INFO - Processing registry entry: workflow=workflow-72d17d06-2a7c-4814-9916-9321dfc74316, signal=workflow-completed
[2025-11-04 18:20:00] [STDERR] 2025-11-04 18:20:00,213 - gleitzeit.workers.signal_worker - INFO - No waiters for signal workflow-completed in workflow workflow-72d17d06-2a7c-4814-9916-9321dfc74316 - keeping in registry
[2025-11-04 18:20:00] [STDERR] 2025-11-04 18:20:00,213 - gleitzeit.workers.signal_worker - INFO - Processing registry entry: workflow=workflow-72d17d06-2a7c-4814-9916-9321dfc74316, signal=processing-complete
[2025-11-04 18:20:00] [STDERR] 2025-11-04 18:20:00,213 - gleitzeit.workers.signal_worker - INFO - No waiters for signal processing-complete in workflow workflow-72d17d06-2a7c-4814-9916-9321dfc74316 - keeping in registry
[2025-11-04 18:20:00] [STDERR] 2025-11-04 18:20:00,736 - gleitzeit.workers.signal_worker - INFO - SignalWorker found 2 signals in global registry
[2025-11-04 18:20:00] [STDERR] 2025-11-04 18:20:00,736 - gleitzeit.workers.signal_worker - INFO - Processing registry entry: workflow=workflow-72d17d06-2a7c-4814-9916-9321dfc74316, signal=workflow-completed
[2025-11-04 18:20:00] [STDERR] 2025-11-04 18:20:00,737 - gleitzeit.workers.signal_worker - INFO - No waiters for signal workflow-completed in workflow workflow-72d17d06-2a7c-4814-9916-9321dfc74316 - keeping in registry
[2025-11-04 18:20:00] [STDERR] 2025-11-04 18:20:00,737 - gleitzeit.workers.signal_worker - INFO - Processing registry entry: workflow=workflow-72d17d06-2a7c-4814-9916-9321dfc74316, signal=processing-complete
[2025-11-04 18:20:00] [STDERR] 2025-11-04 18:20:00,737 - gleitzeit.workers.signal_worker - INFO - No waiters for signal processing-complete in workflow workflow-72d17d06-2a7c-4814-9916-9321dfc74316 - keeping in registry
[2025-11-04 18:20:01] [STDERR] 2025-11-04 18:20:01,251 - gleitzeit.workers.signal_worker - INFO - SignalWorker found 2 signals in global registry
[2025-11-04 18:20:01] [STDERR] 2025-11-04 18:20:01,251 - gleitzeit.workers.signal_worker - INFO - Processing registry entry: workflow=workflow-72d17d06-2a7c-4814-9916-9321dfc74316, signal=workflow-completed
[2025-11-04 18:20:01] [STDERR] 2025-11-04 18:20:01,252 - gleitzeit.workers.signal_worker - INFO - No waiters for signal workflow-completed in workflow workflow-72d17d06-2a7c-4814-9916-9321dfc74316 - keeping in registry
[2025-11-04 18:20:01] [STDERR] 2025-11-04 18:20:01,252 - gleitzeit.workers.signal_worker - INFO - Processing registry entry: workflow=workflow-72d17d06-2a7c-4814-9916-9321dfc74316, signal=processing-complete
[2025-11-04 18:20:01] [STDERR] 2025-11-04 18:20:01,252 - gleitzeit.workers.signal_worker - INFO - No waiters for signal processing-complete in workflow workflow-72d17d06-2a7c-4814-9916-9321dfc74316 - keeping in registry
[2025-11-04 18:20:01] [STDERR] 2025-11-04 18:20:01,765 - gleitzeit.workers.signal_worker - INFO - SignalWorker found 2 signals in global registry
[2025-11-04 18:20:01] [STDERR] 2025-11-04 18:20:01,765 - gleitzeit.workers.signal_worker - INFO - Processing registry entry: workflow=workflow-72d17d06-2a7c-4814-9916-9321dfc74316, signal=workflow-completed
[2025-11-04 18:20:01] [STDERR] 2025-11-04 18:20:01,765 - gleitzeit.workers.signal_worker - INFO - No waiters for signal workflow-completed in workflow workflow-72d17d06-2a7c-4814-9916-9321dfc74316 - keeping in registry
[2025-11-04 18:20:01] [STDERR] 2025-11-04 18:20:01,765 - gleitzeit.workers.signal_worker - INFO - Processing registry entry: workflow=workflow-72d17d06-2a7c-4814-9916-9321dfc74316, signal=processing-complete
[2025-11-04 18:20:01] [STDERR] 2025-11-04 18:20:01,765 - gleitzeit.workers.signal_worker - INFO - No waiters for signal processing-complete in workflow workflow-72d17d06-2a7c-4814-9916-9321dfc74316 - keeping in registry
[2025-11-04 18:20:02] [STDERR] 2025-11-04 18:20:02,275 - gleitzeit.workers.signal_worker - INFO - SignalWorker found 2 signals in global registry
[2025-11-04 18:20:02] [STDERR] 2025-11-04 18:20:02,276 - gleitzeit.workers.signal_worker - INFO - Processing registry entry: workflow=workflow-72d17d06-2a7c-4814-9916-9321dfc74316, signal=workflow-completed
[2025-11-04 18:20:02] [STDERR] 2025-11-04 18:20:02,276 - gleitzeit.workers.signal_worker - INFO - No waiters for signal workflow-completed in workflow workflow-72d17d06-2a7c-4814-9916-9321dfc74316 - keeping in registry
[2025-11-04 18:20:02] [STDERR] 2025-11-04 18:20:02,276 - gleitzeit.workers.signal_worker - INFO - Processing registry entry: workflow=workflow-72d17d06-2a7c-4814-9916-9321dfc74316, signal=processing-complete
[2025-11-04 18:20:02] [STDERR] 2025-11-04 18:20:02,276 - gleitzeit.workers.signal_worker - INFO - No waiters for signal processing-complete in workflow workflow-72d17d06-2a7c-4814-9916-9321dfc74316 - keeping in registry
[2025-11-04 18:20:02] [STDERR] 2025-11-04 18:20:02,782 - gleitzeit.workers.signal_worker - INFO - SignalWorker found 2 signals in global registry
[2025-11-04 18:20:02] [STDERR] 2025-11-04 18:20:02,782 - gleitzeit.workers.signal_worker - INFO - Processing registry entry: workflow=workflow-72d17d06-2a7c-4814-9916-9321dfc74316, signal=workflow-completed
[2025-11-04 18:20:02] [STDERR] 2025-11-04 18:20:02,782 - gleitzeit.workers.signal_worker - INFO - No waiters for signal workflow-completed in workflow workflow-72d17d06-2a7c-4814-9916-9321dfc74316 - keeping in registry
[2025-11-04 18:20:02] [STDERR] 2025-11-04 18:20:02,782 - gleitzeit.workers.signal_worker - INFO - Processing registry entry: workflow=workflow-72d17d06-2a7c-4814-9916-9321dfc74316, signal=processing-complete
[2025-11-04 18:20:02] [STDERR] 2025-11-04 18:20:02,782 - gleitzeit.workers.signal_worker - INFO - No waiters for signal processing-complete in workflow workflow-72d17d06-2a7c-4814-9916-9321dfc74316 - keeping in registry
[2025-11-04 18:20:03] [STDERR] 2025-11-04 18:20:03,288 - gleitzeit.workers.signal_worker - INFO - SignalWorker found 2 signals in global registry
[2025-11-04 18:20:03] [STDERR] 2025-11-04 18:20:03,288 - gleitzeit.workers.signal_worker - INFO - Processing registry entry: workflow=workflow-72d17d06-2a7c-4814-9916-9321dfc74316, signal=workflow-completed
[2025-11-04 18:20:03] [STDERR] 2025-11-04 18:20:03,288 - gleitzeit.workers.signal_worker - INFO - No waiters for signal workflow-completed in workflow workflow-72d17d06-2a7c-4814-9916-9321dfc74316 - keeping in registry
[2025-11-04 18:20:03] [STDERR] 2025-11-04 18:20:03,288 - gleitzeit.workers.signal_worker - INFO - Processing registry entry: workflow=workflow-72d17d06-2a7c-4814-9916-9321dfc74316, signal=processing-complete
[2025-11-04 18:20:03] [STDERR] 2025-11-04 18:20:03,288 - gleitzeit.workers.signal_worker - INFO - No waiters for signal processing-complete in workflow workflow-72d17d06-2a7c-4814-9916-9321dfc74316 - keeping in registry
[2025-11-04 18:20:03] [STDERR] 2025-11-04 18:20:03,804 - gleitzeit.workers.signal_worker - INFO - SignalWorker found 2 signals in global registry
[2025-11-04 18:20:03] [STDERR] 2025-11-04 18:20:03,804 - gleitzeit.workers.signal_worker - INFO - Processing registry entry: workflow=workflow-72d17d06-2a7c-4814-9916-9321dfc74316, signal=workflow-completed
[2025-11-04 18:20:03] [STDERR] 2025-11-04 18:20:03,805 - gleitzeit.workers.signal_worker - INFO - No waiters for signal workflow-completed in workflow workflow-72d17d06-2a7c-4814-9916-9321dfc74316 - keeping in registry
[2025-11-04 18:20:03] [STDERR] 2025-11-04 18:20:03,805 - gleitzeit.workers.signal_worker - INFO - Processing registry entry: workflow=workflow-72d17d06-2a7c-4814-9916-9321dfc74316, signal=processing-complete
[2025-11-04 18:20:03] [STDERR] 2025-11-04 18:20:03,805 - gleitzeit.workers.signal_worker - INFO - No waiters for signal processing-complete in workflow workflow-72d17d06-2a7c-4814-9916-9321dfc74316 - keeping in registry
[2025-11-04 18:20:04] [STDERR] 2025-11-04 18:20:04,316 - gleitzeit.workers.signal_worker - INFO - SignalWorker found 2 signals in global registry
[2025-11-04 18:20:04] [STDERR] 2025-11-04 18:20:04,316 - gleitzeit.workers.signal_worker - INFO - Processing registry entry: workflow=workflow-72d17d06-2a7c-4814-9916-9321dfc74316, signal=workflow-completed
[2025-11-04 18:20:04] [STDERR] 2025-11-04 18:20:04,316 - gleitzeit.workers.signal_worker - INFO - No waiters for signal workflow-completed in workflow workflow-72d17d06-2a7c-4814-9916-9321dfc74316 - keeping in registry
[2025-11-04 18:20:04] [STDERR] 2025-11-04 18:20:04,316 - gleitzeit.workers.signal_worker - INFO - Processing registry entry: workflow=workflow-72d17d06-2a7c-4814-9916-9321dfc74316, signal=processing-complete
[2025-11-04 18:20:04] [STDERR] 2025-11-04 18:20:04,316 - gleitzeit.workers.signal_worker - INFO - No waiters for signal processing-complete in workflow workflow-72d17d06-2a7c-4814-9916-9321dfc74316 - keeping in registry
[2025-11-04 18:20:04] [STDERR] 2025-11-04 18:20:04,834 - gleitzeit.workers.signal_worker - INFO - SignalWorker found 2 signals in global registry
[2025-11-04 18:20:04] [STDERR] 2025-11-04 18:20:04,834 - gleitzeit.workers.signal_worker - INFO - Processing registry entry: workflow=workflow-72d17d06-2a7c-4814-9916-9321dfc74316, signal=workflow-completed
[2025-11-04 18:20:04] [STDERR] 2025-11-04 18:20:04,834 - gleitzeit.workers.signal_worker - INFO - No waiters for signal workflow-completed in workflow workflow-72d17d06-2a7c-4814-9916-9321dfc74316 - keeping in registry
[2025-11-04 18:20:04] [STDERR] 2025-11-04 18:20:04,834 - gleitzeit.workers.signal_worker - INFO - Processing registry entry: workflow=workflow-72d17d06-2a7c-4814-9916-9321dfc74316, signal=processing-complete
[2025-11-04 18:20:04] [STDERR] 2025-11-04 18:20:04,834 - gleitzeit.workers.signal_worker - INFO - No waiters for signal processing-complete in workflow workflow-72d17d06-2a7c-4814-9916-9321dfc74316 - keeping in registry
[2025-11-04 18:20:05] [STDERR] 2025-11-04 18:20:05,341 - gleitzeit.workers.signal_worker - INFO - SignalWorker found 2 signals in global registry
[2025-11-04 18:20:05] [STDERR] 2025-11-04 18:20:05,341 - gleitzeit.workers.signal_worker - INFO - Processing registry entry: workflow=workflow-72d17d06-2a7c-4814-9916-9321dfc74316, signal=workflow-completed
[2025-11-04 18:20:05] [STDERR] 2025-11-04 18:20:05,341 - gleitzeit.workers.signal_worker - INFO - No waiters for signal workflow-completed in workflow workflow-72d17d06-2a7c-4814-9916-9321dfc74316 - keeping in registry
[2025-11-04 18:20:05] [STDERR] 2025-11-04 18:20:05,341 - gleitzeit.workers.signal_worker - INFO - Processing registry entry: workflow=workflow-72d17d06-2a7c-4814-9916-9321dfc74316, signal=processing-complete
[2025-11-04 18:20:05] [STDERR] 2025-11-04 18:20:05,341 - gleitzeit.workers.signal_worker - INFO - No waiters for signal processing-complete in workflow workflow-72d17d06-2a7c-4814-9916-9321dfc74316 - keeping in registry
[2025-11-04 18:20:05] [STDERR] 2025-11-04 18:20:05,855 - gleitzeit.workers.signal_worker - INFO - SignalWorker found 2 signals in global registry
[2025-11-04 18:20:05] [STDERR] 2025-11-04 18:20:05,855 - gleitzeit.workers.signal_worker - INFO - Processing registry entry: workflow=workflow-72d17d06-2a7c-4814-9916-9321dfc74316, signal=workflow-completed
[2025-11-04 18:20:05] [STDERR] 2025-11-04 18:20:05,856 - gleitzeit.workers.signal_worker - INFO - No waiters for signal workflow-completed in workflow workflow-72d17d06-2a7c-4814-9916-9321dfc74316 - keeping in registry
[2025-11-04 18:20:05] [STDERR] 2025-11-04 18:20:05,856 - gleitzeit.workers.signal_worker - INFO - Processing registry entry: workflow=workflow-72d17d06-2a7c-4814-9916-9321dfc74316, signal=processing-complete
[2025-11-04 18:20:05] [STDERR] 2025-11-04 18:20:05,856 - gleitzeit.workers.signal_worker - INFO - No waiters for signal processing-complete in workflow workflow-72d17d06-2a7c-4814-9916-9321dfc74316 - keeping in registry
[2025-11-04 18:20:06] [STDERR] 2025-11-04 18:20:06,356 - gleitzeit.workers.signal_worker - INFO - Signal processing loop iteration 360
[2025-11-04 18:20:06] [STDERR] 2025-11-04 18:20:06,361 - gleitzeit.workers.signal_worker - INFO - SignalWorker found 2 signals in global registry
[2025-11-04 18:20:06] [STDERR] 2025-11-04 18:20:06,361 - gleitzeit.workers.signal_worker - INFO - Processing registry entry: workflow=workflow-72d17d06-2a7c-4814-9916-9321dfc74316, signal=workflow-completed
[2025-11-04 18:20:06] [STDERR] 2025-11-04 18:20:06,361 - gleitzeit.workers.signal_worker - INFO - No waiters for signal workflow-completed in workflow workflow-72d17d06-2a7c-4814-9916-9321dfc74316 - keeping in registry
[2025-11-04 18:20:06] [STDERR] 2025-11-04 18:20:06,361 - gleitzeit.workers.signal_worker - INFO - Processing registry entry: workflow=workflow-72d17d06-2a7c-4814-9916-9321dfc74316, signal=processing-complete
[2025-11-04 18:20:06] [STDERR] 2025-11-04 18:20:06,361 - gleitzeit.workers.signal_worker - INFO - No waiters for signal processing-complete in workflow workflow-72d17d06-2a7c-4814-9916-9321dfc74316 - keeping in registry
[2025-11-04 18:20:06] [STDERR] 2025-11-04 18:20:06,868 - gleitzeit.workers.signal_worker - INFO - SignalWorker found 2 signals in global registry
[2025-11-04 18:20:06] [STDERR] 2025-11-04 18:20:06,868 - gleitzeit.workers.signal_worker - INFO - Processing registry entry: workflow=workflow-72d17d06-2a7c-4814-9916-9321dfc74316, signal=workflow-completed
[2025-11-04 18:20:06] [STDERR] 2025-11-04 18:20:06,869 - gleitzeit.workers.signal_worker - INFO - No waiters for signal workflow-completed in workflow workflow-72d17d06-2a7c-4814-9916-9321dfc74316 - keeping in registry
[2025-11-04 18:20:06] [STDERR] 2025-11-04 18:20:06,869 - gleitzeit.workers.signal_worker - INFO - Processing registry entry: workflow=workflow-72d17d06-2a7c-4814-9916-9321dfc74316, signal=processing-complete
[2025-11-04 18:20:06] [STDERR] 2025-11-04 18:20:06,869 - gleitzeit.workers.signal_worker - INFO - No waiters for signal processing-complete in workflow workflow-72d17d06-2a7c-4814-9916-9321dfc74316 - keeping in registry
[2025-11-04 18:20:07] [STDERR] 2025-11-04 18:20:07,380 - gleitzeit.workers.signal_worker - INFO - SignalWorker found 2 signals in global registry
[2025-11-04 18:20:07] [STDERR] 2025-11-04 18:20:07,380 - gleitzeit.workers.signal_worker - INFO - Processing registry entry: workflow=workflow-72d17d06-2a7c-4814-9916-9321dfc74316, signal=workflow-completed
[2025-11-04 18:20:07] [STDERR] 2025-11-04 18:20:07,380 - gleitzeit.workers.signal_worker - INFO - No waiters for signal workflow-completed in workflow workflow-72d17d06-2a7c-4814-9916-9321dfc74316 - keeping in registry
[2025-11-04 18:20:07] [STDERR] 2025-11-04 18:20:07,380 - gleitzeit.workers.signal_worker - INFO - Processing registry entry: workflow=workflow-72d17d06-2a7c-4814-9916-9321dfc74316, signal=processing-complete
[2025-11-04 18:20:07] [STDERR] 2025-11-04 18:20:07,380 - gleitzeit.workers.signal_worker - INFO - No waiters for signal processing-complete in workflow workflow-72d17d06-2a7c-4814-9916-9321dfc74316 - keeping in registry
[2025-11-04 18:20:07] [STDERR] 2025-11-04 18:20:07,889 - gleitzeit.workers.signal_worker - INFO - SignalWorker found 2 signals in global registry
[2025-11-04 18:20:07] [STDERR] 2025-11-04 18:20:07,889 - gleitzeit.workers.signal_worker - INFO - Processing registry entry: workflow=workflow-72d17d06-2a7c-4814-9916-9321dfc74316, signal=workflow-completed
[2025-11-04 18:20:07] [STDERR] 2025-11-04 18:20:07,890 - gleitzeit.workers.signal_worker - INFO - No waiters for signal workflow-completed in workflow workflow-72d17d06-2a7c-4814-9916-9321dfc74316 - keeping in registry
[2025-11-04 18:20:07] [STDERR] 2025-11-04 18:20:07,890 - gleitzeit.workers.signal_worker - INFO - Processing registry entry: workflow=workflow-72d17d06-2a7c-4814-9916-9321dfc74316, signal=processing-complete
[2025-11-04 18:20:07] [STDERR] 2025-11-04 18:20:07,890 - gleitzeit.workers.signal_worker - INFO - No waiters for signal processing-complete in workflow workflow-72d17d06-2a7c-4814-9916-9321dfc74316 - keeping in registry
[2025-11-04 18:20:08] [STDERR] 2025-11-04 18:20:08,407 - gleitzeit.workers.signal_worker - INFO - SignalWorker found 2 signals in global registry
[2025-11-04 18:20:08] [STDERR] 2025-11-04 18:20:08,407 - gleitzeit.workers.signal_worker - INFO - Processing registry entry: workflow=workflow-72d17d06-2a7c-4814-9916-9321dfc74316, signal=workflow-completed
[2025-11-04 18:20:08] [STDERR] 2025-11-04 18:20:08,407 - gleitzeit.workers.signal_worker - INFO - No waiters for signal workflow-completed in workflow workflow-72d17d06-2a7c-4814-9916-9321dfc74316 - keeping in registry
[2025-11-04 18:20:08] [STDERR] 2025-11-04 18:20:08,407 - gleitzeit.workers.signal_worker - INFO - Processing registry entry: workflow=workflow-72d17d06-2a7c-4814-9916-9321dfc74316, signal=processing-complete
[2025-11-04 18:20:08] [STDERR] 2025-11-04 18:20:08,407 - gleitzeit.workers.signal_worker - INFO - No waiters for signal processing-complete in workflow workflow-72d17d06-2a7c-4814-9916-9321dfc74316 - keeping in registry
[2025-11-04 18:20:08] [STDERR] 2025-11-04 18:20:08,920 - gleitzeit.workers.signal_worker - INFO - SignalWorker found 2 signals in global registry
[2025-11-04 18:20:08] [STDERR] 2025-11-04 18:20:08,921 - gleitzeit.workers.signal_worker - INFO - Processing registry entry: workflow=workflow-72d17d06-2a7c-4814-9916-9321dfc74316, signal=workflow-completed
[2025-11-04 18:20:08] [STDERR] 2025-11-04 18:20:08,921 - gleitzeit.workers.signal_worker - INFO - No waiters for signal workflow-completed in workflow workflow-72d17d06-2a7c-4814-9916-9321dfc74316 - keeping in registry
[2025-11-04 18:20:08] [STDERR] 2025-11-04 18:20:08,921 - gleitzeit.workers.signal_worker - INFO - Processing registry entry: workflow=workflow-72d17d06-2a7c-4814-9916-9321dfc74316, signal=processing-complete
[2025-11-04 18:20:08] [STDERR] 2025-11-04 18:20:08,921 - gleitzeit.workers.signal_worker - INFO - No waiters for signal processing-complete in workflow workflow-72d17d06-2a7c-4814-9916-9321dfc74316 - keeping in registry
[2025-11-04 18:20:09] [STDERR] 2025-11-04 18:20:09,434 - gleitzeit.workers.signal_worker - INFO - SignalWorker found 2 signals in global registry
[2025-11-04 18:20:09] [STDERR] 2025-11-04 18:20:09,434 - gleitzeit.workers.signal_worker - INFO - Processing registry entry: workflow=workflow-72d17d06-2a7c-4814-9916-9321dfc74316, signal=workflow-completed
[2025-11-04 18:20:09] [STDERR] 2025-11-04 18:20:09,434 - gleitzeit.workers.signal_worker - INFO - No waiters for signal workflow-completed in workflow workflow-72d17d06-2a7c-4814-9916-9321dfc74316 - keeping in registry
[2025-11-04 18:20:09] [STDERR] 2025-11-04 18:20:09,434 - gleitzeit.workers.signal_worker - INFO - Processing registry entry: workflow=workflow-72d17d06-2a7c-4814-9916-9321dfc74316, signal=processing-complete
[2025-11-04 18:20:09] [STDERR] 2025-11-04 18:20:09,434 - gleitzeit.workers.signal_worker - INFO - No waiters for signal processing-complete in workflow workflow-72d17d06-2a7c-4814-9916-9321dfc74316 - keeping in registry
[2025-11-04 18:20:09] [STDERR] 2025-11-04 18:20:09,946 - gleitzeit.workers.signal_worker - INFO - SignalWorker found 2 signals in global registry
[2025-11-04 18:20:09] [STDERR] 2025-11-04 18:20:09,946 - gleitzeit.workers.signal_worker - INFO - Processing registry entry: workflow=workflow-72d17d06-2a7c-4814-9916-9321dfc74316, signal=workflow-completed
[2025-11-04 18:20:09] [STDERR] 2025-11-04 18:20:09,947 - gleitzeit.workers.signal_worker - INFO - No waiters for signal workflow-completed in workflow workflow-72d17d06-2a7c-4814-9916-9321dfc74316 - keeping in registry
[2025-11-04 18:20:09] [STDERR] 2025-11-04 18:20:09,947 - gleitzeit.workers.signal_worker - INFO - Processing registry entry: workflow=workflow-72d17d06-2a7c-4814-9916-9321dfc74316, signal=processing-complete
[2025-11-04 18:20:09] [STDERR] 2025-11-04 18:20:09,947 - gleitzeit.workers.signal_worker - INFO - No waiters for signal processing-complete in workflow workflow-72d17d06-2a7c-4814-9916-9321dfc74316 - keeping in registry
[2025-11-04 18:20:10] [STDERR] 2025-11-04 18:20:10,455 - gleitzeit.workers.signal_worker - INFO - SignalWorker found 2 signals in global registry
[2025-11-04 18:20:10] [STDERR] 2025-11-04 18:20:10,455 - gleitzeit.workers.signal_worker - INFO - Processing registry entry: workflow=workflow-72d17d06-2a7c-4814-9916-9321dfc74316, signal=workflow-completed
[2025-11-04 18:20:10] [STDERR] 2025-11-04 18:20:10,455 - gleitzeit.workers.signal_worker - INFO - No waiters for signal workflow-completed in workflow workflow-72d17d06-2a7c-4814-9916-9321dfc74316 - keeping in registry
[2025-11-04 18:20:10] [STDERR] 2025-11-04 18:20:10,455 - gleitzeit.workers.signal_worker - INFO - Processing registry entry: workflow=workflow-72d17d06-2a7c-4814-9916-9321dfc74316, signal=processing-complete
[2025-11-04 18:20:10] [STDERR] 2025-11-04 18:20:10,455 - gleitzeit.workers.signal_worker - INFO - No waiters for signal processing-complete in workflow workflow-72d17d06-2a7c-4814-9916-9321dfc74316 - keeping in registry
[2025-11-04 18:20:10] [STDERR] 2025-11-04 18:20:10,963 - gleitzeit.workers.signal_worker - INFO - SignalWorker found 2 signals in global registry
[2025-11-04 18:20:10] [STDERR] 2025-11-04 18:20:10,963 - gleitzeit.workers.signal_worker - INFO - Processing registry entry: workflow=workflow-72d17d06-2a7c-4814-9916-9321dfc74316, signal=workflow-completed
[2025-11-04 18:20:10] [STDERR] 2025-11-04 18:20:10,963 - gleitzeit.workers.signal_worker - INFO - No waiters for signal workflow-completed in workflow workflow-72d17d06-2a7c-4814-9916-9321dfc74316 - keeping in registry
[2025-11-04 18:20:10] [STDERR] 2025-11-04 18:20:10,963 - gleitzeit.workers.signal_worker - INFO - Processing registry entry: workflow=workflow-72d17d06-2a7c-4814-9916-9321dfc74316, signal=processing-complete
[2025-11-04 18:20:10] [STDERR] 2025-11-04 18:20:10,963 - gleitzeit.workers.signal_worker - INFO - No waiters for signal processing-complete in workflow workflow-72d17d06-2a7c-4814-9916-9321dfc74316 - keeping in registry
[2025-11-04 18:20:11] [STDERR] 2025-11-04 18:20:11,474 - gleitzeit.workers.signal_worker - INFO - SignalWorker found 2 signals in global registry
[2025-11-04 18:20:11] [STDERR] 2025-11-04 18:20:11,474 - gleitzeit.workers.signal_worker - INFO - Processing registry entry: workflow=workflow-72d17d06-2a7c-4814-9916-9321dfc74316, signal=workflow-completed
[2025-11-04 18:20:11] [STDERR] 2025-11-04 18:20:11,474 - gleitzeit.workers.signal_worker - INFO - No waiters for signal workflow-completed in workflow workflow-72d17d06-2a7c-4814-9916-9321dfc74316 - keeping in registry
[2025-11-04 18:20:11] [STDERR] 2025-11-04 18:20:11,474 - gleitzeit.workers.signal_worker - INFO - Processing registry entry: workflow=workflow-72d17d06-2a7c-4814-9916-9321dfc74316, signal=processing-complete
[2025-11-04 18:20:11] [STDERR] 2025-11-04 18:20:11,474 - gleitzeit.workers.signal_worker - INFO - No waiters for signal processing-complete in workflow workflow-72d17d06-2a7c-4814-9916-9321dfc74316 - keeping in registry
[2025-11-04 18:20:11] [STDERR] 2025-11-04 18:20:11,981 - gleitzeit.workers.signal_worker - INFO - SignalWorker found 2 signals in global registry
[2025-11-04 18:20:11] [STDERR] 2025-11-04 18:20:11,981 - gleitzeit.workers.signal_worker - INFO - Processing registry entry: workflow=workflow-72d17d06-2a7c-4814-9916-9321dfc74316, signal=workflow-completed
[2025-11-04 18:20:11] [STDERR] 2025-11-04 18:20:11,981 - gleitzeit.workers.signal_worker - INFO - No waiters for signal workflow-completed in workflow workflow-72d17d06-2a7c-4814-9916-9321dfc74316 - keeping in registry
[2025-11-04 18:20:11] [STDERR] 2025-11-04 18:20:11,981 - gleitzeit.workers.signal_worker - INFO - Processing registry entry: workflow=workflow-72d17d06-2a7c-4814-9916-9321dfc74316, signal=processing-complete
[2025-11-04 18:20:11] [STDERR] 2025-11-04 18:20:11,982 - gleitzeit.workers.signal_worker - INFO - No waiters for signal processing-complete in workflow workflow-72d17d06-2a7c-4814-9916-9321dfc74316 - keeping in registry
[2025-11-04 18:20:12] [STDERR] 2025-11-04 18:20:12,494 - gleitzeit.workers.signal_worker - INFO - SignalWorker found 2 signals in global registry
[2025-11-04 18:20:12] [STDERR] 2025-11-04 18:20:12,494 - gleitzeit.workers.signal_worker - INFO - Processing registry entry: workflow=workflow-72d17d06-2a7c-4814-9916-9321dfc74316, signal=workflow-completed
[2025-11-04 18:20:12] [STDERR] 2025-11-04 18:20:12,494 - gleitzeit.workers.signal_worker - INFO - No waiters for signal workflow-completed in workflow workflow-72d17d06-2a7c-4814-9916-9321dfc74316 - keeping in registry
[2025-11-04 18:20:12] [STDERR] 2025-11-04 18:20:12,494 - gleitzeit.workers.signal_worker - INFO - Processing registry entry: workflow=workflow-72d17d06-2a7c-4814-9916-9321dfc74316, signal=processing-complete
[2025-11-04 18:20:12] [STDERR] 2025-11-04 18:20:12,494 - gleitzeit.workers.signal_worker - INFO - No waiters for signal processing-complete in workflow workflow-72d17d06-2a7c-4814-9916-9321dfc74316 - keeping in registry
[2025-11-04 18:20:13] [STDERR] 2025-11-04 18:20:13,000 - gleitzeit.workers.signal_worker - INFO - SignalWorker found 2 signals in global registry
[2025-11-04 18:20:13] [STDERR] 2025-11-04 18:20:13,000 - gleitzeit.workers.signal_worker - INFO - Processing registry entry: workflow=workflow-72d17d06-2a7c-4814-9916-9321dfc74316, signal=workflow-completed
[2025-11-04 18:20:13] [STDERR] 2025-11-04 18:20:13,000 - gleitzeit.workers.signal_worker - INFO - No waiters for signal workflow-completed in workflow workflow-72d17d06-2a7c-4814-9916-9321dfc74316 - keeping in registry
[2025-11-04 18:20:13] [STDERR] 2025-11-04 18:20:13,000 - gleitzeit.workers.signal_worker - INFO - Processing registry entry: workflow=workflow-72d17d06-2a7c-4814-9916-9321dfc74316, signal=processing-complete
[2025-11-04 18:20:13] [STDERR] 2025-11-04 18:20:13,000 - gleitzeit.workers.signal_worker - INFO - No waiters for signal processing-complete in workflow workflow-72d17d06-2a7c-4814-9916-9321dfc74316 - keeping in registry
[2025-11-04 18:20:13] [STDERR] 2025-11-04 18:20:13,516 - gleitzeit.workers.signal_worker - INFO - SignalWorker found 2 signals in global registry
[2025-11-04 18:20:13] [STDERR] 2025-11-04 18:20:13,516 - gleitzeit.workers.signal_worker - INFO - Processing registry entry: workflow=workflow-72d17d06-2a7c-4814-9916-9321dfc74316, signal=workflow-completed
[2025-11-04 18:20:13] [STDERR] 2025-11-04 18:20:13,516 - gleitzeit.workers.signal_worker - INFO - No waiters for signal workflow-completed in workflow workflow-72d17d06-2a7c-4814-9916-9321dfc74316 - keeping in registry
[2025-11-04 18:20:13] [STDERR] 2025-11-04 18:20:13,516 - gleitzeit.workers.signal_worker - INFO - Processing registry entry: workflow=workflow-72d17d06-2a7c-4814-9916-9321dfc74316, signal=processing-complete
[2025-11-04 18:20:13] [STDERR] 2025-11-04 18:20:13,516 - gleitzeit.workers.signal_worker - INFO - No waiters for signal processing-complete in workflow workflow-72d17d06-2a7c-4814-9916-9321dfc74316 - keeping in registry
[2025-11-04 18:20:14] [STDERR] 2025-11-04 18:20:14,024 - gleitzeit.workers.signal_worker - INFO - SignalWorker found 2 signals in global registry
[2025-11-04 18:20:14] [STDERR] 2025-11-04 18:20:14,024 - gleitzeit.workers.signal_worker - INFO - Processing registry entry: workflow=workflow-72d17d06-2a7c-4814-9916-9321dfc74316, signal=workflow-completed
[2025-11-04 18:20:14] [STDERR] 2025-11-04 18:20:14,024 - gleitzeit.workers.signal_worker - INFO - No waiters for signal workflow-completed in workflow workflow-72d17d06-2a7c-4814-9916-9321dfc74316 - keeping in registry
[2025-11-04 18:20:14] [STDERR] 2025-11-04 18:20:14,024 - gleitzeit.workers.signal_worker - INFO - Processing registry entry: workflow=workflow-72d17d06-2a7c-4814-9916-9321dfc74316, signal=processing-complete
[2025-11-04 18:20:14] [STDERR] 2025-11-04 18:20:14,024 - gleitzeit.workers.signal_worker - INFO - No waiters for signal processing-complete in workflow workflow-72d17d06-2a7c-4814-9916-9321dfc74316 - keeping in registry
[2025-11-04 18:20:14] [STDERR] 2025-11-04 18:20:14,540 - gleitzeit.workers.signal_worker - INFO - SignalWorker found 2 signals in global registry
[2025-11-04 18:20:14] [STDERR] 2025-11-04 18:20:14,541 - gleitzeit.workers.signal_worker - INFO - Processing registry entry: workflow=workflow-72d17d06-2a7c-4814-9916-9321dfc74316, signal=workflow-completed
[2025-11-04 18:20:14] [STDERR] 2025-11-04 18:20:14,541 - gleitzeit.workers.signal_worker - INFO - No waiters for signal workflow-completed in workflow workflow-72d17d06-2a7c-4814-9916-9321dfc74316 - keeping in registry
[2025-11-04 18:20:14] [STDERR] 2025-11-04 18:20:14,541 - gleitzeit.workers.signal_worker - INFO - Processing registry entry: workflow=workflow-72d17d06-2a7c-4814-9916-9321dfc74316, signal=processing-complete
[2025-11-04 18:20:14] [STDERR] 2025-11-04 18:20:14,541 - gleitzeit.workers.signal_worker - INFO - No waiters for signal processing-complete in workflow workflow-72d17d06-2a7c-4814-9916-9321dfc74316 - keeping in registry
[2025-11-04 18:20:15] [STDERR] 2025-11-04 18:20:15,054 - gleitzeit.workers.signal_worker - INFO - SignalWorker found 2 signals in global registry
[2025-11-04 18:20:15] [STDERR] 2025-11-04 18:20:15,054 - gleitzeit.workers.signal_worker - INFO - Processing registry entry: workflow=workflow-72d17d06-2a7c-4814-9916-9321dfc74316, signal=workflow-completed
[2025-11-04 18:20:15] [STDERR] 2025-11-04 18:20:15,054 - gleitzeit.workers.signal_worker - INFO - No waiters for signal workflow-completed in workflow workflow-72d17d06-2a7c-4814-9916-9321dfc74316 - keeping in registry
[2025-11-04 18:20:15] [STDERR] 2025-11-04 18:20:15,054 - gleitzeit.workers.signal_worker - INFO - Processing registry entry: workflow=workflow-72d17d06-2a7c-4814-9916-9321dfc74316, signal=processing-complete
[2025-11-04 18:20:15] [STDERR] 2025-11-04 18:20:15,055 - gleitzeit.workers.signal_worker - INFO - No waiters for signal processing-complete in workflow workflow-72d17d06-2a7c-4814-9916-9321dfc74316 - keeping in registry
[2025-11-04 18:20:15] [STDERR] 2025-11-04 18:20:15,565 - gleitzeit.workers.signal_worker - INFO - SignalWorker found 2 signals in global registry
[2025-11-04 18:20:15] [STDERR] 2025-11-04 18:20:15,565 - gleitzeit.workers.signal_worker - INFO - Processing registry entry: workflow=workflow-72d17d06-2a7c-4814-9916-9321dfc74316, signal=workflow-completed
[2025-11-04 18:20:15] [STDERR] 2025-11-04 18:20:15,566 - gleitzeit.workers.signal_worker - INFO - No waiters for signal workflow-completed in workflow workflow-72d17d06-2a7c-4814-9916-9321dfc74316 - keeping in registry
[2025-11-04 18:20:15] [STDERR] 2025-11-04 18:20:15,566 - gleitzeit.workers.signal_worker - INFO - Processing registry entry: workflow=workflow-72d17d06-2a7c-4814-9916-9321dfc74316, signal=processing-complete
[2025-11-04 18:20:15] [STDERR] 2025-11-04 18:20:15,566 - gleitzeit.workers.signal_worker - INFO - No waiters for signal processing-complete in workflow workflow-72d17d06-2a7c-4814-9916-9321dfc74316 - keeping in registry
[2025-11-04 18:20:16] [STDERR] 2025-11-04 18:20:16,081 - gleitzeit.workers.signal_worker - INFO - SignalWorker found 2 signals in global registry
[2025-11-04 18:20:16] [STDERR] 2025-11-04 18:20:16,081 - gleitzeit.workers.signal_worker - INFO - Processing registry entry: workflow=workflow-72d17d06-2a7c-4814-9916-9321dfc74316, signal=workflow-completed
[2025-11-04 18:20:16] [STDERR] 2025-11-04 18:20:16,081 - gleitzeit.workers.signal_worker - INFO - No waiters for signal workflow-completed in workflow workflow-72d17d06-2a7c-4814-9916-9321dfc74316 - keeping in registry
[2025-11-04 18:20:16] [STDERR] 2025-11-04 18:20:16,081 - gleitzeit.workers.signal_worker - INFO - Processing registry entry: workflow=workflow-72d17d06-2a7c-4814-9916-9321dfc74316, signal=processing-complete
[2025-11-04 18:20:16] [STDERR] 2025-11-04 18:20:16,081 - gleitzeit.workers.signal_worker - INFO - No waiters for signal processing-complete in workflow workflow-72d17d06-2a7c-4814-9916-9321dfc74316 - keeping in registry
[2025-11-04 18:20:16] [STDERR] 2025-11-04 18:20:16,582 - gleitzeit.workers.signal_worker - INFO - Signal processing loop iteration 380
[2025-11-04 18:20:16] [STDERR] 2025-11-04 18:20:16,592 - gleitzeit.workers.signal_worker - INFO - SignalWorker found 2 signals in global registry
[2025-11-04 18:20:16] [STDERR] 2025-11-04 18:20:16,592 - gleitzeit.workers.signal_worker - INFO - Processing registry entry: workflow=workflow-72d17d06-2a7c-4814-9916-9321dfc74316, signal=workflow-completed
[2025-11-04 18:20:16] [STDERR] 2025-11-04 18:20:16,592 - gleitzeit.workers.signal_worker - INFO - No waiters for signal workflow-completed in workflow workflow-72d17d06-2a7c-4814-9916-9321dfc74316 - keeping in registry
[2025-11-04 18:20:16] [STDERR] 2025-11-04 18:20:16,592 - gleitzeit.workers.signal_worker - INFO - Processing registry entry: workflow=workflow-72d17d06-2a7c-4814-9916-9321dfc74316, signal=processing-complete
[2025-11-04 18:20:16] [STDERR] 2025-11-04 18:20:16,592 - gleitzeit.workers.signal_worker - INFO - No waiters for signal processing-complete in workflow workflow-72d17d06-2a7c-4814-9916-9321dfc74316 - keeping in registry
[2025-11-04 18:20:17] [STDERR] 2025-11-04 18:20:17,104 - gleitzeit.workers.signal_worker - INFO - SignalWorker found 2 signals in global registry
[2025-11-04 18:20:17] [STDERR] 2025-11-04 18:20:17,104 - gleitzeit.workers.signal_worker - INFO - Processing registry entry: workflow=workflow-72d17d06-2a7c-4814-9916-9321dfc74316, signal=workflow-completed
[2025-11-04 18:20:17] [STDERR] 2025-11-04 18:20:17,104 - gleitzeit.workers.signal_worker - INFO - No waiters for signal workflow-completed in workflow workflow-72d17d06-2a7c-4814-9916-9321dfc74316 - keeping in registry
[2025-11-04 18:20:17] [STDERR] 2025-11-04 18:20:17,104 - gleitzeit.workers.signal_worker - INFO - Processing registry entry: workflow=workflow-72d17d06-2a7c-4814-9916-9321dfc74316, signal=processing-complete
[2025-11-04 18:20:17] [STDERR] 2025-11-04 18:20:17,105 - gleitzeit.workers.signal_worker - INFO - No waiters for signal processing-complete in workflow workflow-72d17d06-2a7c-4814-9916-9321dfc74316 - keeping in registry
[2025-11-04 18:20:17] [STDERR] 2025-11-04 18:20:17,614 - gleitzeit.workers.signal_worker - INFO - SignalWorker found 2 signals in global registry
[2025-11-04 18:20:17] [STDERR] 2025-11-04 18:20:17,614 - gleitzeit.workers.signal_worker - INFO - Processing registry entry: workflow=workflow-72d17d06-2a7c-4814-9916-9321dfc74316, signal=workflow-completed
[2025-11-04 18:20:17] [STDERR] 2025-11-04 18:20:17,614 - gleitzeit.workers.signal_worker - INFO - No waiters for signal workflow-completed in workflow workflow-72d17d06-2a7c-4814-9916-9321dfc74316 - keeping in registry
[2025-11-04 18:20:17] [STDERR] 2025-11-04 18:20:17,614 - gleitzeit.workers.signal_worker - INFO - Processing registry entry: workflow=workflow-72d17d06-2a7c-4814-9916-9321dfc74316, signal=processing-complete
[2025-11-04 18:20:17] [STDERR] 2025-11-04 18:20:17,614 - gleitzeit.workers.signal_worker - INFO - No waiters for signal processing-complete in workflow workflow-72d17d06-2a7c-4814-9916-9321dfc74316 - keeping in registry
[2025-11-04 18:20:18] [STDERR] 2025-11-04 18:20:18,131 - gleitzeit.workers.signal_worker - INFO - SignalWorker found 2 signals in global registry
[2025-11-04 18:20:18] [STDERR] 2025-11-04 18:20:18,131 - gleitzeit.workers.signal_worker - INFO - Processing registry entry: workflow=workflow-72d17d06-2a7c-4814-9916-9321dfc74316, signal=workflow-completed
[2025-11-04 18:20:18] [STDERR] 2025-11-04 18:20:18,131 - gleitzeit.workers.signal_worker - INFO - No waiters for signal workflow-completed in workflow workflow-72d17d06-2a7c-4814-9916-9321dfc74316 - keeping in registry
[2025-11-04 18:20:18] [STDERR] 2025-11-04 18:20:18,131 - gleitzeit.workers.signal_worker - INFO - Processing registry entry: workflow=workflow-72d17d06-2a7c-4814-9916-9321dfc74316, signal=processing-complete
[2025-11-04 18:20:18] [STDERR] 2025-11-04 18:20:18,132 - gleitzeit.workers.signal_worker - INFO - No waiters for signal processing-complete in workflow workflow-72d17d06-2a7c-4814-9916-9321dfc74316 - keeping in registry
[2025-11-04 18:20:18] [STDERR] 2025-11-04 18:20:18,647 - gleitzeit.workers.signal_worker - INFO - SignalWorker found 2 signals in global registry
[2025-11-04 18:20:18] [STDERR] 2025-11-04 18:20:18,647 - gleitzeit.workers.signal_worker - INFO - Processing registry entry: workflow=workflow-72d17d06-2a7c-4814-9916-9321dfc74316, signal=workflow-completed
[2025-11-04 18:20:18] [STDERR] 2025-11-04 18:20:18,648 - gleitzeit.workers.signal_worker - INFO - No waiters for signal workflow-completed in workflow workflow-72d17d06-2a7c-4814-9916-9321dfc74316 - keeping in registry
[2025-11-04 18:20:18] [STDERR] 2025-11-04 18:20:18,648 - gleitzeit.workers.signal_worker - INFO - Processing registry entry: workflow=workflow-72d17d06-2a7c-4814-9916-9321dfc74316, signal=processing-complete
[2025-11-04 18:20:18] [STDERR] 2025-11-04 18:20:18,648 - gleitzeit.workers.signal_worker - INFO - No waiters for signal processing-complete in workflow workflow-72d17d06-2a7c-4814-9916-9321dfc74316 - keeping in registry
[2025-11-04 18:20:19] [STDERR] 2025-11-04 18:20:19,165 - gleitzeit.workers.signal_worker - INFO - SignalWorker found 2 signals in global registry
[2025-11-04 18:20:19] [STDERR] 2025-11-04 18:20:19,165 - gleitzeit.workers.signal_worker - INFO - Processing registry entry: workflow=workflow-72d17d06-2a7c-4814-9916-9321dfc74316, signal=workflow-completed
[2025-11-04 18:20:19] [STDERR] 2025-11-04 18:20:19,165 - gleitzeit.workers.signal_worker - INFO - No waiters for signal workflow-completed in workflow workflow-72d17d06-2a7c-4814-9916-9321dfc74316 - keeping in registry
[2025-11-04 18:20:19] [STDERR] 2025-11-04 18:20:19,165 - gleitzeit.workers.signal_worker - INFO - Processing registry entry: workflow=workflow-72d17d06-2a7c-4814-9916-9321dfc74316, signal=processing-complete
[2025-11-04 18:20:19] [STDERR] 2025-11-04 18:20:19,166 - gleitzeit.workers.signal_worker - INFO - No waiters for signal processing-complete in workflow workflow-72d17d06-2a7c-4814-9916-9321dfc74316 - keeping in registry
[2025-11-04 18:20:19] [STDERR] 2025-11-04 18:20:19,671 - gleitzeit.workers.signal_worker - INFO - SignalWorker found 2 signals in global registry
[2025-11-04 18:20:19] [STDERR] 2025-11-04 18:20:19,671 - gleitzeit.workers.signal_worker - INFO - Processing registry entry: workflow=workflow-72d17d06-2a7c-4814-9916-9321dfc74316, signal=workflow-completed
[2025-11-04 18:20:19] [STDERR] 2025-11-04 18:20:19,672 - gleitzeit.workers.signal_worker - INFO - No waiters for signal workflow-completed in workflow workflow-72d17d06-2a7c-4814-9916-9321dfc74316 - keeping in registry
[2025-11-04 18:20:19] [STDERR] 2025-11-04 18:20:19,672 - gleitzeit.workers.signal_worker - INFO - Processing registry entry: workflow=workflow-72d17d06-2a7c-4814-9916-9321dfc74316, signal=processing-complete
[2025-11-04 18:20:19] [STDERR] 2025-11-04 18:20:19,672 - gleitzeit.workers.signal_worker - INFO - No waiters for signal processing-complete in workflow workflow-72d17d06-2a7c-4814-9916-9321dfc74316 - keeping in registry
[2025-11-04 18:20:20] [STDERR] 2025-11-04 18:20:20,188 - gleitzeit.workers.signal_worker - INFO - SignalWorker found 2 signals in global registry
[2025-11-04 18:20:20] [STDERR] 2025-11-04 18:20:20,188 - gleitzeit.workers.signal_worker - INFO - Processing registry entry: workflow=workflow-72d17d06-2a7c-4814-9916-9321dfc74316, signal=workflow-completed
[2025-11-04 18:20:20] [STDERR] 2025-11-04 18:20:20,189 - gleitzeit.workers.signal_worker - INFO - No waiters for signal workflow-completed in workflow workflow-72d17d06-2a7c-4814-9916-9321dfc74316 - keeping in registry
[2025-11-04 18:20:20] [STDERR] 2025-11-04 18:20:20,189 - gleitzeit.workers.signal_worker - INFO - Processing registry entry: workflow=workflow-72d17d06-2a7c-4814-9916-9321dfc74316, signal=processing-complete
[2025-11-04 18:20:20] [STDERR] 2025-11-04 18:20:20,189 - gleitzeit.workers.signal_worker - INFO - No waiters for signal processing-complete in workflow workflow-72d17d06-2a7c-4814-9916-9321dfc74316 - keeping in registry
[2025-11-04 18:20:20] [STDERR] 2025-11-04 18:20:20,698 - gleitzeit.workers.signal_worker - INFO - SignalWorker found 2 signals in global registry
[2025-11-04 18:20:20] [STDERR] 2025-11-04 18:20:20,698 - gleitzeit.workers.signal_worker - INFO - Processing registry entry: workflow=workflow-72d17d06-2a7c-4814-9916-9321dfc74316, signal=workflow-completed
[2025-11-04 18:20:20] [STDERR] 2025-11-04 18:20:20,698 - gleitzeit.workers.signal_worker - INFO - No waiters for signal workflow-completed in workflow workflow-72d17d06-2a7c-4814-9916-9321dfc74316 - keeping in registry
[2025-11-04 18:20:20] [STDERR] 2025-11-04 18:20:20,698 - gleitzeit.workers.signal_worker - INFO - Processing registry entry: workflow=workflow-72d17d06-2a7c-4814-9916-9321dfc74316, signal=processing-complete
[2025-11-04 18:20:20] [STDERR] 2025-11-04 18:20:20,699 - gleitzeit.workers.signal_worker - INFO - No waiters for signal processing-complete in workflow workflow-72d17d06-2a7c-4814-9916-9321dfc74316 - keeping in registry
[2025-11-04 18:20:21] [STDERR] 2025-11-04 18:20:21,205 - gleitzeit.workers.signal_worker - INFO - SignalWorker found 2 signals in global registry
[2025-11-04 18:20:21] [STDERR] 2025-11-04 18:20:21,205 - gleitzeit.workers.signal_worker - INFO - Processing registry entry: workflow=workflow-72d17d06-2a7c-4814-9916-9321dfc74316, signal=workflow-completed
[2025-11-04 18:20:21] [STDERR] 2025-11-04 18:20:21,205 - gleitzeit.workers.signal_worker - INFO - No waiters for signal workflow-completed in workflow workflow-72d17d06-2a7c-4814-9916-9321dfc74316 - keeping in registry
[2025-11-04 18:20:21] [STDERR] 2025-11-04 18:20:21,205 - gleitzeit.workers.signal_worker - INFO - Processing registry entry: workflow=workflow-72d17d06-2a7c-4814-9916-9321dfc74316, signal=processing-complete
[2025-11-04 18:20:21] [STDERR] 2025-11-04 18:20:21,205 - gleitzeit.workers.signal_worker - INFO - No waiters for signal processing-complete in workflow workflow-72d17d06-2a7c-4814-9916-9321dfc74316 - keeping in registry
[2025-11-04 18:20:21] [STDERR] 2025-11-04 18:20:21,720 - gleitzeit.workers.signal_worker - INFO - SignalWorker found 2 signals in global registry
[2025-11-04 18:20:21] [STDERR] 2025-11-04 18:20:21,720 - gleitzeit.workers.signal_worker - INFO - Processing registry entry: workflow=workflow-72d17d06-2a7c-4814-9916-9321dfc74316, signal=workflow-completed
[2025-11-04 18:20:21] [STDERR] 2025-11-04 18:20:21,720 - gleitzeit.workers.signal_worker - INFO - No waiters for signal workflow-completed in workflow workflow-72d17d06-2a7c-4814-9916-9321dfc74316 - keeping in registry
[2025-11-04 18:20:21] [STDERR] 2025-11-04 18:20:21,720 - gleitzeit.workers.signal_worker - INFO - Processing registry entry: workflow=workflow-72d17d06-2a7c-4814-9916-9321dfc74316, signal=processing-complete
[2025-11-04 18:20:21] [STDERR] 2025-11-04 18:20:21,720 - gleitzeit.workers.signal_worker - INFO - No waiters for signal processing-complete in workflow workflow-72d17d06-2a7c-4814-9916-9321dfc74316 - keeping in registry
[2025-11-04 18:20:22] [STDERR] 2025-11-04 18:20:22,236 - gleitzeit.workers.signal_worker - INFO - SignalWorker found 2 signals in global registry
[2025-11-04 18:20:22] [STDERR] 2025-11-04 18:20:22,236 - gleitzeit.workers.signal_worker - INFO - Processing registry entry: workflow=workflow-72d17d06-2a7c-4814-9916-9321dfc74316, signal=workflow-completed
[2025-11-04 18:20:22] [STDERR] 2025-11-04 18:20:22,236 - gleitzeit.workers.signal_worker - INFO - No waiters for signal workflow-completed in workflow workflow-72d17d06-2a7c-4814-9916-9321dfc74316 - keeping in registry
[2025-11-04 18:20:22] [STDERR] 2025-11-04 18:20:22,236 - gleitzeit.workers.signal_worker - INFO - Processing registry entry: workflow=workflow-72d17d06-2a7c-4814-9916-9321dfc74316, signal=processing-complete
[2025-11-04 18:20:22] [STDERR] 2025-11-04 18:20:22,236 - gleitzeit.workers.signal_worker - INFO - No waiters for signal processing-complete in workflow workflow-72d17d06-2a7c-4814-9916-9321dfc74316 - keeping in registry
[2025-11-04 18:20:22] [STDERR] 2025-11-04 18:20:22,749 - gleitzeit.workers.signal_worker - INFO - SignalWorker found 2 signals in global registry
[2025-11-04 18:20:22] [STDERR] 2025-11-04 18:20:22,749 - gleitzeit.workers.signal_worker - INFO - Processing registry entry: workflow=workflow-72d17d06-2a7c-4814-9916-9321dfc74316, signal=workflow-completed
[2025-11-04 18:20:22] [STDERR] 2025-11-04 18:20:22,749 - gleitzeit.workers.signal_worker - INFO - No waiters for signal workflow-completed in workflow workflow-72d17d06-2a7c-4814-9916-9321dfc74316 - keeping in registry
[2025-11-04 18:20:22] [STDERR] 2025-11-04 18:20:22,749 - gleitzeit.workers.signal_worker - INFO - Processing registry entry: workflow=workflow-72d17d06-2a7c-4814-9916-9321dfc74316, signal=processing-complete
[2025-11-04 18:20:22] [STDERR] 2025-11-04 18:20:22,749 - gleitzeit.workers.signal_worker - INFO - No waiters for signal processing-complete in workflow workflow-72d17d06-2a7c-4814-9916-9321dfc74316 - keeping in registry
[2025-11-04 18:20:23] [STDERR] 2025-11-04 18:20:23,265 - gleitzeit.workers.signal_worker - INFO - SignalWorker found 2 signals in global registry
[2025-11-04 18:20:23] [STDERR] 2025-11-04 18:20:23,266 - gleitzeit.workers.signal_worker - INFO - Processing registry entry: workflow=workflow-72d17d06-2a7c-4814-9916-9321dfc74316, signal=workflow-completed
[2025-11-04 18:20:23] [STDERR] 2025-11-04 18:20:23,266 - gleitzeit.workers.signal_worker - INFO - No waiters for signal workflow-completed in workflow workflow-72d17d06-2a7c-4814-9916-9321dfc74316 - keeping in registry
[2025-11-04 18:20:23] [STDERR] 2025-11-04 18:20:23,266 - gleitzeit.workers.signal_worker - INFO - Processing registry entry: workflow=workflow-72d17d06-2a7c-4814-9916-9321dfc74316, signal=processing-complete
[2025-11-04 18:20:23] [STDERR] 2025-11-04 18:20:23,266 - gleitzeit.workers.signal_worker - INFO - No waiters for signal processing-complete in workflow workflow-72d17d06-2a7c-4814-9916-9321dfc74316 - keeping in registry
[2025-11-04 18:20:23] [STDERR] 2025-11-04 18:20:23,780 - gleitzeit.workers.signal_worker - INFO - SignalWorker found 2 signals in global registry
[2025-11-04 18:20:23] [STDERR] 2025-11-04 18:20:23,780 - gleitzeit.workers.signal_worker - INFO - Processing registry entry: workflow=workflow-72d17d06-2a7c-4814-9916-9321dfc74316, signal=workflow-completed
[2025-11-04 18:20:23] [STDERR] 2025-11-04 18:20:23,780 - gleitzeit.workers.signal_worker - INFO - No waiters for signal workflow-completed in workflow workflow-72d17d06-2a7c-4814-9916-9321dfc74316 - keeping in registry
[2025-11-04 18:20:23] [STDERR] 2025-11-04 18:20:23,780 - gleitzeit.workers.signal_worker - INFO - Processing registry entry: workflow=workflow-72d17d06-2a7c-4814-9916-9321dfc74316, signal=processing-complete
[2025-11-04 18:20:23] [STDERR] 2025-11-04 18:20:23,780 - gleitzeit.workers.signal_worker - INFO - No waiters for signal processing-complete in workflow workflow-72d17d06-2a7c-4814-9916-9321dfc74316 - keeping in registry
[2025-11-04 18:20:24] [STDERR] 2025-11-04 18:20:24,291 - gleitzeit.workers.signal_worker - INFO - SignalWorker found 2 signals in global registry
[2025-11-04 18:20:24] [STDERR] 2025-11-04 18:20:24,291 - gleitzeit.workers.signal_worker - INFO - Processing registry entry: workflow=workflow-72d17d06-2a7c-4814-9916-9321dfc74316, signal=workflow-completed
[2025-11-04 18:20:24] [STDERR] 2025-11-04 18:20:24,291 - gleitzeit.workers.signal_worker - INFO - No waiters for signal workflow-completed in workflow workflow-72d17d06-2a7c-4814-9916-9321dfc74316 - keeping in registry
[2025-11-04 18:20:24] [STDERR] 2025-11-04 18:20:24,291 - gleitzeit.workers.signal_worker - INFO - Processing registry entry: workflow=workflow-72d17d06-2a7c-4814-9916-9321dfc74316, signal=processing-complete
[2025-11-04 18:20:24] [STDERR] 2025-11-04 18:20:24,292 - gleitzeit.workers.signal_worker - INFO - No waiters for signal processing-complete in workflow workflow-72d17d06-2a7c-4814-9916-9321dfc74316 - keeping in registry
[2025-11-04 18:20:24] [STDERR] 2025-11-04 18:20:24,798 - gleitzeit.workers.signal_worker - INFO - SignalWorker found 2 signals in global registry
[2025-11-04 18:20:24] [STDERR] 2025-11-04 18:20:24,799 - gleitzeit.workers.signal_worker - INFO - Processing registry entry: workflow=workflow-72d17d06-2a7c-4814-9916-9321dfc74316, signal=workflow-completed
[2025-11-04 18:20:24] [STDERR] 2025-11-04 18:20:24,799 - gleitzeit.workers.signal_worker - INFO - No waiters for signal workflow-completed in workflow workflow-72d17d06-2a7c-4814-9916-9321dfc74316 - keeping in registry
[2025-11-04 18:20:24] [STDERR] 2025-11-04 18:20:24,799 - gleitzeit.workers.signal_worker - INFO - Processing registry entry: workflow=workflow-72d17d06-2a7c-4814-9916-9321dfc74316, signal=processing-complete
[2025-11-04 18:20:24] [STDERR] 2025-11-04 18:20:24,799 - gleitzeit.workers.signal_worker - INFO - No waiters for signal processing-complete in workflow workflow-72d17d06-2a7c-4814-9916-9321dfc74316 - keeping in registry
[2025-11-04 18:20:25] [STDERR] 2025-11-04 18:20:25,308 - gleitzeit.workers.signal_worker - INFO - SignalWorker found 2 signals in global registry
[2025-11-04 18:20:25] [STDERR] 2025-11-04 18:20:25,308 - gleitzeit.workers.signal_worker - INFO - Processing registry entry: workflow=workflow-72d17d06-2a7c-4814-9916-9321dfc74316, signal=workflow-completed
[2025-11-04 18:20:25] [STDERR] 2025-11-04 18:20:25,308 - gleitzeit.workers.signal_worker - INFO - No waiters for signal workflow-completed in workflow workflow-72d17d06-2a7c-4814-9916-9321dfc74316 - keeping in registry
[2025-11-04 18:20:25] [STDERR] 2025-11-04 18:20:25,308 - gleitzeit.workers.signal_worker - INFO - Processing registry entry: workflow=workflow-72d17d06-2a7c-4814-9916-9321dfc74316, signal=processing-complete
[2025-11-04 18:20:25] [STDERR] 2025-11-04 18:20:25,308 - gleitzeit.workers.signal_worker - INFO - No waiters for signal processing-complete in workflow workflow-72d17d06-2a7c-4814-9916-9321dfc74316 - keeping in registry
[2025-11-04 18:20:25] [STDERR] 2025-11-04 18:20:25,819 - gleitzeit.workers.signal_worker - INFO - SignalWorker found 2 signals in global registry
[2025-11-04 18:20:25] [STDERR] 2025-11-04 18:20:25,819 - gleitzeit.workers.signal_worker - INFO - Processing registry entry: workflow=workflow-72d17d06-2a7c-4814-9916-9321dfc74316, signal=workflow-completed
[2025-11-04 18:20:25] [STDERR] 2025-11-04 18:20:25,819 - gleitzeit.workers.signal_worker - INFO - No waiters for signal workflow-completed in workflow workflow-72d17d06-2a7c-4814-9916-9321dfc74316 - keeping in registry
[2025-11-04 18:20:25] [STDERR] 2025-11-04 18:20:25,820 - gleitzeit.workers.signal_worker - INFO - Processing registry entry: workflow=workflow-72d17d06-2a7c-4814-9916-9321dfc74316, signal=processing-complete
[2025-11-04 18:20:25] [STDERR] 2025-11-04 18:20:25,820 - gleitzeit.workers.signal_worker - INFO - No waiters for signal processing-complete in workflow workflow-72d17d06-2a7c-4814-9916-9321dfc74316 - keeping in registry
[2025-11-04 18:20:26] [STDERR] 2025-11-04 18:20:26,326 - gleitzeit.workers.signal_worker - INFO - SignalWorker found 2 signals in global registry
[2025-11-04 18:20:26] [STDERR] 2025-11-04 18:20:26,326 - gleitzeit.workers.signal_worker - INFO - Processing registry entry: workflow=workflow-72d17d06-2a7c-4814-9916-9321dfc74316, signal=workflow-completed
[2025-11-04 18:20:26] [STDERR] 2025-11-04 18:20:26,326 - gleitzeit.workers.signal_worker - INFO - No waiters for signal workflow-completed in workflow workflow-72d17d06-2a7c-4814-9916-9321dfc74316 - keeping in registry
[2025-11-04 18:20:26] [STDERR] 2025-11-04 18:20:26,326 - gleitzeit.workers.signal_worker - INFO - Processing registry entry: workflow=workflow-72d17d06-2a7c-4814-9916-9321dfc74316, signal=processing-complete
[2025-11-04 18:20:26] [STDERR] 2025-11-04 18:20:26,326 - gleitzeit.workers.signal_worker - INFO - No waiters for signal processing-complete in workflow workflow-72d17d06-2a7c-4814-9916-9321dfc74316 - keeping in registry
[2025-11-04 18:20:26] [STDERR] 2025-11-04 18:20:26,828 - gleitzeit.workers.signal_worker - INFO - Signal processing loop iteration 400
[2025-11-04 18:20:26] [STDERR] 2025-11-04 18:20:26,844 - gleitzeit.workers.signal_worker - INFO - SignalWorker found 2 signals in global registry
[2025-11-04 18:20:26] [STDERR] 2025-11-04 18:20:26,844 - gleitzeit.workers.signal_worker - INFO - Processing registry entry: workflow=workflow-72d17d06-2a7c-4814-9916-9321dfc74316, signal=workflow-completed
[2025-11-04 18:20:26] [STDERR] 2025-11-04 18:20:26,844 - gleitzeit.workers.signal_worker - INFO - No waiters for signal workflow-completed in workflow workflow-72d17d06-2a7c-4814-9916-9321dfc74316 - keeping in registry
[2025-11-04 18:20:26] [STDERR] 2025-11-04 18:20:26,844 - gleitzeit.workers.signal_worker - INFO - Processing registry entry: workflow=workflow-72d17d06-2a7c-4814-9916-9321dfc74316, signal=processing-complete
[2025-11-04 18:20:26] [STDERR] 2025-11-04 18:20:26,844 - gleitzeit.workers.signal_worker - INFO - No waiters for signal processing-complete in workflow workflow-72d17d06-2a7c-4814-9916-9321dfc74316 - keeping in registry
[2025-11-04 18:20:27] [STDERR] 2025-11-04 18:20:27,350 - gleitzeit.workers.signal_worker - INFO - SignalWorker found 2 signals in global registry
[2025-11-04 18:20:27] [STDERR] 2025-11-04 18:20:27,350 - gleitzeit.workers.signal_worker - INFO - Processing registry entry: workflow=workflow-72d17d06-2a7c-4814-9916-9321dfc74316, signal=workflow-completed
[2025-11-04 18:20:27] [STDERR] 2025-11-04 18:20:27,350 - gleitzeit.workers.signal_worker - INFO - No waiters for signal workflow-completed in workflow workflow-72d17d06-2a7c-4814-9916-9321dfc74316 - keeping in registry
[2025-11-04 18:20:27] [STDERR] 2025-11-04 18:20:27,350 - gleitzeit.workers.signal_worker - INFO - Processing registry entry: workflow=workflow-72d17d06-2a7c-4814-9916-9321dfc74316, signal=processing-complete
[2025-11-04 18:20:27] [STDERR] 2025-11-04 18:20:27,350 - gleitzeit.workers.signal_worker - INFO - No waiters for signal processing-complete in workflow workflow-72d17d06-2a7c-4814-9916-9321dfc74316 - keeping in registry
[2025-11-04 18:20:27] [STDERR] 2025-11-04 18:20:27,867 - gleitzeit.workers.signal_worker - INFO - SignalWorker found 2 signals in global registry
[2025-11-04 18:20:27] [STDERR] 2025-11-04 18:20:27,867 - gleitzeit.workers.signal_worker - INFO - Processing registry entry: workflow=workflow-72d17d06-2a7c-4814-9916-9321dfc74316, signal=workflow-completed
[2025-11-04 18:20:27] [STDERR] 2025-11-04 18:20:27,867 - gleitzeit.workers.signal_worker - INFO - No waiters for signal workflow-completed in workflow workflow-72d17d06-2a7c-4814-9916-9321dfc74316 - keeping in registry
[2025-11-04 18:20:27] [STDERR] 2025-11-04 18:20:27,867 - gleitzeit.workers.signal_worker - INFO - Processing registry entry: workflow=workflow-72d17d06-2a7c-4814-9916-9321dfc74316, signal=processing-complete
[2025-11-04 18:20:27] [STDERR] 2025-11-04 18:20:27,867 - gleitzeit.workers.signal_worker - INFO - No waiters for signal processing-complete in workflow workflow-72d17d06-2a7c-4814-9916-9321dfc74316 - keeping in registry
[2025-11-04 18:20:28] [STDERR] 2025-11-04 18:20:28,374 - gleitzeit.workers.signal_worker - INFO - SignalWorker found 2 signals in global registry
[2025-11-04 18:20:28] [STDERR] 2025-11-04 18:20:28,374 - gleitzeit.workers.signal_worker - INFO - Processing registry entry: workflow=workflow-72d17d06-2a7c-4814-9916-9321dfc74316, signal=workflow-completed
[2025-11-04 18:20:28] [STDERR] 2025-11-04 18:20:28,374 - gleitzeit.workers.signal_worker - INFO - No waiters for signal workflow-completed in workflow workflow-72d17d06-2a7c-4814-9916-9321dfc74316 - keeping in registry
[2025-11-04 18:20:28] [STDERR] 2025-11-04 18:20:28,374 - gleitzeit.workers.signal_worker - INFO - Processing registry entry: workflow=workflow-72d17d06-2a7c-4814-9916-9321dfc74316, signal=processing-complete
[2025-11-04 18:20:28] [STDERR] 2025-11-04 18:20:28,374 - gleitzeit.workers.signal_worker - INFO - No waiters for signal processing-complete in workflow workflow-72d17d06-2a7c-4814-9916-9321dfc74316 - keeping in registry
[2025-11-04 18:20:28] [STDERR] 2025-11-04 18:20:28,890 - gleitzeit.workers.signal_worker - INFO - SignalWorker found 2 signals in global registry
[2025-11-04 18:20:28] [STDERR] 2025-11-04 18:20:28,890 - gleitzeit.workers.signal_worker - INFO - Processing registry entry: workflow=workflow-72d17d06-2a7c-4814-9916-9321dfc74316, signal=workflow-completed
[2025-11-04 18:20:28] [STDERR] 2025-11-04 18:20:28,890 - gleitzeit.workers.signal_worker - INFO - No waiters for signal workflow-completed in workflow workflow-72d17d06-2a7c-4814-9916-9321dfc74316 - keeping in registry
[2025-11-04 18:20:28] [STDERR] 2025-11-04 18:20:28,890 - gleitzeit.workers.signal_worker - INFO - Processing registry entry: workflow=workflow-72d17d06-2a7c-4814-9916-9321dfc74316, signal=processing-complete
[2025-11-04 18:20:28] [STDERR] 2025-11-04 18:20:28,890 - gleitzeit.workers.signal_worker - INFO - No waiters for signal processing-complete in workflow workflow-72d17d06-2a7c-4814-9916-9321dfc74316 - keeping in registry
[2025-11-04 18:20:29] [STDERR] 2025-11-04 18:20:29,401 - gleitzeit.workers.signal_worker - INFO - SignalWorker found 2 signals in global registry
[2025-11-04 18:20:29] [STDERR] 2025-11-04 18:20:29,402 - gleitzeit.workers.signal_worker - INFO - Processing registry entry: workflow=workflow-72d17d06-2a7c-4814-9916-9321dfc74316, signal=workflow-completed
[2025-11-04 18:20:29] [STDERR] 2025-11-04 18:20:29,402 - gleitzeit.workers.signal_worker - INFO - No waiters for signal workflow-completed in workflow workflow-72d17d06-2a7c-4814-9916-9321dfc74316 - keeping in registry
[2025-11-04 18:20:29] [STDERR] 2025-11-04 18:20:29,402 - gleitzeit.workers.signal_worker - INFO - Processing registry entry: workflow=workflow-72d17d06-2a7c-4814-9916-9321dfc74316, signal=processing-complete
[2025-11-04 18:20:29] [STDERR] 2025-11-04 18:20:29,402 - gleitzeit.workers.signal_worker - INFO - No waiters for signal processing-complete in workflow workflow-72d17d06-2a7c-4814-9916-9321dfc74316 - keeping in registry
[2025-11-04 18:20:29] [STDERR] 2025-11-04 18:20:29,913 - gleitzeit.workers.signal_worker - INFO - SignalWorker found 2 signals in global registry
[2025-11-04 18:20:29] [STDERR] 2025-11-04 18:20:29,913 - gleitzeit.workers.signal_worker - INFO - Processing registry entry: workflow=workflow-72d17d06-2a7c-4814-9916-9321dfc74316, signal=workflow-completed
[2025-11-04 18:20:29] [STDERR] 2025-11-04 18:20:29,913 - gleitzeit.workers.signal_worker - INFO - No waiters for signal workflow-completed in workflow workflow-72d17d06-2a7c-4814-9916-9321dfc74316 - keeping in registry
[2025-11-04 18:20:29] [STDERR] 2025-11-04 18:20:29,913 - gleitzeit.workers.signal_worker - INFO - Processing registry entry: workflow=workflow-72d17d06-2a7c-4814-9916-9321dfc74316, signal=processing-complete
[2025-11-04 18:20:29] [STDERR] 2025-11-04 18:20:29,913 - gleitzeit.workers.signal_worker - INFO - No waiters for signal processing-complete in workflow workflow-72d17d06-2a7c-4814-9916-9321dfc74316 - keeping in registry
[2025-11-04 18:20:30] [STDERR] 2025-11-04 18:20:30,425 - gleitzeit.workers.signal_worker - INFO - SignalWorker found 2 signals in global registry
[2025-11-04 18:20:30] [STDERR] 2025-11-04 18:20:30,425 - gleitzeit.workers.signal_worker - INFO - Processing registry entry: workflow=workflow-72d17d06-2a7c-4814-9916-9321dfc74316, signal=workflow-completed
[2025-11-04 18:20:30] [STDERR] 2025-11-04 18:20:30,425 - gleitzeit.workers.signal_worker - INFO - No waiters for signal workflow-completed in workflow workflow-72d17d06-2a7c-4814-9916-9321dfc74316 - keeping in registry
[2025-11-04 18:20:30] [STDERR] 2025-11-04 18:20:30,425 - gleitzeit.workers.signal_worker - INFO - Processing registry entry: workflow=workflow-72d17d06-2a7c-4814-9916-9321dfc74316, signal=processing-complete
[2025-11-04 18:20:30] [STDERR] 2025-11-04 18:20:30,425 - gleitzeit.workers.signal_worker - INFO - No waiters for signal processing-complete in workflow workflow-72d17d06-2a7c-4814-9916-9321dfc74316 - keeping in registry
[2025-11-04 18:20:30] [STDERR] 2025-11-04 18:20:30,932 - gleitzeit.workers.signal_worker - INFO - SignalWorker found 2 signals in global registry
[2025-11-04 18:20:30] [STDERR] 2025-11-04 18:20:30,932 - gleitzeit.workers.signal_worker - INFO - Processing registry entry: workflow=workflow-72d17d06-2a7c-4814-9916-9321dfc74316, signal=workflow-completed
[2025-11-04 18:20:30] [STDERR] 2025-11-04 18:20:30,932 - gleitzeit.workers.signal_worker - INFO - No waiters for signal workflow-completed in workflow workflow-72d17d06-2a7c-4814-9916-9321dfc74316 - keeping in registry
[2025-11-04 18:20:30] [STDERR] 2025-11-04 18:20:30,932 - gleitzeit.workers.signal_worker - INFO - Processing registry entry: workflow=workflow-72d17d06-2a7c-4814-9916-9321dfc74316, signal=processing-complete
[2025-11-04 18:20:30] [STDERR] 2025-11-04 18:20:30,932 - gleitzeit.workers.signal_worker - INFO - No waiters for signal processing-complete in workflow workflow-72d17d06-2a7c-4814-9916-9321dfc74316 - keeping in registry
[2025-11-04 18:20:31] [STDERR] 2025-11-04 18:20:31,449 - gleitzeit.workers.signal_worker - INFO - SignalWorker found 2 signals in global registry
[2025-11-04 18:20:31] [STDERR] 2025-11-04 18:20:31,449 - gleitzeit.workers.signal_worker - INFO - Processing registry entry: workflow=workflow-72d17d06-2a7c-4814-9916-9321dfc74316, signal=workflow-completed
[2025-11-04 18:20:31] [STDERR] 2025-11-04 18:20:31,449 - gleitzeit.workers.signal_worker - INFO - No waiters for signal workflow-completed in workflow workflow-72d17d06-2a7c-4814-9916-9321dfc74316 - keeping in registry
[2025-11-04 18:20:31] [STDERR] 2025-11-04 18:20:31,449 - gleitzeit.workers.signal_worker - INFO - Processing registry entry: workflow=workflow-72d17d06-2a7c-4814-9916-9321dfc74316, signal=processing-complete
[2025-11-04 18:20:31] [STDERR] 2025-11-04 18:20:31,449 - gleitzeit.workers.signal_worker - INFO - No waiters for signal processing-complete in workflow workflow-72d17d06-2a7c-4814-9916-9321dfc74316 - keeping in registry
[2025-11-04 18:20:31] [STDERR] 2025-11-04 18:20:31,967 - gleitzeit.workers.signal_worker - INFO - SignalWorker found 2 signals in global registry
[2025-11-04 18:20:31] [STDERR] 2025-11-04 18:20:31,967 - gleitzeit.workers.signal_worker - INFO - Processing registry entry: workflow=workflow-72d17d06-2a7c-4814-9916-9321dfc74316, signal=workflow-completed
[2025-11-04 18:20:31] [STDERR] 2025-11-04 18:20:31,967 - gleitzeit.workers.signal_worker - INFO - No waiters for signal workflow-completed in workflow workflow-72d17d06-2a7c-4814-9916-9321dfc74316 - keeping in registry
[2025-11-04 18:20:31] [STDERR] 2025-11-04 18:20:31,967 - gleitzeit.workers.signal_worker - INFO - Processing registry entry: workflow=workflow-72d17d06-2a7c-4814-9916-9321dfc74316, signal=processing-complete
[2025-11-04 18:20:31] [STDERR] 2025-11-04 18:20:31,967 - gleitzeit.workers.signal_worker - INFO - No waiters for signal processing-complete in workflow workflow-72d17d06-2a7c-4814-9916-9321dfc74316 - keeping in registry
[2025-11-04 18:20:32] [STDERR] 2025-11-04 18:20:32,480 - gleitzeit.workers.signal_worker - INFO - SignalWorker found 2 signals in global registry
[2025-11-04 18:20:32] [STDERR] 2025-11-04 18:20:32,480 - gleitzeit.workers.signal_worker - INFO - Processing registry entry: workflow=workflow-72d17d06-2a7c-4814-9916-9321dfc74316, signal=workflow-completed
[2025-11-04 18:20:32] [STDERR] 2025-11-04 18:20:32,480 - gleitzeit.workers.signal_worker - INFO - No waiters for signal workflow-completed in workflow workflow-72d17d06-2a7c-4814-9916-9321dfc74316 - keeping in registry
[2025-11-04 18:20:32] [STDERR] 2025-11-04 18:20:32,480 - gleitzeit.workers.signal_worker - INFO - Processing registry entry: workflow=workflow-72d17d06-2a7c-4814-9916-9321dfc74316, signal=processing-complete
[2025-11-04 18:20:32] [STDERR] 2025-11-04 18:20:32,480 - gleitzeit.workers.signal_worker - INFO - No waiters for signal processing-complete in workflow workflow-72d17d06-2a7c-4814-9916-9321dfc74316 - keeping in registry
[2025-11-04 18:20:32] [STDERR] 2025-11-04 18:20:32,998 - gleitzeit.workers.signal_worker - INFO - SignalWorker found 2 signals in global registry
[2025-11-04 18:20:32] [STDERR] 2025-11-04 18:20:32,998 - gleitzeit.workers.signal_worker - INFO - Processing registry entry: workflow=workflow-72d17d06-2a7c-4814-9916-9321dfc74316, signal=workflow-completed
[2025-11-04 18:20:32] [STDERR] 2025-11-04 18:20:32,998 - gleitzeit.workers.signal_worker - INFO - No waiters for signal workflow-completed in workflow workflow-72d17d06-2a7c-4814-9916-9321dfc74316 - keeping in registry
[2025-11-04 18:20:32] [STDERR] 2025-11-04 18:20:32,998 - gleitzeit.workers.signal_worker - INFO - Processing registry entry: workflow=workflow-72d17d06-2a7c-4814-9916-9321dfc74316, signal=processing-complete
[2025-11-04 18:20:32] [STDERR] 2025-11-04 18:20:32,998 - gleitzeit.workers.signal_worker - INFO - No waiters for signal processing-complete in workflow workflow-72d17d06-2a7c-4814-9916-9321dfc74316 - keeping in registry
[2025-11-04 18:20:33] [STDERR] 2025-11-04 18:20:33,510 - gleitzeit.workers.signal_worker - INFO - SignalWorker found 2 signals in global registry
[2025-11-04 18:20:33] [STDERR] 2025-11-04 18:20:33,510 - gleitzeit.workers.signal_worker - INFO - Processing registry entry: workflow=workflow-72d17d06-2a7c-4814-9916-9321dfc74316, signal=workflow-completed
[2025-11-04 18:20:33] [STDERR] 2025-11-04 18:20:33,510 - gleitzeit.workers.signal_worker - INFO - No waiters for signal workflow-completed in workflow workflow-72d17d06-2a7c-4814-9916-9321dfc74316 - keeping in registry
[2025-11-04 18:20:33] [STDERR] 2025-11-04 18:20:33,510 - gleitzeit.workers.signal_worker - INFO - Processing registry entry: workflow=workflow-72d17d06-2a7c-4814-9916-9321dfc74316, signal=processing-complete
[2025-11-04 18:20:33] [STDERR] 2025-11-04 18:20:33,510 - gleitzeit.workers.signal_worker - INFO - No waiters for signal processing-complete in workflow workflow-72d17d06-2a7c-4814-9916-9321dfc74316 - keeping in registry
[2025-11-04 18:20:34] [STDERR] 2025-11-04 18:20:34,023 - gleitzeit.workers.signal_worker - INFO - SignalWorker found 2 signals in global registry
[2025-11-04 18:20:34] [STDERR] 2025-11-04 18:20:34,023 - gleitzeit.workers.signal_worker - INFO - Processing registry entry: workflow=workflow-72d17d06-2a7c-4814-9916-9321dfc74316, signal=workflow-completed
[2025-11-04 18:20:34] [STDERR] 2025-11-04 18:20:34,023 - gleitzeit.workers.signal_worker - INFO - No waiters for signal workflow-completed in workflow workflow-72d17d06-2a7c-4814-9916-9321dfc74316 - keeping in registry
[2025-11-04 18:20:34] [STDERR] 2025-11-04 18:20:34,023 - gleitzeit.workers.signal_worker - INFO - Processing registry entry: workflow=workflow-72d17d06-2a7c-4814-9916-9321dfc74316, signal=processing-complete
[2025-11-04 18:20:34] [STDERR] 2025-11-04 18:20:34,023 - gleitzeit.workers.signal_worker - INFO - No waiters for signal processing-complete in workflow workflow-72d17d06-2a7c-4814-9916-9321dfc74316 - keeping in registry
[2025-11-04 18:20:34] [STDERR] 2025-11-04 18:20:34,529 - gleitzeit.workers.signal_worker - INFO - SignalWorker found 2 signals in global registry
[2025-11-04 18:20:34] [STDERR] 2025-11-04 18:20:34,529 - gleitzeit.workers.signal_worker - INFO - Processing registry entry: workflow=workflow-72d17d06-2a7c-4814-9916-9321dfc74316, signal=workflow-completed
[2025-11-04 18:20:34] [STDERR] 2025-11-04 18:20:34,530 - gleitzeit.workers.signal_worker - INFO - No waiters for signal workflow-completed in workflow workflow-72d17d06-2a7c-4814-9916-9321dfc74316 - keeping in registry
[2025-11-04 18:20:34] [STDERR] 2025-11-04 18:20:34,530 - gleitzeit.workers.signal_worker - INFO - Processing registry entry: workflow=workflow-72d17d06-2a7c-4814-9916-9321dfc74316, signal=processing-complete
[2025-11-04 18:20:34] [STDERR] 2025-11-04 18:20:34,530 - gleitzeit.workers.signal_worker - INFO - No waiters for signal processing-complete in workflow workflow-72d17d06-2a7c-4814-9916-9321dfc74316 - keeping in registry
[2025-11-04 18:20:35] [STDERR] 2025-11-04 18:20:35,046 - gleitzeit.workers.signal_worker - INFO - SignalWorker found 2 signals in global registry
[2025-11-04 18:20:35] [STDERR] 2025-11-04 18:20:35,046 - gleitzeit.workers.signal_worker - INFO - Processing registry entry: workflow=workflow-72d17d06-2a7c-4814-9916-9321dfc74316, signal=workflow-completed
[2025-11-04 18:20:35] [STDERR] 2025-11-04 18:20:35,046 - gleitzeit.workers.signal_worker - INFO - No waiters for signal workflow-completed in workflow workflow-72d17d06-2a7c-4814-9916-9321dfc74316 - keeping in registry
[2025-11-04 18:20:35] [STDERR] 2025-11-04 18:20:35,046 - gleitzeit.workers.signal_worker - INFO - Processing registry entry: workflow=workflow-72d17d06-2a7c-4814-9916-9321dfc74316, signal=processing-complete
[2025-11-04 18:20:35] [STDERR] 2025-11-04 18:20:35,046 - gleitzeit.workers.signal_worker - INFO - No waiters for signal processing-complete in workflow workflow-72d17d06-2a7c-4814-9916-9321dfc74316 - keeping in registry
[2025-11-04 18:20:35] [STDERR] 2025-11-04 18:20:35,561 - gleitzeit.workers.signal_worker - INFO - SignalWorker found 2 signals in global registry
[2025-11-04 18:20:35] [STDERR] 2025-11-04 18:20:35,561 - gleitzeit.workers.signal_worker - INFO - Processing registry entry: workflow=workflow-72d17d06-2a7c-4814-9916-9321dfc74316, signal=workflow-completed
[2025-11-04 18:20:35] [STDERR] 2025-11-04 18:20:35,561 - gleitzeit.workers.signal_worker - INFO - No waiters for signal workflow-completed in workflow workflow-72d17d06-2a7c-4814-9916-9321dfc74316 - keeping in registry
[2025-11-04 18:20:35] [STDERR] 2025-11-04 18:20:35,561 - gleitzeit.workers.signal_worker - INFO - Processing registry entry: workflow=workflow-72d17d06-2a7c-4814-9916-9321dfc74316, signal=processing-complete
[2025-11-04 18:20:35] [STDERR] 2025-11-04 18:20:35,561 - gleitzeit.workers.signal_worker - INFO - No waiters for signal processing-complete in workflow workflow-72d17d06-2a7c-4814-9916-9321dfc74316 - keeping in registry
[2025-11-04 18:20:36] [STDERR] 2025-11-04 18:20:36,075 - gleitzeit.workers.signal_worker - INFO - SignalWorker found 2 signals in global registry
[2025-11-04 18:20:36] [STDERR] 2025-11-04 18:20:36,075 - gleitzeit.workers.signal_worker - INFO - Processing registry entry: workflow=workflow-72d17d06-2a7c-4814-9916-9321dfc74316, signal=workflow-completed
[2025-11-04 18:20:36] [STDERR] 2025-11-04 18:20:36,075 - gleitzeit.workers.signal_worker - INFO - No waiters for signal workflow-completed in workflow workflow-72d17d06-2a7c-4814-9916-9321dfc74316 - keeping in registry
[2025-11-04 18:20:36] [STDERR] 2025-11-04 18:20:36,075 - gleitzeit.workers.signal_worker - INFO - Processing registry entry: workflow=workflow-72d17d06-2a7c-4814-9916-9321dfc74316, signal=processing-complete
[2025-11-04 18:20:36] [STDERR] 2025-11-04 18:20:36,075 - gleitzeit.workers.signal_worker - INFO - No waiters for signal processing-complete in workflow workflow-72d17d06-2a7c-4814-9916-9321dfc74316 - keeping in registry
[2025-11-04 18:20:36] [STDERR] 2025-11-04 18:20:36,582 - gleitzeit.workers.signal_worker - INFO - SignalWorker found 2 signals in global registry
[2025-11-04 18:20:36] [STDERR] 2025-11-04 18:20:36,583 - gleitzeit.workers.signal_worker - INFO - Processing registry entry: workflow=workflow-72d17d06-2a7c-4814-9916-9321dfc74316, signal=workflow-completed
[2025-11-04 18:20:36] [STDERR] 2025-11-04 18:20:36,583 - gleitzeit.workers.signal_worker - INFO - No waiters for signal workflow-completed in workflow workflow-72d17d06-2a7c-4814-9916-9321dfc74316 - keeping in registry
[2025-11-04 18:20:36] [STDERR] 2025-11-04 18:20:36,583 - gleitzeit.workers.signal_worker - INFO - Processing registry entry: workflow=workflow-72d17d06-2a7c-4814-9916-9321dfc74316, signal=processing-complete
[2025-11-04 18:20:36] [STDERR] 2025-11-04 18:20:36,583 - gleitzeit.workers.signal_worker - INFO - No waiters for signal processing-complete in workflow workflow-72d17d06-2a7c-4814-9916-9321dfc74316 - keeping in registry
[2025-11-04 18:20:37] [STDERR] 2025-11-04 18:20:37,084 - gleitzeit.workers.signal_worker - INFO - Signal processing loop iteration 420
[2025-11-04 18:20:37] [STDERR] 2025-11-04 18:20:37,095 - gleitzeit.workers.signal_worker - INFO - SignalWorker found 2 signals in global registry
[2025-11-04 18:20:37] [STDERR] 2025-11-04 18:20:37,095 - gleitzeit.workers.signal_worker - INFO - Processing registry entry: workflow=workflow-72d17d06-2a7c-4814-9916-9321dfc74316, signal=workflow-completed
[2025-11-04 18:20:37] [STDERR] 2025-11-04 18:20:37,095 - gleitzeit.workers.signal_worker - INFO - No waiters for signal workflow-completed in workflow workflow-72d17d06-2a7c-4814-9916-9321dfc74316 - keeping in registry
[2025-11-04 18:20:37] [STDERR] 2025-11-04 18:20:37,095 - gleitzeit.workers.signal_worker - INFO - Processing registry entry: workflow=workflow-72d17d06-2a7c-4814-9916-9321dfc74316, signal=processing-complete
[2025-11-04 18:20:37] [STDERR] 2025-11-04 18:20:37,095 - gleitzeit.workers.signal_worker - INFO - No waiters for signal processing-complete in workflow workflow-72d17d06-2a7c-4814-9916-9321dfc74316 - keeping in registry
[2025-11-04 18:20:37] [STDERR] 2025-11-04 18:20:37,602 - gleitzeit.workers.signal_worker - INFO - SignalWorker found 2 signals in global registry
[2025-11-04 18:20:37] [STDERR] 2025-11-04 18:20:37,602 - gleitzeit.workers.signal_worker - INFO - Processing registry entry: workflow=workflow-72d17d06-2a7c-4814-9916-9321dfc74316, signal=workflow-completed
[2025-11-04 18:20:37] [STDERR] 2025-11-04 18:20:37,602 - gleitzeit.workers.signal_worker - INFO - No waiters for signal workflow-completed in workflow workflow-72d17d06-2a7c-4814-9916-9321dfc74316 - keeping in registry
[2025-11-04 18:20:37] [STDERR] 2025-11-04 18:20:37,602 - gleitzeit.workers.signal_worker - INFO - Processing registry entry: workflow=workflow-72d17d06-2a7c-4814-9916-9321dfc74316, signal=processing-complete
[2025-11-04 18:20:37] [STDERR] 2025-11-04 18:20:37,603 - gleitzeit.workers.signal_worker - INFO - No waiters for signal processing-complete in workflow workflow-72d17d06-2a7c-4814-9916-9321dfc74316 - keeping in registry
[2025-11-04 18:20:38] [STDERR] 2025-11-04 18:20:38,114 - gleitzeit.workers.signal_worker - INFO - SignalWorker found 2 signals in global registry
[2025-11-04 18:20:38] [STDERR] 2025-11-04 18:20:38,114 - gleitzeit.workers.signal_worker - INFO - Processing registry entry: workflow=workflow-72d17d06-2a7c-4814-9916-9321dfc74316, signal=workflow-completed
[2025-11-04 18:20:38] [STDERR] 2025-11-04 18:20:38,115 - gleitzeit.workers.signal_worker - INFO - No waiters for signal workflow-completed in workflow workflow-72d17d06-2a7c-4814-9916-9321dfc74316 - keeping in registry
[2025-11-04 18:20:38] [STDERR] 2025-11-04 18:20:38,115 - gleitzeit.workers.signal_worker - INFO - Processing registry entry: workflow=workflow-72d17d06-2a7c-4814-9916-9321dfc74316, signal=processing-complete
[2025-11-04 18:20:38] [STDERR] 2025-11-04 18:20:38,115 - gleitzeit.workers.signal_worker - INFO - No waiters for signal processing-complete in workflow workflow-72d17d06-2a7c-4814-9916-9321dfc74316 - keeping in registry
[2025-11-04 18:20:38] [STDERR] 2025-11-04 18:20:38,627 - gleitzeit.workers.signal_worker - INFO - SignalWorker found 2 signals in global registry
[2025-11-04 18:20:38] [STDERR] 2025-11-04 18:20:38,627 - gleitzeit.workers.signal_worker - INFO - Processing registry entry: workflow=workflow-72d17d06-2a7c-4814-9916-9321dfc74316, signal=workflow-completed
[2025-11-04 18:20:38] [STDERR] 2025-11-04 18:20:38,628 - gleitzeit.workers.signal_worker - INFO - No waiters for signal workflow-completed in workflow workflow-72d17d06-2a7c-4814-9916-9321dfc74316 - keeping in registry
[2025-11-04 18:20:38] [STDERR] 2025-11-04 18:20:38,628 - gleitzeit.workers.signal_worker - INFO - Processing registry entry: workflow=workflow-72d17d06-2a7c-4814-9916-9321dfc74316, signal=processing-complete
[2025-11-04 18:20:38] [STDERR] 2025-11-04 18:20:38,628 - gleitzeit.workers.signal_worker - INFO - No waiters for signal processing-complete in workflow workflow-72d17d06-2a7c-4814-9916-9321dfc74316 - keeping in registry
[2025-11-04 18:20:39] [STDERR] 2025-11-04 18:20:39,146 - gleitzeit.workers.signal_worker - INFO - SignalWorker found 2 signals in global registry
[2025-11-04 18:20:39] [STDERR] 2025-11-04 18:20:39,146 - gleitzeit.workers.signal_worker - INFO - Processing registry entry: workflow=workflow-72d17d06-2a7c-4814-9916-9321dfc74316, signal=workflow-completed
[2025-11-04 18:20:39] [STDERR] 2025-11-04 18:20:39,146 - gleitzeit.workers.signal_worker - INFO - No waiters for signal workflow-completed in workflow workflow-72d17d06-2a7c-4814-9916-9321dfc74316 - keeping in registry
[2025-11-04 18:20:39] [STDERR] 2025-11-04 18:20:39,146 - gleitzeit.workers.signal_worker - INFO - Processing registry entry: workflow=workflow-72d17d06-2a7c-4814-9916-9321dfc74316, signal=processing-complete
[2025-11-04 18:20:39] [STDERR] 2025-11-04 18:20:39,147 - gleitzeit.workers.signal_worker - INFO - No waiters for signal processing-complete in workflow workflow-72d17d06-2a7c-4814-9916-9321dfc74316 - keeping in registry
[2025-11-04 18:20:39] [STDERR] 2025-11-04 18:20:39,662 - gleitzeit.workers.signal_worker - INFO - SignalWorker found 2 signals in global registry
[2025-11-04 18:20:39] [STDERR] 2025-11-04 18:20:39,662 - gleitzeit.workers.signal_worker - INFO - Processing registry entry: workflow=workflow-72d17d06-2a7c-4814-9916-9321dfc74316, signal=workflow-completed
[2025-11-04 18:20:39] [STDERR] 2025-11-04 18:20:39,662 - gleitzeit.workers.signal_worker - INFO - No waiters for signal workflow-completed in workflow workflow-72d17d06-2a7c-4814-9916-9321dfc74316 - keeping in registry
[2025-11-04 18:20:39] [STDERR] 2025-11-04 18:20:39,662 - gleitzeit.workers.signal_worker - INFO - Processing registry entry: workflow=workflow-72d17d06-2a7c-4814-9916-9321dfc74316, signal=processing-complete
[2025-11-04 18:20:39] [STDERR] 2025-11-04 18:20:39,662 - gleitzeit.workers.signal_worker - INFO - No waiters for signal processing-complete in workflow workflow-72d17d06-2a7c-4814-9916-9321dfc74316 - keeping in registry
[2025-11-04 18:20:40] [STDERR] 2025-11-04 18:20:40,179 - gleitzeit.workers.signal_worker - INFO - SignalWorker found 2 signals in global registry
[2025-11-04 18:20:40] [STDERR] 2025-11-04 18:20:40,179 - gleitzeit.workers.signal_worker - INFO - Processing registry entry: workflow=workflow-72d17d06-2a7c-4814-9916-9321dfc74316, signal=workflow-completed
[2025-11-04 18:20:40] [STDERR] 2025-11-04 18:20:40,179 - gleitzeit.workers.signal_worker - INFO - No waiters for signal workflow-completed in workflow workflow-72d17d06-2a7c-4814-9916-9321dfc74316 - keeping in registry
[2025-11-04 18:20:40] [STDERR] 2025-11-04 18:20:40,179 - gleitzeit.workers.signal_worker - INFO - Processing registry entry: workflow=workflow-72d17d06-2a7c-4814-9916-9321dfc74316, signal=processing-complete
[2025-11-04 18:20:40] [STDERR] 2025-11-04 18:20:40,180 - gleitzeit.workers.signal_worker - INFO - No waiters for signal processing-complete in workflow workflow-72d17d06-2a7c-4814-9916-9321dfc74316 - keeping in registry
[2025-11-04 18:20:40] [STDERR] 2025-11-04 18:20:40,697 - gleitzeit.workers.signal_worker - INFO - SignalWorker found 2 signals in global registry
[2025-11-04 18:20:40] [STDERR] 2025-11-04 18:20:40,698 - gleitzeit.workers.signal_worker - INFO - Processing registry entry: workflow=workflow-72d17d06-2a7c-4814-9916-9321dfc74316, signal=workflow-completed
[2025-11-04 18:20:40] [STDERR] 2025-11-04 18:20:40,698 - gleitzeit.workers.signal_worker - INFO - No waiters for signal workflow-completed in workflow workflow-72d17d06-2a7c-4814-9916-9321dfc74316 - keeping in registry
[2025-11-04 18:20:40] [STDERR] 2025-11-04 18:20:40,698 - gleitzeit.workers.signal_worker - INFO - Processing registry entry: workflow=workflow-72d17d06-2a7c-4814-9916-9321dfc74316, signal=processing-complete
[2025-11-04 18:20:40] [STDERR] 2025-11-04 18:20:40,698 - gleitzeit.workers.signal_worker - INFO - No waiters for signal processing-complete in workflow workflow-72d17d06-2a7c-4814-9916-9321dfc74316 - keeping in registry
[2025-11-04 18:20:41] [STDERR] 2025-11-04 18:20:41,208 - gleitzeit.workers.signal_worker - INFO - SignalWorker found 2 signals in global registry
[2025-11-04 18:20:41] [STDERR] 2025-11-04 18:20:41,208 - gleitzeit.workers.signal_worker - INFO - Processing registry entry: workflow=workflow-72d17d06-2a7c-4814-9916-9321dfc74316, signal=workflow-completed
[2025-11-04 18:20:41] [STDERR] 2025-11-04 18:20:41,209 - gleitzeit.workers.signal_worker - INFO - No waiters for signal workflow-completed in workflow workflow-72d17d06-2a7c-4814-9916-9321dfc74316 - keeping in registry
[2025-11-04 18:20:41] [STDERR] 2025-11-04 18:20:41,209 - gleitzeit.workers.signal_worker - INFO - Processing registry entry: workflow=workflow-72d17d06-2a7c-4814-9916-9321dfc74316, signal=processing-complete
[2025-11-04 18:20:41] [STDERR] 2025-11-04 18:20:41,209 - gleitzeit.workers.signal_worker - INFO - No waiters for signal processing-complete in workflow workflow-72d17d06-2a7c-4814-9916-9321dfc74316 - keeping in registry
[2025-11-04 18:20:41] [STDERR] 2025-11-04 18:20:41,720 - gleitzeit.workers.signal_worker - INFO - SignalWorker found 2 signals in global registry
[2025-11-04 18:20:41] [STDERR] 2025-11-04 18:20:41,720 - gleitzeit.workers.signal_worker - INFO - Processing registry entry: workflow=workflow-72d17d06-2a7c-4814-9916-9321dfc74316, signal=workflow-completed
[2025-11-04 18:20:41] [STDERR] 2025-11-04 18:20:41,720 - gleitzeit.workers.signal_worker - INFO - No waiters for signal workflow-completed in workflow workflow-72d17d06-2a7c-4814-9916-9321dfc74316 - keeping in registry
[2025-11-04 18:20:41] [STDERR] 2025-11-04 18:20:41,720 - gleitzeit.workers.signal_worker - INFO - Processing registry entry: workflow=workflow-72d17d06-2a7c-4814-9916-9321dfc74316, signal=processing-complete
[2025-11-04 18:20:41] [STDERR] 2025-11-04 18:20:41,720 - gleitzeit.workers.signal_worker - INFO - No waiters for signal processing-complete in workflow workflow-72d17d06-2a7c-4814-9916-9321dfc74316 - keeping in registry
[2025-11-04 18:20:42] [STDERR] 2025-11-04 18:20:42,227 - gleitzeit.workers.signal_worker - INFO - SignalWorker found 2 signals in global registry
[2025-11-04 18:20:42] [STDERR] 2025-11-04 18:20:42,227 - gleitzeit.workers.signal_worker - INFO - Processing registry entry: workflow=workflow-72d17d06-2a7c-4814-9916-9321dfc74316, signal=workflow-completed
[2025-11-04 18:20:42] [STDERR] 2025-11-04 18:20:42,227 - gleitzeit.workers.signal_worker - INFO - No waiters for signal workflow-completed in workflow workflow-72d17d06-2a7c-4814-9916-9321dfc74316 - keeping in registry
[2025-11-04 18:20:42] [STDERR] 2025-11-04 18:20:42,227 - gleitzeit.workers.signal_worker - INFO - Processing registry entry: workflow=workflow-72d17d06-2a7c-4814-9916-9321dfc74316, signal=processing-complete
[2025-11-04 18:20:42] [STDERR] 2025-11-04 18:20:42,227 - gleitzeit.workers.signal_worker - INFO - No waiters for signal processing-complete in workflow workflow-72d17d06-2a7c-4814-9916-9321dfc74316 - keeping in registry
[2025-11-04 18:20:42] [STDERR] 2025-11-04 18:20:42,741 - gleitzeit.workers.signal_worker - INFO - SignalWorker found 2 signals in global registry
[2025-11-04 18:20:42] [STDERR] 2025-11-04 18:20:42,741 - gleitzeit.workers.signal_worker - INFO - Processing registry entry: workflow=workflow-72d17d06-2a7c-4814-9916-9321dfc74316, signal=workflow-completed
[2025-11-04 18:20:42] [STDERR] 2025-11-04 18:20:42,741 - gleitzeit.workers.signal_worker - INFO - No waiters for signal workflow-completed in workflow workflow-72d17d06-2a7c-4814-9916-9321dfc74316 - keeping in registry
[2025-11-04 18:20:42] [STDERR] 2025-11-04 18:20:42,741 - gleitzeit.workers.signal_worker - INFO - Processing registry entry: workflow=workflow-72d17d06-2a7c-4814-9916-9321dfc74316, signal=processing-complete
[2025-11-04 18:20:42] [STDERR] 2025-11-04 18:20:42,742 - gleitzeit.workers.signal_worker - INFO - No waiters for signal processing-complete in workflow workflow-72d17d06-2a7c-4814-9916-9321dfc74316 - keeping in registry
[2025-11-04 18:20:43] [STDERR] 2025-11-04 18:20:43,248 - gleitzeit.workers.signal_worker - INFO - SignalWorker found 2 signals in global registry
[2025-11-04 18:20:43] [STDERR] 2025-11-04 18:20:43,248 - gleitzeit.workers.signal_worker - INFO - Processing registry entry: workflow=workflow-72d17d06-2a7c-4814-9916-9321dfc74316, signal=workflow-completed
[2025-11-04 18:20:43] [STDERR] 2025-11-04 18:20:43,248 - gleitzeit.workers.signal_worker - INFO - No waiters for signal workflow-completed in workflow workflow-72d17d06-2a7c-4814-9916-9321dfc74316 - keeping in registry
[2025-11-04 18:20:43] [STDERR] 2025-11-04 18:20:43,248 - gleitzeit.workers.signal_worker - INFO - Processing registry entry: workflow=workflow-72d17d06-2a7c-4814-9916-9321dfc74316, signal=processing-complete
[2025-11-04 18:20:43] [STDERR] 2025-11-04 18:20:43,248 - gleitzeit.workers.signal_worker - INFO - No waiters for signal processing-complete in workflow workflow-72d17d06-2a7c-4814-9916-9321dfc74316 - keeping in registry
[2025-11-04 18:20:43] [STDERR] 2025-11-04 18:20:43,760 - gleitzeit.workers.signal_worker - INFO - SignalWorker found 2 signals in global registry
[2025-11-04 18:20:43] [STDERR] 2025-11-04 18:20:43,760 - gleitzeit.workers.signal_worker - INFO - Processing registry entry: workflow=workflow-72d17d06-2a7c-4814-9916-9321dfc74316, signal=workflow-completed
[2025-11-04 18:20:43] [STDERR] 2025-11-04 18:20:43,760 - gleitzeit.workers.signal_worker - INFO - No waiters for signal workflow-completed in workflow workflow-72d17d06-2a7c-4814-9916-9321dfc74316 - keeping in registry
[2025-11-04 18:20:43] [STDERR] 2025-11-04 18:20:43,760 - gleitzeit.workers.signal_worker - INFO - Processing registry entry: workflow=workflow-72d17d06-2a7c-4814-9916-9321dfc74316, signal=processing-complete
[2025-11-04 18:20:43] [STDERR] 2025-11-04 18:20:43,760 - gleitzeit.workers.signal_worker - INFO - No waiters for signal processing-complete in workflow workflow-72d17d06-2a7c-4814-9916-9321dfc74316 - keeping in registry
[2025-11-04 18:20:44] [STDERR] 2025-11-04 18:20:44,270 - gleitzeit.workers.signal_worker - INFO - SignalWorker found 2 signals in global registry
[2025-11-04 18:20:44] [STDERR] 2025-11-04 18:20:44,270 - gleitzeit.workers.signal_worker - INFO - Processing registry entry: workflow=workflow-72d17d06-2a7c-4814-9916-9321dfc74316, signal=workflow-completed
[2025-11-04 18:20:44] [STDERR] 2025-11-04 18:20:44,270 - gleitzeit.workers.signal_worker - INFO - No waiters for signal workflow-completed in workflow workflow-72d17d06-2a7c-4814-9916-9321dfc74316 - keeping in registry
[2025-11-04 18:20:44] [STDERR] 2025-11-04 18:20:44,270 - gleitzeit.workers.signal_worker - INFO - Processing registry entry: workflow=workflow-72d17d06-2a7c-4814-9916-9321dfc74316, signal=processing-complete
[2025-11-04 18:20:44] [STDERR] 2025-11-04 18:20:44,270 - gleitzeit.workers.signal_worker - INFO - No waiters for signal processing-complete in workflow workflow-72d17d06-2a7c-4814-9916-9321dfc74316 - keeping in registry
[2025-11-04 18:20:44] [STDERR] 2025-11-04 18:20:44,782 - gleitzeit.workers.signal_worker - INFO - SignalWorker found 2 signals in global registry
[2025-11-04 18:20:44] [STDERR] 2025-11-04 18:20:44,782 - gleitzeit.workers.signal_worker - INFO - Processing registry entry: workflow=workflow-72d17d06-2a7c-4814-9916-9321dfc74316, signal=workflow-completed
[2025-11-04 18:20:44] [STDERR] 2025-11-04 18:20:44,782 - gleitzeit.workers.signal_worker - INFO - No waiters for signal workflow-completed in workflow workflow-72d17d06-2a7c-4814-9916-9321dfc74316 - keeping in registry
[2025-11-04 18:20:44] [STDERR] 2025-11-04 18:20:44,782 - gleitzeit.workers.signal_worker - INFO - Processing registry entry: workflow=workflow-72d17d06-2a7c-4814-9916-9321dfc74316, signal=processing-complete
[2025-11-04 18:20:44] [STDERR] 2025-11-04 18:20:44,782 - gleitzeit.workers.signal_worker - INFO - No waiters for signal processing-complete in workflow workflow-72d17d06-2a7c-4814-9916-9321dfc74316 - keeping in registry
[2025-11-04 18:20:45] [STDERR] 2025-11-04 18:20:45,292 - gleitzeit.workers.signal_worker - INFO - SignalWorker found 2 signals in global registry
[2025-11-04 18:20:45] [STDERR] 2025-11-04 18:20:45,292 - gleitzeit.workers.signal_worker - INFO - Processing registry entry: workflow=workflow-72d17d06-2a7c-4814-9916-9321dfc74316, signal=workflow-completed
[2025-11-04 18:20:45] [STDERR] 2025-11-04 18:20:45,292 - gleitzeit.workers.signal_worker - INFO - No waiters for signal workflow-completed in workflow workflow-72d17d06-2a7c-4814-9916-9321dfc74316 - keeping in registry
[2025-11-04 18:20:45] [STDERR] 2025-11-04 18:20:45,292 - gleitzeit.workers.signal_worker - INFO - Processing registry entry: workflow=workflow-72d17d06-2a7c-4814-9916-9321dfc74316, signal=processing-complete
[2025-11-04 18:20:45] [STDERR] 2025-11-04 18:20:45,292 - gleitzeit.workers.signal_worker - INFO - No waiters for signal processing-complete in workflow workflow-72d17d06-2a7c-4814-9916-9321dfc74316 - keeping in registry
[2025-11-04 18:20:45] [STDERR] 2025-11-04 18:20:45,807 - gleitzeit.workers.signal_worker - INFO - SignalWorker found 2 signals in global registry
[2025-11-04 18:20:45] [STDERR] 2025-11-04 18:20:45,807 - gleitzeit.workers.signal_worker - INFO - Processing registry entry: workflow=workflow-72d17d06-2a7c-4814-9916-9321dfc74316, signal=workflow-completed
[2025-11-04 18:20:45] [STDERR] 2025-11-04 18:20:45,807 - gleitzeit.workers.signal_worker - INFO - No waiters for signal workflow-completed in workflow workflow-72d17d06-2a7c-4814-9916-9321dfc74316 - keeping in registry
[2025-11-04 18:20:45] [STDERR] 2025-11-04 18:20:45,807 - gleitzeit.workers.signal_worker - INFO - Processing registry entry: workflow=workflow-72d17d06-2a7c-4814-9916-9321dfc74316, signal=processing-complete
[2025-11-04 18:20:45] [STDERR] 2025-11-04 18:20:45,807 - gleitzeit.workers.signal_worker - INFO - No waiters for signal processing-complete in workflow workflow-72d17d06-2a7c-4814-9916-9321dfc74316 - keeping in registry
[2025-11-04 18:20:46] [STDERR] 2025-11-04 18:20:46,318 - gleitzeit.workers.signal_worker - INFO - SignalWorker found 2 signals in global registry
[2025-11-04 18:20:46] [STDERR] 2025-11-04 18:20:46,318 - gleitzeit.workers.signal_worker - INFO - Processing registry entry: workflow=workflow-72d17d06-2a7c-4814-9916-9321dfc74316, signal=workflow-completed
[2025-11-04 18:20:46] [STDERR] 2025-11-04 18:20:46,319 - gleitzeit.workers.signal_worker - INFO - No waiters for signal workflow-completed in workflow workflow-72d17d06-2a7c-4814-9916-9321dfc74316 - keeping in registry
[2025-11-04 18:20:46] [STDERR] 2025-11-04 18:20:46,319 - gleitzeit.workers.signal_worker - INFO - Processing registry entry: workflow=workflow-72d17d06-2a7c-4814-9916-9321dfc74316, signal=processing-complete
[2025-11-04 18:20:46] [STDERR] 2025-11-04 18:20:46,319 - gleitzeit.workers.signal_worker - INFO - No waiters for signal processing-complete in workflow workflow-72d17d06-2a7c-4814-9916-9321dfc74316 - keeping in registry
[2025-11-04 18:20:46] [STDERR] 2025-11-04 18:20:46,836 - gleitzeit.workers.signal_worker - INFO - SignalWorker found 2 signals in global registry
[2025-11-04 18:20:46] [STDERR] 2025-11-04 18:20:46,836 - gleitzeit.workers.signal_worker - INFO - Processing registry entry: workflow=workflow-72d17d06-2a7c-4814-9916-9321dfc74316, signal=workflow-completed
[2025-11-04 18:20:46] [STDERR] 2025-11-04 18:20:46,836 - gleitzeit.workers.signal_worker - INFO - No waiters for signal workflow-completed in workflow workflow-72d17d06-2a7c-4814-9916-9321dfc74316 - keeping in registry
[2025-11-04 18:20:46] [STDERR] 2025-11-04 18:20:46,837 - gleitzeit.workers.signal_worker - INFO - Processing registry entry: workflow=workflow-72d17d06-2a7c-4814-9916-9321dfc74316, signal=processing-complete
[2025-11-04 18:20:46] [STDERR] 2025-11-04 18:20:46,837 - gleitzeit.workers.signal_worker - INFO - No waiters for signal processing-complete in workflow workflow-72d17d06-2a7c-4814-9916-9321dfc74316 - keeping in registry
[2025-11-04 18:20:47] [STDERR] 2025-11-04 18:20:47,338 - gleitzeit.workers.signal_worker - INFO - Signal processing loop iteration 440
[2025-11-04 18:20:47] [STDERR] 2025-11-04 18:20:47,357 - gleitzeit.workers.signal_worker - INFO - SignalWorker found 2 signals in global registry
[2025-11-04 18:20:47] [STDERR] 2025-11-04 18:20:47,357 - gleitzeit.workers.signal_worker - INFO - Processing registry entry: workflow=workflow-72d17d06-2a7c-4814-9916-9321dfc74316, signal=workflow-completed
[2025-11-04 18:20:47] [STDERR] 2025-11-04 18:20:47,357 - gleitzeit.workers.signal_worker - INFO - No waiters for signal workflow-completed in workflow workflow-72d17d06-2a7c-4814-9916-9321dfc74316 - keeping in registry
[2025-11-04 18:20:47] [STDERR] 2025-11-04 18:20:47,357 - gleitzeit.workers.signal_worker - INFO - Processing registry entry: workflow=workflow-72d17d06-2a7c-4814-9916-9321dfc74316, signal=processing-complete
[2025-11-04 18:20:47] [STDERR] 2025-11-04 18:20:47,357 - gleitzeit.workers.signal_worker - INFO - No waiters for signal processing-complete in workflow workflow-72d17d06-2a7c-4814-9916-9321dfc74316 - keeping in registry
[2025-11-04 18:20:47] [STDERR] 2025-11-04 18:20:47,864 - gleitzeit.workers.signal_worker - INFO - SignalWorker found 2 signals in global registry
[2025-11-04 18:20:47] [STDERR] 2025-11-04 18:20:47,864 - gleitzeit.workers.signal_worker - INFO - Processing registry entry: workflow=workflow-72d17d06-2a7c-4814-9916-9321dfc74316, signal=workflow-completed
[2025-11-04 18:20:47] [STDERR] 2025-11-04 18:20:47,864 - gleitzeit.workers.signal_worker - INFO - No waiters for signal workflow-completed in workflow workflow-72d17d06-2a7c-4814-9916-9321dfc74316 - keeping in registry
[2025-11-04 18:20:47] [STDERR] 2025-11-04 18:20:47,864 - gleitzeit.workers.signal_worker - INFO - Processing registry entry: workflow=workflow-72d17d06-2a7c-4814-9916-9321dfc74316, signal=processing-complete
[2025-11-04 18:20:47] [STDERR] 2025-11-04 18:20:47,864 - gleitzeit.workers.signal_worker - INFO - No waiters for signal processing-complete in workflow workflow-72d17d06-2a7c-4814-9916-9321dfc74316 - keeping in registry
