[2025-10-26 22:53:43] [STDERR] 2025-10-26 22:53:43,251 - __main__ - INFO - Initialized worker instance identity: gleitzei-ea6821c4
[2025-10-26 22:53:43] [STDERR] 2025-10-26 22:53:43,251 - __main__ - INFO - Loading configuration from Redis key: worker:config:signal-async:71e1bdb2
[2025-10-26 22:53:43] [STDERR] 2025-10-26 22:53:43,253 - __main__ - INFO - Loaded config for worker signal-async
[2025-10-26 22:53:43] [STDERR] 2025-10-26 22:53:43,254 - __main__ - INFO - Worker signal-async handler configs: ['python/v1', 'ollama/v1', 'http/v1', 'file/v1', 'timer/v1', 'signal/v1', 'workflow/v1']
[2025-10-26 22:53:43] [STDERR] 2025-10-26 22:53:43,254 - gleitzeit.core.redis_cluster - INFO - Redis single instance initialized at localhost:6379
[2025-10-26 22:53:43] [STDERR] 2025-10-26 22:53:43,254 - gleitzeit.workers.signal_worker - INFO - SignalWorker initialized with atomic leader election and event store
[2025-10-26 22:53:43] [STDERR] 2025-10-26 22:53:43,256 - signal.signal-async - INFO - Worker signal-async initialized with Redis Cluster, shards [0, 1, 2, 3, 4, 5, 6, 7, 8, 9, 10, 11, 12, 13, 14, 15]
[2025-10-26 22:53:43] [STDERR] 2025-10-26 22:53:43,256 - __main__ - INFO - Worker signal-async started successfully
[2025-10-26 22:53:43] [STDERR] 2025-10-26 22:53:43,256 - __main__ - INFO - Handler configurations loaded for: ['python/v1', 'ollama/v1', 'http/v1', 'file/v1', 'timer/v1', 'signal/v1', 'workflow/v1']
[2025-10-26 22:53:43] [STDERR] 2025-10-26 22:53:43,256 - gleitzeit.workers.signal_worker - INFO - Worker signal-async starting with consumer group signal-group
[2025-10-26 22:53:43] [STDERR] 2025-10-26 22:53:43,256 - gleitzeit.workers.signal_worker - INFO - Starting atomic leader election loop for signal-async
[2025-10-26 22:53:43] [STDERR] 2025-10-26 22:53:43,256 - gleitzeit.workers.signal_worker - INFO - Signal processing loop started for signal-async
[2025-10-26 22:53:43] [STDERR] 2025-10-26 22:53:43,256 - gleitzeit.workers.signal_worker - INFO - Signal processing loop iteration 1
[2025-10-26 22:53:43] [STDERR] 2025-10-26 22:53:43,257 - gleitzeit.core.leader_election - INFO - Worker signal-async became leader for {shard:0}:global:signal:leader
[2025-10-26 22:53:43] [STDERR] 2025-10-26 22:53:43,257 - gleitzeit.workers.signal_worker - INFO - Worker signal-async became signal leader
[2025-10-26 22:53:43] [STDERR] 2025-10-26 22:53:43,757 - gleitzeit.workers.signal_worker - INFO - Signal processing loop iteration 2
[2025-10-26 22:53:44] [STDERR] 2025-10-26 22:53:44,259 - gleitzeit.workers.signal_worker - INFO - Signal processing loop iteration 3
[2025-10-26 22:53:52] [STDERR] 2025-10-26 22:53:52,950 - gleitzeit.workers.signal_worker - INFO - Signal processing loop iteration 20
[2025-10-26 22:54:03] [STDERR] 2025-10-26 22:54:03,003 - gleitzeit.workers.signal_worker - INFO - Signal processing loop iteration 40
[2025-10-26 22:54:13] [STDERR] 2025-10-26 22:54:13,060 - gleitzeit.workers.signal_worker - INFO - Signal processing loop iteration 60
[2025-10-26 22:54:23] [STDERR] 2025-10-26 22:54:23,118 - gleitzeit.workers.signal_worker - INFO - Signal processing loop iteration 80
[2025-10-26 22:54:33] [STDERR] 2025-10-26 22:54:33,193 - gleitzeit.workers.signal_worker - INFO - Signal processing loop iteration 100
[2025-10-26 22:54:43] [STDERR] 2025-10-26 22:54:43,269 - gleitzeit.workers.signal_worker - INFO - Signal processing loop iteration 120
[2025-10-26 22:54:53] [STDERR] 2025-10-26 22:54:53,330 - gleitzeit.workers.signal_worker - INFO - Signal processing loop iteration 140
[2025-10-26 22:55:03] [STDERR] 2025-10-26 22:55:03,449 - gleitzeit.workers.signal_worker - INFO - Signal processing loop iteration 160
[2025-10-26 22:55:18] [STDERR] 2025-10-26 22:55:18,032 - gleitzeit.core.leader_election - INFO - Worker signal-async lost leadership for {shard:0}:global:signal:leader
[2025-10-26 22:55:18] [STDERR] 2025-10-26 22:55:18,032 - gleitzeit.workers.signal_worker - INFO - Worker signal-async lost signal leadership
[2025-10-26 22:55:21] [STDERR] 2025-10-26 22:55:21,400 - gleitzeit.workers.signal_worker - INFO - Signal processing loop iteration 180
[2025-10-26 22:55:31] [STDERR] 2025-10-26 22:55:31,422 - gleitzeit.workers.signal_worker - INFO - Signal processing loop iteration 200
[2025-10-26 22:55:41] [STDERR] 2025-10-26 22:55:41,446 - gleitzeit.workers.signal_worker - INFO - Signal processing loop iteration 220
[2025-10-26 22:55:51] [STDERR] 2025-10-26 22:55:51,507 - gleitzeit.workers.signal_worker - INFO - Signal processing loop iteration 240
[2025-10-26 22:56:01] [STDERR] 2025-10-26 22:56:01,530 - gleitzeit.workers.signal_worker - INFO - Signal processing loop iteration 260
[2025-10-26 22:56:11] [STDERR] 2025-10-26 22:56:11,553 - gleitzeit.workers.signal_worker - INFO - Signal processing loop iteration 280
[2025-10-26 22:56:21] [STDERR] 2025-10-26 22:56:21,617 - gleitzeit.workers.signal_worker - INFO - Signal processing loop iteration 300
[2025-10-26 22:56:31] [STDERR] 2025-10-26 22:56:31,640 - gleitzeit.workers.signal_worker - INFO - Signal processing loop iteration 320
[2025-10-26 22:56:41] [STDERR] 2025-10-26 22:56:41,663 - gleitzeit.workers.signal_worker - INFO - Signal processing loop iteration 340
[2025-10-26 22:56:51] [STDERR] 2025-10-26 22:56:51,722 - gleitzeit.workers.signal_worker - INFO - Signal processing loop iteration 360
[2025-10-26 22:57:01] [STDERR] 2025-10-26 22:57:01,747 - gleitzeit.workers.signal_worker - INFO - Signal processing loop iteration 380
[2025-10-26 22:57:11] [STDERR] 2025-10-26 22:57:11,771 - gleitzeit.workers.signal_worker - INFO - Signal processing loop iteration 400
[2025-10-26 22:57:21] [STDERR] 2025-10-26 22:57:21,826 - gleitzeit.workers.signal_worker - INFO - Signal processing loop iteration 420
[2025-10-26 22:57:31] [STDERR] 2025-10-26 22:57:31,849 - gleitzeit.workers.signal_worker - INFO - Signal processing loop iteration 440
[2025-10-26 22:57:41] [STDERR] 2025-10-26 22:57:41,871 - gleitzeit.workers.signal_worker - INFO - Signal processing loop iteration 460
[2025-10-26 22:57:51] [STDERR] 2025-10-26 22:57:51,936 - gleitzeit.workers.signal_worker - INFO - Signal processing loop iteration 480
[2025-10-26 22:58:01] [STDERR] 2025-10-26 22:58:01,958 - gleitzeit.workers.signal_worker - INFO - Signal processing loop iteration 500
[2025-10-26 22:58:11] [STDERR] 2025-10-26 22:58:11,980 - gleitzeit.workers.signal_worker - INFO - Signal processing loop iteration 520
[2025-10-26 22:58:22] [STDERR] 2025-10-26 22:58:22,040 - gleitzeit.workers.signal_worker - INFO - Signal processing loop iteration 540
[2025-10-26 22:58:32] [STDERR] 2025-10-26 22:58:32,061 - gleitzeit.workers.signal_worker - INFO - Signal processing loop iteration 560
[2025-10-26 22:58:42] [STDERR] 2025-10-26 22:58:42,084 - gleitzeit.workers.signal_worker - INFO - Signal processing loop iteration 580
[2025-10-26 22:58:52] [STDERR] 2025-10-26 22:58:52,150 - gleitzeit.workers.signal_worker - INFO - Signal processing loop iteration 600
[2025-10-26 22:59:02] [STDERR] 2025-10-26 22:59:02,172 - gleitzeit.workers.signal_worker - INFO - Signal processing loop iteration 620
[2025-10-26 22:59:12] [STDERR] 2025-10-26 22:59:12,194 - gleitzeit.workers.signal_worker - INFO - Signal processing loop iteration 640
[2025-10-26 22:59:22] [STDERR] 2025-10-26 22:59:22,259 - gleitzeit.workers.signal_worker - INFO - Signal processing loop iteration 660
[2025-10-26 22:59:32] [STDERR] 2025-10-26 22:59:32,281 - gleitzeit.workers.signal_worker - INFO - Signal processing loop iteration 680
[2025-10-26 22:59:42] [STDERR] 2025-10-26 22:59:42,304 - gleitzeit.workers.signal_worker - INFO - Signal processing loop iteration 700
[2025-10-26 22:59:52] [STDERR] 2025-10-26 22:59:52,366 - gleitzeit.workers.signal_worker - INFO - Signal processing loop iteration 720
[2025-10-26 23:00:02] [STDERR] 2025-10-26 23:00:02,387 - gleitzeit.workers.signal_worker - INFO - Signal processing loop iteration 740
[2025-10-26 23:00:12] [STDERR] 2025-10-26 23:00:12,411 - gleitzeit.workers.signal_worker - INFO - Signal processing loop iteration 760
[2025-10-26 23:00:22] [STDERR] 2025-10-26 23:00:22,471 - gleitzeit.workers.signal_worker - INFO - Signal processing loop iteration 780
[2025-10-26 23:00:32] [STDERR] 2025-10-26 23:00:32,493 - gleitzeit.workers.signal_worker - INFO - Signal processing loop iteration 800
[2025-10-26 23:00:42] [STDERR] 2025-10-26 23:00:42,516 - gleitzeit.workers.signal_worker - INFO - Signal processing loop iteration 820
[2025-10-26 23:00:52] [STDERR] 2025-10-26 23:00:52,580 - gleitzeit.workers.signal_worker - INFO - Signal processing loop iteration 840
[2025-10-26 23:01:02] [STDERR] 2025-10-26 23:01:02,602 - gleitzeit.workers.signal_worker - INFO - Signal processing loop iteration 860
[2025-10-26 23:01:12] [STDERR] 2025-10-26 23:01:12,624 - gleitzeit.workers.signal_worker - INFO - Signal processing loop iteration 880
[2025-10-26 23:01:22] [STDERR] 2025-10-26 23:01:22,687 - gleitzeit.workers.signal_worker - INFO - Signal processing loop iteration 900
[2025-10-26 23:01:32] [STDERR] 2025-10-26 23:01:32,710 - gleitzeit.workers.signal_worker - INFO - Signal processing loop iteration 920
[2025-10-26 23:01:42] [STDERR] 2025-10-26 23:01:42,731 - gleitzeit.workers.signal_worker - INFO - Signal processing loop iteration 940
[2025-10-26 23:01:52] [STDERR] 2025-10-26 23:01:52,797 - gleitzeit.workers.signal_worker - INFO - Signal processing loop iteration 960
[2025-10-26 23:02:02] [STDERR] 2025-10-26 23:02:02,818 - gleitzeit.workers.signal_worker - INFO - Signal processing loop iteration 980
[2025-10-26 23:02:12] [STDERR] 2025-10-26 23:02:12,841 - gleitzeit.workers.signal_worker - INFO - Signal processing loop iteration 1000
[2025-10-26 23:02:22] [STDERR] 2025-10-26 23:02:22,911 - gleitzeit.workers.signal_worker - INFO - Signal processing loop iteration 1020
[2025-10-26 23:02:32] [STDERR] 2025-10-26 23:02:32,946 - gleitzeit.workers.signal_worker - INFO - Signal processing loop iteration 1040
[2025-10-26 23:02:42] [STDERR] 2025-10-26 23:02:42,985 - gleitzeit.workers.signal_worker - INFO - Signal processing loop iteration 1060
[2025-10-26 23:02:53] [STDERR] 2025-10-26 23:02:53,020 - gleitzeit.workers.signal_worker - INFO - Signal processing loop iteration 1080
[2025-10-26 23:03:03] [STDERR] 2025-10-26 23:03:03,060 - gleitzeit.workers.signal_worker - INFO - Signal processing loop iteration 1100
[2025-10-26 23:03:13] [STDERR] 2025-10-26 23:03:13,102 - gleitzeit.workers.signal_worker - INFO - Signal processing loop iteration 1120
[2025-10-26 23:03:23] [STDERR] 2025-10-26 23:03:23,139 - gleitzeit.workers.signal_worker - INFO - Signal processing loop iteration 1140
[2025-10-26 23:03:33] [STDERR] 2025-10-26 23:03:33,177 - gleitzeit.workers.signal_worker - INFO - Signal processing loop iteration 1160
[2025-10-26 23:03:43] [STDERR] 2025-10-26 23:03:43,215 - gleitzeit.workers.signal_worker - INFO - Signal processing loop iteration 1180
[2025-10-26 23:03:53] [STDERR] 2025-10-26 23:03:53,255 - gleitzeit.workers.signal_worker - INFO - Signal processing loop iteration 1200
[2025-10-26 23:04:03] [STDERR] 2025-10-26 23:04:03,296 - gleitzeit.workers.signal_worker - INFO - Signal processing loop iteration 1220
[2025-10-26 23:04:13] [STDERR] 2025-10-26 23:04:13,331 - gleitzeit.workers.signal_worker - INFO - Signal processing loop iteration 1240
[2025-10-26 23:04:23] [STDERR] 2025-10-26 23:04:23,372 - gleitzeit.workers.signal_worker - INFO - Signal processing loop iteration 1260
[2025-10-26 23:04:33] [STDERR] 2025-10-26 23:04:33,412 - gleitzeit.workers.signal_worker - INFO - Signal processing loop iteration 1280
[2025-10-26 23:04:43] [STDERR] 2025-10-26 23:04:43,441 - gleitzeit.workers.signal_worker - INFO - Signal processing loop iteration 1300
[2025-10-26 23:04:53] [STDERR] 2025-10-26 23:04:53,480 - gleitzeit.workers.signal_worker - INFO - Signal processing loop iteration 1320
[2025-10-26 23:05:03] [STDERR] 2025-10-26 23:05:03,517 - gleitzeit.workers.signal_worker - INFO - Signal processing loop iteration 1340
[2025-10-26 23:05:13] [STDERR] 2025-10-26 23:05:13,555 - gleitzeit.workers.signal_worker - INFO - Signal processing loop iteration 1360
[2025-10-26 23:05:23] [STDERR] 2025-10-26 23:05:23,592 - gleitzeit.workers.signal_worker - INFO - Signal processing loop iteration 1380
[2025-10-26 23:05:33] [STDERR] 2025-10-26 23:05:33,633 - gleitzeit.workers.signal_worker - INFO - Signal processing loop iteration 1400
[2025-10-26 23:05:43] [STDERR] 2025-10-26 23:05:43,672 - gleitzeit.workers.signal_worker - INFO - Signal processing loop iteration 1420
[2025-10-26 23:05:53] [STDERR] 2025-10-26 23:05:53,719 - gleitzeit.workers.signal_worker - INFO - Signal processing loop iteration 1440
[2025-10-26 23:06:03] [STDERR] 2025-10-26 23:06:03,754 - gleitzeit.workers.signal_worker - INFO - Signal processing loop iteration 1460
[2025-10-26 23:06:13] [STDERR] 2025-10-26 23:06:13,791 - gleitzeit.workers.signal_worker - INFO - Signal processing loop iteration 1480
[2025-10-26 23:06:23] [STDERR] 2025-10-26 23:06:23,825 - gleitzeit.workers.signal_worker - INFO - Signal processing loop iteration 1500
[2025-10-26 23:06:33] [STDERR] 2025-10-26 23:06:33,866 - gleitzeit.workers.signal_worker - INFO - Signal processing loop iteration 1520
[2025-10-26 23:06:43] [STDERR] 2025-10-26 23:06:43,902 - gleitzeit.workers.signal_worker - INFO - Signal processing loop iteration 1540
[2025-10-26 23:06:53] [STDERR] 2025-10-26 23:06:53,933 - gleitzeit.workers.signal_worker - INFO - Signal processing loop iteration 1560
[2025-10-26 23:07:03] [STDERR] 2025-10-26 23:07:03,966 - gleitzeit.workers.signal_worker - INFO - Signal processing loop iteration 1580
[2025-10-26 23:07:14] [STDERR] 2025-10-26 23:07:14,002 - gleitzeit.workers.signal_worker - INFO - Signal processing loop iteration 1600
[2025-10-26 23:07:24] [STDERR] 2025-10-26 23:07:24,042 - gleitzeit.workers.signal_worker - INFO - Signal processing loop iteration 1620
[2025-10-26 23:07:34] [STDERR] 2025-10-26 23:07:34,081 - gleitzeit.workers.signal_worker - INFO - Signal processing loop iteration 1640
[2025-10-26 23:07:44] [STDERR] 2025-10-26 23:07:44,123 - gleitzeit.workers.signal_worker - INFO - Signal processing loop iteration 1660
[2025-10-26 23:07:54] [STDERR] 2025-10-26 23:07:54,154 - gleitzeit.workers.signal_worker - INFO - Signal processing loop iteration 1680
[2025-10-26 23:08:04] [STDERR] 2025-10-26 23:08:04,193 - gleitzeit.workers.signal_worker - INFO - Signal processing loop iteration 1700
[2025-10-26 23:08:14] [STDERR] 2025-10-26 23:08:14,235 - gleitzeit.workers.signal_worker - INFO - Signal processing loop iteration 1720
[2025-10-26 23:08:24] [STDERR] 2025-10-26 23:08:24,270 - gleitzeit.workers.signal_worker - INFO - Signal processing loop iteration 1740
[2025-10-26 23:08:34] [STDERR] 2025-10-26 23:08:34,309 - gleitzeit.workers.signal_worker - INFO - Signal processing loop iteration 1760
[2025-10-26 23:08:44] [STDERR] 2025-10-26 23:08:44,345 - gleitzeit.workers.signal_worker - INFO - Signal processing loop iteration 1780
[2025-10-26 23:08:54] [STDERR] 2025-10-26 23:08:54,385 - gleitzeit.workers.signal_worker - INFO - Signal processing loop iteration 1800
[2025-10-26 23:09:04] [STDERR] 2025-10-26 23:09:04,421 - gleitzeit.workers.signal_worker - INFO - Signal processing loop iteration 1820
[2025-10-26 23:09:14] [STDERR] 2025-10-26 23:09:14,462 - gleitzeit.workers.signal_worker - INFO - Signal processing loop iteration 1840
[2025-10-26 23:09:24] [STDERR] 2025-10-26 23:09:24,501 - gleitzeit.workers.signal_worker - INFO - Signal processing loop iteration 1860
[2025-10-26 23:09:34] [STDERR] 2025-10-26 23:09:34,534 - gleitzeit.workers.signal_worker - INFO - Signal processing loop iteration 1880
[2025-10-26 23:09:44] [STDERR] 2025-10-26 23:09:44,557 - gleitzeit.workers.signal_worker - INFO - Signal processing loop iteration 1900
[2025-10-26 23:09:54] [STDERR] 2025-10-26 23:09:54,578 - gleitzeit.workers.signal_worker - INFO - Signal processing loop iteration 1920
[2025-10-26 23:10:04] [STDERR] 2025-10-26 23:10:04,602 - gleitzeit.workers.signal_worker - INFO - Signal processing loop iteration 1940
[2025-10-26 23:10:14] [STDERR] 2025-10-26 23:10:14,626 - gleitzeit.workers.signal_worker - INFO - Signal processing loop iteration 1960
[2025-10-26 23:10:24] [STDERR] 2025-10-26 23:10:24,683 - gleitzeit.workers.signal_worker - INFO - Signal processing loop iteration 1980
[2025-10-26 23:10:34] [STDERR] 2025-10-26 23:10:34,706 - gleitzeit.workers.signal_worker - INFO - Signal processing loop iteration 2000
[2025-10-26 23:10:44] [STDERR] 2025-10-26 23:10:44,728 - gleitzeit.workers.signal_worker - INFO - Signal processing loop iteration 2020
[2025-10-26 23:10:54] [STDERR] 2025-10-26 23:10:54,792 - gleitzeit.workers.signal_worker - INFO - Signal processing loop iteration 2040
[2025-10-26 23:11:04] [STDERR] 2025-10-26 23:11:04,814 - gleitzeit.workers.signal_worker - INFO - Signal processing loop iteration 2060
[2025-10-26 23:11:14] [STDERR] 2025-10-26 23:11:14,836 - gleitzeit.workers.signal_worker - INFO - Signal processing loop iteration 2080
[2025-10-26 23:11:24] [STDERR] 2025-10-26 23:11:24,899 - gleitzeit.workers.signal_worker - INFO - Signal processing loop iteration 2100
[2025-10-26 23:11:34] [STDERR] 2025-10-26 23:11:34,919 - gleitzeit.workers.signal_worker - INFO - Signal processing loop iteration 2120
[2025-10-26 23:11:44] [STDERR] 2025-10-26 23:11:44,942 - gleitzeit.workers.signal_worker - INFO - Signal processing loop iteration 2140
[2025-10-26 23:11:55] [STDERR] 2025-10-26 23:11:55,008 - gleitzeit.workers.signal_worker - INFO - Signal processing loop iteration 2160
[2025-10-26 23:12:05] [STDERR] 2025-10-26 23:12:05,031 - gleitzeit.workers.signal_worker - INFO - Signal processing loop iteration 2180
[2025-10-26 23:12:15] [STDERR] 2025-10-26 23:12:15,054 - gleitzeit.workers.signal_worker - INFO - Signal processing loop iteration 2200
[2025-10-26 23:12:25] [STDERR] 2025-10-26 23:12:25,116 - gleitzeit.workers.signal_worker - INFO - Signal processing loop iteration 2220
[2025-10-26 23:12:35] [STDERR] 2025-10-26 23:12:35,138 - gleitzeit.workers.signal_worker - INFO - Signal processing loop iteration 2240
[2025-10-26 23:12:45] [STDERR] 2025-10-26 23:12:45,159 - gleitzeit.workers.signal_worker - INFO - Signal processing loop iteration 2260
[2025-10-26 23:12:55] [STDERR] 2025-10-26 23:12:55,226 - gleitzeit.workers.signal_worker - INFO - Signal processing loop iteration 2280
[2025-10-26 23:13:05] [STDERR] 2025-10-26 23:13:05,249 - gleitzeit.workers.signal_worker - INFO - Signal processing loop iteration 2300
[2025-10-26 23:13:15] [STDERR] 2025-10-26 23:13:15,272 - gleitzeit.workers.signal_worker - INFO - Signal processing loop iteration 2320
[2025-10-26 23:13:25] [STDERR] 2025-10-26 23:13:25,334 - gleitzeit.workers.signal_worker - INFO - Signal processing loop iteration 2340
[2025-10-26 23:13:35] [STDERR] 2025-10-26 23:13:35,356 - gleitzeit.workers.signal_worker - INFO - Signal processing loop iteration 2360
[2025-10-26 23:13:45] [STDERR] 2025-10-26 23:13:45,380 - gleitzeit.workers.signal_worker - INFO - Signal processing loop iteration 2380
[2025-10-26 23:13:55] [STDERR] 2025-10-26 23:13:55,443 - gleitzeit.workers.signal_worker - INFO - Signal processing loop iteration 2400
[2025-10-26 23:14:05] [STDERR] 2025-10-26 23:14:05,466 - gleitzeit.workers.signal_worker - INFO - Signal processing loop iteration 2420
[2025-10-26 23:14:15] [STDERR] 2025-10-26 23:14:15,486 - gleitzeit.workers.signal_worker - INFO - Signal processing loop iteration 2440
[2025-10-26 23:14:25] [STDERR] 2025-10-26 23:14:25,550 - gleitzeit.workers.signal_worker - INFO - Signal processing loop iteration 2460
[2025-10-26 23:14:35] [STDERR] 2025-10-26 23:14:35,574 - gleitzeit.workers.signal_worker - INFO - Signal processing loop iteration 2480
[2025-10-26 23:14:45] [STDERR] 2025-10-26 23:14:45,597 - gleitzeit.workers.signal_worker - INFO - Signal processing loop iteration 2500
[2025-10-26 23:14:55] [STDERR] 2025-10-26 23:14:55,658 - gleitzeit.workers.signal_worker - INFO - Signal processing loop iteration 2520
[2025-10-26 23:15:05] [STDERR] 2025-10-26 23:15:05,681 - gleitzeit.workers.signal_worker - INFO - Signal processing loop iteration 2540
[2025-10-26 23:15:15] [STDERR] 2025-10-26 23:15:15,703 - gleitzeit.workers.signal_worker - INFO - Signal processing loop iteration 2560
[2025-10-26 23:15:25] [STDERR] 2025-10-26 23:15:25,769 - gleitzeit.workers.signal_worker - INFO - Signal processing loop iteration 2580
[2025-10-26 23:15:35] [STDERR] 2025-10-26 23:15:35,792 - gleitzeit.workers.signal_worker - INFO - Signal processing loop iteration 2600
[2025-10-26 23:15:45] [STDERR] 2025-10-26 23:15:45,813 - gleitzeit.workers.signal_worker - INFO - Signal processing loop iteration 2620
[2025-10-26 23:15:55] [STDERR] 2025-10-26 23:15:55,879 - gleitzeit.workers.signal_worker - INFO - Signal processing loop iteration 2640
[2025-10-26 23:16:05] [STDERR] 2025-10-26 23:16:05,899 - gleitzeit.workers.signal_worker - INFO - Signal processing loop iteration 2660
[2025-10-26 23:16:15] [STDERR] 2025-10-26 23:16:15,922 - gleitzeit.workers.signal_worker - INFO - Signal processing loop iteration 2680
[2025-10-26 23:16:25] [STDERR] 2025-10-26 23:16:25,989 - gleitzeit.workers.signal_worker - INFO - Signal processing loop iteration 2700
[2025-10-26 23:16:36] [STDERR] 2025-10-26 23:16:36,011 - gleitzeit.workers.signal_worker - INFO - Signal processing loop iteration 2720
[2025-10-26 23:16:46] [STDERR] 2025-10-26 23:16:46,035 - gleitzeit.workers.signal_worker - INFO - Signal processing loop iteration 2740
[2025-10-26 23:16:56] [STDERR] 2025-10-26 23:16:56,098 - gleitzeit.workers.signal_worker - INFO - Signal processing loop iteration 2760
[2025-10-26 23:17:06] [STDERR] 2025-10-26 23:17:06,121 - gleitzeit.workers.signal_worker - INFO - Signal processing loop iteration 2780
[2025-10-26 23:17:16] [STDERR] 2025-10-26 23:17:16,145 - gleitzeit.workers.signal_worker - INFO - Signal processing loop iteration 2800
[2025-10-26 23:17:26] [STDERR] 2025-10-26 23:17:26,208 - gleitzeit.workers.signal_worker - INFO - Signal processing loop iteration 2820
[2025-10-26 23:17:36] [STDERR] 2025-10-26 23:17:36,231 - gleitzeit.workers.signal_worker - INFO - Signal processing loop iteration 2840
[2025-10-26 23:17:46] [STDERR] 2025-10-26 23:17:46,255 - gleitzeit.workers.signal_worker - INFO - Signal processing loop iteration 2860
[2025-10-26 23:17:56] [STDERR] 2025-10-26 23:17:56,318 - gleitzeit.workers.signal_worker - INFO - Signal processing loop iteration 2880
[2025-10-26 23:18:06] [STDERR] 2025-10-26 23:18:06,340 - gleitzeit.workers.signal_worker - INFO - Signal processing loop iteration 2900
[2025-10-26 23:18:16] [STDERR] 2025-10-26 23:18:16,362 - gleitzeit.workers.signal_worker - INFO - Signal processing loop iteration 2920
[2025-10-26 23:18:26] [STDERR] 2025-10-26 23:18:26,428 - gleitzeit.workers.signal_worker - INFO - Signal processing loop iteration 2940
[2025-10-26 23:18:36] [STDERR] 2025-10-26 23:18:36,450 - gleitzeit.workers.signal_worker - INFO - Signal processing loop iteration 2960
[2025-10-26 23:18:46] [STDERR] 2025-10-26 23:18:46,474 - gleitzeit.workers.signal_worker - INFO - Signal processing loop iteration 2980
[2025-10-26 23:18:56] [STDERR] 2025-10-26 23:18:56,538 - gleitzeit.workers.signal_worker - INFO - Signal processing loop iteration 3000
[2025-10-26 23:19:06] [STDERR] 2025-10-26 23:19:06,559 - gleitzeit.workers.signal_worker - INFO - Signal processing loop iteration 3020
[2025-10-26 23:19:16] [STDERR] 2025-10-26 23:19:16,580 - gleitzeit.workers.signal_worker - INFO - Signal processing loop iteration 3040
[2025-10-26 23:19:26] [STDERR] 2025-10-26 23:19:26,646 - gleitzeit.workers.signal_worker - INFO - Signal processing loop iteration 3060
[2025-10-26 23:19:36] [STDERR] 2025-10-26 23:19:36,665 - gleitzeit.workers.signal_worker - INFO - Signal processing loop iteration 3080
[2025-10-26 23:19:46] [STDERR] 2025-10-26 23:19:46,693 - gleitzeit.workers.signal_worker - INFO - Signal processing loop iteration 3100
[2025-10-26 23:19:56] [STDERR] 2025-10-26 23:19:56,754 - gleitzeit.workers.signal_worker - INFO - Signal processing loop iteration 3120
[2025-10-26 23:20:06] [STDERR] 2025-10-26 23:20:06,778 - gleitzeit.workers.signal_worker - INFO - Signal processing loop iteration 3140
[2025-10-26 23:20:16] [STDERR] 2025-10-26 23:20:16,800 - gleitzeit.workers.signal_worker - INFO - Signal processing loop iteration 3160
[2025-10-26 23:20:26] [STDERR] 2025-10-26 23:20:26,862 - gleitzeit.workers.signal_worker - INFO - Signal processing loop iteration 3180
[2025-10-26 23:20:36] [STDERR] 2025-10-26 23:20:36,896 - gleitzeit.workers.signal_worker - INFO - Signal processing loop iteration 3200
[2025-10-26 23:20:46] [STDERR] 2025-10-26 23:20:46,937 - gleitzeit.workers.signal_worker - INFO - Signal processing loop iteration 3220
[2025-10-26 23:20:56] [STDERR] 2025-10-26 23:20:56,974 - gleitzeit.workers.signal_worker - INFO - Signal processing loop iteration 3240
[2025-10-26 23:21:07] [STDERR] 2025-10-26 23:21:07,013 - gleitzeit.workers.signal_worker - INFO - Signal processing loop iteration 3260
[2025-10-26 23:21:17] [STDERR] 2025-10-26 23:21:17,052 - gleitzeit.workers.signal_worker - INFO - Signal processing loop iteration 3280
[2025-10-26 23:21:27] [STDERR] 2025-10-26 23:21:27,089 - gleitzeit.workers.signal_worker - INFO - Signal processing loop iteration 3300
[2025-10-26 23:21:37] [STDERR] 2025-10-26 23:21:37,128 - gleitzeit.workers.signal_worker - INFO - Signal processing loop iteration 3320
[2025-10-26 23:21:47] [STDERR] 2025-10-26 23:21:47,167 - gleitzeit.workers.signal_worker - INFO - Signal processing loop iteration 3340
[2025-10-26 23:21:57] [STDERR] 2025-10-26 23:21:57,205 - gleitzeit.workers.signal_worker - INFO - Signal processing loop iteration 3360
[2025-10-26 23:22:07] [STDERR] 2025-10-26 23:22:07,246 - gleitzeit.workers.signal_worker - INFO - Signal processing loop iteration 3380
[2025-10-26 23:22:17] [STDERR] 2025-10-26 23:22:17,289 - gleitzeit.workers.signal_worker - INFO - Signal processing loop iteration 3400
[2025-10-26 23:22:27] [STDERR] 2025-10-26 23:22:27,329 - gleitzeit.workers.signal_worker - INFO - Signal processing loop iteration 3420
[2025-10-26 23:22:37] [STDERR] 2025-10-26 23:22:37,372 - gleitzeit.workers.signal_worker - INFO - Signal processing loop iteration 3440
[2025-10-26 23:22:47] [STDERR] 2025-10-26 23:22:47,410 - gleitzeit.workers.signal_worker - INFO - Signal processing loop iteration 3460
[2025-10-26 23:22:57] [STDERR] 2025-10-26 23:22:57,448 - gleitzeit.workers.signal_worker - INFO - Signal processing loop iteration 3480
[2025-10-26 23:23:07] [STDERR] 2025-10-26 23:23:07,487 - gleitzeit.workers.signal_worker - INFO - Signal processing loop iteration 3500
[2025-10-26 23:23:17] [STDERR] 2025-10-26 23:23:17,529 - gleitzeit.workers.signal_worker - INFO - Signal processing loop iteration 3520
[2025-10-26 23:23:27] [STDERR] 2025-10-26 23:23:27,570 - gleitzeit.workers.signal_worker - INFO - Signal processing loop iteration 3540
[2025-10-26 23:23:37] [STDERR] 2025-10-26 23:23:37,608 - gleitzeit.workers.signal_worker - INFO - Signal processing loop iteration 3560
[2025-10-26 23:23:47] [STDERR] 2025-10-26 23:23:47,645 - gleitzeit.workers.signal_worker - INFO - Signal processing loop iteration 3580
[2025-10-26 23:23:57] [STDERR] 2025-10-26 23:23:57,682 - gleitzeit.workers.signal_worker - INFO - Signal processing loop iteration 3600
[2025-10-26 23:24:07] [STDERR] 2025-10-26 23:24:07,716 - gleitzeit.workers.signal_worker - INFO - Signal processing loop iteration 3620
[2025-10-26 23:24:17] [STDERR] 2025-10-26 23:24:17,758 - gleitzeit.workers.signal_worker - INFO - Signal processing loop iteration 3640
[2025-10-26 23:24:27] [STDERR] 2025-10-26 23:24:27,797 - gleitzeit.workers.signal_worker - INFO - Signal processing loop iteration 3660
[2025-10-26 23:24:37] [STDERR] 2025-10-26 23:24:37,838 - gleitzeit.workers.signal_worker - INFO - Signal processing loop iteration 3680
[2025-10-26 23:24:47] [STDERR] 2025-10-26 23:24:47,876 - gleitzeit.workers.signal_worker - INFO - Signal processing loop iteration 3700
[2025-10-26 23:24:57] [STDERR] 2025-10-26 23:24:57,913 - gleitzeit.workers.signal_worker - INFO - Signal processing loop iteration 3720
[2025-10-26 23:25:07] [STDERR] 2025-10-26 23:25:07,951 - gleitzeit.workers.signal_worker - INFO - Signal processing loop iteration 3740
[2025-10-26 23:25:17] [STDERR] 2025-10-26 23:25:17,989 - gleitzeit.workers.signal_worker - INFO - Signal processing loop iteration 3760
[2025-10-26 23:25:28] [STDERR] 2025-10-26 23:25:28,028 - gleitzeit.workers.signal_worker - INFO - Signal processing loop iteration 3780
[2025-10-26 23:25:38] [STDERR] 2025-10-26 23:25:38,065 - gleitzeit.workers.signal_worker - INFO - Signal processing loop iteration 3800
[2025-10-26 23:25:48] [STDERR] 2025-10-26 23:25:48,105 - gleitzeit.workers.signal_worker - INFO - Signal processing loop iteration 3820
[2025-10-26 23:25:58] [STDERR] 2025-10-26 23:25:58,146 - gleitzeit.workers.signal_worker - INFO - Signal processing loop iteration 3840
[2025-10-26 23:26:08] [STDERR] 2025-10-26 23:26:08,186 - gleitzeit.workers.signal_worker - INFO - Signal processing loop iteration 3860
[2025-10-26 23:26:18] [STDERR] 2025-10-26 23:26:18,228 - gleitzeit.workers.signal_worker - INFO - Signal processing loop iteration 3880
[2025-10-26 23:26:28] [STDERR] 2025-10-26 23:26:28,270 - gleitzeit.workers.signal_worker - INFO - Signal processing loop iteration 3900
[2025-10-26 23:26:38] [STDERR] 2025-10-26 23:26:38,312 - gleitzeit.workers.signal_worker - INFO - Signal processing loop iteration 3920
[2025-10-26 23:26:48] [STDERR] 2025-10-26 23:26:48,348 - gleitzeit.workers.signal_worker - INFO - Signal processing loop iteration 3940
[2025-10-26 23:26:58] [STDERR] 2025-10-26 23:26:58,390 - gleitzeit.workers.signal_worker - INFO - Signal processing loop iteration 3960
[2025-10-26 23:27:08] [STDERR] 2025-10-26 23:27:08,427 - gleitzeit.workers.signal_worker - INFO - Signal processing loop iteration 3980
[2025-10-26 23:27:18] [STDERR] 2025-10-26 23:27:18,465 - gleitzeit.workers.signal_worker - INFO - Signal processing loop iteration 4000
[2025-10-26 23:27:28] [STDERR] 2025-10-26 23:27:28,508 - gleitzeit.workers.signal_worker - INFO - Signal processing loop iteration 4020
[2025-10-26 23:27:38] [STDERR] 2025-10-26 23:27:38,549 - gleitzeit.workers.signal_worker - INFO - Signal processing loop iteration 4040
[2025-10-26 23:27:48] [STDERR] 2025-10-26 23:27:48,589 - gleitzeit.workers.signal_worker - INFO - Signal processing loop iteration 4060
[2025-10-26 23:27:58] [STDERR] 2025-10-26 23:27:58,627 - gleitzeit.workers.signal_worker - INFO - Signal processing loop iteration 4080
[2025-10-26 23:28:08] [STDERR] 2025-10-26 23:28:08,670 - gleitzeit.workers.signal_worker - INFO - Signal processing loop iteration 4100
[2025-10-26 23:28:18] [STDERR] 2025-10-26 23:28:18,707 - gleitzeit.workers.signal_worker - INFO - Signal processing loop iteration 4120
[2025-10-26 23:28:28] [STDERR] 2025-10-26 23:28:28,748 - gleitzeit.workers.signal_worker - INFO - Signal processing loop iteration 4140
[2025-10-26 23:28:38] [STDERR] 2025-10-26 23:28:38,787 - gleitzeit.workers.signal_worker - INFO - Signal processing loop iteration 4160
[2025-10-26 23:28:48] [STDERR] 2025-10-26 23:28:48,826 - gleitzeit.workers.signal_worker - INFO - Signal processing loop iteration 4180
[2025-10-26 23:28:58] [STDERR] 2025-10-26 23:28:58,864 - gleitzeit.workers.signal_worker - INFO - Signal processing loop iteration 4200
[2025-10-26 23:29:08] [STDERR] 2025-10-26 23:29:08,907 - gleitzeit.workers.signal_worker - INFO - Signal processing loop iteration 4220
[2025-10-26 23:29:18] [STDERR] 2025-10-26 23:29:18,945 - gleitzeit.workers.signal_worker - INFO - Signal processing loop iteration 4240
[2025-10-26 23:29:28] [STDERR] 2025-10-26 23:29:28,985 - gleitzeit.workers.signal_worker - INFO - Signal processing loop iteration 4260
[2025-10-26 23:29:39] [STDERR] 2025-10-26 23:29:39,023 - gleitzeit.workers.signal_worker - INFO - Signal processing loop iteration 4280
[2025-10-26 23:29:49] [STDERR] 2025-10-26 23:29:49,059 - gleitzeit.workers.signal_worker - INFO - Signal processing loop iteration 4300
[2025-10-26 23:29:59] [STDERR] 2025-10-26 23:29:59,100 - gleitzeit.workers.signal_worker - INFO - Signal processing loop iteration 4320
[2025-10-26 23:30:09] [STDERR] 2025-10-26 23:30:09,141 - gleitzeit.workers.signal_worker - INFO - Signal processing loop iteration 4340
[2025-10-26 23:30:19] [STDERR] 2025-10-26 23:30:19,185 - gleitzeit.workers.signal_worker - INFO - Signal processing loop iteration 4360
[2025-10-26 23:30:29] [STDERR] 2025-10-26 23:30:29,227 - gleitzeit.workers.signal_worker - INFO - Signal processing loop iteration 4380
[2025-10-26 23:30:39] [STDERR] 2025-10-26 23:30:39,268 - gleitzeit.workers.signal_worker - INFO - Signal processing loop iteration 4400
[2025-10-26 23:30:49] [STDERR] 2025-10-26 23:30:49,311 - gleitzeit.workers.signal_worker - INFO - Signal processing loop iteration 4420
[2025-10-26 23:30:59] [STDERR] 2025-10-26 23:30:59,353 - gleitzeit.workers.signal_worker - INFO - Signal processing loop iteration 4440
[2025-10-26 23:31:09] [STDERR] 2025-10-26 23:31:09,397 - gleitzeit.workers.signal_worker - INFO - Signal processing loop iteration 4460
[2025-10-26 23:31:19] [STDERR] 2025-10-26 23:31:19,435 - gleitzeit.workers.signal_worker - INFO - Signal processing loop iteration 4480
[2025-10-26 23:31:29] [STDERR] 2025-10-26 23:31:29,474 - gleitzeit.workers.signal_worker - INFO - Signal processing loop iteration 4500
[2025-10-26 23:31:39] [STDERR] 2025-10-26 23:31:39,511 - gleitzeit.workers.signal_worker - INFO - Signal processing loop iteration 4520
[2025-10-26 23:31:49] [STDERR] 2025-10-26 23:31:49,554 - gleitzeit.workers.signal_worker - INFO - Signal processing loop iteration 4540
[2025-10-26 23:31:59] [STDERR] 2025-10-26 23:31:59,594 - gleitzeit.workers.signal_worker - INFO - Signal processing loop iteration 4560
[2025-10-26 23:32:09] [STDERR] 2025-10-26 23:32:09,638 - gleitzeit.workers.signal_worker - INFO - Signal processing loop iteration 4580
[2025-10-26 23:32:19] [STDERR] 2025-10-26 23:32:19,677 - gleitzeit.workers.signal_worker - INFO - Signal processing loop iteration 4600
[2025-10-26 23:32:29] [STDERR] 2025-10-26 23:32:29,716 - gleitzeit.workers.signal_worker - INFO - Signal processing loop iteration 4620
[2025-10-26 23:32:39] [STDERR] 2025-10-26 23:32:39,757 - gleitzeit.workers.signal_worker - INFO - Signal processing loop iteration 4640
[2025-10-26 23:32:49] [STDERR] 2025-10-26 23:32:49,794 - gleitzeit.workers.signal_worker - INFO - Signal processing loop iteration 4660
[2025-10-26 23:32:59] [STDERR] 2025-10-26 23:32:59,833 - gleitzeit.workers.signal_worker - INFO - Signal processing loop iteration 4680
[2025-10-26 23:33:09] [STDERR] 2025-10-26 23:33:09,873 - gleitzeit.workers.signal_worker - INFO - Signal processing loop iteration 4700
[2025-10-26 23:33:19] [STDERR] 2025-10-26 23:33:19,915 - gleitzeit.workers.signal_worker - INFO - Signal processing loop iteration 4720
[2025-10-26 23:33:29] [STDERR] 2025-10-26 23:33:29,949 - gleitzeit.workers.signal_worker - INFO - Signal processing loop iteration 4740
[2025-10-26 23:33:39] [STDERR] 2025-10-26 23:33:39,988 - gleitzeit.workers.signal_worker - INFO - Signal processing loop iteration 4760
[2025-10-26 23:33:50] [STDERR] 2025-10-26 23:33:50,029 - gleitzeit.workers.signal_worker - INFO - Signal processing loop iteration 4780
[2025-10-26 23:34:00] [STDERR] 2025-10-26 23:34:00,067 - gleitzeit.workers.signal_worker - INFO - Signal processing loop iteration 4800
[2025-10-26 23:34:10] [STDERR] 2025-10-26 23:34:10,110 - gleitzeit.workers.signal_worker - INFO - Signal processing loop iteration 4820
[2025-10-26 23:34:20] [STDERR] 2025-10-26 23:34:20,152 - gleitzeit.workers.signal_worker - INFO - Signal processing loop iteration 4840
[2025-10-26 23:34:30] [STDERR] 2025-10-26 23:34:30,192 - gleitzeit.workers.signal_worker - INFO - Signal processing loop iteration 4860
[2025-10-26 23:34:40] [STDERR] 2025-10-26 23:34:40,230 - gleitzeit.workers.signal_worker - INFO - Signal processing loop iteration 4880
[2025-10-26 23:34:50] [STDERR] 2025-10-26 23:34:50,264 - gleitzeit.workers.signal_worker - INFO - Signal processing loop iteration 4900
[2025-10-26 23:35:00] [STDERR] 2025-10-26 23:35:00,307 - gleitzeit.workers.signal_worker - INFO - Signal processing loop iteration 4920
[2025-10-26 23:35:10] [STDERR] 2025-10-26 23:35:10,347 - gleitzeit.workers.signal_worker - INFO - Signal processing loop iteration 4940
[2025-10-26 23:35:20] [STDERR] 2025-10-26 23:35:20,384 - gleitzeit.workers.signal_worker - INFO - Signal processing loop iteration 4960
[2025-10-26 23:35:30] [STDERR] 2025-10-26 23:35:30,426 - gleitzeit.workers.signal_worker - INFO - Signal processing loop iteration 4980
[2025-10-26 23:35:40] [STDERR] 2025-10-26 23:35:40,468 - gleitzeit.workers.signal_worker - INFO - Signal processing loop iteration 5000
[2025-10-26 23:35:50] [STDERR] 2025-10-26 23:35:50,508 - gleitzeit.workers.signal_worker - INFO - Signal processing loop iteration 5020
[2025-10-26 23:36:00] [STDERR] 2025-10-26 23:36:00,548 - gleitzeit.workers.signal_worker - INFO - Signal processing loop iteration 5040
[2025-10-26 23:36:10] [STDERR] 2025-10-26 23:36:10,580 - gleitzeit.workers.signal_worker - INFO - Signal processing loop iteration 5060
[2025-10-26 23:36:20] [STDERR] 2025-10-26 23:36:20,620 - gleitzeit.workers.signal_worker - INFO - Signal processing loop iteration 5080
[2025-10-26 23:36:30] [STDERR] 2025-10-26 23:36:30,661 - gleitzeit.workers.signal_worker - INFO - Signal processing loop iteration 5100
[2025-10-26 23:36:40] [STDERR] 2025-10-26 23:36:40,699 - gleitzeit.workers.signal_worker - INFO - Signal processing loop iteration 5120
[2025-10-26 23:36:50] [STDERR] 2025-10-26 23:36:50,739 - gleitzeit.workers.signal_worker - INFO - Signal processing loop iteration 5140
[2025-10-26 23:37:00] [STDERR] 2025-10-26 23:37:00,781 - gleitzeit.workers.signal_worker - INFO - Signal processing loop iteration 5160
[2025-10-26 23:37:10] [STDERR] 2025-10-26 23:37:10,819 - gleitzeit.workers.signal_worker - INFO - Signal processing loop iteration 5180
[2025-10-26 23:37:20] [STDERR] 2025-10-26 23:37:20,854 - gleitzeit.workers.signal_worker - INFO - Signal processing loop iteration 5200
[2025-10-26 23:37:30] [STDERR] 2025-10-26 23:37:30,893 - gleitzeit.workers.signal_worker - INFO - Signal processing loop iteration 5220
[2025-10-26 23:37:40] [STDERR] 2025-10-26 23:37:40,930 - gleitzeit.workers.signal_worker - INFO - Signal processing loop iteration 5240
[2025-10-26 23:37:50] [STDERR] 2025-10-26 23:37:50,971 - gleitzeit.workers.signal_worker - INFO - Signal processing loop iteration 5260
[2025-10-26 23:38:01] [STDERR] 2025-10-26 23:38:01,011 - gleitzeit.workers.signal_worker - INFO - Signal processing loop iteration 5280
[2025-10-26 23:38:11] [STDERR] 2025-10-26 23:38:11,050 - gleitzeit.workers.signal_worker - INFO - Signal processing loop iteration 5300
[2025-10-26 23:38:21] [STDERR] 2025-10-26 23:38:21,089 - gleitzeit.workers.signal_worker - INFO - Signal processing loop iteration 5320
[2025-10-26 23:38:31] [STDERR] 2025-10-26 23:38:31,129 - gleitzeit.workers.signal_worker - INFO - Signal processing loop iteration 5340
[2025-10-26 23:38:41] [STDERR] 2025-10-26 23:38:41,170 - gleitzeit.workers.signal_worker - INFO - Signal processing loop iteration 5360
[2025-10-26 23:38:51] [STDERR] 2025-10-26 23:38:51,212 - gleitzeit.workers.signal_worker - INFO - Signal processing loop iteration 5380
[2025-10-26 23:39:01] [STDERR] 2025-10-26 23:39:01,254 - gleitzeit.workers.signal_worker - INFO - Signal processing loop iteration 5400
[2025-10-26 23:39:11] [STDERR] 2025-10-26 23:39:11,289 - gleitzeit.workers.signal_worker - INFO - Signal processing loop iteration 5420
[2025-10-26 23:39:21] [STDERR] 2025-10-26 23:39:21,331 - gleitzeit.workers.signal_worker - INFO - Signal processing loop iteration 5440
[2025-10-26 23:39:31] [STDERR] 2025-10-26 23:39:31,371 - gleitzeit.workers.signal_worker - INFO - Signal processing loop iteration 5460
[2025-10-26 23:39:41] [STDERR] 2025-10-26 23:39:41,411 - gleitzeit.workers.signal_worker - INFO - Signal processing loop iteration 5480
[2025-10-26 23:39:51] [STDERR] 2025-10-26 23:39:51,452 - gleitzeit.workers.signal_worker - INFO - Signal processing loop iteration 5500
[2025-10-26 23:40:01] [STDERR] 2025-10-26 23:40:01,495 - gleitzeit.workers.signal_worker - INFO - Signal processing loop iteration 5520
[2025-10-26 23:40:11] [STDERR] 2025-10-26 23:40:11,534 - gleitzeit.workers.signal_worker - INFO - Signal processing loop iteration 5540
[2025-10-26 23:40:21] [STDERR] 2025-10-26 23:40:21,576 - gleitzeit.workers.signal_worker - INFO - Signal processing loop iteration 5560
[2025-10-26 23:40:31] [STDERR] 2025-10-26 23:40:31,614 - gleitzeit.workers.signal_worker - INFO - Signal processing loop iteration 5580
[2025-10-26 23:40:41] [STDERR] 2025-10-26 23:40:41,655 - gleitzeit.workers.signal_worker - INFO - Signal processing loop iteration 5600
[2025-10-26 23:40:51] [STDERR] 2025-10-26 23:40:51,691 - gleitzeit.workers.signal_worker - INFO - Signal processing loop iteration 5620
[2025-10-26 23:41:01] [STDERR] 2025-10-26 23:41:01,732 - gleitzeit.workers.signal_worker - INFO - Signal processing loop iteration 5640
[2025-10-26 23:41:11] [STDERR] 2025-10-26 23:41:11,771 - gleitzeit.workers.signal_worker - INFO - Signal processing loop iteration 5660
[2025-10-26 23:41:21] [STDERR] 2025-10-26 23:41:21,807 - gleitzeit.workers.signal_worker - INFO - Signal processing loop iteration 5680
[2025-10-26 23:41:31] [STDERR] 2025-10-26 23:41:31,847 - gleitzeit.workers.signal_worker - INFO - Signal processing loop iteration 5700
[2025-10-26 23:41:41] [STDERR] 2025-10-26 23:41:41,888 - gleitzeit.workers.signal_worker - INFO - Signal processing loop iteration 5720
[2025-10-26 23:41:51] [STDERR] 2025-10-26 23:41:51,928 - gleitzeit.workers.signal_worker - INFO - Signal processing loop iteration 5740
[2025-10-26 23:42:01] [STDERR] 2025-10-26 23:42:01,961 - gleitzeit.workers.signal_worker - INFO - Signal processing loop iteration 5760
[2025-10-26 23:42:11] [STDERR] 2025-10-26 23:42:11,998 - gleitzeit.workers.signal_worker - INFO - Signal processing loop iteration 5780
[2025-10-26 23:42:22] [STDERR] 2025-10-26 23:42:22,033 - gleitzeit.workers.signal_worker - INFO - Signal processing loop iteration 5800
[2025-10-26 23:42:32] [STDERR] 2025-10-26 23:42:32,076 - gleitzeit.workers.signal_worker - INFO - Signal processing loop iteration 5820
[2025-10-26 23:42:42] [STDERR] 2025-10-26 23:42:42,115 - gleitzeit.workers.signal_worker - INFO - Signal processing loop iteration 5840
[2025-10-26 23:42:52] [STDERR] 2025-10-26 23:42:52,155 - gleitzeit.workers.signal_worker - INFO - Signal processing loop iteration 5860
[2025-10-26 23:43:02] [STDERR] 2025-10-26 23:43:02,196 - gleitzeit.workers.signal_worker - INFO - Signal processing loop iteration 5880
[2025-10-26 23:43:12] [STDERR] 2025-10-26 23:43:12,232 - gleitzeit.workers.signal_worker - INFO - Signal processing loop iteration 5900
[2025-10-26 23:43:22] [STDERR] 2025-10-26 23:43:22,269 - gleitzeit.workers.signal_worker - INFO - Signal processing loop iteration 5920
[2025-10-26 23:43:32] [STDERR] 2025-10-26 23:43:32,310 - gleitzeit.workers.signal_worker - INFO - Signal processing loop iteration 5940
[2025-10-26 23:43:42] [STDERR] 2025-10-26 23:43:42,345 - gleitzeit.workers.signal_worker - INFO - Signal processing loop iteration 5960
[2025-10-26 23:43:52] [STDERR] 2025-10-26 23:43:52,381 - gleitzeit.workers.signal_worker - INFO - Signal processing loop iteration 5980
[2025-10-26 23:44:02] [STDERR] 2025-10-26 23:44:02,423 - gleitzeit.workers.signal_worker - INFO - Signal processing loop iteration 6000
[2025-10-26 23:44:12] [STDERR] 2025-10-26 23:44:12,467 - gleitzeit.workers.signal_worker - INFO - Signal processing loop iteration 6020
[2025-10-26 23:44:22] [STDERR] 2025-10-26 23:44:22,504 - gleitzeit.workers.signal_worker - INFO - Signal processing loop iteration 6040
[2025-10-26 23:44:32] [STDERR] 2025-10-26 23:44:32,539 - gleitzeit.workers.signal_worker - INFO - Signal processing loop iteration 6060
[2025-10-26 23:44:42] [STDERR] 2025-10-26 23:44:42,583 - gleitzeit.workers.signal_worker - INFO - Signal processing loop iteration 6080
[2025-10-26 23:44:52] [STDERR] 2025-10-26 23:44:52,624 - gleitzeit.workers.signal_worker - INFO - Signal processing loop iteration 6100
[2025-10-26 23:45:02] [STDERR] 2025-10-26 23:45:02,663 - gleitzeit.workers.signal_worker - INFO - Signal processing loop iteration 6120
[2025-10-26 23:45:12] [STDERR] 2025-10-26 23:45:12,703 - gleitzeit.workers.signal_worker - INFO - Signal processing loop iteration 6140
[2025-10-26 23:45:22] [STDERR] 2025-10-26 23:45:22,743 - gleitzeit.workers.signal_worker - INFO - Signal processing loop iteration 6160
[2025-10-26 23:45:32] [STDERR] 2025-10-26 23:45:32,784 - gleitzeit.workers.signal_worker - INFO - Signal processing loop iteration 6180
[2025-10-26 23:45:42] [STDERR] 2025-10-26 23:45:42,824 - gleitzeit.workers.signal_worker - INFO - Signal processing loop iteration 6200
[2025-10-26 23:45:52] [STDERR] 2025-10-26 23:45:52,865 - gleitzeit.workers.signal_worker - INFO - Signal processing loop iteration 6220
[2025-10-26 23:46:02] [STDERR] 2025-10-26 23:46:02,909 - gleitzeit.workers.signal_worker - INFO - Signal processing loop iteration 6240
[2025-10-26 23:46:12] [STDERR] 2025-10-26 23:46:12,951 - gleitzeit.workers.signal_worker - INFO - Signal processing loop iteration 6260
[2025-10-26 23:46:22] [STDERR] 2025-10-26 23:46:22,992 - gleitzeit.workers.signal_worker - INFO - Signal processing loop iteration 6280
[2025-10-26 23:46:33] [STDERR] 2025-10-26 23:46:33,034 - gleitzeit.workers.signal_worker - INFO - Signal processing loop iteration 6300
[2025-10-26 23:46:43] [STDERR] 2025-10-26 23:46:43,070 - gleitzeit.workers.signal_worker - INFO - Signal processing loop iteration 6320
[2025-10-26 23:46:53] [STDERR] 2025-10-26 23:46:53,112 - gleitzeit.workers.signal_worker - INFO - Signal processing loop iteration 6340
[2025-10-26 23:47:03] [STDERR] 2025-10-26 23:47:03,152 - gleitzeit.workers.signal_worker - INFO - Signal processing loop iteration 6360
[2025-10-26 23:47:13] [STDERR] 2025-10-26 23:47:13,193 - gleitzeit.workers.signal_worker - INFO - Signal processing loop iteration 6380
[2025-10-26 23:47:23] [STDERR] 2025-10-26 23:47:23,234 - gleitzeit.workers.signal_worker - INFO - Signal processing loop iteration 6400
[2025-10-26 23:47:33] [STDERR] 2025-10-26 23:47:33,275 - gleitzeit.workers.signal_worker - INFO - Signal processing loop iteration 6420
[2025-10-26 23:47:43] [STDERR] 2025-10-26 23:47:43,319 - gleitzeit.workers.signal_worker - INFO - Signal processing loop iteration 6440
[2025-10-26 23:47:53] [STDERR] 2025-10-26 23:47:53,360 - gleitzeit.workers.signal_worker - INFO - Signal processing loop iteration 6460
[2025-10-26 23:48:03] [STDERR] 2025-10-26 23:48:03,400 - gleitzeit.workers.signal_worker - INFO - Signal processing loop iteration 6480
[2025-10-26 23:48:13] [STDERR] 2025-10-26 23:48:13,435 - gleitzeit.workers.signal_worker - INFO - Signal processing loop iteration 6500
[2025-10-26 23:48:23] [STDERR] 2025-10-26 23:48:23,471 - gleitzeit.workers.signal_worker - INFO - Signal processing loop iteration 6520
[2025-10-26 23:48:33] [STDERR] 2025-10-26 23:48:33,511 - gleitzeit.workers.signal_worker - INFO - Signal processing loop iteration 6540
[2025-10-26 23:48:43] [STDERR] 2025-10-26 23:48:43,552 - gleitzeit.workers.signal_worker - INFO - Signal processing loop iteration 6560
[2025-10-26 23:48:53] [STDERR] 2025-10-26 23:48:53,589 - gleitzeit.workers.signal_worker - INFO - Signal processing loop iteration 6580
[2025-10-26 23:49:03] [STDERR] 2025-10-26 23:49:03,736 - gleitzeit.workers.signal_worker - INFO - Signal processing loop iteration 6600
[2025-10-26 23:49:13] [STDERR] 2025-10-26 23:49:13,775 - gleitzeit.workers.signal_worker - INFO - Signal processing loop iteration 6620
[2025-10-26 23:49:23] [STDERR] 2025-10-26 23:49:23,815 - gleitzeit.workers.signal_worker - INFO - Signal processing loop iteration 6640
[2025-10-26 23:49:33] [STDERR] 2025-10-26 23:49:33,855 - gleitzeit.workers.signal_worker - INFO - Signal processing loop iteration 6660
[2025-10-26 23:49:43] [STDERR] 2025-10-26 23:49:43,896 - gleitzeit.workers.signal_worker - INFO - Signal processing loop iteration 6680
[2025-10-26 23:49:53] [STDERR] 2025-10-26 23:49:53,934 - gleitzeit.workers.signal_worker - INFO - Signal processing loop iteration 6700
[2025-10-26 23:50:03] [STDERR] 2025-10-26 23:50:03,977 - gleitzeit.workers.signal_worker - INFO - Signal processing loop iteration 6720
[2025-10-26 23:50:14] [STDERR] 2025-10-26 23:50:14,016 - gleitzeit.workers.signal_worker - INFO - Signal processing loop iteration 6740
[2025-10-26 23:50:24] [STDERR] 2025-10-26 23:50:24,056 - gleitzeit.workers.signal_worker - INFO - Signal processing loop iteration 6760
[2025-10-26 23:50:34] [STDERR] 2025-10-26 23:50:34,097 - gleitzeit.workers.signal_worker - INFO - Signal processing loop iteration 6780
[2025-10-26 23:50:44] [STDERR] 2025-10-26 23:50:44,136 - gleitzeit.workers.signal_worker - INFO - Signal processing loop iteration 6800
[2025-10-26 23:50:54] [STDERR] 2025-10-26 23:50:54,176 - gleitzeit.workers.signal_worker - INFO - Signal processing loop iteration 6820
[2025-10-26 23:51:04] [STDERR] 2025-10-26 23:51:04,218 - gleitzeit.workers.signal_worker - INFO - Signal processing loop iteration 6840
[2025-10-26 23:51:14] [STDERR] 2025-10-26 23:51:14,259 - gleitzeit.workers.signal_worker - INFO - Signal processing loop iteration 6860
[2025-10-26 23:51:24] [STDERR] 2025-10-26 23:51:24,299 - gleitzeit.workers.signal_worker - INFO - Signal processing loop iteration 6880
[2025-10-26 23:51:34] [STDERR] 2025-10-26 23:51:34,339 - gleitzeit.workers.signal_worker - INFO - Signal processing loop iteration 6900
[2025-10-26 23:51:44] [STDERR] 2025-10-26 23:51:44,379 - gleitzeit.workers.signal_worker - INFO - Signal processing loop iteration 6920
[2025-10-26 23:51:54] [STDERR] 2025-10-26 23:51:54,422 - gleitzeit.workers.signal_worker - INFO - Signal processing loop iteration 6940
[2025-10-26 23:52:04] [STDERR] 2025-10-26 23:52:04,463 - gleitzeit.workers.signal_worker - INFO - Signal processing loop iteration 6960
[2025-10-26 23:52:14] [STDERR] 2025-10-26 23:52:14,505 - gleitzeit.workers.signal_worker - INFO - Signal processing loop iteration 6980
[2025-10-26 23:52:24] [STDERR] 2025-10-26 23:52:24,539 - gleitzeit.workers.signal_worker - INFO - Signal processing loop iteration 7000
[2025-10-26 23:52:34] [STDERR] 2025-10-26 23:52:34,579 - gleitzeit.workers.signal_worker - INFO - Signal processing loop iteration 7020
[2025-10-26 23:52:44] [STDERR] 2025-10-26 23:52:44,622 - gleitzeit.workers.signal_worker - INFO - Signal processing loop iteration 7040
[2025-10-26 23:52:54] [STDERR] 2025-10-26 23:52:54,661 - gleitzeit.workers.signal_worker - INFO - Signal processing loop iteration 7060
[2025-10-26 23:53:04] [STDERR] 2025-10-26 23:53:04,703 - gleitzeit.workers.signal_worker - INFO - Signal processing loop iteration 7080
[2025-10-26 23:53:14] [STDERR] 2025-10-26 23:53:14,747 - gleitzeit.workers.signal_worker - INFO - Signal processing loop iteration 7100
[2025-10-26 23:53:24] [STDERR] 2025-10-26 23:53:24,787 - gleitzeit.workers.signal_worker - INFO - Signal processing loop iteration 7120
[2025-10-26 23:53:34] [STDERR] 2025-10-26 23:53:34,827 - gleitzeit.workers.signal_worker - INFO - Signal processing loop iteration 7140
[2025-10-26 23:53:44] [STDERR] 2025-10-26 23:53:44,866 - gleitzeit.workers.signal_worker - INFO - Signal processing loop iteration 7160
[2025-10-26 23:53:54] [STDERR] 2025-10-26 23:53:54,908 - gleitzeit.workers.signal_worker - INFO - Signal processing loop iteration 7180
[2025-10-26 23:54:04] [STDERR] 2025-10-26 23:54:04,951 - gleitzeit.workers.signal_worker - INFO - Signal processing loop iteration 7200
[2025-10-26 23:54:14] [STDERR] 2025-10-26 23:54:14,991 - gleitzeit.workers.signal_worker - INFO - Signal processing loop iteration 7220
[2025-10-26 23:54:25] [STDERR] 2025-10-26 23:54:25,029 - gleitzeit.workers.signal_worker - INFO - Signal processing loop iteration 7240
[2025-10-26 23:54:35] [STDERR] 2025-10-26 23:54:35,070 - gleitzeit.workers.signal_worker - INFO - Signal processing loop iteration 7260
[2025-10-26 23:54:45] [STDERR] 2025-10-26 23:54:45,112 - gleitzeit.workers.signal_worker - INFO - Signal processing loop iteration 7280
[2025-10-26 23:54:55] [STDERR] 2025-10-26 23:54:55,149 - gleitzeit.workers.signal_worker - INFO - Signal processing loop iteration 7300
[2025-10-26 23:55:05] [STDERR] 2025-10-26 23:55:05,190 - gleitzeit.workers.signal_worker - INFO - Signal processing loop iteration 7320
[2025-10-26 23:55:15] [STDERR] 2025-10-26 23:55:15,234 - gleitzeit.workers.signal_worker - INFO - Signal processing loop iteration 7340
[2025-10-26 23:55:25] [STDERR] 2025-10-26 23:55:25,276 - gleitzeit.workers.signal_worker - INFO - Signal processing loop iteration 7360
[2025-10-26 23:55:35] [STDERR] 2025-10-26 23:55:35,318 - gleitzeit.workers.signal_worker - INFO - Signal processing loop iteration 7380
[2025-10-26 23:55:45] [STDERR] 2025-10-26 23:55:45,359 - gleitzeit.workers.signal_worker - INFO - Signal processing loop iteration 7400
[2025-10-26 23:55:55] [STDERR] 2025-10-26 23:55:55,399 - gleitzeit.workers.signal_worker - INFO - Signal processing loop iteration 7420
[2025-10-26 23:56:05] [STDERR] 2025-10-26 23:56:05,440 - gleitzeit.workers.signal_worker - INFO - Signal processing loop iteration 7440
[2025-10-26 23:56:15] [STDERR] 2025-10-26 23:56:15,478 - gleitzeit.workers.signal_worker - INFO - Signal processing loop iteration 7460
[2025-10-26 23:56:25] [STDERR] 2025-10-26 23:56:25,516 - gleitzeit.workers.signal_worker - INFO - Signal processing loop iteration 7480
[2025-10-26 23:56:35] [STDERR] 2025-10-26 23:56:35,560 - gleitzeit.workers.signal_worker - INFO - Signal processing loop iteration 7500
[2025-10-26 23:56:45] [STDERR] 2025-10-26 23:56:45,597 - gleitzeit.workers.signal_worker - INFO - Signal processing loop iteration 7520
[2025-10-26 23:56:55] [STDERR] 2025-10-26 23:56:55,636 - gleitzeit.workers.signal_worker - INFO - Signal processing loop iteration 7540
[2025-10-26 23:57:05] [STDERR] 2025-10-26 23:57:05,676 - gleitzeit.workers.signal_worker - INFO - Signal processing loop iteration 7560
[2025-10-26 23:57:15] [STDERR] 2025-10-26 23:57:15,719 - gleitzeit.workers.signal_worker - INFO - Signal processing loop iteration 7580
[2025-10-26 23:57:25] [STDERR] 2025-10-26 23:57:25,756 - gleitzeit.workers.signal_worker - INFO - Signal processing loop iteration 7600
[2025-10-26 23:57:35] [STDERR] 2025-10-26 23:57:35,793 - gleitzeit.workers.signal_worker - INFO - Signal processing loop iteration 7620
[2025-10-26 23:57:45] [STDERR] 2025-10-26 23:57:45,835 - gleitzeit.workers.signal_worker - INFO - Signal processing loop iteration 7640
[2025-10-26 23:57:55] [STDERR] 2025-10-26 23:57:55,873 - gleitzeit.workers.signal_worker - INFO - Signal processing loop iteration 7660
[2025-10-26 23:58:05] [STDERR] 2025-10-26 23:58:05,908 - gleitzeit.workers.signal_worker - INFO - Signal processing loop iteration 7680
[2025-10-26 23:58:15] [STDERR] 2025-10-26 23:58:15,945 - gleitzeit.workers.signal_worker - INFO - Signal processing loop iteration 7700
[2025-10-26 23:58:25] [STDERR] 2025-10-26 23:58:25,988 - gleitzeit.workers.signal_worker - INFO - Signal processing loop iteration 7720
[2025-10-26 23:58:36] [STDERR] 2025-10-26 23:58:36,029 - gleitzeit.workers.signal_worker - INFO - Signal processing loop iteration 7740
[2025-10-26 23:58:46] [STDERR] 2025-10-26 23:58:46,069 - gleitzeit.workers.signal_worker - INFO - Signal processing loop iteration 7760
[2025-10-26 23:58:56] [STDERR] 2025-10-26 23:58:56,108 - gleitzeit.workers.signal_worker - INFO - Signal processing loop iteration 7780
[2025-10-26 23:59:06] [STDERR] 2025-10-26 23:59:06,150 - gleitzeit.workers.signal_worker - INFO - Signal processing loop iteration 7800
[2025-10-26 23:59:16] [STDERR] 2025-10-26 23:59:16,190 - gleitzeit.workers.signal_worker - INFO - Signal processing loop iteration 7820
[2025-10-26 23:59:26] [STDERR] 2025-10-26 23:59:26,232 - gleitzeit.workers.signal_worker - INFO - Signal processing loop iteration 7840
[2025-10-26 23:59:36] [STDERR] 2025-10-26 23:59:36,269 - gleitzeit.workers.signal_worker - INFO - Signal processing loop iteration 7860
[2025-10-26 23:59:46] [STDERR] 2025-10-26 23:59:46,308 - gleitzeit.workers.signal_worker - INFO - Signal processing loop iteration 7880
[2025-10-26 23:59:56] [STDERR] 2025-10-26 23:59:56,351 - gleitzeit.workers.signal_worker - INFO - Signal processing loop iteration 7900
[2025-10-27 00:00:06] [STDERR] 2025-10-27 00:00:06,387 - gleitzeit.workers.signal_worker - INFO - Signal processing loop iteration 7920
[2025-10-27 00:00:16] [STDERR] 2025-10-27 00:00:16,427 - gleitzeit.workers.signal_worker - INFO - Signal processing loop iteration 7940
[2025-10-27 00:00:26] [STDERR] 2025-10-27 00:00:26,467 - gleitzeit.workers.signal_worker - INFO - Signal processing loop iteration 7960
[2025-10-27 00:00:36] [STDERR] 2025-10-27 00:00:36,506 - gleitzeit.workers.signal_worker - INFO - Signal processing loop iteration 7980
[2025-10-27 00:00:46] [STDERR] 2025-10-27 00:00:46,547 - gleitzeit.workers.signal_worker - INFO - Signal processing loop iteration 8000
[2025-10-27 00:00:56] [STDERR] 2025-10-27 00:00:56,586 - gleitzeit.workers.signal_worker - INFO - Signal processing loop iteration 8020
[2025-10-27 00:01:06] [STDERR] 2025-10-27 00:01:06,628 - gleitzeit.workers.signal_worker - INFO - Signal processing loop iteration 8040
[2025-10-27 00:01:16] [STDERR] 2025-10-27 00:01:16,670 - gleitzeit.workers.signal_worker - INFO - Signal processing loop iteration 8060
[2025-10-27 00:01:26] [STDERR] 2025-10-27 00:01:26,713 - gleitzeit.workers.signal_worker - INFO - Signal processing loop iteration 8080
[2025-10-27 00:01:36] [STDERR] 2025-10-27 00:01:36,755 - gleitzeit.workers.signal_worker - INFO - Signal processing loop iteration 8100
[2025-10-27 00:01:46] [STDERR] 2025-10-27 00:01:46,797 - gleitzeit.workers.signal_worker - INFO - Signal processing loop iteration 8120
[2025-10-27 00:01:56] [STDERR] 2025-10-27 00:01:56,837 - gleitzeit.workers.signal_worker - INFO - Signal processing loop iteration 8140
[2025-10-27 00:02:06] [STDERR] 2025-10-27 00:02:06,874 - gleitzeit.workers.signal_worker - INFO - Signal processing loop iteration 8160
[2025-10-27 00:02:16] [STDERR] 2025-10-27 00:02:16,917 - gleitzeit.workers.signal_worker - INFO - Signal processing loop iteration 8180
[2025-10-27 00:02:26] [STDERR] 2025-10-27 00:02:26,954 - gleitzeit.workers.signal_worker - INFO - Signal processing loop iteration 8200
[2025-10-27 00:02:36] [STDERR] 2025-10-27 00:02:36,993 - gleitzeit.workers.signal_worker - INFO - Signal processing loop iteration 8220
[2025-10-27 00:02:47] [STDERR] 2025-10-27 00:02:47,031 - gleitzeit.workers.signal_worker - INFO - Signal processing loop iteration 8240
[2025-10-27 00:02:57] [STDERR] 2025-10-27 00:02:57,073 - gleitzeit.workers.signal_worker - INFO - Signal processing loop iteration 8260
[2025-10-27 00:03:07] [STDERR] 2025-10-27 00:03:07,114 - gleitzeit.workers.signal_worker - INFO - Signal processing loop iteration 8280
[2025-10-27 00:03:17] [STDERR] 2025-10-27 00:03:17,154 - gleitzeit.workers.signal_worker - INFO - Signal processing loop iteration 8300
[2025-10-27 00:03:27] [STDERR] 2025-10-27 00:03:27,196 - gleitzeit.workers.signal_worker - INFO - Signal processing loop iteration 8320
[2025-10-27 00:03:37] [STDERR] 2025-10-27 00:03:37,234 - gleitzeit.workers.signal_worker - INFO - Signal processing loop iteration 8340
[2025-10-27 00:03:47] [STDERR] 2025-10-27 00:03:47,275 - gleitzeit.workers.signal_worker - INFO - Signal processing loop iteration 8360
[2025-10-27 00:03:57] [STDERR] 2025-10-27 00:03:57,312 - gleitzeit.workers.signal_worker - INFO - Signal processing loop iteration 8380
[2025-10-27 00:04:07] [STDERR] 2025-10-27 00:04:07,349 - gleitzeit.workers.signal_worker - INFO - Signal processing loop iteration 8400
[2025-10-27 00:04:17] [STDERR] 2025-10-27 00:04:17,387 - gleitzeit.workers.signal_worker - INFO - Signal processing loop iteration 8420
[2025-10-27 00:04:27] [STDERR] 2025-10-27 00:04:27,426 - gleitzeit.workers.signal_worker - INFO - Signal processing loop iteration 8440
[2025-10-27 00:04:37] [STDERR] 2025-10-27 00:04:37,465 - gleitzeit.workers.signal_worker - INFO - Signal processing loop iteration 8460
[2025-10-27 00:04:47] [STDERR] 2025-10-27 00:04:47,504 - gleitzeit.workers.signal_worker - INFO - Signal processing loop iteration 8480
[2025-10-27 00:04:57] [STDERR] 2025-10-27 00:04:57,539 - gleitzeit.workers.signal_worker - INFO - Signal processing loop iteration 8500
[2025-10-27 00:05:07] [STDERR] 2025-10-27 00:05:07,578 - gleitzeit.workers.signal_worker - INFO - Signal processing loop iteration 8520
[2025-10-27 00:05:17] [STDERR] 2025-10-27 00:05:17,620 - gleitzeit.workers.signal_worker - INFO - Signal processing loop iteration 8540
[2025-10-27 00:05:27] [STDERR] 2025-10-27 00:05:27,659 - gleitzeit.workers.signal_worker - INFO - Signal processing loop iteration 8560
[2025-10-27 00:05:37] [STDERR] 2025-10-27 00:05:37,703 - gleitzeit.workers.signal_worker - INFO - Signal processing loop iteration 8580
[2025-10-27 00:05:47] [STDERR] 2025-10-27 00:05:47,745 - gleitzeit.workers.signal_worker - INFO - Signal processing loop iteration 8600
[2025-10-27 00:05:57] [STDERR] 2025-10-27 00:05:57,786 - gleitzeit.workers.signal_worker - INFO - Signal processing loop iteration 8620
[2025-10-27 00:06:07] [STDERR] 2025-10-27 00:06:07,819 - gleitzeit.workers.signal_worker - INFO - Signal processing loop iteration 8640
[2025-10-27 00:06:17] [STDERR] 2025-10-27 00:06:17,857 - gleitzeit.workers.signal_worker - INFO - Signal processing loop iteration 8660
[2025-10-27 00:06:27] [STDERR] 2025-10-27 00:06:27,895 - gleitzeit.workers.signal_worker - INFO - Signal processing loop iteration 8680
[2025-10-27 00:06:37] [STDERR] 2025-10-27 00:06:37,935 - gleitzeit.workers.signal_worker - INFO - Signal processing loop iteration 8700
[2025-10-27 00:06:47] [STDERR] 2025-10-27 00:06:47,974 - gleitzeit.workers.signal_worker - INFO - Signal processing loop iteration 8720
[2025-10-27 00:06:58] [STDERR] 2025-10-27 00:06:58,013 - gleitzeit.workers.signal_worker - INFO - Signal processing loop iteration 8740
[2025-10-27 00:07:08] [STDERR] 2025-10-27 00:07:08,058 - gleitzeit.workers.signal_worker - INFO - Signal processing loop iteration 8760
[2025-10-27 00:07:18] [STDERR] 2025-10-27 00:07:18,098 - gleitzeit.workers.signal_worker - INFO - Signal processing loop iteration 8780
[2025-10-27 00:07:28] [STDERR] 2025-10-27 00:07:28,138 - gleitzeit.workers.signal_worker - INFO - Signal processing loop iteration 8800
[2025-10-27 00:07:38] [STDERR] 2025-10-27 00:07:38,176 - gleitzeit.workers.signal_worker - INFO - Signal processing loop iteration 8820
[2025-10-27 00:07:48] [STDERR] 2025-10-27 00:07:48,218 - gleitzeit.workers.signal_worker - INFO - Signal processing loop iteration 8840
[2025-10-27 00:07:58] [STDERR] 2025-10-27 00:07:58,254 - gleitzeit.workers.signal_worker - INFO - Signal processing loop iteration 8860
[2025-10-27 00:08:08] [STDERR] 2025-10-27 00:08:08,292 - gleitzeit.workers.signal_worker - INFO - Signal processing loop iteration 8880
[2025-10-27 00:08:18] [STDERR] 2025-10-27 00:08:18,332 - gleitzeit.workers.signal_worker - INFO - Signal processing loop iteration 8900
[2025-10-27 00:08:28] [STDERR] 2025-10-27 00:08:28,370 - gleitzeit.workers.signal_worker - INFO - Signal processing loop iteration 8920
[2025-10-27 00:08:38] [STDERR] 2025-10-27 00:08:38,414 - gleitzeit.workers.signal_worker - INFO - Signal processing loop iteration 8940
[2025-10-27 00:08:48] [STDERR] 2025-10-27 00:08:48,455 - gleitzeit.workers.signal_worker - INFO - Signal processing loop iteration 8960
[2025-10-27 00:08:58] [STDERR] 2025-10-27 00:08:58,496 - gleitzeit.workers.signal_worker - INFO - Signal processing loop iteration 8980
[2025-10-27 00:09:08] [STDERR] 2025-10-27 00:09:08,536 - gleitzeit.workers.signal_worker - INFO - Signal processing loop iteration 9000
[2025-10-27 00:09:18] [STDERR] 2025-10-27 00:09:18,575 - gleitzeit.workers.signal_worker - INFO - Signal processing loop iteration 9020
[2025-10-27 00:09:28] [STDERR] 2025-10-27 00:09:28,612 - gleitzeit.workers.signal_worker - INFO - Signal processing loop iteration 9040
[2025-10-27 00:09:38] [STDERR] 2025-10-27 00:09:38,652 - gleitzeit.workers.signal_worker - INFO - Signal processing loop iteration 9060
[2025-10-27 00:09:48] [STDERR] 2025-10-27 00:09:48,692 - gleitzeit.workers.signal_worker - INFO - Signal processing loop iteration 9080
[2025-10-27 00:09:58] [STDERR] 2025-10-27 00:09:58,731 - gleitzeit.workers.signal_worker - INFO - Signal processing loop iteration 9100
[2025-10-27 00:10:08] [STDERR] 2025-10-27 00:10:08,770 - gleitzeit.workers.signal_worker - INFO - Signal processing loop iteration 9120
[2025-10-27 00:10:18] [STDERR] 2025-10-27 00:10:18,810 - gleitzeit.workers.signal_worker - INFO - Signal processing loop iteration 9140
[2025-10-27 00:10:28] [STDERR] 2025-10-27 00:10:28,851 - gleitzeit.workers.signal_worker - INFO - Signal processing loop iteration 9160
[2025-10-27 00:10:38] [STDERR] 2025-10-27 00:10:38,894 - gleitzeit.workers.signal_worker - INFO - Signal processing loop iteration 9180
[2025-10-27 00:10:48] [STDERR] 2025-10-27 00:10:48,935 - gleitzeit.workers.signal_worker - INFO - Signal processing loop iteration 9200
[2025-10-27 00:10:58] [STDERR] 2025-10-27 00:10:58,975 - gleitzeit.workers.signal_worker - INFO - Signal processing loop iteration 9220
[2025-10-27 00:11:09] [STDERR] 2025-10-27 00:11:09,016 - gleitzeit.workers.signal_worker - INFO - Signal processing loop iteration 9240
[2025-10-27 00:11:19] [STDERR] 2025-10-27 00:11:19,055 - gleitzeit.workers.signal_worker - INFO - Signal processing loop iteration 9260
[2025-10-27 00:11:29] [STDERR] 2025-10-27 00:11:29,096 - gleitzeit.workers.signal_worker - INFO - Signal processing loop iteration 9280
[2025-10-27 00:11:39] [STDERR] 2025-10-27 00:11:39,136 - gleitzeit.workers.signal_worker - INFO - Signal processing loop iteration 9300
[2025-10-27 00:11:49] [STDERR] 2025-10-27 00:11:49,173 - gleitzeit.workers.signal_worker - INFO - Signal processing loop iteration 9320
[2025-10-27 00:11:59] [STDERR] 2025-10-27 00:11:59,212 - gleitzeit.workers.signal_worker - INFO - Signal processing loop iteration 9340
[2025-10-27 00:12:09] [STDERR] 2025-10-27 00:12:09,251 - gleitzeit.workers.signal_worker - INFO - Signal processing loop iteration 9360
[2025-10-27 00:12:19] [STDERR] 2025-10-27 00:12:19,292 - gleitzeit.workers.signal_worker - INFO - Signal processing loop iteration 9380
[2025-10-27 00:12:29] [STDERR] 2025-10-27 00:12:29,332 - gleitzeit.workers.signal_worker - INFO - Signal processing loop iteration 9400
[2025-10-27 00:12:39] [STDERR] 2025-10-27 00:12:39,374 - gleitzeit.workers.signal_worker - INFO - Signal processing loop iteration 9420
[2025-10-27 00:12:49] [STDERR] 2025-10-27 00:12:49,415 - gleitzeit.workers.signal_worker - INFO - Signal processing loop iteration 9440
[2025-10-27 00:12:59] [STDERR] 2025-10-27 00:12:59,454 - gleitzeit.workers.signal_worker - INFO - Signal processing loop iteration 9460
[2025-10-27 00:13:09] [STDERR] 2025-10-27 00:13:09,490 - gleitzeit.workers.signal_worker - INFO - Signal processing loop iteration 9480
[2025-10-27 00:13:19] [STDERR] 2025-10-27 00:13:19,531 - gleitzeit.workers.signal_worker - INFO - Signal processing loop iteration 9500
[2025-10-27 00:13:29] [STDERR] 2025-10-27 00:13:29,573 - gleitzeit.workers.signal_worker - INFO - Signal processing loop iteration 9520
[2025-10-27 00:13:39] [STDERR] 2025-10-27 00:13:39,612 - gleitzeit.workers.signal_worker - INFO - Signal processing loop iteration 9540
[2025-10-27 00:13:49] [STDERR] 2025-10-27 00:13:49,656 - gleitzeit.workers.signal_worker - INFO - Signal processing loop iteration 9560
[2025-10-27 00:13:59] [STDERR] 2025-10-27 00:13:59,696 - gleitzeit.workers.signal_worker - INFO - Signal processing loop iteration 9580
[2025-10-27 00:14:09] [STDERR] 2025-10-27 00:14:09,736 - gleitzeit.workers.signal_worker - INFO - Signal processing loop iteration 9600
[2025-10-27 00:14:19] [STDERR] 2025-10-27 00:14:19,775 - gleitzeit.workers.signal_worker - INFO - Signal processing loop iteration 9620
[2025-10-27 00:14:29] [STDERR] 2025-10-27 00:14:29,818 - gleitzeit.workers.signal_worker - INFO - Signal processing loop iteration 9640
[2025-10-27 00:14:39] [STDERR] 2025-10-27 00:14:39,859 - gleitzeit.workers.signal_worker - INFO - Signal processing loop iteration 9660
[2025-10-27 00:14:49] [STDERR] 2025-10-27 00:14:49,897 - gleitzeit.workers.signal_worker - INFO - Signal processing loop iteration 9680
[2025-10-27 00:14:59] [STDERR] 2025-10-27 00:14:59,934 - gleitzeit.workers.signal_worker - INFO - Signal processing loop iteration 9700
[2025-10-27 00:15:09] [STDERR] 2025-10-27 00:15:09,978 - gleitzeit.workers.signal_worker - INFO - Signal processing loop iteration 9720
[2025-10-27 00:15:20] [STDERR] 2025-10-27 00:15:20,016 - gleitzeit.workers.signal_worker - INFO - Signal processing loop iteration 9740
[2025-10-27 00:15:30] [STDERR] 2025-10-27 00:15:30,058 - gleitzeit.workers.signal_worker - INFO - Signal processing loop iteration 9760
[2025-10-27 00:15:40] [STDERR] 2025-10-27 00:15:40,099 - gleitzeit.workers.signal_worker - INFO - Signal processing loop iteration 9780
[2025-10-27 00:15:50] [STDERR] 2025-10-27 00:15:50,136 - gleitzeit.workers.signal_worker - INFO - Signal processing loop iteration 9800
[2025-10-27 00:16:00] [STDERR] 2025-10-27 00:16:00,181 - gleitzeit.workers.signal_worker - INFO - Signal processing loop iteration 9820
[2025-10-27 00:16:10] [STDERR] 2025-10-27 00:16:10,331 - gleitzeit.workers.signal_worker - INFO - Signal processing loop iteration 9840
[2025-10-27 00:16:20] [STDERR] 2025-10-27 00:16:20,365 - gleitzeit.workers.signal_worker - INFO - Signal processing loop iteration 9860
[2025-10-27 00:16:30] [STDERR] 2025-10-27 00:16:30,404 - gleitzeit.workers.signal_worker - INFO - Signal processing loop iteration 9880
[2025-10-27 00:16:40] [STDERR] 2025-10-27 00:16:40,446 - gleitzeit.workers.signal_worker - INFO - Signal processing loop iteration 9900
[2025-10-27 00:16:50] [STDERR] 2025-10-27 00:16:50,485 - gleitzeit.workers.signal_worker - INFO - Signal processing loop iteration 9920
[2025-10-27 00:17:00] [STDERR] 2025-10-27 00:17:00,521 - gleitzeit.workers.signal_worker - INFO - Signal processing loop iteration 9940
[2025-10-27 00:17:10] [STDERR] 2025-10-27 00:17:10,561 - gleitzeit.workers.signal_worker - INFO - Signal processing loop iteration 9960
[2025-10-27 00:17:20] [STDERR] 2025-10-27 00:17:20,604 - gleitzeit.workers.signal_worker - INFO - Signal processing loop iteration 9980
[2025-10-27 00:17:30] [STDERR] 2025-10-27 00:17:30,646 - gleitzeit.workers.signal_worker - INFO - Signal processing loop iteration 10000
[2025-10-27 00:17:40] [STDERR] 2025-10-27 00:17:40,684 - gleitzeit.workers.signal_worker - INFO - Signal processing loop iteration 10020
[2025-10-27 00:17:50] [STDERR] 2025-10-27 00:17:50,716 - gleitzeit.workers.signal_worker - INFO - Signal processing loop iteration 10040
[2025-10-27 00:18:00] [STDERR] 2025-10-27 00:18:00,748 - gleitzeit.workers.signal_worker - INFO - Signal processing loop iteration 10060
[2025-10-27 00:18:10] [STDERR] 2025-10-27 00:18:10,782 - gleitzeit.workers.signal_worker - INFO - Signal processing loop iteration 10080
[2025-10-27 00:18:20] [STDERR] 2025-10-27 00:18:20,816 - gleitzeit.workers.signal_worker - INFO - Signal processing loop iteration 10100
[2025-10-27 00:18:30] [STDERR] 2025-10-27 00:18:30,854 - gleitzeit.workers.signal_worker - INFO - Signal processing loop iteration 10120
[2025-10-27 00:18:40] [STDERR] 2025-10-27 00:18:40,890 - gleitzeit.workers.signal_worker - INFO - Signal processing loop iteration 10140
[2025-10-27 00:18:50] [STDERR] 2025-10-27 00:18:50,933 - gleitzeit.workers.signal_worker - INFO - Signal processing loop iteration 10160
[2025-10-27 00:19:00] [STDERR] 2025-10-27 00:19:00,971 - gleitzeit.workers.signal_worker - INFO - Signal processing loop iteration 10180
[2025-10-27 00:19:11] [STDERR] 2025-10-27 00:19:11,014 - gleitzeit.workers.signal_worker - INFO - Signal processing loop iteration 10200
[2025-10-27 00:19:21] [STDERR] 2025-10-27 00:19:21,055 - gleitzeit.workers.signal_worker - INFO - Signal processing loop iteration 10220
[2025-10-27 00:19:31] [STDERR] 2025-10-27 00:19:31,094 - gleitzeit.workers.signal_worker - INFO - Signal processing loop iteration 10240
[2025-10-27 00:19:41] [STDERR] 2025-10-27 00:19:41,136 - gleitzeit.workers.signal_worker - INFO - Signal processing loop iteration 10260
[2025-10-27 00:19:51] [STDERR] 2025-10-27 00:19:51,174 - gleitzeit.workers.signal_worker - INFO - Signal processing loop iteration 10280
[2025-10-27 00:20:01] [STDERR] 2025-10-27 00:20:01,210 - gleitzeit.workers.signal_worker - INFO - Signal processing loop iteration 10300
[2025-10-27 00:20:11] [STDERR] 2025-10-27 00:20:11,246 - gleitzeit.workers.signal_worker - INFO - Signal processing loop iteration 10320
[2025-10-27 00:20:21] [STDERR] 2025-10-27 00:20:21,284 - gleitzeit.workers.signal_worker - INFO - Signal processing loop iteration 10340
[2025-10-27 00:20:31] [STDERR] 2025-10-27 00:20:31,326 - gleitzeit.workers.signal_worker - INFO - Signal processing loop iteration 10360
[2025-10-27 00:20:41] [STDERR] 2025-10-27 00:20:41,366 - gleitzeit.workers.signal_worker - INFO - Signal processing loop iteration 10380
[2025-10-27 00:20:51] [STDERR] 2025-10-27 00:20:51,407 - gleitzeit.workers.signal_worker - INFO - Signal processing loop iteration 10400
[2025-10-27 00:21:01] [STDERR] 2025-10-27 00:21:01,449 - gleitzeit.workers.signal_worker - INFO - Signal processing loop iteration 10420
[2025-10-27 00:21:11] [STDERR] 2025-10-27 00:21:11,492 - gleitzeit.workers.signal_worker - INFO - Signal processing loop iteration 10440
[2025-10-27 00:21:21] [STDERR] 2025-10-27 00:21:21,529 - gleitzeit.workers.signal_worker - INFO - Signal processing loop iteration 10460
[2025-10-27 00:21:31] [STDERR] 2025-10-27 00:21:31,571 - gleitzeit.workers.signal_worker - INFO - Signal processing loop iteration 10480
[2025-10-27 00:21:41] [STDERR] 2025-10-27 00:21:41,611 - gleitzeit.workers.signal_worker - INFO - Signal processing loop iteration 10500
[2025-10-27 00:21:51] [STDERR] 2025-10-27 00:21:51,653 - gleitzeit.workers.signal_worker - INFO - Signal processing loop iteration 10520
[2025-10-27 00:22:01] [STDERR] 2025-10-27 00:22:01,692 - gleitzeit.workers.signal_worker - INFO - Signal processing loop iteration 10540
[2025-10-27 00:22:11] [STDERR] 2025-10-27 00:22:11,725 - gleitzeit.workers.signal_worker - INFO - Signal processing loop iteration 10560
[2025-10-27 00:22:21] [STDERR] 2025-10-27 00:22:21,761 - gleitzeit.workers.signal_worker - INFO - Signal processing loop iteration 10580
[2025-10-27 00:22:31] [STDERR] 2025-10-27 00:22:31,800 - gleitzeit.workers.signal_worker - INFO - Signal processing loop iteration 10600
[2025-10-27 00:22:41] [STDERR] 2025-10-27 00:22:41,841 - gleitzeit.workers.signal_worker - INFO - Signal processing loop iteration 10620
[2025-10-27 00:22:51] [STDERR] 2025-10-27 00:22:51,883 - gleitzeit.workers.signal_worker - INFO - Signal processing loop iteration 10640
[2025-10-27 00:23:01] [STDERR] 2025-10-27 00:23:01,927 - gleitzeit.workers.signal_worker - INFO - Signal processing loop iteration 10660
[2025-10-27 00:23:11] [STDERR] 2025-10-27 00:23:11,962 - gleitzeit.workers.signal_worker - INFO - Signal processing loop iteration 10680
[2025-10-27 00:23:22] [STDERR] 2025-10-27 00:23:22,005 - gleitzeit.workers.signal_worker - INFO - Signal processing loop iteration 10700
[2025-10-27 00:23:32] [STDERR] 2025-10-27 00:23:32,047 - gleitzeit.workers.signal_worker - INFO - Signal processing loop iteration 10720
[2025-10-27 00:23:42] [STDERR] 2025-10-27 00:23:42,085 - gleitzeit.workers.signal_worker - INFO - Signal processing loop iteration 10740
[2025-10-27 00:23:52] [STDERR] 2025-10-27 00:23:52,127 - gleitzeit.workers.signal_worker - INFO - Signal processing loop iteration 10760
[2025-10-27 00:24:02] [STDERR] 2025-10-27 00:24:02,166 - gleitzeit.workers.signal_worker - INFO - Signal processing loop iteration 10780
[2025-10-27 00:24:12] [STDERR] 2025-10-27 00:24:12,202 - gleitzeit.workers.signal_worker - INFO - Signal processing loop iteration 10800
[2025-10-27 00:24:22] [STDERR] 2025-10-27 00:24:22,245 - gleitzeit.workers.signal_worker - INFO - Signal processing loop iteration 10820
[2025-10-27 00:24:32] [STDERR] 2025-10-27 00:24:32,284 - gleitzeit.workers.signal_worker - INFO - Signal processing loop iteration 10840
[2025-10-27 00:24:42] [STDERR] 2025-10-27 00:24:42,325 - gleitzeit.workers.signal_worker - INFO - Signal processing loop iteration 10860
[2025-10-27 00:24:52] [STDERR] 2025-10-27 00:24:52,360 - gleitzeit.workers.signal_worker - INFO - Signal processing loop iteration 10880
[2025-10-27 00:25:02] [STDERR] 2025-10-27 00:25:02,401 - gleitzeit.workers.signal_worker - INFO - Signal processing loop iteration 10900
[2025-10-27 00:25:12] [STDERR] 2025-10-27 00:25:12,442 - gleitzeit.workers.signal_worker - INFO - Signal processing loop iteration 10920
[2025-10-27 00:25:22] [STDERR] 2025-10-27 00:25:22,484 - gleitzeit.workers.signal_worker - INFO - Signal processing loop iteration 10940
[2025-10-27 00:25:32] [STDERR] 2025-10-27 00:25:32,522 - gleitzeit.workers.signal_worker - INFO - Signal processing loop iteration 10960
[2025-10-27 00:25:42] [STDERR] 2025-10-27 00:25:42,562 - gleitzeit.workers.signal_worker - INFO - Signal processing loop iteration 10980
[2025-10-27 00:25:52] [STDERR] 2025-10-27 00:25:52,600 - gleitzeit.workers.signal_worker - INFO - Signal processing loop iteration 11000
[2025-10-27 00:26:02] [STDERR] 2025-10-27 00:26:02,642 - gleitzeit.workers.signal_worker - INFO - Signal processing loop iteration 11020
[2025-10-27 00:26:12] [STDERR] 2025-10-27 00:26:12,681 - gleitzeit.workers.signal_worker - INFO - Signal processing loop iteration 11040
[2025-10-27 00:26:22] [STDERR] 2025-10-27 00:26:22,719 - gleitzeit.workers.signal_worker - INFO - Signal processing loop iteration 11060
[2025-10-27 00:26:32] [STDERR] 2025-10-27 00:26:32,757 - gleitzeit.workers.signal_worker - INFO - Signal processing loop iteration 11080
[2025-10-27 00:26:42] [STDERR] 2025-10-27 00:26:42,800 - gleitzeit.workers.signal_worker - INFO - Signal processing loop iteration 11100
[2025-10-27 00:26:52] [STDERR] 2025-10-27 00:26:52,840 - gleitzeit.workers.signal_worker - INFO - Signal processing loop iteration 11120
[2025-10-27 00:27:02] [STDERR] 2025-10-27 00:27:02,882 - gleitzeit.workers.signal_worker - INFO - Signal processing loop iteration 11140
[2025-10-27 00:27:12] [STDERR] 2025-10-27 00:27:12,923 - gleitzeit.workers.signal_worker - INFO - Signal processing loop iteration 11160
[2025-10-27 00:27:22] [STDERR] 2025-10-27 00:27:22,964 - gleitzeit.workers.signal_worker - INFO - Signal processing loop iteration 11180
[2025-10-27 00:27:33] [STDERR] 2025-10-27 00:27:33,002 - gleitzeit.workers.signal_worker - INFO - Signal processing loop iteration 11200
[2025-10-27 00:27:43] [STDERR] 2025-10-27 00:27:43,040 - gleitzeit.workers.signal_worker - INFO - Signal processing loop iteration 11220
[2025-10-27 00:27:53] [STDERR] 2025-10-27 00:27:53,079 - gleitzeit.workers.signal_worker - INFO - Signal processing loop iteration 11240
[2025-10-27 00:28:03] [STDERR] 2025-10-27 00:28:03,114 - gleitzeit.workers.signal_worker - INFO - Signal processing loop iteration 11260
[2025-10-27 00:28:13] [STDERR] 2025-10-27 00:28:13,155 - gleitzeit.workers.signal_worker - INFO - Signal processing loop iteration 11280
[2025-10-27 00:28:23] [STDERR] 2025-10-27 00:28:23,194 - gleitzeit.workers.signal_worker - INFO - Signal processing loop iteration 11300
[2025-10-27 00:28:33] [STDERR] 2025-10-27 00:28:33,236 - gleitzeit.workers.signal_worker - INFO - Signal processing loop iteration 11320
[2025-10-27 00:28:43] [STDERR] 2025-10-27 00:28:43,276 - gleitzeit.workers.signal_worker - INFO - Signal processing loop iteration 11340
[2025-10-27 00:28:53] [STDERR] 2025-10-27 00:28:53,313 - gleitzeit.workers.signal_worker - INFO - Signal processing loop iteration 11360
[2025-10-27 00:29:03] [STDERR] 2025-10-27 00:29:03,351 - gleitzeit.workers.signal_worker - INFO - Signal processing loop iteration 11380
[2025-10-27 00:29:13] [STDERR] 2025-10-27 00:29:13,391 - gleitzeit.workers.signal_worker - INFO - Signal processing loop iteration 11400
[2025-10-27 00:29:23] [STDERR] 2025-10-27 00:29:23,428 - gleitzeit.workers.signal_worker - INFO - Signal processing loop iteration 11420
[2025-10-27 00:29:33] [STDERR] 2025-10-27 00:29:33,468 - gleitzeit.workers.signal_worker - INFO - Signal processing loop iteration 11440
[2025-10-27 00:29:43] [STDERR] 2025-10-27 00:29:43,508 - gleitzeit.workers.signal_worker - INFO - Signal processing loop iteration 11460
[2025-10-27 00:29:53] [STDERR] 2025-10-27 00:29:53,544 - gleitzeit.workers.signal_worker - INFO - Signal processing loop iteration 11480
[2025-10-27 00:30:03] [STDERR] 2025-10-27 00:30:03,586 - gleitzeit.workers.signal_worker - INFO - Signal processing loop iteration 11500
[2025-10-27 00:30:13] [STDERR] 2025-10-27 00:30:13,625 - gleitzeit.workers.signal_worker - INFO - Signal processing loop iteration 11520
[2025-10-27 00:30:23] [STDERR] 2025-10-27 00:30:23,666 - gleitzeit.workers.signal_worker - INFO - Signal processing loop iteration 11540
[2025-10-27 00:30:33] [STDERR] 2025-10-27 00:30:33,706 - gleitzeit.workers.signal_worker - INFO - Signal processing loop iteration 11560
[2025-10-27 00:30:43] [STDERR] 2025-10-27 00:30:43,743 - gleitzeit.workers.signal_worker - INFO - Signal processing loop iteration 11580
[2025-10-27 00:30:53] [STDERR] 2025-10-27 00:30:53,783 - gleitzeit.workers.signal_worker - INFO - Signal processing loop iteration 11600
[2025-10-27 00:31:03] [STDERR] 2025-10-27 00:31:03,825 - gleitzeit.workers.signal_worker - INFO - Signal processing loop iteration 11620
[2025-10-27 00:31:13] [STDERR] 2025-10-27 00:31:13,867 - gleitzeit.workers.signal_worker - INFO - Signal processing loop iteration 11640
[2025-10-27 00:31:23] [STDERR] 2025-10-27 00:31:23,903 - gleitzeit.workers.signal_worker - INFO - Signal processing loop iteration 11660
[2025-10-27 00:31:33] [STDERR] 2025-10-27 00:31:33,943 - gleitzeit.workers.signal_worker - INFO - Signal processing loop iteration 11680
[2025-10-27 00:31:43] [STDERR] 2025-10-27 00:31:43,985 - gleitzeit.workers.signal_worker - INFO - Signal processing loop iteration 11700
[2025-10-27 00:31:54] [STDERR] 2025-10-27 00:31:54,022 - gleitzeit.workers.signal_worker - INFO - Signal processing loop iteration 11720
[2025-10-27 00:32:04] [STDERR] 2025-10-27 00:32:04,057 - gleitzeit.workers.signal_worker - INFO - Signal processing loop iteration 11740
[2025-10-27 00:32:14] [STDERR] 2025-10-27 00:32:14,096 - gleitzeit.workers.signal_worker - INFO - Signal processing loop iteration 11760
[2025-10-27 00:32:24] [STDERR] 2025-10-27 00:32:24,139 - gleitzeit.workers.signal_worker - INFO - Signal processing loop iteration 11780
[2025-10-27 00:32:34] [STDERR] 2025-10-27 00:32:34,182 - gleitzeit.workers.signal_worker - INFO - Signal processing loop iteration 11800
[2025-10-27 00:32:44] [STDERR] 2025-10-27 00:32:44,222 - gleitzeit.workers.signal_worker - INFO - Signal processing loop iteration 11820
[2025-10-27 00:32:54] [STDERR] 2025-10-27 00:32:54,264 - gleitzeit.workers.signal_worker - INFO - Signal processing loop iteration 11840
[2025-10-27 00:33:04] [STDERR] 2025-10-27 00:33:04,307 - gleitzeit.workers.signal_worker - INFO - Signal processing loop iteration 11860
[2025-10-27 00:33:14] [STDERR] 2025-10-27 00:33:14,347 - gleitzeit.workers.signal_worker - INFO - Signal processing loop iteration 11880
[2025-10-27 00:33:24] [STDERR] 2025-10-27 00:33:24,386 - gleitzeit.workers.signal_worker - INFO - Signal processing loop iteration 11900
[2025-10-27 00:33:34] [STDERR] 2025-10-27 00:33:34,427 - gleitzeit.workers.signal_worker - INFO - Signal processing loop iteration 11920
[2025-10-27 00:33:44] [STDERR] 2025-10-27 00:33:44,467 - gleitzeit.workers.signal_worker - INFO - Signal processing loop iteration 11940
[2025-10-27 00:33:54] [STDERR] 2025-10-27 00:33:54,506 - gleitzeit.workers.signal_worker - INFO - Signal processing loop iteration 11960
[2025-10-27 00:34:04] [STDERR] 2025-10-27 00:34:04,545 - gleitzeit.workers.signal_worker - INFO - Signal processing loop iteration 11980
[2025-10-27 00:34:14] [STDERR] 2025-10-27 00:34:14,578 - gleitzeit.workers.signal_worker - INFO - Signal processing loop iteration 12000
[2025-10-27 00:34:24] [STDERR] 2025-10-27 00:34:24,620 - gleitzeit.workers.signal_worker - INFO - Signal processing loop iteration 12020
[2025-10-27 00:34:34] [STDERR] 2025-10-27 00:34:34,658 - gleitzeit.workers.signal_worker - INFO - Signal processing loop iteration 12040
[2025-10-27 00:34:44] [STDERR] 2025-10-27 00:34:44,700 - gleitzeit.workers.signal_worker - INFO - Signal processing loop iteration 12060
[2025-10-27 00:34:54] [STDERR] 2025-10-27 00:34:54,738 - gleitzeit.workers.signal_worker - INFO - Signal processing loop iteration 12080
[2025-10-27 00:35:04] [STDERR] 2025-10-27 00:35:04,776 - gleitzeit.workers.signal_worker - INFO - Signal processing loop iteration 12100
[2025-10-27 00:35:14] [STDERR] 2025-10-27 00:35:14,820 - gleitzeit.workers.signal_worker - INFO - Signal processing loop iteration 12120
[2025-10-27 00:35:24] [STDERR] 2025-10-27 00:35:24,860 - gleitzeit.workers.signal_worker - INFO - Signal processing loop iteration 12140
[2025-10-27 00:35:34] [STDERR] 2025-10-27 00:35:34,900 - gleitzeit.workers.signal_worker - INFO - Signal processing loop iteration 12160
[2025-10-27 00:35:44] [STDERR] 2025-10-27 00:35:44,941 - gleitzeit.workers.signal_worker - INFO - Signal processing loop iteration 12180
[2025-10-27 00:35:54] [STDERR] 2025-10-27 00:35:54,980 - gleitzeit.workers.signal_worker - INFO - Signal processing loop iteration 12200
[2025-10-27 00:36:05] [STDERR] 2025-10-27 00:36:05,020 - gleitzeit.workers.signal_worker - INFO - Signal processing loop iteration 12220
[2025-10-27 00:36:15] [STDERR] 2025-10-27 00:36:15,061 - gleitzeit.workers.signal_worker - INFO - Signal processing loop iteration 12240
[2025-10-27 00:36:25] [STDERR] 2025-10-27 00:36:25,100 - gleitzeit.workers.signal_worker - INFO - Signal processing loop iteration 12260
[2025-10-27 00:36:35] [STDERR] 2025-10-27 00:36:35,139 - gleitzeit.workers.signal_worker - INFO - Signal processing loop iteration 12280
[2025-10-27 00:36:45] [STDERR] 2025-10-27 00:36:45,179 - gleitzeit.workers.signal_worker - INFO - Signal processing loop iteration 12300
[2025-10-27 00:36:55] [STDERR] 2025-10-27 00:36:55,219 - gleitzeit.workers.signal_worker - INFO - Signal processing loop iteration 12320
[2025-10-27 00:37:05] [STDERR] 2025-10-27 00:37:05,260 - gleitzeit.workers.signal_worker - INFO - Signal processing loop iteration 12340
[2025-10-27 00:37:15] [STDERR] 2025-10-27 00:37:15,302 - gleitzeit.workers.signal_worker - INFO - Signal processing loop iteration 12360
[2025-10-27 00:37:25] [STDERR] 2025-10-27 00:37:25,343 - gleitzeit.workers.signal_worker - INFO - Signal processing loop iteration 12380
[2025-10-27 00:37:35] [STDERR] 2025-10-27 00:37:35,381 - gleitzeit.workers.signal_worker - INFO - Signal processing loop iteration 12400
[2025-10-27 00:37:45] [STDERR] 2025-10-27 00:37:45,419 - gleitzeit.workers.signal_worker - INFO - Signal processing loop iteration 12420
[2025-10-27 00:37:55] [STDERR] 2025-10-27 00:37:55,459 - gleitzeit.workers.signal_worker - INFO - Signal processing loop iteration 12440
[2025-10-27 00:38:05] [STDERR] 2025-10-27 00:38:05,502 - gleitzeit.workers.signal_worker - INFO - Signal processing loop iteration 12460
[2025-10-27 00:38:15] [STDERR] 2025-10-27 00:38:15,540 - gleitzeit.workers.signal_worker - INFO - Signal processing loop iteration 12480
[2025-10-27 00:38:25] [STDERR] 2025-10-27 00:38:25,579 - gleitzeit.workers.signal_worker - INFO - Signal processing loop iteration 12500
[2025-10-27 00:38:35] [STDERR] 2025-10-27 00:38:35,618 - gleitzeit.workers.signal_worker - INFO - Signal processing loop iteration 12520
[2025-10-27 00:38:45] [STDERR] 2025-10-27 00:38:45,660 - gleitzeit.workers.signal_worker - INFO - Signal processing loop iteration 12540
[2025-10-27 00:38:55] [STDERR] 2025-10-27 00:38:55,700 - gleitzeit.workers.signal_worker - INFO - Signal processing loop iteration 12560
[2025-10-27 00:39:05] [STDERR] 2025-10-27 00:39:05,736 - gleitzeit.workers.signal_worker - INFO - Signal processing loop iteration 12580
[2025-10-27 00:39:15] [STDERR] 2025-10-27 00:39:15,774 - gleitzeit.workers.signal_worker - INFO - Signal processing loop iteration 12600
[2025-10-27 00:39:25] [STDERR] 2025-10-27 00:39:25,816 - gleitzeit.workers.signal_worker - INFO - Signal processing loop iteration 12620
[2025-10-27 00:39:35] [STDERR] 2025-10-27 00:39:35,852 - gleitzeit.workers.signal_worker - INFO - Signal processing loop iteration 12640
[2025-10-27 00:39:45] [STDERR] 2025-10-27 00:39:45,893 - gleitzeit.workers.signal_worker - INFO - Signal processing loop iteration 12660
[2025-10-27 00:39:55] [STDERR] 2025-10-27 00:39:55,932 - gleitzeit.workers.signal_worker - INFO - Signal processing loop iteration 12680
[2025-10-27 00:40:05] [STDERR] 2025-10-27 00:40:05,972 - gleitzeit.workers.signal_worker - INFO - Signal processing loop iteration 12700
[2025-10-27 00:40:16] [STDERR] 2025-10-27 00:40:16,011 - gleitzeit.workers.signal_worker - INFO - Signal processing loop iteration 12720
[2025-10-27 00:40:26] [STDERR] 2025-10-27 00:40:26,048 - gleitzeit.workers.signal_worker - INFO - Signal processing loop iteration 12740
[2025-10-27 00:40:36] [STDERR] 2025-10-27 00:40:36,087 - gleitzeit.workers.signal_worker - INFO - Signal processing loop iteration 12760
[2025-10-27 00:40:46] [STDERR] 2025-10-27 00:40:46,125 - gleitzeit.workers.signal_worker - INFO - Signal processing loop iteration 12780
[2025-10-27 00:40:56] [STDERR] 2025-10-27 00:40:56,161 - gleitzeit.workers.signal_worker - INFO - Signal processing loop iteration 12800
[2025-10-27 00:41:06] [STDERR] 2025-10-27 00:41:06,205 - gleitzeit.workers.signal_worker - INFO - Signal processing loop iteration 12820
[2025-10-27 00:41:16] [STDERR] 2025-10-27 00:41:16,244 - gleitzeit.workers.signal_worker - INFO - Signal processing loop iteration 12840
[2025-10-27 00:41:26] [STDERR] 2025-10-27 00:41:26,287 - gleitzeit.workers.signal_worker - INFO - Signal processing loop iteration 12860
[2025-10-27 00:41:36] [STDERR] 2025-10-27 00:41:36,324 - gleitzeit.workers.signal_worker - INFO - Signal processing loop iteration 12880
[2025-10-27 00:41:46] [STDERR] 2025-10-27 00:41:46,364 - gleitzeit.workers.signal_worker - INFO - Signal processing loop iteration 12900
[2025-10-27 00:41:56] [STDERR] 2025-10-27 00:41:56,402 - gleitzeit.workers.signal_worker - INFO - Signal processing loop iteration 12920
[2025-10-27 00:42:06] [STDERR] 2025-10-27 00:42:06,442 - gleitzeit.workers.signal_worker - INFO - Signal processing loop iteration 12940
[2025-10-27 00:42:16] [STDERR] 2025-10-27 00:42:16,482 - gleitzeit.workers.signal_worker - INFO - Signal processing loop iteration 12960
[2025-10-27 00:42:26] [STDERR] 2025-10-27 00:42:26,521 - gleitzeit.workers.signal_worker - INFO - Signal processing loop iteration 12980
[2025-10-27 00:42:36] [STDERR] 2025-10-27 00:42:36,562 - gleitzeit.workers.signal_worker - INFO - Signal processing loop iteration 13000
[2025-10-27 00:42:46] [STDERR] 2025-10-27 00:42:46,603 - gleitzeit.workers.signal_worker - INFO - Signal processing loop iteration 13020
[2025-10-27 00:42:56] [STDERR] 2025-10-27 00:42:56,641 - gleitzeit.workers.signal_worker - INFO - Signal processing loop iteration 13040
[2025-10-27 00:43:06] [STDERR] 2025-10-27 00:43:06,681 - gleitzeit.workers.signal_worker - INFO - Signal processing loop iteration 13060
[2025-10-27 00:43:16] [STDERR] 2025-10-27 00:43:16,725 - gleitzeit.workers.signal_worker - INFO - Signal processing loop iteration 13080
[2025-10-27 00:43:26] [STDERR] 2025-10-27 00:43:26,770 - gleitzeit.workers.signal_worker - INFO - Signal processing loop iteration 13100
[2025-10-27 00:43:36] [STDERR] 2025-10-27 00:43:36,813 - gleitzeit.workers.signal_worker - INFO - Signal processing loop iteration 13120
[2025-10-27 00:43:46] [STDERR] 2025-10-27 00:43:46,852 - gleitzeit.workers.signal_worker - INFO - Signal processing loop iteration 13140
[2025-10-27 00:43:56] [STDERR] 2025-10-27 00:43:56,891 - gleitzeit.workers.signal_worker - INFO - Signal processing loop iteration 13160
[2025-10-27 00:44:06] [STDERR] 2025-10-27 00:44:06,929 - gleitzeit.workers.signal_worker - INFO - Signal processing loop iteration 13180
[2025-10-27 00:44:16] [STDERR] 2025-10-27 00:44:16,969 - gleitzeit.workers.signal_worker - INFO - Signal processing loop iteration 13200
[2025-10-27 00:44:27] [STDERR] 2025-10-27 00:44:27,007 - gleitzeit.workers.signal_worker - INFO - Signal processing loop iteration 13220
[2025-10-27 00:44:37] [STDERR] 2025-10-27 00:44:37,043 - gleitzeit.workers.signal_worker - INFO - Signal processing loop iteration 13240
[2025-10-27 00:44:47] [STDERR] 2025-10-27 00:44:47,075 - gleitzeit.workers.signal_worker - INFO - Signal processing loop iteration 13260
[2025-10-27 00:44:57] [STDERR] 2025-10-27 00:44:57,117 - gleitzeit.workers.signal_worker - INFO - Signal processing loop iteration 13280
[2025-10-27 00:45:07] [STDERR] 2025-10-27 00:45:07,152 - gleitzeit.workers.signal_worker - INFO - Signal processing loop iteration 13300
[2025-10-27 00:45:17] [STDERR] 2025-10-27 00:45:17,191 - gleitzeit.workers.signal_worker - INFO - Signal processing loop iteration 13320
[2025-10-27 00:45:27] [STDERR] 2025-10-27 00:45:27,227 - gleitzeit.workers.signal_worker - INFO - Signal processing loop iteration 13340
[2025-10-27 00:45:37] [STDERR] 2025-10-27 00:45:37,267 - gleitzeit.workers.signal_worker - INFO - Signal processing loop iteration 13360
[2025-10-27 00:45:47] [STDERR] 2025-10-27 00:45:47,302 - gleitzeit.workers.signal_worker - INFO - Signal processing loop iteration 13380
[2025-10-27 00:45:57] [STDERR] 2025-10-27 00:45:57,341 - gleitzeit.workers.signal_worker - INFO - Signal processing loop iteration 13400
[2025-10-27 00:46:07] [STDERR] 2025-10-27 00:46:07,381 - gleitzeit.workers.signal_worker - INFO - Signal processing loop iteration 13420
[2025-10-27 00:46:17] [STDERR] 2025-10-27 00:46:17,425 - gleitzeit.workers.signal_worker - INFO - Signal processing loop iteration 13440
[2025-10-27 00:46:27] [STDERR] 2025-10-27 00:46:27,458 - gleitzeit.workers.signal_worker - INFO - Signal processing loop iteration 13460
[2025-10-27 00:46:37] [STDERR] 2025-10-27 00:46:37,498 - gleitzeit.workers.signal_worker - INFO - Signal processing loop iteration 13480
[2025-10-27 00:46:47] [STDERR] 2025-10-27 00:46:47,538 - gleitzeit.workers.signal_worker - INFO - Signal processing loop iteration 13500
[2025-10-27 00:46:57] [STDERR] 2025-10-27 00:46:57,579 - gleitzeit.workers.signal_worker - INFO - Signal processing loop iteration 13520
[2025-10-27 00:47:07] [STDERR] 2025-10-27 00:47:07,618 - gleitzeit.workers.signal_worker - INFO - Signal processing loop iteration 13540
[2025-10-27 00:47:17] [STDERR] 2025-10-27 00:47:17,650 - gleitzeit.workers.signal_worker - INFO - Signal processing loop iteration 13560
[2025-10-27 00:47:27] [STDERR] 2025-10-27 00:47:27,689 - gleitzeit.workers.signal_worker - INFO - Signal processing loop iteration 13580
[2025-10-27 00:47:37] [STDERR] 2025-10-27 00:47:37,730 - gleitzeit.workers.signal_worker - INFO - Signal processing loop iteration 13600
[2025-10-27 00:47:47] [STDERR] 2025-10-27 00:47:47,772 - gleitzeit.workers.signal_worker - INFO - Signal processing loop iteration 13620
[2025-10-27 00:47:57] [STDERR] 2025-10-27 00:47:57,815 - gleitzeit.workers.signal_worker - INFO - Signal processing loop iteration 13640
[2025-10-27 00:48:07] [STDERR] 2025-10-27 00:48:07,850 - gleitzeit.workers.signal_worker - INFO - Signal processing loop iteration 13660
[2025-10-27 00:48:17] [STDERR] 2025-10-27 00:48:17,891 - gleitzeit.workers.signal_worker - INFO - Signal processing loop iteration 13680
[2025-10-27 00:48:27] [STDERR] 2025-10-27 00:48:27,930 - gleitzeit.workers.signal_worker - INFO - Signal processing loop iteration 13700
[2025-10-27 00:48:37] [STDERR] 2025-10-27 00:48:37,969 - gleitzeit.workers.signal_worker - INFO - Signal processing loop iteration 13720
[2025-10-27 00:48:48] [STDERR] 2025-10-27 00:48:48,114 - gleitzeit.workers.signal_worker - INFO - Signal processing loop iteration 13740
[2025-10-27 00:48:58] [STDERR] 2025-10-27 00:48:58,155 - gleitzeit.workers.signal_worker - INFO - Signal processing loop iteration 13760
[2025-10-27 00:49:08] [STDERR] 2025-10-27 00:49:08,194 - gleitzeit.workers.signal_worker - INFO - Signal processing loop iteration 13780
[2025-10-27 00:49:18] [STDERR] 2025-10-27 00:49:18,235 - gleitzeit.workers.signal_worker - INFO - Signal processing loop iteration 13800
[2025-10-27 00:49:28] [STDERR] 2025-10-27 00:49:28,273 - gleitzeit.workers.signal_worker - INFO - Signal processing loop iteration 13820
[2025-10-27 00:49:38] [STDERR] 2025-10-27 00:49:38,311 - gleitzeit.workers.signal_worker - INFO - Signal processing loop iteration 13840
[2025-10-27 00:49:48] [STDERR] 2025-10-27 00:49:48,351 - gleitzeit.workers.signal_worker - INFO - Signal processing loop iteration 13860
[2025-10-27 00:49:58] [STDERR] 2025-10-27 00:49:58,392 - gleitzeit.workers.signal_worker - INFO - Signal processing loop iteration 13880
[2025-10-27 00:50:08] [STDERR] 2025-10-27 00:50:08,430 - gleitzeit.workers.signal_worker - INFO - Signal processing loop iteration 13900
[2025-10-27 00:50:18] [STDERR] 2025-10-27 00:50:18,464 - gleitzeit.workers.signal_worker - INFO - Signal processing loop iteration 13920
[2025-10-27 00:50:28] [STDERR] 2025-10-27 00:50:28,504 - gleitzeit.workers.signal_worker - INFO - Signal processing loop iteration 13940
[2025-10-27 00:50:38] [STDERR] 2025-10-27 00:50:38,545 - gleitzeit.workers.signal_worker - INFO - Signal processing loop iteration 13960
[2025-10-27 00:50:48] [STDERR] 2025-10-27 00:50:48,583 - gleitzeit.workers.signal_worker - INFO - Signal processing loop iteration 13980
[2025-10-27 00:50:58] [STDERR] 2025-10-27 00:50:58,623 - gleitzeit.workers.signal_worker - INFO - Signal processing loop iteration 14000
[2025-10-27 00:51:08] [STDERR] 2025-10-27 00:51:08,660 - gleitzeit.workers.signal_worker - INFO - Signal processing loop iteration 14020
[2025-10-27 00:51:18] [STDERR] 2025-10-27 00:51:18,699 - gleitzeit.workers.signal_worker - INFO - Signal processing loop iteration 14040
[2025-10-27 00:51:28] [STDERR] 2025-10-27 00:51:28,736 - gleitzeit.workers.signal_worker - INFO - Signal processing loop iteration 14060
[2025-10-27 00:51:38] [STDERR] 2025-10-27 00:51:38,769 - gleitzeit.workers.signal_worker - INFO - Signal processing loop iteration 14080
[2025-10-27 00:51:48] [STDERR] 2025-10-27 00:51:48,810 - gleitzeit.workers.signal_worker - INFO - Signal processing loop iteration 14100
[2025-10-27 00:51:58] [STDERR] 2025-10-27 00:51:58,849 - gleitzeit.workers.signal_worker - INFO - Signal processing loop iteration 14120
[2025-10-27 00:52:08] [STDERR] 2025-10-27 00:52:08,886 - gleitzeit.workers.signal_worker - INFO - Signal processing loop iteration 14140
[2025-10-27 00:52:18] [STDERR] 2025-10-27 00:52:18,926 - gleitzeit.workers.signal_worker - INFO - Signal processing loop iteration 14160
[2025-10-27 00:52:28] [STDERR] 2025-10-27 00:52:28,965 - gleitzeit.workers.signal_worker - INFO - Signal processing loop iteration 14180
[2025-10-27 00:52:39] [STDERR] 2025-10-27 00:52:39,004 - gleitzeit.workers.signal_worker - INFO - Signal processing loop iteration 14200
[2025-10-27 00:52:49] [STDERR] 2025-10-27 00:52:49,046 - gleitzeit.workers.signal_worker - INFO - Signal processing loop iteration 14220
[2025-10-27 00:52:59] [STDERR] 2025-10-27 00:52:59,087 - gleitzeit.workers.signal_worker - INFO - Signal processing loop iteration 14240
[2025-10-27 00:53:09] [STDERR] 2025-10-27 00:53:09,128 - gleitzeit.workers.signal_worker - INFO - Signal processing loop iteration 14260
[2025-10-27 00:53:19] [STDERR] 2025-10-27 00:53:19,162 - gleitzeit.workers.signal_worker - INFO - Signal processing loop iteration 14280
[2025-10-27 00:53:29] [STDERR] 2025-10-27 00:53:29,198 - gleitzeit.workers.signal_worker - INFO - Signal processing loop iteration 14300
[2025-10-27 00:53:39] [STDERR] 2025-10-27 00:53:39,237 - gleitzeit.workers.signal_worker - INFO - Signal processing loop iteration 14320
[2025-10-27 00:53:49] [STDERR] 2025-10-27 00:53:49,273 - gleitzeit.workers.signal_worker - INFO - Signal processing loop iteration 14340
[2025-10-27 00:53:59] [STDERR] 2025-10-27 00:53:59,310 - gleitzeit.workers.signal_worker - INFO - Signal processing loop iteration 14360
[2025-10-27 00:54:09] [STDERR] 2025-10-27 00:54:09,350 - gleitzeit.workers.signal_worker - INFO - Signal processing loop iteration 14380
[2025-10-27 00:54:19] [STDERR] 2025-10-27 00:54:19,389 - gleitzeit.workers.signal_worker - INFO - Signal processing loop iteration 14400
[2025-10-27 00:54:29] [STDERR] 2025-10-27 00:54:29,426 - gleitzeit.workers.signal_worker - INFO - Signal processing loop iteration 14420
[2025-10-27 00:54:39] [STDERR] 2025-10-27 00:54:39,467 - gleitzeit.workers.signal_worker - INFO - Signal processing loop iteration 14440
[2025-10-27 00:54:49] [STDERR] 2025-10-27 00:54:49,506 - gleitzeit.workers.signal_worker - INFO - Signal processing loop iteration 14460
[2025-10-27 00:54:59] [STDERR] 2025-10-27 00:54:59,543 - gleitzeit.workers.signal_worker - INFO - Signal processing loop iteration 14480
[2025-10-27 00:55:09] [STDERR] 2025-10-27 00:55:09,584 - gleitzeit.workers.signal_worker - INFO - Signal processing loop iteration 14500
[2025-10-27 00:55:19] [STDERR] 2025-10-27 00:55:19,621 - gleitzeit.workers.signal_worker - INFO - Signal processing loop iteration 14520
[2025-10-27 00:55:29] [STDERR] 2025-10-27 00:55:29,661 - gleitzeit.workers.signal_worker - INFO - Signal processing loop iteration 14540
[2025-10-27 00:55:39] [STDERR] 2025-10-27 00:55:39,698 - gleitzeit.workers.signal_worker - INFO - Signal processing loop iteration 14560
[2025-10-27 00:55:49] [STDERR] 2025-10-27 00:55:49,739 - gleitzeit.workers.signal_worker - INFO - Signal processing loop iteration 14580
[2025-10-27 00:55:59] [STDERR] 2025-10-27 00:55:59,777 - gleitzeit.workers.signal_worker - INFO - Signal processing loop iteration 14600
[2025-10-27 00:56:09] [STDERR] 2025-10-27 00:56:09,812 - gleitzeit.workers.signal_worker - INFO - Signal processing loop iteration 14620
[2025-10-27 00:56:19] [STDERR] 2025-10-27 00:56:19,854 - gleitzeit.workers.signal_worker - INFO - Signal processing loop iteration 14640
[2025-10-27 00:56:29] [STDERR] 2025-10-27 00:56:29,894 - gleitzeit.workers.signal_worker - INFO - Signal processing loop iteration 14660
[2025-10-27 00:56:39] [STDERR] 2025-10-27 00:56:39,934 - gleitzeit.workers.signal_worker - INFO - Signal processing loop iteration 14680
[2025-10-27 00:56:49] [STDERR] 2025-10-27 00:56:49,968 - gleitzeit.workers.signal_worker - INFO - Signal processing loop iteration 14700
[2025-10-27 00:57:00] [STDERR] 2025-10-27 00:57:00,010 - gleitzeit.workers.signal_worker - INFO - Signal processing loop iteration 14720
[2025-10-27 00:57:10] [STDERR] 2025-10-27 00:57:10,051 - gleitzeit.workers.signal_worker - INFO - Signal processing loop iteration 14740
[2025-10-27 00:57:20] [STDERR] 2025-10-27 00:57:20,088 - gleitzeit.workers.signal_worker - INFO - Signal processing loop iteration 14760
[2025-10-27 00:57:30] [STDERR] 2025-10-27 00:57:30,132 - gleitzeit.workers.signal_worker - INFO - Signal processing loop iteration 14780
[2025-10-27 00:57:40] [STDERR] 2025-10-27 00:57:40,172 - gleitzeit.workers.signal_worker - INFO - Signal processing loop iteration 14800
[2025-10-27 00:57:50] [STDERR] 2025-10-27 00:57:50,215 - gleitzeit.workers.signal_worker - INFO - Signal processing loop iteration 14820
[2025-10-27 00:58:00] [STDERR] 2025-10-27 00:58:00,258 - gleitzeit.workers.signal_worker - INFO - Signal processing loop iteration 14840
[2025-10-27 00:58:10] [STDERR] 2025-10-27 00:58:10,300 - gleitzeit.workers.signal_worker - INFO - Signal processing loop iteration 14860
[2025-10-27 00:58:20] [STDERR] 2025-10-27 00:58:20,340 - gleitzeit.workers.signal_worker - INFO - Signal processing loop iteration 14880
[2025-10-27 00:58:30] [STDERR] 2025-10-27 00:58:30,377 - gleitzeit.workers.signal_worker - INFO - Signal processing loop iteration 14900
[2025-10-27 00:58:40] [STDERR] 2025-10-27 00:58:40,415 - gleitzeit.workers.signal_worker - INFO - Signal processing loop iteration 14920
[2025-10-27 00:58:50] [STDERR] 2025-10-27 00:58:50,457 - gleitzeit.workers.signal_worker - INFO - Signal processing loop iteration 14940
[2025-10-27 00:59:00] [STDERR] 2025-10-27 00:59:00,499 - gleitzeit.workers.signal_worker - INFO - Signal processing loop iteration 14960
[2025-10-27 00:59:10] [STDERR] 2025-10-27 00:59:10,538 - gleitzeit.workers.signal_worker - INFO - Signal processing loop iteration 14980
[2025-10-27 00:59:20] [STDERR] 2025-10-27 00:59:20,577 - gleitzeit.workers.signal_worker - INFO - Signal processing loop iteration 15000
[2025-10-27 00:59:30] [STDERR] 2025-10-27 00:59:30,619 - gleitzeit.workers.signal_worker - INFO - Signal processing loop iteration 15020
[2025-10-27 00:59:40] [STDERR] 2025-10-27 00:59:40,663 - gleitzeit.workers.signal_worker - INFO - Signal processing loop iteration 15040
[2025-10-27 00:59:50] [STDERR] 2025-10-27 00:59:50,705 - gleitzeit.workers.signal_worker - INFO - Signal processing loop iteration 15060
[2025-10-27 01:00:00] [STDERR] 2025-10-27 01:00:00,747 - gleitzeit.workers.signal_worker - INFO - Signal processing loop iteration 15080
[2025-10-27 01:00:10] [STDERR] 2025-10-27 01:00:10,785 - gleitzeit.workers.signal_worker - INFO - Signal processing loop iteration 15100
[2025-10-27 01:00:20] [STDERR] 2025-10-27 01:00:20,823 - gleitzeit.workers.signal_worker - INFO - Signal processing loop iteration 15120
[2025-10-27 01:00:30] [STDERR] 2025-10-27 01:00:30,867 - gleitzeit.workers.signal_worker - INFO - Signal processing loop iteration 15140
[2025-10-27 01:00:40] [STDERR] 2025-10-27 01:00:40,909 - gleitzeit.workers.signal_worker - INFO - Signal processing loop iteration 15160
[2025-10-27 01:00:50] [STDERR] 2025-10-27 01:00:50,951 - gleitzeit.workers.signal_worker - INFO - Signal processing loop iteration 15180
[2025-10-27 01:01:00] [STDERR] 2025-10-27 01:01:00,988 - gleitzeit.workers.signal_worker - INFO - Signal processing loop iteration 15200
[2025-10-27 01:01:11] [STDERR] 2025-10-27 01:01:11,028 - gleitzeit.workers.signal_worker - INFO - Signal processing loop iteration 15220
[2025-10-27 01:01:21] [STDERR] 2025-10-27 01:01:21,068 - gleitzeit.workers.signal_worker - INFO - Signal processing loop iteration 15240
[2025-10-27 01:01:31] [STDERR] 2025-10-27 01:01:31,109 - gleitzeit.workers.signal_worker - INFO - Signal processing loop iteration 15260
[2025-10-27 01:01:41] [STDERR] 2025-10-27 01:01:41,147 - gleitzeit.workers.signal_worker - INFO - Signal processing loop iteration 15280
[2025-10-27 01:01:51] [STDERR] 2025-10-27 01:01:51,186 - gleitzeit.workers.signal_worker - INFO - Signal processing loop iteration 15300
[2025-10-27 01:02:01] [STDERR] 2025-10-27 01:02:01,227 - gleitzeit.workers.signal_worker - INFO - Signal processing loop iteration 15320
[2025-10-27 01:02:11] [STDERR] 2025-10-27 01:02:11,267 - gleitzeit.workers.signal_worker - INFO - Signal processing loop iteration 15340
[2025-10-27 01:02:21] [STDERR] 2025-10-27 01:02:21,310 - gleitzeit.workers.signal_worker - INFO - Signal processing loop iteration 15360
[2025-10-27 01:02:31] [STDERR] 2025-10-27 01:02:31,348 - gleitzeit.workers.signal_worker - INFO - Signal processing loop iteration 15380
[2025-10-27 01:02:41] [STDERR] 2025-10-27 01:02:41,389 - gleitzeit.workers.signal_worker - INFO - Signal processing loop iteration 15400
[2025-10-27 01:02:51] [STDERR] 2025-10-27 01:02:51,428 - gleitzeit.workers.signal_worker - INFO - Signal processing loop iteration 15420
[2025-10-27 01:03:01] [STDERR] 2025-10-27 01:03:01,469 - gleitzeit.workers.signal_worker - INFO - Signal processing loop iteration 15440
[2025-10-27 01:03:11] [STDERR] 2025-10-27 01:03:11,510 - gleitzeit.workers.signal_worker - INFO - Signal processing loop iteration 15460
[2025-10-27 01:03:21] [STDERR] 2025-10-27 01:03:21,549 - gleitzeit.workers.signal_worker - INFO - Signal processing loop iteration 15480
[2025-10-27 01:03:31] [STDERR] 2025-10-27 01:03:31,590 - gleitzeit.workers.signal_worker - INFO - Signal processing loop iteration 15500
[2025-10-27 01:03:41] [STDERR] 2025-10-27 01:03:41,629 - gleitzeit.workers.signal_worker - INFO - Signal processing loop iteration 15520
[2025-10-27 01:03:51] [STDERR] 2025-10-27 01:03:51,669 - gleitzeit.workers.signal_worker - INFO - Signal processing loop iteration 15540
[2025-10-27 01:04:01] [STDERR] 2025-10-27 01:04:01,710 - gleitzeit.workers.signal_worker - INFO - Signal processing loop iteration 15560
[2025-10-27 01:04:11] [STDERR] 2025-10-27 01:04:11,745 - gleitzeit.workers.signal_worker - INFO - Signal processing loop iteration 15580
[2025-10-27 01:04:21] [STDERR] 2025-10-27 01:04:21,786 - gleitzeit.workers.signal_worker - INFO - Signal processing loop iteration 15600
[2025-10-27 01:04:31] [STDERR] 2025-10-27 01:04:31,828 - gleitzeit.workers.signal_worker - INFO - Signal processing loop iteration 15620
[2025-10-27 01:04:41] [STDERR] 2025-10-27 01:04:41,868 - gleitzeit.workers.signal_worker - INFO - Signal processing loop iteration 15640
[2025-10-27 01:04:51] [STDERR] 2025-10-27 01:04:51,905 - gleitzeit.workers.signal_worker - INFO - Signal processing loop iteration 15660
[2025-10-27 01:05:01] [STDERR] 2025-10-27 01:05:01,943 - gleitzeit.workers.signal_worker - INFO - Signal processing loop iteration 15680
[2025-10-27 01:05:11] [STDERR] 2025-10-27 01:05:11,976 - gleitzeit.workers.signal_worker - INFO - Signal processing loop iteration 15700
[2025-10-27 01:05:22] [STDERR] 2025-10-27 01:05:22,014 - gleitzeit.workers.signal_worker - INFO - Signal processing loop iteration 15720
[2025-10-27 01:05:32] [STDERR] 2025-10-27 01:05:32,054 - gleitzeit.workers.signal_worker - INFO - Signal processing loop iteration 15740
[2025-10-27 01:05:42] [STDERR] 2025-10-27 01:05:42,093 - gleitzeit.workers.signal_worker - INFO - Signal processing loop iteration 15760
[2025-10-27 01:05:52] [STDERR] 2025-10-27 01:05:52,130 - gleitzeit.workers.signal_worker - INFO - Signal processing loop iteration 15780
[2025-10-27 01:06:02] [STDERR] 2025-10-27 01:06:02,162 - gleitzeit.workers.signal_worker - INFO - Signal processing loop iteration 15800
[2025-10-27 01:06:12] [STDERR] 2025-10-27 01:06:12,203 - gleitzeit.workers.signal_worker - INFO - Signal processing loop iteration 15820
[2025-10-27 01:06:22] [STDERR] 2025-10-27 01:06:22,241 - gleitzeit.workers.signal_worker - INFO - Signal processing loop iteration 15840
[2025-10-27 01:06:32] [STDERR] 2025-10-27 01:06:32,279 - gleitzeit.workers.signal_worker - INFO - Signal processing loop iteration 15860
[2025-10-27 01:06:42] [STDERR] 2025-10-27 01:06:42,320 - gleitzeit.workers.signal_worker - INFO - Signal processing loop iteration 15880
[2025-10-27 01:06:52] [STDERR] 2025-10-27 01:06:52,359 - gleitzeit.workers.signal_worker - INFO - Signal processing loop iteration 15900
[2025-10-27 01:07:02] [STDERR] 2025-10-27 01:07:02,399 - gleitzeit.workers.signal_worker - INFO - Signal processing loop iteration 15920
[2025-10-27 01:07:12] [STDERR] 2025-10-27 01:07:12,439 - gleitzeit.workers.signal_worker - INFO - Signal processing loop iteration 15940
[2025-10-27 01:07:22] [STDERR] 2025-10-27 01:07:22,481 - gleitzeit.workers.signal_worker - INFO - Signal processing loop iteration 15960
[2025-10-27 01:07:32] [STDERR] 2025-10-27 01:07:32,521 - gleitzeit.workers.signal_worker - INFO - Signal processing loop iteration 15980
[2025-10-27 01:07:42] [STDERR] 2025-10-27 01:07:42,562 - gleitzeit.workers.signal_worker - INFO - Signal processing loop iteration 16000
[2025-10-27 01:07:52] [STDERR] 2025-10-27 01:07:52,601 - gleitzeit.workers.signal_worker - INFO - Signal processing loop iteration 16020
[2025-10-27 01:08:02] [STDERR] 2025-10-27 01:08:02,639 - gleitzeit.workers.signal_worker - INFO - Signal processing loop iteration 16040
[2025-10-27 01:08:12] [STDERR] 2025-10-27 01:08:12,673 - gleitzeit.workers.signal_worker - INFO - Signal processing loop iteration 16060
[2025-10-27 01:08:22] [STDERR] 2025-10-27 01:08:22,712 - gleitzeit.workers.signal_worker - INFO - Signal processing loop iteration 16080
[2025-10-27 01:08:32] [STDERR] 2025-10-27 01:08:32,752 - gleitzeit.workers.signal_worker - INFO - Signal processing loop iteration 16100
[2025-10-27 01:08:42] [STDERR] 2025-10-27 01:08:42,796 - gleitzeit.workers.signal_worker - INFO - Signal processing loop iteration 16120
[2025-10-27 01:08:52] [STDERR] 2025-10-27 01:08:52,836 - gleitzeit.workers.signal_worker - INFO - Signal processing loop iteration 16140
[2025-10-27 01:09:02] [STDERR] 2025-10-27 01:09:02,874 - gleitzeit.workers.signal_worker - INFO - Signal processing loop iteration 16160
[2025-10-27 01:09:12] [STDERR] 2025-10-27 01:09:12,917 - gleitzeit.workers.signal_worker - INFO - Signal processing loop iteration 16180
[2025-10-27 01:09:22] [STDERR] 2025-10-27 01:09:22,960 - gleitzeit.workers.signal_worker - INFO - Signal processing loop iteration 16200
[2025-10-27 01:09:33] [STDERR] 2025-10-27 01:09:33,002 - gleitzeit.workers.signal_worker - INFO - Signal processing loop iteration 16220
[2025-10-27 01:09:43] [STDERR] 2025-10-27 01:09:43,045 - gleitzeit.workers.signal_worker - INFO - Signal processing loop iteration 16240
[2025-10-27 01:09:53] [STDERR] 2025-10-27 01:09:53,085 - gleitzeit.workers.signal_worker - INFO - Signal processing loop iteration 16260
[2025-10-27 01:10:03] [STDERR] 2025-10-27 01:10:03,130 - gleitzeit.workers.signal_worker - INFO - Signal processing loop iteration 16280
[2025-10-27 01:10:13] [STDERR] 2025-10-27 01:10:13,172 - gleitzeit.workers.signal_worker - INFO - Signal processing loop iteration 16300
[2025-10-27 01:10:23] [STDERR] 2025-10-27 01:10:23,212 - gleitzeit.workers.signal_worker - INFO - Signal processing loop iteration 16320
[2025-10-27 01:10:33] [STDERR] 2025-10-27 01:10:33,255 - gleitzeit.workers.signal_worker - INFO - Signal processing loop iteration 16340
[2025-10-27 01:10:43] [STDERR] 2025-10-27 01:10:43,297 - gleitzeit.workers.signal_worker - INFO - Signal processing loop iteration 16360
[2025-10-27 01:10:53] [STDERR] 2025-10-27 01:10:53,339 - gleitzeit.workers.signal_worker - INFO - Signal processing loop iteration 16380
[2025-10-27 01:11:03] [STDERR] 2025-10-27 01:11:03,378 - gleitzeit.workers.signal_worker - INFO - Signal processing loop iteration 16400
[2025-10-27 01:11:13] [STDERR] 2025-10-27 01:11:13,419 - gleitzeit.workers.signal_worker - INFO - Signal processing loop iteration 16420
[2025-10-27 01:11:23] [STDERR] 2025-10-27 01:11:23,457 - gleitzeit.workers.signal_worker - INFO - Signal processing loop iteration 16440
[2025-10-27 01:11:33] [STDERR] 2025-10-27 01:11:33,497 - gleitzeit.workers.signal_worker - INFO - Signal processing loop iteration 16460
[2025-10-27 01:11:43] [STDERR] 2025-10-27 01:11:43,537 - gleitzeit.workers.signal_worker - INFO - Signal processing loop iteration 16480
[2025-10-27 01:11:53] [STDERR] 2025-10-27 01:11:53,580 - gleitzeit.workers.signal_worker - INFO - Signal processing loop iteration 16500
[2025-10-27 01:12:03] [STDERR] 2025-10-27 01:12:03,620 - gleitzeit.workers.signal_worker - INFO - Signal processing loop iteration 16520
[2025-10-27 01:12:13] [STDERR] 2025-10-27 01:12:13,659 - gleitzeit.workers.signal_worker - INFO - Signal processing loop iteration 16540
[2025-10-27 01:12:23] [STDERR] 2025-10-27 01:12:23,697 - gleitzeit.workers.signal_worker - INFO - Signal processing loop iteration 16560
[2025-10-27 01:12:33] [STDERR] 2025-10-27 01:12:33,734 - gleitzeit.workers.signal_worker - INFO - Signal processing loop iteration 16580
[2025-10-27 01:12:43] [STDERR] 2025-10-27 01:12:43,775 - gleitzeit.workers.signal_worker - INFO - Signal processing loop iteration 16600
[2025-10-27 01:12:53] [STDERR] 2025-10-27 01:12:53,817 - gleitzeit.workers.signal_worker - INFO - Signal processing loop iteration 16620
[2025-10-27 01:13:03] [STDERR] 2025-10-27 01:13:03,856 - gleitzeit.workers.signal_worker - INFO - Signal processing loop iteration 16640
[2025-10-27 01:23:20] [STDERR] 2025-10-27 01:23:20,982 - gleitzeit.workers.signal_worker - INFO - Signal processing loop iteration 16660
[2025-10-27 01:23:31] [STDERR] 2025-10-27 01:23:31,027 - gleitzeit.workers.signal_worker - INFO - Signal processing loop iteration 16680
[2025-10-27 01:23:41] [STDERR] 2025-10-27 01:23:41,063 - gleitzeit.workers.signal_worker - INFO - Signal processing loop iteration 16700
[2025-10-27 01:23:51] [STDERR] 2025-10-27 01:23:51,106 - gleitzeit.workers.signal_worker - INFO - Signal processing loop iteration 16720
[2025-10-27 01:24:01] [STDERR] 2025-10-27 01:24:01,148 - gleitzeit.workers.signal_worker - INFO - Signal processing loop iteration 16740
[2025-10-27 01:26:36] [STDERR] 2025-10-27 01:26:36,310 - gleitzeit.workers.signal_worker - INFO - Signal processing loop iteration 16760
[2025-10-27 01:26:46] [STDERR] 2025-10-27 01:26:46,351 - gleitzeit.workers.signal_worker - INFO - Signal processing loop iteration 16780
[2025-10-27 01:26:56] [STDERR] 2025-10-27 01:26:56,388 - gleitzeit.workers.signal_worker - INFO - Signal processing loop iteration 16800
[2025-10-27 01:27:06] [STDERR] 2025-10-27 01:27:06,424 - gleitzeit.workers.signal_worker - INFO - Signal processing loop iteration 16820
[2025-10-27 01:37:14] [STDERR] 2025-10-27 01:37:14,664 - gleitzeit.workers.signal_worker - INFO - Signal processing loop iteration 16840
[2025-10-27 01:37:24] [STDERR] 2025-10-27 01:37:24,799 - gleitzeit.workers.signal_worker - INFO - Signal processing loop iteration 16860
[2025-10-27 01:37:34] [STDERR] 2025-10-27 01:37:34,828 - gleitzeit.workers.signal_worker - INFO - Signal processing loop iteration 16880
[2025-10-27 01:37:44] [STDERR] 2025-10-27 01:37:44,865 - gleitzeit.workers.signal_worker - INFO - Signal processing loop iteration 16900
[2025-10-27 01:37:54] [STDERR] 2025-10-27 01:37:54,901 - gleitzeit.workers.signal_worker - INFO - Signal processing loop iteration 16920
[2025-10-27 01:38:04] [STDERR] 2025-10-27 01:38:04,940 - gleitzeit.workers.signal_worker - INFO - Signal processing loop iteration 16940
[2025-10-27 01:38:14] [STDERR] 2025-10-27 01:38:14,979 - gleitzeit.workers.signal_worker - INFO - Signal processing loop iteration 16960
[2025-10-27 01:38:25] [STDERR] 2025-10-27 01:38:25,020 - gleitzeit.workers.signal_worker - INFO - Signal processing loop iteration 16980
[2025-10-27 01:38:35] [STDERR] 2025-10-27 01:38:35,063 - gleitzeit.workers.signal_worker - INFO - Signal processing loop iteration 17000
[2025-10-27 01:38:45] [STDERR] 2025-10-27 01:38:45,103 - gleitzeit.workers.signal_worker - INFO - Signal processing loop iteration 17020
[2025-10-27 01:38:55] [STDERR] 2025-10-27 01:38:55,144 - gleitzeit.workers.signal_worker - INFO - Signal processing loop iteration 17040
[2025-10-27 01:39:05] [STDERR] 2025-10-27 01:39:05,181 - gleitzeit.workers.signal_worker - INFO - Signal processing loop iteration 17060
[2025-10-27 01:39:15] [STDERR] 2025-10-27 01:39:15,220 - gleitzeit.workers.signal_worker - INFO - Signal processing loop iteration 17080
[2025-10-27 01:39:25] [STDERR] 2025-10-27 01:39:25,261 - gleitzeit.workers.signal_worker - INFO - Signal processing loop iteration 17100
[2025-10-27 01:39:35] [STDERR] 2025-10-27 01:39:35,299 - gleitzeit.workers.signal_worker - INFO - Signal processing loop iteration 17120
[2025-10-27 01:39:45] [STDERR] 2025-10-27 01:39:45,339 - gleitzeit.workers.signal_worker - INFO - Signal processing loop iteration 17140
[2025-10-27 01:39:55] [STDERR] 2025-10-27 01:39:55,380 - gleitzeit.workers.signal_worker - INFO - Signal processing loop iteration 17160
[2025-10-27 01:40:05] [STDERR] 2025-10-27 01:40:05,422 - gleitzeit.workers.signal_worker - INFO - Signal processing loop iteration 17180
[2025-10-27 01:40:15] [STDERR] 2025-10-27 01:40:15,464 - gleitzeit.workers.signal_worker - INFO - Signal processing loop iteration 17200
[2025-10-27 01:40:25] [STDERR] 2025-10-27 01:40:25,507 - gleitzeit.workers.signal_worker - INFO - Signal processing loop iteration 17220
[2025-10-27 01:40:35] [STDERR] 2025-10-27 01:40:35,548 - gleitzeit.workers.signal_worker - INFO - Signal processing loop iteration 17240
[2025-10-27 01:40:45] [STDERR] 2025-10-27 01:40:45,587 - gleitzeit.workers.signal_worker - INFO - Signal processing loop iteration 17260
[2025-10-27 01:40:55] [STDERR] 2025-10-27 01:40:55,631 - gleitzeit.workers.signal_worker - INFO - Signal processing loop iteration 17280
[2025-10-27 01:51:10] [STDERR] 2025-10-27 01:51:10,517 - gleitzeit.core.leader_election - INFO - Worker signal-async became leader for {shard:0}:global:signal:leader
[2025-10-27 01:51:10] [STDERR] 2025-10-27 01:51:10,517 - gleitzeit.workers.signal_worker - INFO - Worker signal-async became signal leader
[2025-10-27 01:51:13] [STDERR] 2025-10-27 01:51:13,776 - gleitzeit.workers.signal_worker - INFO - Signal processing loop iteration 17300
[2025-10-27 01:51:23] [STDERR] 2025-10-27 01:51:23,914 - gleitzeit.workers.signal_worker - INFO - Signal processing loop iteration 17320
[2025-10-27 01:51:34] [STDERR] 2025-10-27 01:51:34,155 - gleitzeit.workers.signal_worker - INFO - Signal processing loop iteration 17340
[2025-10-27 01:51:44] [STDERR] 2025-10-27 01:51:44,276 - gleitzeit.workers.signal_worker - INFO - Signal processing loop iteration 17360
[2025-10-27 01:51:54] [STDERR] 2025-10-27 01:51:54,399 - gleitzeit.workers.signal_worker - INFO - Signal processing loop iteration 17380
[2025-10-27 01:52:04] [STDERR] 2025-10-27 01:52:04,535 - gleitzeit.workers.signal_worker - INFO - Signal processing loop iteration 17400
[2025-10-27 01:52:14] [STDERR] 2025-10-27 01:52:14,667 - gleitzeit.workers.signal_worker - INFO - Signal processing loop iteration 17420
[2025-10-27 01:52:24] [STDERR] 2025-10-27 01:52:24,803 - gleitzeit.workers.signal_worker - INFO - Signal processing loop iteration 17440
[2025-10-27 01:52:34] [STDERR] 2025-10-27 01:52:34,935 - gleitzeit.workers.signal_worker - INFO - Signal processing loop iteration 17460
[2025-10-27 01:52:45] [STDERR] 2025-10-27 01:52:45,071 - gleitzeit.workers.signal_worker - INFO - Signal processing loop iteration 17480
[2025-10-27 01:52:55] [STDERR] 2025-10-27 01:52:55,211 - gleitzeit.workers.signal_worker - INFO - Signal processing loop iteration 17500
[2025-10-27 01:53:05] [STDERR] 2025-10-27 01:53:05,343 - gleitzeit.workers.signal_worker - INFO - Signal processing loop iteration 17520
[2025-10-27 01:53:15] [STDERR] 2025-10-27 01:53:15,476 - gleitzeit.workers.signal_worker - INFO - Signal processing loop iteration 17540
[2025-10-27 01:53:25] [STDERR] 2025-10-27 01:53:25,608 - gleitzeit.workers.signal_worker - INFO - Signal processing loop iteration 17560
[2025-10-27 01:53:35] [STDERR] 2025-10-27 01:53:35,739 - gleitzeit.workers.signal_worker - INFO - Signal processing loop iteration 17580
[2025-10-27 01:53:45] [STDERR] 2025-10-27 01:53:45,875 - gleitzeit.workers.signal_worker - INFO - Signal processing loop iteration 17600
[2025-10-27 01:53:56] [STDERR] 2025-10-27 01:53:56,006 - gleitzeit.workers.signal_worker - INFO - Signal processing loop iteration 17620
[2025-10-27 01:54:06] [STDERR] 2025-10-27 01:54:06,224 - gleitzeit.workers.signal_worker - INFO - Signal processing loop iteration 17640
[2025-10-27 01:54:16] [STDERR] 2025-10-27 01:54:16,364 - gleitzeit.workers.signal_worker - INFO - Signal processing loop iteration 17660
[2025-10-27 01:54:26] [STDERR] 2025-10-27 01:54:26,503 - gleitzeit.workers.signal_worker - INFO - Signal processing loop iteration 17680
[2025-10-27 01:54:36] [STDERR] 2025-10-27 01:54:36,626 - gleitzeit.workers.signal_worker - INFO - Signal processing loop iteration 17700
[2025-10-27 01:54:46] [STDERR] 2025-10-27 01:54:46,765 - gleitzeit.workers.signal_worker - INFO - Signal processing loop iteration 17720
[2025-10-27 01:54:56] [STDERR] 2025-10-27 01:54:56,897 - gleitzeit.workers.signal_worker - INFO - Signal processing loop iteration 17740
[2025-10-27 01:55:07] [STDERR] 2025-10-27 01:55:07,030 - gleitzeit.workers.signal_worker - INFO - Signal processing loop iteration 17760
[2025-10-27 01:55:17] [STDERR] 2025-10-27 01:55:17,166 - gleitzeit.workers.signal_worker - INFO - Signal processing loop iteration 17780
[2025-10-27 01:55:27] [STDERR] 2025-10-27 01:55:27,296 - gleitzeit.workers.signal_worker - INFO - Signal processing loop iteration 17800
[2025-10-27 01:55:37] [STDERR] 2025-10-27 01:55:37,430 - gleitzeit.workers.signal_worker - INFO - Signal processing loop iteration 17820
[2025-10-27 01:55:47] [STDERR] 2025-10-27 01:55:47,567 - gleitzeit.workers.signal_worker - INFO - Signal processing loop iteration 17840
[2025-10-27 01:55:57] [STDERR] 2025-10-27 01:55:57,687 - gleitzeit.workers.signal_worker - INFO - Signal processing loop iteration 17860
[2025-10-27 01:56:07] [STDERR] 2025-10-27 01:56:07,820 - gleitzeit.workers.signal_worker - INFO - Signal processing loop iteration 17880
[2025-10-27 01:56:17] [STDERR] 2025-10-27 01:56:17,947 - gleitzeit.workers.signal_worker - INFO - Signal processing loop iteration 17900
[2025-10-27 01:56:28] [STDERR] 2025-10-27 01:56:28,082 - gleitzeit.workers.signal_worker - INFO - Signal processing loop iteration 17920
[2025-10-27 01:56:38] [STDERR] 2025-10-27 01:56:38,289 - gleitzeit.workers.signal_worker - INFO - Signal processing loop iteration 17940
[2025-10-27 01:56:48] [STDERR] 2025-10-27 01:56:48,458 - gleitzeit.workers.signal_worker - INFO - Signal processing loop iteration 17960
[2025-10-27 01:56:58] [STDERR] 2025-10-27 01:56:58,585 - gleitzeit.workers.signal_worker - INFO - Signal processing loop iteration 17980
[2025-10-27 01:57:08] [STDERR] 2025-10-27 01:57:08,707 - gleitzeit.workers.signal_worker - INFO - Signal processing loop iteration 18000
[2025-10-27 01:57:18] [STDERR] 2025-10-27 01:57:18,833 - gleitzeit.workers.signal_worker - INFO - Signal processing loop iteration 18020
[2025-10-27 01:57:28] [STDERR] 2025-10-27 01:57:28,964 - gleitzeit.workers.signal_worker - INFO - Signal processing loop iteration 18040
[2025-10-27 01:57:39] [STDERR] 2025-10-27 01:57:39,105 - gleitzeit.workers.signal_worker - INFO - Signal processing loop iteration 18060
[2025-10-27 01:57:49] [STDERR] 2025-10-27 01:57:49,234 - gleitzeit.workers.signal_worker - INFO - Signal processing loop iteration 18080
[2025-10-27 01:57:59] [STDERR] 2025-10-27 01:57:59,367 - gleitzeit.workers.signal_worker - INFO - Signal processing loop iteration 18100
[2025-10-27 01:58:09] [STDERR] 2025-10-27 01:58:09,505 - gleitzeit.workers.signal_worker - INFO - Signal processing loop iteration 18120
[2025-10-27 01:58:19] [STDERR] 2025-10-27 01:58:19,631 - gleitzeit.workers.signal_worker - INFO - Signal processing loop iteration 18140
[2025-10-27 01:58:29] [STDERR] 2025-10-27 01:58:29,765 - gleitzeit.workers.signal_worker - INFO - Signal processing loop iteration 18160
[2025-10-27 01:58:39] [STDERR] 2025-10-27 01:58:39,900 - gleitzeit.workers.signal_worker - INFO - Signal processing loop iteration 18180
[2025-10-27 01:58:50] [STDERR] 2025-10-27 01:58:50,030 - gleitzeit.workers.signal_worker - INFO - Signal processing loop iteration 18200
[2025-10-27 01:59:00] [STDERR] 2025-10-27 01:59:00,174 - gleitzeit.workers.signal_worker - INFO - Signal processing loop iteration 18220
[2025-10-27 01:59:10] [STDERR] 2025-10-27 01:59:10,368 - gleitzeit.workers.signal_worker - INFO - Signal processing loop iteration 18240
[2025-10-27 01:59:20] [STDERR] 2025-10-27 01:59:20,501 - gleitzeit.workers.signal_worker - INFO - Signal processing loop iteration 18260
[2025-10-27 01:59:30] [STDERR] 2025-10-27 01:59:30,632 - gleitzeit.workers.signal_worker - INFO - Signal processing loop iteration 18280
[2025-10-27 01:59:40] [STDERR] 2025-10-27 01:59:40,765 - gleitzeit.workers.signal_worker - INFO - Signal processing loop iteration 18300
[2025-10-27 01:59:50] [STDERR] 2025-10-27 01:59:50,896 - gleitzeit.workers.signal_worker - INFO - Signal processing loop iteration 18320
[2025-10-27 02:00:01] [STDERR] 2025-10-27 02:00:01,032 - gleitzeit.workers.signal_worker - INFO - Signal processing loop iteration 18340
[2025-10-27 02:00:11] [STDERR] 2025-10-27 02:00:11,163 - gleitzeit.workers.signal_worker - INFO - Signal processing loop iteration 18360
[2025-10-27 02:00:21] [STDERR] 2025-10-27 02:00:21,297 - gleitzeit.workers.signal_worker - INFO - Signal processing loop iteration 18380
[2025-10-27 02:00:31] [STDERR] 2025-10-27 02:00:31,434 - gleitzeit.workers.signal_worker - INFO - Signal processing loop iteration 18400
[2025-10-27 02:00:41] [STDERR] 2025-10-27 02:00:41,566 - gleitzeit.workers.signal_worker - INFO - Signal processing loop iteration 18420
[2025-10-27 02:00:51] [STDERR] 2025-10-27 02:00:51,704 - gleitzeit.workers.signal_worker - INFO - Signal processing loop iteration 18440
[2025-10-27 02:01:01] [STDERR] 2025-10-27 02:01:01,842 - gleitzeit.workers.signal_worker - INFO - Signal processing loop iteration 18460
[2025-10-27 02:01:11] [STDERR] 2025-10-27 02:01:11,967 - gleitzeit.workers.signal_worker - INFO - Signal processing loop iteration 18480
[2025-10-27 02:01:22] [STDERR] 2025-10-27 02:01:22,107 - gleitzeit.workers.signal_worker - INFO - Signal processing loop iteration 18500
[2025-10-27 02:01:32] [STDERR] 2025-10-27 02:01:32,252 - gleitzeit.workers.signal_worker - INFO - Signal processing loop iteration 18520
[2025-10-27 02:01:42] [STDERR] 2025-10-27 02:01:42,431 - gleitzeit.workers.signal_worker - INFO - Signal processing loop iteration 18540
[2025-10-27 02:01:52] [STDERR] 2025-10-27 02:01:52,571 - gleitzeit.workers.signal_worker - INFO - Signal processing loop iteration 18560
[2025-10-27 02:02:02] [STDERR] 2025-10-27 02:02:02,709 - gleitzeit.workers.signal_worker - INFO - Signal processing loop iteration 18580
[2025-10-27 02:02:12] [STDERR] 2025-10-27 02:02:12,834 - gleitzeit.workers.signal_worker - INFO - Signal processing loop iteration 18600
[2025-10-27 02:02:22] [STDERR] 2025-10-27 02:02:22,970 - gleitzeit.workers.signal_worker - INFO - Signal processing loop iteration 18620
[2025-10-27 02:02:33] [STDERR] 2025-10-27 02:02:33,099 - gleitzeit.workers.signal_worker - INFO - Signal processing loop iteration 18640
[2025-10-27 02:02:43] [STDERR] 2025-10-27 02:02:43,223 - gleitzeit.workers.signal_worker - INFO - Signal processing loop iteration 18660
[2025-10-27 02:02:53] [STDERR] 2025-10-27 02:02:53,352 - gleitzeit.workers.signal_worker - INFO - Signal processing loop iteration 18680
[2025-10-27 02:03:03] [STDERR] 2025-10-27 02:03:03,467 - gleitzeit.workers.signal_worker - INFO - Signal processing loop iteration 18700
[2025-10-27 02:03:13] [STDERR] 2025-10-27 02:03:13,598 - gleitzeit.workers.signal_worker - INFO - Signal processing loop iteration 18720
[2025-10-27 02:03:23] [STDERR] 2025-10-27 02:03:23,738 - gleitzeit.workers.signal_worker - INFO - Signal processing loop iteration 18740
[2025-10-27 02:03:33] [STDERR] 2025-10-27 02:03:33,863 - gleitzeit.workers.signal_worker - INFO - Signal processing loop iteration 18760
[2025-10-27 02:03:44] [STDERR] 2025-10-27 02:03:44,000 - gleitzeit.workers.signal_worker - INFO - Signal processing loop iteration 18780
[2025-10-27 02:03:54] [STDERR] 2025-10-27 02:03:54,136 - gleitzeit.workers.signal_worker - INFO - Signal processing loop iteration 18800
[2025-10-27 02:04:04] [STDERR] 2025-10-27 02:04:04,274 - gleitzeit.workers.signal_worker - INFO - Signal processing loop iteration 18820
[2025-10-27 02:04:14] [STDERR] 2025-10-27 02:04:14,515 - gleitzeit.workers.signal_worker - INFO - Signal processing loop iteration 18840
[2025-10-27 02:04:24] [STDERR] 2025-10-27 02:04:24,642 - gleitzeit.workers.signal_worker - INFO - Signal processing loop iteration 18860
[2025-10-27 02:04:34] [STDERR] 2025-10-27 02:04:34,771 - gleitzeit.workers.signal_worker - INFO - Signal processing loop iteration 18880
[2025-10-27 02:04:44] [STDERR] 2025-10-27 02:04:44,921 - gleitzeit.workers.signal_worker - INFO - Signal processing loop iteration 18900
[2025-10-27 02:04:55] [STDERR] 2025-10-27 02:04:55,053 - gleitzeit.workers.signal_worker - INFO - Signal processing loop iteration 18920
[2025-10-27 02:05:05] [STDERR] 2025-10-27 02:05:05,200 - gleitzeit.workers.signal_worker - INFO - Signal processing loop iteration 18940
[2025-10-27 02:05:15] [STDERR] 2025-10-27 02:05:15,346 - gleitzeit.workers.signal_worker - INFO - Signal processing loop iteration 18960
[2025-10-27 02:05:25] [STDERR] 2025-10-27 02:05:25,480 - gleitzeit.workers.signal_worker - INFO - Signal processing loop iteration 18980
[2025-10-27 02:05:35] [STDERR] 2025-10-27 02:05:35,610 - gleitzeit.workers.signal_worker - INFO - Signal processing loop iteration 19000
[2025-10-27 02:05:45] [STDERR] 2025-10-27 02:05:45,757 - gleitzeit.workers.signal_worker - INFO - Signal processing loop iteration 19020
[2025-10-27 02:05:55] [STDERR] 2025-10-27 02:05:55,886 - gleitzeit.workers.signal_worker - INFO - Signal processing loop iteration 19040
[2025-10-27 02:06:06] [STDERR] 2025-10-27 02:06:06,029 - gleitzeit.workers.signal_worker - INFO - Signal processing loop iteration 19060
[2025-10-27 02:06:16] [STDERR] 2025-10-27 02:06:16,157 - gleitzeit.workers.signal_worker - INFO - Signal processing loop iteration 19080
[2025-10-27 02:06:26] [STDERR] 2025-10-27 02:06:26,296 - gleitzeit.workers.signal_worker - INFO - Signal processing loop iteration 19100
[2025-10-27 02:06:36] [STDERR] 2025-10-27 02:06:36,450 - gleitzeit.workers.signal_worker - INFO - Signal processing loop iteration 19120
[2025-10-27 02:06:46] [STDERR] 2025-10-27 02:06:46,584 - gleitzeit.workers.signal_worker - INFO - Signal processing loop iteration 19140
[2025-10-27 02:06:56] [STDERR] 2025-10-27 02:06:56,717 - gleitzeit.workers.signal_worker - INFO - Signal processing loop iteration 19160
[2025-10-27 02:07:06] [STDERR] 2025-10-27 02:07:06,850 - gleitzeit.workers.signal_worker - INFO - Signal processing loop iteration 19180
[2025-10-27 02:07:16] [STDERR] 2025-10-27 02:07:16,977 - gleitzeit.workers.signal_worker - INFO - Signal processing loop iteration 19200
[2025-10-27 02:07:27] [STDERR] 2025-10-27 02:07:27,113 - gleitzeit.workers.signal_worker - INFO - Signal processing loop iteration 19220
[2025-10-27 02:07:37] [STDERR] 2025-10-27 02:07:37,239 - gleitzeit.workers.signal_worker - INFO - Signal processing loop iteration 19240
[2025-10-27 02:07:47] [STDERR] 2025-10-27 02:07:47,359 - gleitzeit.workers.signal_worker - INFO - Signal processing loop iteration 19260
[2025-10-27 02:07:57] [STDERR] 2025-10-27 02:07:57,495 - gleitzeit.workers.signal_worker - INFO - Signal processing loop iteration 19280
[2025-10-27 02:08:07] [STDERR] 2025-10-27 02:08:07,625 - gleitzeit.workers.signal_worker - INFO - Signal processing loop iteration 19300
[2025-10-27 02:08:17] [STDERR] 2025-10-27 02:08:17,761 - gleitzeit.workers.signal_worker - INFO - Signal processing loop iteration 19320
[2025-10-27 02:08:27] [STDERR] 2025-10-27 02:08:27,901 - gleitzeit.workers.signal_worker - INFO - Signal processing loop iteration 19340
[2025-10-27 02:08:38] [STDERR] 2025-10-27 02:08:38,022 - gleitzeit.workers.signal_worker - INFO - Signal processing loop iteration 19360
[2025-10-27 02:08:48] [STDERR] 2025-10-27 02:08:48,155 - gleitzeit.workers.signal_worker - INFO - Signal processing loop iteration 19380
[2025-10-27 02:08:58] [STDERR] 2025-10-27 02:08:58,290 - gleitzeit.workers.signal_worker - INFO - Signal processing loop iteration 19400
[2025-10-27 02:09:08] [STDERR] 2025-10-27 02:09:08,523 - gleitzeit.workers.signal_worker - INFO - Signal processing loop iteration 19420
[2025-10-27 02:09:18] [STDERR] 2025-10-27 02:09:18,654 - gleitzeit.workers.signal_worker - INFO - Signal processing loop iteration 19440
[2025-10-27 02:09:28] [STDERR] 2025-10-27 02:09:28,789 - gleitzeit.workers.signal_worker - INFO - Signal processing loop iteration 19460
[2025-10-27 02:20:10] [STDERR] 2025-10-27 02:20:10,498 - gleitzeit.workers.signal_worker - INFO - Signal processing loop iteration 19480
[2025-10-27 02:20:20] [STDERR] 2025-10-27 02:20:20,664 - gleitzeit.workers.signal_worker - INFO - Signal processing loop iteration 19500
[2025-10-27 02:20:30] [STDERR] 2025-10-27 02:20:30,795 - gleitzeit.workers.signal_worker - INFO - Signal processing loop iteration 19520
[2025-10-27 02:20:41] [STDERR] 2025-10-27 02:20:41,129 - gleitzeit.workers.signal_worker - INFO - Signal processing loop iteration 19540
[2025-10-27 02:20:51] [STDERR] 2025-10-27 02:20:51,251 - gleitzeit.workers.signal_worker - INFO - Signal processing loop iteration 19560
[2025-10-27 02:21:01] [STDERR] 2025-10-27 02:21:01,383 - gleitzeit.workers.signal_worker - INFO - Signal processing loop iteration 19580
[2025-10-27 02:21:11] [STDERR] 2025-10-27 02:21:11,504 - gleitzeit.workers.signal_worker - INFO - Signal processing loop iteration 19600
[2025-10-27 02:33:49] [STDERR] 2025-10-27 02:33:49,464 - gleitzeit.workers.signal_worker - INFO - Signal processing loop iteration 19620
[2025-10-27 02:33:59] [STDERR] 2025-10-27 02:33:59,588 - gleitzeit.workers.signal_worker - INFO - Signal processing loop iteration 19640
[2025-10-27 02:34:09] [STDERR] 2025-10-27 02:34:09,701 - gleitzeit.workers.signal_worker - INFO - Signal processing loop iteration 19660
[2025-10-27 02:34:19] [STDERR] 2025-10-27 02:34:19,828 - gleitzeit.workers.signal_worker - INFO - Signal processing loop iteration 19680
[2025-10-27 02:34:29] [STDERR] 2025-10-27 02:34:29,949 - gleitzeit.workers.signal_worker - INFO - Signal processing loop iteration 19700
[2025-10-27 02:47:23] [STDERR] 2025-10-27 02:47:23,132 - gleitzeit.core.leader_election - INFO - Worker signal-async lost leadership for {shard:0}:global:signal:leader
[2025-10-27 02:47:23] [STDERR] 2025-10-27 02:47:23,132 - gleitzeit.workers.signal_worker - INFO - Worker signal-async lost signal leadership
[2025-10-27 02:47:31] [STDERR] 2025-10-27 02:47:31,090 - gleitzeit.workers.signal_worker - INFO - Signal processing loop iteration 19720
[2025-10-27 02:47:41] [STDERR] 2025-10-27 02:47:41,119 - gleitzeit.workers.signal_worker - INFO - Signal processing loop iteration 19740
[2025-10-27 02:47:51] [STDERR] 2025-10-27 02:47:51,154 - gleitzeit.workers.signal_worker - INFO - Signal processing loop iteration 19760
[2025-10-27 02:48:01] [STDERR] 2025-10-27 02:48:01,192 - gleitzeit.workers.signal_worker - INFO - Signal processing loop iteration 19780
[2025-10-27 03:00:59] [STDERR] 2025-10-27 03:00:59,356 - gleitzeit.core.leader_election - INFO - Worker signal-async became leader for {shard:0}:global:signal:leader
[2025-10-27 03:00:59] [STDERR] 2025-10-27 03:00:59,356 - gleitzeit.workers.signal_worker - INFO - Worker signal-async became signal leader
[2025-10-27 03:01:02] [STDERR] 2025-10-27 03:01:02,347 - gleitzeit.workers.signal_worker - INFO - Signal processing loop iteration 19800
[2025-10-27 03:01:12] [STDERR] 2025-10-27 03:01:12,468 - gleitzeit.workers.signal_worker - INFO - Signal processing loop iteration 19820
[2025-10-27 03:01:22] [STDERR] 2025-10-27 03:01:22,583 - gleitzeit.workers.signal_worker - INFO - Signal processing loop iteration 19840
[2025-10-27 03:01:32] [STDERR] 2025-10-27 03:01:32,692 - gleitzeit.workers.signal_worker - INFO - Signal processing loop iteration 19860
[2025-10-27 03:01:42] [STDERR] 2025-10-27 03:01:42,827 - gleitzeit.workers.signal_worker - INFO - Signal processing loop iteration 19880
[2025-10-27 03:09:05] [STDERR] 2025-10-27 03:09:05,658 - gleitzeit.workers.signal_worker - INFO - Signal processing loop iteration 19900
[2025-10-27 03:09:15] [STDERR] 2025-10-27 03:09:15,799 - gleitzeit.workers.signal_worker - INFO - Signal processing loop iteration 19920
[2025-10-27 03:09:25] [STDERR] 2025-10-27 03:09:25,948 - gleitzeit.workers.signal_worker - INFO - Signal processing loop iteration 19940
[2025-10-27 03:09:36] [STDERR] 2025-10-27 03:09:36,081 - gleitzeit.workers.signal_worker - INFO - Signal processing loop iteration 19960
[2025-10-27 03:09:46] [STDERR] 2025-10-27 03:09:46,196 - gleitzeit.workers.signal_worker - INFO - Signal processing loop iteration 19980
[2025-10-27 03:09:56] [STDERR] 2025-10-27 03:09:56,309 - gleitzeit.workers.signal_worker - INFO - Signal processing loop iteration 20000
[2025-10-27 03:10:06] [STDERR] 2025-10-27 03:10:06,425 - gleitzeit.workers.signal_worker - INFO - Signal processing loop iteration 20020
[2025-10-27 03:10:16] [STDERR] 2025-10-27 03:10:16,543 - gleitzeit.workers.signal_worker - INFO - Signal processing loop iteration 20040
[2025-10-27 03:10:26] [STDERR] 2025-10-27 03:10:26,660 - gleitzeit.workers.signal_worker - INFO - Signal processing loop iteration 20060
[2025-10-27 03:10:36] [STDERR] 2025-10-27 03:10:36,776 - gleitzeit.workers.signal_worker - INFO - Signal processing loop iteration 20080
[2025-10-27 03:10:46] [STDERR] 2025-10-27 03:10:46,895 - gleitzeit.workers.signal_worker - INFO - Signal processing loop iteration 20100
[2025-10-27 03:10:57] [STDERR] 2025-10-27 03:10:57,023 - gleitzeit.workers.signal_worker - INFO - Signal processing loop iteration 20120
[2025-10-27 03:11:07] [STDERR] 2025-10-27 03:11:07,153 - gleitzeit.workers.signal_worker - INFO - Signal processing loop iteration 20140
[2025-10-27 03:22:48] [STDERR] 2025-10-27 03:22:48,609 - gleitzeit.core.leader_election - INFO - Worker signal-async lost leadership for {shard:0}:global:signal:leader
[2025-10-27 03:22:48] [STDERR] 2025-10-27 03:22:48,609 - gleitzeit.workers.signal_worker - INFO - Worker signal-async lost signal leadership
[2025-10-27 03:22:53] [STDERR] 2025-10-27 03:22:53,491 - gleitzeit.workers.signal_worker - INFO - Signal processing loop iteration 20160
[2025-10-27 03:23:03] [STDERR] 2025-10-27 03:23:03,532 - gleitzeit.workers.signal_worker - INFO - Signal processing loop iteration 20180
[2025-10-27 03:23:13] [STDERR] 2025-10-27 03:23:13,572 - gleitzeit.workers.signal_worker - INFO - Signal processing loop iteration 20200
[2025-10-27 03:23:23] [STDERR] 2025-10-27 03:23:23,611 - gleitzeit.workers.signal_worker - INFO - Signal processing loop iteration 20220
[2025-10-27 03:23:33] [STDERR] 2025-10-27 03:23:33,650 - gleitzeit.workers.signal_worker - INFO - Signal processing loop iteration 20240
[2025-10-27 03:23:43] [STDERR] 2025-10-27 03:23:43,792 - gleitzeit.workers.signal_worker - INFO - Signal processing loop iteration 20260
[2025-10-27 03:23:53] [STDERR] 2025-10-27 03:23:53,834 - gleitzeit.workers.signal_worker - INFO - Signal processing loop iteration 20280
[2025-10-27 03:24:03] [STDERR] 2025-10-27 03:24:03,876 - gleitzeit.workers.signal_worker - INFO - Signal processing loop iteration 20300
[2025-10-27 03:24:13] [STDERR] 2025-10-27 03:24:13,916 - gleitzeit.workers.signal_worker - INFO - Signal processing loop iteration 20320
[2025-10-27 03:24:23] [STDERR] 2025-10-27 03:24:23,958 - gleitzeit.workers.signal_worker - INFO - Signal processing loop iteration 20340
[2025-10-27 03:24:33] [STDERR] 2025-10-27 03:24:33,997 - gleitzeit.workers.signal_worker - INFO - Signal processing loop iteration 20360
[2025-10-27 03:24:44] [STDERR] 2025-10-27 03:24:44,040 - gleitzeit.workers.signal_worker - INFO - Signal processing loop iteration 20380
[2025-10-27 03:24:54] [STDERR] 2025-10-27 03:24:54,081 - gleitzeit.workers.signal_worker - INFO - Signal processing loop iteration 20400
[2025-10-27 03:36:37] [STDERR] 2025-10-27 03:36:37,752 - gleitzeit.workers.signal_worker - INFO - Signal processing loop iteration 20420
[2025-10-27 03:36:47] [STDERR] 2025-10-27 03:36:47,796 - gleitzeit.workers.signal_worker - INFO - Signal processing loop iteration 20440
[2025-10-27 03:36:57] [STDERR] 2025-10-27 03:36:57,837 - gleitzeit.workers.signal_worker - INFO - Signal processing loop iteration 20460
[2025-10-27 03:37:07] [STDERR] 2025-10-27 03:37:07,879 - gleitzeit.workers.signal_worker - INFO - Signal processing loop iteration 20480
[2025-10-27 03:37:17] [STDERR] 2025-10-27 03:37:17,923 - gleitzeit.workers.signal_worker - INFO - Signal processing loop iteration 20500
[2025-10-27 03:37:27] [STDERR] 2025-10-27 03:37:27,962 - gleitzeit.workers.signal_worker - INFO - Signal processing loop iteration 20520
[2025-10-27 03:37:38] [STDERR] 2025-10-27 03:37:38,004 - gleitzeit.workers.signal_worker - INFO - Signal processing loop iteration 20540
[2025-10-27 03:37:48] [STDERR] 2025-10-27 03:37:48,045 - gleitzeit.workers.signal_worker - INFO - Signal processing loop iteration 20560
[2025-10-27 03:37:58] [STDERR] 2025-10-27 03:37:58,085 - gleitzeit.workers.signal_worker - INFO - Signal processing loop iteration 20580
[2025-10-27 03:38:08] [STDERR] 2025-10-27 03:38:08,123 - gleitzeit.workers.signal_worker - INFO - Signal processing loop iteration 20600
[2025-10-27 03:38:18] [STDERR] 2025-10-27 03:38:18,161 - gleitzeit.workers.signal_worker - INFO - Signal processing loop iteration 20620
[2025-10-27 03:38:28] [STDERR] 2025-10-27 03:38:28,200 - gleitzeit.workers.signal_worker - INFO - Signal processing loop iteration 20640
[2025-10-27 03:38:38] [STDERR] 2025-10-27 03:38:38,242 - gleitzeit.workers.signal_worker - INFO - Signal processing loop iteration 20660
[2025-10-27 03:38:48] [STDERR] 2025-10-27 03:38:48,282 - gleitzeit.workers.signal_worker - INFO - Signal processing loop iteration 20680
[2025-10-27 03:38:58] [STDERR] 2025-10-27 03:38:58,325 - gleitzeit.workers.signal_worker - INFO - Signal processing loop iteration 20700
[2025-10-27 03:39:08] [STDERR] 2025-10-27 03:39:08,365 - gleitzeit.workers.signal_worker - INFO - Signal processing loop iteration 20720
[2025-10-27 03:50:19] [STDERR] 2025-10-27 03:50:19,979 - gleitzeit.core.leader_election - INFO - Worker signal-async became leader for {shard:0}:global:signal:leader
[2025-10-27 03:50:19] [STDERR] 2025-10-27 03:50:19,980 - gleitzeit.workers.signal_worker - INFO - Worker signal-async became signal leader
[2025-10-27 03:50:21] [STDERR] 2025-10-27 03:50:21,933 - gleitzeit.workers.signal_worker - INFO - Signal processing loop iteration 20740
[2025-10-27 03:50:32] [STDERR] 2025-10-27 03:50:32,198 - gleitzeit.workers.signal_worker - INFO - Signal processing loop iteration 20760
[2025-10-27 03:50:42] [STDERR] 2025-10-27 03:50:42,329 - gleitzeit.workers.signal_worker - INFO - Signal processing loop iteration 20780
[2025-10-27 03:50:52] [STDERR] 2025-10-27 03:50:52,517 - gleitzeit.workers.signal_worker - INFO - Signal processing loop iteration 20800
[2025-10-27 03:51:02] [STDERR] 2025-10-27 03:51:02,638 - gleitzeit.workers.signal_worker - INFO - Signal processing loop iteration 20820
[2025-10-27 04:04:02] [STDERR] 2025-10-27 04:04:02,911 - gleitzeit.workers.signal_worker - INFO - Signal processing loop iteration 20840
[2025-10-27 04:04:13] [STDERR] 2025-10-27 04:04:13,116 - gleitzeit.workers.signal_worker - INFO - Signal processing loop iteration 20860
[2025-10-27 04:04:23] [STDERR] 2025-10-27 04:04:23,229 - gleitzeit.workers.signal_worker - INFO - Signal processing loop iteration 20880
[2025-10-27 04:04:33] [STDERR] 2025-10-27 04:04:33,339 - gleitzeit.workers.signal_worker - INFO - Signal processing loop iteration 20900
[2025-10-27 04:17:33] [STDERR] 2025-10-27 04:17:33,544 - gleitzeit.workers.signal_worker - INFO - Signal processing loop iteration 20920
[2025-10-27 04:17:43] [STDERR] 2025-10-27 04:17:43,687 - gleitzeit.workers.signal_worker - INFO - Signal processing loop iteration 20940
[2025-10-27 04:17:53] [STDERR] 2025-10-27 04:17:53,819 - gleitzeit.workers.signal_worker - INFO - Signal processing loop iteration 20960
[2025-10-27 04:18:03] [STDERR] 2025-10-27 04:18:03,939 - gleitzeit.workers.signal_worker - INFO - Signal processing loop iteration 20980
[2025-10-27 04:18:14] [STDERR] 2025-10-27 04:18:14,073 - gleitzeit.workers.signal_worker - INFO - Signal processing loop iteration 21000
[2025-10-27 04:18:24] [STDERR] 2025-10-27 04:18:24,199 - gleitzeit.workers.signal_worker - INFO - Signal processing loop iteration 21020
[2025-10-27 04:18:34] [STDERR] 2025-10-27 04:18:34,323 - gleitzeit.workers.signal_worker - INFO - Signal processing loop iteration 21040
[2025-10-27 04:18:44] [STDERR] 2025-10-27 04:18:44,461 - gleitzeit.workers.signal_worker - INFO - Signal processing loop iteration 21060
[2025-10-27 04:18:54] [STDERR] 2025-10-27 04:18:54,579 - gleitzeit.workers.signal_worker - INFO - Signal processing loop iteration 21080
[2025-10-27 04:19:04] [STDERR] 2025-10-27 04:19:04,701 - gleitzeit.workers.signal_worker - INFO - Signal processing loop iteration 21100
[2025-10-27 04:19:14] [STDERR] 2025-10-27 04:19:14,822 - gleitzeit.workers.signal_worker - INFO - Signal processing loop iteration 21120
[2025-10-27 04:19:24] [STDERR] 2025-10-27 04:19:24,945 - gleitzeit.workers.signal_worker - INFO - Signal processing loop iteration 21140
[2025-10-27 04:19:35] [STDERR] 2025-10-27 04:19:35,077 - gleitzeit.workers.signal_worker - INFO - Signal processing loop iteration 21160
[2025-10-27 04:19:45] [STDERR] 2025-10-27 04:19:45,188 - gleitzeit.workers.signal_worker - INFO - Signal processing loop iteration 21180
[2025-10-27 04:19:55] [STDERR] 2025-10-27 04:19:55,311 - gleitzeit.workers.signal_worker - INFO - Signal processing loop iteration 21200
[2025-10-27 04:20:05] [STDERR] 2025-10-27 04:20:05,437 - gleitzeit.workers.signal_worker - INFO - Signal processing loop iteration 21220
[2025-10-27 04:20:15] [STDERR] 2025-10-27 04:20:15,557 - gleitzeit.workers.signal_worker - INFO - Signal processing loop iteration 21240
[2025-10-27 04:31:29] [STDERR] 2025-10-27 04:31:29,433 - gleitzeit.workers.signal_worker - INFO - Signal processing loop iteration 21260
[2025-10-27 04:31:39] [STDERR] 2025-10-27 04:31:39,578 - gleitzeit.workers.signal_worker - INFO - Signal processing loop iteration 21280
[2025-10-27 04:31:49] [STDERR] 2025-10-27 04:31:49,715 - gleitzeit.workers.signal_worker - INFO - Signal processing loop iteration 21300
[2025-10-27 04:31:59] [STDERR] 2025-10-27 04:31:59,835 - gleitzeit.workers.signal_worker - INFO - Signal processing loop iteration 21320
[2025-10-27 04:32:09] [STDERR] 2025-10-27 04:32:09,959 - gleitzeit.workers.signal_worker - INFO - Signal processing loop iteration 21340
[2025-10-27 04:32:20] [STDERR] 2025-10-27 04:32:20,081 - gleitzeit.workers.signal_worker - INFO - Signal processing loop iteration 21360
[2025-10-27 04:32:30] [STDERR] 2025-10-27 04:32:30,209 - gleitzeit.workers.signal_worker - INFO - Signal processing loop iteration 21380
[2025-10-27 04:32:40] [STDERR] 2025-10-27 04:32:40,341 - gleitzeit.workers.signal_worker - INFO - Signal processing loop iteration 21400
[2025-10-27 04:32:50] [STDERR] 2025-10-27 04:32:50,463 - gleitzeit.workers.signal_worker - INFO - Signal processing loop iteration 21420
[2025-10-27 04:33:00] [STDERR] 2025-10-27 04:33:00,593 - gleitzeit.workers.signal_worker - INFO - Signal processing loop iteration 21440
[2025-10-27 04:33:10] [STDERR] 2025-10-27 04:33:10,713 - gleitzeit.workers.signal_worker - INFO - Signal processing loop iteration 21460
[2025-10-27 04:33:20] [STDERR] 2025-10-27 04:33:20,831 - gleitzeit.workers.signal_worker - INFO - Signal processing loop iteration 21480
[2025-10-27 04:33:30] [STDERR] 2025-10-27 04:33:30,959 - gleitzeit.workers.signal_worker - INFO - Signal processing loop iteration 21500
[2025-10-27 04:33:41] [STDERR] 2025-10-27 04:33:41,082 - gleitzeit.workers.signal_worker - INFO - Signal processing loop iteration 21520
[2025-10-27 04:33:51] [STDERR] 2025-10-27 04:33:51,212 - gleitzeit.workers.signal_worker - INFO - Signal processing loop iteration 21540
[2025-10-27 04:34:01] [STDERR] 2025-10-27 04:34:01,345 - gleitzeit.workers.signal_worker - INFO - Signal processing loop iteration 21560
[2025-10-27 04:34:11] [STDERR] 2025-10-27 04:34:11,472 - gleitzeit.workers.signal_worker - INFO - Signal processing loop iteration 21580
[2025-10-27 04:34:21] [STDERR] 2025-10-27 04:34:21,606 - gleitzeit.workers.signal_worker - INFO - Signal processing loop iteration 21600
[2025-10-27 04:34:31] [STDERR] 2025-10-27 04:34:31,741 - gleitzeit.workers.signal_worker - INFO - Signal processing loop iteration 21620
[2025-10-27 04:34:41] [STDERR] 2025-10-27 04:34:41,861 - gleitzeit.workers.signal_worker - INFO - Signal processing loop iteration 21640
[2025-10-27 04:34:51] [STDERR] 2025-10-27 04:34:51,979 - gleitzeit.workers.signal_worker - INFO - Signal processing loop iteration 21660
[2025-10-27 04:35:02] [STDERR] 2025-10-27 04:35:02,194 - gleitzeit.workers.signal_worker - INFO - Signal processing loop iteration 21680
[2025-10-27 04:35:12] [STDERR] 2025-10-27 04:35:12,319 - gleitzeit.workers.signal_worker - INFO - Signal processing loop iteration 21700
[2025-10-27 04:35:22] [STDERR] 2025-10-27 04:35:22,455 - gleitzeit.workers.signal_worker - INFO - Signal processing loop iteration 21720
[2025-10-27 04:35:32] [STDERR] 2025-10-27 04:35:32,588 - gleitzeit.workers.signal_worker - INFO - Signal processing loop iteration 21740
[2025-10-27 04:35:42] [STDERR] 2025-10-27 04:35:42,717 - gleitzeit.workers.signal_worker - INFO - Signal processing loop iteration 21760
[2025-10-27 04:45:25] [STDERR] 2025-10-27 04:45:25,943 - gleitzeit.workers.signal_worker - INFO - Signal processing loop iteration 21780
[2025-10-27 04:45:36] [STDERR] 2025-10-27 04:45:36,062 - gleitzeit.workers.signal_worker - INFO - Signal processing loop iteration 21800
[2025-10-27 04:45:46] [STDERR] 2025-10-27 04:45:46,169 - gleitzeit.workers.signal_worker - INFO - Signal processing loop iteration 21820
[2025-10-27 04:45:56] [STDERR] 2025-10-27 04:45:56,291 - gleitzeit.workers.signal_worker - INFO - Signal processing loop iteration 21840
[2025-10-27 04:46:06] [STDERR] 2025-10-27 04:46:06,531 - gleitzeit.workers.signal_worker - INFO - Signal processing loop iteration 21860
[2025-10-27 04:46:16] [STDERR] 2025-10-27 04:46:16,661 - gleitzeit.workers.signal_worker - INFO - Signal processing loop iteration 21880
[2025-10-27 04:46:26] [STDERR] 2025-10-27 04:46:26,791 - gleitzeit.workers.signal_worker - INFO - Signal processing loop iteration 21900
[2025-10-27 04:46:36] [STDERR] 2025-10-27 04:46:36,930 - gleitzeit.workers.signal_worker - INFO - Signal processing loop iteration 21920
[2025-10-27 04:46:47] [STDERR] 2025-10-27 04:46:47,070 - gleitzeit.workers.signal_worker - INFO - Signal processing loop iteration 21940
[2025-10-27 04:46:57] [STDERR] 2025-10-27 04:46:57,181 - gleitzeit.workers.signal_worker - INFO - Signal processing loop iteration 21960
[2025-10-27 04:47:07] [STDERR] 2025-10-27 04:47:07,300 - gleitzeit.workers.signal_worker - INFO - Signal processing loop iteration 21980
[2025-10-27 04:47:17] [STDERR] 2025-10-27 04:47:17,425 - gleitzeit.workers.signal_worker - INFO - Signal processing loop iteration 22000
[2025-10-27 04:47:27] [STDERR] 2025-10-27 04:47:27,554 - gleitzeit.workers.signal_worker - INFO - Signal processing loop iteration 22020
[2025-10-27 04:47:37] [STDERR] 2025-10-27 04:47:37,682 - gleitzeit.workers.signal_worker - INFO - Signal processing loop iteration 22040
[2025-10-27 04:47:47] [STDERR] 2025-10-27 04:47:47,815 - gleitzeit.workers.signal_worker - INFO - Signal processing loop iteration 22060
[2025-10-27 04:47:57] [STDERR] 2025-10-27 04:47:57,932 - gleitzeit.workers.signal_worker - INFO - Signal processing loop iteration 22080
[2025-10-27 04:59:13] [STDERR] 2025-10-27 04:59:13,422 - gleitzeit.workers.signal_worker - INFO - Signal processing loop iteration 22100
[2025-10-27 04:59:23] [STDERR] 2025-10-27 04:59:23,576 - gleitzeit.workers.signal_worker - INFO - Signal processing loop iteration 22120
[2025-10-27 04:59:33] [STDERR] 2025-10-27 04:59:33,703 - gleitzeit.workers.signal_worker - INFO - Signal processing loop iteration 22140
[2025-10-27 04:59:43] [STDERR] 2025-10-27 04:59:43,869 - gleitzeit.workers.signal_worker - INFO - Signal processing loop iteration 22160
[2025-10-27 04:59:53] [STDERR] 2025-10-27 04:59:53,995 - gleitzeit.workers.signal_worker - INFO - Signal processing loop iteration 22180
[2025-10-27 05:00:04] [STDERR] 2025-10-27 05:00:04,134 - gleitzeit.workers.signal_worker - INFO - Signal processing loop iteration 22200
[2025-10-27 05:00:14] [STDERR] 2025-10-27 05:00:14,250 - gleitzeit.workers.signal_worker - INFO - Signal processing loop iteration 22220
[2025-10-27 05:00:24] [STDERR] 2025-10-27 05:00:24,374 - gleitzeit.workers.signal_worker - INFO - Signal processing loop iteration 22240
[2025-10-27 05:00:34] [STDERR] 2025-10-27 05:00:34,506 - gleitzeit.workers.signal_worker - INFO - Signal processing loop iteration 22260
[2025-10-27 05:00:44] [STDERR] 2025-10-27 05:00:44,628 - gleitzeit.workers.signal_worker - INFO - Signal processing loop iteration 22280
[2025-10-27 05:00:54] [STDERR] 2025-10-27 05:00:54,761 - gleitzeit.workers.signal_worker - INFO - Signal processing loop iteration 22300
[2025-10-27 05:01:04] [STDERR] 2025-10-27 05:01:04,884 - gleitzeit.workers.signal_worker - INFO - Signal processing loop iteration 22320
[2025-10-27 05:01:15] [STDERR] 2025-10-27 05:01:15,005 - gleitzeit.workers.signal_worker - INFO - Signal processing loop iteration 22340
[2025-10-27 05:01:25] [STDERR] 2025-10-27 05:01:25,147 - gleitzeit.workers.signal_worker - INFO - Signal processing loop iteration 22360
[2025-10-27 05:01:35] [STDERR] 2025-10-27 05:01:35,285 - gleitzeit.workers.signal_worker - INFO - Signal processing loop iteration 22380
[2025-10-27 05:01:45] [STDERR] 2025-10-27 05:01:45,413 - gleitzeit.workers.signal_worker - INFO - Signal processing loop iteration 22400
[2025-10-27 05:13:00] [STDERR] 2025-10-27 05:13:00,424 - gleitzeit.core.leader_election - INFO - Worker signal-async lost leadership for {shard:0}:global:signal:leader
[2025-10-27 05:13:00] [STDERR] 2025-10-27 05:13:00,424 - gleitzeit.workers.signal_worker - INFO - Worker signal-async lost signal leadership
[2025-10-27 05:13:03] [STDERR] 2025-10-27 05:13:03,860 - gleitzeit.workers.signal_worker - INFO - Signal processing loop iteration 22420
[2025-10-27 05:13:13] [STDERR] 2025-10-27 05:13:13,898 - gleitzeit.workers.signal_worker - INFO - Signal processing loop iteration 22440
[2025-10-27 05:13:23] [STDERR] 2025-10-27 05:13:23,934 - gleitzeit.workers.signal_worker - INFO - Signal processing loop iteration 22460
[2025-10-27 05:13:33] [STDERR] 2025-10-27 05:13:33,974 - gleitzeit.workers.signal_worker - INFO - Signal processing loop iteration 22480
[2025-10-27 05:13:44] [STDERR] 2025-10-27 05:13:44,011 - gleitzeit.workers.signal_worker - INFO - Signal processing loop iteration 22500
[2025-10-27 05:13:54] [STDERR] 2025-10-27 05:13:54,157 - gleitzeit.workers.signal_worker - INFO - Signal processing loop iteration 22520
[2025-10-27 05:14:04] [STDERR] 2025-10-27 05:14:04,198 - gleitzeit.workers.signal_worker - INFO - Signal processing loop iteration 22540
[2025-10-27 05:14:14] [STDERR] 2025-10-27 05:14:14,240 - gleitzeit.workers.signal_worker - INFO - Signal processing loop iteration 22560
[2025-10-27 05:14:24] [STDERR] 2025-10-27 05:14:24,282 - gleitzeit.workers.signal_worker - INFO - Signal processing loop iteration 22580
[2025-10-27 05:14:34] [STDERR] 2025-10-27 05:14:34,321 - gleitzeit.workers.signal_worker - INFO - Signal processing loop iteration 22600
[2025-10-27 05:14:44] [STDERR] 2025-10-27 05:14:44,363 - gleitzeit.workers.signal_worker - INFO - Signal processing loop iteration 22620
[2025-10-27 05:14:54] [STDERR] 2025-10-27 05:14:54,402 - gleitzeit.workers.signal_worker - INFO - Signal processing loop iteration 22640
[2025-10-27 05:15:04] [STDERR] 2025-10-27 05:15:04,444 - gleitzeit.workers.signal_worker - INFO - Signal processing loop iteration 22660
[2025-10-27 05:15:14] [STDERR] 2025-10-27 05:15:14,485 - gleitzeit.workers.signal_worker - INFO - Signal processing loop iteration 22680
[2025-10-27 05:26:46] [STDERR] 2025-10-27 05:26:46,407 - gleitzeit.workers.signal_worker - INFO - Signal processing loop iteration 22700
[2025-10-27 05:26:56] [STDERR] 2025-10-27 05:26:56,446 - gleitzeit.workers.signal_worker - INFO - Signal processing loop iteration 22720
[2025-10-27 05:27:06] [STDERR] 2025-10-27 05:27:06,491 - gleitzeit.workers.signal_worker - INFO - Signal processing loop iteration 22740
[2025-10-27 05:27:16] [STDERR] 2025-10-27 05:27:16,528 - gleitzeit.workers.signal_worker - INFO - Signal processing loop iteration 22760
[2025-10-27 05:27:26] [STDERR] 2025-10-27 05:27:26,566 - gleitzeit.workers.signal_worker - INFO - Signal processing loop iteration 22780
[2025-10-27 05:27:36] [STDERR] 2025-10-27 05:27:36,609 - gleitzeit.workers.signal_worker - INFO - Signal processing loop iteration 22800
[2025-10-27 05:27:46] [STDERR] 2025-10-27 05:27:46,650 - gleitzeit.workers.signal_worker - INFO - Signal processing loop iteration 22820
[2025-10-27 05:27:56] [STDERR] 2025-10-27 05:27:56,693 - gleitzeit.workers.signal_worker - INFO - Signal processing loop iteration 22840
[2025-10-27 05:28:06] [STDERR] 2025-10-27 05:28:06,733 - gleitzeit.workers.signal_worker - INFO - Signal processing loop iteration 22860
[2025-10-27 05:28:16] [STDERR] 2025-10-27 05:28:16,774 - gleitzeit.workers.signal_worker - INFO - Signal processing loop iteration 22880
[2025-10-27 05:28:26] [STDERR] 2025-10-27 05:28:26,814 - gleitzeit.workers.signal_worker - INFO - Signal processing loop iteration 22900
[2025-10-27 05:28:36] [STDERR] 2025-10-27 05:28:36,852 - gleitzeit.workers.signal_worker - INFO - Signal processing loop iteration 22920
[2025-10-27 05:28:46] [STDERR] 2025-10-27 05:28:46,886 - gleitzeit.workers.signal_worker - INFO - Signal processing loop iteration 22940
[2025-10-27 05:28:56] [STDERR] 2025-10-27 05:28:56,927 - gleitzeit.workers.signal_worker - INFO - Signal processing loop iteration 22960
[2025-10-27 05:29:06] [STDERR] 2025-10-27 05:29:06,966 - gleitzeit.workers.signal_worker - INFO - Signal processing loop iteration 22980
[2025-10-27 05:29:17] [STDERR] 2025-10-27 05:29:17,010 - gleitzeit.workers.signal_worker - INFO - Signal processing loop iteration 23000
[2025-10-27 05:29:27] [STDERR] 2025-10-27 05:29:27,052 - gleitzeit.workers.signal_worker - INFO - Signal processing loop iteration 23020
[2025-10-27 05:29:37] [STDERR] 2025-10-27 05:29:37,090 - gleitzeit.workers.signal_worker - INFO - Signal processing loop iteration 23040
[2025-10-27 05:29:47] [STDERR] 2025-10-27 05:29:47,127 - gleitzeit.workers.signal_worker - INFO - Signal processing loop iteration 23060
[2025-10-27 05:29:57] [STDERR] 2025-10-27 05:29:57,169 - gleitzeit.workers.signal_worker - INFO - Signal processing loop iteration 23080
[2025-10-27 05:30:07] [STDERR] 2025-10-27 05:30:07,210 - gleitzeit.workers.signal_worker - INFO - Signal processing loop iteration 23100
[2025-10-27 05:30:17] [STDERR] 2025-10-27 05:30:17,248 - gleitzeit.workers.signal_worker - INFO - Signal processing loop iteration 23120
[2025-10-27 05:30:27] [STDERR] 2025-10-27 05:30:27,291 - gleitzeit.workers.signal_worker - INFO - Signal processing loop iteration 23140
[2025-10-27 05:30:37] [STDERR] 2025-10-27 05:30:37,328 - gleitzeit.workers.signal_worker - INFO - Signal processing loop iteration 23160
[2025-10-27 05:30:47] [STDERR] 2025-10-27 05:30:47,366 - gleitzeit.workers.signal_worker - INFO - Signal processing loop iteration 23180
[2025-10-27 05:30:57] [STDERR] 2025-10-27 05:30:57,406 - gleitzeit.workers.signal_worker - INFO - Signal processing loop iteration 23200
[2025-10-27 05:36:52] [STDERR] 2025-10-27 05:36:52,445 - gleitzeit.workers.signal_worker - INFO - Signal processing loop iteration 23220
[2025-10-27 05:37:02] [STDERR] 2025-10-27 05:37:02,483 - gleitzeit.workers.signal_worker - INFO - Signal processing loop iteration 23240
[2025-10-27 05:37:12] [STDERR] 2025-10-27 05:37:12,524 - gleitzeit.workers.signal_worker - INFO - Signal processing loop iteration 23260
[2025-10-27 05:37:22] [STDERR] 2025-10-27 05:37:22,564 - gleitzeit.workers.signal_worker - INFO - Signal processing loop iteration 23280
[2025-10-27 05:37:32] [STDERR] 2025-10-27 05:37:32,605 - gleitzeit.workers.signal_worker - INFO - Signal processing loop iteration 23300
[2025-10-27 05:37:42] [STDERR] 2025-10-27 05:37:42,648 - gleitzeit.workers.signal_worker - INFO - Signal processing loop iteration 23320
[2025-10-27 05:37:52] [STDERR] 2025-10-27 05:37:52,691 - gleitzeit.workers.signal_worker - INFO - Signal processing loop iteration 23340
[2025-10-27 05:38:02] [STDERR] 2025-10-27 05:38:02,731 - gleitzeit.workers.signal_worker - INFO - Signal processing loop iteration 23360
[2025-10-27 05:38:12] [STDERR] 2025-10-27 05:38:12,770 - gleitzeit.workers.signal_worker - INFO - Signal processing loop iteration 23380
[2025-10-27 05:38:22] [STDERR] 2025-10-27 05:38:22,812 - gleitzeit.workers.signal_worker - INFO - Signal processing loop iteration 23400
[2025-10-27 05:38:32] [STDERR] 2025-10-27 05:38:32,853 - gleitzeit.workers.signal_worker - INFO - Signal processing loop iteration 23420
[2025-10-27 05:38:42] [STDERR] 2025-10-27 05:38:42,895 - gleitzeit.workers.signal_worker - INFO - Signal processing loop iteration 23440
[2025-10-27 05:38:52] [STDERR] 2025-10-27 05:38:52,934 - gleitzeit.workers.signal_worker - INFO - Signal processing loop iteration 23460
[2025-10-27 05:50:36] [STDERR] 2025-10-27 05:50:36,248 - gleitzeit.workers.signal_worker - INFO - Signal processing loop iteration 23480
[2025-10-27 05:50:46] [STDERR] 2025-10-27 05:50:46,279 - gleitzeit.workers.signal_worker - INFO - Signal processing loop iteration 23500
[2025-10-27 05:50:56] [STDERR] 2025-10-27 05:50:56,312 - gleitzeit.workers.signal_worker - INFO - Signal processing loop iteration 23520
[2025-10-27 05:51:06] [STDERR] 2025-10-27 05:51:06,346 - gleitzeit.workers.signal_worker - INFO - Signal processing loop iteration 23540
[2025-10-27 05:51:16] [STDERR] 2025-10-27 05:51:16,382 - gleitzeit.workers.signal_worker - INFO - Signal processing loop iteration 23560
[2025-10-27 05:51:26] [STDERR] 2025-10-27 05:51:26,422 - gleitzeit.workers.signal_worker - INFO - Signal processing loop iteration 23580
[2025-10-27 05:51:36] [STDERR] 2025-10-27 05:51:36,464 - gleitzeit.workers.signal_worker - INFO - Signal processing loop iteration 23600
[2025-10-27 05:51:46] [STDERR] 2025-10-27 05:51:46,503 - gleitzeit.workers.signal_worker - INFO - Signal processing loop iteration 23620
[2025-10-27 05:51:56] [STDERR] 2025-10-27 05:51:56,542 - gleitzeit.workers.signal_worker - INFO - Signal processing loop iteration 23640
[2025-10-27 05:52:06] [STDERR] 2025-10-27 05:52:06,583 - gleitzeit.workers.signal_worker - INFO - Signal processing loop iteration 23660
[2025-10-27 05:52:16] [STDERR] 2025-10-27 05:52:16,623 - gleitzeit.workers.signal_worker - INFO - Signal processing loop iteration 23680
[2025-10-27 05:52:26] [STDERR] 2025-10-27 05:52:26,664 - gleitzeit.workers.signal_worker - INFO - Signal processing loop iteration 23700
[2025-10-27 05:52:36] [STDERR] 2025-10-27 05:52:36,699 - gleitzeit.workers.signal_worker - INFO - Signal processing loop iteration 23720
[2025-10-27 05:52:46] [STDERR] 2025-10-27 05:52:46,739 - gleitzeit.workers.signal_worker - INFO - Signal processing loop iteration 23740
[2025-10-27 05:52:56] [STDERR] 2025-10-27 05:52:56,782 - gleitzeit.workers.signal_worker - INFO - Signal processing loop iteration 23760
[2025-10-27 05:53:06] [STDERR] 2025-10-27 05:53:06,824 - gleitzeit.workers.signal_worker - INFO - Signal processing loop iteration 23780
[2025-10-27 06:04:23] [STDERR] 2025-10-27 06:04:23,064 - gleitzeit.workers.signal_worker - INFO - Signal processing loop iteration 23800
[2025-10-27 06:04:33] [STDERR] 2025-10-27 06:04:33,101 - gleitzeit.workers.signal_worker - INFO - Signal processing loop iteration 23820
[2025-10-27 06:04:43] [STDERR] 2025-10-27 06:04:43,142 - gleitzeit.workers.signal_worker - INFO - Signal processing loop iteration 23840
[2025-10-27 06:04:53] [STDERR] 2025-10-27 06:04:53,181 - gleitzeit.workers.signal_worker - INFO - Signal processing loop iteration 23860
[2025-10-27 06:05:03] [STDERR] 2025-10-27 06:05:03,222 - gleitzeit.workers.signal_worker - INFO - Signal processing loop iteration 23880
[2025-10-27 06:05:13] [STDERR] 2025-10-27 06:05:13,245 - gleitzeit.workers.signal_worker - INFO - Signal processing loop iteration 23900
[2025-10-27 06:05:23] [STDERR] 2025-10-27 06:05:23,269 - gleitzeit.workers.signal_worker - INFO - Signal processing loop iteration 23920
[2025-10-27 06:05:33] [STDERR] 2025-10-27 06:05:33,292 - gleitzeit.workers.signal_worker - INFO - Signal processing loop iteration 23940
[2025-10-27 06:05:43] [STDERR] 2025-10-27 06:05:43,332 - gleitzeit.workers.signal_worker - INFO - Signal processing loop iteration 23960
[2025-10-27 06:05:53] [STDERR] 2025-10-27 06:05:53,370 - gleitzeit.workers.signal_worker - INFO - Signal processing loop iteration 23980
[2025-10-27 06:06:03] [STDERR] 2025-10-27 06:06:03,414 - gleitzeit.workers.signal_worker - INFO - Signal processing loop iteration 24000
[2025-10-27 06:06:13] [STDERR] 2025-10-27 06:06:13,454 - gleitzeit.workers.signal_worker - INFO - Signal processing loop iteration 24020
[2025-10-27 06:06:23] [STDERR] 2025-10-27 06:06:23,494 - gleitzeit.workers.signal_worker - INFO - Signal processing loop iteration 24040
[2025-10-27 06:06:33] [STDERR] 2025-10-27 06:06:33,534 - gleitzeit.workers.signal_worker - INFO - Signal processing loop iteration 24060
[2025-10-27 06:06:43] [STDERR] 2025-10-27 06:06:43,575 - gleitzeit.workers.signal_worker - INFO - Signal processing loop iteration 24080
[2025-10-27 06:06:53] [STDERR] 2025-10-27 06:06:53,613 - gleitzeit.workers.signal_worker - INFO - Signal processing loop iteration 24100
[2025-10-27 06:09:54] [STDERR] 2025-10-27 06:09:54,953 - gleitzeit.workers.signal_worker - INFO - Signal processing loop iteration 24120
[2025-10-27 06:10:04] [STDERR] 2025-10-27 06:10:04,984 - gleitzeit.workers.signal_worker - INFO - Signal processing loop iteration 24140
[2025-10-27 06:10:15] [STDERR] 2025-10-27 06:10:15,020 - gleitzeit.workers.signal_worker - INFO - Signal processing loop iteration 24160
[2025-10-27 06:23:27] [STDERR] 2025-10-27 06:23:27,289 - gleitzeit.core.leader_election - INFO - Worker signal-async became leader for {shard:0}:global:signal:leader
[2025-10-27 06:23:27] [STDERR] 2025-10-27 06:23:27,289 - gleitzeit.workers.signal_worker - INFO - Worker signal-async became signal leader
[2025-10-27 06:23:32] [STDERR] 2025-10-27 06:23:32,361 - gleitzeit.workers.signal_worker - INFO - Signal processing loop iteration 24180
[2025-10-27 06:23:42] [STDERR] 2025-10-27 06:23:42,506 - gleitzeit.workers.signal_worker - INFO - Signal processing loop iteration 24200
[2025-10-27 06:37:03] [STDERR] 2025-10-27 06:37:03,518 - gleitzeit.core.leader_election - INFO - Worker signal-async lost leadership for {shard:0}:global:signal:leader
[2025-10-27 06:37:03] [STDERR] 2025-10-27 06:37:03,518 - gleitzeit.workers.signal_worker - INFO - Worker signal-async lost signal leadership
[2025-10-27 06:37:04] [STDERR] 2025-10-27 06:37:04,836 - gleitzeit.workers.signal_worker - INFO - Signal processing loop iteration 24220
[2025-10-27 06:37:14] [STDERR] 2025-10-27 06:37:14,880 - gleitzeit.workers.signal_worker - INFO - Signal processing loop iteration 24240
[2025-10-27 06:50:37] [STDERR] 2025-10-27 06:50:37,492 - gleitzeit.workers.signal_worker - INFO - Signal processing loop iteration 24260
[2025-10-27 06:50:47] [STDERR] 2025-10-27 06:50:47,528 - gleitzeit.workers.signal_worker - INFO - Signal processing loop iteration 24280
[2025-10-27 06:50:57] [STDERR] 2025-10-27 06:50:57,568 - gleitzeit.workers.signal_worker - INFO - Signal processing loop iteration 24300
[2025-10-27 07:04:18] [STDERR] 2025-10-27 07:04:18,959 - gleitzeit.workers.signal_worker - INFO - Signal processing loop iteration 24320
[2025-10-27 07:04:28] [STDERR] 2025-10-27 07:04:28,997 - gleitzeit.workers.signal_worker - INFO - Signal processing loop iteration 24340
[2025-10-27 07:17:50] [STDERR] 2025-10-27 07:17:50,231 - gleitzeit.workers.signal_worker - INFO - Signal processing loop iteration 24360
[2025-10-27 07:18:00] [STDERR] 2025-10-27 07:18:00,271 - gleitzeit.workers.signal_worker - INFO - Signal processing loop iteration 24380
[2025-10-27 07:31:20] [STDERR] 2025-10-27 07:31:20,897 - gleitzeit.workers.signal_worker - INFO - Signal processing loop iteration 24400
[2025-10-27 07:31:30] [STDERR] 2025-10-27 07:31:30,931 - gleitzeit.workers.signal_worker - INFO - Signal processing loop iteration 24420
[2025-10-27 07:44:52] [STDERR] 2025-10-27 07:44:52,195 - gleitzeit.workers.signal_worker - INFO - Signal processing loop iteration 24440
[2025-10-27 07:45:02] [STDERR] 2025-10-27 07:45:02,233 - gleitzeit.workers.signal_worker - INFO - Signal processing loop iteration 24460
[2025-10-27 07:45:12] [STDERR] 2025-10-27 07:45:12,273 - gleitzeit.workers.signal_worker - INFO - Signal processing loop iteration 24480
[2025-10-27 07:58:27] [STDERR] 2025-10-27 07:58:27,340 - gleitzeit.core.leader_election - INFO - Worker signal-async became leader for {shard:0}:global:signal:leader
[2025-10-27 07:58:27] [STDERR] 2025-10-27 07:58:27,340 - gleitzeit.workers.signal_worker - INFO - Worker signal-async became signal leader
[2025-10-27 07:58:34] [STDERR] 2025-10-27 07:58:34,287 - gleitzeit.workers.signal_worker - INFO - Signal processing loop iteration 24500
[2025-10-27 07:58:44] [STDERR] 2025-10-27 07:58:44,403 - gleitzeit.workers.signal_worker - INFO - Signal processing loop iteration 24520
[2025-10-27 08:11:08] [STDERR] 2025-10-27 08:11:08,867 - gleitzeit.core.leader_election - INFO - Worker signal-async lost leadership for {shard:0}:global:signal:leader
[2025-10-27 08:11:08] [STDERR] 2025-10-27 08:11:08,868 - gleitzeit.workers.signal_worker - INFO - Worker signal-async lost signal leadership
[2025-10-27 08:11:12] [STDERR] 2025-10-27 08:11:12,008 - gleitzeit.workers.signal_worker - INFO - Signal processing loop iteration 24540
[2025-10-27 08:11:22] [STDERR] 2025-10-27 08:11:22,048 - gleitzeit.workers.signal_worker - INFO - Signal processing loop iteration 24560
[2025-10-27 08:27:20] [STDERR] 2025-10-27 08:27:20,798 - gleitzeit.workers.signal_worker - INFO - Signal processing loop iteration 24580
[2025-10-27 09:06:55] [STDERR] 2025-10-27 09:06:55,173 - gleitzeit.core.leader_election - INFO - Worker signal-async became leader for {shard:0}:global:signal:leader
[2025-10-27 09:06:55] [STDERR] 2025-10-27 09:06:55,173 - gleitzeit.workers.signal_worker - INFO - Worker signal-async became signal leader
[2025-10-27 09:06:58] [STDERR] 2025-10-27 09:06:58,344 - gleitzeit.workers.signal_worker - INFO - Signal processing loop iteration 24600
[2025-10-27 09:12:14] [STDERR] 2025-10-27 09:12:14,411 - gleitzeit.workers.signal_worker - INFO - Signal processing loop iteration 24620
[2025-10-27 09:27:24] [STDERR] 2025-10-27 09:27:24,623 - gleitzeit.workers.signal_worker - INFO - Signal processing loop iteration 24640
[2025-10-27 09:27:34] [STDERR] 2025-10-27 09:27:34,743 - gleitzeit.workers.signal_worker - INFO - Signal processing loop iteration 24660
[2025-10-27 09:39:30] [STDERR] 2025-10-27 09:39:30,957 - gleitzeit.workers.signal_worker - INFO - Signal processing loop iteration 24680
[2025-10-27 09:39:41] [STDERR] 2025-10-27 09:39:41,087 - gleitzeit.workers.signal_worker - INFO - Signal processing loop iteration 24700
[2025-10-27 09:39:51] [STDERR] 2025-10-27 09:39:51,215 - gleitzeit.workers.signal_worker - INFO - Signal processing loop iteration 24720
[2025-10-27 09:55:01] [STDERR] 2025-10-27 09:55:01,703 - gleitzeit.workers.signal_worker - INFO - Signal processing loop iteration 24740
[2025-10-27 09:55:11] [STDERR] 2025-10-27 09:55:11,854 - gleitzeit.workers.signal_worker - INFO - Signal processing loop iteration 24760
[2025-10-27 10:10:20] [STDERR] 2025-10-27 10:10:20,844 - gleitzeit.core.leader_election - INFO - Worker signal-async lost leadership for {shard:0}:global:signal:leader
[2025-10-27 10:10:20] [STDERR] 2025-10-27 10:10:20,844 - gleitzeit.workers.signal_worker - INFO - Worker signal-async lost signal leadership
[2025-10-27 10:10:22] [STDERR] 2025-10-27 10:10:22,304 - gleitzeit.workers.signal_worker - INFO - Signal processing loop iteration 24780
[2025-10-27 10:10:32] [STDERR] 2025-10-27 10:10:32,346 - gleitzeit.workers.signal_worker - INFO - Signal processing loop iteration 24800
[2025-10-27 10:10:42] [STDERR] 2025-10-27 10:10:42,385 - gleitzeit.workers.signal_worker - INFO - Signal processing loop iteration 24820
[2025-10-27 10:13:07] [STDERR] 2025-10-27 10:13:07,496 - gleitzeit.core.leader_election - INFO - Worker signal-async became leader for {shard:0}:global:signal:leader
[2025-10-27 10:13:07] [STDERR] 2025-10-27 10:13:07,496 - gleitzeit.workers.signal_worker - INFO - Worker signal-async became signal leader
[2025-10-27 10:28:15] [STDERR] 2025-10-27 10:28:15,158 - gleitzeit.workers.signal_worker - INFO - Signal processing loop iteration 24840
[2025-10-27 10:28:25] [STDERR] 2025-10-27 10:28:25,292 - gleitzeit.workers.signal_worker - INFO - Signal processing loop iteration 24860
[2025-10-27 10:28:35] [STDERR] 2025-10-27 10:28:35,419 - gleitzeit.workers.signal_worker - INFO - Signal processing loop iteration 24880
[2025-10-27 10:43:40] [STDERR] 2025-10-27 10:43:40,824 - gleitzeit.core.leader_election - INFO - Worker signal-async lost leadership for {shard:0}:global:signal:leader
[2025-10-27 10:43:40] [STDERR] 2025-10-27 10:43:40,824 - gleitzeit.workers.signal_worker - INFO - Worker signal-async lost signal leadership
[2025-10-27 10:43:45] [STDERR] 2025-10-27 10:43:45,885 - gleitzeit.workers.signal_worker - INFO - Signal processing loop iteration 24900
[2025-10-27 10:43:55] [STDERR] 2025-10-27 10:43:55,923 - gleitzeit.workers.signal_worker - INFO - Signal processing loop iteration 24920
[2025-10-27 10:59:06] [STDERR] 2025-10-27 10:59:06,050 - gleitzeit.workers.signal_worker - INFO - Signal processing loop iteration 24940
[2025-10-27 10:59:16] [STDERR] 2025-10-27 10:59:16,100 - gleitzeit.workers.signal_worker - INFO - Signal processing loop iteration 24960
[2025-10-27 10:59:26] [STDERR] 2025-10-27 10:59:26,194 - gleitzeit.workers.signal_worker - INFO - Signal processing loop iteration 24980
[2025-10-27 11:14:13] [STDERR] 2025-10-27 11:14:13,160 - gleitzeit.workers.signal_worker - INFO - Signal processing loop iteration 25000
[2025-10-27 11:14:23] [STDERR] 2025-10-27 11:14:23,198 - gleitzeit.workers.signal_worker - INFO - Signal processing loop iteration 25020
[2025-10-27 11:25:24] [STDERR] 2025-10-27 11:25:24,214 - gleitzeit.core.leader_election - INFO - Worker signal-async became leader for {shard:0}:global:signal:leader
[2025-10-27 11:25:24] [STDERR] 2025-10-27 11:25:24,214 - gleitzeit.workers.signal_worker - INFO - Worker signal-async became signal leader
[2025-10-27 11:25:27] [STDERR] 2025-10-27 11:25:27,922 - gleitzeit.workers.signal_worker - INFO - Signal processing loop iteration 25040
[2025-10-27 11:25:38] [STDERR] 2025-10-27 11:25:38,111 - gleitzeit.workers.signal_worker - INFO - Signal processing loop iteration 25060
[2025-10-27 11:41:52] [STDERR] 2025-10-27 11:41:52,951 - gleitzeit.core.leader_election - INFO - Worker signal-async lost leadership for {shard:0}:global:signal:leader
[2025-10-27 11:41:52] [STDERR] 2025-10-27 11:41:52,952 - gleitzeit.workers.signal_worker - INFO - Worker signal-async lost signal leadership
[2025-10-27 11:41:52] [STDERR] 2025-10-27 11:41:52,966 - gleitzeit.workers.signal_worker - INFO - Signal processing loop iteration 25080
[2025-10-27 12:15:07] [STDERR] 2025-10-27 12:15:07,644 - gleitzeit.workers.signal_worker - INFO - Signal processing loop iteration 25100
[2025-10-27 12:15:17] [STDERR] 2025-10-27 12:15:17,681 - gleitzeit.workers.signal_worker - INFO - Signal processing loop iteration 25120
[2025-10-27 12:28:46] [STDERR] 2025-10-27 12:28:46,998 - gleitzeit.workers.signal_worker - INFO - Signal processing loop iteration 25140
[2025-10-27 12:28:57] [STDERR] 2025-10-27 12:28:57,042 - gleitzeit.workers.signal_worker - INFO - Signal processing loop iteration 25160
[2025-10-27 12:46:21] [STDERR] 2025-10-27 12:46:21,708 - gleitzeit.workers.signal_worker - INFO - Signal processing loop iteration 25180
[2025-10-27 13:16:08] [STDERR] 2025-10-27 13:16:08,255 - gleitzeit.workers.signal_worker - INFO - Signal processing loop iteration 25200
[2025-10-27 13:16:18] [STDERR] 2025-10-27 13:16:18,299 - gleitzeit.workers.signal_worker - INFO - Signal processing loop iteration 25220
[2025-10-27 13:51:52] [STDERR] 2025-10-27 13:51:52,638 - gleitzeit.workers.signal_worker - INFO - Signal processing loop iteration 25240
[2025-10-27 14:17:09] [STDERR] 2025-10-27 14:17:09,179 - gleitzeit.workers.signal_worker - INFO - Signal processing loop iteration 25260
[2025-10-27 14:32:48] [STDERR] 2025-10-27 14:32:48,676 - gleitzeit.workers.signal_worker - INFO - Signal processing loop iteration 25280
[2025-10-27 15:06:28] [STDERR] 2025-10-27 15:06:28,236 - gleitzeit.workers.signal_worker - INFO - Signal processing loop iteration 25300
[2025-10-27 15:33:39] [STDERR] 2025-10-27 15:33:39,392 - gleitzeit.workers.signal_worker - INFO - Signal processing loop iteration 25320
[2025-10-27 15:49:23] [STDERR] 2025-10-27 15:49:23,173 - gleitzeit.workers.signal_worker - INFO - Signal processing loop iteration 25340
[2025-10-27 16:19:10] [STDERR] 2025-10-27 16:19:10,693 - gleitzeit.workers.signal_worker - INFO - Signal processing loop iteration 25360
[2025-10-27 16:36:11] [STDERR] 2025-10-27 16:36:11,171 - gleitzeit.core.leader_election - INFO - Worker signal-async became leader for {shard:0}:global:signal:leader
[2025-10-27 16:36:11] [STDERR] 2025-10-27 16:36:11,171 - gleitzeit.workers.signal_worker - INFO - Worker signal-async became signal leader
[2025-10-27 16:53:02] [STDERR] 2025-10-27 16:53:02,763 - gleitzeit.workers.signal_worker - INFO - Signal processing loop iteration 25380
[2025-10-27 17:20:07] [STDERR] 2025-10-27 17:20:07,450 - gleitzeit.workers.signal_worker - INFO - Signal processing loop iteration 25400
[2025-10-27 17:20:08] [STDERR] 2025-10-27 17:20:08,413 - gleitzeit.core.leader_election - INFO - Worker signal-async lost leadership for {shard:0}:global:signal:leader
[2025-10-27 17:20:08] [STDERR] 2025-10-27 17:20:08,413 - gleitzeit.workers.signal_worker - INFO - Worker signal-async lost signal leadership
[2025-10-27 17:36:04] [STDERR] 2025-10-27 17:36:04,729 - gleitzeit.core.leader_election - INFO - Worker signal-async became leader for {shard:0}:global:signal:leader
[2025-10-27 17:36:04] [STDERR] 2025-10-27 17:36:04,729 - gleitzeit.workers.signal_worker - INFO - Worker signal-async became signal leader
[2025-10-27 17:36:07] [STDERR] 2025-10-27 17:36:07,835 - gleitzeit.workers.signal_worker - INFO - Signal processing loop iteration 25420
[2025-10-27 17:52:37] [STDERR] 2025-10-27 17:52:37,736 - gleitzeit.workers.signal_worker - INFO - Signal processing loop iteration 25440
[2025-10-27 18:08:35] [STDERR] 2025-10-27 18:08:35,916 - gleitzeit.workers.signal_worker - INFO - Signal processing loop iteration 25460
[2025-10-27 18:21:08] [STDERR] 2025-10-27 18:21:08,242 - gleitzeit.core.leader_election - INFO - Worker signal-async lost leadership for {shard:0}:global:signal:leader
[2025-10-27 18:21:08] [STDERR] 2025-10-27 18:21:08,242 - gleitzeit.workers.signal_worker - INFO - Worker signal-async lost signal leadership
[2025-10-27 18:21:11] [STDERR] 2025-10-27 18:21:11,766 - gleitzeit.workers.signal_worker - INFO - Signal processing loop iteration 25480
[2025-10-27 18:21:21] [STDERR] 2025-10-27 18:21:21,806 - gleitzeit.workers.signal_worker - INFO - Signal processing loop iteration 25500
[2025-10-27 18:54:41] [STDERR] 2025-10-27 18:54:41,070 - gleitzeit.workers.signal_worker - INFO - Signal processing loop iteration 25520
[2025-10-27 19:22:08] [STDERR] 2025-10-27 19:22:08,614 - gleitzeit.workers.signal_worker - INFO - Signal processing loop iteration 25540
[2025-10-27 19:38:17] [STDERR] 2025-10-27 19:38:17,494 - gleitzeit.workers.signal_worker - INFO - Signal processing loop iteration 25560
[2025-10-27 20:11:36] [STDERR] 2025-10-27 20:11:36,079 - gleitzeit.workers.signal_worker - INFO - Signal processing loop iteration 25580
[2025-10-27 20:38:39] [STDERR] 2025-10-27 20:38:39,066 - gleitzeit.core.leader_election - INFO - Worker signal-async became leader for {shard:0}:global:signal:leader
[2025-10-27 20:38:39] [STDERR] 2025-10-27 20:38:39,066 - gleitzeit.workers.signal_worker - INFO - Worker signal-async became signal leader
[2025-10-27 20:38:40] [STDERR] 2025-10-27 20:38:40,055 - gleitzeit.workers.signal_worker - INFO - Signal processing loop iteration 25600
[2025-10-27 20:53:47] [STDERR] 2025-10-27 20:53:47,817 - gleitzeit.core.leader_election - INFO - Worker signal-async lost leadership for {shard:0}:global:signal:leader
[2025-10-27 20:53:47] [STDERR] 2025-10-27 20:53:47,818 - gleitzeit.workers.signal_worker - INFO - Worker signal-async lost signal leadership
[2025-10-27 20:56:56] [STDERR] 2025-10-27 20:56:56,044 - gleitzeit.workers.signal_worker - INFO - Signal processing loop iteration 25620
[2025-10-27 20:57:06] [STDERR] 2025-10-27 20:57:06,066 - gleitzeit.workers.signal_worker - INFO - Signal processing loop iteration 25640
[2025-10-27 20:58:47] [STDERR] 2025-10-27 20:58:47,615 - gleitzeit.workers.signal_worker - INFO - Signal processing loop iteration 25660
[2025-10-27 21:13:57] [STDERR] 2025-10-27 21:13:57,526 - gleitzeit.workers.signal_worker - INFO - Signal processing loop iteration 25680
[2025-10-27 21:14:07] [STDERR] 2025-10-27 21:14:07,571 - gleitzeit.workers.signal_worker - INFO - Signal processing loop iteration 25700
[2025-10-27 21:14:17] [STDERR] 2025-10-27 21:14:17,607 - gleitzeit.workers.signal_worker - INFO - Signal processing loop iteration 25720
[2025-10-27 21:29:27] [STDERR] 2025-10-27 21:29:27,405 - gleitzeit.workers.signal_worker - INFO - Signal processing loop iteration 25740
[2025-10-27 21:29:37] [STDERR] 2025-10-27 21:29:37,446 - gleitzeit.workers.signal_worker - INFO - Signal processing loop iteration 25760
[2025-10-27 21:44:47] [STDERR] 2025-10-27 21:44:47,483 - gleitzeit.workers.signal_worker - INFO - Signal processing loop iteration 25780
[2025-10-27 21:44:57] [STDERR] 2025-10-27 21:44:57,521 - gleitzeit.workers.signal_worker - INFO - Signal processing loop iteration 25800
[2025-10-27 21:45:07] [STDERR] 2025-10-27 21:45:07,562 - gleitzeit.workers.signal_worker - INFO - Signal processing loop iteration 25820
[2025-10-27 22:00:18] [STDERR] 2025-10-27 22:00:18,207 - gleitzeit.workers.signal_worker - INFO - Signal processing loop iteration 25840
[2025-10-27 22:00:28] [STDERR] 2025-10-27 22:00:28,247 - gleitzeit.workers.signal_worker - INFO - Signal processing loop iteration 25860
[2025-10-27 22:15:38] [STDERR] 2025-10-27 22:15:38,973 - gleitzeit.workers.signal_worker - INFO - Signal processing loop iteration 25880
[2025-10-27 22:15:49] [STDERR] 2025-10-27 22:15:49,010 - gleitzeit.workers.signal_worker - INFO - Signal processing loop iteration 25900
[2025-10-27 22:15:59] [STDERR] 2025-10-27 22:15:59,046 - gleitzeit.workers.signal_worker - INFO - Signal processing loop iteration 25920
[2025-10-27 22:31:09] [STDERR] 2025-10-27 22:31:09,058 - gleitzeit.workers.signal_worker - INFO - Signal processing loop iteration 25940
[2025-10-27 22:31:19] [STDERR] 2025-10-27 22:31:19,096 - gleitzeit.workers.signal_worker - INFO - Signal processing loop iteration 25960
[2025-10-27 22:46:28] [STDERR] 2025-10-27 22:46:28,734 - gleitzeit.core.leader_election - INFO - Worker signal-async became leader for {shard:0}:global:signal:leader
[2025-10-27 22:46:28] [STDERR] 2025-10-27 22:46:28,735 - gleitzeit.workers.signal_worker - INFO - Worker signal-async became signal leader
[2025-10-27 22:46:29] [STDERR] 2025-10-27 22:46:29,282 - gleitzeit.workers.signal_worker - INFO - Signal processing loop iteration 25980
[2025-10-27 22:46:39] [STDERR] 2025-10-27 22:46:39,429 - gleitzeit.workers.signal_worker - INFO - Signal processing loop iteration 26000
[2025-10-27 22:46:49] [STDERR] 2025-10-27 22:46:49,560 - gleitzeit.workers.signal_worker - INFO - Signal processing loop iteration 26020
[2025-10-27 22:58:12] [STDERR] 2025-10-27 22:58:12,578 - gleitzeit.workers.signal_worker - INFO - Signal processing loop iteration 26040
[2025-10-27 22:58:22] [STDERR] 2025-10-27 22:58:22,717 - gleitzeit.workers.signal_worker - INFO - Signal processing loop iteration 26060
[2025-10-27 23:13:32] [STDERR] 2025-10-27 23:13:32,949 - gleitzeit.workers.signal_worker - INFO - Signal processing loop iteration 26080
[2025-10-27 23:13:43] [STDERR] 2025-10-27 23:13:43,087 - gleitzeit.workers.signal_worker - INFO - Signal processing loop iteration 26100
[2025-10-27 23:13:53] [STDERR] 2025-10-27 23:13:53,230 - gleitzeit.workers.signal_worker - INFO - Signal processing loop iteration 26120
[2025-10-27 23:29:04] [STDERR] 2025-10-27 23:29:04,193 - gleitzeit.workers.signal_worker - INFO - Signal processing loop iteration 26140
[2025-10-27 23:29:14] [STDERR] 2025-10-27 23:29:14,395 - gleitzeit.workers.signal_worker - INFO - Signal processing loop iteration 26160
[2025-10-27 23:44:21] [STDERR] 2025-10-27 23:44:21,507 - gleitzeit.core.leader_election - INFO - Worker signal-async lost leadership for {shard:0}:global:signal:leader
[2025-10-27 23:44:21] [STDERR] 2025-10-27 23:44:21,507 - gleitzeit.workers.signal_worker - INFO - Worker signal-async lost signal leadership
[2025-10-27 23:44:24] [STDERR] 2025-10-27 23:44:24,463 - gleitzeit.workers.signal_worker - INFO - Signal processing loop iteration 26180
[2025-10-27 23:44:34] [STDERR] 2025-10-27 23:44:34,499 - gleitzeit.workers.signal_worker - INFO - Signal processing loop iteration 26200
[2025-10-27 23:44:44] [STDERR] 2025-10-27 23:44:44,539 - gleitzeit.workers.signal_worker - INFO - Signal processing loop iteration 26220
[2025-10-27 23:59:14] [STDERR] 2025-10-27 23:59:14,308 - gleitzeit.workers.signal_worker - INFO - Signal processing loop iteration 26240
[2025-10-27 23:59:24] [STDERR] 2025-10-27 23:59:24,346 - gleitzeit.workers.signal_worker - INFO - Signal processing loop iteration 26260
[2025-10-28 00:14:29] [STDERR] 2025-10-28 00:14:29,865 - gleitzeit.core.leader_election - INFO - Worker signal-async became leader for {shard:0}:global:signal:leader
[2025-10-28 00:14:29] [STDERR] 2025-10-28 00:14:29,865 - gleitzeit.workers.signal_worker - INFO - Worker signal-async became signal leader
[2025-10-28 00:14:35] [STDERR] 2025-10-28 00:14:35,111 - gleitzeit.workers.signal_worker - INFO - Signal processing loop iteration 26280
[2025-10-28 00:14:45] [STDERR] 2025-10-28 00:14:45,250 - gleitzeit.workers.signal_worker - INFO - Signal processing loop iteration 26300
[2025-10-28 00:29:55] [STDERR] 2025-10-28 00:29:55,312 - gleitzeit.workers.signal_worker - INFO - Signal processing loop iteration 26320
[2025-10-28 00:29:56] [STDERR] 2025-10-28 00:29:56,762 - gleitzeit.core.leader_election - INFO - Worker signal-async lost leadership for {shard:0}:global:signal:leader
[2025-10-28 00:29:56] [STDERR] 2025-10-28 00:29:56,762 - gleitzeit.workers.signal_worker - INFO - Worker signal-async lost signal leadership
[2025-10-28 00:30:05] [STDERR] 2025-10-28 00:30:05,519 - gleitzeit.workers.signal_worker - INFO - Signal processing loop iteration 26340
[2025-10-28 00:30:15] [STDERR] 2025-10-28 00:30:15,574 - gleitzeit.workers.signal_worker - INFO - Signal processing loop iteration 26360
[2025-10-28 00:45:20] [STDERR] 2025-10-28 00:45:20,825 - gleitzeit.core.leader_election - INFO - Worker signal-async became leader for {shard:0}:global:signal:leader
[2025-10-28 00:45:20] [STDERR] 2025-10-28 00:45:20,825 - gleitzeit.workers.signal_worker - INFO - Worker signal-async became signal leader
[2025-10-28 00:45:25] [STDERR] 2025-10-28 00:45:25,764 - gleitzeit.workers.signal_worker - INFO - Signal processing loop iteration 26380
[2025-10-28 00:45:35] [STDERR] 2025-10-28 00:45:35,934 - gleitzeit.workers.signal_worker - INFO - Signal processing loop iteration 26400
[2025-10-28 01:00:06] [STDERR] 2025-10-28 01:00:06,008 - gleitzeit.workers.signal_worker - INFO - Signal processing loop iteration 26420
[2025-10-28 01:00:07] [STDERR] 2025-10-28 01:00:07,755 - gleitzeit.core.leader_election - INFO - Worker signal-async lost leadership for {shard:0}:global:signal:leader
[2025-10-28 01:00:07] [STDERR] 2025-10-28 01:00:07,755 - gleitzeit.workers.signal_worker - INFO - Worker signal-async lost signal leadership
[2025-10-28 01:00:16] [STDERR] 2025-10-28 01:00:16,070 - gleitzeit.workers.signal_worker - INFO - Signal processing loop iteration 26440
[2025-10-28 01:00:26] [STDERR] 2025-10-28 01:00:26,108 - gleitzeit.workers.signal_worker - INFO - Signal processing loop iteration 26460
[2025-10-28 01:28:12] [STDERR] 2025-10-28 01:28:12,221 - gleitzeit.workers.signal_worker - INFO - Signal processing loop iteration 26480
[2025-10-28 01:28:22] [STDERR] 2025-10-28 01:28:22,267 - gleitzeit.workers.signal_worker - INFO - Signal processing loop iteration 26500
[2025-10-28 01:28:32] [STDERR] 2025-10-28 01:28:32,306 - gleitzeit.workers.signal_worker - INFO - Signal processing loop iteration 26520
[2025-10-28 01:38:42] [STDERR] 2025-10-28 01:38:42,942 - gleitzeit.workers.signal_worker - INFO - Signal processing loop iteration 26540
[2025-10-28 01:53:44] [STDERR] 2025-10-28 01:53:44,225 - gleitzeit.core.leader_election - INFO - Worker signal-async became leader for {shard:0}:global:signal:leader
[2025-10-28 01:53:44] [STDERR] 2025-10-28 01:53:44,225 - gleitzeit.workers.signal_worker - INFO - Worker signal-async became signal leader
[2025-10-28 01:53:52] [STDERR] 2025-10-28 01:53:52,956 - gleitzeit.workers.signal_worker - INFO - Signal processing loop iteration 26560
[2025-10-28 01:54:03] [STDERR] 2025-10-28 01:54:03,108 - gleitzeit.workers.signal_worker - INFO - Signal processing loop iteration 26580
[2025-10-28 02:05:35] [STDERR] 2025-10-28 02:05:35,426 - gleitzeit.workers.signal_worker - INFO - Signal processing loop iteration 26600
[2025-10-28 02:05:45] [STDERR] 2025-10-28 02:05:45,576 - gleitzeit.workers.signal_worker - INFO - Signal processing loop iteration 26620
[2025-10-28 02:20:51] [STDERR] 2025-10-28 02:20:51,814 - gleitzeit.core.leader_election - INFO - Worker signal-async lost leadership for {shard:0}:global:signal:leader
[2025-10-28 02:20:51] [STDERR] 2025-10-28 02:20:51,814 - gleitzeit.workers.signal_worker - INFO - Worker signal-async lost signal leadership
[2025-10-28 02:20:56] [STDERR] 2025-10-28 02:20:56,116 - gleitzeit.workers.signal_worker - INFO - Signal processing loop iteration 26640
[2025-10-28 02:21:06] [STDERR] 2025-10-28 02:21:06,143 - gleitzeit.workers.signal_worker - INFO - Signal processing loop iteration 26660
[2025-10-28 02:36:16] [STDERR] 2025-10-28 02:36:16,058 - gleitzeit.workers.signal_worker - INFO - Signal processing loop iteration 26680
[2025-10-28 02:36:26] [STDERR] 2025-10-28 02:36:26,080 - gleitzeit.workers.signal_worker - INFO - Signal processing loop iteration 26700
[2025-10-28 02:36:36] [STDERR] 2025-10-28 02:36:36,109 - gleitzeit.workers.signal_worker - INFO - Signal processing loop iteration 26720
[2025-10-28 02:51:40] [STDERR] 2025-10-28 02:51:40,236 - gleitzeit.core.leader_election - INFO - Worker signal-async became leader for {shard:0}:global:signal:leader
[2025-10-28 02:51:40] [STDERR] 2025-10-28 02:51:40,236 - gleitzeit.workers.signal_worker - INFO - Worker signal-async became signal leader
[2025-10-28 02:51:46] [STDERR] 2025-10-28 02:51:46,756 - gleitzeit.workers.signal_worker - INFO - Signal processing loop iteration 26740
[2025-10-28 02:51:56] [STDERR] 2025-10-28 02:51:56,877 - gleitzeit.workers.signal_worker - INFO - Signal processing loop iteration 26760
[2025-10-28 03:07:07] [STDERR] 2025-10-28 03:07:07,014 - gleitzeit.workers.signal_worker - INFO - Signal processing loop iteration 26780
[2025-10-28 03:07:07] [STDERR] 2025-10-28 03:07:07,324 - gleitzeit.core.leader_election - INFO - Worker signal-async lost leadership for {shard:0}:global:signal:leader
[2025-10-28 03:07:07] [STDERR] 2025-10-28 03:07:07,324 - gleitzeit.workers.signal_worker - INFO - Worker signal-async lost signal leadership
[2025-10-28 03:07:17] [STDERR] 2025-10-28 03:07:17,061 - gleitzeit.workers.signal_worker - INFO - Signal processing loop iteration 26800
[2025-10-28 03:07:27] [STDERR] 2025-10-28 03:07:27,101 - gleitzeit.workers.signal_worker - INFO - Signal processing loop iteration 26820
[2025-10-28 03:22:37] [STDERR] 2025-10-28 03:22:37,200 - gleitzeit.workers.signal_worker - INFO - Signal processing loop iteration 26840
[2025-10-28 03:22:47] [STDERR] 2025-10-28 03:22:47,255 - gleitzeit.workers.signal_worker - INFO - Signal processing loop iteration 26860
[2025-10-28 03:37:57] [STDERR] 2025-10-28 03:37:57,409 - gleitzeit.workers.signal_worker - INFO - Signal processing loop iteration 26880
[2025-10-28 03:38:07] [STDERR] 2025-10-28 03:38:07,457 - gleitzeit.workers.signal_worker - INFO - Signal processing loop iteration 26900
[2025-10-28 03:38:17] [STDERR] 2025-10-28 03:38:17,503 - gleitzeit.workers.signal_worker - INFO - Signal processing loop iteration 26920
[2025-10-28 03:53:27] [STDERR] 2025-10-28 03:53:27,423 - gleitzeit.workers.signal_worker - INFO - Signal processing loop iteration 26940
[2025-10-28 03:53:37] [STDERR] 2025-10-28 03:53:37,464 - gleitzeit.workers.signal_worker - INFO - Signal processing loop iteration 26960
[2025-10-28 04:08:47] [STDERR] 2025-10-28 04:08:47,381 - gleitzeit.core.leader_election - INFO - Worker signal-async became leader for {shard:0}:global:signal:leader
[2025-10-28 04:08:47] [STDERR] 2025-10-28 04:08:47,381 - gleitzeit.workers.signal_worker - INFO - Worker signal-async became signal leader
[2025-10-28 04:08:48] [STDERR] 2025-10-28 04:08:48,294 - gleitzeit.workers.signal_worker - INFO - Signal processing loop iteration 26980
[2025-10-28 04:08:58] [STDERR] 2025-10-28 04:08:58,423 - gleitzeit.workers.signal_worker - INFO - Signal processing loop iteration 27000
[2025-10-28 04:09:08] [STDERR] 2025-10-28 04:09:08,565 - gleitzeit.workers.signal_worker - INFO - Signal processing loop iteration 27020
[2025-10-28 04:24:18] [STDERR] 2025-10-28 04:24:18,716 - gleitzeit.workers.signal_worker - INFO - Signal processing loop iteration 27040
[2025-10-28 04:24:28] [STDERR] 2025-10-28 04:24:28,855 - gleitzeit.workers.signal_worker - INFO - Signal processing loop iteration 27060
[2025-10-28 04:39:38] [STDERR] 2025-10-28 04:39:38,919 - gleitzeit.workers.signal_worker - INFO - Signal processing loop iteration 27080
[2025-10-28 04:39:49] [STDERR] 2025-10-28 04:39:49,046 - gleitzeit.workers.signal_worker - INFO - Signal processing loop iteration 27100
[2025-10-28 04:39:59] [STDERR] 2025-10-28 04:39:59,184 - gleitzeit.workers.signal_worker - INFO - Signal processing loop iteration 27120
[2025-10-28 04:51:44] [STDERR] 2025-10-28 04:51:44,248 - gleitzeit.core.leader_election - INFO - Worker signal-async lost leadership for {shard:0}:global:signal:leader
[2025-10-28 04:51:44] [STDERR] 2025-10-28 04:51:44,248 - gleitzeit.workers.signal_worker - INFO - Worker signal-async lost signal leadership
[2025-10-28 04:51:47] [STDERR] 2025-10-28 04:51:47,911 - gleitzeit.workers.signal_worker - INFO - Signal processing loop iteration 27140
[2025-10-28 04:51:57] [STDERR] 2025-10-28 04:51:57,946 - gleitzeit.workers.signal_worker - INFO - Signal processing loop iteration 27160
[2025-10-28 05:07:07] [STDERR] 2025-10-28 05:07:07,947 - gleitzeit.workers.signal_worker - INFO - Signal processing loop iteration 27180
[2025-10-28 05:07:17] [STDERR] 2025-10-28 05:07:17,979 - gleitzeit.workers.signal_worker - INFO - Signal processing loop iteration 27200
[2025-10-28 05:07:28] [STDERR] 2025-10-28 05:07:28,015 - gleitzeit.workers.signal_worker - INFO - Signal processing loop iteration 27220
[2025-10-28 05:22:37] [STDERR] 2025-10-28 05:22:37,975 - gleitzeit.workers.signal_worker - INFO - Signal processing loop iteration 27240
[2025-10-28 05:22:48] [STDERR] 2025-10-28 05:22:48,019 - gleitzeit.workers.signal_worker - INFO - Signal processing loop iteration 27260
[2025-10-28 05:37:58] [STDERR] 2025-10-28 05:37:58,068 - gleitzeit.workers.signal_worker - INFO - Signal processing loop iteration 27280
[2025-10-28 05:38:08] [STDERR] 2025-10-28 05:38:08,104 - gleitzeit.workers.signal_worker - INFO - Signal processing loop iteration 27300
[2025-10-28 05:38:18] [STDERR] 2025-10-28 05:38:18,139 - gleitzeit.workers.signal_worker - INFO - Signal processing loop iteration 27320
[2025-10-28 05:53:28] [STDERR] 2025-10-28 05:53:28,944 - gleitzeit.workers.signal_worker - INFO - Signal processing loop iteration 27340
[2025-10-28 05:53:38] [STDERR] 2025-10-28 05:53:38,985 - gleitzeit.workers.signal_worker - INFO - Signal processing loop iteration 27360
[2025-10-28 06:08:48] [STDERR] 2025-10-28 06:08:48,189 - gleitzeit.core.leader_election - INFO - Worker signal-async became leader for {shard:0}:global:signal:leader
[2025-10-28 06:08:48] [STDERR] 2025-10-28 06:08:48,189 - gleitzeit.workers.signal_worker - INFO - Worker signal-async became signal leader
[2025-10-28 06:08:49] [STDERR] 2025-10-28 06:08:49,134 - gleitzeit.workers.signal_worker - INFO - Signal processing loop iteration 27380
[2025-10-28 06:08:59] [STDERR] 2025-10-28 06:08:59,298 - gleitzeit.workers.signal_worker - INFO - Signal processing loop iteration 27400
[2025-10-28 06:09:09] [STDERR] 2025-10-28 06:09:09,451 - gleitzeit.workers.signal_worker - INFO - Signal processing loop iteration 27420
[2025-10-28 06:24:20] [STDERR] 2025-10-28 06:24:20,026 - gleitzeit.workers.signal_worker - INFO - Signal processing loop iteration 27440
[2025-10-28 06:24:30] [STDERR] 2025-10-28 06:24:30,216 - gleitzeit.workers.signal_worker - INFO - Signal processing loop iteration 27460
[2025-10-28 06:39:41] [STDERR] 2025-10-28 06:39:41,111 - gleitzeit.workers.signal_worker - INFO - Signal processing loop iteration 27480
[2025-10-28 06:39:51] [STDERR] 2025-10-28 06:39:51,244 - gleitzeit.workers.signal_worker - INFO - Signal processing loop iteration 27500
[2025-10-28 06:40:01] [STDERR] 2025-10-28 06:40:01,383 - gleitzeit.workers.signal_worker - INFO - Signal processing loop iteration 27520
[2025-10-28 06:52:48] [STDERR] 2025-10-28 06:52:48,476 - gleitzeit.workers.signal_worker - INFO - Signal processing loop iteration 27540
[2025-10-28 06:52:58] [STDERR] 2025-10-28 06:52:58,611 - gleitzeit.workers.signal_worker - INFO - Signal processing loop iteration 27560
[2025-10-28 07:08:09] [STDERR] 2025-10-28 07:08:09,599 - gleitzeit.workers.signal_worker - INFO - Signal processing loop iteration 27580
[2025-10-28 07:08:19] [STDERR] 2025-10-28 07:08:19,776 - gleitzeit.workers.signal_worker - INFO - Signal processing loop iteration 27600
[2025-10-28 07:08:29] [STDERR] 2025-10-28 07:08:29,928 - gleitzeit.workers.signal_worker - INFO - Signal processing loop iteration 27620
[2025-10-28 07:23:39] [STDERR] 2025-10-28 07:23:39,954 - gleitzeit.workers.signal_worker - INFO - Signal processing loop iteration 27640
[2025-10-28 07:23:50] [STDERR] 2025-10-28 07:23:50,166 - gleitzeit.workers.signal_worker - INFO - Signal processing loop iteration 27660
[2025-10-28 07:39:00] [STDERR] 2025-10-28 07:39:00,354 - gleitzeit.workers.signal_worker - INFO - Signal processing loop iteration 27680
[2025-10-28 07:39:10] [STDERR] 2025-10-28 07:39:10,497 - gleitzeit.workers.signal_worker - INFO - Signal processing loop iteration 27700
[2025-10-28 07:39:20] [STDERR] 2025-10-28 07:39:20,642 - gleitzeit.workers.signal_worker - INFO - Signal processing loop iteration 27720
[2025-10-28 07:53:48] [STDERR] 2025-10-28 07:53:48,932 - gleitzeit.workers.signal_worker - INFO - Signal processing loop iteration 27740
[2025-10-28 07:53:59] [STDERR] 2025-10-28 07:53:59,066 - gleitzeit.workers.signal_worker - INFO - Signal processing loop iteration 27760
[2025-10-28 08:09:09] [STDERR] 2025-10-28 08:09:09,054 - gleitzeit.workers.signal_worker - INFO - Signal processing loop iteration 27780
[2025-10-28 08:09:19] [STDERR] 2025-10-28 08:09:19,206 - gleitzeit.workers.signal_worker - INFO - Signal processing loop iteration 27800
[2025-10-28 08:09:29] [STDERR] 2025-10-28 08:09:29,380 - gleitzeit.workers.signal_worker - INFO - Signal processing loop iteration 27820
[2025-10-28 08:24:40] [STDERR] 2025-10-28 08:24:40,226 - gleitzeit.workers.signal_worker - INFO - Signal processing loop iteration 27840
[2025-10-28 08:24:50] [STDERR] 2025-10-28 08:24:50,391 - gleitzeit.workers.signal_worker - INFO - Signal processing loop iteration 27860
[2025-10-28 08:39:58] [STDERR] 2025-10-28 08:39:58,547 - gleitzeit.core.leader_election - INFO - Worker signal-async lost leadership for {shard:0}:global:signal:leader
[2025-10-28 08:39:58] [STDERR] 2025-10-28 08:39:58,547 - gleitzeit.workers.signal_worker - INFO - Worker signal-async lost signal leadership
[2025-10-28 08:40:01] [STDERR] 2025-10-28 08:40:01,202 - gleitzeit.workers.signal_worker - INFO - Signal processing loop iteration 27880
[2025-10-28 08:40:11] [STDERR] 2025-10-28 08:40:11,244 - gleitzeit.workers.signal_worker - INFO - Signal processing loop iteration 27900
[2025-10-28 08:40:21] [STDERR] 2025-10-28 08:40:21,285 - gleitzeit.workers.signal_worker - INFO - Signal processing loop iteration 27920
[2025-10-28 08:54:42] [STDERR] 2025-10-28 08:54:42,325 - gleitzeit.core.leader_election - INFO - Worker signal-async became leader for {shard:0}:global:signal:leader
[2025-10-28 08:54:42] [STDERR] 2025-10-28 08:54:42,325 - gleitzeit.workers.signal_worker - INFO - Worker signal-async became signal leader
[2025-10-28 08:54:51] [STDERR] 2025-10-28 08:54:51,283 - gleitzeit.workers.signal_worker - INFO - Signal processing loop iteration 27940
[2025-10-28 08:55:01] [STDERR] 2025-10-28 08:55:01,427 - gleitzeit.workers.signal_worker - INFO - Signal processing loop iteration 27960
[2025-10-28 09:10:07] [STDERR] 2025-10-28 09:10:07,065 - gleitzeit.core.leader_election - INFO - Worker signal-async lost leadership for {shard:0}:global:signal:leader
[2025-10-28 09:10:07] [STDERR] 2025-10-28 09:10:07,065 - gleitzeit.workers.signal_worker - INFO - Worker signal-async lost signal leadership
[2025-10-28 09:10:12] [STDERR] 2025-10-28 09:10:12,234 - gleitzeit.workers.signal_worker - INFO - Signal processing loop iteration 27980
[2025-10-28 09:10:22] [STDERR] 2025-10-28 09:10:22,281 - gleitzeit.workers.signal_worker - INFO - Signal processing loop iteration 28000
[2025-10-28 09:25:30] [STDERR] 2025-10-28 09:25:30,995 - gleitzeit.core.leader_election - INFO - Worker signal-async became leader for {shard:0}:global:signal:leader
[2025-10-28 09:25:30] [STDERR] 2025-10-28 09:25:30,995 - gleitzeit.workers.signal_worker - INFO - Worker signal-async became signal leader
[2025-10-28 09:25:32] [STDERR] 2025-10-28 09:25:32,343 - gleitzeit.workers.signal_worker - INFO - Signal processing loop iteration 28020
[2025-10-28 09:25:42] [STDERR] 2025-10-28 09:25:42,481 - gleitzeit.workers.signal_worker - INFO - Signal processing loop iteration 28040
[2025-10-28 09:25:52] [STDERR] 2025-10-28 09:25:52,829 - gleitzeit.workers.signal_worker - INFO - Signal processing loop iteration 28060
[2025-10-28 09:41:03] [STDERR] 2025-10-28 09:41:03,565 - gleitzeit.workers.signal_worker - INFO - Signal processing loop iteration 28080
[2025-10-28 09:41:13] [STDERR] 2025-10-28 09:41:13,734 - gleitzeit.workers.signal_worker - INFO - Signal processing loop iteration 28100
[2025-10-28 09:55:42] [STDERR] 2025-10-28 09:55:42,811 - gleitzeit.workers.signal_worker - INFO - Signal processing loop iteration 28120
[2025-10-28 09:55:52] [STDERR] 2025-10-28 09:55:52,946 - gleitzeit.workers.signal_worker - INFO - Signal processing loop iteration 28140
[2025-10-28 09:56:03] [STDERR] 2025-10-28 09:56:03,084 - gleitzeit.workers.signal_worker - INFO - Signal processing loop iteration 28160
[2025-10-28 10:11:07] [STDERR] 2025-10-28 10:11:07,549 - gleitzeit.core.leader_election - INFO - Worker signal-async lost leadership for {shard:0}:global:signal:leader
[2025-10-28 10:11:07] [STDERR] 2025-10-28 10:11:07,549 - gleitzeit.workers.signal_worker - INFO - Worker signal-async lost signal leadership
[2025-10-28 10:11:13] [STDERR] 2025-10-28 10:11:13,175 - gleitzeit.workers.signal_worker - INFO - Signal processing loop iteration 28180
[2025-10-28 10:11:23] [STDERR] 2025-10-28 10:11:23,209 - gleitzeit.workers.signal_worker - INFO - Signal processing loop iteration 28200
[2025-10-28 10:18:31] [STDERR] 2025-10-28 10:18:31,084 - gleitzeit.core.leader_election - INFO - Worker signal-async became leader for {shard:0}:global:signal:leader
[2025-10-28 10:18:31] [STDERR] 2025-10-28 10:18:31,084 - gleitzeit.workers.signal_worker - INFO - Worker signal-async became signal leader
[2025-10-28 10:18:32] [STDERR] 2025-10-28 10:18:32,785 - gleitzeit.workers.signal_worker - INFO - Signal processing loop iteration 28220
[2025-10-28 10:18:42] [STDERR] 2025-10-28 10:18:42,989 - gleitzeit.workers.signal_worker - INFO - Signal processing loop iteration 28240
[2025-10-28 10:33:53] [STDERR] 2025-10-28 10:33:53,013 - gleitzeit.workers.signal_worker - INFO - Signal processing loop iteration 28260
[2025-10-28 10:33:54] [STDERR] 2025-10-28 10:33:54,987 - gleitzeit.core.leader_election - INFO - Worker signal-async lost leadership for {shard:0}:global:signal:leader
[2025-10-28 10:33:54] [STDERR] 2025-10-28 10:33:54,987 - gleitzeit.workers.signal_worker - INFO - Worker signal-async lost signal leadership
[2025-10-28 10:34:03] [STDERR] 2025-10-28 10:34:03,074 - gleitzeit.workers.signal_worker - INFO - Signal processing loop iteration 28280
[2025-10-28 10:34:13] [STDERR] 2025-10-28 10:34:13,111 - gleitzeit.workers.signal_worker - INFO - Signal processing loop iteration 28300
[2025-10-28 10:49:19] [STDERR] 2025-10-28 10:49:19,588 - gleitzeit.core.leader_election - INFO - Worker signal-async became leader for {shard:0}:global:signal:leader
[2025-10-28 10:49:19] [STDERR] 2025-10-28 10:49:19,588 - gleitzeit.workers.signal_worker - INFO - Worker signal-async became signal leader
[2025-10-28 10:49:23] [STDERR] 2025-10-28 10:49:23,877 - gleitzeit.workers.signal_worker - INFO - Signal processing loop iteration 28320
[2025-10-28 10:49:34] [STDERR] 2025-10-28 10:49:34,014 - gleitzeit.workers.signal_worker - INFO - Signal processing loop iteration 28340
[2025-10-28 10:56:42] [STDERR] 2025-10-28 10:56:42,162 - gleitzeit.workers.signal_worker - INFO - Signal processing loop iteration 28360
[2025-10-28 10:56:52] [STDERR] 2025-10-28 10:56:52,325 - gleitzeit.workers.signal_worker - INFO - Signal processing loop iteration 28380
[2025-10-28 10:57:02] [STDERR] 2025-10-28 10:57:02,460 - gleitzeit.workers.signal_worker - INFO - Signal processing loop iteration 28400
[2025-10-28 11:12:12] [STDERR] 2025-10-28 11:12:12,708 - gleitzeit.workers.signal_worker - INFO - Signal processing loop iteration 28420
[2025-10-28 11:12:22] [STDERR] 2025-10-28 11:12:22,868 - gleitzeit.workers.signal_worker - INFO - Signal processing loop iteration 28440
[2025-10-28 11:27:32] [STDERR] 2025-10-28 11:27:32,941 - gleitzeit.workers.signal_worker - INFO - Signal processing loop iteration 28460
[2025-10-28 11:27:43] [STDERR] 2025-10-28 11:27:43,113 - gleitzeit.workers.signal_worker - INFO - Signal processing loop iteration 28480
[2025-10-28 11:27:53] [STDERR] 2025-10-28 11:27:53,259 - gleitzeit.workers.signal_worker - INFO - Signal processing loop iteration 28500
[2025-10-28 11:43:04] [STDERR] 2025-10-28 11:43:04,118 - gleitzeit.workers.signal_worker - INFO - Signal processing loop iteration 28520
[2025-10-28 11:43:14] [STDERR] 2025-10-28 11:43:14,292 - gleitzeit.workers.signal_worker - INFO - Signal processing loop iteration 28540
[2025-10-28 11:57:45] [STDERR] 2025-10-28 11:57:45,348 - gleitzeit.workers.signal_worker - INFO - Signal processing loop iteration 28560
[2025-10-28 11:57:55] [STDERR] 2025-10-28 11:57:55,477 - gleitzeit.workers.signal_worker - INFO - Signal processing loop iteration 28580
[2025-10-28 12:13:05] [STDERR] 2025-10-28 12:13:05,498 - gleitzeit.workers.signal_worker - INFO - Signal processing loop iteration 28600
[2025-10-28 12:13:15] [STDERR] 2025-10-28 12:13:15,744 - gleitzeit.workers.signal_worker - INFO - Signal processing loop iteration 28620
[2025-10-28 12:13:25] [STDERR] 2025-10-28 12:13:25,887 - gleitzeit.workers.signal_worker - INFO - Signal processing loop iteration 28640
[2025-10-28 12:28:35] [STDERR] 2025-10-28 12:28:35,997 - gleitzeit.workers.signal_worker - INFO - Signal processing loop iteration 28660
[2025-10-28 12:28:46] [STDERR] 2025-10-28 12:28:46,148 - gleitzeit.workers.signal_worker - INFO - Signal processing loop iteration 28680
[2025-10-28 12:28:56] [STDERR] 2025-10-28 12:28:56,297 - gleitzeit.workers.signal_worker - INFO - Signal processing loop iteration 28700
[2025-10-28 12:44:06] [STDERR] 2025-10-28 12:44:06,352 - gleitzeit.workers.signal_worker - INFO - Signal processing loop iteration 28720
[2025-10-28 12:44:16] [STDERR] 2025-10-28 12:44:16,479 - gleitzeit.workers.signal_worker - INFO - Signal processing loop iteration 28740
[2025-10-28 12:58:46] [STDERR] 2025-10-28 12:58:46,354 - gleitzeit.workers.signal_worker - INFO - Signal processing loop iteration 28760
[2025-10-28 12:58:56] [STDERR] 2025-10-28 12:58:56,587 - gleitzeit.workers.signal_worker - INFO - Signal processing loop iteration 28780
[2025-10-28 13:14:06] [STDERR] 2025-10-28 13:14:06,602 - gleitzeit.workers.signal_worker - INFO - Signal processing loop iteration 28800
[2025-10-28 13:14:16] [STDERR] 2025-10-28 13:14:16,734 - gleitzeit.workers.signal_worker - INFO - Signal processing loop iteration 28820
[2025-10-28 13:14:26] [STDERR] 2025-10-28 13:14:26,869 - gleitzeit.workers.signal_worker - INFO - Signal processing loop iteration 28840
[2025-10-28 13:29:31] [STDERR] 2025-10-28 13:29:31,901 - gleitzeit.core.leader_election - INFO - Worker signal-async lost leadership for {shard:0}:global:signal:leader
[2025-10-28 13:29:31] [STDERR] 2025-10-28 13:29:31,902 - gleitzeit.workers.signal_worker - INFO - Worker signal-async lost signal leadership
[2025-10-28 13:29:37] [STDERR] 2025-10-28 13:29:37,312 - gleitzeit.workers.signal_worker - INFO - Signal processing loop iteration 28860
[2025-10-28 13:29:47] [STDERR] 2025-10-28 13:29:47,364 - gleitzeit.workers.signal_worker - INFO - Signal processing loop iteration 28880
[2025-10-28 13:44:57] [STDERR] 2025-10-28 13:44:57,392 - gleitzeit.workers.signal_worker - INFO - Signal processing loop iteration 28900
[2025-10-28 13:45:07] [STDERR] 2025-10-28 13:45:07,429 - gleitzeit.workers.signal_worker - INFO - Signal processing loop iteration 28920
[2025-10-28 13:45:17] [STDERR] 2025-10-28 13:45:17,466 - gleitzeit.workers.signal_worker - INFO - Signal processing loop iteration 28940
[2025-10-28 13:59:49] [STDERR] 2025-10-28 13:59:49,026 - gleitzeit.workers.signal_worker - INFO - Signal processing loop iteration 28960
[2025-10-28 13:59:59] [STDERR] 2025-10-28 13:59:59,066 - gleitzeit.workers.signal_worker - INFO - Signal processing loop iteration 28980
[2025-10-28 14:15:09] [STDERR] 2025-10-28 14:15:09,175 - gleitzeit.workers.signal_worker - INFO - Signal processing loop iteration 29000
[2025-10-28 14:15:19] [STDERR] 2025-10-28 14:15:19,215 - gleitzeit.workers.signal_worker - INFO - Signal processing loop iteration 29020
[2025-10-28 14:15:29] [STDERR] 2025-10-28 14:15:29,251 - gleitzeit.workers.signal_worker - INFO - Signal processing loop iteration 29040
[2025-10-28 14:30:39] [STDERR] 2025-10-28 14:30:39,987 - gleitzeit.workers.signal_worker - INFO - Signal processing loop iteration 29060
[2025-10-28 14:30:50] [STDERR] 2025-10-28 14:30:50,040 - gleitzeit.workers.signal_worker - INFO - Signal processing loop iteration 29080
[2025-10-28 14:45:59] [STDERR] 2025-10-28 14:45:59,997 - gleitzeit.workers.signal_worker - INFO - Signal processing loop iteration 29100
[2025-10-28 14:46:10] [STDERR] 2025-10-28 14:46:10,051 - gleitzeit.workers.signal_worker - INFO - Signal processing loop iteration 29120
[2025-10-28 14:46:20] [STDERR] 2025-10-28 14:46:20,099 - gleitzeit.workers.signal_worker - INFO - Signal processing loop iteration 29140
[2025-10-28 15:00:41] [STDERR] 2025-10-28 15:00:41,587 - gleitzeit.core.leader_election - INFO - Worker signal-async became leader for {shard:0}:global:signal:leader
[2025-10-28 15:00:41] [STDERR] 2025-10-28 15:00:41,587 - gleitzeit.workers.signal_worker - INFO - Worker signal-async became signal leader
[2025-10-28 15:00:50] [STDERR] 2025-10-28 15:00:50,920 - gleitzeit.workers.signal_worker - INFO - Signal processing loop iteration 29160
[2025-10-28 15:01:01] [STDERR] 2025-10-28 15:01:01,057 - gleitzeit.workers.signal_worker - INFO - Signal processing loop iteration 29180
[2025-10-28 15:16:11] [STDERR] 2025-10-28 15:16:11,164 - gleitzeit.workers.signal_worker - INFO - Signal processing loop iteration 29200
[2025-10-28 15:16:21] [STDERR] 2025-10-28 15:16:21,327 - gleitzeit.workers.signal_worker - INFO - Signal processing loop iteration 29220
[2025-10-28 15:31:32] [STDERR] 2025-10-28 15:31:32,080 - gleitzeit.workers.signal_worker - INFO - Signal processing loop iteration 29240
[2025-10-28 15:31:42] [STDERR] 2025-10-28 15:31:42,211 - gleitzeit.workers.signal_worker - INFO - Signal processing loop iteration 29260
[2025-10-28 15:31:52] [STDERR] 2025-10-28 15:31:52,435 - gleitzeit.workers.signal_worker - INFO - Signal processing loop iteration 29280
[2025-10-28 15:47:03] [STDERR] 2025-10-28 15:47:03,813 - gleitzeit.workers.signal_worker - INFO - Signal processing loop iteration 29300
[2025-10-28 15:47:13] [STDERR] 2025-10-28 15:47:13,953 - gleitzeit.workers.signal_worker - INFO - Signal processing loop iteration 29320
[2025-10-28 16:01:43] [STDERR] 2025-10-28 16:01:43,630 - gleitzeit.workers.signal_worker - INFO - Signal processing loop iteration 29340
[2025-10-28 16:01:53] [STDERR] 2025-10-28 16:01:53,770 - gleitzeit.workers.signal_worker - INFO - Signal processing loop iteration 29360
[2025-10-28 16:17:03] [STDERR] 2025-10-28 16:17:03,871 - gleitzeit.workers.signal_worker - INFO - Signal processing loop iteration 29380
[2025-10-28 16:17:05] [STDERR] 2025-10-28 16:17:05,662 - gleitzeit.core.leader_election - INFO - Worker signal-async lost leadership for {shard:0}:global:signal:leader
[2025-10-28 16:17:05] [STDERR] 2025-10-28 16:17:05,663 - gleitzeit.workers.signal_worker - INFO - Worker signal-async lost signal leadership
[2025-10-28 16:17:13] [STDERR] 2025-10-28 16:17:13,931 - gleitzeit.workers.signal_worker - INFO - Signal processing loop iteration 29400
[2025-10-28 16:17:23] [STDERR] 2025-10-28 16:17:23,969 - gleitzeit.workers.signal_worker - INFO - Signal processing loop iteration 29420
[2025-10-28 16:32:29] [STDERR] 2025-10-28 16:32:29,562 - gleitzeit.core.leader_election - INFO - Worker signal-async became leader for {shard:0}:global:signal:leader
[2025-10-28 16:32:29] [STDERR] 2025-10-28 16:32:29,562 - gleitzeit.workers.signal_worker - INFO - Worker signal-async became signal leader
[2025-10-28 16:32:34] [STDERR] 2025-10-28 16:32:34,148 - gleitzeit.workers.signal_worker - INFO - Signal processing loop iteration 29440
[2025-10-28 16:32:44] [STDERR] 2025-10-28 16:32:44,290 - gleitzeit.workers.signal_worker - INFO - Signal processing loop iteration 29460
[2025-10-28 16:47:54] [STDERR] 2025-10-28 16:47:54,582 - gleitzeit.workers.signal_worker - INFO - Signal processing loop iteration 29480
[2025-10-28 16:47:56] [STDERR] 2025-10-28 16:47:56,618 - gleitzeit.core.leader_election - INFO - Worker signal-async lost leadership for {shard:0}:global:signal:leader
[2025-10-28 16:47:56] [STDERR] 2025-10-28 16:47:56,619 - gleitzeit.workers.signal_worker - INFO - Worker signal-async lost signal leadership
[2025-10-28 16:48:04] [STDERR] 2025-10-28 16:48:04,707 - gleitzeit.workers.signal_worker - INFO - Signal processing loop iteration 29500
[2025-10-28 16:48:14] [STDERR] 2025-10-28 16:48:14,748 - gleitzeit.workers.signal_worker - INFO - Signal processing loop iteration 29520
[2025-10-28 17:03:21] [STDERR] 2025-10-28 17:03:21,189 - gleitzeit.core.leader_election - INFO - Worker signal-async became leader for {shard:0}:global:signal:leader
[2025-10-28 17:03:21] [STDERR] 2025-10-28 17:03:21,189 - gleitzeit.workers.signal_worker - INFO - Worker signal-async became signal leader
[2025-10-28 17:03:25] [STDERR] 2025-10-28 17:03:25,532 - gleitzeit.workers.signal_worker - INFO - Signal processing loop iteration 29540
[2025-10-28 17:03:35] [STDERR] 2025-10-28 17:03:35,664 - gleitzeit.workers.signal_worker - INFO - Signal processing loop iteration 29560
[2025-10-28 17:18:45] [STDERR] 2025-10-28 17:18:45,680 - gleitzeit.workers.signal_worker - INFO - Signal processing loop iteration 29580
[2025-10-28 17:18:55] [STDERR] 2025-10-28 17:18:55,909 - gleitzeit.workers.signal_worker - INFO - Signal processing loop iteration 29600
[2025-10-28 17:19:06] [STDERR] 2025-10-28 17:19:06,180 - gleitzeit.workers.signal_worker - INFO - Signal processing loop iteration 29620
[2025-10-28 17:19:17] [STDERR] 2025-10-28 17:19:17,215 - gleitzeit.workers.signal_worker - INFO - Signal processing loop iteration 29640
[2025-10-28 17:34:27] [STDERR] 2025-10-28 17:34:27,302 - gleitzeit.workers.signal_worker - INFO - Signal processing loop iteration 29660
[2025-10-28 17:34:37] [STDERR] 2025-10-28 17:34:37,531 - gleitzeit.workers.signal_worker - INFO - Signal processing loop iteration 29680
[2025-10-28 17:49:46] [STDERR] 2025-10-28 17:49:46,125 - gleitzeit.core.leader_election - INFO - Worker signal-async lost leadership for {shard:0}:global:signal:leader
[2025-10-28 17:49:46] [STDERR] 2025-10-28 17:49:46,125 - gleitzeit.workers.signal_worker - INFO - Worker signal-async lost signal leadership
[2025-10-28 17:49:47] [STDERR] 2025-10-28 17:49:47,579 - gleitzeit.workers.signal_worker - INFO - Signal processing loop iteration 29700
[2025-10-28 17:49:57] [STDERR] 2025-10-28 17:49:57,618 - gleitzeit.workers.signal_worker - INFO - Signal processing loop iteration 29720
[2025-10-28 17:50:07] [STDERR] 2025-10-28 17:50:07,656 - gleitzeit.workers.signal_worker - INFO - Signal processing loop iteration 29740
[2025-10-28 18:05:10] [STDERR] 2025-10-28 18:05:10,803 - gleitzeit.core.leader_election - INFO - Worker signal-async became leader for {shard:0}:global:signal:leader
[2025-10-28 18:05:10] [STDERR] 2025-10-28 18:05:10,803 - gleitzeit.workers.signal_worker - INFO - Worker signal-async became signal leader
[2025-10-28 18:05:18] [STDERR] 2025-10-28 18:05:18,426 - gleitzeit.workers.signal_worker - INFO - Signal processing loop iteration 29760
[2025-10-28 18:05:28] [STDERR] 2025-10-28 18:05:28,567 - gleitzeit.workers.signal_worker - INFO - Signal processing loop iteration 29780
[2025-10-28 18:20:38] [STDERR] 2025-10-28 18:20:38,438 - gleitzeit.core.leader_election - INFO - Worker signal-async lost leadership for {shard:0}:global:signal:leader
[2025-10-28 18:20:38] [STDERR] 2025-10-28 18:20:38,438 - gleitzeit.workers.signal_worker - INFO - Worker signal-async lost signal leadership
[2025-10-28 18:20:39] [STDERR] 2025-10-28 18:20:39,358 - gleitzeit.workers.signal_worker - INFO - Signal processing loop iteration 29800
[2025-10-28 18:20:49] [STDERR] 2025-10-28 18:20:49,404 - gleitzeit.workers.signal_worker - INFO - Signal processing loop iteration 29820
[2025-10-28 18:20:59] [STDERR] 2025-10-28 18:20:59,447 - gleitzeit.workers.signal_worker - INFO - Signal processing loop iteration 29840
[2025-10-28 18:31:29] [STDERR] 2025-10-28 18:31:29,641 - gleitzeit.core.leader_election - INFO - Worker signal-async became leader for {shard:0}:global:signal:leader
[2025-10-28 18:31:29] [STDERR] 2025-10-28 18:31:29,641 - gleitzeit.workers.signal_worker - INFO - Worker signal-async became signal leader
[2025-10-28 18:31:36] [STDERR] 2025-10-28 18:31:36,722 - gleitzeit.workers.signal_worker - INFO - Signal processing loop iteration 29860
[2025-10-28 18:31:46] [STDERR] 2025-10-28 18:31:46,863 - gleitzeit.workers.signal_worker - INFO - Signal processing loop iteration 29880
[2025-10-28 18:46:53] [STDERR] 2025-10-28 18:46:53,686 - gleitzeit.core.leader_election - INFO - Worker signal-async lost leadership for {shard:0}:global:signal:leader
[2025-10-28 18:46:53] [STDERR] 2025-10-28 18:46:53,686 - gleitzeit.workers.signal_worker - INFO - Worker signal-async lost signal leadership
[2025-10-28 18:46:56] [STDERR] 2025-10-28 18:46:56,997 - gleitzeit.workers.signal_worker - INFO - Signal processing loop iteration 29900
[2025-10-28 18:47:07] [STDERR] 2025-10-28 18:47:07,029 - gleitzeit.workers.signal_worker - INFO - Signal processing loop iteration 29920
[2025-10-28 18:47:17] [STDERR] 2025-10-28 18:47:17,065 - gleitzeit.workers.signal_worker - INFO - Signal processing loop iteration 29940
[2025-10-28 19:02:17] [STDERR] 2025-10-28 19:02:17,653 - gleitzeit.core.leader_election - INFO - Worker signal-async became leader for {shard:0}:global:signal:leader
[2025-10-28 19:02:17] [STDERR] 2025-10-28 19:02:17,653 - gleitzeit.workers.signal_worker - INFO - Worker signal-async became signal leader
[2025-10-28 19:02:27] [STDERR] 2025-10-28 19:02:27,251 - gleitzeit.workers.signal_worker - INFO - Signal processing loop iteration 29960
[2025-10-28 19:02:37] [STDERR] 2025-10-28 19:02:37,392 - gleitzeit.workers.signal_worker - INFO - Signal processing loop iteration 29980
[2025-10-28 19:16:43] [STDERR] 2025-10-28 19:16:43,248 - gleitzeit.core.leader_election - INFO - Worker signal-async lost leadership for {shard:0}:global:signal:leader
[2025-10-28 19:16:43] [STDERR] 2025-10-28 19:16:43,248 - gleitzeit.workers.signal_worker - INFO - Worker signal-async lost signal leadership
[2025-10-28 19:16:46] [STDERR] 2025-10-28 19:16:46,047 - gleitzeit.workers.signal_worker - INFO - Signal processing loop iteration 30000
[2025-10-28 19:16:56] [STDERR] 2025-10-28 19:16:56,082 - gleitzeit.workers.signal_worker - INFO - Signal processing loop iteration 30020
[2025-10-28 19:17:06] [STDERR] 2025-10-28 19:17:06,124 - gleitzeit.workers.signal_worker - INFO - Signal processing loop iteration 30040
[2025-10-28 19:32:10] [STDERR] 2025-10-28 19:32:10,562 - gleitzeit.core.leader_election - INFO - Worker signal-async became leader for {shard:0}:global:signal:leader
[2025-10-28 19:32:10] [STDERR] 2025-10-28 19:32:10,562 - gleitzeit.workers.signal_worker - INFO - Worker signal-async became signal leader
[2025-10-28 19:32:16] [STDERR] 2025-10-28 19:32:16,111 - gleitzeit.workers.signal_worker - INFO - Signal processing loop iteration 30060
[2025-10-28 19:32:26] [STDERR] 2025-10-28 19:32:26,369 - gleitzeit.workers.signal_worker - INFO - Signal processing loop iteration 30080
[2025-10-28 19:47:36] [STDERR] 2025-10-28 19:47:36,771 - gleitzeit.workers.signal_worker - INFO - Signal processing loop iteration 30100
[2025-10-28 19:47:37] [STDERR] 2025-10-28 19:47:37,867 - gleitzeit.core.leader_election - INFO - Worker signal-async lost leadership for {shard:0}:global:signal:leader
[2025-10-28 19:47:37] [STDERR] 2025-10-28 19:47:37,867 - gleitzeit.workers.signal_worker - INFO - Worker signal-async lost signal leadership
[2025-10-28 19:47:46] [STDERR] 2025-10-28 19:47:46,843 - gleitzeit.workers.signal_worker - INFO - Signal processing loop iteration 30120
[2025-10-28 19:47:56] [STDERR] 2025-10-28 19:47:56,889 - gleitzeit.workers.signal_worker - INFO - Signal processing loop iteration 30140
[2025-10-28 19:48:11] [STDERR] 2025-10-28 19:48:11,736 - gleitzeit.workers.signal_worker - INFO - Signal processing loop iteration 30160
[2025-10-28 19:54:03] [STDERR] 2025-10-28 19:54:03,444 - gleitzeit.workers.signal_worker - INFO - Signal processing loop iteration 30180
[2025-10-28 19:54:13] [STDERR] 2025-10-28 19:54:13,513 - gleitzeit.workers.signal_worker - INFO - Signal processing loop iteration 30200
[2025-10-28 19:54:23] [STDERR] 2025-10-28 19:54:23,556 - gleitzeit.workers.signal_worker - INFO - Signal processing loop iteration 30220
[2025-10-28 20:09:34] [STDERR] 2025-10-28 20:09:34,342 - gleitzeit.workers.signal_worker - INFO - Signal processing loop iteration 30240
[2025-10-28 20:09:44] [STDERR] 2025-10-28 20:09:44,369 - gleitzeit.workers.signal_worker - INFO - Signal processing loop iteration 30260
[2025-10-28 20:09:54] [STDERR] 2025-10-28 20:09:54,402 - gleitzeit.workers.signal_worker - INFO - Signal processing loop iteration 30280
[2025-10-28 20:24:55] [STDERR] 2025-10-28 20:24:55,492 - gleitzeit.core.leader_election - INFO - Worker signal-async became leader for {shard:0}:global:signal:leader
[2025-10-28 20:24:55] [STDERR] 2025-10-28 20:24:55,492 - gleitzeit.workers.signal_worker - INFO - Worker signal-async became signal leader
[2025-10-28 20:25:05] [STDERR] 2025-10-28 20:25:05,023 - gleitzeit.workers.signal_worker - INFO - Signal processing loop iteration 30300
[2025-10-28 20:25:15] [STDERR] 2025-10-28 20:25:15,270 - gleitzeit.workers.signal_worker - INFO - Signal processing loop iteration 30320
[2025-10-28 20:40:23] [STDERR] 2025-10-28 20:40:23,017 - gleitzeit.core.leader_election - INFO - Worker signal-async lost leadership for {shard:0}:global:signal:leader
[2025-10-28 20:40:23] [STDERR] 2025-10-28 20:40:23,017 - gleitzeit.workers.signal_worker - INFO - Worker signal-async lost signal leadership
[2025-10-28 20:40:25] [STDERR] 2025-10-28 20:40:25,992 - gleitzeit.workers.signal_worker - INFO - Signal processing loop iteration 30340
[2025-10-28 20:40:36] [STDERR] 2025-10-28 20:40:36,042 - gleitzeit.workers.signal_worker - INFO - Signal processing loop iteration 30360
[2025-10-28 20:40:46] [STDERR] 2025-10-28 20:40:46,091 - gleitzeit.workers.signal_worker - INFO - Signal processing loop iteration 30380
[2025-10-28 20:55:47] [STDERR] 2025-10-28 20:55:47,376 - gleitzeit.core.leader_election - INFO - Worker signal-async became leader for {shard:0}:global:signal:leader
[2025-10-28 20:55:47] [STDERR] 2025-10-28 20:55:47,376 - gleitzeit.workers.signal_worker - INFO - Worker signal-async became signal leader
[2025-10-28 20:55:56] [STDERR] 2025-10-28 20:55:56,548 - gleitzeit.workers.signal_worker - INFO - Signal processing loop iteration 30400
[2025-10-28 20:56:06] [STDERR] 2025-10-28 20:56:06,711 - gleitzeit.workers.signal_worker - INFO - Signal processing loop iteration 30420
[2025-10-28 20:56:19] [STDERR] 2025-10-28 20:56:19,520 - gleitzeit.workers.signal_worker - INFO - Signal processing loop iteration 30440
[2025-10-28 21:11:29] [STDERR] 2025-10-28 21:11:29,549 - gleitzeit.workers.signal_worker - INFO - Signal processing loop iteration 30460
[2025-10-28 21:11:39] [STDERR] 2025-10-28 21:11:39,702 - gleitzeit.workers.signal_worker - INFO - Signal processing loop iteration 30480
[2025-10-28 21:11:49] [STDERR] 2025-10-28 21:11:49,850 - gleitzeit.workers.signal_worker - INFO - Signal processing loop iteration 30500
[2025-10-28 21:26:52] [STDERR] 2025-10-28 21:26:52,827 - gleitzeit.core.leader_election - INFO - Worker signal-async lost leadership for {shard:0}:global:signal:leader
[2025-10-28 21:26:52] [STDERR] 2025-10-28 21:26:52,827 - gleitzeit.workers.signal_worker - INFO - Worker signal-async lost signal leadership
[2025-10-28 21:27:00] [STDERR] 2025-10-28 21:27:00,265 - gleitzeit.workers.signal_worker - INFO - Signal processing loop iteration 30520
[2025-10-28 21:27:10] [STDERR] 2025-10-28 21:27:10,303 - gleitzeit.workers.signal_worker - INFO - Signal processing loop iteration 30540
[2025-10-28 21:42:17] [STDERR] 2025-10-28 21:42:17,725 - gleitzeit.core.leader_election - INFO - Worker signal-async became leader for {shard:0}:global:signal:leader
[2025-10-28 21:42:17] [STDERR] 2025-10-28 21:42:17,725 - gleitzeit.workers.signal_worker - INFO - Worker signal-async became signal leader
[2025-10-28 21:42:21] [STDERR] 2025-10-28 21:42:21,266 - gleitzeit.workers.signal_worker - INFO - Signal processing loop iteration 30560
[2025-10-28 21:42:31] [STDERR] 2025-10-28 21:42:31,411 - gleitzeit.workers.signal_worker - INFO - Signal processing loop iteration 30580
[2025-10-28 21:42:41] [STDERR] 2025-10-28 21:42:41,546 - gleitzeit.workers.signal_worker - INFO - Signal processing loop iteration 30600
[2025-10-28 21:55:11] [STDERR] 2025-10-28 21:55:11,100 - gleitzeit.workers.signal_worker - INFO - Signal processing loop iteration 30620
[2025-10-28 21:55:21] [STDERR] 2025-10-28 21:55:21,245 - gleitzeit.workers.signal_worker - INFO - Signal processing loop iteration 30640
[2025-10-28 22:10:32] [STDERR] 2025-10-28 22:10:32,090 - gleitzeit.workers.signal_worker - INFO - Signal processing loop iteration 30660
[2025-10-28 22:10:42] [STDERR] 2025-10-28 22:10:42,235 - gleitzeit.workers.signal_worker - INFO - Signal processing loop iteration 30680
[2025-10-28 22:25:53] [STDERR] 2025-10-28 22:25:53,340 - gleitzeit.workers.signal_worker - INFO - Signal processing loop iteration 30700
[2025-10-28 22:26:03] [STDERR] 2025-10-28 22:26:03,506 - gleitzeit.workers.signal_worker - INFO - Signal processing loop iteration 30720
[2025-10-28 22:26:13] [STDERR] 2025-10-28 22:26:13,659 - gleitzeit.workers.signal_worker - INFO - Signal processing loop iteration 30740
[2025-10-28 22:41:23] [STDERR] 2025-10-28 22:41:23,801 - gleitzeit.workers.signal_worker - INFO - Signal processing loop iteration 30760
[2025-10-28 22:41:33] [STDERR] 2025-10-28 22:41:33,943 - gleitzeit.workers.signal_worker - INFO - Signal processing loop iteration 30780
[2025-10-28 22:56:41] [STDERR] 2025-10-28 22:56:41,764 - gleitzeit.core.leader_election - INFO - Worker signal-async lost leadership for {shard:0}:global:signal:leader
[2025-10-28 22:56:41] [STDERR] 2025-10-28 22:56:41,765 - gleitzeit.workers.signal_worker - INFO - Worker signal-async lost signal leadership
[2025-10-28 22:56:44] [STDERR] 2025-10-28 22:56:44,116 - gleitzeit.workers.signal_worker - INFO - Signal processing loop iteration 30800
[2025-10-28 22:56:54] [STDERR] 2025-10-28 22:56:54,144 - gleitzeit.workers.signal_worker - INFO - Signal processing loop iteration 30820
[2025-10-28 22:57:04] [STDERR] 2025-10-28 22:57:04,176 - gleitzeit.workers.signal_worker - INFO - Signal processing loop iteration 30840
[2025-10-28 23:12:06] [STDERR] 2025-10-28 23:12:06,063 - gleitzeit.core.leader_election - INFO - Worker signal-async became leader for {shard:0}:global:signal:leader
[2025-10-28 23:12:06] [STDERR] 2025-10-28 23:12:06,064 - gleitzeit.workers.signal_worker - INFO - Worker signal-async became signal leader
[2025-10-28 23:12:14] [STDERR] 2025-10-28 23:12:14,653 - gleitzeit.workers.signal_worker - INFO - Signal processing loop iteration 30860
[2025-10-28 23:12:24] [STDERR] 2025-10-28 23:12:24,791 - gleitzeit.workers.signal_worker - INFO - Signal processing loop iteration 30880
[2025-10-28 23:27:35] [STDERR] 2025-10-28 23:27:35,537 - gleitzeit.workers.signal_worker - INFO - Signal processing loop iteration 30900
[2025-10-28 23:27:45] [STDERR] 2025-10-28 23:27:45,682 - gleitzeit.workers.signal_worker - INFO - Signal processing loop iteration 30920
[2025-10-28 23:27:55] [STDERR] 2025-10-28 23:27:55,828 - gleitzeit.workers.signal_worker - INFO - Signal processing loop iteration 30940
[2025-10-28 23:42:57] [STDERR] 2025-10-28 23:42:57,655 - gleitzeit.core.leader_election - INFO - Worker signal-async lost leadership for {shard:0}:global:signal:leader
[2025-10-28 23:42:57] [STDERR] 2025-10-28 23:42:57,655 - gleitzeit.workers.signal_worker - INFO - Worker signal-async lost signal leadership
[2025-10-28 23:43:05] [STDERR] 2025-10-28 23:43:05,807 - gleitzeit.workers.signal_worker - INFO - Signal processing loop iteration 30960
[2025-10-28 23:43:15] [STDERR] 2025-10-28 23:43:15,844 - gleitzeit.workers.signal_worker - INFO - Signal processing loop iteration 30980
[2025-10-28 23:58:26] [STDERR] 2025-10-28 23:58:26,684 - gleitzeit.workers.signal_worker - INFO - Signal processing loop iteration 31000
[2025-10-28 23:58:36] [STDERR] 2025-10-28 23:58:36,714 - gleitzeit.workers.signal_worker - INFO - Signal processing loop iteration 31020
[2025-10-28 23:58:46] [STDERR] 2025-10-28 23:58:46,745 - gleitzeit.workers.signal_worker - INFO - Signal processing loop iteration 31040
[2025-10-29 00:13:56] [STDERR] 2025-10-29 00:13:56,825 - gleitzeit.workers.signal_worker - INFO - Signal processing loop iteration 31060
[2025-10-29 00:14:06] [STDERR] 2025-10-29 00:14:06,867 - gleitzeit.workers.signal_worker - INFO - Signal processing loop iteration 31080
[2025-10-29 00:29:16] [STDERR] 2025-10-29 00:29:16,803 - gleitzeit.workers.signal_worker - INFO - Signal processing loop iteration 31100
[2025-10-29 00:29:26] [STDERR] 2025-10-29 00:29:26,851 - gleitzeit.workers.signal_worker - INFO - Signal processing loop iteration 31120
[2025-10-29 00:29:36] [STDERR] 2025-10-29 00:29:36,897 - gleitzeit.workers.signal_worker - INFO - Signal processing loop iteration 31140
[2025-10-29 00:44:46] [STDERR] 2025-10-29 00:44:46,914 - gleitzeit.workers.signal_worker - INFO - Signal processing loop iteration 31160
[2025-10-29 00:44:56] [STDERR] 2025-10-29 00:44:56,962 - gleitzeit.workers.signal_worker - INFO - Signal processing loop iteration 31180
[2025-10-29 01:00:07] [STDERR] 2025-10-29 01:00:07,595 - gleitzeit.workers.signal_worker - INFO - Signal processing loop iteration 31200
[2025-10-29 01:00:17] [STDERR] 2025-10-29 01:00:17,639 - gleitzeit.workers.signal_worker - INFO - Signal processing loop iteration 31220
[2025-10-29 01:00:27] [STDERR] 2025-10-29 01:00:27,682 - gleitzeit.workers.signal_worker - INFO - Signal processing loop iteration 31240
[2025-10-29 01:15:38] [STDERR] 2025-10-29 01:15:38,446 - gleitzeit.workers.signal_worker - INFO - Signal processing loop iteration 31260
[2025-10-29 01:15:48] [STDERR] 2025-10-29 01:15:48,473 - gleitzeit.workers.signal_worker - INFO - Signal processing loop iteration 31280
[2025-10-29 01:15:58] [STDERR] 2025-10-29 01:15:58,507 - gleitzeit.workers.signal_worker - INFO - Signal processing loop iteration 31300
[2025-10-29 01:31:00] [STDERR] 2025-10-29 01:31:00,700 - gleitzeit.core.leader_election - INFO - Worker signal-async became leader for {shard:0}:global:signal:leader
[2025-10-29 01:31:00] [STDERR] 2025-10-29 01:31:00,700 - gleitzeit.workers.signal_worker - INFO - Worker signal-async became signal leader
[2025-10-29 01:31:09] [STDERR] 2025-10-29 01:31:09,346 - gleitzeit.workers.signal_worker - INFO - Signal processing loop iteration 31320
[2025-10-29 01:31:19] [STDERR] 2025-10-29 01:31:19,486 - gleitzeit.workers.signal_worker - INFO - Signal processing loop iteration 31340
[2025-10-29 01:46:28] [STDERR] 2025-10-29 01:46:28,455 - gleitzeit.core.leader_election - INFO - Worker signal-async lost leadership for {shard:0}:global:signal:leader
[2025-10-29 01:46:28] [STDERR] 2025-10-29 01:46:28,456 - gleitzeit.workers.signal_worker - INFO - Worker signal-async lost signal leadership
[2025-10-29 01:46:30] [STDERR] 2025-10-29 01:46:30,465 - gleitzeit.workers.signal_worker - INFO - Signal processing loop iteration 31360
[2025-10-29 01:46:40] [STDERR] 2025-10-29 01:46:40,499 - gleitzeit.workers.signal_worker - INFO - Signal processing loop iteration 31380
[2025-10-29 02:01:50] [STDERR] 2025-10-29 02:01:50,443 - gleitzeit.workers.signal_worker - INFO - Signal processing loop iteration 31400
[2025-10-29 02:01:52] [STDERR] 2025-10-29 02:01:52,425 - gleitzeit.core.leader_election - INFO - Worker signal-async became leader for {shard:0}:global:signal:leader
[2025-10-29 02:01:52] [STDERR] 2025-10-29 02:01:52,425 - gleitzeit.workers.signal_worker - INFO - Worker signal-async became signal leader
[2025-10-29 02:02:00] [STDERR] 2025-10-29 02:02:00,552 - gleitzeit.workers.signal_worker - INFO - Signal processing loop iteration 31420
[2025-10-29 02:02:10] [STDERR] 2025-10-29 02:02:10,704 - gleitzeit.workers.signal_worker - INFO - Signal processing loop iteration 31440
[2025-10-29 02:17:21] [STDERR] 2025-10-29 02:17:21,539 - gleitzeit.workers.signal_worker - INFO - Signal processing loop iteration 31460
[2025-10-29 02:17:31] [STDERR] 2025-10-29 02:17:31,657 - gleitzeit.workers.signal_worker - INFO - Signal processing loop iteration 31480
[2025-10-29 02:32:42] [STDERR] 2025-10-29 02:32:42,389 - gleitzeit.workers.signal_worker - INFO - Signal processing loop iteration 31500
[2025-10-29 02:32:44] [STDERR] 2025-10-29 02:32:44,963 - gleitzeit.core.leader_election - INFO - Worker signal-async lost leadership for {shard:0}:global:signal:leader
[2025-10-29 02:32:44] [STDERR] 2025-10-29 02:32:44,963 - gleitzeit.workers.signal_worker - INFO - Worker signal-async lost signal leadership
[2025-10-29 02:32:52] [STDERR] 2025-10-29 02:32:52,490 - gleitzeit.workers.signal_worker - INFO - Signal processing loop iteration 31520
[2025-10-29 02:33:02] [STDERR] 2025-10-29 02:33:02,529 - gleitzeit.workers.signal_worker - INFO - Signal processing loop iteration 31540
[2025-10-29 02:44:30] [STDERR] 2025-10-29 02:44:30,624 - gleitzeit.core.leader_election - INFO - Worker signal-async became leader for {shard:0}:global:signal:leader
[2025-10-29 02:44:30] [STDERR] 2025-10-29 02:44:30,624 - gleitzeit.workers.signal_worker - INFO - Worker signal-async became signal leader
[2025-10-29 02:44:34] [STDERR] 2025-10-29 02:44:34,303 - gleitzeit.workers.signal_worker - INFO - Signal processing loop iteration 31560
[2025-10-29 02:44:44] [STDERR] 2025-10-29 02:44:44,439 - gleitzeit.workers.signal_worker - INFO - Signal processing loop iteration 31580
[2025-10-29 02:59:54] [STDERR] 2025-10-29 02:59:54,805 - gleitzeit.workers.signal_worker - INFO - Signal processing loop iteration 31600
[2025-10-29 03:00:04] [STDERR] 2025-10-29 03:00:04,935 - gleitzeit.workers.signal_worker - INFO - Signal processing loop iteration 31620
[2025-10-29 03:00:15] [STDERR] 2025-10-29 03:00:15,064 - gleitzeit.workers.signal_worker - INFO - Signal processing loop iteration 31640
[2025-10-29 03:15:25] [STDERR] 2025-10-29 03:15:25,798 - gleitzeit.workers.signal_worker - INFO - Signal processing loop iteration 31660
[2025-10-29 03:15:35] [STDERR] 2025-10-29 03:15:35,918 - gleitzeit.workers.signal_worker - INFO - Signal processing loop iteration 31680
[2025-10-29 03:30:43] [STDERR] 2025-10-29 03:30:43,555 - gleitzeit.core.leader_election - INFO - Worker signal-async lost leadership for {shard:0}:global:signal:leader
[2025-10-29 03:30:43] [STDERR] 2025-10-29 03:30:43,556 - gleitzeit.workers.signal_worker - INFO - Worker signal-async lost signal leadership
[2025-10-29 03:30:45] [STDERR] 2025-10-29 03:30:45,920 - gleitzeit.workers.signal_worker - INFO - Signal processing loop iteration 31700
[2025-10-29 03:30:55] [STDERR] 2025-10-29 03:30:55,958 - gleitzeit.workers.signal_worker - INFO - Signal processing loop iteration 31720
[2025-10-29 03:31:05] [STDERR] 2025-10-29 03:31:05,997 - gleitzeit.workers.signal_worker - INFO - Signal processing loop iteration 31740
[2025-10-29 03:46:16] [STDERR] 2025-10-29 03:46:16,012 - gleitzeit.workers.signal_worker - INFO - Signal processing loop iteration 31760
[2025-10-29 03:46:26] [STDERR] 2025-10-29 03:46:26,056 - gleitzeit.workers.signal_worker - INFO - Signal processing loop iteration 31780
[2025-10-29 04:01:36] [STDERR] 2025-10-29 04:01:36,815 - gleitzeit.workers.signal_worker - INFO - Signal processing loop iteration 31800
[2025-10-29 04:01:46] [STDERR] 2025-10-29 04:01:46,910 - gleitzeit.workers.signal_worker - INFO - Signal processing loop iteration 31820
[2025-10-29 04:01:56] [STDERR] 2025-10-29 04:01:56,953 - gleitzeit.workers.signal_worker - INFO - Signal processing loop iteration 31840
[2025-10-29 04:17:07] [STDERR] 2025-10-29 04:17:07,575 - gleitzeit.workers.signal_worker - INFO - Signal processing loop iteration 31860
[2025-10-29 04:17:17] [STDERR] 2025-10-29 04:17:17,629 - gleitzeit.workers.signal_worker - INFO - Signal processing loop iteration 31880
[2025-10-29 04:32:28] [STDERR] 2025-10-29 04:32:28,240 - gleitzeit.workers.signal_worker - INFO - Signal processing loop iteration 31900
[2025-10-29 04:32:38] [STDERR] 2025-10-29 04:32:38,286 - gleitzeit.workers.signal_worker - INFO - Signal processing loop iteration 31920
[2025-10-29 04:32:48] [STDERR] 2025-10-29 04:32:48,327 - gleitzeit.workers.signal_worker - INFO - Signal processing loop iteration 31940
[2025-10-29 04:47:52] [STDERR] 2025-10-29 04:47:52,115 - gleitzeit.core.leader_election - INFO - Worker signal-async became leader for {shard:0}:global:signal:leader
[2025-10-29 04:47:52] [STDERR] 2025-10-29 04:47:52,115 - gleitzeit.workers.signal_worker - INFO - Worker signal-async became signal leader
[2025-10-29 04:47:58] [STDERR] 2025-10-29 04:47:58,648 - gleitzeit.workers.signal_worker - INFO - Signal processing loop iteration 31960
[2025-10-29 04:48:08] [STDERR] 2025-10-29 04:48:08,760 - gleitzeit.workers.signal_worker - INFO - Signal processing loop iteration 31980
[2025-10-29 05:03:19] [STDERR] 2025-10-29 05:03:19,815 - gleitzeit.workers.signal_worker - INFO - Signal processing loop iteration 32000
[2025-10-29 05:03:29] [STDERR] 2025-10-29 05:03:29,920 - gleitzeit.workers.signal_worker - INFO - Signal processing loop iteration 32020
[2025-10-29 05:03:40] [STDERR] 2025-10-29 05:03:40,031 - gleitzeit.workers.signal_worker - INFO - Signal processing loop iteration 32040
[2025-10-29 05:18:44] [STDERR] 2025-10-29 05:18:44,393 - gleitzeit.core.leader_election - INFO - Worker signal-async lost leadership for {shard:0}:global:signal:leader
[2025-10-29 05:18:44] [STDERR] 2025-10-29 05:18:44,393 - gleitzeit.workers.signal_worker - INFO - Worker signal-async lost signal leadership
[2025-10-29 05:18:50] [STDERR] 2025-10-29 05:18:50,674 - gleitzeit.workers.signal_worker - INFO - Signal processing loop iteration 32060
[2025-10-29 05:19:00] [STDERR] 2025-10-29 05:19:00,706 - gleitzeit.workers.signal_worker - INFO - Signal processing loop iteration 32080
[2025-10-29 05:34:10] [STDERR] 2025-10-29 05:34:10,720 - gleitzeit.workers.signal_worker - INFO - Signal processing loop iteration 32100
[2025-10-29 05:34:20] [STDERR] 2025-10-29 05:34:20,764 - gleitzeit.workers.signal_worker - INFO - Signal processing loop iteration 32120
[2025-10-29 05:34:30] [STDERR] 2025-10-29 05:34:30,807 - gleitzeit.workers.signal_worker - INFO - Signal processing loop iteration 32140
[2025-10-29 05:41:04] [STDERR] 2025-10-29 05:41:04,487 - gleitzeit.workers.signal_worker - INFO - Signal processing loop iteration 32160
[2025-10-29 05:41:14] [STDERR] 2025-10-29 05:41:14,526 - gleitzeit.workers.signal_worker - INFO - Signal processing loop iteration 32180
[2025-10-29 05:56:24] [STDERR] 2025-10-29 05:56:24,465 - gleitzeit.workers.signal_worker - INFO - Signal processing loop iteration 32200
[2025-10-29 05:56:34] [STDERR] 2025-10-29 05:56:34,515 - gleitzeit.workers.signal_worker - INFO - Signal processing loop iteration 32220
[2025-10-29 05:56:44] [STDERR] 2025-10-29 05:56:44,561 - gleitzeit.workers.signal_worker - INFO - Signal processing loop iteration 32240
[2025-10-29 06:11:54] [STDERR] 2025-10-29 06:11:54,539 - gleitzeit.workers.signal_worker - INFO - Signal processing loop iteration 32260
[2025-10-29 06:12:04] [STDERR] 2025-10-29 06:12:04,586 - gleitzeit.workers.signal_worker - INFO - Signal processing loop iteration 32280
[2025-10-29 06:27:15] [STDERR] 2025-10-29 06:27:15,458 - gleitzeit.workers.signal_worker - INFO - Signal processing loop iteration 32300
[2025-10-29 06:27:25] [STDERR] 2025-10-29 06:27:25,488 - gleitzeit.workers.signal_worker - INFO - Signal processing loop iteration 32320
[2025-10-29 06:27:35] [STDERR] 2025-10-29 06:27:35,524 - gleitzeit.workers.signal_worker - INFO - Signal processing loop iteration 32340
[2025-10-29 06:42:45] [STDERR] 2025-10-29 06:42:45,966 - gleitzeit.workers.signal_worker - INFO - Signal processing loop iteration 32360
[2025-10-29 06:42:56] [STDERR] 2025-10-29 06:42:56,005 - gleitzeit.workers.signal_worker - INFO - Signal processing loop iteration 32380
[2025-10-29 06:58:05] [STDERR] 2025-10-29 06:58:05,933 - gleitzeit.workers.signal_worker - INFO - Signal processing loop iteration 32400
[2025-10-29 06:58:15] [STDERR] 2025-10-29 06:58:15,966 - gleitzeit.workers.signal_worker - INFO - Signal processing loop iteration 32420
[2025-10-29 06:58:26] [STDERR] 2025-10-29 06:58:26,001 - gleitzeit.workers.signal_worker - INFO - Signal processing loop iteration 32440
[2025-10-29 07:13:36] [STDERR] 2025-10-29 07:13:36,023 - gleitzeit.workers.signal_worker - INFO - Signal processing loop iteration 32460
[2025-10-29 07:13:46] [STDERR] 2025-10-29 07:13:46,066 - gleitzeit.workers.signal_worker - INFO - Signal processing loop iteration 32480
[2025-10-29 07:28:56] [STDERR] 2025-10-29 07:28:56,804 - gleitzeit.workers.signal_worker - INFO - Signal processing loop iteration 32500
[2025-10-29 07:29:06] [STDERR] 2025-10-29 07:29:06,852 - gleitzeit.workers.signal_worker - INFO - Signal processing loop iteration 32520
[2025-10-29 07:29:16] [STDERR] 2025-10-29 07:29:16,895 - gleitzeit.workers.signal_worker - INFO - Signal processing loop iteration 32540
[2025-10-29 07:42:02] [STDERR] 2025-10-29 07:42:02,736 - gleitzeit.workers.signal_worker - INFO - Signal processing loop iteration 32560
[2025-10-29 07:42:12] [STDERR] 2025-10-29 07:42:12,780 - gleitzeit.workers.signal_worker - INFO - Signal processing loop iteration 32580
[2025-10-29 07:57:22] [STDERR] 2025-10-29 07:57:22,004 - gleitzeit.core.leader_election - INFO - Worker signal-async became leader for {shard:0}:global:signal:leader
[2025-10-29 07:57:22] [STDERR] 2025-10-29 07:57:22,004 - gleitzeit.workers.signal_worker - INFO - Worker signal-async became signal leader
[2025-10-29 07:57:22] [STDERR] 2025-10-29 07:57:22,884 - gleitzeit.workers.signal_worker - INFO - Signal processing loop iteration 32600
[2025-10-29 07:57:33] [STDERR] 2025-10-29 07:57:33,007 - gleitzeit.workers.signal_worker - INFO - Signal processing loop iteration 32620
[2025-10-29 07:57:43] [STDERR] 2025-10-29 07:57:43,125 - gleitzeit.workers.signal_worker - INFO - Signal processing loop iteration 32640
[2025-10-29 08:12:53] [STDERR] 2025-10-29 08:12:53,438 - gleitzeit.workers.signal_worker - INFO - Signal processing loop iteration 32660
[2025-10-29 08:13:03] [STDERR] 2025-10-29 08:13:03,589 - gleitzeit.workers.signal_worker - INFO - Signal processing loop iteration 32680
[2025-10-29 08:28:14] [STDERR] 2025-10-29 08:28:14,288 - gleitzeit.workers.signal_worker - INFO - Signal processing loop iteration 32700
[2025-10-29 08:28:24] [STDERR] 2025-10-29 08:28:24,400 - gleitzeit.workers.signal_worker - INFO - Signal processing loop iteration 32720
[2025-10-29 08:28:34] [STDERR] 2025-10-29 08:28:34,534 - gleitzeit.workers.signal_worker - INFO - Signal processing loop iteration 32740
[2025-10-29 08:43:05] [STDERR] 2025-10-29 08:43:05,354 - gleitzeit.workers.signal_worker - INFO - Signal processing loop iteration 32760
[2025-10-29 08:43:15] [STDERR] 2025-10-29 08:43:15,468 - gleitzeit.workers.signal_worker - INFO - Signal processing loop iteration 32780
[2025-10-29 08:58:25] [STDERR] 2025-10-29 08:58:25,476 - gleitzeit.workers.signal_worker - INFO - Signal processing loop iteration 32800
[2025-10-29 08:58:35] [STDERR] 2025-10-29 08:58:35,663 - gleitzeit.workers.signal_worker - INFO - Signal processing loop iteration 32820
[2025-10-29 08:58:45] [STDERR] 2025-10-29 08:58:45,770 - gleitzeit.workers.signal_worker - INFO - Signal processing loop iteration 32840
[2025-10-29 09:13:56] [STDERR] 2025-10-29 09:13:56,585 - gleitzeit.workers.signal_worker - INFO - Signal processing loop iteration 32860
[2025-10-29 09:14:06] [STDERR] 2025-10-29 09:14:06,705 - gleitzeit.workers.signal_worker - INFO - Signal processing loop iteration 32880
[2025-10-29 09:29:16] [STDERR] 2025-10-29 09:29:16,727 - gleitzeit.workers.signal_worker - INFO - Signal processing loop iteration 32900
[2025-10-29 09:29:26] [STDERR] 2025-10-29 09:29:26,861 - gleitzeit.workers.signal_worker - INFO - Signal processing loop iteration 32920
[2025-10-29 09:29:37] [STDERR] 2025-10-29 09:29:37,010 - gleitzeit.workers.signal_worker - INFO - Signal processing loop iteration 32940
[2025-10-29 09:44:07] [STDERR] 2025-10-29 09:44:07,875 - gleitzeit.workers.signal_worker - INFO - Signal processing loop iteration 32960
[2025-10-29 09:44:18] [STDERR] 2025-10-29 09:44:18,004 - gleitzeit.workers.signal_worker - INFO - Signal processing loop iteration 32980
[2025-10-29 09:59:23] [STDERR] 2025-10-29 09:59:23,168 - gleitzeit.core.leader_election - INFO - Worker signal-async lost leadership for {shard:0}:global:signal:leader
[2025-10-29 09:59:23] [STDERR] 2025-10-29 09:59:23,168 - gleitzeit.workers.signal_worker - INFO - Worker signal-async lost signal leadership
[2025-10-29 09:59:28] [STDERR] 2025-10-29 09:59:28,268 - gleitzeit.workers.signal_worker - INFO - Signal processing loop iteration 33000
[2025-10-29 09:59:38] [STDERR] 2025-10-29 09:59:38,313 - gleitzeit.workers.signal_worker - INFO - Signal processing loop iteration 33020
[2025-10-29 10:14:47] [STDERR] 2025-10-29 10:14:47,297 - gleitzeit.core.leader_election - INFO - Worker signal-async became leader for {shard:0}:global:signal:leader
[2025-10-29 10:14:47] [STDERR] 2025-10-29 10:14:47,298 - gleitzeit.workers.signal_worker - INFO - Worker signal-async became signal leader
[2025-10-29 10:14:48] [STDERR] 2025-10-29 10:14:48,408 - gleitzeit.workers.signal_worker - INFO - Signal processing loop iteration 33040
[2025-10-29 10:14:58] [STDERR] 2025-10-29 10:14:58,535 - gleitzeit.workers.signal_worker - INFO - Signal processing loop iteration 33060
[2025-10-29 10:15:08] [STDERR] 2025-10-29 10:15:08,650 - gleitzeit.workers.signal_worker - INFO - Signal processing loop iteration 33080
[2025-10-29 10:30:18] [STDERR] 2025-10-29 10:30:18,804 - gleitzeit.workers.signal_worker - INFO - Signal processing loop iteration 33100
[2025-10-29 10:30:28] [STDERR] 2025-10-29 10:30:28,932 - gleitzeit.workers.signal_worker - INFO - Signal processing loop iteration 33120
[2025-10-29 10:44:59] [STDERR] 2025-10-29 10:44:59,295 - gleitzeit.core.leader_election - INFO - Worker signal-async lost leadership for {shard:0}:global:signal:leader
[2025-10-29 10:44:59] [STDERR] 2025-10-29 10:44:59,295 - gleitzeit.workers.signal_worker - INFO - Worker signal-async lost signal leadership
[2025-10-29 10:45:00] [STDERR] 2025-10-29 10:45:00,265 - gleitzeit.workers.signal_worker - INFO - Signal processing loop iteration 33140
[2025-10-29 10:45:10] [STDERR] 2025-10-29 10:45:10,308 - gleitzeit.workers.signal_worker - INFO - Signal processing loop iteration 33160
[2025-10-29 10:45:20] [STDERR] 2025-10-29 10:45:20,342 - gleitzeit.workers.signal_worker - INFO - Signal processing loop iteration 33180
[2025-10-29 10:57:31] [STDERR] 2025-10-29 10:57:31,549 - gleitzeit.core.leader_election - INFO - Worker signal-async became leader for {shard:0}:global:signal:leader
[2025-10-29 10:57:31] [STDERR] 2025-10-29 10:57:31,549 - gleitzeit.workers.signal_worker - INFO - Worker signal-async became signal leader
[2025-10-29 10:57:38] [STDERR] 2025-10-29 10:57:38,750 - gleitzeit.workers.signal_worker - INFO - Signal processing loop iteration 33200
[2025-10-29 10:57:48] [STDERR] 2025-10-29 10:57:48,872 - gleitzeit.workers.signal_worker - INFO - Signal processing loop iteration 33220
[2025-10-29 11:12:52] [STDERR] 2025-10-29 11:12:52,471 - gleitzeit.core.leader_election - INFO - Worker signal-async lost leadership for {shard:0}:global:signal:leader
[2025-10-29 11:12:52] [STDERR] 2025-10-29 11:12:52,472 - gleitzeit.workers.signal_worker - INFO - Worker signal-async lost signal leadership
[2025-10-29 11:12:58] [STDERR] 2025-10-29 11:12:58,832 - gleitzeit.workers.signal_worker - INFO - Signal processing loop iteration 33240
[2025-10-29 11:13:08] [STDERR] 2025-10-29 11:13:08,855 - gleitzeit.workers.signal_worker - INFO - Signal processing loop iteration 33260
[2025-10-29 11:28:18] [STDERR] 2025-10-29 11:28:18,969 - gleitzeit.workers.signal_worker - INFO - Signal processing loop iteration 33280
[2025-10-29 11:28:19] [STDERR] 2025-10-29 11:28:19,398 - gleitzeit.core.leader_election - INFO - Worker signal-async became leader for {shard:0}:global:signal:leader
[2025-10-29 11:28:19] [STDERR] 2025-10-29 11:28:19,398 - gleitzeit.workers.signal_worker - INFO - Worker signal-async became signal leader
[2025-10-29 11:28:29] [STDERR] 2025-10-29 11:28:29,088 - gleitzeit.workers.signal_worker - INFO - Signal processing loop iteration 33300
[2025-10-29 11:28:39] [STDERR] 2025-10-29 11:28:39,219 - gleitzeit.workers.signal_worker - INFO - Signal processing loop iteration 33320
[2025-10-29 11:43:49] [STDERR] 2025-10-29 11:43:49,567 - gleitzeit.workers.signal_worker - INFO - Signal processing loop iteration 33340
[2025-10-29 11:43:59] [STDERR] 2025-10-29 11:43:59,681 - gleitzeit.workers.signal_worker - INFO - Signal processing loop iteration 33360
[2025-10-29 11:46:00] [STDERR] 2025-10-29 11:46:00,220 - gleitzeit.workers.signal_worker - INFO - Signal processing loop iteration 33380
[2025-10-29 12:01:11] [STDERR] 2025-10-29 12:01:11,200 - gleitzeit.workers.signal_worker - INFO - Signal processing loop iteration 33400
[2025-10-29 12:01:21] [STDERR] 2025-10-29 12:01:21,310 - gleitzeit.workers.signal_worker - INFO - Signal processing loop iteration 33420
[2025-10-29 12:16:32] [STDERR] 2025-10-29 12:16:32,149 - gleitzeit.workers.signal_worker - INFO - Signal processing loop iteration 33440
[2025-10-29 12:16:32] [STDERR] 2025-10-29 12:16:32,398 - gleitzeit.core.leader_election - INFO - Worker signal-async lost leadership for {shard:0}:global:signal:leader
[2025-10-29 12:16:32] [STDERR] 2025-10-29 12:16:32,398 - gleitzeit.workers.signal_worker - INFO - Worker signal-async lost signal leadership
[2025-10-29 12:16:42] [STDERR] 2025-10-29 12:16:42,284 - gleitzeit.workers.signal_worker - INFO - Signal processing loop iteration 33460
[2025-10-29 12:16:52] [STDERR] 2025-10-29 12:16:52,328 - gleitzeit.workers.signal_worker - INFO - Signal processing loop iteration 33480
[2025-10-29 12:32:02] [STDERR] 2025-10-29 12:32:02,252 - gleitzeit.workers.signal_worker - INFO - Signal processing loop iteration 33500
[2025-10-29 12:32:12] [STDERR] 2025-10-29 12:32:12,301 - gleitzeit.workers.signal_worker - INFO - Signal processing loop iteration 33520
[2025-10-29 12:46:58] [STDERR] 2025-10-29 12:46:58,591 - gleitzeit.workers.signal_worker - INFO - Signal processing loop iteration 33540
[2025-10-29 12:47:08] [STDERR] 2025-10-29 12:47:08,633 - gleitzeit.workers.signal_worker - INFO - Signal processing loop iteration 33560
[2025-10-29 12:47:18] [STDERR] 2025-10-29 12:47:18,678 - gleitzeit.workers.signal_worker - INFO - Signal processing loop iteration 33580
[2025-10-29 13:02:28] [STDERR] 2025-10-29 13:02:28,821 - gleitzeit.workers.signal_worker - INFO - Signal processing loop iteration 33600
[2025-10-29 13:02:38] [STDERR] 2025-10-29 13:02:38,856 - gleitzeit.workers.signal_worker - INFO - Signal processing loop iteration 33620
[2025-10-29 13:17:48] [STDERR] 2025-10-29 13:17:48,790 - gleitzeit.workers.signal_worker - INFO - Signal processing loop iteration 33640
[2025-10-29 13:17:58] [STDERR] 2025-10-29 13:17:58,828 - gleitzeit.workers.signal_worker - INFO - Signal processing loop iteration 33660
[2025-10-29 13:18:08] [STDERR] 2025-10-29 13:18:08,875 - gleitzeit.workers.signal_worker - INFO - Signal processing loop iteration 33680
[2025-10-29 13:33:18] [STDERR] 2025-10-29 13:33:18,815 - gleitzeit.workers.signal_worker - INFO - Signal processing loop iteration 33700
[2025-10-29 13:33:28] [STDERR] 2025-10-29 13:33:28,852 - gleitzeit.workers.signal_worker - INFO - Signal processing loop iteration 33720
[2025-10-29 13:47:58] [STDERR] 2025-10-29 13:47:58,190 - gleitzeit.core.leader_election - INFO - Worker signal-async became leader for {shard:0}:global:signal:leader
[2025-10-29 13:47:58] [STDERR] 2025-10-29 13:47:58,190 - gleitzeit.workers.signal_worker - INFO - Worker signal-async became signal leader
[2025-10-29 13:48:01] [STDERR] 2025-10-29 13:48:01,732 - gleitzeit.workers.signal_worker - INFO - Signal processing loop iteration 33740
[2025-10-29 13:48:11] [STDERR] 2025-10-29 13:48:11,862 - gleitzeit.workers.signal_worker - INFO - Signal processing loop iteration 33760
[2025-10-29 14:03:21] [STDERR] 2025-10-29 14:03:21,911 - gleitzeit.workers.signal_worker - INFO - Signal processing loop iteration 33780
[2025-10-29 14:03:32] [STDERR] 2025-10-29 14:03:32,052 - gleitzeit.workers.signal_worker - INFO - Signal processing loop iteration 33800
[2025-10-29 14:03:42] [STDERR] 2025-10-29 14:03:42,167 - gleitzeit.workers.signal_worker - INFO - Signal processing loop iteration 33820
[2025-10-29 14:18:46] [STDERR] 2025-10-29 14:18:46,127 - gleitzeit.core.leader_election - INFO - Worker signal-async lost leadership for {shard:0}:global:signal:leader
[2025-10-29 14:18:46] [STDERR] 2025-10-29 14:18:46,127 - gleitzeit.workers.signal_worker - INFO - Worker signal-async lost signal leadership
[2025-10-29 14:18:52] [STDERR] 2025-10-29 14:18:52,143 - gleitzeit.workers.signal_worker - INFO - Signal processing loop iteration 33840
[2025-10-29 14:19:02] [STDERR] 2025-10-29 14:19:02,166 - gleitzeit.workers.signal_worker - INFO - Signal processing loop iteration 33860
[2025-10-29 14:34:12] [STDERR] 2025-10-29 14:34:12,783 - gleitzeit.workers.signal_worker - INFO - Signal processing loop iteration 33880
[2025-10-29 14:34:22] [STDERR] 2025-10-29 14:34:22,822 - gleitzeit.workers.signal_worker - INFO - Signal processing loop iteration 33900
[2025-10-29 14:34:32] [STDERR] 2025-10-29 14:34:32,863 - gleitzeit.workers.signal_worker - INFO - Signal processing loop iteration 33920
[2025-10-29 14:49:04] [STDERR] 2025-10-29 14:49:04,800 - gleitzeit.workers.signal_worker - INFO - Signal processing loop iteration 33940
[2025-10-29 14:49:14] [STDERR] 2025-10-29 14:49:14,841 - gleitzeit.workers.signal_worker - INFO - Signal processing loop iteration 33960
[2025-10-29 15:04:24] [STDERR] 2025-10-29 15:04:24,963 - gleitzeit.workers.signal_worker - INFO - Signal processing loop iteration 33980
[2025-10-29 15:04:35] [STDERR] 2025-10-29 15:04:35,017 - gleitzeit.workers.signal_worker - INFO - Signal processing loop iteration 34000
[2025-10-29 15:04:45] [STDERR] 2025-10-29 15:04:45,063 - gleitzeit.workers.signal_worker - INFO - Signal processing loop iteration 34020
[2025-10-29 15:19:55] [STDERR] 2025-10-29 15:19:55,081 - gleitzeit.workers.signal_worker - INFO - Signal processing loop iteration 34040
[2025-10-29 15:20:05] [STDERR] 2025-10-29 15:20:05,130 - gleitzeit.workers.signal_worker - INFO - Signal processing loop iteration 34060
[2025-10-29 15:35:12] [STDERR] 2025-10-29 15:35:12,087 - gleitzeit.core.leader_election - INFO - Worker signal-async became leader for {shard:0}:global:signal:leader
[2025-10-29 15:35:12] [STDERR] 2025-10-29 15:35:12,088 - gleitzeit.workers.signal_worker - INFO - Worker signal-async became signal leader
[2025-10-29 15:35:15] [STDERR] 2025-10-29 15:35:15,126 - gleitzeit.workers.signal_worker - INFO - Signal processing loop iteration 34080
[2025-10-29 15:35:25] [STDERR] 2025-10-29 15:35:25,241 - gleitzeit.workers.signal_worker - INFO - Signal processing loop iteration 34100
[2025-10-29 15:35:35] [STDERR] 2025-10-29 15:35:35,365 - gleitzeit.workers.signal_worker - INFO - Signal processing loop iteration 34120
[2025-10-29 15:50:46] [STDERR] 2025-10-29 15:50:46,095 - gleitzeit.workers.signal_worker - INFO - Signal processing loop iteration 34140
[2025-10-29 15:50:56] [STDERR] 2025-10-29 15:50:56,203 - gleitzeit.workers.signal_worker - INFO - Signal processing loop iteration 34160
[2025-10-29 16:06:06] [STDERR] 2025-10-29 16:06:06,228 - gleitzeit.workers.signal_worker - INFO - Signal processing loop iteration 34180
[2025-10-29 16:06:16] [STDERR] 2025-10-29 16:06:16,350 - gleitzeit.workers.signal_worker - INFO - Signal processing loop iteration 34200
[2025-10-29 16:06:26] [STDERR] 2025-10-29 16:06:26,469 - gleitzeit.workers.signal_worker - INFO - Signal processing loop iteration 34220
[2025-10-29 16:21:31] [STDERR] 2025-10-29 16:21:31,337 - gleitzeit.core.leader_election - INFO - Worker signal-async lost leadership for {shard:0}:global:signal:leader
[2025-10-29 16:21:31] [STDERR] 2025-10-29 16:21:31,337 - gleitzeit.workers.signal_worker - INFO - Worker signal-async lost signal leadership
[2025-10-29 16:21:37] [STDERR] 2025-10-29 16:21:37,289 - gleitzeit.workers.signal_worker - INFO - Signal processing loop iteration 34240
[2025-10-29 16:21:47] [STDERR] 2025-10-29 16:21:47,382 - gleitzeit.workers.signal_worker - INFO - Signal processing loop iteration 34260
[2025-10-29 16:36:55] [STDERR] 2025-10-29 16:36:55,944 - gleitzeit.core.leader_election - INFO - Worker signal-async became leader for {shard:0}:global:signal:leader
[2025-10-29 16:36:55] [STDERR] 2025-10-29 16:36:55,944 - gleitzeit.workers.signal_worker - INFO - Worker signal-async became signal leader
[2025-10-29 16:36:58] [STDERR] 2025-10-29 16:36:58,136 - gleitzeit.workers.signal_worker - INFO - Signal processing loop iteration 34280
[2025-10-29 16:37:08] [STDERR] 2025-10-29 16:37:08,259 - gleitzeit.workers.signal_worker - INFO - Signal processing loop iteration 34300
[2025-10-29 16:37:18] [STDERR] 2025-10-29 16:37:18,376 - gleitzeit.workers.signal_worker - INFO - Signal processing loop iteration 34320
[2025-10-29 16:52:28] [STDERR] 2025-10-29 16:52:28,661 - gleitzeit.workers.signal_worker - INFO - Signal processing loop iteration 34340
[2025-10-29 16:52:38] [STDERR] 2025-10-29 16:52:38,788 - gleitzeit.workers.signal_worker - INFO - Signal processing loop iteration 34360
[2025-10-29 17:07:49] [STDERR] 2025-10-29 17:07:49,060 - gleitzeit.workers.signal_worker - INFO - Signal processing loop iteration 34380
[2025-10-29 17:07:59] [STDERR] 2025-10-29 17:07:59,195 - gleitzeit.workers.signal_worker - INFO - Signal processing loop iteration 34400
[2025-10-29 17:08:09] [STDERR] 2025-10-29 17:08:09,331 - gleitzeit.workers.signal_worker - INFO - Signal processing loop iteration 34420
[2025-10-29 17:23:20] [STDERR] 2025-10-29 17:23:20,145 - gleitzeit.workers.signal_worker - INFO - Signal processing loop iteration 34440
[2025-10-29 17:23:30] [STDERR] 2025-10-29 17:23:30,381 - gleitzeit.workers.signal_worker - INFO - Signal processing loop iteration 34460
[2025-10-29 17:38:40] [STDERR] 2025-10-29 17:38:40,770 - gleitzeit.workers.signal_worker - INFO - Signal processing loop iteration 34480
[2025-10-29 17:38:50] [STDERR] 2025-10-29 17:38:50,945 - gleitzeit.workers.signal_worker - INFO - Signal processing loop iteration 34500
[2025-10-29 17:39:01] [STDERR] 2025-10-29 17:39:01,081 - gleitzeit.workers.signal_worker - INFO - Signal processing loop iteration 34520
[2025-10-29 17:54:06] [STDERR] 2025-10-29 17:54:06,973 - gleitzeit.core.leader_election - INFO - Worker signal-async lost leadership for {shard:0}:global:signal:leader
[2025-10-29 17:54:06] [STDERR] 2025-10-29 17:54:06,973 - gleitzeit.workers.signal_worker - INFO - Worker signal-async lost signal leadership
[2025-10-29 17:54:11] [STDERR] 2025-10-29 17:54:11,845 - gleitzeit.workers.signal_worker - INFO - Signal processing loop iteration 34540
[2025-10-29 17:54:21] [STDERR] 2025-10-29 17:54:21,883 - gleitzeit.workers.signal_worker - INFO - Signal processing loop iteration 34560
[2025-10-29 18:09:30] [STDERR] 2025-10-29 18:09:30,994 - gleitzeit.core.leader_election - INFO - Worker signal-async became leader for {shard:0}:global:signal:leader
[2025-10-29 18:09:30] [STDERR] 2025-10-29 18:09:30,994 - gleitzeit.workers.signal_worker - INFO - Worker signal-async became signal leader
[2025-10-29 18:09:31] [STDERR] 2025-10-29 18:09:31,847 - gleitzeit.workers.signal_worker - INFO - Signal processing loop iteration 34580
[2025-10-29 18:09:41] [STDERR] 2025-10-29 18:09:41,987 - gleitzeit.workers.signal_worker - INFO - Signal processing loop iteration 34600
[2025-10-29 18:09:52] [STDERR] 2025-10-29 18:09:52,207 - gleitzeit.workers.signal_worker - INFO - Signal processing loop iteration 34620
[2025-10-29 18:25:02] [STDERR] 2025-10-29 18:25:02,971 - gleitzeit.workers.signal_worker - INFO - Signal processing loop iteration 34640
[2025-10-29 18:25:13] [STDERR] 2025-10-29 18:25:13,086 - gleitzeit.workers.signal_worker - INFO - Signal processing loop iteration 34660
[2025-10-29 18:38:55] [STDERR] 2025-10-29 18:38:55,114 - gleitzeit.workers.signal_worker - INFO - Signal processing loop iteration 34680
[2025-10-29 18:39:05] [STDERR] 2025-10-29 18:39:05,261 - gleitzeit.workers.signal_worker - INFO - Signal processing loop iteration 34700
[2025-10-29 18:39:15] [STDERR] 2025-10-29 18:39:15,397 - gleitzeit.workers.signal_worker - INFO - Signal processing loop iteration 34720
[2025-10-29 18:54:25] [STDERR] 2025-10-29 18:54:25,389 - gleitzeit.workers.signal_worker - INFO - Signal processing loop iteration 34740
[2025-10-29 18:54:35] [STDERR] 2025-10-29 18:54:35,483 - gleitzeit.workers.signal_worker - INFO - Signal processing loop iteration 34760
[2025-10-29 19:09:46] [STDERR] 2025-10-29 19:09:46,102 - gleitzeit.workers.signal_worker - INFO - Signal processing loop iteration 34780
[2025-10-29 19:09:56] [STDERR] 2025-10-29 19:09:56,233 - gleitzeit.workers.signal_worker - INFO - Signal processing loop iteration 34800
[2025-10-29 19:10:06] [STDERR] 2025-10-29 19:10:06,351 - gleitzeit.workers.signal_worker - INFO - Signal processing loop iteration 34820
[2025-10-29 19:25:39] [STDERR] 2025-10-29 19:25:39,324 - gleitzeit.workers.signal_worker - INFO - Signal processing loop iteration 34840
[2025-10-29 19:25:49] [STDERR] 2025-10-29 19:25:49,436 - gleitzeit.workers.signal_worker - INFO - Signal processing loop iteration 34860
[2025-10-29 19:25:59] [STDERR] 2025-10-29 19:25:59,536 - gleitzeit.workers.signal_worker - INFO - Signal processing loop iteration 34880
[2025-10-29 19:41:09] [STDERR] 2025-10-29 19:41:09,833 - gleitzeit.workers.signal_worker - INFO - Signal processing loop iteration 34900
[2025-10-29 19:41:20] [STDERR] 2025-10-29 19:41:20,002 - gleitzeit.workers.signal_worker - INFO - Signal processing loop iteration 34920
[2025-10-29 19:56:30] [STDERR] 2025-10-29 19:56:30,458 - gleitzeit.core.leader_election - INFO - Worker signal-async lost leadership for {shard:0}:global:signal:leader
[2025-10-29 19:56:30] [STDERR] 2025-10-29 19:56:30,458 - gleitzeit.workers.signal_worker - INFO - Worker signal-async lost signal leadership
[2025-10-29 19:56:30] [STDERR] 2025-10-29 19:56:30,852 - gleitzeit.workers.signal_worker - INFO - Signal processing loop iteration 34940
[2025-10-29 19:56:40] [STDERR] 2025-10-29 19:56:40,899 - gleitzeit.workers.signal_worker - INFO - Signal processing loop iteration 34960
[2025-10-29 19:56:50] [STDERR] 2025-10-29 19:56:50,944 - gleitzeit.workers.signal_worker - INFO - Signal processing loop iteration 34980
[2025-10-29 20:12:00] [STDERR] 2025-10-29 20:12:00,875 - gleitzeit.workers.signal_worker - INFO - Signal processing loop iteration 35000
[2025-10-29 20:12:10] [STDERR] 2025-10-29 20:12:10,917 - gleitzeit.workers.signal_worker - INFO - Signal processing loop iteration 35020
[2025-10-29 20:27:20] [STDERR] 2025-10-29 20:27:20,881 - gleitzeit.workers.signal_worker - INFO - Signal processing loop iteration 35040
[2025-10-29 20:27:30] [STDERR] 2025-10-29 20:27:30,922 - gleitzeit.workers.signal_worker - INFO - Signal processing loop iteration 35060
[2025-10-29 20:27:40] [STDERR] 2025-10-29 20:27:40,958 - gleitzeit.workers.signal_worker - INFO - Signal processing loop iteration 35080
[2025-10-29 20:40:02] [STDERR] 2025-10-29 20:40:02,093 - gleitzeit.workers.signal_worker - INFO - Signal processing loop iteration 35100
[2025-10-29 20:40:12] [STDERR] 2025-10-29 20:40:12,132 - gleitzeit.workers.signal_worker - INFO - Signal processing loop iteration 35120
[2025-10-29 20:55:22] [STDERR] 2025-10-29 20:55:22,851 - gleitzeit.workers.signal_worker - INFO - Signal processing loop iteration 35140
[2025-10-29 20:55:32] [STDERR] 2025-10-29 20:55:32,879 - gleitzeit.workers.signal_worker - INFO - Signal processing loop iteration 35160
[2025-10-29 20:55:42] [STDERR] 2025-10-29 20:55:42,915 - gleitzeit.workers.signal_worker - INFO - Signal processing loop iteration 35180
[2025-10-29 21:10:56] [STDERR] 2025-10-29 21:10:56,023 - gleitzeit.workers.signal_worker - INFO - Signal processing loop iteration 35200
[2025-10-29 21:11:06] [STDERR] 2025-10-29 21:11:06,065 - gleitzeit.workers.signal_worker - INFO - Signal processing loop iteration 35220
[2025-10-29 21:11:16] [STDERR] 2025-10-29 21:11:16,100 - gleitzeit.workers.signal_worker - INFO - Signal processing loop iteration 35240
[2025-10-29 21:26:20] [STDERR] 2025-10-29 21:26:20,555 - gleitzeit.core.leader_election - INFO - Worker signal-async became leader for {shard:0}:global:signal:leader
[2025-10-29 21:26:20] [STDERR] 2025-10-29 21:26:20,555 - gleitzeit.workers.signal_worker - INFO - Worker signal-async became signal leader
[2025-10-29 21:26:26] [STDERR] 2025-10-29 21:26:26,137 - gleitzeit.workers.signal_worker - INFO - Signal processing loop iteration 35260
[2025-10-29 21:26:36] [STDERR] 2025-10-29 21:26:36,328 - gleitzeit.workers.signal_worker - INFO - Signal processing loop iteration 35280
[2025-10-29 21:40:56] [STDERR] 2025-10-29 21:40:56,545 - gleitzeit.workers.signal_worker - INFO - Signal processing loop iteration 35300
[2025-10-29 21:40:57] [STDERR] 2025-10-29 21:40:57,553 - gleitzeit.core.leader_election - INFO - Worker signal-async lost leadership for {shard:0}:global:signal:leader
[2025-10-29 21:40:57] [STDERR] 2025-10-29 21:40:57,553 - gleitzeit.workers.signal_worker - INFO - Worker signal-async lost signal leadership
[2025-10-29 21:56:07] [STDERR] 2025-10-29 21:56:07,225 - gleitzeit.workers.signal_worker - INFO - Signal processing loop iteration 35320
[2025-10-29 21:56:17] [STDERR] 2025-10-29 21:56:17,266 - gleitzeit.workers.signal_worker - INFO - Signal processing loop iteration 35340
[2025-10-29 21:56:27] [STDERR] 2025-10-29 21:56:27,309 - gleitzeit.workers.signal_worker - INFO - Signal processing loop iteration 35360
[2025-10-29 22:11:28] [STDERR] 2025-10-29 22:11:28,919 - gleitzeit.core.leader_election - INFO - Worker signal-async became leader for {shard:0}:global:signal:leader
[2025-10-29 22:11:28] [STDERR] 2025-10-29 22:11:28,919 - gleitzeit.workers.signal_worker - INFO - Worker signal-async became signal leader
[2025-10-29 22:11:38] [STDERR] 2025-10-29 22:11:38,031 - gleitzeit.workers.signal_worker - INFO - Signal processing loop iteration 35380
[2025-10-29 22:11:48] [STDERR] 2025-10-29 22:11:48,140 - gleitzeit.workers.signal_worker - INFO - Signal processing loop iteration 35400
[2025-10-29 22:26:55] [STDERR] 2025-10-29 22:26:55,864 - gleitzeit.core.leader_election - INFO - Worker signal-async lost leadership for {shard:0}:global:signal:leader
[2025-10-29 22:26:55] [STDERR] 2025-10-29 22:26:55,864 - gleitzeit.workers.signal_worker - INFO - Worker signal-async lost signal leadership
[2025-10-29 22:26:58] [STDERR] 2025-10-29 22:26:58,173 - gleitzeit.workers.signal_worker - INFO - Signal processing loop iteration 35420
[2025-10-29 22:27:08] [STDERR] 2025-10-29 22:27:08,287 - gleitzeit.workers.signal_worker - INFO - Signal processing loop iteration 35440
[2025-10-29 22:27:18] [STDERR] 2025-10-29 22:27:18,322 - gleitzeit.workers.signal_worker - INFO - Signal processing loop iteration 35460
[2025-10-29 22:41:56] [STDERR] 2025-10-29 22:41:56,145 - gleitzeit.core.leader_election - INFO - Worker signal-async became leader for {shard:0}:global:signal:leader
[2025-10-29 22:41:56] [STDERR] 2025-10-29 22:41:56,145 - gleitzeit.workers.signal_worker - INFO - Worker signal-async became signal leader
[2025-10-29 22:42:04] [STDERR] 2025-10-29 22:42:04,684 - gleitzeit.workers.signal_worker - INFO - Signal processing loop iteration 35480
[2025-10-29 22:42:14] [STDERR] 2025-10-29 22:42:14,807 - gleitzeit.workers.signal_worker - INFO - Signal processing loop iteration 35500
[2025-10-29 22:57:20] [STDERR] 2025-10-29 22:57:20,058 - gleitzeit.core.leader_election - INFO - Worker signal-async lost leadership for {shard:0}:global:signal:leader
[2025-10-29 22:57:20] [STDERR] 2025-10-29 22:57:20,058 - gleitzeit.workers.signal_worker - INFO - Worker signal-async lost signal leadership
[2025-10-29 22:57:25] [STDERR] 2025-10-29 22:57:25,088 - gleitzeit.workers.signal_worker - INFO - Signal processing loop iteration 35520
[2025-10-29 22:57:35] [STDERR] 2025-10-29 22:57:35,131 - gleitzeit.workers.signal_worker - INFO - Signal processing loop iteration 35540
[2025-10-29 23:12:44] [STDERR] 2025-10-29 23:12:44,178 - gleitzeit.core.leader_election - INFO - Worker signal-async became leader for {shard:0}:global:signal:leader
[2025-10-29 23:12:44] [STDERR] 2025-10-29 23:12:44,178 - gleitzeit.workers.signal_worker - INFO - Worker signal-async became signal leader
[2025-10-29 23:12:45] [STDERR] 2025-10-29 23:12:45,162 - gleitzeit.workers.signal_worker - INFO - Signal processing loop iteration 35560
[2025-10-29 23:12:55] [STDERR] 2025-10-29 23:12:55,278 - gleitzeit.workers.signal_worker - INFO - Signal processing loop iteration 35580
[2025-10-29 23:13:05] [STDERR] 2025-10-29 23:13:05,382 - gleitzeit.workers.signal_worker - INFO - Signal processing loop iteration 35600
[2025-10-29 23:28:11] [STDERR] 2025-10-29 23:28:11,085 - gleitzeit.core.leader_election - INFO - Worker signal-async lost leadership for {shard:0}:global:signal:leader
[2025-10-29 23:28:11] [STDERR] 2025-10-29 23:28:11,085 - gleitzeit.workers.signal_worker - INFO - Worker signal-async lost signal leadership
[2025-10-29 23:28:15] [STDERR] 2025-10-29 23:28:15,599 - gleitzeit.workers.signal_worker - INFO - Signal processing loop iteration 35620
[2025-10-29 23:28:25] [STDERR] 2025-10-29 23:28:25,645 - gleitzeit.workers.signal_worker - INFO - Signal processing loop iteration 35640
[2025-10-29 23:43:36] [STDERR] 2025-10-29 23:43:36,371 - gleitzeit.workers.signal_worker - INFO - Signal processing loop iteration 35660
[2025-10-29 23:43:46] [STDERR] 2025-10-29 23:43:46,401 - gleitzeit.workers.signal_worker - INFO - Signal processing loop iteration 35680
[2025-10-29 23:43:56] [STDERR] 2025-10-29 23:43:56,434 - gleitzeit.workers.signal_worker - INFO - Signal processing loop iteration 35700
[2025-10-29 23:58:59] [STDERR] 2025-10-29 23:58:59,694 - gleitzeit.core.leader_election - INFO - Worker signal-async became leader for {shard:0}:global:signal:leader
[2025-10-29 23:58:59] [STDERR] 2025-10-29 23:58:59,694 - gleitzeit.workers.signal_worker - INFO - Worker signal-async became signal leader
[2025-10-29 23:59:06] [STDERR] 2025-10-29 23:59:06,422 - gleitzeit.workers.signal_worker - INFO - Signal processing loop iteration 35720
[2025-10-29 23:59:16] [STDERR] 2025-10-29 23:59:16,546 - gleitzeit.workers.signal_worker - INFO - Signal processing loop iteration 35740
[2025-10-30 00:14:27] [STDERR] 2025-10-30 00:14:27,342 - gleitzeit.workers.signal_worker - INFO - Signal processing loop iteration 35760
[2025-10-30 00:14:27] [STDERR] 2025-10-30 00:14:27,496 - gleitzeit.core.leader_election - INFO - Worker signal-async lost leadership for {shard:0}:global:signal:leader
[2025-10-30 00:14:27] [STDERR] 2025-10-30 00:14:27,496 - gleitzeit.workers.signal_worker - INFO - Worker signal-async lost signal leadership
[2025-10-30 00:14:37] [STDERR] 2025-10-30 00:14:37,378 - gleitzeit.workers.signal_worker - INFO - Signal processing loop iteration 35780
[2025-10-30 00:14:47] [STDERR] 2025-10-30 00:14:47,412 - gleitzeit.workers.signal_worker - INFO - Signal processing loop iteration 35800
[2025-10-30 00:29:58] [STDERR] 2025-10-30 00:29:58,000 - gleitzeit.workers.signal_worker - INFO - Signal processing loop iteration 35820
[2025-10-30 00:30:08] [STDERR] 2025-10-30 00:30:08,033 - gleitzeit.workers.signal_worker - INFO - Signal processing loop iteration 35840
[2025-10-30 00:30:18] [STDERR] 2025-10-30 00:30:18,072 - gleitzeit.workers.signal_worker - INFO - Signal processing loop iteration 35860
[2025-10-30 00:45:19] [STDERR] 2025-10-30 00:45:19,100 - gleitzeit.core.leader_election - INFO - Worker signal-async became leader for {shard:0}:global:signal:leader
[2025-10-30 00:45:19] [STDERR] 2025-10-30 00:45:19,101 - gleitzeit.workers.signal_worker - INFO - Worker signal-async became signal leader
[2025-10-30 00:45:28] [STDERR] 2025-10-30 00:45:28,257 - gleitzeit.workers.signal_worker - INFO - Signal processing loop iteration 35880
[2025-10-30 00:45:38] [STDERR] 2025-10-30 00:45:38,385 - gleitzeit.workers.signal_worker - INFO - Signal processing loop iteration 35900
[2025-10-30 01:00:46] [STDERR] 2025-10-30 01:00:46,816 - gleitzeit.core.leader_election - INFO - Worker signal-async lost leadership for {shard:0}:global:signal:leader
[2025-10-30 01:00:46] [STDERR] 2025-10-30 01:00:46,816 - gleitzeit.workers.signal_worker - INFO - Worker signal-async lost signal leadership
[2025-10-30 01:00:49] [STDERR] 2025-10-30 01:00:49,072 - gleitzeit.workers.signal_worker - INFO - Signal processing loop iteration 35920
[2025-10-30 01:00:59] [STDERR] 2025-10-30 01:00:59,123 - gleitzeit.workers.signal_worker - INFO - Signal processing loop iteration 35940
[2025-10-30 01:01:09] [STDERR] 2025-10-30 01:01:09,163 - gleitzeit.workers.signal_worker - INFO - Signal processing loop iteration 35960
[2025-10-30 01:16:19] [STDERR] 2025-10-30 01:16:19,357 - gleitzeit.workers.signal_worker - INFO - Signal processing loop iteration 35980
[2025-10-30 01:16:29] [STDERR] 2025-10-30 01:16:29,399 - gleitzeit.workers.signal_worker - INFO - Signal processing loop iteration 36000
[2025-10-30 01:31:39] [STDERR] 2025-10-30 01:31:39,504 - gleitzeit.workers.signal_worker - INFO - Signal processing loop iteration 36020
[2025-10-30 01:31:49] [STDERR] 2025-10-30 01:31:49,551 - gleitzeit.workers.signal_worker - INFO - Signal processing loop iteration 36040
[2025-10-30 01:31:59] [STDERR] 2025-10-30 01:31:59,597 - gleitzeit.workers.signal_worker - INFO - Signal processing loop iteration 36060
[2025-10-30 01:47:02] [STDERR] 2025-10-30 01:47:02,565 - gleitzeit.core.leader_election - INFO - Worker signal-async became leader for {shard:0}:global:signal:leader
[2025-10-30 01:47:02] [STDERR] 2025-10-30 01:47:02,565 - gleitzeit.workers.signal_worker - INFO - Worker signal-async became signal leader
[2025-10-30 01:47:10] [STDERR] 2025-10-30 01:47:10,612 - gleitzeit.workers.signal_worker - INFO - Signal processing loop iteration 36080
[2025-10-30 01:47:20] [STDERR] 2025-10-30 01:47:20,738 - gleitzeit.workers.signal_worker - INFO - Signal processing loop iteration 36100
[2025-10-30 02:02:31] [STDERR] 2025-10-30 02:02:31,540 - gleitzeit.workers.signal_worker - INFO - Signal processing loop iteration 36120
[2025-10-30 02:02:41] [STDERR] 2025-10-30 02:02:41,680 - gleitzeit.workers.signal_worker - INFO - Signal processing loop iteration 36140
[2025-10-30 02:02:51] [STDERR] 2025-10-30 02:02:51,794 - gleitzeit.workers.signal_worker - INFO - Signal processing loop iteration 36160
[2025-10-30 02:17:54] [STDERR] 2025-10-30 02:17:54,557 - gleitzeit.core.leader_election - INFO - Worker signal-async lost leadership for {shard:0}:global:signal:leader
[2025-10-30 02:17:54] [STDERR] 2025-10-30 02:17:54,557 - gleitzeit.workers.signal_worker - INFO - Worker signal-async lost signal leadership
[2025-10-30 02:18:02] [STDERR] 2025-10-30 02:18:02,157 - gleitzeit.workers.signal_worker - INFO - Signal processing loop iteration 36180
[2025-10-30 02:18:12] [STDERR] 2025-10-30 02:18:12,188 - gleitzeit.workers.signal_worker - INFO - Signal processing loop iteration 36200
[2025-10-30 02:33:19] [STDERR] 2025-10-30 02:33:19,258 - gleitzeit.core.leader_election - INFO - Worker signal-async became leader for {shard:0}:global:signal:leader
[2025-10-30 02:33:19] [STDERR] 2025-10-30 02:33:19,258 - gleitzeit.workers.signal_worker - INFO - Worker signal-async became signal leader
[2025-10-30 02:33:22] [STDERR] 2025-10-30 02:33:22,878 - gleitzeit.workers.signal_worker - INFO - Signal processing loop iteration 36220
[2025-10-30 02:33:33] [STDERR] 2025-10-30 02:33:33,002 - gleitzeit.workers.signal_worker - INFO - Signal processing loop iteration 36240
[2025-10-30 02:33:43] [STDERR] 2025-10-30 02:33:43,117 - gleitzeit.workers.signal_worker - INFO - Signal processing loop iteration 36260
[2025-10-30 02:48:47] [STDERR] 2025-10-30 02:48:47,058 - gleitzeit.core.leader_election - INFO - Worker signal-async lost leadership for {shard:0}:global:signal:leader
[2025-10-30 02:48:47] [STDERR] 2025-10-30 02:48:47,059 - gleitzeit.workers.signal_worker - INFO - Worker signal-async lost signal leadership
[2025-10-30 02:48:53] [STDERR] 2025-10-30 02:48:53,880 - gleitzeit.workers.signal_worker - INFO - Signal processing loop iteration 36280
[2025-10-30 02:49:03] [STDERR] 2025-10-30 02:49:03,924 - gleitzeit.workers.signal_worker - INFO - Signal processing loop iteration 36300
[2025-10-30 03:04:11] [STDERR] 2025-10-30 03:04:11,677 - gleitzeit.core.leader_election - INFO - Worker signal-async became leader for {shard:0}:global:signal:leader
[2025-10-30 03:04:11] [STDERR] 2025-10-30 03:04:11,677 - gleitzeit.workers.signal_worker - INFO - Worker signal-async became signal leader
[2025-10-30 03:04:14] [STDERR] 2025-10-30 03:04:14,684 - gleitzeit.workers.signal_worker - INFO - Signal processing loop iteration 36320
[2025-10-30 03:04:24] [STDERR] 2025-10-30 03:04:24,828 - gleitzeit.workers.signal_worker - INFO - Signal processing loop iteration 36340
[2025-10-30 03:04:34] [STDERR] 2025-10-30 03:04:34,951 - gleitzeit.workers.signal_worker - INFO - Signal processing loop iteration 36360
[2025-10-30 03:19:38] [STDERR] 2025-10-30 03:19:38,656 - gleitzeit.core.leader_election - INFO - Worker signal-async lost leadership for {shard:0}:global:signal:leader
[2025-10-30 03:19:38] [STDERR] 2025-10-30 03:19:38,656 - gleitzeit.workers.signal_worker - INFO - Worker signal-async lost signal leadership
[2025-10-30 03:19:44] [STDERR] 2025-10-30 03:19:44,981 - gleitzeit.workers.signal_worker - INFO - Signal processing loop iteration 36380
[2025-10-30 03:19:55] [STDERR] 2025-10-30 03:19:55,022 - gleitzeit.workers.signal_worker - INFO - Signal processing loop iteration 36400
[2025-10-30 03:23:33] [STDERR] 2025-10-30 03:23:33,346 - gleitzeit.workers.signal_worker - INFO - Signal processing loop iteration 36420
[2025-10-30 03:38:44] [STDERR] 2025-10-30 03:38:44,020 - gleitzeit.workers.signal_worker - INFO - Signal processing loop iteration 36440
[2025-10-30 03:38:54] [STDERR] 2025-10-30 03:38:54,052 - gleitzeit.workers.signal_worker - INFO - Signal processing loop iteration 36460
[2025-10-30 03:54:03] [STDERR] 2025-10-30 03:54:03,983 - gleitzeit.workers.signal_worker - INFO - Signal processing loop iteration 36480
[2025-10-30 03:54:14] [STDERR] 2025-10-30 03:54:14,018 - gleitzeit.workers.signal_worker - INFO - Signal processing loop iteration 36500
[2025-10-30 03:54:24] [STDERR] 2025-10-30 03:54:24,057 - gleitzeit.workers.signal_worker - INFO - Signal processing loop iteration 36520
[2025-10-30 04:09:34] [STDERR] 2025-10-30 04:09:34,891 - gleitzeit.workers.signal_worker - INFO - Signal processing loop iteration 36540
[2025-10-30 04:09:44] [STDERR] 2025-10-30 04:09:44,928 - gleitzeit.workers.signal_worker - INFO - Signal processing loop iteration 36560
[2025-10-30 04:24:55] [STDERR] 2025-10-30 04:24:55,568 - gleitzeit.workers.signal_worker - INFO - Signal processing loop iteration 36580
[2025-10-30 04:25:05] [STDERR] 2025-10-30 04:25:05,609 - gleitzeit.workers.signal_worker - INFO - Signal processing loop iteration 36600
[2025-10-30 04:25:15] [STDERR] 2025-10-30 04:25:15,646 - gleitzeit.workers.signal_worker - INFO - Signal processing loop iteration 36620
[2025-10-30 04:40:25] [STDERR] 2025-10-30 04:40:25,921 - gleitzeit.workers.signal_worker - INFO - Signal processing loop iteration 36640
[2025-10-30 04:40:35] [STDERR] 2025-10-30 04:40:35,963 - gleitzeit.workers.signal_worker - INFO - Signal processing loop iteration 36660
[2025-10-30 04:55:45] [STDERR] 2025-10-30 04:55:45,329 - gleitzeit.core.leader_election - INFO - Worker signal-async became leader for {shard:0}:global:signal:leader
[2025-10-30 04:55:45] [STDERR] 2025-10-30 04:55:45,329 - gleitzeit.workers.signal_worker - INFO - Worker signal-async became signal leader
[2025-10-30 04:55:46] [STDERR] 2025-10-30 04:55:46,867 - gleitzeit.workers.signal_worker - INFO - Signal processing loop iteration 36680
[2025-10-30 04:55:56] [STDERR] 2025-10-30 04:55:56,985 - gleitzeit.workers.signal_worker - INFO - Signal processing loop iteration 36700
[2025-10-30 04:56:07] [STDERR] 2025-10-30 04:56:07,111 - gleitzeit.workers.signal_worker - INFO - Signal processing loop iteration 36720
[2025-10-30 05:11:17] [STDERR] 2025-10-30 05:11:17,301 - gleitzeit.workers.signal_worker - INFO - Signal processing loop iteration 36740
[2025-10-30 05:11:27] [STDERR] 2025-10-30 05:11:27,428 - gleitzeit.workers.signal_worker - INFO - Signal processing loop iteration 36760
[2025-10-30 05:26:37] [STDERR] 2025-10-30 05:26:37,485 - gleitzeit.workers.signal_worker - INFO - Signal processing loop iteration 36780
[2025-10-30 05:26:47] [STDERR] 2025-10-30 05:26:47,605 - gleitzeit.workers.signal_worker - INFO - Signal processing loop iteration 36800
[2025-10-30 05:26:57] [STDERR] 2025-10-30 05:26:57,840 - gleitzeit.workers.signal_worker - INFO - Signal processing loop iteration 36820
[2025-10-30 05:42:08] [STDERR] 2025-10-30 05:42:08,581 - gleitzeit.workers.signal_worker - INFO - Signal processing loop iteration 36840
[2025-10-30 05:42:18] [STDERR] 2025-10-30 05:42:18,700 - gleitzeit.workers.signal_worker - INFO - Signal processing loop iteration 36860
[2025-10-30 05:57:29] [STDERR] 2025-10-30 05:57:29,417 - gleitzeit.workers.signal_worker - INFO - Signal processing loop iteration 36880
[2025-10-30 05:57:39] [STDERR] 2025-10-30 05:57:39,537 - gleitzeit.workers.signal_worker - INFO - Signal processing loop iteration 36900
[2025-10-30 05:57:49] [STDERR] 2025-10-30 05:57:49,661 - gleitzeit.workers.signal_worker - INFO - Signal processing loop iteration 36920
[2025-10-30 06:05:44] [STDERR] 2025-10-30 06:05:44,953 - gleitzeit.workers.signal_worker - INFO - Signal processing loop iteration 36940
[2025-10-30 06:05:55] [STDERR] 2025-10-30 06:05:55,074 - gleitzeit.workers.signal_worker - INFO - Signal processing loop iteration 36960
[2025-10-30 06:21:05] [STDERR] 2025-10-30 06:21:05,411 - gleitzeit.workers.signal_worker - INFO - Signal processing loop iteration 36980
[2025-10-30 06:21:15] [STDERR] 2025-10-30 06:21:15,535 - gleitzeit.workers.signal_worker - INFO - Signal processing loop iteration 37000
[2025-10-30 06:27:31] [STDERR] 2025-10-30 06:27:31,804 - gleitzeit.workers.signal_worker - INFO - Signal processing loop iteration 37020
[2025-10-30 06:27:42] [STDERR] 2025-10-30 06:27:42,042 - gleitzeit.workers.signal_worker - INFO - Signal processing loop iteration 37040
[2025-10-30 06:27:52] [STDERR] 2025-10-30 06:27:52,167 - gleitzeit.workers.signal_worker - INFO - Signal processing loop iteration 37060
[2025-10-30 06:32:51] [STDERR] 2025-10-30 06:32:51,319 - gleitzeit.workers.signal_worker - INFO - Signal processing loop iteration 37080
[2025-10-30 06:33:46] [STDERR] 2025-10-30 06:33:46,519 - gleitzeit.workers.signal_worker - INFO - Signal processing loop iteration 37100
[2025-10-30 06:33:56] [STDERR] 2025-10-30 06:33:56,639 - gleitzeit.workers.signal_worker - INFO - Signal processing loop iteration 37120
[2025-10-30 06:34:06] [STDERR] 2025-10-30 06:34:06,745 - gleitzeit.workers.signal_worker - INFO - Signal processing loop iteration 37140
[2025-10-30 07:06:54] [STDERR] 2025-10-30 07:06:54,520 - gleitzeit.workers.signal_worker - INFO - Signal processing loop iteration 37160
[2025-10-30 07:37:57] [STDERR] 2025-10-30 07:37:57,365 - gleitzeit.workers.signal_worker - INFO - Signal processing loop iteration 37180
[2025-10-30 08:12:57] [STDERR] 2025-10-30 08:12:57,965 - gleitzeit.workers.signal_worker - INFO - Signal processing loop iteration 37200
[2025-10-30 08:28:41] [STDERR] 2025-10-30 08:28:41,024 - gleitzeit.workers.signal_worker - INFO - Signal processing loop iteration 37220
[2025-10-30 08:42:10] [STDERR] 2025-10-30 08:42:10,478 - gleitzeit.workers.signal_worker - INFO - Signal processing loop iteration 37240
[2025-10-30 08:42:20] [STDERR] 2025-10-30 08:42:20,630 - gleitzeit.workers.signal_worker - INFO - Signal processing loop iteration 37260
[2025-10-30 08:55:43] [STDERR] 2025-10-30 08:55:43,117 - gleitzeit.workers.signal_worker - INFO - Signal processing loop iteration 37280
[2025-10-30 08:55:43] [STDERR] 2025-10-30 08:55:43,560 - gleitzeit.core.leader_election - INFO - Worker signal-async lost leadership for {shard:0}:global:signal:leader
[2025-10-30 08:55:43] [STDERR] 2025-10-30 08:55:43,561 - gleitzeit.workers.signal_worker - INFO - Worker signal-async lost signal leadership
[2025-10-30 08:55:53] [STDERR] 2025-10-30 08:55:53,158 - gleitzeit.workers.signal_worker - INFO - Signal processing loop iteration 37300
[2025-10-30 08:56:03] [STDERR] 2025-10-30 08:56:03,201 - gleitzeit.workers.signal_worker - INFO - Signal processing loop iteration 37320
[2025-10-30 09:09:25] [STDERR] 2025-10-30 09:09:25,652 - gleitzeit.workers.signal_worker - INFO - Signal processing loop iteration 37340
[2025-10-30 09:09:35] [STDERR] 2025-10-30 09:09:35,690 - gleitzeit.workers.signal_worker - INFO - Signal processing loop iteration 37360
[2025-10-30 09:22:57] [STDERR] 2025-10-30 09:22:57,971 - gleitzeit.workers.signal_worker - INFO - Signal processing loop iteration 37380
[2025-10-30 09:23:08] [STDERR] 2025-10-30 09:23:08,011 - gleitzeit.workers.signal_worker - INFO - Signal processing loop iteration 37400
[2025-10-30 09:36:30] [STDERR] 2025-10-30 09:36:30,662 - gleitzeit.workers.signal_worker - INFO - Signal processing loop iteration 37420
[2025-10-30 09:36:40] [STDERR] 2025-10-30 09:36:40,703 - gleitzeit.workers.signal_worker - INFO - Signal processing loop iteration 37440
[2025-10-30 09:36:50] [STDERR] 2025-10-30 09:36:50,743 - gleitzeit.workers.signal_worker - INFO - Signal processing loop iteration 37460
[2025-10-30 09:50:10] [STDERR] 2025-10-30 09:50:10,895 - gleitzeit.workers.signal_worker - INFO - Signal processing loop iteration 37480
[2025-10-30 09:50:20] [STDERR] 2025-10-30 09:50:20,935 - gleitzeit.workers.signal_worker - INFO - Signal processing loop iteration 37500
[2025-10-30 10:03:41] [STDERR] 2025-10-30 10:03:41,966 - gleitzeit.workers.signal_worker - INFO - Signal processing loop iteration 37520
[2025-10-30 10:03:52] [STDERR] 2025-10-30 10:03:52,006 - gleitzeit.workers.signal_worker - INFO - Signal processing loop iteration 37540
[2025-10-30 10:17:13] [STDERR] 2025-10-30 10:17:13,098 - gleitzeit.core.leader_election - INFO - Worker signal-async became leader for {shard:0}:global:signal:leader
[2025-10-30 10:17:13] [STDERR] 2025-10-30 10:17:13,099 - gleitzeit.workers.signal_worker - INFO - Worker signal-async became signal leader
[2025-10-30 10:17:14] [STDERR] 2025-10-30 10:17:14,805 - gleitzeit.workers.signal_worker - INFO - Signal processing loop iteration 37560
[2025-10-30 10:17:24] [STDERR] 2025-10-30 10:17:24,935 - gleitzeit.workers.signal_worker - INFO - Signal processing loop iteration 37580
[2025-10-30 10:17:35] [STDERR] 2025-10-30 10:17:35,048 - gleitzeit.workers.signal_worker - INFO - Signal processing loop iteration 37600
[2025-10-30 10:30:49] [STDERR] 2025-10-30 10:30:49,088 - gleitzeit.core.leader_election - INFO - Worker signal-async lost leadership for {shard:0}:global:signal:leader
[2025-10-30 10:30:49] [STDERR] 2025-10-30 10:30:49,088 - gleitzeit.workers.signal_worker - INFO - Worker signal-async lost signal leadership
[2025-10-30 10:30:56] [STDERR] 2025-10-30 10:30:56,991 - gleitzeit.workers.signal_worker - INFO - Signal processing loop iteration 37620
[2025-10-30 10:31:07] [STDERR] 2025-10-30 10:31:07,032 - gleitzeit.workers.signal_worker - INFO - Signal processing loop iteration 37640
[2025-10-30 10:44:22] [STDERR] 2025-10-30 10:44:22,864 - gleitzeit.core.leader_election - INFO - Worker signal-async became leader for {shard:0}:global:signal:leader
[2025-10-30 10:44:22] [STDERR] 2025-10-30 10:44:22,864 - gleitzeit.workers.signal_worker - INFO - Worker signal-async became signal leader
[2025-10-30 10:44:29] [STDERR] 2025-10-30 10:44:29,903 - gleitzeit.workers.signal_worker - INFO - Signal processing loop iteration 37660
[2025-10-30 10:44:40] [STDERR] 2025-10-30 10:44:40,043 - gleitzeit.workers.signal_worker - INFO - Signal processing loop iteration 37680
[2025-10-30 10:57:59] [STDERR] 2025-10-30 10:57:59,430 - gleitzeit.core.leader_election - INFO - Worker signal-async lost leadership for {shard:0}:global:signal:leader
[2025-10-30 10:57:59] [STDERR] 2025-10-30 10:57:59,430 - gleitzeit.workers.signal_worker - INFO - Worker signal-async lost signal leadership
[2025-10-30 10:58:02] [STDERR] 2025-10-30 10:58:02,606 - gleitzeit.workers.signal_worker - INFO - Signal processing loop iteration 37700
[2025-10-30 10:58:12] [STDERR] 2025-10-30 10:58:12,648 - gleitzeit.workers.signal_worker - INFO - Signal processing loop iteration 37720
[2025-10-30 11:11:32] [STDERR] 2025-10-30 11:11:32,903 - gleitzeit.core.leader_election - INFO - Worker signal-async became leader for {shard:0}:global:signal:leader
[2025-10-30 11:11:32] [STDERR] 2025-10-30 11:11:32,903 - gleitzeit.workers.signal_worker - INFO - Worker signal-async became signal leader
[2025-10-30 11:11:35] [STDERR] 2025-10-30 11:11:35,207 - gleitzeit.workers.signal_worker - INFO - Signal processing loop iteration 37740
[2025-10-30 11:11:45] [STDERR] 2025-10-30 11:11:45,369 - gleitzeit.workers.signal_worker - INFO - Signal processing loop iteration 37760
[2025-10-30 11:25:08] [STDERR] 2025-10-30 11:25:08,051 - gleitzeit.workers.signal_worker - INFO - Signal processing loop iteration 37780
[2025-10-30 11:25:09] [STDERR] 2025-10-30 11:25:09,572 - gleitzeit.core.leader_election - INFO - Worker signal-async lost leadership for {shard:0}:global:signal:leader
[2025-10-30 11:25:09] [STDERR] 2025-10-30 11:25:09,572 - gleitzeit.workers.signal_worker - INFO - Worker signal-async lost signal leadership
[2025-10-30 11:25:18] [STDERR] 2025-10-30 11:25:18,107 - gleitzeit.workers.signal_worker - INFO - Signal processing loop iteration 37800
[2025-10-30 11:25:28] [STDERR] 2025-10-30 11:25:28,179 - gleitzeit.workers.signal_worker - INFO - Signal processing loop iteration 37820
[2025-10-30 11:36:30] [STDERR] 2025-10-30 11:36:30,031 - gleitzeit.core.leader_election - INFO - Worker signal-async became leader for {shard:0}:global:signal:leader
[2025-10-30 11:36:30] [STDERR] 2025-10-30 11:36:30,031 - gleitzeit.workers.signal_worker - INFO - Worker signal-async became signal leader
[2025-10-30 11:36:37] [STDERR] 2025-10-30 11:36:37,659 - gleitzeit.workers.signal_worker - INFO - Signal processing loop iteration 37840
[2025-10-30 11:36:47] [STDERR] 2025-10-30 11:36:47,764 - gleitzeit.workers.signal_worker - INFO - Signal processing loop iteration 37860
[2025-10-30 11:50:10] [STDERR] 2025-10-30 11:50:10,430 - gleitzeit.workers.signal_worker - INFO - Signal processing loop iteration 37880
[2025-10-30 11:50:20] [STDERR] 2025-10-30 11:50:20,546 - gleitzeit.workers.signal_worker - INFO - Signal processing loop iteration 37900
[2025-10-30 12:03:42] [STDERR] 2025-10-30 12:03:42,940 - gleitzeit.workers.signal_worker - INFO - Signal processing loop iteration 37920
[2025-10-30 12:03:53] [STDERR] 2025-10-30 12:03:53,086 - gleitzeit.workers.signal_worker - INFO - Signal processing loop iteration 37940
[2025-10-30 12:17:16] [STDERR] 2025-10-30 12:17:16,154 - gleitzeit.workers.signal_worker - INFO - Signal processing loop iteration 37960
[2025-10-30 12:17:26] [STDERR] 2025-10-30 12:17:26,292 - gleitzeit.workers.signal_worker - INFO - Signal processing loop iteration 37980
[2025-10-30 12:17:36] [STDERR] 2025-10-30 12:17:36,398 - gleitzeit.workers.signal_worker - INFO - Signal processing loop iteration 38000
[2025-10-30 12:30:59] [STDERR] 2025-10-30 12:30:59,995 - gleitzeit.workers.signal_worker - INFO - Signal processing loop iteration 38020
[2025-10-30 12:31:10] [STDERR] 2025-10-30 12:31:10,125 - gleitzeit.workers.signal_worker - INFO - Signal processing loop iteration 38040
[2025-10-30 12:44:32] [STDERR] 2025-10-30 12:44:32,746 - gleitzeit.workers.signal_worker - INFO - Signal processing loop iteration 38060
[2025-10-30 12:44:42] [STDERR] 2025-10-30 12:44:42,869 - gleitzeit.workers.signal_worker - INFO - Signal processing loop iteration 38080
[2025-10-30 12:58:06] [STDERR] 2025-10-30 12:58:06,948 - gleitzeit.workers.signal_worker - INFO - Signal processing loop iteration 38100
[2025-10-30 12:58:17] [STDERR] 2025-10-30 12:58:17,093 - gleitzeit.workers.signal_worker - INFO - Signal processing loop iteration 38120
[2025-10-30 13:11:38] [STDERR] 2025-10-30 13:11:38,896 - gleitzeit.workers.signal_worker - INFO - Signal processing loop iteration 38140
[2025-10-30 13:11:49] [STDERR] 2025-10-30 13:11:49,025 - gleitzeit.workers.signal_worker - INFO - Signal processing loop iteration 38160
[2025-10-30 13:11:59] [STDERR] 2025-10-30 13:11:59,145 - gleitzeit.workers.signal_worker - INFO - Signal processing loop iteration 38180
[2025-10-30 13:25:14] [STDERR] 2025-10-30 13:25:14,448 - gleitzeit.core.leader_election - INFO - Worker signal-async lost leadership for {shard:0}:global:signal:leader
[2025-10-30 13:25:14] [STDERR] 2025-10-30 13:25:14,449 - gleitzeit.workers.signal_worker - INFO - Worker signal-async lost signal leadership
[2025-10-30 13:25:21] [STDERR] 2025-10-30 13:25:21,096 - gleitzeit.workers.signal_worker - INFO - Signal processing loop iteration 38200
[2025-10-30 13:25:31] [STDERR] 2025-10-30 13:25:31,136 - gleitzeit.workers.signal_worker - INFO - Signal processing loop iteration 38220
[2025-10-30 13:38:53] [STDERR] 2025-10-30 13:38:53,818 - gleitzeit.workers.signal_worker - INFO - Signal processing loop iteration 38240
[2025-10-30 13:39:03] [STDERR] 2025-10-30 13:39:03,863 - gleitzeit.workers.signal_worker - INFO - Signal processing loop iteration 38260
[2025-10-30 13:52:26] [STDERR] 2025-10-30 13:52:26,584 - gleitzeit.workers.signal_worker - INFO - Signal processing loop iteration 38280
[2025-10-30 13:52:36] [STDERR] 2025-10-30 13:52:36,622 - gleitzeit.workers.signal_worker - INFO - Signal processing loop iteration 38300
[2025-10-30 14:05:58] [STDERR] 2025-10-30 14:05:58,061 - gleitzeit.core.leader_election - INFO - Worker signal-async became leader for {shard:0}:global:signal:leader
[2025-10-30 14:05:58] [STDERR] 2025-10-30 14:05:58,062 - gleitzeit.workers.signal_worker - INFO - Worker signal-async became signal leader
[2025-10-30 14:05:58] [STDERR] 2025-10-30 14:05:58,800 - gleitzeit.workers.signal_worker - INFO - Signal processing loop iteration 38320
[2025-10-30 14:06:08] [STDERR] 2025-10-30 14:06:08,961 - gleitzeit.workers.signal_worker - INFO - Signal processing loop iteration 38340
[2025-10-30 14:06:19] [STDERR] 2025-10-30 14:06:19,124 - gleitzeit.workers.signal_worker - INFO - Signal processing loop iteration 38360
[2025-10-30 14:19:36] [STDERR] 2025-10-30 14:19:36,094 - gleitzeit.core.leader_election - INFO - Worker signal-async lost leadership for {shard:0}:global:signal:leader
[2025-10-30 14:19:36] [STDERR] 2025-10-30 14:19:36,094 - gleitzeit.workers.signal_worker - INFO - Worker signal-async lost signal leadership
[2025-10-30 14:19:43] [STDERR] 2025-10-30 14:19:43,118 - gleitzeit.workers.signal_worker - INFO - Signal processing loop iteration 38380
[2025-10-30 14:19:53] [STDERR] 2025-10-30 14:19:53,156 - gleitzeit.workers.signal_worker - INFO - Signal processing loop iteration 38400
[2025-10-30 14:33:15] [STDERR] 2025-10-30 14:33:15,866 - gleitzeit.workers.signal_worker - INFO - Signal processing loop iteration 38420
[2025-10-30 14:33:25] [STDERR] 2025-10-30 14:33:25,906 - gleitzeit.workers.signal_worker - INFO - Signal processing loop iteration 38440
[2025-10-30 14:46:47] [STDERR] 2025-10-30 14:46:47,809 - gleitzeit.workers.signal_worker - INFO - Signal processing loop iteration 38460
[2025-10-30 14:46:57] [STDERR] 2025-10-30 14:46:57,855 - gleitzeit.workers.signal_worker - INFO - Signal processing loop iteration 38480
[2025-10-30 15:00:20] [STDERR] 2025-10-30 15:00:20,383 - gleitzeit.workers.signal_worker - INFO - Signal processing loop iteration 38500
[2025-10-30 15:00:30] [STDERR] 2025-10-30 15:00:30,422 - gleitzeit.workers.signal_worker - INFO - Signal processing loop iteration 38520
[2025-10-30 15:00:40] [STDERR] 2025-10-30 15:00:40,465 - gleitzeit.workers.signal_worker - INFO - Signal processing loop iteration 38540
[2025-10-30 15:14:02] [STDERR] 2025-10-30 15:14:02,828 - gleitzeit.workers.signal_worker - INFO - Signal processing loop iteration 38560
[2025-10-30 15:14:12] [STDERR] 2025-10-30 15:14:12,870 - gleitzeit.workers.signal_worker - INFO - Signal processing loop iteration 38580
[2025-10-30 15:27:35] [STDERR] 2025-10-30 15:27:35,322 - gleitzeit.workers.signal_worker - INFO - Signal processing loop iteration 38600
[2025-10-30 15:27:45] [STDERR] 2025-10-30 15:27:45,361 - gleitzeit.workers.signal_worker - INFO - Signal processing loop iteration 38620
[2025-10-30 15:41:05] [STDERR] 2025-10-30 15:41:05,426 - gleitzeit.core.leader_election - INFO - Worker signal-async became leader for {shard:0}:global:signal:leader
[2025-10-30 15:41:05] [STDERR] 2025-10-30 15:41:05,426 - gleitzeit.workers.signal_worker - INFO - Worker signal-async became signal leader
[2025-10-30 15:41:07] [STDERR] 2025-10-30 15:41:07,829 - gleitzeit.workers.signal_worker - INFO - Signal processing loop iteration 38640
[2025-10-30 15:41:17] [STDERR] 2025-10-30 15:41:17,965 - gleitzeit.workers.signal_worker - INFO - Signal processing loop iteration 38660
[2025-10-30 15:54:40] [STDERR] 2025-10-30 15:54:40,602 - gleitzeit.workers.signal_worker - INFO - Signal processing loop iteration 38680
[2025-10-30 15:54:42] [STDERR] 2025-10-30 15:54:42,034 - gleitzeit.core.leader_election - INFO - Worker signal-async lost leadership for {shard:0}:global:signal:leader
[2025-10-30 15:54:42] [STDERR] 2025-10-30 15:54:42,035 - gleitzeit.workers.signal_worker - INFO - Worker signal-async lost signal leadership
[2025-10-30 15:54:50] [STDERR] 2025-10-30 15:54:50,654 - gleitzeit.workers.signal_worker - INFO - Signal processing loop iteration 38700
[2025-10-30 15:55:00] [STDERR] 2025-10-30 15:55:00,698 - gleitzeit.workers.signal_worker - INFO - Signal processing loop iteration 38720
[2025-10-30 16:08:15] [STDERR] 2025-10-30 16:08:15,396 - gleitzeit.core.leader_election - INFO - Worker signal-async became leader for {shard:0}:global:signal:leader
[2025-10-30 16:08:15] [STDERR] 2025-10-30 16:08:15,397 - gleitzeit.workers.signal_worker - INFO - Worker signal-async became signal leader
[2025-10-30 16:08:23] [STDERR] 2025-10-30 16:08:23,062 - gleitzeit.workers.signal_worker - INFO - Signal processing loop iteration 38740
[2025-10-30 16:08:33] [STDERR] 2025-10-30 16:08:33,205 - gleitzeit.workers.signal_worker - INFO - Signal processing loop iteration 38760
[2025-10-30 16:19:49] [STDERR] 2025-10-30 16:19:49,806 - gleitzeit.core.leader_election - INFO - Worker signal-async lost leadership for {shard:0}:global:signal:leader
[2025-10-30 16:19:49] [STDERR] 2025-10-30 16:19:49,806 - gleitzeit.workers.signal_worker - INFO - Worker signal-async lost signal leadership
[2025-10-30 16:19:53] [STDERR] 2025-10-30 16:19:53,603 - gleitzeit.workers.signal_worker - INFO - Signal processing loop iteration 38780
[2025-10-30 16:20:03] [STDERR] 2025-10-30 16:20:03,645 - gleitzeit.workers.signal_worker - INFO - Signal processing loop iteration 38800
[2025-10-30 16:33:23] [STDERR] 2025-10-30 16:33:23,243 - gleitzeit.core.leader_election - INFO - Worker signal-async became leader for {shard:0}:global:signal:leader
[2025-10-30 16:33:23] [STDERR] 2025-10-30 16:33:23,244 - gleitzeit.workers.signal_worker - INFO - Worker signal-async became signal leader
[2025-10-30 16:33:26] [STDERR] 2025-10-30 16:33:26,117 - gleitzeit.workers.signal_worker - INFO - Signal processing loop iteration 38820
[2025-10-30 16:33:36] [STDERR] 2025-10-30 16:33:36,224 - gleitzeit.workers.signal_worker - INFO - Signal processing loop iteration 38840
[2025-10-30 16:46:58] [STDERR] 2025-10-30 16:46:58,380 - gleitzeit.workers.signal_worker - INFO - Signal processing loop iteration 38860
[2025-10-30 16:46:59] [STDERR] 2025-10-30 16:46:59,383 - gleitzeit.core.leader_election - INFO - Worker signal-async lost leadership for {shard:0}:global:signal:leader
[2025-10-30 16:46:59] [STDERR] 2025-10-30 16:46:59,384 - gleitzeit.workers.signal_worker - INFO - Worker signal-async lost signal leadership
[2025-10-30 16:47:08] [STDERR] 2025-10-30 16:47:08,433 - gleitzeit.workers.signal_worker - INFO - Signal processing loop iteration 38880
[2025-10-30 16:47:18] [STDERR] 2025-10-30 16:47:18,513 - gleitzeit.workers.signal_worker - INFO - Signal processing loop iteration 38900
[2025-10-30 17:00:33] [STDERR] 2025-10-30 17:00:33,907 - gleitzeit.core.leader_election - INFO - Worker signal-async became leader for {shard:0}:global:signal:leader
[2025-10-30 17:00:33] [STDERR] 2025-10-30 17:00:33,907 - gleitzeit.workers.signal_worker - INFO - Worker signal-async became signal leader
[2025-10-30 17:00:42] [STDERR] 2025-10-30 17:00:42,053 - gleitzeit.workers.signal_worker - INFO - Signal processing loop iteration 38920
[2025-10-30 17:00:52] [STDERR] 2025-10-30 17:00:52,185 - gleitzeit.workers.signal_worker - INFO - Signal processing loop iteration 38940
[2025-10-30 17:14:10] [STDERR] 2025-10-30 17:14:10,480 - gleitzeit.core.leader_election - INFO - Worker signal-async lost leadership for {shard:0}:global:signal:leader
[2025-10-30 17:14:10] [STDERR] 2025-10-30 17:14:10,480 - gleitzeit.workers.signal_worker - INFO - Worker signal-async lost signal leadership
[2025-10-30 17:14:14] [STDERR] 2025-10-30 17:14:14,877 - gleitzeit.workers.signal_worker - INFO - Signal processing loop iteration 38960
[2025-10-30 17:14:24] [STDERR] 2025-10-30 17:14:24,920 - gleitzeit.workers.signal_worker - INFO - Signal processing loop iteration 38980
[2025-10-30 17:27:47] [STDERR] 2025-10-30 17:27:47,818 - gleitzeit.workers.signal_worker - INFO - Signal processing loop iteration 39000
[2025-10-30 17:27:57] [STDERR] 2025-10-30 17:27:57,859 - gleitzeit.workers.signal_worker - INFO - Signal processing loop iteration 39020
[2025-10-30 17:41:20] [STDERR] 2025-10-30 17:41:20,153 - gleitzeit.workers.signal_worker - INFO - Signal processing loop iteration 39040
[2025-10-30 17:41:20] [STDERR] 2025-10-30 17:41:20,705 - gleitzeit.core.leader_election - INFO - Worker signal-async became leader for {shard:0}:global:signal:leader
[2025-10-30 17:41:20] [STDERR] 2025-10-30 17:41:20,705 - gleitzeit.workers.signal_worker - INFO - Worker signal-async became signal leader
[2025-10-30 17:41:30] [STDERR] 2025-10-30 17:41:30,276 - gleitzeit.workers.signal_worker - INFO - Signal processing loop iteration 39060
[2025-10-30 17:41:40] [STDERR] 2025-10-30 17:41:40,387 - gleitzeit.workers.signal_worker - INFO - Signal processing loop iteration 39080
[2025-10-30 17:54:58] [STDERR] 2025-10-30 17:54:58,017 - gleitzeit.core.leader_election - INFO - Worker signal-async lost leadership for {shard:0}:global:signal:leader
[2025-10-30 17:54:58] [STDERR] 2025-10-30 17:54:58,018 - gleitzeit.workers.signal_worker - INFO - Worker signal-async lost signal leadership
[2025-10-30 17:55:03] [STDERR] 2025-10-30 17:55:03,666 - gleitzeit.workers.signal_worker - INFO - Signal processing loop iteration 39100
[2025-10-30 17:55:13] [STDERR] 2025-10-30 17:55:13,702 - gleitzeit.workers.signal_worker - INFO - Signal processing loop iteration 39120
[2025-10-30 18:08:31] [STDERR] 2025-10-30 18:08:31,769 - gleitzeit.core.leader_election - INFO - Worker signal-async became leader for {shard:0}:global:signal:leader
[2025-10-30 18:08:31] [STDERR] 2025-10-30 18:08:31,770 - gleitzeit.workers.signal_worker - INFO - Worker signal-async became signal leader
[2025-10-30 18:08:36] [STDERR] 2025-10-30 18:08:36,433 - gleitzeit.workers.signal_worker - INFO - Signal processing loop iteration 39140
[2025-10-30 18:08:46] [STDERR] 2025-10-30 18:08:46,548 - gleitzeit.workers.signal_worker - INFO - Signal processing loop iteration 39160
[2025-10-30 18:18:49] [STDERR] 2025-10-30 18:18:49,015 - gleitzeit.core.leader_election - INFO - Worker signal-async lost leadership for {shard:0}:global:signal:leader
[2025-10-30 18:18:49] [STDERR] 2025-10-30 18:18:49,015 - gleitzeit.workers.signal_worker - INFO - Worker signal-async lost signal leadership
[2025-10-30 18:18:49] [STDERR] 2025-10-30 18:18:49,953 - gleitzeit.workers.signal_worker - INFO - Signal processing loop iteration 39180
[2025-10-30 18:18:59] [STDERR] 2025-10-30 18:18:59,995 - gleitzeit.workers.signal_worker - INFO - Signal processing loop iteration 39200
[2025-10-30 18:20:48] [STDERR] 2025-10-30 18:20:48,595 - gleitzeit.workers.signal_worker - INFO - Signal processing loop iteration 39220
[2025-10-30 18:20:48] [STDERR] 2025-10-30 18:20:48,693 - gleitzeit.core.leader_election - INFO - Worker signal-async became leader for {shard:0}:global:signal:leader
[2025-10-30 18:20:48] [STDERR] 2025-10-30 18:20:48,694 - gleitzeit.workers.signal_worker - INFO - Worker signal-async became signal leader
[2025-10-30 18:38:46] [STDERR] 2025-10-30 18:38:46,556 - gleitzeit.core.leader_election - INFO - Worker signal-async lost leadership for {shard:0}:global:signal:leader
[2025-10-30 18:38:46] [STDERR] 2025-10-30 18:38:46,556 - gleitzeit.workers.signal_worker - INFO - Worker signal-async lost signal leadership
[2025-10-30 18:38:47] [STDERR] 2025-10-30 18:38:47,565 - gleitzeit.workers.signal_worker - INFO - Signal processing loop iteration 39240
[2025-10-30 18:54:10] [STDERR] 2025-10-30 18:54:10,402 - gleitzeit.core.leader_election - INFO - Worker signal-async became leader for {shard:0}:global:signal:leader
[2025-10-30 18:54:10] [STDERR] 2025-10-30 18:54:10,402 - gleitzeit.workers.signal_worker - INFO - Worker signal-async became signal leader
[2025-10-30 19:10:08] [STDERR] 2025-10-30 19:10:08,374 - gleitzeit.workers.signal_worker - INFO - Signal processing loop iteration 39260
[2025-10-30 19:44:56] [STDERR] 2025-10-30 19:44:56,636 - gleitzeit.core.leader_election - INFO - Worker signal-async lost leadership for {shard:0}:global:signal:leader
[2025-10-30 19:44:56] [STDERR] 2025-10-30 19:44:56,636 - gleitzeit.workers.signal_worker - INFO - Worker signal-async lost signal leadership
[2025-10-30 19:44:56] [STDERR] 2025-10-30 19:44:56,976 - gleitzeit.workers.signal_worker - INFO - Signal processing loop iteration 39280
[2025-10-30 19:49:30] [STDERR] 2025-10-30 19:49:30,372 - gleitzeit.core.leader_election - INFO - Worker signal-async became leader for {shard:0}:global:signal:leader
[2025-10-30 19:49:30] [STDERR] 2025-10-30 19:49:30,372 - gleitzeit.workers.signal_worker - INFO - Worker signal-async became signal leader
[2025-10-30 19:49:37] [STDERR] 2025-10-30 19:49:37,898 - gleitzeit.workers.signal_worker - INFO - Signal processing loop iteration 39300
[2025-10-30 20:05:46] [STDERR] 2025-10-30 20:05:46,902 - gleitzeit.workers.signal_worker - INFO - Signal processing loop iteration 39320
[2025-10-30 20:21:40] [STDERR] 2025-10-30 20:21:40,085 - gleitzeit.core.leader_election - INFO - Worker signal-async lost leadership for {shard:0}:global:signal:leader
[2025-10-30 20:21:40] [STDERR] 2025-10-30 20:21:40,086 - gleitzeit.workers.signal_worker - INFO - Worker signal-async lost signal leadership
[2025-10-30 20:38:19] [STDERR] 2025-10-30 20:38:19,843 - gleitzeit.core.leader_election - INFO - Worker signal-async became leader for {shard:0}:global:signal:leader
[2025-10-30 20:38:19] [STDERR] 2025-10-30 20:38:19,844 - gleitzeit.workers.signal_worker - INFO - Worker signal-async became signal leader
[2025-10-30 20:38:20] [STDERR] 2025-10-30 20:38:20,643 - gleitzeit.workers.signal_worker - INFO - Signal processing loop iteration 39340
[2025-10-30 21:13:31] [STDERR] 2025-10-30 21:13:31,350 - gleitzeit.workers.signal_worker - INFO - Signal processing loop iteration 39360
[2025-10-30 21:19:29] [STDERR] 2025-10-30 21:19:29,675 - gleitzeit.workers.signal_worker - INFO - Signal processing loop iteration 39380
[2025-10-30 21:19:38] [STDERR] 2025-10-30 21:19:38,502 - gleitzeit.workers.signal_worker - INFO - Signal processing loop iteration 39400
[2025-10-30 21:54:26] [STDERR] 2025-10-30 21:54:26,417 - gleitzeit.workers.signal_worker - INFO - Signal processing loop iteration 39420
[2025-10-30 21:54:39] [STDERR] 2025-10-30 21:54:39,650 - gleitzeit.workers.signal_worker - INFO - Signal processing loop iteration 39440
[2025-10-30 22:12:19] [STDERR] 2025-10-30 22:12:19,454 - gleitzeit.workers.signal_worker - INFO - Signal processing loop iteration 39460
[2025-10-30 22:45:54] [STDERR] 2025-10-30 22:45:54,996 - gleitzeit.core.leader_election - INFO - Worker signal-async lost leadership for {shard:0}:global:signal:leader
[2025-10-30 22:45:54] [STDERR] 2025-10-30 22:45:54,996 - gleitzeit.workers.signal_worker - INFO - Worker signal-async lost signal leadership
[2025-10-30 22:45:55] [STDERR] 2025-10-30 22:45:55,884 - gleitzeit.workers.signal_worker - INFO - Signal processing loop iteration 39480
[2025-10-30 23:19:09] [STDERR] 2025-10-30 23:19:09,099 - gleitzeit.core.leader_election - INFO - Worker signal-async became leader for {shard:0}:global:signal:leader
[2025-10-30 23:19:09] [STDERR] 2025-10-30 23:19:09,099 - gleitzeit.workers.signal_worker - INFO - Worker signal-async became signal leader
[2025-10-30 23:19:11] [STDERR] 2025-10-30 23:19:11,191 - gleitzeit.workers.signal_worker - INFO - Signal processing loop iteration 39500
[2025-10-30 23:19:46] [STDERR] 2025-10-30 23:19:46,351 - gleitzeit.workers.signal_worker - INFO - Signal processing loop iteration 39520
[2025-10-30 23:20:21] [STDERR] 2025-10-30 23:20:21,501 - gleitzeit.workers.signal_worker - INFO - Signal processing loop iteration 39540
[2025-10-30 23:20:23] [STDERR] 2025-10-30 23:20:23,061 - gleitzeit.core.leader_election - INFO - Worker signal-async lost leadership for {shard:0}:global:signal:leader
[2025-10-30 23:20:23] [STDERR] 2025-10-30 23:20:23,061 - gleitzeit.workers.signal_worker - INFO - Worker signal-async lost signal leadership
[2025-10-30 23:20:44] [STDERR] 2025-10-30 23:20:44,889 - gleitzeit.core.leader_election - INFO - Worker signal-async became leader for {shard:0}:global:signal:leader
[2025-10-30 23:20:44] [STDERR] 2025-10-30 23:20:44,889 - gleitzeit.workers.signal_worker - INFO - Worker signal-async became signal leader
[2025-10-30 23:20:48] [STDERR] 2025-10-30 23:20:48,375 - gleitzeit.workers.signal_worker - INFO - Signal processing loop iteration 39560
[2025-10-30 23:20:58] [STDERR] 2025-10-30 23:20:58,484 - gleitzeit.workers.signal_worker - INFO - Signal processing loop iteration 39580
[2025-10-30 23:21:08] [STDERR] 2025-10-30 23:21:08,643 - gleitzeit.workers.signal_worker - INFO - Signal processing loop iteration 39600
[2025-10-30 23:38:03] [STDERR] 2025-10-30 23:38:03,824 - gleitzeit.core.leader_election - INFO - Worker signal-async lost leadership for {shard:0}:global:signal:leader
[2025-10-30 23:38:03] [STDERR] 2025-10-30 23:38:03,824 - gleitzeit.workers.signal_worker - INFO - Worker signal-async lost signal leadership
[2025-10-30 23:38:09] [STDERR] 2025-10-30 23:38:09,580 - gleitzeit.workers.signal_worker - INFO - Signal processing loop iteration 39620
[2025-10-30 23:38:19] [STDERR] 2025-10-30 23:38:19,619 - gleitzeit.workers.signal_worker - INFO - Signal processing loop iteration 39640
[2025-10-30 23:54:52] [STDERR] 2025-10-30 23:54:52,839 - gleitzeit.core.leader_election - INFO - Worker signal-async became leader for {shard:0}:global:signal:leader
[2025-10-30 23:54:52] [STDERR] 2025-10-30 23:54:52,839 - gleitzeit.workers.signal_worker - INFO - Worker signal-async became signal leader
[2025-10-30 23:54:54] [STDERR] 2025-10-30 23:54:54,535 - gleitzeit.workers.signal_worker - INFO - Signal processing loop iteration 39660
[2025-10-31 00:29:18] [STDERR] 2025-10-31 00:29:18,981 - gleitzeit.workers.signal_worker - INFO - Signal processing loop iteration 39680
[2025-10-31 00:29:29] [STDERR] 2025-10-31 00:29:29,867 - gleitzeit.workers.signal_worker - INFO - Signal processing loop iteration 39700
[2025-10-31 00:29:40] [STDERR] 2025-10-31 00:29:40,030 - gleitzeit.workers.signal_worker - INFO - Signal processing loop iteration 39720
[2025-10-31 00:46:44] [STDERR] 2025-10-31 00:46:44,747 - gleitzeit.core.leader_election - INFO - Worker signal-async lost leadership for {shard:0}:global:signal:leader
[2025-10-31 00:46:44] [STDERR] 2025-10-31 00:46:44,747 - gleitzeit.workers.signal_worker - INFO - Worker signal-async lost signal leadership
[2025-10-31 00:46:54] [STDERR] 2025-10-31 00:46:54,995 - gleitzeit.workers.signal_worker - INFO - Signal processing loop iteration 39740
[2025-10-31 00:47:05] [STDERR] 2025-10-31 00:47:05,042 - gleitzeit.workers.signal_worker - INFO - Signal processing loop iteration 39760
[2025-10-31 01:02:14] [STDERR] 2025-10-31 01:02:14,591 - gleitzeit.core.leader_election - INFO - Worker signal-async became leader for {shard:0}:global:signal:leader
[2025-10-31 01:02:14] [STDERR] 2025-10-31 01:02:14,591 - gleitzeit.workers.signal_worker - INFO - Worker signal-async became signal leader
[2025-10-31 01:02:17] [STDERR] 2025-10-31 01:02:17,377 - gleitzeit.workers.signal_worker - INFO - Signal processing loop iteration 39780
[2025-10-31 01:02:27] [STDERR] 2025-10-31 01:02:27,507 - gleitzeit.workers.signal_worker - INFO - Signal processing loop iteration 39800
[2025-10-31 01:18:47] [STDERR] 2025-10-31 01:18:47,975 - gleitzeit.workers.signal_worker - INFO - Signal processing loop iteration 39820
[2025-10-31 01:36:02] [STDERR] 2025-10-31 01:36:02,501 - gleitzeit.workers.signal_worker - INFO - Signal processing loop iteration 39840
[2025-10-31 01:51:10] [STDERR] 2025-10-31 01:51:10,332 - gleitzeit.core.leader_election - INFO - Worker signal-async lost leadership for {shard:0}:global:signal:leader
[2025-10-31 01:51:10] [STDERR] 2025-10-31 01:51:10,332 - gleitzeit.workers.signal_worker - INFO - Worker signal-async lost signal leadership
[2025-10-31 01:51:17] [STDERR] 2025-10-31 01:51:17,995 - gleitzeit.workers.signal_worker - INFO - Signal processing loop iteration 39860
[2025-10-31 01:51:28] [STDERR] 2025-10-31 01:51:28,050 - gleitzeit.workers.signal_worker - INFO - Signal processing loop iteration 39880
[2025-10-31 02:06:57] [STDERR] 2025-10-31 02:06:57,965 - gleitzeit.workers.signal_worker - INFO - Signal processing loop iteration 39900
[2025-10-31 02:10:42] [STDERR] 2025-10-31 02:10:42,658 - gleitzeit.workers.signal_worker - INFO - Signal processing loop iteration 39920
[2025-10-31 02:10:52] [STDERR] 2025-10-31 02:10:52,693 - gleitzeit.workers.signal_worker - INFO - Signal processing loop iteration 39940
[2025-10-31 02:26:27] [STDERR] 2025-10-31 02:26:27,688 - gleitzeit.workers.signal_worker - INFO - Signal processing loop iteration 39960
[2025-10-31 02:26:37] [STDERR] 2025-10-31 02:26:37,727 - gleitzeit.workers.signal_worker - INFO - Signal processing loop iteration 39980
[2025-10-31 02:27:06] [STDERR] 2025-10-31 02:27:06,799 - gleitzeit.core.leader_election - INFO - Worker signal-async became leader for {shard:0}:global:signal:leader
[2025-10-31 02:27:06] [STDERR] 2025-10-31 02:27:06,799 - gleitzeit.workers.signal_worker - INFO - Worker signal-async became signal leader
[2025-10-31 02:27:12] [STDERR] 2025-10-31 02:27:12,747 - gleitzeit.workers.signal_worker - INFO - Signal processing loop iteration 40000
[2025-10-31 02:27:22] [STDERR] 2025-10-31 02:27:22,934 - gleitzeit.workers.signal_worker - INFO - Signal processing loop iteration 40020
[2025-10-31 02:42:39] [STDERR] 2025-10-31 02:42:39,471 - gleitzeit.workers.signal_worker - INFO - Signal processing loop iteration 40040
[2025-10-31 02:42:39] [STDERR] 2025-10-31 02:42:39,972 - gleitzeit.core.leader_election - INFO - Worker signal-async lost leadership for {shard:0}:global:signal:leader
[2025-10-31 02:42:39] [STDERR] 2025-10-31 02:42:39,972 - gleitzeit.workers.signal_worker - INFO - Worker signal-async lost signal leadership
[2025-10-31 02:42:50] [STDERR] 2025-10-31 02:42:50,486 - gleitzeit.workers.signal_worker - INFO - Signal processing loop iteration 40060
[2025-10-31 02:43:00] [STDERR] 2025-10-31 02:43:00,525 - gleitzeit.workers.signal_worker - INFO - Signal processing loop iteration 40080
[2025-10-31 02:58:11] [STDERR] 2025-10-31 02:58:11,356 - gleitzeit.workers.signal_worker - INFO - Signal processing loop iteration 40100
[2025-10-31 02:58:21] [STDERR] 2025-10-31 02:58:21,416 - gleitzeit.workers.signal_worker - INFO - Signal processing loop iteration 40120
[2025-10-31 02:58:31] [STDERR] 2025-10-31 02:58:31,466 - gleitzeit.workers.signal_worker - INFO - Signal processing loop iteration 40140
[2025-10-31 03:15:52] [STDERR] 2025-10-31 03:15:52,192 - gleitzeit.core.leader_election - INFO - Worker signal-async became leader for {shard:0}:global:signal:leader
[2025-10-31 03:15:52] [STDERR] 2025-10-31 03:15:52,192 - gleitzeit.workers.signal_worker - INFO - Worker signal-async became signal leader
[2025-10-31 03:31:01] [STDERR] 2025-10-31 03:31:01,795 - gleitzeit.workers.signal_worker - INFO - Signal processing loop iteration 40160
[2025-10-31 03:31:11] [STDERR] 2025-10-31 03:31:11,889 - gleitzeit.workers.signal_worker - INFO - Signal processing loop iteration 40180
[2025-10-31 03:31:21] [STDERR] 2025-10-31 03:31:21,998 - gleitzeit.workers.signal_worker - INFO - Signal processing loop iteration 40200
[2025-10-31 03:48:42] [STDERR] 2025-10-31 03:48:42,565 - gleitzeit.workers.signal_worker - INFO - Signal processing loop iteration 40220
[2025-10-31 03:48:52] [STDERR] 2025-10-31 03:48:52,691 - gleitzeit.workers.signal_worker - INFO - Signal processing loop iteration 40240
[2025-10-31 04:02:32] [STDERR] 2025-10-31 04:02:32,074 - gleitzeit.workers.signal_worker - INFO - Signal processing loop iteration 40260
[2025-10-31 04:02:42] [STDERR] 2025-10-31 04:02:42,183 - gleitzeit.workers.signal_worker - INFO - Signal processing loop iteration 40280
[2025-10-31 04:11:37] [STDERR] 2025-10-31 04:11:37,077 - gleitzeit.workers.signal_worker - INFO - Signal processing loop iteration 40300
[2025-10-31 04:27:14] [STDERR] 2025-10-31 04:27:14,068 - gleitzeit.core.leader_election - INFO - Worker signal-async lost leadership for {shard:0}:global:signal:leader
[2025-10-31 04:27:14] [STDERR] 2025-10-31 04:27:14,068 - gleitzeit.workers.signal_worker - INFO - Worker signal-async lost signal leadership
[2025-10-31 04:27:16] [STDERR] 2025-10-31 04:27:16,965 - gleitzeit.workers.signal_worker - INFO - Signal processing loop iteration 40320
[2025-10-31 04:58:58] [STDERR] 2025-10-31 04:58:58,547 - gleitzeit.core.leader_election - INFO - Worker signal-async became leader for {shard:0}:global:signal:leader
[2025-10-31 04:58:58] [STDERR] 2025-10-31 04:58:58,548 - gleitzeit.workers.signal_worker - INFO - Worker signal-async became signal leader
[2025-10-31 04:59:02] [STDERR] 2025-10-31 04:59:02,557 - gleitzeit.workers.signal_worker - INFO - Signal processing loop iteration 40340
[2025-10-31 04:59:12] [STDERR] 2025-10-31 04:59:12,672 - gleitzeit.workers.signal_worker - INFO - Signal processing loop iteration 40360
[2025-10-31 04:59:22] [STDERR] 2025-10-31 04:59:22,778 - gleitzeit.workers.signal_worker - INFO - Signal processing loop iteration 40380
[2025-10-31 05:14:28] [STDERR] 2025-10-31 05:14:28,484 - gleitzeit.core.leader_election - INFO - Worker signal-async lost leadership for {shard:0}:global:signal:leader
[2025-10-31 05:14:28] [STDERR] 2025-10-31 05:14:28,485 - gleitzeit.workers.signal_worker - INFO - Worker signal-async lost signal leadership
[2025-10-31 05:14:32] [STDERR] 2025-10-31 05:14:32,769 - gleitzeit.workers.signal_worker - INFO - Signal processing loop iteration 40400
[2025-10-31 05:14:42] [STDERR] 2025-10-31 05:14:42,806 - gleitzeit.workers.signal_worker - INFO - Signal processing loop iteration 40420
[2025-10-31 05:31:34] [STDERR] 2025-10-31 05:31:34,327 - gleitzeit.workers.signal_worker - INFO - Signal processing loop iteration 40440
[2025-10-31 05:47:48] [STDERR] 2025-10-31 05:47:48,565 - gleitzeit.core.leader_election - INFO - Worker signal-async became leader for {shard:0}:global:signal:leader
[2025-10-31 05:47:48] [STDERR] 2025-10-31 05:47:48,565 - gleitzeit.workers.signal_worker - INFO - Worker signal-async became signal leader
[2025-10-31 05:47:53] [STDERR] 2025-10-31 05:47:53,018 - gleitzeit.workers.signal_worker - INFO - Signal processing loop iteration 40460
[2025-10-31 06:03:15] [STDERR] 2025-10-31 06:03:15,211 - gleitzeit.core.leader_election - INFO - Worker signal-async lost leadership for {shard:0}:global:signal:leader
[2025-10-31 06:03:15] [STDERR] 2025-10-31 06:03:15,211 - gleitzeit.workers.signal_worker - INFO - Worker signal-async lost signal leadership
[2025-10-31 06:03:23] [STDERR] 2025-10-31 06:03:23,897 - gleitzeit.workers.signal_worker - INFO - Signal processing loop iteration 40480
[2025-10-31 06:03:33] [STDERR] 2025-10-31 06:03:33,938 - gleitzeit.workers.signal_worker - INFO - Signal processing loop iteration 40500
[2025-10-31 06:18:59] [STDERR] 2025-10-31 06:18:59,689 - gleitzeit.core.leader_election - INFO - Worker signal-async became leader for {shard:0}:global:signal:leader
[2025-10-31 06:18:59] [STDERR] 2025-10-31 06:18:59,689 - gleitzeit.workers.signal_worker - INFO - Worker signal-async became signal leader
[2025-10-31 06:19:01] [STDERR] 2025-10-31 06:19:01,451 - gleitzeit.workers.signal_worker - INFO - Signal processing loop iteration 40520
[2025-10-31 06:51:23] [STDERR] 2025-10-31 06:51:23,869 - gleitzeit.core.leader_election - INFO - Worker signal-async lost leadership for {shard:0}:global:signal:leader
[2025-10-31 06:51:23] [STDERR] 2025-10-31 06:51:23,869 - gleitzeit.workers.signal_worker - INFO - Worker signal-async lost signal leadership
[2025-10-31 06:51:23] [STDERR] 2025-10-31 06:51:23,908 - gleitzeit.workers.signal_worker - INFO - Signal processing loop iteration 40540
[2025-10-31 06:51:33] [STDERR] 2025-10-31 06:51:33,951 - gleitzeit.workers.signal_worker - INFO - Signal processing loop iteration 40560
[2025-10-31 06:51:43] [STDERR] 2025-10-31 06:51:43,995 - gleitzeit.workers.signal_worker - INFO - Signal processing loop iteration 40580
[2025-10-31 07:06:53] [STDERR] 2025-10-31 07:06:53,674 - gleitzeit.core.leader_election - INFO - Worker signal-async became leader for {shard:0}:global:signal:leader
[2025-10-31 07:06:53] [STDERR] 2025-10-31 07:06:53,674 - gleitzeit.workers.signal_worker - INFO - Worker signal-async became signal leader
[2025-10-31 07:06:59] [STDERR] 2025-10-31 07:06:59,986 - gleitzeit.workers.signal_worker - INFO - Signal processing loop iteration 40600
[2025-10-31 07:07:10] [STDERR] 2025-10-31 07:07:10,089 - gleitzeit.workers.signal_worker - INFO - Signal processing loop iteration 40620
[2025-10-31 07:23:03] [STDERR] 2025-10-31 07:23:03,392 - gleitzeit.workers.signal_worker - INFO - Signal processing loop iteration 40640
[2025-10-31 07:58:06] [STDERR] 2025-10-31 07:58:06,340 - gleitzeit.workers.signal_worker - INFO - Signal processing loop iteration 40660
[2025-10-31 08:14:47] [STDERR] 2025-10-31 08:14:47,076 - gleitzeit.core.leader_election - INFO - Worker signal-async lost leadership for {shard:0}:global:signal:leader
[2025-10-31 08:14:47] [STDERR] 2025-10-31 08:14:47,076 - gleitzeit.workers.signal_worker - INFO - Worker signal-async lost signal leadership
[2025-10-31 08:29:52] [STDERR] 2025-10-31 08:29:52,453 - gleitzeit.core.leader_election - INFO - Worker signal-async became leader for {shard:0}:global:signal:leader
[2025-10-31 08:29:52] [STDERR] 2025-10-31 08:29:52,453 - gleitzeit.workers.signal_worker - INFO - Worker signal-async became signal leader
[2025-10-31 08:29:54] [STDERR] 2025-10-31 08:29:54,516 - gleitzeit.workers.signal_worker - INFO - Signal processing loop iteration 40680
[2025-10-31 08:30:04] [STDERR] 2025-10-31 08:30:04,654 - gleitzeit.workers.signal_worker - INFO - Signal processing loop iteration 40700
[2025-10-31 08:30:14] [STDERR] 2025-10-31 08:30:14,909 - gleitzeit.workers.signal_worker - INFO - Signal processing loop iteration 40720
[2025-10-31 08:45:03] [STDERR] 2025-10-31 08:45:03,989 - gleitzeit.workers.signal_worker - INFO - Signal processing loop iteration 40740
[2025-10-31 08:45:14] [STDERR] 2025-10-31 08:45:14,155 - gleitzeit.workers.signal_worker - INFO - Signal processing loop iteration 40760
[2025-10-31 09:18:37] [STDERR] 2025-10-31 09:18:37,466 - gleitzeit.workers.signal_worker - INFO - Signal processing loop iteration 40780
[2025-10-31 09:34:43] [STDERR] 2025-10-31 09:34:43,389 - gleitzeit.workers.signal_worker - INFO - Signal processing loop iteration 40800
[2025-10-31 09:52:27] [STDERR] 2025-10-31 09:52:27,943 - gleitzeit.core.leader_election - INFO - Worker signal-async lost leadership for {shard:0}:global:signal:leader
[2025-10-31 09:52:27] [STDERR] 2025-10-31 09:52:27,943 - gleitzeit.workers.signal_worker - INFO - Worker signal-async lost signal leadership
[2025-10-31 10:09:18] [STDERR] 2025-10-31 10:09:18,694 - gleitzeit.core.leader_election - INFO - Worker signal-async became leader for {shard:0}:global:signal:leader
[2025-10-31 10:09:18] [STDERR] 2025-10-31 10:09:18,694 - gleitzeit.workers.signal_worker - INFO - Worker signal-async became signal leader
[2025-10-31 10:09:22] [STDERR] 2025-10-31 10:09:22,992 - gleitzeit.workers.signal_worker - INFO - Signal processing loop iteration 40820
[2025-10-31 10:41:44] [STDERR] 2025-10-31 10:41:44,672 - gleitzeit.workers.signal_worker - INFO - Signal processing loop iteration 40840
[2025-10-31 10:59:15] [STDERR] 2025-10-31 10:59:15,946 - gleitzeit.core.leader_election - INFO - Worker signal-async lost leadership for {shard:0}:global:signal:leader
[2025-10-31 10:59:15] [STDERR] 2025-10-31 10:59:15,946 - gleitzeit.workers.signal_worker - INFO - Worker signal-async lost signal leadership
[2025-10-31 11:16:06] [STDERR] 2025-10-31 11:16:06,696 - gleitzeit.core.leader_election - INFO - Worker signal-async became leader for {shard:0}:global:signal:leader
[2025-10-31 11:16:06] [STDERR] 2025-10-31 11:16:06,697 - gleitzeit.workers.signal_worker - INFO - Worker signal-async became signal leader
[2025-10-31 11:16:10] [STDERR] 2025-10-31 11:16:10,351 - gleitzeit.workers.signal_worker - INFO - Signal processing loop iteration 40860
[2025-10-31 11:37:26] [STDERR] 2025-10-31 11:37:26,961 - gleitzeit.workers.signal_worker - INFO - Signal processing loop iteration 40880
[2025-10-31 11:54:44] [STDERR] 2025-10-31 11:54:44,541 - gleitzeit.workers.signal_worker - INFO - Signal processing loop iteration 40900
[2025-10-31 12:02:15] [STDERR] 2025-10-31 12:02:15,466 - gleitzeit.workers.signal_worker - INFO - Signal processing loop iteration 40920
[2025-10-31 12:02:25] [STDERR] 2025-10-31 12:02:25,575 - gleitzeit.workers.signal_worker - INFO - Signal processing loop iteration 40940
[2025-10-31 12:15:28] [STDERR] 2025-10-31 12:15:28,116 - gleitzeit.workers.signal_worker - INFO - Signal processing loop iteration 40960
[2025-10-31 12:15:38] [STDERR] 2025-10-31 12:15:38,238 - gleitzeit.workers.signal_worker - INFO - Signal processing loop iteration 40980
[2025-10-31 12:17:44] [STDERR] 2025-10-31 12:17:44,995 - gleitzeit.workers.signal_worker - INFO - Signal processing loop iteration 41000
[2025-10-31 12:31:25] [STDERR] 2025-10-31 12:31:25,990 - gleitzeit.core.leader_election - INFO - Worker signal-async lost leadership for {shard:0}:global:signal:leader
[2025-10-31 12:31:25] [STDERR] 2025-10-31 12:31:25,990 - gleitzeit.workers.signal_worker - INFO - Worker signal-async lost signal leadership
[2025-10-31 12:31:26] [STDERR] 2025-10-31 12:31:26,512 - gleitzeit.workers.signal_worker - INFO - Signal processing loop iteration 41020
[2025-10-31 12:31:36] [STDERR] 2025-10-31 12:31:36,634 - gleitzeit.workers.signal_worker - INFO - Signal processing loop iteration 41040
[2025-10-31 12:31:46] [STDERR] 2025-10-31 12:31:46,669 - gleitzeit.workers.signal_worker - INFO - Signal processing loop iteration 41060
[2025-10-31 12:48:20] [STDERR] 2025-10-31 12:48:20,030 - gleitzeit.core.leader_election - INFO - Worker signal-async became leader for {shard:0}:global:signal:leader
[2025-10-31 12:48:20] [STDERR] 2025-10-31 12:48:20,031 - gleitzeit.workers.signal_worker - INFO - Worker signal-async became signal leader
[2025-10-31 12:58:12] [STDERR] 2025-10-31 12:58:12,765 - gleitzeit.core.leader_election - INFO - Worker signal-async lost leadership for {shard:0}:global:signal:leader
[2025-10-31 12:58:12] [STDERR] 2025-10-31 12:58:12,765 - gleitzeit.workers.signal_worker - INFO - Worker signal-async lost signal leadership
[2025-10-31 12:58:13] [STDERR] 2025-10-31 12:58:13,614 - gleitzeit.workers.signal_worker - INFO - Signal processing loop iteration 41080
[2025-10-31 12:58:23] [STDERR] 2025-10-31 12:58:23,653 - gleitzeit.workers.signal_worker - INFO - Signal processing loop iteration 41100
[2025-10-31 13:14:23] [STDERR] 2025-10-31 13:14:23,736 - gleitzeit.core.leader_election - INFO - Worker signal-async became leader for {shard:0}:global:signal:leader
[2025-10-31 13:14:23] [STDERR] 2025-10-31 13:14:23,736 - gleitzeit.workers.signal_worker - INFO - Worker signal-async became signal leader
[2025-10-31 13:30:00] [STDERR] 2025-10-31 13:30:00,850 - gleitzeit.core.leader_election - INFO - Worker signal-async lost leadership for {shard:0}:global:signal:leader
[2025-10-31 13:30:00] [STDERR] 2025-10-31 13:30:00,850 - gleitzeit.workers.signal_worker - INFO - Worker signal-async lost signal leadership
[2025-10-31 13:30:00] [STDERR] 2025-10-31 13:30:00,885 - gleitzeit.workers.signal_worker - INFO - Signal processing loop iteration 41120
[2025-10-31 13:47:49] [STDERR] 2025-10-31 13:47:49,980 - gleitzeit.core.leader_election - INFO - Worker signal-async became leader for {shard:0}:global:signal:leader
[2025-10-31 13:47:49] [STDERR] 2025-10-31 13:47:49,980 - gleitzeit.workers.signal_worker - INFO - Worker signal-async became signal leader
[2025-10-31 14:03:15] [STDERR] 2025-10-31 14:03:15,164 - gleitzeit.workers.signal_worker - INFO - Signal processing loop iteration 41140
[2025-10-31 14:20:39] [STDERR] 2025-10-31 14:20:39,487 - gleitzeit.workers.signal_worker - INFO - Signal processing loop iteration 41160
[2025-10-31 14:52:29] [STDERR] 2025-10-31 14:52:29,890 - gleitzeit.workers.signal_worker - INFO - Signal processing loop iteration 41180
[2025-10-31 15:41:20] [STDERR] 2025-10-31 15:41:20,385 - gleitzeit.workers.signal_worker - INFO - Signal processing loop iteration 41200
[2025-10-31 15:41:21] [STDERR] 2025-10-31 15:41:21,819 - gleitzeit.core.leader_election - INFO - Worker signal-async lost leadership for {shard:0}:global:signal:leader
[2025-10-31 15:41:21] [STDERR] 2025-10-31 15:41:21,820 - gleitzeit.workers.signal_worker - INFO - Worker signal-async lost signal leadership
[2025-10-31 15:56:23] [STDERR] 2025-10-31 15:56:23,943 - gleitzeit.core.leader_election - INFO - Worker signal-async became leader for {shard:0}:global:signal:leader
[2025-10-31 15:56:23] [STDERR] 2025-10-31 15:56:23,943 - gleitzeit.workers.signal_worker - INFO - Worker signal-async became signal leader
[2025-10-31 16:11:44] [STDERR] 2025-10-31 16:11:44,711 - gleitzeit.workers.signal_worker - INFO - Signal processing loop iteration 41220
[2025-10-31 16:29:08] [STDERR] 2025-10-31 16:29:08,180 - gleitzeit.core.leader_election - INFO - Worker signal-async lost leadership for {shard:0}:global:signal:leader
[2025-10-31 16:29:08] [STDERR] 2025-10-31 16:29:08,181 - gleitzeit.workers.signal_worker - INFO - Worker signal-async lost signal leadership
[2025-10-31 16:46:35] [STDERR] 2025-10-31 16:46:35,294 - gleitzeit.core.leader_election - INFO - Worker signal-async became leader for {shard:0}:global:signal:leader
[2025-10-31 16:46:35] [STDERR] 2025-10-31 16:46:35,294 - gleitzeit.workers.signal_worker - INFO - Worker signal-async became signal leader
[2025-10-31 17:03:59] [STDERR] 2025-10-31 17:03:59,122 - gleitzeit.workers.signal_worker - INFO - Signal processing loop iteration 41240
[2025-10-31 17:36:19] [STDERR] 2025-10-31 17:36:19,576 - gleitzeit.core.leader_election - INFO - Worker signal-async lost leadership for {shard:0}:global:signal:leader
[2025-10-31 17:36:19] [STDERR] 2025-10-31 17:36:19,576 - gleitzeit.workers.signal_worker - INFO - Worker signal-async lost signal leadership
[2025-10-31 17:51:10] [STDERR] 2025-10-31 17:51:10,077 - gleitzeit.workers.signal_worker - INFO - Signal processing loop iteration 41260
[2025-10-31 17:51:20] [STDERR] 2025-10-31 17:51:20,116 - gleitzeit.workers.signal_worker - INFO - Signal processing loop iteration 41280
[2025-10-31 17:51:30] [STDERR] 2025-10-31 17:51:30,155 - gleitzeit.workers.signal_worker - INFO - Signal processing loop iteration 41300
[2025-10-31 18:08:58] [STDERR] 2025-10-31 18:08:58,032 - gleitzeit.core.leader_election - INFO - Worker signal-async became leader for {shard:0}:global:signal:leader
[2025-10-31 18:08:58] [STDERR] 2025-10-31 18:08:58,032 - gleitzeit.workers.signal_worker - INFO - Worker signal-async became signal leader
[2025-10-31 18:09:00] [STDERR] 2025-10-31 18:09:00,128 - gleitzeit.workers.signal_worker - INFO - Signal processing loop iteration 41320
[2025-10-31 18:24:33] [STDERR] 2025-10-31 18:24:33,156 - gleitzeit.core.leader_election - INFO - Worker signal-async lost leadership for {shard:0}:global:signal:leader
[2025-10-31 18:24:33] [STDERR] 2025-10-31 18:24:33,156 - gleitzeit.workers.signal_worker - INFO - Worker signal-async lost signal leadership
[2025-10-31 18:57:22] [STDERR] 2025-10-31 18:57:22,679 - gleitzeit.workers.signal_worker - INFO - Signal processing loop iteration 41340
[2025-10-31 19:14:17] [STDERR] 2025-10-31 19:14:17,509 - gleitzeit.core.leader_election - INFO - Worker signal-async became leader for {shard:0}:global:signal:leader
[2025-10-31 19:14:17] [STDERR] 2025-10-31 19:14:17,509 - gleitzeit.workers.signal_worker - INFO - Worker signal-async became signal leader
[2025-10-31 19:30:52] [STDERR] 2025-10-31 19:30:52,606 - gleitzeit.core.leader_election - INFO - Worker signal-async lost leadership for {shard:0}:global:signal:leader
[2025-10-31 19:30:52] [STDERR] 2025-10-31 19:30:52,606 - gleitzeit.workers.signal_worker - INFO - Worker signal-async lost signal leadership
[2025-10-31 19:30:54] [STDERR] 2025-10-31 19:30:54,028 - gleitzeit.workers.signal_worker - INFO - Signal processing loop iteration 41360
[2025-10-31 20:03:39] [STDERR] 2025-10-31 20:03:39,819 - gleitzeit.core.leader_election - INFO - Worker signal-async became leader for {shard:0}:global:signal:leader
[2025-10-31 20:03:39] [STDERR] 2025-10-31 20:03:39,819 - gleitzeit.workers.signal_worker - INFO - Worker signal-async became signal leader
[2025-10-31 20:19:27] [STDERR] 2025-10-31 20:19:27,434 - gleitzeit.workers.signal_worker - INFO - Signal processing loop iteration 41380
[2025-10-31 20:19:27] [STDERR] 2025-10-31 20:19:27,932 - gleitzeit.core.leader_election - INFO - Worker signal-async lost leadership for {shard:0}:global:signal:leader
[2025-10-31 20:19:27] [STDERR] 2025-10-31 20:19:27,932 - gleitzeit.workers.signal_worker - INFO - Worker signal-async lost signal leadership
[2025-10-31 20:28:33] [STDERR] 2025-10-31 20:28:33,053 - gleitzeit.core.leader_election - INFO - Worker signal-async became leader for {shard:0}:global:signal:leader
[2025-10-31 20:28:33] [STDERR] 2025-10-31 20:28:33,053 - gleitzeit.workers.signal_worker - INFO - Worker signal-async became signal leader
[2025-10-31 20:28:39] [STDERR] 2025-10-31 20:28:39,741 - gleitzeit.workers.signal_worker - INFO - Signal processing loop iteration 41400
[2025-10-31 21:00:44] [STDERR] 2025-10-31 21:00:44,608 - gleitzeit.workers.signal_worker - INFO - Signal processing loop iteration 41420
[2025-10-31 21:17:51] [STDERR] 2025-10-31 21:17:51,907 - gleitzeit.core.leader_election - INFO - Worker signal-async lost leadership for {shard:0}:global:signal:leader
[2025-10-31 21:17:51] [STDERR] 2025-10-31 21:17:51,907 - gleitzeit.workers.signal_worker - INFO - Worker signal-async lost signal leadership
[2025-10-31 21:34:44] [STDERR] 2025-10-31 21:34:44,026 - gleitzeit.core.leader_election - INFO - Worker signal-async became leader for {shard:0}:global:signal:leader
[2025-10-31 21:34:44] [STDERR] 2025-10-31 21:34:44,026 - gleitzeit.workers.signal_worker - INFO - Worker signal-async became signal leader
[2025-10-31 21:49:54] [STDERR] 2025-10-31 21:49:54,042 - gleitzeit.workers.signal_worker - INFO - Signal processing loop iteration 41440
[2025-10-31 21:56:52] [STDERR] 2025-10-31 21:56:52,266 - gleitzeit.core.leader_election - INFO - Worker signal-async lost leadership for {shard:0}:global:signal:leader
[2025-10-31 21:56:52] [STDERR] 2025-10-31 21:56:52,266 - gleitzeit.workers.signal_worker - INFO - Worker signal-async lost signal leadership
[2025-10-31 21:56:56] [STDERR] 2025-10-31 21:56:56,239 - gleitzeit.workers.signal_worker - INFO - Signal processing loop iteration 41460
[2025-10-31 22:11:22] [STDERR] 2025-10-31 22:11:22,746 - gleitzeit.core.leader_election - INFO - Worker signal-async became leader for {shard:0}:global:signal:leader
[2025-10-31 22:11:22] [STDERR] 2025-10-31 22:11:22,746 - gleitzeit.workers.signal_worker - INFO - Worker signal-async became signal leader
[2025-10-31 22:11:30] [STDERR] 2025-10-31 22:11:30,806 - gleitzeit.workers.signal_worker - INFO - Signal processing loop iteration 41480
[2025-10-31 22:11:40] [STDERR] 2025-10-31 22:11:40,886 - gleitzeit.workers.signal_worker - INFO - Signal processing loop iteration 41500
[2025-10-31 22:11:50] [STDERR] 2025-10-31 22:11:50,758 - gleitzeit.workers.signal_worker - INFO - Signal processing loop iteration 41520
[2025-10-31 22:12:00] [STDERR] 2025-10-31 22:12:00,844 - gleitzeit.workers.signal_worker - INFO - Signal processing loop iteration 41540
[2025-10-31 22:12:10] [STDERR] 2025-10-31 22:12:10,920 - gleitzeit.workers.signal_worker - INFO - Signal processing loop iteration 41560
[2025-10-31 22:12:20] [STDERR] 2025-10-31 22:12:20,997 - gleitzeit.workers.signal_worker - INFO - Signal processing loop iteration 41580
[2025-10-31 22:12:31] [STDERR] 2025-10-31 22:12:31,077 - gleitzeit.workers.signal_worker - INFO - Signal processing loop iteration 41600
[2025-10-31 22:12:41] [STDERR] 2025-10-31 22:12:41,148 - gleitzeit.workers.signal_worker - INFO - Signal processing loop iteration 41620
[2025-10-31 22:12:51] [STDERR] 2025-10-31 22:12:51,228 - gleitzeit.workers.signal_worker - INFO - Signal processing loop iteration 41640
[2025-10-31 22:13:01] [STDERR] 2025-10-31 22:13:01,306 - gleitzeit.workers.signal_worker - INFO - Signal processing loop iteration 41660
[2025-10-31 22:13:11] [STDERR] 2025-10-31 22:13:11,378 - gleitzeit.workers.signal_worker - INFO - Signal processing loop iteration 41680
[2025-10-31 22:13:21] [STDERR] 2025-10-31 22:13:21,457 - gleitzeit.workers.signal_worker - INFO - Signal processing loop iteration 41700
[2025-10-31 22:13:31] [STDERR] 2025-10-31 22:13:31,548 - gleitzeit.workers.signal_worker - INFO - Signal processing loop iteration 41720
[2025-10-31 22:13:41] [STDERR] 2025-10-31 22:13:41,634 - gleitzeit.workers.signal_worker - INFO - Signal processing loop iteration 41740
[2025-10-31 22:13:51] [STDERR] 2025-10-31 22:13:51,710 - gleitzeit.workers.signal_worker - INFO - Signal processing loop iteration 41760
[2025-10-31 22:14:01] [STDERR] 2025-10-31 22:14:01,788 - gleitzeit.workers.signal_worker - INFO - Signal processing loop iteration 41780
[2025-10-31 22:14:11] [STDERR] 2025-10-31 22:14:11,859 - gleitzeit.workers.signal_worker - INFO - Signal processing loop iteration 41800
[2025-10-31 22:14:21] [STDERR] 2025-10-31 22:14:21,961 - gleitzeit.workers.signal_worker - INFO - Signal processing loop iteration 41820
[2025-10-31 22:14:32] [STDERR] 2025-10-31 22:14:32,054 - gleitzeit.workers.signal_worker - INFO - Signal processing loop iteration 41840
[2025-10-31 22:14:42] [STDERR] 2025-10-31 22:14:42,128 - gleitzeit.workers.signal_worker - INFO - Signal processing loop iteration 41860
[2025-10-31 22:14:52] [STDERR] 2025-10-31 22:14:52,206 - gleitzeit.workers.signal_worker - INFO - Signal processing loop iteration 41880
[2025-10-31 22:15:02] [STDERR] 2025-10-31 22:15:02,309 - gleitzeit.workers.signal_worker - INFO - Signal processing loop iteration 41900
[2025-10-31 22:15:12] [STDERR] 2025-10-31 22:15:12,415 - gleitzeit.workers.signal_worker - INFO - Signal processing loop iteration 41920
[2025-10-31 22:15:22] [STDERR] 2025-10-31 22:15:22,488 - gleitzeit.workers.signal_worker - INFO - Signal processing loop iteration 41940
[2025-10-31 22:15:32] [STDERR] 2025-10-31 22:15:32,564 - gleitzeit.workers.signal_worker - INFO - Signal processing loop iteration 41960
[2025-10-31 22:15:42] [STDERR] 2025-10-31 22:15:42,639 - gleitzeit.workers.signal_worker - INFO - Signal processing loop iteration 41980
[2025-10-31 22:15:52] [STDERR] 2025-10-31 22:15:52,727 - gleitzeit.workers.signal_worker - INFO - Signal processing loop iteration 42000
[2025-10-31 22:16:02] [STDERR] 2025-10-31 22:16:02,808 - gleitzeit.workers.signal_worker - INFO - Signal processing loop iteration 42020
[2025-10-31 22:16:12] [STDERR] 2025-10-31 22:16:12,886 - gleitzeit.workers.signal_worker - INFO - Signal processing loop iteration 42040
[2025-10-31 22:16:22] [STDERR] 2025-10-31 22:16:22,962 - gleitzeit.workers.signal_worker - INFO - Signal processing loop iteration 42060
[2025-10-31 22:16:33] [STDERR] 2025-10-31 22:16:33,037 - gleitzeit.workers.signal_worker - INFO - Signal processing loop iteration 42080
[2025-10-31 22:16:43] [STDERR] 2025-10-31 22:16:43,115 - gleitzeit.workers.signal_worker - INFO - Signal processing loop iteration 42100
[2025-10-31 22:16:53] [STDERR] 2025-10-31 22:16:53,194 - gleitzeit.workers.signal_worker - INFO - Signal processing loop iteration 42120
[2025-10-31 22:17:03] [STDERR] 2025-10-31 22:17:03,269 - gleitzeit.workers.signal_worker - INFO - Signal processing loop iteration 42140
[2025-10-31 22:17:13] [STDERR] 2025-10-31 22:17:13,346 - gleitzeit.workers.signal_worker - INFO - Signal processing loop iteration 42160
[2025-10-31 22:17:23] [STDERR] 2025-10-31 22:17:23,416 - gleitzeit.workers.signal_worker - INFO - Signal processing loop iteration 42180
[2025-10-31 22:17:33] [STDERR] 2025-10-31 22:17:33,488 - gleitzeit.workers.signal_worker - INFO - Signal processing loop iteration 42200
[2025-10-31 22:17:43] [STDERR] 2025-10-31 22:17:43,562 - gleitzeit.workers.signal_worker - INFO - Signal processing loop iteration 42220
[2025-10-31 22:17:53] [STDERR] 2025-10-31 22:17:53,635 - gleitzeit.workers.signal_worker - INFO - Signal processing loop iteration 42240
[2025-10-31 22:18:03] [STDERR] 2025-10-31 22:18:03,706 - gleitzeit.workers.signal_worker - INFO - Signal processing loop iteration 42260
[2025-10-31 22:18:13] [STDERR] 2025-10-31 22:18:13,777 - gleitzeit.workers.signal_worker - INFO - Signal processing loop iteration 42280
[2025-10-31 22:18:23] [STDERR] 2025-10-31 22:18:23,849 - gleitzeit.workers.signal_worker - INFO - Signal processing loop iteration 42300
[2025-10-31 22:18:33] [STDERR] 2025-10-31 22:18:33,924 - gleitzeit.workers.signal_worker - INFO - Signal processing loop iteration 42320
[2025-10-31 22:18:43] [STDERR] 2025-10-31 22:18:43,996 - gleitzeit.workers.signal_worker - INFO - Signal processing loop iteration 42340
[2025-10-31 22:18:54] [STDERR] 2025-10-31 22:18:54,087 - gleitzeit.workers.signal_worker - INFO - Signal processing loop iteration 42360
[2025-10-31 22:19:04] [STDERR] 2025-10-31 22:19:04,169 - gleitzeit.workers.signal_worker - INFO - Signal processing loop iteration 42380
[2025-10-31 22:19:14] [STDERR] 2025-10-31 22:19:14,267 - gleitzeit.workers.signal_worker - INFO - Signal processing loop iteration 42400
[2025-10-31 22:19:24] [STDERR] 2025-10-31 22:19:24,335 - gleitzeit.workers.signal_worker - INFO - Signal processing loop iteration 42420
[2025-10-31 22:19:34] [STDERR] 2025-10-31 22:19:34,427 - gleitzeit.workers.signal_worker - INFO - Signal processing loop iteration 42440
[2025-10-31 22:19:44] [STDERR] 2025-10-31 22:19:44,493 - gleitzeit.workers.signal_worker - INFO - Signal processing loop iteration 42460
[2025-10-31 22:19:54] [STDERR] 2025-10-31 22:19:54,613 - gleitzeit.workers.signal_worker - INFO - Signal processing loop iteration 42480
[2025-10-31 22:20:04] [STDERR] 2025-10-31 22:20:04,678 - gleitzeit.workers.signal_worker - INFO - Signal processing loop iteration 42500
