[2025-11-04 16:57:06] [STDERR] 2025-11-04 16:57:06,152 - __main__ - INFO - Initialized worker instance identity: gleitzei-031eebbc
[2025-11-04 16:57:06] [STDERR] 2025-11-04 16:57:06,152 - __main__ - INFO - Loading configuration from Redis key: worker:config:signal-async:9465b0bc
[2025-11-04 16:57:06] [STDERR] 2025-11-04 16:57:06,154 - __main__ - INFO - Loaded config for worker signal-async
[2025-11-04 16:57:06] [STDERR] 2025-11-04 16:57:06,156 - __main__ - INFO - Worker signal-async handler configs: ['python/v1', 'ollama/v1', 'http/v1', 'file/v1', 'timer/v1', 'signal/v1', 'workflow/v1']
[2025-11-04 16:57:06] [STDERR] 2025-11-04 16:57:06,156 - gleitzeit.core.redis_cluster - INFO - Redis single instance initialized at localhost:6379
[2025-11-04 16:57:06] [STDERR] 2025-11-04 16:57:06,156 - gleitzeit.workers.signal_worker - INFO - SignalWorker initialized with atomic leader election and event store
[2025-11-04 16:57:06] [STDERR] 2025-11-04 16:57:06,157 - signal.signal-async - INFO - Worker signal-async initialized with Redis Cluster, shards [0, 1, 2, 3, 4, 5, 6, 7, 8, 9, 10, 11, 12, 13, 14, 15]
[2025-11-04 16:57:06] [STDERR] 2025-11-04 16:57:06,157 - __main__ - INFO - Worker signal-async started successfully
[2025-11-04 16:57:06] [STDERR] 2025-11-04 16:57:06,157 - __main__ - INFO - Handler configurations loaded for: ['python/v1', 'ollama/v1', 'http/v1', 'file/v1', 'timer/v1', 'signal/v1', 'workflow/v1']
[2025-11-04 16:57:06] [STDERR] 2025-11-04 16:57:06,157 - gleitzeit.workers.signal_worker - INFO - Worker signal-async starting with consumer group signal-group
[2025-11-04 16:57:06] [STDERR] 2025-11-04 16:57:06,157 - gleitzeit.workers.signal_worker - INFO - Starting atomic leader election loop for signal-async
[2025-11-04 16:57:06] [STDERR] 2025-11-04 16:57:06,158 - gleitzeit.workers.signal_worker - INFO - Signal processing loop started for signal-async
[2025-11-04 16:57:06] [STDERR] 2025-11-04 16:57:06,158 - gleitzeit.workers.signal_worker - INFO - Signal processing loop iteration 1
[2025-11-04 16:57:06] [STDERR] 2025-11-04 16:57:06,159 - gleitzeit.core.leader_election - INFO - Worker signal-async became leader for {shard:0}:global:signal:leader
[2025-11-04 16:57:06] [STDERR] 2025-11-04 16:57:06,159 - gleitzeit.workers.signal_worker - INFO - Worker signal-async became signal leader
[2025-11-04 16:57:06] [STDERR] 2025-11-04 16:57:06,659 - gleitzeit.workers.signal_worker - INFO - Signal processing loop iteration 2
[2025-11-04 16:57:07] [STDERR] 2025-11-04 16:57:07,164 - gleitzeit.workers.signal_worker - INFO - Signal processing loop iteration 3
[2025-11-04 16:57:15] [STDERR] 2025-11-04 16:57:15,829 - gleitzeit.workers.signal_worker - INFO - Signal processing loop iteration 20
[2025-11-04 16:57:25] [STDERR] 2025-11-04 16:57:25,932 - gleitzeit.workers.signal_worker - INFO - Signal processing loop iteration 40
[2025-11-04 16:57:36] [STDERR] 2025-11-04 16:57:36,030 - gleitzeit.workers.signal_worker - INFO - Signal processing loop iteration 60
[2025-11-04 16:57:46] [STDERR] 2025-11-04 16:57:46,136 - gleitzeit.workers.signal_worker - INFO - Signal processing loop iteration 80
[2025-11-04 16:57:56] [STDERR] 2025-11-04 16:57:56,256 - gleitzeit.workers.signal_worker - INFO - Signal processing loop iteration 100
[2025-11-04 16:58:06] [STDERR] 2025-11-04 16:58:06,375 - gleitzeit.workers.signal_worker - INFO - Signal processing loop iteration 120
[2025-11-04 16:58:16] [STDERR] 2025-11-04 16:58:16,599 - gleitzeit.workers.signal_worker - INFO - Signal processing loop iteration 140
[2025-11-04 16:58:26] [STDERR] 2025-11-04 16:58:26,727 - gleitzeit.workers.signal_worker - INFO - Signal processing loop iteration 160
[2025-11-04 16:58:36] [STDERR] 2025-11-04 16:58:36,854 - gleitzeit.workers.signal_worker - INFO - Signal processing loop iteration 180
[2025-11-04 16:58:46] [STDERR] 2025-11-04 16:58:46,988 - gleitzeit.workers.signal_worker - INFO - Signal processing loop iteration 200
[2025-11-04 16:58:57] [STDERR] 2025-11-04 16:58:57,135 - gleitzeit.workers.signal_worker - INFO - Signal processing loop iteration 220
[2025-11-04 16:59:07] [STDERR] 2025-11-04 16:59:07,288 - gleitzeit.workers.signal_worker - INFO - Signal processing loop iteration 240
[2025-11-04 16:59:17] [STDERR] 2025-11-04 16:59:17,411 - gleitzeit.workers.signal_worker - INFO - Signal processing loop iteration 260
[2025-11-04 16:59:27] [STDERR] 2025-11-04 16:59:27,540 - gleitzeit.workers.signal_worker - INFO - Signal processing loop iteration 280
[2025-11-04 16:59:37] [STDERR] 2025-11-04 16:59:37,806 - gleitzeit.workers.signal_worker - INFO - Signal processing loop iteration 300
[2025-11-04 16:59:47] [STDERR] 2025-11-04 16:59:47,968 - gleitzeit.workers.signal_worker - INFO - Signal processing loop iteration 320
[2025-11-04 16:59:58] [STDERR] 2025-11-04 16:59:58,123 - gleitzeit.workers.signal_worker - INFO - Signal processing loop iteration 340
[2025-11-04 17:00:08] [STDERR] 2025-11-04 17:00:08,277 - gleitzeit.workers.signal_worker - INFO - Signal processing loop iteration 360
[2025-11-04 17:00:18] [STDERR] 2025-11-04 17:00:18,389 - gleitzeit.workers.signal_worker - INFO - Signal processing loop iteration 380
[2025-11-04 17:00:28] [STDERR] 2025-11-04 17:00:28,512 - gleitzeit.workers.signal_worker - INFO - Signal processing loop iteration 400
[2025-11-04 17:00:38] [STDERR] 2025-11-04 17:00:38,653 - gleitzeit.workers.signal_worker - INFO - Signal processing loop iteration 420
[2025-11-04 17:00:48] [STDERR] 2025-11-04 17:00:48,783 - gleitzeit.workers.signal_worker - INFO - Signal processing loop iteration 440
[2025-11-04 17:00:58] [STDERR] 2025-11-04 17:00:58,914 - gleitzeit.workers.signal_worker - INFO - Signal processing loop iteration 460
[2025-11-04 17:01:09] [STDERR] 2025-11-04 17:01:09,131 - gleitzeit.workers.signal_worker - INFO - Signal processing loop iteration 480
[2025-11-04 17:01:19] [STDERR] 2025-11-04 17:01:19,271 - gleitzeit.workers.signal_worker - INFO - Signal processing loop iteration 500
[2025-11-04 17:01:29] [STDERR] 2025-11-04 17:01:29,415 - gleitzeit.workers.signal_worker - INFO - Signal processing loop iteration 520
[2025-11-04 17:01:39] [STDERR] 2025-11-04 17:01:39,583 - gleitzeit.workers.signal_worker - INFO - Signal processing loop iteration 540
[2025-11-04 17:01:49] [STDERR] 2025-11-04 17:01:49,757 - gleitzeit.workers.signal_worker - INFO - Signal processing loop iteration 560
[2025-11-04 17:01:59] [STDERR] 2025-11-04 17:01:59,917 - gleitzeit.workers.signal_worker - INFO - Signal processing loop iteration 580
[2025-11-04 17:02:10] [STDERR] 2025-11-04 17:02:10,058 - gleitzeit.workers.signal_worker - INFO - Signal processing loop iteration 600
[2025-11-04 17:02:20] [STDERR] 2025-11-04 17:02:20,207 - gleitzeit.workers.signal_worker - INFO - Signal processing loop iteration 620
[2025-11-04 17:02:30] [STDERR] 2025-11-04 17:02:30,367 - gleitzeit.workers.signal_worker - INFO - Signal processing loop iteration 640
[2025-11-04 17:02:40] [STDERR] 2025-11-04 17:02:40,539 - gleitzeit.workers.signal_worker - INFO - Signal processing loop iteration 660
[2025-11-04 17:02:50] [STDERR] 2025-11-04 17:02:50,690 - gleitzeit.workers.signal_worker - INFO - Signal processing loop iteration 680
[2025-11-04 17:03:00] [STDERR] 2025-11-04 17:03:00,874 - gleitzeit.workers.signal_worker - INFO - Signal processing loop iteration 700
[2025-11-04 17:03:11] [STDERR] 2025-11-04 17:03:11,079 - gleitzeit.workers.signal_worker - INFO - Signal processing loop iteration 720
[2025-11-04 17:03:21] [STDERR] 2025-11-04 17:03:21,238 - gleitzeit.workers.signal_worker - INFO - Signal processing loop iteration 740
[2025-11-04 17:03:31] [STDERR] 2025-11-04 17:03:31,401 - gleitzeit.workers.signal_worker - INFO - Signal processing loop iteration 760
[2025-11-04 17:03:41] [STDERR] 2025-11-04 17:03:41,553 - gleitzeit.workers.signal_worker - INFO - Signal processing loop iteration 780
[2025-11-04 17:03:51] [STDERR] 2025-11-04 17:03:51,696 - gleitzeit.workers.signal_worker - INFO - Signal processing loop iteration 800
[2025-11-04 17:04:01] [STDERR] 2025-11-04 17:04:01,848 - gleitzeit.workers.signal_worker - INFO - Signal processing loop iteration 820
[2025-11-04 17:04:11] [STDERR] 2025-11-04 17:04:11,995 - gleitzeit.workers.signal_worker - INFO - Signal processing loop iteration 840
[2025-11-04 17:04:22] [STDERR] 2025-11-04 17:04:22,135 - gleitzeit.workers.signal_worker - INFO - Signal processing loop iteration 860
[2025-11-04 17:04:32] [STDERR] 2025-11-04 17:04:32,270 - gleitzeit.workers.signal_worker - INFO - Signal processing loop iteration 880
[2025-11-04 17:04:42] [STDERR] 2025-11-04 17:04:42,450 - gleitzeit.workers.signal_worker - INFO - Signal processing loop iteration 900
[2025-11-04 17:04:52] [STDERR] 2025-11-04 17:04:52,597 - gleitzeit.workers.signal_worker - INFO - Signal processing loop iteration 920
[2025-11-04 17:05:02] [STDERR] 2025-11-04 17:05:02,748 - gleitzeit.workers.signal_worker - INFO - Signal processing loop iteration 940
[2025-11-04 17:05:12] [STDERR] 2025-11-04 17:05:12,905 - gleitzeit.workers.signal_worker - INFO - Signal processing loop iteration 960
[2025-11-04 17:05:23] [STDERR] 2025-11-04 17:05:23,038 - gleitzeit.workers.signal_worker - INFO - Signal processing loop iteration 980
[2025-11-04 17:05:33] [STDERR] 2025-11-04 17:05:33,197 - gleitzeit.workers.signal_worker - INFO - Signal processing loop iteration 1000
[2025-11-04 17:05:43] [STDERR] 2025-11-04 17:05:43,359 - gleitzeit.workers.signal_worker - INFO - Signal processing loop iteration 1020
[2025-11-04 17:05:53] [STDERR] 2025-11-04 17:05:53,501 - gleitzeit.workers.signal_worker - INFO - Signal processing loop iteration 1040
[2025-11-04 17:06:03] [STDERR] 2025-11-04 17:06:03,644 - gleitzeit.workers.signal_worker - INFO - Signal processing loop iteration 1060
[2025-11-04 17:06:13] [STDERR] 2025-11-04 17:06:13,794 - gleitzeit.workers.signal_worker - INFO - Signal processing loop iteration 1080
[2025-11-04 17:06:23] [STDERR] 2025-11-04 17:06:23,955 - gleitzeit.workers.signal_worker - INFO - Signal processing loop iteration 1100
[2025-11-04 17:06:34] [STDERR] 2025-11-04 17:06:34,186 - gleitzeit.workers.signal_worker - INFO - Signal processing loop iteration 1120
[2025-11-04 17:06:44] [STDERR] 2025-11-04 17:06:44,409 - gleitzeit.workers.signal_worker - INFO - Signal processing loop iteration 1140
[2025-11-04 17:06:54] [STDERR] 2025-11-04 17:06:54,564 - gleitzeit.workers.signal_worker - INFO - Signal processing loop iteration 1160
[2025-11-04 17:07:04] [STDERR] 2025-11-04 17:07:04,712 - gleitzeit.workers.signal_worker - INFO - Signal processing loop iteration 1180
[2025-11-04 17:07:14] [STDERR] 2025-11-04 17:07:14,861 - gleitzeit.workers.signal_worker - INFO - Signal processing loop iteration 1200
[2025-11-04 17:07:25] [STDERR] 2025-11-04 17:07:25,017 - gleitzeit.workers.signal_worker - INFO - Signal processing loop iteration 1220
[2025-11-04 17:07:35] [STDERR] 2025-11-04 17:07:35,184 - gleitzeit.workers.signal_worker - INFO - Signal processing loop iteration 1240
[2025-11-04 17:07:45] [STDERR] 2025-11-04 17:07:45,331 - gleitzeit.workers.signal_worker - INFO - Signal processing loop iteration 1260
[2025-11-04 17:07:55] [STDERR] 2025-11-04 17:07:55,492 - gleitzeit.workers.signal_worker - INFO - Signal processing loop iteration 1280
[2025-11-04 17:08:05] [STDERR] 2025-11-04 17:08:05,638 - gleitzeit.workers.signal_worker - INFO - Signal processing loop iteration 1300
[2025-11-04 17:08:15] [STDERR] 2025-11-04 17:08:15,799 - gleitzeit.workers.signal_worker - INFO - Signal processing loop iteration 1320
[2025-11-04 17:08:25] [STDERR] 2025-11-04 17:08:25,954 - gleitzeit.workers.signal_worker - INFO - Signal processing loop iteration 1340
[2025-11-04 17:08:36] [STDERR] 2025-11-04 17:08:36,108 - gleitzeit.workers.signal_worker - INFO - Signal processing loop iteration 1360
[2025-11-04 17:08:46] [STDERR] 2025-11-04 17:08:46,330 - gleitzeit.workers.signal_worker - INFO - Signal processing loop iteration 1380
[2025-11-04 17:08:56] [STDERR] 2025-11-04 17:08:56,485 - gleitzeit.workers.signal_worker - INFO - Signal processing loop iteration 1400
[2025-11-04 17:09:06] [STDERR] 2025-11-04 17:09:06,781 - gleitzeit.workers.signal_worker - INFO - Signal processing loop iteration 1420
[2025-11-04 17:09:16] [STDERR] 2025-11-04 17:09:16,943 - gleitzeit.workers.signal_worker - INFO - Signal processing loop iteration 1440
[2025-11-04 17:09:27] [STDERR] 2025-11-04 17:09:27,107 - gleitzeit.workers.signal_worker - INFO - Signal processing loop iteration 1460
[2025-11-04 17:09:37] [STDERR] 2025-11-04 17:09:37,248 - gleitzeit.workers.signal_worker - INFO - Signal processing loop iteration 1480
[2025-11-04 17:09:47] [STDERR] 2025-11-04 17:09:47,397 - gleitzeit.workers.signal_worker - INFO - Signal processing loop iteration 1500
[2025-11-04 17:09:57] [STDERR] 2025-11-04 17:09:57,574 - gleitzeit.workers.signal_worker - INFO - Signal processing loop iteration 1520
[2025-11-04 17:10:07] [STDERR] 2025-11-04 17:10:07,736 - gleitzeit.workers.signal_worker - INFO - Signal processing loop iteration 1540
[2025-11-04 17:10:17] [STDERR] 2025-11-04 17:10:17,909 - gleitzeit.workers.signal_worker - INFO - Signal processing loop iteration 1560
[2025-11-04 17:10:28] [STDERR] 2025-11-04 17:10:28,211 - gleitzeit.workers.signal_worker - INFO - Signal processing loop iteration 1580
[2025-11-04 17:10:38] [STDERR] 2025-11-04 17:10:38,384 - gleitzeit.workers.signal_worker - INFO - Signal processing loop iteration 1600
[2025-11-04 17:10:48] [STDERR] 2025-11-04 17:10:48,529 - gleitzeit.workers.signal_worker - INFO - Signal processing loop iteration 1620
[2025-11-04 17:10:58] [STDERR] 2025-11-04 17:10:58,697 - gleitzeit.workers.signal_worker - INFO - Signal processing loop iteration 1640
[2025-11-04 17:11:08] [STDERR] 2025-11-04 17:11:08,846 - gleitzeit.workers.signal_worker - INFO - Signal processing loop iteration 1660
[2025-11-04 17:11:19] [STDERR] 2025-11-04 17:11:19,016 - gleitzeit.workers.signal_worker - INFO - Signal processing loop iteration 1680
[2025-11-04 17:11:29] [STDERR] 2025-11-04 17:11:29,206 - gleitzeit.workers.signal_worker - INFO - Signal processing loop iteration 1700
[2025-11-04 17:11:39] [STDERR] 2025-11-04 17:11:39,376 - gleitzeit.workers.signal_worker - INFO - Signal processing loop iteration 1720
[2025-11-04 17:11:49] [STDERR] 2025-11-04 17:11:49,548 - gleitzeit.workers.signal_worker - INFO - Signal processing loop iteration 1740
[2025-11-04 17:11:59] [STDERR] 2025-11-04 17:11:59,727 - gleitzeit.workers.signal_worker - INFO - Signal processing loop iteration 1760
[2025-11-04 17:12:09] [STDERR] 2025-11-04 17:12:09,976 - gleitzeit.workers.signal_worker - INFO - Signal processing loop iteration 1780
[2025-11-04 17:12:20] [STDERR] 2025-11-04 17:12:20,146 - gleitzeit.workers.signal_worker - INFO - Signal processing loop iteration 1800
[2025-11-04 17:12:30] [STDERR] 2025-11-04 17:12:30,329 - gleitzeit.workers.signal_worker - INFO - Signal processing loop iteration 1820
[2025-11-04 17:12:40] [STDERR] 2025-11-04 17:12:40,589 - gleitzeit.workers.signal_worker - INFO - Signal processing loop iteration 1840
[2025-11-04 17:12:50] [STDERR] 2025-11-04 17:12:50,728 - gleitzeit.workers.signal_worker - INFO - Signal processing loop iteration 1860
[2025-11-04 17:13:00] [STDERR] 2025-11-04 17:13:00,892 - gleitzeit.workers.signal_worker - INFO - Signal processing loop iteration 1880
[2025-11-04 17:13:11] [STDERR] 2025-11-04 17:13:11,056 - gleitzeit.workers.signal_worker - INFO - Signal processing loop iteration 1900
[2025-11-04 17:13:21] [STDERR] 2025-11-04 17:13:21,222 - gleitzeit.workers.signal_worker - INFO - Signal processing loop iteration 1920
[2025-11-04 17:13:31] [STDERR] 2025-11-04 17:13:31,380 - gleitzeit.workers.signal_worker - INFO - Signal processing loop iteration 1940
[2025-11-04 17:13:41] [STDERR] 2025-11-04 17:13:41,535 - gleitzeit.workers.signal_worker - INFO - Signal processing loop iteration 1960
[2025-11-04 17:13:51] [STDERR] 2025-11-04 17:13:51,709 - gleitzeit.workers.signal_worker - INFO - Signal processing loop iteration 1980
[2025-11-04 17:14:01] [STDERR] 2025-11-04 17:14:01,878 - gleitzeit.workers.signal_worker - INFO - Signal processing loop iteration 2000
[2025-11-04 17:14:12] [STDERR] 2025-11-04 17:14:12,023 - gleitzeit.workers.signal_worker - INFO - Signal processing loop iteration 2020
[2025-11-04 17:14:22] [STDERR] 2025-11-04 17:14:22,207 - gleitzeit.workers.signal_worker - INFO - Signal processing loop iteration 2040
[2025-11-04 17:14:32] [STDERR] 2025-11-04 17:14:32,377 - gleitzeit.workers.signal_worker - INFO - Signal processing loop iteration 2060
[2025-11-04 17:14:42] [STDERR] 2025-11-04 17:14:42,540 - gleitzeit.workers.signal_worker - INFO - Signal processing loop iteration 2080
[2025-11-04 17:14:52] [STDERR] 2025-11-04 17:14:52,730 - gleitzeit.workers.signal_worker - INFO - Signal processing loop iteration 2100
[2025-11-04 17:15:02] [STDERR] 2025-11-04 17:15:02,884 - gleitzeit.workers.signal_worker - INFO - Signal processing loop iteration 2120
[2025-11-04 17:15:13] [STDERR] 2025-11-04 17:15:13,138 - gleitzeit.workers.signal_worker - INFO - Signal processing loop iteration 2140
[2025-11-04 17:15:23] [STDERR] 2025-11-04 17:15:23,312 - gleitzeit.workers.signal_worker - INFO - Signal processing loop iteration 2160
[2025-11-04 17:15:33] [STDERR] 2025-11-04 17:15:33,543 - gleitzeit.workers.signal_worker - INFO - Signal processing loop iteration 2180
[2025-11-04 17:15:43] [STDERR] 2025-11-04 17:15:43,754 - gleitzeit.workers.signal_worker - INFO - Signal processing loop iteration 2200
[2025-11-04 17:15:53] [STDERR] 2025-11-04 17:15:53,909 - gleitzeit.workers.signal_worker - INFO - Signal processing loop iteration 2220
[2025-11-04 17:16:04] [STDERR] 2025-11-04 17:16:04,077 - gleitzeit.workers.signal_worker - INFO - Signal processing loop iteration 2240
[2025-11-04 17:16:14] [STDERR] 2025-11-04 17:16:14,230 - gleitzeit.workers.signal_worker - INFO - Signal processing loop iteration 2260
[2025-11-04 17:16:24] [STDERR] 2025-11-04 17:16:24,390 - gleitzeit.workers.signal_worker - INFO - Signal processing loop iteration 2280
[2025-11-04 17:16:34] [STDERR] 2025-11-04 17:16:34,542 - gleitzeit.workers.signal_worker - INFO - Signal processing loop iteration 2300
[2025-11-04 17:16:44] [STDERR] 2025-11-04 17:16:44,761 - gleitzeit.workers.signal_worker - INFO - Signal processing loop iteration 2320
[2025-11-04 17:16:54] [STDERR] 2025-11-04 17:16:54,952 - gleitzeit.workers.signal_worker - INFO - Signal processing loop iteration 2340
[2025-11-04 17:17:05] [STDERR] 2025-11-04 17:17:05,096 - gleitzeit.workers.signal_worker - INFO - Signal processing loop iteration 2360
[2025-11-04 17:17:15] [STDERR] 2025-11-04 17:17:15,285 - gleitzeit.workers.signal_worker - INFO - Signal processing loop iteration 2380
[2025-11-04 17:17:25] [STDERR] 2025-11-04 17:17:25,490 - gleitzeit.workers.signal_worker - INFO - Signal processing loop iteration 2400
[2025-11-04 17:17:35] [STDERR] 2025-11-04 17:17:35,664 - gleitzeit.workers.signal_worker - INFO - Signal processing loop iteration 2420
[2025-11-04 17:17:45] [STDERR] 2025-11-04 17:17:45,847 - gleitzeit.workers.signal_worker - INFO - Signal processing loop iteration 2440
[2025-11-04 17:17:56] [STDERR] 2025-11-04 17:17:56,023 - gleitzeit.workers.signal_worker - INFO - Signal processing loop iteration 2460
[2025-11-04 17:18:06] [STDERR] 2025-11-04 17:18:06,195 - gleitzeit.workers.signal_worker - INFO - Signal processing loop iteration 2480
[2025-11-04 17:18:16] [STDERR] 2025-11-04 17:18:16,383 - gleitzeit.workers.signal_worker - INFO - Signal processing loop iteration 2500
[2025-11-04 17:18:26] [STDERR] 2025-11-04 17:18:26,574 - gleitzeit.workers.signal_worker - INFO - Signal processing loop iteration 2520
[2025-11-04 17:18:36] [STDERR] 2025-11-04 17:18:36,752 - gleitzeit.workers.signal_worker - INFO - Signal processing loop iteration 2540
[2025-11-04 17:18:46] [STDERR] 2025-11-04 17:18:46,959 - gleitzeit.workers.signal_worker - INFO - Signal processing loop iteration 2560
[2025-11-04 17:18:57] [STDERR] 2025-11-04 17:18:57,144 - gleitzeit.workers.signal_worker - INFO - Signal processing loop iteration 2580
[2025-11-04 17:19:07] [STDERR] 2025-11-04 17:19:07,324 - gleitzeit.workers.signal_worker - INFO - Signal processing loop iteration 2600
[2025-11-04 17:19:17] [STDERR] 2025-11-04 17:19:17,571 - gleitzeit.workers.signal_worker - INFO - Signal processing loop iteration 2620
[2025-11-04 17:19:27] [STDERR] 2025-11-04 17:19:27,773 - gleitzeit.workers.signal_worker - INFO - Signal processing loop iteration 2640
[2025-11-04 17:19:37] [STDERR] 2025-11-04 17:19:37,971 - gleitzeit.workers.signal_worker - INFO - Signal processing loop iteration 2660
[2025-11-04 17:19:48] [STDERR] 2025-11-04 17:19:48,167 - gleitzeit.workers.signal_worker - INFO - Signal processing loop iteration 2680
[2025-11-04 17:19:58] [STDERR] 2025-11-04 17:19:58,407 - gleitzeit.workers.signal_worker - INFO - Signal processing loop iteration 2700
[2025-11-04 17:20:08] [STDERR] 2025-11-04 17:20:08,599 - gleitzeit.workers.signal_worker - INFO - Signal processing loop iteration 2720
[2025-11-04 17:20:18] [STDERR] 2025-11-04 17:20:18,787 - gleitzeit.workers.signal_worker - INFO - Signal processing loop iteration 2740
[2025-11-04 17:20:28] [STDERR] 2025-11-04 17:20:28,981 - gleitzeit.workers.signal_worker - INFO - Signal processing loop iteration 2760
[2025-11-04 17:20:39] [STDERR] 2025-11-04 17:20:39,203 - gleitzeit.workers.signal_worker - INFO - Signal processing loop iteration 2780
[2025-11-04 17:20:49] [STDERR] 2025-11-04 17:20:49,425 - gleitzeit.workers.signal_worker - INFO - Signal processing loop iteration 2800
[2025-11-04 17:20:59] [STDERR] 2025-11-04 17:20:59,625 - gleitzeit.workers.signal_worker - INFO - Signal processing loop iteration 2820
[2025-11-04 17:21:09] [STDERR] 2025-11-04 17:21:09,849 - gleitzeit.workers.signal_worker - INFO - Signal processing loop iteration 2840
[2025-11-04 17:21:20] [STDERR] 2025-11-04 17:21:20,060 - gleitzeit.workers.signal_worker - INFO - Signal processing loop iteration 2860
[2025-11-04 17:21:30] [STDERR] 2025-11-04 17:21:30,249 - gleitzeit.workers.signal_worker - INFO - Signal processing loop iteration 2880
[2025-11-04 17:21:40] [STDERR] 2025-11-04 17:21:40,449 - gleitzeit.workers.signal_worker - INFO - Signal processing loop iteration 2900
[2025-11-04 17:21:50] [STDERR] 2025-11-04 17:21:50,716 - gleitzeit.workers.signal_worker - INFO - Signal processing loop iteration 2920
[2025-11-04 17:22:00] [STDERR] 2025-11-04 17:22:00,920 - gleitzeit.workers.signal_worker - INFO - Signal processing loop iteration 2940
[2025-11-04 17:22:11] [STDERR] 2025-11-04 17:22:11,162 - gleitzeit.workers.signal_worker - INFO - Signal processing loop iteration 2960
[2025-11-04 17:22:21] [STDERR] 2025-11-04 17:22:21,471 - gleitzeit.workers.signal_worker - INFO - Signal processing loop iteration 2980
[2025-11-04 17:22:31] [STDERR] 2025-11-04 17:22:31,676 - gleitzeit.workers.signal_worker - INFO - Signal processing loop iteration 3000
[2025-11-04 17:22:41] [STDERR] 2025-11-04 17:22:41,877 - gleitzeit.workers.signal_worker - INFO - Signal processing loop iteration 3020
[2025-11-04 17:22:52] [STDERR] 2025-11-04 17:22:52,177 - gleitzeit.workers.signal_worker - INFO - Signal processing loop iteration 3040
[2025-11-04 17:23:02] [STDERR] 2025-11-04 17:23:02,379 - gleitzeit.workers.signal_worker - INFO - Signal processing loop iteration 3060
[2025-11-04 17:23:12] [STDERR] 2025-11-04 17:23:12,567 - gleitzeit.workers.signal_worker - INFO - Signal processing loop iteration 3080
[2025-11-04 17:23:22] [STDERR] 2025-11-04 17:23:22,765 - gleitzeit.workers.signal_worker - INFO - Signal processing loop iteration 3100
[2025-11-04 17:23:33] [STDERR] 2025-11-04 17:23:33,076 - gleitzeit.workers.signal_worker - INFO - Signal processing loop iteration 3120
[2025-11-04 17:23:43] [STDERR] 2025-11-04 17:23:43,283 - gleitzeit.workers.signal_worker - INFO - Signal processing loop iteration 3140
[2025-11-04 17:23:53] [STDERR] 2025-11-04 17:23:53,462 - gleitzeit.workers.signal_worker - INFO - Signal processing loop iteration 3160
[2025-11-04 17:24:03] [STDERR] 2025-11-04 17:24:03,637 - gleitzeit.workers.signal_worker - INFO - Signal processing loop iteration 3180
[2025-11-04 17:24:13] [STDERR] 2025-11-04 17:24:13,831 - gleitzeit.workers.signal_worker - INFO - Signal processing loop iteration 3200
[2025-11-04 17:24:24] [STDERR] 2025-11-04 17:24:24,010 - gleitzeit.workers.signal_worker - INFO - Signal processing loop iteration 3220
[2025-11-04 17:24:34] [STDERR] 2025-11-04 17:24:34,194 - gleitzeit.workers.signal_worker - INFO - Signal processing loop iteration 3240
[2025-11-04 17:24:44] [STDERR] 2025-11-04 17:24:44,389 - gleitzeit.workers.signal_worker - INFO - Signal processing loop iteration 3260
[2025-11-04 17:24:54] [STDERR] 2025-11-04 17:24:54,597 - gleitzeit.workers.signal_worker - INFO - Signal processing loop iteration 3280
[2025-11-04 17:25:04] [STDERR] 2025-11-04 17:25:04,777 - gleitzeit.workers.signal_worker - INFO - Signal processing loop iteration 3300
[2025-11-04 17:25:14] [STDERR] 2025-11-04 17:25:14,997 - gleitzeit.workers.signal_worker - INFO - Signal processing loop iteration 3320
[2025-11-04 17:25:25] [STDERR] 2025-11-04 17:25:25,213 - gleitzeit.workers.signal_worker - INFO - Signal processing loop iteration 3340
[2025-11-04 17:25:35] [STDERR] 2025-11-04 17:25:35,456 - gleitzeit.workers.signal_worker - INFO - Signal processing loop iteration 3360
[2025-11-04 17:25:45] [STDERR] 2025-11-04 17:25:45,741 - gleitzeit.workers.signal_worker - INFO - Signal processing loop iteration 3380
[2025-11-04 17:25:55] [STDERR] 2025-11-04 17:25:55,996 - gleitzeit.workers.signal_worker - INFO - Signal processing loop iteration 3400
[2025-11-04 17:26:06] [STDERR] 2025-11-04 17:26:06,221 - gleitzeit.workers.signal_worker - INFO - Signal processing loop iteration 3420
[2025-11-04 17:26:16] [STDERR] 2025-11-04 17:26:16,591 - gleitzeit.workers.signal_worker - INFO - Signal processing loop iteration 3440
[2025-11-04 17:26:26] [STDERR] 2025-11-04 17:26:26,846 - gleitzeit.workers.signal_worker - INFO - Signal processing loop iteration 3460
[2025-11-04 17:26:37] [STDERR] 2025-11-04 17:26:37,069 - gleitzeit.workers.signal_worker - INFO - Signal processing loop iteration 3480
[2025-11-04 17:26:47] [STDERR] 2025-11-04 17:26:47,291 - gleitzeit.workers.signal_worker - INFO - Signal processing loop iteration 3500
[2025-11-04 17:26:57] [STDERR] 2025-11-04 17:26:57,509 - gleitzeit.workers.signal_worker - INFO - Signal processing loop iteration 3520
[2025-11-04 17:27:07] [STDERR] 2025-11-04 17:27:07,683 - gleitzeit.workers.signal_worker - INFO - Signal processing loop iteration 3540
[2025-11-04 17:27:17] [STDERR] 2025-11-04 17:27:17,880 - gleitzeit.workers.signal_worker - INFO - Signal processing loop iteration 3560
[2025-11-04 17:27:28] [STDERR] 2025-11-04 17:27:28,057 - gleitzeit.workers.signal_worker - INFO - Signal processing loop iteration 3580
[2025-11-04 17:27:38] [STDERR] 2025-11-04 17:27:38,270 - gleitzeit.workers.signal_worker - INFO - Signal processing loop iteration 3600
[2025-11-04 17:27:48] [STDERR] 2025-11-04 17:27:48,456 - gleitzeit.workers.signal_worker - INFO - Signal processing loop iteration 3620
[2025-11-04 17:27:58] [STDERR] 2025-11-04 17:27:58,650 - gleitzeit.workers.signal_worker - INFO - Signal processing loop iteration 3640
[2025-11-04 17:28:08] [STDERR] 2025-11-04 17:28:08,877 - gleitzeit.workers.signal_worker - INFO - Signal processing loop iteration 3660
[2025-11-04 17:28:19] [STDERR] 2025-11-04 17:28:19,096 - gleitzeit.workers.signal_worker - INFO - Signal processing loop iteration 3680
[2025-11-04 17:28:29] [STDERR] 2025-11-04 17:28:29,282 - gleitzeit.workers.signal_worker - INFO - Signal processing loop iteration 3700
[2025-11-04 17:28:39] [STDERR] 2025-11-04 17:28:39,561 - gleitzeit.workers.signal_worker - INFO - Signal processing loop iteration 3720
[2025-11-04 17:28:49] [STDERR] 2025-11-04 17:28:49,805 - gleitzeit.workers.signal_worker - INFO - Signal processing loop iteration 3740
[2025-11-04 17:29:00] [STDERR] 2025-11-04 17:29:00,020 - gleitzeit.workers.signal_worker - INFO - Signal processing loop iteration 3760
[2025-11-04 17:29:10] [STDERR] 2025-11-04 17:29:10,185 - gleitzeit.workers.signal_worker - INFO - Signal processing loop iteration 3780
[2025-11-04 17:29:20] [STDERR] 2025-11-04 17:29:20,408 - gleitzeit.workers.signal_worker - INFO - Signal processing loop iteration 3800
[2025-11-04 17:29:30] [STDERR] 2025-11-04 17:29:30,680 - gleitzeit.workers.signal_worker - INFO - Signal processing loop iteration 3820
[2025-11-04 17:29:40] [STDERR] 2025-11-04 17:29:40,902 - gleitzeit.workers.signal_worker - INFO - Signal processing loop iteration 3840
[2025-11-04 17:29:51] [STDERR] 2025-11-04 17:29:51,125 - gleitzeit.workers.signal_worker - INFO - Signal processing loop iteration 3860
[2025-11-04 17:30:01] [STDERR] 2025-11-04 17:30:01,351 - gleitzeit.workers.signal_worker - INFO - Signal processing loop iteration 3880
[2025-11-04 17:30:11] [STDERR] 2025-11-04 17:30:11,572 - gleitzeit.workers.signal_worker - INFO - Signal processing loop iteration 3900
[2025-11-04 17:30:21] [STDERR] 2025-11-04 17:30:21,794 - gleitzeit.workers.signal_worker - INFO - Signal processing loop iteration 3920
[2025-11-04 17:30:32] [STDERR] 2025-11-04 17:30:32,019 - gleitzeit.workers.signal_worker - INFO - Signal processing loop iteration 3940
[2025-11-04 17:30:42] [STDERR] 2025-11-04 17:30:42,294 - gleitzeit.workers.signal_worker - INFO - Signal processing loop iteration 3960
[2025-11-04 17:30:52] [STDERR] 2025-11-04 17:30:52,568 - gleitzeit.workers.signal_worker - INFO - Signal processing loop iteration 3980
[2025-11-04 17:31:02] [STDERR] 2025-11-04 17:31:02,748 - gleitzeit.workers.signal_worker - INFO - Signal processing loop iteration 4000
[2025-11-04 17:31:12] [STDERR] 2025-11-04 17:31:12,946 - gleitzeit.workers.signal_worker - INFO - Signal processing loop iteration 4020
[2025-11-04 17:31:23] [STDERR] 2025-11-04 17:31:23,225 - gleitzeit.workers.signal_worker - INFO - Signal processing loop iteration 4040
[2025-11-04 17:31:33] [STDERR] 2025-11-04 17:31:33,406 - gleitzeit.workers.signal_worker - INFO - Signal processing loop iteration 4060
[2025-11-04 17:31:43] [STDERR] 2025-11-04 17:31:43,648 - gleitzeit.workers.signal_worker - INFO - Signal processing loop iteration 4080
[2025-11-04 17:31:53] [STDERR] 2025-11-04 17:31:53,878 - gleitzeit.workers.signal_worker - INFO - Signal processing loop iteration 4100
[2025-11-04 17:32:04] [STDERR] 2025-11-04 17:32:04,125 - gleitzeit.workers.signal_worker - INFO - Signal processing loop iteration 4120
[2025-11-04 17:32:14] [STDERR] 2025-11-04 17:32:14,391 - gleitzeit.workers.signal_worker - INFO - Signal processing loop iteration 4140
[2025-11-04 17:32:24] [STDERR] 2025-11-04 17:32:24,656 - gleitzeit.workers.signal_worker - INFO - Signal processing loop iteration 4160
[2025-11-04 17:32:34] [STDERR] 2025-11-04 17:32:34,913 - gleitzeit.workers.signal_worker - INFO - Signal processing loop iteration 4180
[2025-11-04 17:32:45] [STDERR] 2025-11-04 17:32:45,183 - gleitzeit.workers.signal_worker - INFO - Signal processing loop iteration 4200
[2025-11-04 17:32:55] [STDERR] 2025-11-04 17:32:55,373 - gleitzeit.workers.signal_worker - INFO - Signal processing loop iteration 4220
[2025-11-04 17:33:05] [STDERR] 2025-11-04 17:33:05,584 - gleitzeit.workers.signal_worker - INFO - Signal processing loop iteration 4240
[2025-11-04 17:33:15] [STDERR] 2025-11-04 17:33:15,791 - gleitzeit.workers.signal_worker - INFO - Signal processing loop iteration 4260
[2025-11-04 17:33:26] [STDERR] 2025-11-04 17:33:26,020 - gleitzeit.workers.signal_worker - INFO - Signal processing loop iteration 4280
[2025-11-04 17:33:36] [STDERR] 2025-11-04 17:33:36,283 - gleitzeit.workers.signal_worker - INFO - Signal processing loop iteration 4300
[2025-11-04 17:33:46] [STDERR] 2025-11-04 17:33:46,673 - gleitzeit.workers.signal_worker - INFO - Signal processing loop iteration 4320
[2025-11-04 17:33:56] [STDERR] 2025-11-04 17:33:56,889 - gleitzeit.workers.signal_worker - INFO - Signal processing loop iteration 4340
[2025-11-04 17:34:07] [STDERR] 2025-11-04 17:34:07,099 - gleitzeit.workers.signal_worker - INFO - Signal processing loop iteration 4360
[2025-11-04 17:34:17] [STDERR] 2025-11-04 17:34:17,303 - gleitzeit.workers.signal_worker - INFO - Signal processing loop iteration 4380
[2025-11-04 17:34:27] [STDERR] 2025-11-04 17:34:27,492 - gleitzeit.workers.signal_worker - INFO - Signal processing loop iteration 4400
[2025-11-04 17:34:37] [STDERR] 2025-11-04 17:34:37,743 - gleitzeit.workers.signal_worker - INFO - Signal processing loop iteration 4420
[2025-11-04 17:34:48] [STDERR] 2025-11-04 17:34:48,012 - gleitzeit.workers.signal_worker - INFO - Signal processing loop iteration 4440
[2025-11-04 17:34:58] [STDERR] 2025-11-04 17:34:58,298 - gleitzeit.workers.signal_worker - INFO - Signal processing loop iteration 4460
[2025-11-04 17:35:08] [STDERR] 2025-11-04 17:35:08,504 - gleitzeit.workers.signal_worker - INFO - Signal processing loop iteration 4480
[2025-11-04 17:35:18] [STDERR] 2025-11-04 17:35:18,731 - gleitzeit.workers.signal_worker - INFO - Signal processing loop iteration 4500
[2025-11-04 17:35:28] [STDERR] 2025-11-04 17:35:28,924 - gleitzeit.workers.signal_worker - INFO - Signal processing loop iteration 4520
[2025-11-04 17:35:39] [STDERR] 2025-11-04 17:35:39,150 - gleitzeit.workers.signal_worker - INFO - Signal processing loop iteration 4540
[2025-11-04 17:35:49] [STDERR] 2025-11-04 17:35:49,351 - gleitzeit.workers.signal_worker - INFO - Signal processing loop iteration 4560
[2025-11-04 17:35:59] [STDERR] 2025-11-04 17:35:59,584 - gleitzeit.workers.signal_worker - INFO - Signal processing loop iteration 4580
[2025-11-04 17:36:09] [STDERR] 2025-11-04 17:36:09,780 - gleitzeit.workers.signal_worker - INFO - Signal processing loop iteration 4600
[2025-11-04 17:36:20] [STDERR] 2025-11-04 17:36:20,017 - gleitzeit.workers.signal_worker - INFO - Signal processing loop iteration 4620
[2025-11-04 17:36:30] [STDERR] 2025-11-04 17:36:30,250 - gleitzeit.workers.signal_worker - INFO - Signal processing loop iteration 4640
[2025-11-04 17:36:40] [STDERR] 2025-11-04 17:36:40,472 - gleitzeit.workers.signal_worker - INFO - Signal processing loop iteration 4660
[2025-11-04 17:36:50] [STDERR] 2025-11-04 17:36:50,693 - gleitzeit.workers.signal_worker - INFO - Signal processing loop iteration 4680
[2025-11-04 17:37:00] [STDERR] 2025-11-04 17:37:00,917 - gleitzeit.workers.signal_worker - INFO - Signal processing loop iteration 4700
[2025-11-04 17:37:11] [STDERR] 2025-11-04 17:37:11,129 - gleitzeit.workers.signal_worker - INFO - Signal processing loop iteration 4720
[2025-11-04 17:37:21] [STDERR] 2025-11-04 17:37:21,387 - gleitzeit.workers.signal_worker - INFO - Signal processing loop iteration 4740
[2025-11-04 17:37:31] [STDERR] 2025-11-04 17:37:31,629 - gleitzeit.workers.signal_worker - INFO - Signal processing loop iteration 4760
[2025-11-04 17:37:41] [STDERR] 2025-11-04 17:37:41,847 - gleitzeit.workers.signal_worker - INFO - Signal processing loop iteration 4780
[2025-11-04 17:37:52] [STDERR] 2025-11-04 17:37:52,116 - gleitzeit.workers.signal_worker - INFO - Signal processing loop iteration 4800
[2025-11-04 17:38:02] [STDERR] 2025-11-04 17:38:02,320 - gleitzeit.workers.signal_worker - INFO - Signal processing loop iteration 4820
[2025-11-04 17:38:12] [STDERR] 2025-11-04 17:38:12,563 - gleitzeit.workers.signal_worker - INFO - Signal processing loop iteration 4840
[2025-11-04 17:38:22] [STDERR] 2025-11-04 17:38:22,809 - gleitzeit.workers.signal_worker - INFO - Signal processing loop iteration 4860
[2025-11-04 17:38:33] [STDERR] 2025-11-04 17:38:33,062 - gleitzeit.workers.signal_worker - INFO - Signal processing loop iteration 4880
[2025-11-04 17:38:43] [STDERR] 2025-11-04 17:38:43,318 - gleitzeit.workers.signal_worker - INFO - Signal processing loop iteration 4900
[2025-11-04 17:38:53] [STDERR] 2025-11-04 17:38:53,551 - gleitzeit.workers.signal_worker - INFO - Signal processing loop iteration 4920
[2025-11-04 17:39:03] [STDERR] 2025-11-04 17:39:03,813 - gleitzeit.workers.signal_worker - INFO - Signal processing loop iteration 4940
[2025-11-04 17:39:14] [STDERR] 2025-11-04 17:39:14,129 - gleitzeit.workers.signal_worker - INFO - Signal processing loop iteration 4960
[2025-11-04 17:39:24] [STDERR] 2025-11-04 17:39:24,488 - gleitzeit.workers.signal_worker - INFO - Signal processing loop iteration 4980
[2025-11-04 17:39:34] [STDERR] 2025-11-04 17:39:34,701 - gleitzeit.workers.signal_worker - INFO - Signal processing loop iteration 5000
[2025-11-04 17:39:44] [STDERR] 2025-11-04 17:39:44,892 - gleitzeit.workers.signal_worker - INFO - Signal processing loop iteration 5020
[2025-11-04 17:39:55] [STDERR] 2025-11-04 17:39:55,086 - gleitzeit.workers.signal_worker - INFO - Signal processing loop iteration 5040
[2025-11-04 17:40:05] [STDERR] 2025-11-04 17:40:05,349 - gleitzeit.workers.signal_worker - INFO - Signal processing loop iteration 5060
[2025-11-04 17:40:15] [STDERR] 2025-11-04 17:40:15,617 - gleitzeit.workers.signal_worker - INFO - Signal processing loop iteration 5080
[2025-11-04 17:40:25] [STDERR] 2025-11-04 17:40:25,830 - gleitzeit.workers.signal_worker - INFO - Signal processing loop iteration 5100
[2025-11-04 17:40:36] [STDERR] 2025-11-04 17:40:36,086 - gleitzeit.workers.signal_worker - INFO - Signal processing loop iteration 5120
[2025-11-04 17:40:46] [STDERR] 2025-11-04 17:40:46,379 - gleitzeit.workers.signal_worker - INFO - Signal processing loop iteration 5140
[2025-11-04 17:40:56] [STDERR] 2025-11-04 17:40:56,626 - gleitzeit.workers.signal_worker - INFO - Signal processing loop iteration 5160
[2025-11-04 17:40:59] [STDERR] 2025-11-04 17:40:59,691 - gleitzeit.workers.signal_worker - INFO - SignalWorker found 2 signals in global registry
[2025-11-04 17:40:59] [STDERR] 2025-11-04 17:40:59,691 - gleitzeit.workers.signal_worker - INFO - Processing registry entry: workflow=workflow-72d17d06-2a7c-4814-9916-9321dfc74316, signal=workflow-completed
[2025-11-04 17:40:59] [STDERR] 2025-11-04 17:40:59,691 - gleitzeit.workers.signal_worker - INFO - No waiters for signal workflow-completed in workflow workflow-72d17d06-2a7c-4814-9916-9321dfc74316 - keeping in registry
[2025-11-04 17:40:59] [STDERR] 2025-11-04 17:40:59,691 - gleitzeit.workers.signal_worker - INFO - Processing registry entry: workflow=workflow-72d17d06-2a7c-4814-9916-9321dfc74316, signal=processing-complete
[2025-11-04 17:40:59] [STDERR] 2025-11-04 17:40:59,692 - gleitzeit.workers.signal_worker - INFO - No waiters for signal processing-complete in workflow workflow-72d17d06-2a7c-4814-9916-9321dfc74316 - keeping in registry
[2025-11-04 17:41:00] [STDERR] 2025-11-04 17:41:00,203 - gleitzeit.workers.signal_worker - INFO - SignalWorker found 2 signals in global registry
[2025-11-04 17:41:00] [STDERR] 2025-11-04 17:41:00,203 - gleitzeit.workers.signal_worker - INFO - Processing registry entry: workflow=workflow-72d17d06-2a7c-4814-9916-9321dfc74316, signal=workflow-completed
[2025-11-04 17:41:00] [STDERR] 2025-11-04 17:41:00,204 - gleitzeit.workers.signal_worker - INFO - No waiters for signal workflow-completed in workflow workflow-72d17d06-2a7c-4814-9916-9321dfc74316 - keeping in registry
[2025-11-04 17:41:00] [STDERR] 2025-11-04 17:41:00,204 - gleitzeit.workers.signal_worker - INFO - Processing registry entry: workflow=workflow-72d17d06-2a7c-4814-9916-9321dfc74316, signal=processing-complete
[2025-11-04 17:41:00] [STDERR] 2025-11-04 17:41:00,204 - gleitzeit.workers.signal_worker - INFO - No waiters for signal processing-complete in workflow workflow-72d17d06-2a7c-4814-9916-9321dfc74316 - keeping in registry
[2025-11-04 17:41:00] [STDERR] 2025-11-04 17:41:00,717 - gleitzeit.workers.signal_worker - INFO - SignalWorker found 2 signals in global registry
[2025-11-04 17:41:00] [STDERR] 2025-11-04 17:41:00,717 - gleitzeit.workers.signal_worker - INFO - Processing registry entry: workflow=workflow-72d17d06-2a7c-4814-9916-9321dfc74316, signal=workflow-completed
[2025-11-04 17:41:00] [STDERR] 2025-11-04 17:41:00,717 - gleitzeit.workers.signal_worker - INFO - No waiters for signal workflow-completed in workflow workflow-72d17d06-2a7c-4814-9916-9321dfc74316 - keeping in registry
[2025-11-04 17:41:00] [STDERR] 2025-11-04 17:41:00,717 - gleitzeit.workers.signal_worker - INFO - Processing registry entry: workflow=workflow-72d17d06-2a7c-4814-9916-9321dfc74316, signal=processing-complete
[2025-11-04 17:41:00] [STDERR] 2025-11-04 17:41:00,717 - gleitzeit.workers.signal_worker - INFO - No waiters for signal processing-complete in workflow workflow-72d17d06-2a7c-4814-9916-9321dfc74316 - keeping in registry
[2025-11-04 17:41:01] [STDERR] 2025-11-04 17:41:01,233 - gleitzeit.workers.signal_worker - INFO - SignalWorker found 2 signals in global registry
[2025-11-04 17:41:01] [STDERR] 2025-11-04 17:41:01,233 - gleitzeit.workers.signal_worker - INFO - Processing registry entry: workflow=workflow-72d17d06-2a7c-4814-9916-9321dfc74316, signal=workflow-completed
[2025-11-04 17:41:01] [STDERR] 2025-11-04 17:41:01,233 - gleitzeit.workers.signal_worker - INFO - No waiters for signal workflow-completed in workflow workflow-72d17d06-2a7c-4814-9916-9321dfc74316 - keeping in registry
[2025-11-04 17:41:01] [STDERR] 2025-11-04 17:41:01,233 - gleitzeit.workers.signal_worker - INFO - Processing registry entry: workflow=workflow-72d17d06-2a7c-4814-9916-9321dfc74316, signal=processing-complete
[2025-11-04 17:41:01] [STDERR] 2025-11-04 17:41:01,233 - gleitzeit.workers.signal_worker - INFO - No waiters for signal processing-complete in workflow workflow-72d17d06-2a7c-4814-9916-9321dfc74316 - keeping in registry
[2025-11-04 17:41:01] [STDERR] 2025-11-04 17:41:01,763 - gleitzeit.workers.signal_worker - INFO - SignalWorker found 2 signals in global registry
[2025-11-04 17:41:01] [STDERR] 2025-11-04 17:41:01,763 - gleitzeit.workers.signal_worker - INFO - Processing registry entry: workflow=workflow-72d17d06-2a7c-4814-9916-9321dfc74316, signal=workflow-completed
[2025-11-04 17:41:01] [STDERR] 2025-11-04 17:41:01,764 - gleitzeit.workers.signal_worker - INFO - No waiters for signal workflow-completed in workflow workflow-72d17d06-2a7c-4814-9916-9321dfc74316 - keeping in registry
[2025-11-04 17:41:01] [STDERR] 2025-11-04 17:41:01,764 - gleitzeit.workers.signal_worker - INFO - Processing registry entry: workflow=workflow-72d17d06-2a7c-4814-9916-9321dfc74316, signal=processing-complete
[2025-11-04 17:41:01] [STDERR] 2025-11-04 17:41:01,764 - gleitzeit.workers.signal_worker - INFO - No waiters for signal processing-complete in workflow workflow-72d17d06-2a7c-4814-9916-9321dfc74316 - keeping in registry
[2025-11-04 17:41:02] [STDERR] 2025-11-04 17:41:02,278 - gleitzeit.workers.signal_worker - INFO - SignalWorker found 2 signals in global registry
[2025-11-04 17:41:02] [STDERR] 2025-11-04 17:41:02,278 - gleitzeit.workers.signal_worker - INFO - Processing registry entry: workflow=workflow-72d17d06-2a7c-4814-9916-9321dfc74316, signal=workflow-completed
[2025-11-04 17:41:02] [STDERR] 2025-11-04 17:41:02,278 - gleitzeit.workers.signal_worker - INFO - No waiters for signal workflow-completed in workflow workflow-72d17d06-2a7c-4814-9916-9321dfc74316 - keeping in registry
[2025-11-04 17:41:02] [STDERR] 2025-11-04 17:41:02,278 - gleitzeit.workers.signal_worker - INFO - Processing registry entry: workflow=workflow-72d17d06-2a7c-4814-9916-9321dfc74316, signal=processing-complete
[2025-11-04 17:41:02] [STDERR] 2025-11-04 17:41:02,278 - gleitzeit.workers.signal_worker - INFO - No waiters for signal processing-complete in workflow workflow-72d17d06-2a7c-4814-9916-9321dfc74316 - keeping in registry
[2025-11-04 17:41:02] [STDERR] 2025-11-04 17:41:02,794 - gleitzeit.workers.signal_worker - INFO - SignalWorker found 2 signals in global registry
[2025-11-04 17:41:02] [STDERR] 2025-11-04 17:41:02,794 - gleitzeit.workers.signal_worker - INFO - Processing registry entry: workflow=workflow-72d17d06-2a7c-4814-9916-9321dfc74316, signal=workflow-completed
[2025-11-04 17:41:02] [STDERR] 2025-11-04 17:41:02,794 - gleitzeit.workers.signal_worker - INFO - No waiters for signal workflow-completed in workflow workflow-72d17d06-2a7c-4814-9916-9321dfc74316 - keeping in registry
[2025-11-04 17:41:02] [STDERR] 2025-11-04 17:41:02,794 - gleitzeit.workers.signal_worker - INFO - Processing registry entry: workflow=workflow-72d17d06-2a7c-4814-9916-9321dfc74316, signal=processing-complete
[2025-11-04 17:41:02] [STDERR] 2025-11-04 17:41:02,794 - gleitzeit.workers.signal_worker - INFO - No waiters for signal processing-complete in workflow workflow-72d17d06-2a7c-4814-9916-9321dfc74316 - keeping in registry
[2025-11-04 17:41:03] [STDERR] 2025-11-04 17:41:03,305 - gleitzeit.workers.signal_worker - INFO - SignalWorker found 2 signals in global registry
[2025-11-04 17:41:03] [STDERR] 2025-11-04 17:41:03,305 - gleitzeit.workers.signal_worker - INFO - Processing registry entry: workflow=workflow-72d17d06-2a7c-4814-9916-9321dfc74316, signal=workflow-completed
[2025-11-04 17:41:03] [STDERR] 2025-11-04 17:41:03,305 - gleitzeit.workers.signal_worker - INFO - No waiters for signal workflow-completed in workflow workflow-72d17d06-2a7c-4814-9916-9321dfc74316 - keeping in registry
[2025-11-04 17:41:03] [STDERR] 2025-11-04 17:41:03,305 - gleitzeit.workers.signal_worker - INFO - Processing registry entry: workflow=workflow-72d17d06-2a7c-4814-9916-9321dfc74316, signal=processing-complete
[2025-11-04 17:41:03] [STDERR] 2025-11-04 17:41:03,305 - gleitzeit.workers.signal_worker - INFO - No waiters for signal processing-complete in workflow workflow-72d17d06-2a7c-4814-9916-9321dfc74316 - keeping in registry
[2025-11-04 17:41:03] [STDERR] 2025-11-04 17:41:03,817 - gleitzeit.workers.signal_worker - INFO - SignalWorker found 2 signals in global registry
[2025-11-04 17:41:03] [STDERR] 2025-11-04 17:41:03,817 - gleitzeit.workers.signal_worker - INFO - Processing registry entry: workflow=workflow-72d17d06-2a7c-4814-9916-9321dfc74316, signal=workflow-completed
[2025-11-04 17:41:03] [STDERR] 2025-11-04 17:41:03,817 - gleitzeit.workers.signal_worker - INFO - No waiters for signal workflow-completed in workflow workflow-72d17d06-2a7c-4814-9916-9321dfc74316 - keeping in registry
[2025-11-04 17:41:03] [STDERR] 2025-11-04 17:41:03,817 - gleitzeit.workers.signal_worker - INFO - Processing registry entry: workflow=workflow-72d17d06-2a7c-4814-9916-9321dfc74316, signal=processing-complete
[2025-11-04 17:41:03] [STDERR] 2025-11-04 17:41:03,817 - gleitzeit.workers.signal_worker - INFO - No waiters for signal processing-complete in workflow workflow-72d17d06-2a7c-4814-9916-9321dfc74316 - keeping in registry
[2025-11-04 17:41:04] [STDERR] 2025-11-04 17:41:04,331 - gleitzeit.workers.signal_worker - INFO - SignalWorker found 2 signals in global registry
[2025-11-04 17:41:04] [STDERR] 2025-11-04 17:41:04,331 - gleitzeit.workers.signal_worker - INFO - Processing registry entry: workflow=workflow-72d17d06-2a7c-4814-9916-9321dfc74316, signal=workflow-completed
[2025-11-04 17:41:04] [STDERR] 2025-11-04 17:41:04,331 - gleitzeit.workers.signal_worker - INFO - No waiters for signal workflow-completed in workflow workflow-72d17d06-2a7c-4814-9916-9321dfc74316 - keeping in registry
[2025-11-04 17:41:04] [STDERR] 2025-11-04 17:41:04,331 - gleitzeit.workers.signal_worker - INFO - Processing registry entry: workflow=workflow-72d17d06-2a7c-4814-9916-9321dfc74316, signal=processing-complete
[2025-11-04 17:41:04] [STDERR] 2025-11-04 17:41:04,331 - gleitzeit.workers.signal_worker - INFO - No waiters for signal processing-complete in workflow workflow-72d17d06-2a7c-4814-9916-9321dfc74316 - keeping in registry
[2025-11-04 17:41:04] [STDERR] 2025-11-04 17:41:04,842 - gleitzeit.workers.signal_worker - INFO - SignalWorker found 2 signals in global registry
[2025-11-04 17:41:04] [STDERR] 2025-11-04 17:41:04,842 - gleitzeit.workers.signal_worker - INFO - Processing registry entry: workflow=workflow-72d17d06-2a7c-4814-9916-9321dfc74316, signal=workflow-completed
[2025-11-04 17:41:04] [STDERR] 2025-11-04 17:41:04,842 - gleitzeit.workers.signal_worker - INFO - No waiters for signal workflow-completed in workflow workflow-72d17d06-2a7c-4814-9916-9321dfc74316 - keeping in registry
[2025-11-04 17:41:04] [STDERR] 2025-11-04 17:41:04,842 - gleitzeit.workers.signal_worker - INFO - Processing registry entry: workflow=workflow-72d17d06-2a7c-4814-9916-9321dfc74316, signal=processing-complete
[2025-11-04 17:41:04] [STDERR] 2025-11-04 17:41:04,842 - gleitzeit.workers.signal_worker - INFO - No waiters for signal processing-complete in workflow workflow-72d17d06-2a7c-4814-9916-9321dfc74316 - keeping in registry
[2025-11-04 17:41:05] [STDERR] 2025-11-04 17:41:05,349 - gleitzeit.workers.signal_worker - INFO - SignalWorker found 2 signals in global registry
[2025-11-04 17:41:05] [STDERR] 2025-11-04 17:41:05,349 - gleitzeit.workers.signal_worker - INFO - Processing registry entry: workflow=workflow-72d17d06-2a7c-4814-9916-9321dfc74316, signal=workflow-completed
[2025-11-04 17:41:05] [STDERR] 2025-11-04 17:41:05,349 - gleitzeit.workers.signal_worker - INFO - No waiters for signal workflow-completed in workflow workflow-72d17d06-2a7c-4814-9916-9321dfc74316 - keeping in registry
[2025-11-04 17:41:05] [STDERR] 2025-11-04 17:41:05,349 - gleitzeit.workers.signal_worker - INFO - Processing registry entry: workflow=workflow-72d17d06-2a7c-4814-9916-9321dfc74316, signal=processing-complete
[2025-11-04 17:41:05] [STDERR] 2025-11-04 17:41:05,349 - gleitzeit.workers.signal_worker - INFO - No waiters for signal processing-complete in workflow workflow-72d17d06-2a7c-4814-9916-9321dfc74316 - keeping in registry
[2025-11-04 17:41:05] [STDERR] 2025-11-04 17:41:05,861 - gleitzeit.workers.signal_worker - INFO - SignalWorker found 2 signals in global registry
[2025-11-04 17:41:05] [STDERR] 2025-11-04 17:41:05,861 - gleitzeit.workers.signal_worker - INFO - Processing registry entry: workflow=workflow-72d17d06-2a7c-4814-9916-9321dfc74316, signal=workflow-completed
[2025-11-04 17:41:05] [STDERR] 2025-11-04 17:41:05,861 - gleitzeit.workers.signal_worker - INFO - No waiters for signal workflow-completed in workflow workflow-72d17d06-2a7c-4814-9916-9321dfc74316 - keeping in registry
[2025-11-04 17:41:05] [STDERR] 2025-11-04 17:41:05,861 - gleitzeit.workers.signal_worker - INFO - Processing registry entry: workflow=workflow-72d17d06-2a7c-4814-9916-9321dfc74316, signal=processing-complete
[2025-11-04 17:41:05] [STDERR] 2025-11-04 17:41:05,861 - gleitzeit.workers.signal_worker - INFO - No waiters for signal processing-complete in workflow workflow-72d17d06-2a7c-4814-9916-9321dfc74316 - keeping in registry
[2025-11-04 17:41:06] [STDERR] 2025-11-04 17:41:06,370 - gleitzeit.workers.signal_worker - INFO - SignalWorker found 2 signals in global registry
[2025-11-04 17:41:06] [STDERR] 2025-11-04 17:41:06,370 - gleitzeit.workers.signal_worker - INFO - Processing registry entry: workflow=workflow-72d17d06-2a7c-4814-9916-9321dfc74316, signal=workflow-completed
[2025-11-04 17:41:06] [STDERR] 2025-11-04 17:41:06,370 - gleitzeit.workers.signal_worker - INFO - No waiters for signal workflow-completed in workflow workflow-72d17d06-2a7c-4814-9916-9321dfc74316 - keeping in registry
[2025-11-04 17:41:06] [STDERR] 2025-11-04 17:41:06,370 - gleitzeit.workers.signal_worker - INFO - Processing registry entry: workflow=workflow-72d17d06-2a7c-4814-9916-9321dfc74316, signal=processing-complete
[2025-11-04 17:41:06] [STDERR] 2025-11-04 17:41:06,370 - gleitzeit.workers.signal_worker - INFO - No waiters for signal processing-complete in workflow workflow-72d17d06-2a7c-4814-9916-9321dfc74316 - keeping in registry
[2025-11-04 17:41:06] [STDERR] 2025-11-04 17:41:06,871 - gleitzeit.workers.signal_worker - INFO - Signal processing loop iteration 5180
[2025-11-04 17:41:06] [STDERR] 2025-11-04 17:41:06,880 - gleitzeit.workers.signal_worker - INFO - SignalWorker found 2 signals in global registry
[2025-11-04 17:41:06] [STDERR] 2025-11-04 17:41:06,880 - gleitzeit.workers.signal_worker - INFO - Processing registry entry: workflow=workflow-72d17d06-2a7c-4814-9916-9321dfc74316, signal=workflow-completed
[2025-11-04 17:41:06] [STDERR] 2025-11-04 17:41:06,881 - gleitzeit.workers.signal_worker - INFO - No waiters for signal workflow-completed in workflow workflow-72d17d06-2a7c-4814-9916-9321dfc74316 - keeping in registry
[2025-11-04 17:41:06] [STDERR] 2025-11-04 17:41:06,881 - gleitzeit.workers.signal_worker - INFO - Processing registry entry: workflow=workflow-72d17d06-2a7c-4814-9916-9321dfc74316, signal=processing-complete
[2025-11-04 17:41:06] [STDERR] 2025-11-04 17:41:06,881 - gleitzeit.workers.signal_worker - INFO - No waiters for signal processing-complete in workflow workflow-72d17d06-2a7c-4814-9916-9321dfc74316 - keeping in registry
[2025-11-04 17:41:07] [STDERR] 2025-11-04 17:41:07,393 - gleitzeit.workers.signal_worker - INFO - SignalWorker found 2 signals in global registry
[2025-11-04 17:41:07] [STDERR] 2025-11-04 17:41:07,393 - gleitzeit.workers.signal_worker - INFO - Processing registry entry: workflow=workflow-72d17d06-2a7c-4814-9916-9321dfc74316, signal=workflow-completed
[2025-11-04 17:41:07] [STDERR] 2025-11-04 17:41:07,393 - gleitzeit.workers.signal_worker - INFO - No waiters for signal workflow-completed in workflow workflow-72d17d06-2a7c-4814-9916-9321dfc74316 - keeping in registry
[2025-11-04 17:41:07] [STDERR] 2025-11-04 17:41:07,393 - gleitzeit.workers.signal_worker - INFO - Processing registry entry: workflow=workflow-72d17d06-2a7c-4814-9916-9321dfc74316, signal=processing-complete
[2025-11-04 17:41:07] [STDERR] 2025-11-04 17:41:07,393 - gleitzeit.workers.signal_worker - INFO - No waiters for signal processing-complete in workflow workflow-72d17d06-2a7c-4814-9916-9321dfc74316 - keeping in registry
[2025-11-04 17:41:07] [STDERR] 2025-11-04 17:41:07,903 - gleitzeit.workers.signal_worker - INFO - SignalWorker found 2 signals in global registry
[2025-11-04 17:41:07] [STDERR] 2025-11-04 17:41:07,903 - gleitzeit.workers.signal_worker - INFO - Processing registry entry: workflow=workflow-72d17d06-2a7c-4814-9916-9321dfc74316, signal=workflow-completed
[2025-11-04 17:41:07] [STDERR] 2025-11-04 17:41:07,903 - gleitzeit.workers.signal_worker - INFO - No waiters for signal workflow-completed in workflow workflow-72d17d06-2a7c-4814-9916-9321dfc74316 - keeping in registry
[2025-11-04 17:41:07] [STDERR] 2025-11-04 17:41:07,903 - gleitzeit.workers.signal_worker - INFO - Processing registry entry: workflow=workflow-72d17d06-2a7c-4814-9916-9321dfc74316, signal=processing-complete
[2025-11-04 17:41:07] [STDERR] 2025-11-04 17:41:07,903 - gleitzeit.workers.signal_worker - INFO - No waiters for signal processing-complete in workflow workflow-72d17d06-2a7c-4814-9916-9321dfc74316 - keeping in registry
[2025-11-04 17:41:08] [STDERR] 2025-11-04 17:41:08,409 - gleitzeit.workers.signal_worker - INFO - SignalWorker found 2 signals in global registry
[2025-11-04 17:41:08] [STDERR] 2025-11-04 17:41:08,409 - gleitzeit.workers.signal_worker - INFO - Processing registry entry: workflow=workflow-72d17d06-2a7c-4814-9916-9321dfc74316, signal=workflow-completed
[2025-11-04 17:41:08] [STDERR] 2025-11-04 17:41:08,409 - gleitzeit.workers.signal_worker - INFO - No waiters for signal workflow-completed in workflow workflow-72d17d06-2a7c-4814-9916-9321dfc74316 - keeping in registry
[2025-11-04 17:41:08] [STDERR] 2025-11-04 17:41:08,409 - gleitzeit.workers.signal_worker - INFO - Processing registry entry: workflow=workflow-72d17d06-2a7c-4814-9916-9321dfc74316, signal=processing-complete
[2025-11-04 17:41:08] [STDERR] 2025-11-04 17:41:08,409 - gleitzeit.workers.signal_worker - INFO - No waiters for signal processing-complete in workflow workflow-72d17d06-2a7c-4814-9916-9321dfc74316 - keeping in registry
[2025-11-04 17:41:08] [STDERR] 2025-11-04 17:41:08,914 - gleitzeit.workers.signal_worker - INFO - SignalWorker found 2 signals in global registry
[2025-11-04 17:41:08] [STDERR] 2025-11-04 17:41:08,915 - gleitzeit.workers.signal_worker - INFO - Processing registry entry: workflow=workflow-72d17d06-2a7c-4814-9916-9321dfc74316, signal=workflow-completed
[2025-11-04 17:41:08] [STDERR] 2025-11-04 17:41:08,915 - gleitzeit.workers.signal_worker - INFO - No waiters for signal workflow-completed in workflow workflow-72d17d06-2a7c-4814-9916-9321dfc74316 - keeping in registry
[2025-11-04 17:41:08] [STDERR] 2025-11-04 17:41:08,915 - gleitzeit.workers.signal_worker - INFO - Processing registry entry: workflow=workflow-72d17d06-2a7c-4814-9916-9321dfc74316, signal=processing-complete
[2025-11-04 17:41:08] [STDERR] 2025-11-04 17:41:08,915 - gleitzeit.workers.signal_worker - INFO - No waiters for signal processing-complete in workflow workflow-72d17d06-2a7c-4814-9916-9321dfc74316 - keeping in registry
[2025-11-04 17:41:09] [STDERR] 2025-11-04 17:41:09,420 - gleitzeit.workers.signal_worker - INFO - SignalWorker found 2 signals in global registry
[2025-11-04 17:41:09] [STDERR] 2025-11-04 17:41:09,420 - gleitzeit.workers.signal_worker - INFO - Processing registry entry: workflow=workflow-72d17d06-2a7c-4814-9916-9321dfc74316, signal=workflow-completed
[2025-11-04 17:41:09] [STDERR] 2025-11-04 17:41:09,420 - gleitzeit.workers.signal_worker - INFO - No waiters for signal workflow-completed in workflow workflow-72d17d06-2a7c-4814-9916-9321dfc74316 - keeping in registry
[2025-11-04 17:41:09] [STDERR] 2025-11-04 17:41:09,420 - gleitzeit.workers.signal_worker - INFO - Processing registry entry: workflow=workflow-72d17d06-2a7c-4814-9916-9321dfc74316, signal=processing-complete
[2025-11-04 17:41:09] [STDERR] 2025-11-04 17:41:09,420 - gleitzeit.workers.signal_worker - INFO - No waiters for signal processing-complete in workflow workflow-72d17d06-2a7c-4814-9916-9321dfc74316 - keeping in registry
[2025-11-04 17:41:09] [STDERR] 2025-11-04 17:41:09,925 - gleitzeit.workers.signal_worker - INFO - SignalWorker found 2 signals in global registry
[2025-11-04 17:41:09] [STDERR] 2025-11-04 17:41:09,925 - gleitzeit.workers.signal_worker - INFO - Processing registry entry: workflow=workflow-72d17d06-2a7c-4814-9916-9321dfc74316, signal=workflow-completed
[2025-11-04 17:41:09] [STDERR] 2025-11-04 17:41:09,925 - gleitzeit.workers.signal_worker - INFO - No waiters for signal workflow-completed in workflow workflow-72d17d06-2a7c-4814-9916-9321dfc74316 - keeping in registry
[2025-11-04 17:41:09] [STDERR] 2025-11-04 17:41:09,925 - gleitzeit.workers.signal_worker - INFO - Processing registry entry: workflow=workflow-72d17d06-2a7c-4814-9916-9321dfc74316, signal=processing-complete
[2025-11-04 17:41:09] [STDERR] 2025-11-04 17:41:09,925 - gleitzeit.workers.signal_worker - INFO - No waiters for signal processing-complete in workflow workflow-72d17d06-2a7c-4814-9916-9321dfc74316 - keeping in registry
[2025-11-04 17:41:10] [STDERR] 2025-11-04 17:41:10,435 - gleitzeit.workers.signal_worker - INFO - SignalWorker found 2 signals in global registry
[2025-11-04 17:41:10] [STDERR] 2025-11-04 17:41:10,435 - gleitzeit.workers.signal_worker - INFO - Processing registry entry: workflow=workflow-72d17d06-2a7c-4814-9916-9321dfc74316, signal=workflow-completed
[2025-11-04 17:41:10] [STDERR] 2025-11-04 17:41:10,435 - gleitzeit.workers.signal_worker - INFO - No waiters for signal workflow-completed in workflow workflow-72d17d06-2a7c-4814-9916-9321dfc74316 - keeping in registry
[2025-11-04 17:41:10] [STDERR] 2025-11-04 17:41:10,435 - gleitzeit.workers.signal_worker - INFO - Processing registry entry: workflow=workflow-72d17d06-2a7c-4814-9916-9321dfc74316, signal=processing-complete
[2025-11-04 17:41:10] [STDERR] 2025-11-04 17:41:10,435 - gleitzeit.workers.signal_worker - INFO - No waiters for signal processing-complete in workflow workflow-72d17d06-2a7c-4814-9916-9321dfc74316 - keeping in registry
[2025-11-04 17:41:10] [STDERR] 2025-11-04 17:41:10,947 - gleitzeit.workers.signal_worker - INFO - SignalWorker found 2 signals in global registry
[2025-11-04 17:41:10] [STDERR] 2025-11-04 17:41:10,947 - gleitzeit.workers.signal_worker - INFO - Processing registry entry: workflow=workflow-72d17d06-2a7c-4814-9916-9321dfc74316, signal=workflow-completed
[2025-11-04 17:41:10] [STDERR] 2025-11-04 17:41:10,948 - gleitzeit.workers.signal_worker - INFO - No waiters for signal workflow-completed in workflow workflow-72d17d06-2a7c-4814-9916-9321dfc74316 - keeping in registry
[2025-11-04 17:41:10] [STDERR] 2025-11-04 17:41:10,948 - gleitzeit.workers.signal_worker - INFO - Processing registry entry: workflow=workflow-72d17d06-2a7c-4814-9916-9321dfc74316, signal=processing-complete
[2025-11-04 17:41:10] [STDERR] 2025-11-04 17:41:10,948 - gleitzeit.workers.signal_worker - INFO - No waiters for signal processing-complete in workflow workflow-72d17d06-2a7c-4814-9916-9321dfc74316 - keeping in registry
[2025-11-04 17:41:11] [STDERR] 2025-11-04 17:41:11,462 - gleitzeit.workers.signal_worker - INFO - SignalWorker found 2 signals in global registry
[2025-11-04 17:41:11] [STDERR] 2025-11-04 17:41:11,462 - gleitzeit.workers.signal_worker - INFO - Processing registry entry: workflow=workflow-72d17d06-2a7c-4814-9916-9321dfc74316, signal=workflow-completed
[2025-11-04 17:41:11] [STDERR] 2025-11-04 17:41:11,462 - gleitzeit.workers.signal_worker - INFO - No waiters for signal workflow-completed in workflow workflow-72d17d06-2a7c-4814-9916-9321dfc74316 - keeping in registry
[2025-11-04 17:41:11] [STDERR] 2025-11-04 17:41:11,462 - gleitzeit.workers.signal_worker - INFO - Processing registry entry: workflow=workflow-72d17d06-2a7c-4814-9916-9321dfc74316, signal=processing-complete
[2025-11-04 17:41:11] [STDERR] 2025-11-04 17:41:11,462 - gleitzeit.workers.signal_worker - INFO - No waiters for signal processing-complete in workflow workflow-72d17d06-2a7c-4814-9916-9321dfc74316 - keeping in registry
[2025-11-04 17:41:11] [STDERR] 2025-11-04 17:41:11,977 - gleitzeit.workers.signal_worker - INFO - SignalWorker found 2 signals in global registry
[2025-11-04 17:41:11] [STDERR] 2025-11-04 17:41:11,977 - gleitzeit.workers.signal_worker - INFO - Processing registry entry: workflow=workflow-72d17d06-2a7c-4814-9916-9321dfc74316, signal=workflow-completed
[2025-11-04 17:41:11] [STDERR] 2025-11-04 17:41:11,978 - gleitzeit.workers.signal_worker - INFO - No waiters for signal workflow-completed in workflow workflow-72d17d06-2a7c-4814-9916-9321dfc74316 - keeping in registry
[2025-11-04 17:41:11] [STDERR] 2025-11-04 17:41:11,978 - gleitzeit.workers.signal_worker - INFO - Processing registry entry: workflow=workflow-72d17d06-2a7c-4814-9916-9321dfc74316, signal=processing-complete
[2025-11-04 17:41:11] [STDERR] 2025-11-04 17:41:11,978 - gleitzeit.workers.signal_worker - INFO - No waiters for signal processing-complete in workflow workflow-72d17d06-2a7c-4814-9916-9321dfc74316 - keeping in registry
[2025-11-04 17:41:12] [STDERR] 2025-11-04 17:41:12,489 - gleitzeit.workers.signal_worker - INFO - SignalWorker found 2 signals in global registry
[2025-11-04 17:41:12] [STDERR] 2025-11-04 17:41:12,489 - gleitzeit.workers.signal_worker - INFO - Processing registry entry: workflow=workflow-72d17d06-2a7c-4814-9916-9321dfc74316, signal=workflow-completed
[2025-11-04 17:41:12] [STDERR] 2025-11-04 17:41:12,489 - gleitzeit.workers.signal_worker - INFO - No waiters for signal workflow-completed in workflow workflow-72d17d06-2a7c-4814-9916-9321dfc74316 - keeping in registry
[2025-11-04 17:41:12] [STDERR] 2025-11-04 17:41:12,489 - gleitzeit.workers.signal_worker - INFO - Processing registry entry: workflow=workflow-72d17d06-2a7c-4814-9916-9321dfc74316, signal=processing-complete
[2025-11-04 17:41:12] [STDERR] 2025-11-04 17:41:12,489 - gleitzeit.workers.signal_worker - INFO - No waiters for signal processing-complete in workflow workflow-72d17d06-2a7c-4814-9916-9321dfc74316 - keeping in registry
[2025-11-04 17:41:13] [STDERR] 2025-11-04 17:41:13,000 - gleitzeit.workers.signal_worker - INFO - SignalWorker found 2 signals in global registry
[2025-11-04 17:41:13] [STDERR] 2025-11-04 17:41:13,000 - gleitzeit.workers.signal_worker - INFO - Processing registry entry: workflow=workflow-72d17d06-2a7c-4814-9916-9321dfc74316, signal=workflow-completed
[2025-11-04 17:41:13] [STDERR] 2025-11-04 17:41:13,000 - gleitzeit.workers.signal_worker - INFO - No waiters for signal workflow-completed in workflow workflow-72d17d06-2a7c-4814-9916-9321dfc74316 - keeping in registry
[2025-11-04 17:41:13] [STDERR] 2025-11-04 17:41:13,000 - gleitzeit.workers.signal_worker - INFO - Processing registry entry: workflow=workflow-72d17d06-2a7c-4814-9916-9321dfc74316, signal=processing-complete
[2025-11-04 17:41:13] [STDERR] 2025-11-04 17:41:13,000 - gleitzeit.workers.signal_worker - INFO - No waiters for signal processing-complete in workflow workflow-72d17d06-2a7c-4814-9916-9321dfc74316 - keeping in registry
[2025-11-04 17:41:13] [STDERR] 2025-11-04 17:41:13,506 - gleitzeit.workers.signal_worker - INFO - SignalWorker found 2 signals in global registry
[2025-11-04 17:41:13] [STDERR] 2025-11-04 17:41:13,506 - gleitzeit.workers.signal_worker - INFO - Processing registry entry: workflow=workflow-72d17d06-2a7c-4814-9916-9321dfc74316, signal=workflow-completed
[2025-11-04 17:41:13] [STDERR] 2025-11-04 17:41:13,507 - gleitzeit.workers.signal_worker - INFO - No waiters for signal workflow-completed in workflow workflow-72d17d06-2a7c-4814-9916-9321dfc74316 - keeping in registry
[2025-11-04 17:41:13] [STDERR] 2025-11-04 17:41:13,507 - gleitzeit.workers.signal_worker - INFO - Processing registry entry: workflow=workflow-72d17d06-2a7c-4814-9916-9321dfc74316, signal=processing-complete
[2025-11-04 17:41:13] [STDERR] 2025-11-04 17:41:13,507 - gleitzeit.workers.signal_worker - INFO - No waiters for signal processing-complete in workflow workflow-72d17d06-2a7c-4814-9916-9321dfc74316 - keeping in registry
[2025-11-04 17:41:14] [STDERR] 2025-11-04 17:41:14,019 - gleitzeit.workers.signal_worker - INFO - SignalWorker found 2 signals in global registry
[2025-11-04 17:41:14] [STDERR] 2025-11-04 17:41:14,019 - gleitzeit.workers.signal_worker - INFO - Processing registry entry: workflow=workflow-72d17d06-2a7c-4814-9916-9321dfc74316, signal=workflow-completed
[2025-11-04 17:41:14] [STDERR] 2025-11-04 17:41:14,019 - gleitzeit.workers.signal_worker - INFO - No waiters for signal workflow-completed in workflow workflow-72d17d06-2a7c-4814-9916-9321dfc74316 - keeping in registry
[2025-11-04 17:41:14] [STDERR] 2025-11-04 17:41:14,019 - gleitzeit.workers.signal_worker - INFO - Processing registry entry: workflow=workflow-72d17d06-2a7c-4814-9916-9321dfc74316, signal=processing-complete
[2025-11-04 17:41:14] [STDERR] 2025-11-04 17:41:14,019 - gleitzeit.workers.signal_worker - INFO - No waiters for signal processing-complete in workflow workflow-72d17d06-2a7c-4814-9916-9321dfc74316 - keeping in registry
[2025-11-04 17:41:14] [STDERR] 2025-11-04 17:41:14,528 - gleitzeit.workers.signal_worker - INFO - SignalWorker found 2 signals in global registry
[2025-11-04 17:41:14] [STDERR] 2025-11-04 17:41:14,528 - gleitzeit.workers.signal_worker - INFO - Processing registry entry: workflow=workflow-72d17d06-2a7c-4814-9916-9321dfc74316, signal=workflow-completed
[2025-11-04 17:41:14] [STDERR] 2025-11-04 17:41:14,529 - gleitzeit.workers.signal_worker - INFO - No waiters for signal workflow-completed in workflow workflow-72d17d06-2a7c-4814-9916-9321dfc74316 - keeping in registry
[2025-11-04 17:41:14] [STDERR] 2025-11-04 17:41:14,529 - gleitzeit.workers.signal_worker - INFO - Processing registry entry: workflow=workflow-72d17d06-2a7c-4814-9916-9321dfc74316, signal=processing-complete
[2025-11-04 17:41:14] [STDERR] 2025-11-04 17:41:14,529 - gleitzeit.workers.signal_worker - INFO - No waiters for signal processing-complete in workflow workflow-72d17d06-2a7c-4814-9916-9321dfc74316 - keeping in registry
[2025-11-04 17:41:15] [STDERR] 2025-11-04 17:41:15,038 - gleitzeit.workers.signal_worker - INFO - SignalWorker found 2 signals in global registry
[2025-11-04 17:41:15] [STDERR] 2025-11-04 17:41:15,038 - gleitzeit.workers.signal_worker - INFO - Processing registry entry: workflow=workflow-72d17d06-2a7c-4814-9916-9321dfc74316, signal=workflow-completed
[2025-11-04 17:41:15] [STDERR] 2025-11-04 17:41:15,038 - gleitzeit.workers.signal_worker - INFO - No waiters for signal workflow-completed in workflow workflow-72d17d06-2a7c-4814-9916-9321dfc74316 - keeping in registry
[2025-11-04 17:41:15] [STDERR] 2025-11-04 17:41:15,038 - gleitzeit.workers.signal_worker - INFO - Processing registry entry: workflow=workflow-72d17d06-2a7c-4814-9916-9321dfc74316, signal=processing-complete
[2025-11-04 17:41:15] [STDERR] 2025-11-04 17:41:15,038 - gleitzeit.workers.signal_worker - INFO - No waiters for signal processing-complete in workflow workflow-72d17d06-2a7c-4814-9916-9321dfc74316 - keeping in registry
[2025-11-04 17:41:15] [STDERR] 2025-11-04 17:41:15,553 - gleitzeit.workers.signal_worker - INFO - SignalWorker found 2 signals in global registry
[2025-11-04 17:41:15] [STDERR] 2025-11-04 17:41:15,553 - gleitzeit.workers.signal_worker - INFO - Processing registry entry: workflow=workflow-72d17d06-2a7c-4814-9916-9321dfc74316, signal=workflow-completed
[2025-11-04 17:41:15] [STDERR] 2025-11-04 17:41:15,554 - gleitzeit.workers.signal_worker - INFO - No waiters for signal workflow-completed in workflow workflow-72d17d06-2a7c-4814-9916-9321dfc74316 - keeping in registry
[2025-11-04 17:41:15] [STDERR] 2025-11-04 17:41:15,554 - gleitzeit.workers.signal_worker - INFO - Processing registry entry: workflow=workflow-72d17d06-2a7c-4814-9916-9321dfc74316, signal=processing-complete
[2025-11-04 17:41:15] [STDERR] 2025-11-04 17:41:15,554 - gleitzeit.workers.signal_worker - INFO - No waiters for signal processing-complete in workflow workflow-72d17d06-2a7c-4814-9916-9321dfc74316 - keeping in registry
[2025-11-04 17:41:16] [STDERR] 2025-11-04 17:41:16,060 - gleitzeit.workers.signal_worker - INFO - SignalWorker found 2 signals in global registry
[2025-11-04 17:41:16] [STDERR] 2025-11-04 17:41:16,060 - gleitzeit.workers.signal_worker - INFO - Processing registry entry: workflow=workflow-72d17d06-2a7c-4814-9916-9321dfc74316, signal=workflow-completed
[2025-11-04 17:41:16] [STDERR] 2025-11-04 17:41:16,060 - gleitzeit.workers.signal_worker - INFO - No waiters for signal workflow-completed in workflow workflow-72d17d06-2a7c-4814-9916-9321dfc74316 - keeping in registry
[2025-11-04 17:41:16] [STDERR] 2025-11-04 17:41:16,060 - gleitzeit.workers.signal_worker - INFO - Processing registry entry: workflow=workflow-72d17d06-2a7c-4814-9916-9321dfc74316, signal=processing-complete
[2025-11-04 17:41:16] [STDERR] 2025-11-04 17:41:16,060 - gleitzeit.workers.signal_worker - INFO - No waiters for signal processing-complete in workflow workflow-72d17d06-2a7c-4814-9916-9321dfc74316 - keeping in registry
[2025-11-04 17:41:16] [STDERR] 2025-11-04 17:41:16,572 - gleitzeit.workers.signal_worker - INFO - SignalWorker found 2 signals in global registry
[2025-11-04 17:41:16] [STDERR] 2025-11-04 17:41:16,572 - gleitzeit.workers.signal_worker - INFO - Processing registry entry: workflow=workflow-72d17d06-2a7c-4814-9916-9321dfc74316, signal=workflow-completed
[2025-11-04 17:41:16] [STDERR] 2025-11-04 17:41:16,572 - gleitzeit.workers.signal_worker - INFO - No waiters for signal workflow-completed in workflow workflow-72d17d06-2a7c-4814-9916-9321dfc74316 - keeping in registry
[2025-11-04 17:41:16] [STDERR] 2025-11-04 17:41:16,572 - gleitzeit.workers.signal_worker - INFO - Processing registry entry: workflow=workflow-72d17d06-2a7c-4814-9916-9321dfc74316, signal=processing-complete
[2025-11-04 17:41:16] [STDERR] 2025-11-04 17:41:16,572 - gleitzeit.workers.signal_worker - INFO - No waiters for signal processing-complete in workflow workflow-72d17d06-2a7c-4814-9916-9321dfc74316 - keeping in registry
[2025-11-04 17:41:17] [STDERR] 2025-11-04 17:41:17,073 - gleitzeit.workers.signal_worker - INFO - Signal processing loop iteration 5200
[2025-11-04 17:41:17] [STDERR] 2025-11-04 17:41:17,079 - gleitzeit.workers.signal_worker - INFO - SignalWorker found 2 signals in global registry
[2025-11-04 17:41:17] [STDERR] 2025-11-04 17:41:17,079 - gleitzeit.workers.signal_worker - INFO - Processing registry entry: workflow=workflow-72d17d06-2a7c-4814-9916-9321dfc74316, signal=workflow-completed
[2025-11-04 17:41:17] [STDERR] 2025-11-04 17:41:17,080 - gleitzeit.workers.signal_worker - INFO - No waiters for signal workflow-completed in workflow workflow-72d17d06-2a7c-4814-9916-9321dfc74316 - keeping in registry
[2025-11-04 17:41:17] [STDERR] 2025-11-04 17:41:17,080 - gleitzeit.workers.signal_worker - INFO - Processing registry entry: workflow=workflow-72d17d06-2a7c-4814-9916-9321dfc74316, signal=processing-complete
[2025-11-04 17:41:17] [STDERR] 2025-11-04 17:41:17,080 - gleitzeit.workers.signal_worker - INFO - No waiters for signal processing-complete in workflow workflow-72d17d06-2a7c-4814-9916-9321dfc74316 - keeping in registry
[2025-11-04 17:41:17] [STDERR] 2025-11-04 17:41:17,684 - gleitzeit.workers.signal_worker - INFO - SignalWorker found 2 signals in global registry
[2025-11-04 17:41:17] [STDERR] 2025-11-04 17:41:17,684 - gleitzeit.workers.signal_worker - INFO - Processing registry entry: workflow=workflow-72d17d06-2a7c-4814-9916-9321dfc74316, signal=workflow-completed
[2025-11-04 17:41:17] [STDERR] 2025-11-04 17:41:17,685 - gleitzeit.workers.signal_worker - INFO - No waiters for signal workflow-completed in workflow workflow-72d17d06-2a7c-4814-9916-9321dfc74316 - keeping in registry
[2025-11-04 17:41:17] [STDERR] 2025-11-04 17:41:17,685 - gleitzeit.workers.signal_worker - INFO - Processing registry entry: workflow=workflow-72d17d06-2a7c-4814-9916-9321dfc74316, signal=processing-complete
[2025-11-04 17:41:17] [STDERR] 2025-11-04 17:41:17,685 - gleitzeit.workers.signal_worker - INFO - No waiters for signal processing-complete in workflow workflow-72d17d06-2a7c-4814-9916-9321dfc74316 - keeping in registry
[2025-11-04 17:41:18] [STDERR] 2025-11-04 17:41:18,191 - gleitzeit.workers.signal_worker - INFO - SignalWorker found 2 signals in global registry
[2025-11-04 17:41:18] [STDERR] 2025-11-04 17:41:18,191 - gleitzeit.workers.signal_worker - INFO - Processing registry entry: workflow=workflow-72d17d06-2a7c-4814-9916-9321dfc74316, signal=workflow-completed
[2025-11-04 17:41:18] [STDERR] 2025-11-04 17:41:18,191 - gleitzeit.workers.signal_worker - INFO - No waiters for signal workflow-completed in workflow workflow-72d17d06-2a7c-4814-9916-9321dfc74316 - keeping in registry
[2025-11-04 17:41:18] [STDERR] 2025-11-04 17:41:18,192 - gleitzeit.workers.signal_worker - INFO - Processing registry entry: workflow=workflow-72d17d06-2a7c-4814-9916-9321dfc74316, signal=processing-complete
[2025-11-04 17:41:18] [STDERR] 2025-11-04 17:41:18,192 - gleitzeit.workers.signal_worker - INFO - No waiters for signal processing-complete in workflow workflow-72d17d06-2a7c-4814-9916-9321dfc74316 - keeping in registry
[2025-11-04 17:41:18] [STDERR] 2025-11-04 17:41:18,703 - gleitzeit.workers.signal_worker - INFO - SignalWorker found 2 signals in global registry
[2025-11-04 17:41:18] [STDERR] 2025-11-04 17:41:18,703 - gleitzeit.workers.signal_worker - INFO - Processing registry entry: workflow=workflow-72d17d06-2a7c-4814-9916-9321dfc74316, signal=workflow-completed
[2025-11-04 17:41:18] [STDERR] 2025-11-04 17:41:18,703 - gleitzeit.workers.signal_worker - INFO - No waiters for signal workflow-completed in workflow workflow-72d17d06-2a7c-4814-9916-9321dfc74316 - keeping in registry
[2025-11-04 17:41:18] [STDERR] 2025-11-04 17:41:18,703 - gleitzeit.workers.signal_worker - INFO - Processing registry entry: workflow=workflow-72d17d06-2a7c-4814-9916-9321dfc74316, signal=processing-complete
[2025-11-04 17:41:18] [STDERR] 2025-11-04 17:41:18,703 - gleitzeit.workers.signal_worker - INFO - No waiters for signal processing-complete in workflow workflow-72d17d06-2a7c-4814-9916-9321dfc74316 - keeping in registry
[2025-11-04 17:41:19] [STDERR] 2025-11-04 17:41:19,218 - gleitzeit.workers.signal_worker - INFO - SignalWorker found 2 signals in global registry
[2025-11-04 17:41:19] [STDERR] 2025-11-04 17:41:19,218 - gleitzeit.workers.signal_worker - INFO - Processing registry entry: workflow=workflow-72d17d06-2a7c-4814-9916-9321dfc74316, signal=workflow-completed
[2025-11-04 17:41:19] [STDERR] 2025-11-04 17:41:19,218 - gleitzeit.workers.signal_worker - INFO - No waiters for signal workflow-completed in workflow workflow-72d17d06-2a7c-4814-9916-9321dfc74316 - keeping in registry
[2025-11-04 17:41:19] [STDERR] 2025-11-04 17:41:19,218 - gleitzeit.workers.signal_worker - INFO - Processing registry entry: workflow=workflow-72d17d06-2a7c-4814-9916-9321dfc74316, signal=processing-complete
[2025-11-04 17:41:19] [STDERR] 2025-11-04 17:41:19,218 - gleitzeit.workers.signal_worker - INFO - No waiters for signal processing-complete in workflow workflow-72d17d06-2a7c-4814-9916-9321dfc74316 - keeping in registry
[2025-11-04 17:41:19] [STDERR] 2025-11-04 17:41:19,734 - gleitzeit.workers.signal_worker - INFO - SignalWorker found 2 signals in global registry
[2025-11-04 17:41:19] [STDERR] 2025-11-04 17:41:19,734 - gleitzeit.workers.signal_worker - INFO - Processing registry entry: workflow=workflow-72d17d06-2a7c-4814-9916-9321dfc74316, signal=workflow-completed
[2025-11-04 17:41:19] [STDERR] 2025-11-04 17:41:19,734 - gleitzeit.workers.signal_worker - INFO - No waiters for signal workflow-completed in workflow workflow-72d17d06-2a7c-4814-9916-9321dfc74316 - keeping in registry
[2025-11-04 17:41:19] [STDERR] 2025-11-04 17:41:19,734 - gleitzeit.workers.signal_worker - INFO - Processing registry entry: workflow=workflow-72d17d06-2a7c-4814-9916-9321dfc74316, signal=processing-complete
[2025-11-04 17:41:19] [STDERR] 2025-11-04 17:41:19,734 - gleitzeit.workers.signal_worker - INFO - No waiters for signal processing-complete in workflow workflow-72d17d06-2a7c-4814-9916-9321dfc74316 - keeping in registry
[2025-11-04 17:41:20] [STDERR] 2025-11-04 17:41:20,252 - gleitzeit.workers.signal_worker - INFO - SignalWorker found 2 signals in global registry
[2025-11-04 17:41:20] [STDERR] 2025-11-04 17:41:20,252 - gleitzeit.workers.signal_worker - INFO - Processing registry entry: workflow=workflow-72d17d06-2a7c-4814-9916-9321dfc74316, signal=workflow-completed
[2025-11-04 17:41:20] [STDERR] 2025-11-04 17:41:20,252 - gleitzeit.workers.signal_worker - INFO - No waiters for signal workflow-completed in workflow workflow-72d17d06-2a7c-4814-9916-9321dfc74316 - keeping in registry
[2025-11-04 17:41:20] [STDERR] 2025-11-04 17:41:20,252 - gleitzeit.workers.signal_worker - INFO - Processing registry entry: workflow=workflow-72d17d06-2a7c-4814-9916-9321dfc74316, signal=processing-complete
[2025-11-04 17:41:20] [STDERR] 2025-11-04 17:41:20,252 - gleitzeit.workers.signal_worker - INFO - No waiters for signal processing-complete in workflow workflow-72d17d06-2a7c-4814-9916-9321dfc74316 - keeping in registry
[2025-11-04 17:41:20] [STDERR] 2025-11-04 17:41:20,766 - gleitzeit.workers.signal_worker - INFO - SignalWorker found 2 signals in global registry
[2025-11-04 17:41:20] [STDERR] 2025-11-04 17:41:20,766 - gleitzeit.workers.signal_worker - INFO - Processing registry entry: workflow=workflow-72d17d06-2a7c-4814-9916-9321dfc74316, signal=workflow-completed
[2025-11-04 17:41:20] [STDERR] 2025-11-04 17:41:20,766 - gleitzeit.workers.signal_worker - INFO - No waiters for signal workflow-completed in workflow workflow-72d17d06-2a7c-4814-9916-9321dfc74316 - keeping in registry
[2025-11-04 17:41:20] [STDERR] 2025-11-04 17:41:20,766 - gleitzeit.workers.signal_worker - INFO - Processing registry entry: workflow=workflow-72d17d06-2a7c-4814-9916-9321dfc74316, signal=processing-complete
[2025-11-04 17:41:20] [STDERR] 2025-11-04 17:41:20,766 - gleitzeit.workers.signal_worker - INFO - No waiters for signal processing-complete in workflow workflow-72d17d06-2a7c-4814-9916-9321dfc74316 - keeping in registry
[2025-11-04 17:41:21] [STDERR] 2025-11-04 17:41:21,280 - gleitzeit.workers.signal_worker - INFO - SignalWorker found 2 signals in global registry
[2025-11-04 17:41:21] [STDERR] 2025-11-04 17:41:21,280 - gleitzeit.workers.signal_worker - INFO - Processing registry entry: workflow=workflow-72d17d06-2a7c-4814-9916-9321dfc74316, signal=workflow-completed
[2025-11-04 17:41:21] [STDERR] 2025-11-04 17:41:21,280 - gleitzeit.workers.signal_worker - INFO - No waiters for signal workflow-completed in workflow workflow-72d17d06-2a7c-4814-9916-9321dfc74316 - keeping in registry
[2025-11-04 17:41:21] [STDERR] 2025-11-04 17:41:21,280 - gleitzeit.workers.signal_worker - INFO - Processing registry entry: workflow=workflow-72d17d06-2a7c-4814-9916-9321dfc74316, signal=processing-complete
[2025-11-04 17:41:21] [STDERR] 2025-11-04 17:41:21,280 - gleitzeit.workers.signal_worker - INFO - No waiters for signal processing-complete in workflow workflow-72d17d06-2a7c-4814-9916-9321dfc74316 - keeping in registry
[2025-11-04 17:41:21] [STDERR] 2025-11-04 17:41:21,788 - gleitzeit.workers.signal_worker - INFO - SignalWorker found 2 signals in global registry
[2025-11-04 17:41:21] [STDERR] 2025-11-04 17:41:21,788 - gleitzeit.workers.signal_worker - INFO - Processing registry entry: workflow=workflow-72d17d06-2a7c-4814-9916-9321dfc74316, signal=workflow-completed
[2025-11-04 17:41:21] [STDERR] 2025-11-04 17:41:21,788 - gleitzeit.workers.signal_worker - INFO - No waiters for signal workflow-completed in workflow workflow-72d17d06-2a7c-4814-9916-9321dfc74316 - keeping in registry
[2025-11-04 17:41:21] [STDERR] 2025-11-04 17:41:21,788 - gleitzeit.workers.signal_worker - INFO - Processing registry entry: workflow=workflow-72d17d06-2a7c-4814-9916-9321dfc74316, signal=processing-complete
[2025-11-04 17:41:21] [STDERR] 2025-11-04 17:41:21,788 - gleitzeit.workers.signal_worker - INFO - No waiters for signal processing-complete in workflow workflow-72d17d06-2a7c-4814-9916-9321dfc74316 - keeping in registry
[2025-11-04 17:41:22] [STDERR] 2025-11-04 17:41:22,304 - gleitzeit.workers.signal_worker - INFO - SignalWorker found 2 signals in global registry
[2025-11-04 17:41:22] [STDERR] 2025-11-04 17:41:22,304 - gleitzeit.workers.signal_worker - INFO - Processing registry entry: workflow=workflow-72d17d06-2a7c-4814-9916-9321dfc74316, signal=workflow-completed
[2025-11-04 17:41:22] [STDERR] 2025-11-04 17:41:22,304 - gleitzeit.workers.signal_worker - INFO - No waiters for signal workflow-completed in workflow workflow-72d17d06-2a7c-4814-9916-9321dfc74316 - keeping in registry
[2025-11-04 17:41:22] [STDERR] 2025-11-04 17:41:22,304 - gleitzeit.workers.signal_worker - INFO - Processing registry entry: workflow=workflow-72d17d06-2a7c-4814-9916-9321dfc74316, signal=processing-complete
[2025-11-04 17:41:22] [STDERR] 2025-11-04 17:41:22,305 - gleitzeit.workers.signal_worker - INFO - No waiters for signal processing-complete in workflow workflow-72d17d06-2a7c-4814-9916-9321dfc74316 - keeping in registry
[2025-11-04 17:41:22] [STDERR] 2025-11-04 17:41:22,814 - gleitzeit.workers.signal_worker - INFO - SignalWorker found 2 signals in global registry
[2025-11-04 17:41:22] [STDERR] 2025-11-04 17:41:22,814 - gleitzeit.workers.signal_worker - INFO - Processing registry entry: workflow=workflow-72d17d06-2a7c-4814-9916-9321dfc74316, signal=workflow-completed
[2025-11-04 17:41:22] [STDERR] 2025-11-04 17:41:22,814 - gleitzeit.workers.signal_worker - INFO - No waiters for signal workflow-completed in workflow workflow-72d17d06-2a7c-4814-9916-9321dfc74316 - keeping in registry
[2025-11-04 17:41:22] [STDERR] 2025-11-04 17:41:22,814 - gleitzeit.workers.signal_worker - INFO - Processing registry entry: workflow=workflow-72d17d06-2a7c-4814-9916-9321dfc74316, signal=processing-complete
[2025-11-04 17:41:22] [STDERR] 2025-11-04 17:41:22,814 - gleitzeit.workers.signal_worker - INFO - No waiters for signal processing-complete in workflow workflow-72d17d06-2a7c-4814-9916-9321dfc74316 - keeping in registry
[2025-11-04 17:41:23] [STDERR] 2025-11-04 17:41:23,326 - gleitzeit.workers.signal_worker - INFO - SignalWorker found 2 signals in global registry
[2025-11-04 17:41:23] [STDERR] 2025-11-04 17:41:23,326 - gleitzeit.workers.signal_worker - INFO - Processing registry entry: workflow=workflow-72d17d06-2a7c-4814-9916-9321dfc74316, signal=workflow-completed
[2025-11-04 17:41:23] [STDERR] 2025-11-04 17:41:23,326 - gleitzeit.workers.signal_worker - INFO - No waiters for signal workflow-completed in workflow workflow-72d17d06-2a7c-4814-9916-9321dfc74316 - keeping in registry
[2025-11-04 17:41:23] [STDERR] 2025-11-04 17:41:23,326 - gleitzeit.workers.signal_worker - INFO - Processing registry entry: workflow=workflow-72d17d06-2a7c-4814-9916-9321dfc74316, signal=processing-complete
[2025-11-04 17:41:23] [STDERR] 2025-11-04 17:41:23,326 - gleitzeit.workers.signal_worker - INFO - No waiters for signal processing-complete in workflow workflow-72d17d06-2a7c-4814-9916-9321dfc74316 - keeping in registry
[2025-11-04 17:41:23] [STDERR] 2025-11-04 17:41:23,831 - gleitzeit.workers.signal_worker - INFO - SignalWorker found 2 signals in global registry
[2025-11-04 17:41:23] [STDERR] 2025-11-04 17:41:23,831 - gleitzeit.workers.signal_worker - INFO - Processing registry entry: workflow=workflow-72d17d06-2a7c-4814-9916-9321dfc74316, signal=workflow-completed
[2025-11-04 17:41:23] [STDERR] 2025-11-04 17:41:23,831 - gleitzeit.workers.signal_worker - INFO - No waiters for signal workflow-completed in workflow workflow-72d17d06-2a7c-4814-9916-9321dfc74316 - keeping in registry
[2025-11-04 17:41:23] [STDERR] 2025-11-04 17:41:23,831 - gleitzeit.workers.signal_worker - INFO - Processing registry entry: workflow=workflow-72d17d06-2a7c-4814-9916-9321dfc74316, signal=processing-complete
[2025-11-04 17:41:23] [STDERR] 2025-11-04 17:41:23,831 - gleitzeit.workers.signal_worker - INFO - No waiters for signal processing-complete in workflow workflow-72d17d06-2a7c-4814-9916-9321dfc74316 - keeping in registry
[2025-11-04 17:41:24] [STDERR] 2025-11-04 17:41:24,342 - gleitzeit.workers.signal_worker - INFO - SignalWorker found 2 signals in global registry
[2025-11-04 17:41:24] [STDERR] 2025-11-04 17:41:24,342 - gleitzeit.workers.signal_worker - INFO - Processing registry entry: workflow=workflow-72d17d06-2a7c-4814-9916-9321dfc74316, signal=workflow-completed
[2025-11-04 17:41:24] [STDERR] 2025-11-04 17:41:24,342 - gleitzeit.workers.signal_worker - INFO - No waiters for signal workflow-completed in workflow workflow-72d17d06-2a7c-4814-9916-9321dfc74316 - keeping in registry
[2025-11-04 17:41:24] [STDERR] 2025-11-04 17:41:24,342 - gleitzeit.workers.signal_worker - INFO - Processing registry entry: workflow=workflow-72d17d06-2a7c-4814-9916-9321dfc74316, signal=processing-complete
[2025-11-04 17:41:24] [STDERR] 2025-11-04 17:41:24,342 - gleitzeit.workers.signal_worker - INFO - No waiters for signal processing-complete in workflow workflow-72d17d06-2a7c-4814-9916-9321dfc74316 - keeping in registry
[2025-11-04 17:41:24] [STDERR] 2025-11-04 17:41:24,856 - gleitzeit.workers.signal_worker - INFO - SignalWorker found 2 signals in global registry
[2025-11-04 17:41:24] [STDERR] 2025-11-04 17:41:24,856 - gleitzeit.workers.signal_worker - INFO - Processing registry entry: workflow=workflow-72d17d06-2a7c-4814-9916-9321dfc74316, signal=workflow-completed
[2025-11-04 17:41:24] [STDERR] 2025-11-04 17:41:24,856 - gleitzeit.workers.signal_worker - INFO - No waiters for signal workflow-completed in workflow workflow-72d17d06-2a7c-4814-9916-9321dfc74316 - keeping in registry
[2025-11-04 17:41:24] [STDERR] 2025-11-04 17:41:24,856 - gleitzeit.workers.signal_worker - INFO - Processing registry entry: workflow=workflow-72d17d06-2a7c-4814-9916-9321dfc74316, signal=processing-complete
[2025-11-04 17:41:24] [STDERR] 2025-11-04 17:41:24,856 - gleitzeit.workers.signal_worker - INFO - No waiters for signal processing-complete in workflow workflow-72d17d06-2a7c-4814-9916-9321dfc74316 - keeping in registry
[2025-11-04 17:41:25] [STDERR] 2025-11-04 17:41:25,365 - gleitzeit.workers.signal_worker - INFO - SignalWorker found 2 signals in global registry
[2025-11-04 17:41:25] [STDERR] 2025-11-04 17:41:25,365 - gleitzeit.workers.signal_worker - INFO - Processing registry entry: workflow=workflow-72d17d06-2a7c-4814-9916-9321dfc74316, signal=workflow-completed
[2025-11-04 17:41:25] [STDERR] 2025-11-04 17:41:25,365 - gleitzeit.workers.signal_worker - INFO - No waiters for signal workflow-completed in workflow workflow-72d17d06-2a7c-4814-9916-9321dfc74316 - keeping in registry
[2025-11-04 17:41:25] [STDERR] 2025-11-04 17:41:25,365 - gleitzeit.workers.signal_worker - INFO - Processing registry entry: workflow=workflow-72d17d06-2a7c-4814-9916-9321dfc74316, signal=processing-complete
[2025-11-04 17:41:25] [STDERR] 2025-11-04 17:41:25,365 - gleitzeit.workers.signal_worker - INFO - No waiters for signal processing-complete in workflow workflow-72d17d06-2a7c-4814-9916-9321dfc74316 - keeping in registry
[2025-11-04 17:41:25] [STDERR] 2025-11-04 17:41:25,879 - gleitzeit.workers.signal_worker - INFO - SignalWorker found 2 signals in global registry
[2025-11-04 17:41:25] [STDERR] 2025-11-04 17:41:25,879 - gleitzeit.workers.signal_worker - INFO - Processing registry entry: workflow=workflow-72d17d06-2a7c-4814-9916-9321dfc74316, signal=workflow-completed
[2025-11-04 17:41:25] [STDERR] 2025-11-04 17:41:25,879 - gleitzeit.workers.signal_worker - INFO - No waiters for signal workflow-completed in workflow workflow-72d17d06-2a7c-4814-9916-9321dfc74316 - keeping in registry
[2025-11-04 17:41:25] [STDERR] 2025-11-04 17:41:25,879 - gleitzeit.workers.signal_worker - INFO - Processing registry entry: workflow=workflow-72d17d06-2a7c-4814-9916-9321dfc74316, signal=processing-complete
[2025-11-04 17:41:25] [STDERR] 2025-11-04 17:41:25,880 - gleitzeit.workers.signal_worker - INFO - No waiters for signal processing-complete in workflow workflow-72d17d06-2a7c-4814-9916-9321dfc74316 - keeping in registry
[2025-11-04 17:41:26] [STDERR] 2025-11-04 17:41:26,386 - gleitzeit.workers.signal_worker - INFO - SignalWorker found 2 signals in global registry
[2025-11-04 17:41:26] [STDERR] 2025-11-04 17:41:26,386 - gleitzeit.workers.signal_worker - INFO - Processing registry entry: workflow=workflow-72d17d06-2a7c-4814-9916-9321dfc74316, signal=workflow-completed
[2025-11-04 17:41:26] [STDERR] 2025-11-04 17:41:26,386 - gleitzeit.workers.signal_worker - INFO - No waiters for signal workflow-completed in workflow workflow-72d17d06-2a7c-4814-9916-9321dfc74316 - keeping in registry
[2025-11-04 17:41:26] [STDERR] 2025-11-04 17:41:26,386 - gleitzeit.workers.signal_worker - INFO - Processing registry entry: workflow=workflow-72d17d06-2a7c-4814-9916-9321dfc74316, signal=processing-complete
[2025-11-04 17:41:26] [STDERR] 2025-11-04 17:41:26,386 - gleitzeit.workers.signal_worker - INFO - No waiters for signal processing-complete in workflow workflow-72d17d06-2a7c-4814-9916-9321dfc74316 - keeping in registry
[2025-11-04 17:41:26] [STDERR] 2025-11-04 17:41:26,990 - gleitzeit.workers.signal_worker - INFO - SignalWorker found 2 signals in global registry
[2025-11-04 17:41:26] [STDERR] 2025-11-04 17:41:26,990 - gleitzeit.workers.signal_worker - INFO - Processing registry entry: workflow=workflow-72d17d06-2a7c-4814-9916-9321dfc74316, signal=workflow-completed
[2025-11-04 17:41:26] [STDERR] 2025-11-04 17:41:26,990 - gleitzeit.workers.signal_worker - INFO - No waiters for signal workflow-completed in workflow workflow-72d17d06-2a7c-4814-9916-9321dfc74316 - keeping in registry
[2025-11-04 17:41:26] [STDERR] 2025-11-04 17:41:26,990 - gleitzeit.workers.signal_worker - INFO - Processing registry entry: workflow=workflow-72d17d06-2a7c-4814-9916-9321dfc74316, signal=processing-complete
[2025-11-04 17:41:26] [STDERR] 2025-11-04 17:41:26,990 - gleitzeit.workers.signal_worker - INFO - No waiters for signal processing-complete in workflow workflow-72d17d06-2a7c-4814-9916-9321dfc74316 - keeping in registry
[2025-11-04 17:41:27] [STDERR] 2025-11-04 17:41:27,491 - gleitzeit.workers.signal_worker - INFO - Signal processing loop iteration 5220
[2025-11-04 17:41:27] [STDERR] 2025-11-04 17:41:27,500 - gleitzeit.workers.signal_worker - INFO - SignalWorker found 2 signals in global registry
[2025-11-04 17:41:27] [STDERR] 2025-11-04 17:41:27,500 - gleitzeit.workers.signal_worker - INFO - Processing registry entry: workflow=workflow-72d17d06-2a7c-4814-9916-9321dfc74316, signal=workflow-completed
[2025-11-04 17:41:27] [STDERR] 2025-11-04 17:41:27,500 - gleitzeit.workers.signal_worker - INFO - No waiters for signal workflow-completed in workflow workflow-72d17d06-2a7c-4814-9916-9321dfc74316 - keeping in registry
[2025-11-04 17:41:27] [STDERR] 2025-11-04 17:41:27,500 - gleitzeit.workers.signal_worker - INFO - Processing registry entry: workflow=workflow-72d17d06-2a7c-4814-9916-9321dfc74316, signal=processing-complete
[2025-11-04 17:41:27] [STDERR] 2025-11-04 17:41:27,500 - gleitzeit.workers.signal_worker - INFO - No waiters for signal processing-complete in workflow workflow-72d17d06-2a7c-4814-9916-9321dfc74316 - keeping in registry
[2025-11-04 17:41:28] [STDERR] 2025-11-04 17:41:28,012 - gleitzeit.workers.signal_worker - INFO - SignalWorker found 2 signals in global registry
[2025-11-04 17:41:28] [STDERR] 2025-11-04 17:41:28,012 - gleitzeit.workers.signal_worker - INFO - Processing registry entry: workflow=workflow-72d17d06-2a7c-4814-9916-9321dfc74316, signal=workflow-completed
[2025-11-04 17:41:28] [STDERR] 2025-11-04 17:41:28,012 - gleitzeit.workers.signal_worker - INFO - No waiters for signal workflow-completed in workflow workflow-72d17d06-2a7c-4814-9916-9321dfc74316 - keeping in registry
[2025-11-04 17:41:28] [STDERR] 2025-11-04 17:41:28,012 - gleitzeit.workers.signal_worker - INFO - Processing registry entry: workflow=workflow-72d17d06-2a7c-4814-9916-9321dfc74316, signal=processing-complete
[2025-11-04 17:41:28] [STDERR] 2025-11-04 17:41:28,013 - gleitzeit.workers.signal_worker - INFO - No waiters for signal processing-complete in workflow workflow-72d17d06-2a7c-4814-9916-9321dfc74316 - keeping in registry
[2025-11-04 17:41:28] [STDERR] 2025-11-04 17:41:28,526 - gleitzeit.workers.signal_worker - INFO - SignalWorker found 2 signals in global registry
[2025-11-04 17:41:28] [STDERR] 2025-11-04 17:41:28,526 - gleitzeit.workers.signal_worker - INFO - Processing registry entry: workflow=workflow-72d17d06-2a7c-4814-9916-9321dfc74316, signal=workflow-completed
[2025-11-04 17:41:28] [STDERR] 2025-11-04 17:41:28,526 - gleitzeit.workers.signal_worker - INFO - No waiters for signal workflow-completed in workflow workflow-72d17d06-2a7c-4814-9916-9321dfc74316 - keeping in registry
[2025-11-04 17:41:28] [STDERR] 2025-11-04 17:41:28,527 - gleitzeit.workers.signal_worker - INFO - Processing registry entry: workflow=workflow-72d17d06-2a7c-4814-9916-9321dfc74316, signal=processing-complete
[2025-11-04 17:41:28] [STDERR] 2025-11-04 17:41:28,527 - gleitzeit.workers.signal_worker - INFO - No waiters for signal processing-complete in workflow workflow-72d17d06-2a7c-4814-9916-9321dfc74316 - keeping in registry
[2025-11-04 17:41:29] [STDERR] 2025-11-04 17:41:29,038 - gleitzeit.workers.signal_worker - INFO - SignalWorker found 2 signals in global registry
[2025-11-04 17:41:29] [STDERR] 2025-11-04 17:41:29,038 - gleitzeit.workers.signal_worker - INFO - Processing registry entry: workflow=workflow-72d17d06-2a7c-4814-9916-9321dfc74316, signal=workflow-completed
[2025-11-04 17:41:29] [STDERR] 2025-11-04 17:41:29,038 - gleitzeit.workers.signal_worker - INFO - No waiters for signal workflow-completed in workflow workflow-72d17d06-2a7c-4814-9916-9321dfc74316 - keeping in registry
[2025-11-04 17:41:29] [STDERR] 2025-11-04 17:41:29,038 - gleitzeit.workers.signal_worker - INFO - Processing registry entry: workflow=workflow-72d17d06-2a7c-4814-9916-9321dfc74316, signal=processing-complete
[2025-11-04 17:41:29] [STDERR] 2025-11-04 17:41:29,038 - gleitzeit.workers.signal_worker - INFO - No waiters for signal processing-complete in workflow workflow-72d17d06-2a7c-4814-9916-9321dfc74316 - keeping in registry
[2025-11-04 17:41:29] [STDERR] 2025-11-04 17:41:29,548 - gleitzeit.workers.signal_worker - INFO - SignalWorker found 2 signals in global registry
[2025-11-04 17:41:29] [STDERR] 2025-11-04 17:41:29,548 - gleitzeit.workers.signal_worker - INFO - Processing registry entry: workflow=workflow-72d17d06-2a7c-4814-9916-9321dfc74316, signal=workflow-completed
[2025-11-04 17:41:29] [STDERR] 2025-11-04 17:41:29,548 - gleitzeit.workers.signal_worker - INFO - No waiters for signal workflow-completed in workflow workflow-72d17d06-2a7c-4814-9916-9321dfc74316 - keeping in registry
[2025-11-04 17:41:29] [STDERR] 2025-11-04 17:41:29,549 - gleitzeit.workers.signal_worker - INFO - Processing registry entry: workflow=workflow-72d17d06-2a7c-4814-9916-9321dfc74316, signal=processing-complete
[2025-11-04 17:41:29] [STDERR] 2025-11-04 17:41:29,549 - gleitzeit.workers.signal_worker - INFO - No waiters for signal processing-complete in workflow workflow-72d17d06-2a7c-4814-9916-9321dfc74316 - keeping in registry
[2025-11-04 17:41:30] [STDERR] 2025-11-04 17:41:30,064 - gleitzeit.workers.signal_worker - INFO - SignalWorker found 2 signals in global registry
[2025-11-04 17:41:30] [STDERR] 2025-11-04 17:41:30,064 - gleitzeit.workers.signal_worker - INFO - Processing registry entry: workflow=workflow-72d17d06-2a7c-4814-9916-9321dfc74316, signal=workflow-completed
[2025-11-04 17:41:30] [STDERR] 2025-11-04 17:41:30,064 - gleitzeit.workers.signal_worker - INFO - No waiters for signal workflow-completed in workflow workflow-72d17d06-2a7c-4814-9916-9321dfc74316 - keeping in registry
[2025-11-04 17:41:30] [STDERR] 2025-11-04 17:41:30,064 - gleitzeit.workers.signal_worker - INFO - Processing registry entry: workflow=workflow-72d17d06-2a7c-4814-9916-9321dfc74316, signal=processing-complete
[2025-11-04 17:41:30] [STDERR] 2025-11-04 17:41:30,064 - gleitzeit.workers.signal_worker - INFO - No waiters for signal processing-complete in workflow workflow-72d17d06-2a7c-4814-9916-9321dfc74316 - keeping in registry
[2025-11-04 17:41:30] [STDERR] 2025-11-04 17:41:30,571 - gleitzeit.workers.signal_worker - INFO - SignalWorker found 2 signals in global registry
[2025-11-04 17:41:30] [STDERR] 2025-11-04 17:41:30,571 - gleitzeit.workers.signal_worker - INFO - Processing registry entry: workflow=workflow-72d17d06-2a7c-4814-9916-9321dfc74316, signal=workflow-completed
[2025-11-04 17:41:30] [STDERR] 2025-11-04 17:41:30,572 - gleitzeit.workers.signal_worker - INFO - No waiters for signal workflow-completed in workflow workflow-72d17d06-2a7c-4814-9916-9321dfc74316 - keeping in registry
[2025-11-04 17:41:30] [STDERR] 2025-11-04 17:41:30,572 - gleitzeit.workers.signal_worker - INFO - Processing registry entry: workflow=workflow-72d17d06-2a7c-4814-9916-9321dfc74316, signal=processing-complete
[2025-11-04 17:41:30] [STDERR] 2025-11-04 17:41:30,572 - gleitzeit.workers.signal_worker - INFO - No waiters for signal processing-complete in workflow workflow-72d17d06-2a7c-4814-9916-9321dfc74316 - keeping in registry
[2025-11-04 17:41:31] [STDERR] 2025-11-04 17:41:31,078 - gleitzeit.workers.signal_worker - INFO - SignalWorker found 2 signals in global registry
[2025-11-04 17:41:31] [STDERR] 2025-11-04 17:41:31,078 - gleitzeit.workers.signal_worker - INFO - Processing registry entry: workflow=workflow-72d17d06-2a7c-4814-9916-9321dfc74316, signal=workflow-completed
[2025-11-04 17:41:31] [STDERR] 2025-11-04 17:41:31,078 - gleitzeit.workers.signal_worker - INFO - No waiters for signal workflow-completed in workflow workflow-72d17d06-2a7c-4814-9916-9321dfc74316 - keeping in registry
[2025-11-04 17:41:31] [STDERR] 2025-11-04 17:41:31,078 - gleitzeit.workers.signal_worker - INFO - Processing registry entry: workflow=workflow-72d17d06-2a7c-4814-9916-9321dfc74316, signal=processing-complete
[2025-11-04 17:41:31] [STDERR] 2025-11-04 17:41:31,078 - gleitzeit.workers.signal_worker - INFO - No waiters for signal processing-complete in workflow workflow-72d17d06-2a7c-4814-9916-9321dfc74316 - keeping in registry
[2025-11-04 17:41:31] [STDERR] 2025-11-04 17:41:31,585 - gleitzeit.workers.signal_worker - INFO - SignalWorker found 2 signals in global registry
[2025-11-04 17:41:31] [STDERR] 2025-11-04 17:41:31,585 - gleitzeit.workers.signal_worker - INFO - Processing registry entry: workflow=workflow-72d17d06-2a7c-4814-9916-9321dfc74316, signal=workflow-completed
[2025-11-04 17:41:31] [STDERR] 2025-11-04 17:41:31,585 - gleitzeit.workers.signal_worker - INFO - No waiters for signal workflow-completed in workflow workflow-72d17d06-2a7c-4814-9916-9321dfc74316 - keeping in registry
[2025-11-04 17:41:31] [STDERR] 2025-11-04 17:41:31,585 - gleitzeit.workers.signal_worker - INFO - Processing registry entry: workflow=workflow-72d17d06-2a7c-4814-9916-9321dfc74316, signal=processing-complete
[2025-11-04 17:41:31] [STDERR] 2025-11-04 17:41:31,585 - gleitzeit.workers.signal_worker - INFO - No waiters for signal processing-complete in workflow workflow-72d17d06-2a7c-4814-9916-9321dfc74316 - keeping in registry
[2025-11-04 17:41:32] [STDERR] 2025-11-04 17:41:32,095 - gleitzeit.workers.signal_worker - INFO - SignalWorker found 2 signals in global registry
[2025-11-04 17:41:32] [STDERR] 2025-11-04 17:41:32,095 - gleitzeit.workers.signal_worker - INFO - Processing registry entry: workflow=workflow-72d17d06-2a7c-4814-9916-9321dfc74316, signal=workflow-completed
[2025-11-04 17:41:32] [STDERR] 2025-11-04 17:41:32,095 - gleitzeit.workers.signal_worker - INFO - No waiters for signal workflow-completed in workflow workflow-72d17d06-2a7c-4814-9916-9321dfc74316 - keeping in registry
[2025-11-04 17:41:32] [STDERR] 2025-11-04 17:41:32,095 - gleitzeit.workers.signal_worker - INFO - Processing registry entry: workflow=workflow-72d17d06-2a7c-4814-9916-9321dfc74316, signal=processing-complete
[2025-11-04 17:41:32] [STDERR] 2025-11-04 17:41:32,095 - gleitzeit.workers.signal_worker - INFO - No waiters for signal processing-complete in workflow workflow-72d17d06-2a7c-4814-9916-9321dfc74316 - keeping in registry
[2025-11-04 17:41:32] [STDERR] 2025-11-04 17:41:32,604 - gleitzeit.workers.signal_worker - INFO - SignalWorker found 2 signals in global registry
[2025-11-04 17:41:32] [STDERR] 2025-11-04 17:41:32,604 - gleitzeit.workers.signal_worker - INFO - Processing registry entry: workflow=workflow-72d17d06-2a7c-4814-9916-9321dfc74316, signal=workflow-completed
[2025-11-04 17:41:32] [STDERR] 2025-11-04 17:41:32,604 - gleitzeit.workers.signal_worker - INFO - No waiters for signal workflow-completed in workflow workflow-72d17d06-2a7c-4814-9916-9321dfc74316 - keeping in registry
[2025-11-04 17:41:32] [STDERR] 2025-11-04 17:41:32,604 - gleitzeit.workers.signal_worker - INFO - Processing registry entry: workflow=workflow-72d17d06-2a7c-4814-9916-9321dfc74316, signal=processing-complete
[2025-11-04 17:41:32] [STDERR] 2025-11-04 17:41:32,604 - gleitzeit.workers.signal_worker - INFO - No waiters for signal processing-complete in workflow workflow-72d17d06-2a7c-4814-9916-9321dfc74316 - keeping in registry
[2025-11-04 17:41:33] [STDERR] 2025-11-04 17:41:33,116 - gleitzeit.workers.signal_worker - INFO - SignalWorker found 2 signals in global registry
[2025-11-04 17:41:33] [STDERR] 2025-11-04 17:41:33,116 - gleitzeit.workers.signal_worker - INFO - Processing registry entry: workflow=workflow-72d17d06-2a7c-4814-9916-9321dfc74316, signal=workflow-completed
[2025-11-04 17:41:33] [STDERR] 2025-11-04 17:41:33,116 - gleitzeit.workers.signal_worker - INFO - No waiters for signal workflow-completed in workflow workflow-72d17d06-2a7c-4814-9916-9321dfc74316 - keeping in registry
[2025-11-04 17:41:33] [STDERR] 2025-11-04 17:41:33,116 - gleitzeit.workers.signal_worker - INFO - Processing registry entry: workflow=workflow-72d17d06-2a7c-4814-9916-9321dfc74316, signal=processing-complete
[2025-11-04 17:41:33] [STDERR] 2025-11-04 17:41:33,116 - gleitzeit.workers.signal_worker - INFO - No waiters for signal processing-complete in workflow workflow-72d17d06-2a7c-4814-9916-9321dfc74316 - keeping in registry
[2025-11-04 17:41:33] [STDERR] 2025-11-04 17:41:33,627 - gleitzeit.workers.signal_worker - INFO - SignalWorker found 2 signals in global registry
[2025-11-04 17:41:33] [STDERR] 2025-11-04 17:41:33,627 - gleitzeit.workers.signal_worker - INFO - Processing registry entry: workflow=workflow-72d17d06-2a7c-4814-9916-9321dfc74316, signal=workflow-completed
[2025-11-04 17:41:33] [STDERR] 2025-11-04 17:41:33,627 - gleitzeit.workers.signal_worker - INFO - No waiters for signal workflow-completed in workflow workflow-72d17d06-2a7c-4814-9916-9321dfc74316 - keeping in registry
[2025-11-04 17:41:33] [STDERR] 2025-11-04 17:41:33,627 - gleitzeit.workers.signal_worker - INFO - Processing registry entry: workflow=workflow-72d17d06-2a7c-4814-9916-9321dfc74316, signal=processing-complete
[2025-11-04 17:41:33] [STDERR] 2025-11-04 17:41:33,627 - gleitzeit.workers.signal_worker - INFO - No waiters for signal processing-complete in workflow workflow-72d17d06-2a7c-4814-9916-9321dfc74316 - keeping in registry
[2025-11-04 17:41:34] [STDERR] 2025-11-04 17:41:34,139 - gleitzeit.workers.signal_worker - INFO - SignalWorker found 2 signals in global registry
[2025-11-04 17:41:34] [STDERR] 2025-11-04 17:41:34,139 - gleitzeit.workers.signal_worker - INFO - Processing registry entry: workflow=workflow-72d17d06-2a7c-4814-9916-9321dfc74316, signal=workflow-completed
[2025-11-04 17:41:34] [STDERR] 2025-11-04 17:41:34,139 - gleitzeit.workers.signal_worker - INFO - No waiters for signal workflow-completed in workflow workflow-72d17d06-2a7c-4814-9916-9321dfc74316 - keeping in registry
[2025-11-04 17:41:34] [STDERR] 2025-11-04 17:41:34,139 - gleitzeit.workers.signal_worker - INFO - Processing registry entry: workflow=workflow-72d17d06-2a7c-4814-9916-9321dfc74316, signal=processing-complete
[2025-11-04 17:41:34] [STDERR] 2025-11-04 17:41:34,139 - gleitzeit.workers.signal_worker - INFO - No waiters for signal processing-complete in workflow workflow-72d17d06-2a7c-4814-9916-9321dfc74316 - keeping in registry
[2025-11-04 17:41:34] [STDERR] 2025-11-04 17:41:34,655 - gleitzeit.workers.signal_worker - INFO - SignalWorker found 2 signals in global registry
[2025-11-04 17:41:34] [STDERR] 2025-11-04 17:41:34,655 - gleitzeit.workers.signal_worker - INFO - Processing registry entry: workflow=workflow-72d17d06-2a7c-4814-9916-9321dfc74316, signal=workflow-completed
[2025-11-04 17:41:34] [STDERR] 2025-11-04 17:41:34,655 - gleitzeit.workers.signal_worker - INFO - No waiters for signal workflow-completed in workflow workflow-72d17d06-2a7c-4814-9916-9321dfc74316 - keeping in registry
[2025-11-04 17:41:34] [STDERR] 2025-11-04 17:41:34,655 - gleitzeit.workers.signal_worker - INFO - Processing registry entry: workflow=workflow-72d17d06-2a7c-4814-9916-9321dfc74316, signal=processing-complete
[2025-11-04 17:41:34] [STDERR] 2025-11-04 17:41:34,655 - gleitzeit.workers.signal_worker - INFO - No waiters for signal processing-complete in workflow workflow-72d17d06-2a7c-4814-9916-9321dfc74316 - keeping in registry
[2025-11-04 17:41:35] [STDERR] 2025-11-04 17:41:35,169 - gleitzeit.workers.signal_worker - INFO - SignalWorker found 2 signals in global registry
[2025-11-04 17:41:35] [STDERR] 2025-11-04 17:41:35,169 - gleitzeit.workers.signal_worker - INFO - Processing registry entry: workflow=workflow-72d17d06-2a7c-4814-9916-9321dfc74316, signal=workflow-completed
[2025-11-04 17:41:35] [STDERR] 2025-11-04 17:41:35,169 - gleitzeit.workers.signal_worker - INFO - No waiters for signal workflow-completed in workflow workflow-72d17d06-2a7c-4814-9916-9321dfc74316 - keeping in registry
[2025-11-04 17:41:35] [STDERR] 2025-11-04 17:41:35,169 - gleitzeit.workers.signal_worker - INFO - Processing registry entry: workflow=workflow-72d17d06-2a7c-4814-9916-9321dfc74316, signal=processing-complete
[2025-11-04 17:41:35] [STDERR] 2025-11-04 17:41:35,169 - gleitzeit.workers.signal_worker - INFO - No waiters for signal processing-complete in workflow workflow-72d17d06-2a7c-4814-9916-9321dfc74316 - keeping in registry
[2025-11-04 17:41:35] [STDERR] 2025-11-04 17:41:35,679 - gleitzeit.workers.signal_worker - INFO - SignalWorker found 2 signals in global registry
[2025-11-04 17:41:35] [STDERR] 2025-11-04 17:41:35,679 - gleitzeit.workers.signal_worker - INFO - Processing registry entry: workflow=workflow-72d17d06-2a7c-4814-9916-9321dfc74316, signal=workflow-completed
[2025-11-04 17:41:35] [STDERR] 2025-11-04 17:41:35,679 - gleitzeit.workers.signal_worker - INFO - No waiters for signal workflow-completed in workflow workflow-72d17d06-2a7c-4814-9916-9321dfc74316 - keeping in registry
[2025-11-04 17:41:35] [STDERR] 2025-11-04 17:41:35,679 - gleitzeit.workers.signal_worker - INFO - Processing registry entry: workflow=workflow-72d17d06-2a7c-4814-9916-9321dfc74316, signal=processing-complete
[2025-11-04 17:41:35] [STDERR] 2025-11-04 17:41:35,679 - gleitzeit.workers.signal_worker - INFO - No waiters for signal processing-complete in workflow workflow-72d17d06-2a7c-4814-9916-9321dfc74316 - keeping in registry
[2025-11-04 17:41:36] [STDERR] 2025-11-04 17:41:36,194 - gleitzeit.workers.signal_worker - INFO - SignalWorker found 2 signals in global registry
[2025-11-04 17:41:36] [STDERR] 2025-11-04 17:41:36,194 - gleitzeit.workers.signal_worker - INFO - Processing registry entry: workflow=workflow-72d17d06-2a7c-4814-9916-9321dfc74316, signal=workflow-completed
[2025-11-04 17:41:36] [STDERR] 2025-11-04 17:41:36,194 - gleitzeit.workers.signal_worker - INFO - No waiters for signal workflow-completed in workflow workflow-72d17d06-2a7c-4814-9916-9321dfc74316 - keeping in registry
[2025-11-04 17:41:36] [STDERR] 2025-11-04 17:41:36,194 - gleitzeit.workers.signal_worker - INFO - Processing registry entry: workflow=workflow-72d17d06-2a7c-4814-9916-9321dfc74316, signal=processing-complete
[2025-11-04 17:41:36] [STDERR] 2025-11-04 17:41:36,194 - gleitzeit.workers.signal_worker - INFO - No waiters for signal processing-complete in workflow workflow-72d17d06-2a7c-4814-9916-9321dfc74316 - keeping in registry
[2025-11-04 17:41:36] [STDERR] 2025-11-04 17:41:36,705 - gleitzeit.workers.signal_worker - INFO - SignalWorker found 2 signals in global registry
[2025-11-04 17:41:36] [STDERR] 2025-11-04 17:41:36,705 - gleitzeit.workers.signal_worker - INFO - Processing registry entry: workflow=workflow-72d17d06-2a7c-4814-9916-9321dfc74316, signal=workflow-completed
[2025-11-04 17:41:36] [STDERR] 2025-11-04 17:41:36,705 - gleitzeit.workers.signal_worker - INFO - No waiters for signal workflow-completed in workflow workflow-72d17d06-2a7c-4814-9916-9321dfc74316 - keeping in registry
[2025-11-04 17:41:36] [STDERR] 2025-11-04 17:41:36,705 - gleitzeit.workers.signal_worker - INFO - Processing registry entry: workflow=workflow-72d17d06-2a7c-4814-9916-9321dfc74316, signal=processing-complete
[2025-11-04 17:41:36] [STDERR] 2025-11-04 17:41:36,705 - gleitzeit.workers.signal_worker - INFO - No waiters for signal processing-complete in workflow workflow-72d17d06-2a7c-4814-9916-9321dfc74316 - keeping in registry
[2025-11-04 17:41:37] [STDERR] 2025-11-04 17:41:37,217 - gleitzeit.workers.signal_worker - INFO - SignalWorker found 2 signals in global registry
[2025-11-04 17:41:37] [STDERR] 2025-11-04 17:41:37,217 - gleitzeit.workers.signal_worker - INFO - Processing registry entry: workflow=workflow-72d17d06-2a7c-4814-9916-9321dfc74316, signal=workflow-completed
[2025-11-04 17:41:37] [STDERR] 2025-11-04 17:41:37,217 - gleitzeit.workers.signal_worker - INFO - No waiters for signal workflow-completed in workflow workflow-72d17d06-2a7c-4814-9916-9321dfc74316 - keeping in registry
[2025-11-04 17:41:37] [STDERR] 2025-11-04 17:41:37,217 - gleitzeit.workers.signal_worker - INFO - Processing registry entry: workflow=workflow-72d17d06-2a7c-4814-9916-9321dfc74316, signal=processing-complete
[2025-11-04 17:41:37] [STDERR] 2025-11-04 17:41:37,217 - gleitzeit.workers.signal_worker - INFO - No waiters for signal processing-complete in workflow workflow-72d17d06-2a7c-4814-9916-9321dfc74316 - keeping in registry
[2025-11-04 17:41:37] [STDERR] 2025-11-04 17:41:37,718 - gleitzeit.workers.signal_worker - INFO - Signal processing loop iteration 5240
[2025-11-04 17:41:37] [STDERR] 2025-11-04 17:41:37,733 - gleitzeit.workers.signal_worker - INFO - SignalWorker found 2 signals in global registry
[2025-11-04 17:41:37] [STDERR] 2025-11-04 17:41:37,733 - gleitzeit.workers.signal_worker - INFO - Processing registry entry: workflow=workflow-72d17d06-2a7c-4814-9916-9321dfc74316, signal=workflow-completed
[2025-11-04 17:41:37] [STDERR] 2025-11-04 17:41:37,733 - gleitzeit.workers.signal_worker - INFO - No waiters for signal workflow-completed in workflow workflow-72d17d06-2a7c-4814-9916-9321dfc74316 - keeping in registry
[2025-11-04 17:41:37] [STDERR] 2025-11-04 17:41:37,733 - gleitzeit.workers.signal_worker - INFO - Processing registry entry: workflow=workflow-72d17d06-2a7c-4814-9916-9321dfc74316, signal=processing-complete
[2025-11-04 17:41:37] [STDERR] 2025-11-04 17:41:37,733 - gleitzeit.workers.signal_worker - INFO - No waiters for signal processing-complete in workflow workflow-72d17d06-2a7c-4814-9916-9321dfc74316 - keeping in registry
[2025-11-04 17:41:38] [STDERR] 2025-11-04 17:41:38,241 - gleitzeit.workers.signal_worker - INFO - SignalWorker found 2 signals in global registry
[2025-11-04 17:41:38] [STDERR] 2025-11-04 17:41:38,241 - gleitzeit.workers.signal_worker - INFO - Processing registry entry: workflow=workflow-72d17d06-2a7c-4814-9916-9321dfc74316, signal=workflow-completed
[2025-11-04 17:41:38] [STDERR] 2025-11-04 17:41:38,241 - gleitzeit.workers.signal_worker - INFO - No waiters for signal workflow-completed in workflow workflow-72d17d06-2a7c-4814-9916-9321dfc74316 - keeping in registry
[2025-11-04 17:41:38] [STDERR] 2025-11-04 17:41:38,241 - gleitzeit.workers.signal_worker - INFO - Processing registry entry: workflow=workflow-72d17d06-2a7c-4814-9916-9321dfc74316, signal=processing-complete
[2025-11-04 17:41:38] [STDERR] 2025-11-04 17:41:38,241 - gleitzeit.workers.signal_worker - INFO - No waiters for signal processing-complete in workflow workflow-72d17d06-2a7c-4814-9916-9321dfc74316 - keeping in registry
[2025-11-04 17:41:38] [STDERR] 2025-11-04 17:41:38,755 - gleitzeit.workers.signal_worker - INFO - SignalWorker found 2 signals in global registry
[2025-11-04 17:41:38] [STDERR] 2025-11-04 17:41:38,755 - gleitzeit.workers.signal_worker - INFO - Processing registry entry: workflow=workflow-72d17d06-2a7c-4814-9916-9321dfc74316, signal=workflow-completed
[2025-11-04 17:41:38] [STDERR] 2025-11-04 17:41:38,755 - gleitzeit.workers.signal_worker - INFO - No waiters for signal workflow-completed in workflow workflow-72d17d06-2a7c-4814-9916-9321dfc74316 - keeping in registry
[2025-11-04 17:41:38] [STDERR] 2025-11-04 17:41:38,755 - gleitzeit.workers.signal_worker - INFO - Processing registry entry: workflow=workflow-72d17d06-2a7c-4814-9916-9321dfc74316, signal=processing-complete
[2025-11-04 17:41:38] [STDERR] 2025-11-04 17:41:38,755 - gleitzeit.workers.signal_worker - INFO - No waiters for signal processing-complete in workflow workflow-72d17d06-2a7c-4814-9916-9321dfc74316 - keeping in registry
[2025-11-04 17:41:39] [STDERR] 2025-11-04 17:41:39,269 - gleitzeit.workers.signal_worker - INFO - SignalWorker found 2 signals in global registry
[2025-11-04 17:41:39] [STDERR] 2025-11-04 17:41:39,269 - gleitzeit.workers.signal_worker - INFO - Processing registry entry: workflow=workflow-72d17d06-2a7c-4814-9916-9321dfc74316, signal=workflow-completed
[2025-11-04 17:41:39] [STDERR] 2025-11-04 17:41:39,269 - gleitzeit.workers.signal_worker - INFO - No waiters for signal workflow-completed in workflow workflow-72d17d06-2a7c-4814-9916-9321dfc74316 - keeping in registry
[2025-11-04 17:41:39] [STDERR] 2025-11-04 17:41:39,269 - gleitzeit.workers.signal_worker - INFO - Processing registry entry: workflow=workflow-72d17d06-2a7c-4814-9916-9321dfc74316, signal=processing-complete
[2025-11-04 17:41:39] [STDERR] 2025-11-04 17:41:39,269 - gleitzeit.workers.signal_worker - INFO - No waiters for signal processing-complete in workflow workflow-72d17d06-2a7c-4814-9916-9321dfc74316 - keeping in registry
[2025-11-04 17:41:39] [STDERR] 2025-11-04 17:41:39,781 - gleitzeit.workers.signal_worker - INFO - SignalWorker found 2 signals in global registry
[2025-11-04 17:41:39] [STDERR] 2025-11-04 17:41:39,781 - gleitzeit.workers.signal_worker - INFO - Processing registry entry: workflow=workflow-72d17d06-2a7c-4814-9916-9321dfc74316, signal=workflow-completed
[2025-11-04 17:41:39] [STDERR] 2025-11-04 17:41:39,781 - gleitzeit.workers.signal_worker - INFO - No waiters for signal workflow-completed in workflow workflow-72d17d06-2a7c-4814-9916-9321dfc74316 - keeping in registry
[2025-11-04 17:41:39] [STDERR] 2025-11-04 17:41:39,781 - gleitzeit.workers.signal_worker - INFO - Processing registry entry: workflow=workflow-72d17d06-2a7c-4814-9916-9321dfc74316, signal=processing-complete
[2025-11-04 17:41:39] [STDERR] 2025-11-04 17:41:39,781 - gleitzeit.workers.signal_worker - INFO - No waiters for signal processing-complete in workflow workflow-72d17d06-2a7c-4814-9916-9321dfc74316 - keeping in registry
[2025-11-04 17:41:40] [STDERR] 2025-11-04 17:41:40,300 - gleitzeit.workers.signal_worker - INFO - SignalWorker found 2 signals in global registry
[2025-11-04 17:41:40] [STDERR] 2025-11-04 17:41:40,300 - gleitzeit.workers.signal_worker - INFO - Processing registry entry: workflow=workflow-72d17d06-2a7c-4814-9916-9321dfc74316, signal=workflow-completed
[2025-11-04 17:41:40] [STDERR] 2025-11-04 17:41:40,300 - gleitzeit.workers.signal_worker - INFO - No waiters for signal workflow-completed in workflow workflow-72d17d06-2a7c-4814-9916-9321dfc74316 - keeping in registry
[2025-11-04 17:41:40] [STDERR] 2025-11-04 17:41:40,300 - gleitzeit.workers.signal_worker - INFO - Processing registry entry: workflow=workflow-72d17d06-2a7c-4814-9916-9321dfc74316, signal=processing-complete
[2025-11-04 17:41:40] [STDERR] 2025-11-04 17:41:40,300 - gleitzeit.workers.signal_worker - INFO - No waiters for signal processing-complete in workflow workflow-72d17d06-2a7c-4814-9916-9321dfc74316 - keeping in registry
[2025-11-04 17:41:40] [STDERR] 2025-11-04 17:41:40,812 - gleitzeit.workers.signal_worker - INFO - SignalWorker found 2 signals in global registry
[2025-11-04 17:41:40] [STDERR] 2025-11-04 17:41:40,812 - gleitzeit.workers.signal_worker - INFO - Processing registry entry: workflow=workflow-72d17d06-2a7c-4814-9916-9321dfc74316, signal=workflow-completed
[2025-11-04 17:41:40] [STDERR] 2025-11-04 17:41:40,813 - gleitzeit.workers.signal_worker - INFO - No waiters for signal workflow-completed in workflow workflow-72d17d06-2a7c-4814-9916-9321dfc74316 - keeping in registry
[2025-11-04 17:41:40] [STDERR] 2025-11-04 17:41:40,813 - gleitzeit.workers.signal_worker - INFO - Processing registry entry: workflow=workflow-72d17d06-2a7c-4814-9916-9321dfc74316, signal=processing-complete
[2025-11-04 17:41:40] [STDERR] 2025-11-04 17:41:40,813 - gleitzeit.workers.signal_worker - INFO - No waiters for signal processing-complete in workflow workflow-72d17d06-2a7c-4814-9916-9321dfc74316 - keeping in registry
[2025-11-04 17:41:41] [STDERR] 2025-11-04 17:41:41,326 - gleitzeit.workers.signal_worker - INFO - SignalWorker found 2 signals in global registry
[2025-11-04 17:41:41] [STDERR] 2025-11-04 17:41:41,326 - gleitzeit.workers.signal_worker - INFO - Processing registry entry: workflow=workflow-72d17d06-2a7c-4814-9916-9321dfc74316, signal=workflow-completed
[2025-11-04 17:41:41] [STDERR] 2025-11-04 17:41:41,326 - gleitzeit.workers.signal_worker - INFO - No waiters for signal workflow-completed in workflow workflow-72d17d06-2a7c-4814-9916-9321dfc74316 - keeping in registry
[2025-11-04 17:41:41] [STDERR] 2025-11-04 17:41:41,326 - gleitzeit.workers.signal_worker - INFO - Processing registry entry: workflow=workflow-72d17d06-2a7c-4814-9916-9321dfc74316, signal=processing-complete
[2025-11-04 17:41:41] [STDERR] 2025-11-04 17:41:41,326 - gleitzeit.workers.signal_worker - INFO - No waiters for signal processing-complete in workflow workflow-72d17d06-2a7c-4814-9916-9321dfc74316 - keeping in registry
[2025-11-04 17:41:41] [STDERR] 2025-11-04 17:41:41,834 - gleitzeit.workers.signal_worker - INFO - SignalWorker found 2 signals in global registry
[2025-11-04 17:41:41] [STDERR] 2025-11-04 17:41:41,834 - gleitzeit.workers.signal_worker - INFO - Processing registry entry: workflow=workflow-72d17d06-2a7c-4814-9916-9321dfc74316, signal=workflow-completed
[2025-11-04 17:41:41] [STDERR] 2025-11-04 17:41:41,834 - gleitzeit.workers.signal_worker - INFO - No waiters for signal workflow-completed in workflow workflow-72d17d06-2a7c-4814-9916-9321dfc74316 - keeping in registry
[2025-11-04 17:41:41] [STDERR] 2025-11-04 17:41:41,834 - gleitzeit.workers.signal_worker - INFO - Processing registry entry: workflow=workflow-72d17d06-2a7c-4814-9916-9321dfc74316, signal=processing-complete
[2025-11-04 17:41:41] [STDERR] 2025-11-04 17:41:41,834 - gleitzeit.workers.signal_worker - INFO - No waiters for signal processing-complete in workflow workflow-72d17d06-2a7c-4814-9916-9321dfc74316 - keeping in registry
[2025-11-04 17:41:42] [STDERR] 2025-11-04 17:41:42,349 - gleitzeit.workers.signal_worker - INFO - SignalWorker found 2 signals in global registry
[2025-11-04 17:41:42] [STDERR] 2025-11-04 17:41:42,349 - gleitzeit.workers.signal_worker - INFO - Processing registry entry: workflow=workflow-72d17d06-2a7c-4814-9916-9321dfc74316, signal=workflow-completed
[2025-11-04 17:41:42] [STDERR] 2025-11-04 17:41:42,349 - gleitzeit.workers.signal_worker - INFO - No waiters for signal workflow-completed in workflow workflow-72d17d06-2a7c-4814-9916-9321dfc74316 - keeping in registry
[2025-11-04 17:41:42] [STDERR] 2025-11-04 17:41:42,349 - gleitzeit.workers.signal_worker - INFO - Processing registry entry: workflow=workflow-72d17d06-2a7c-4814-9916-9321dfc74316, signal=processing-complete
[2025-11-04 17:41:42] [STDERR] 2025-11-04 17:41:42,349 - gleitzeit.workers.signal_worker - INFO - No waiters for signal processing-complete in workflow workflow-72d17d06-2a7c-4814-9916-9321dfc74316 - keeping in registry
[2025-11-04 17:41:42] [STDERR] 2025-11-04 17:41:42,860 - gleitzeit.workers.signal_worker - INFO - SignalWorker found 2 signals in global registry
[2025-11-04 17:41:42] [STDERR] 2025-11-04 17:41:42,860 - gleitzeit.workers.signal_worker - INFO - Processing registry entry: workflow=workflow-72d17d06-2a7c-4814-9916-9321dfc74316, signal=workflow-completed
[2025-11-04 17:41:42] [STDERR] 2025-11-04 17:41:42,860 - gleitzeit.workers.signal_worker - INFO - No waiters for signal workflow-completed in workflow workflow-72d17d06-2a7c-4814-9916-9321dfc74316 - keeping in registry
[2025-11-04 17:41:42] [STDERR] 2025-11-04 17:41:42,860 - gleitzeit.workers.signal_worker - INFO - Processing registry entry: workflow=workflow-72d17d06-2a7c-4814-9916-9321dfc74316, signal=processing-complete
[2025-11-04 17:41:42] [STDERR] 2025-11-04 17:41:42,860 - gleitzeit.workers.signal_worker - INFO - No waiters for signal processing-complete in workflow workflow-72d17d06-2a7c-4814-9916-9321dfc74316 - keeping in registry
[2025-11-04 17:41:43] [STDERR] 2025-11-04 17:41:43,373 - gleitzeit.workers.signal_worker - INFO - SignalWorker found 2 signals in global registry
[2025-11-04 17:41:43] [STDERR] 2025-11-04 17:41:43,373 - gleitzeit.workers.signal_worker - INFO - Processing registry entry: workflow=workflow-72d17d06-2a7c-4814-9916-9321dfc74316, signal=workflow-completed
[2025-11-04 17:41:43] [STDERR] 2025-11-04 17:41:43,373 - gleitzeit.workers.signal_worker - INFO - No waiters for signal workflow-completed in workflow workflow-72d17d06-2a7c-4814-9916-9321dfc74316 - keeping in registry
[2025-11-04 17:41:43] [STDERR] 2025-11-04 17:41:43,373 - gleitzeit.workers.signal_worker - INFO - Processing registry entry: workflow=workflow-72d17d06-2a7c-4814-9916-9321dfc74316, signal=processing-complete
[2025-11-04 17:41:43] [STDERR] 2025-11-04 17:41:43,373 - gleitzeit.workers.signal_worker - INFO - No waiters for signal processing-complete in workflow workflow-72d17d06-2a7c-4814-9916-9321dfc74316 - keeping in registry
[2025-11-04 17:41:43] [STDERR] 2025-11-04 17:41:43,879 - gleitzeit.workers.signal_worker - INFO - SignalWorker found 2 signals in global registry
[2025-11-04 17:41:43] [STDERR] 2025-11-04 17:41:43,879 - gleitzeit.workers.signal_worker - INFO - Processing registry entry: workflow=workflow-72d17d06-2a7c-4814-9916-9321dfc74316, signal=workflow-completed
[2025-11-04 17:41:43] [STDERR] 2025-11-04 17:41:43,879 - gleitzeit.workers.signal_worker - INFO - No waiters for signal workflow-completed in workflow workflow-72d17d06-2a7c-4814-9916-9321dfc74316 - keeping in registry
[2025-11-04 17:41:43] [STDERR] 2025-11-04 17:41:43,879 - gleitzeit.workers.signal_worker - INFO - Processing registry entry: workflow=workflow-72d17d06-2a7c-4814-9916-9321dfc74316, signal=processing-complete
[2025-11-04 17:41:43] [STDERR] 2025-11-04 17:41:43,880 - gleitzeit.workers.signal_worker - INFO - No waiters for signal processing-complete in workflow workflow-72d17d06-2a7c-4814-9916-9321dfc74316 - keeping in registry
[2025-11-04 17:41:44] [STDERR] 2025-11-04 17:41:44,393 - gleitzeit.workers.signal_worker - INFO - SignalWorker found 2 signals in global registry
[2025-11-04 17:41:44] [STDERR] 2025-11-04 17:41:44,393 - gleitzeit.workers.signal_worker - INFO - Processing registry entry: workflow=workflow-72d17d06-2a7c-4814-9916-9321dfc74316, signal=workflow-completed
[2025-11-04 17:41:44] [STDERR] 2025-11-04 17:41:44,393 - gleitzeit.workers.signal_worker - INFO - No waiters for signal workflow-completed in workflow workflow-72d17d06-2a7c-4814-9916-9321dfc74316 - keeping in registry
[2025-11-04 17:41:44] [STDERR] 2025-11-04 17:41:44,393 - gleitzeit.workers.signal_worker - INFO - Processing registry entry: workflow=workflow-72d17d06-2a7c-4814-9916-9321dfc74316, signal=processing-complete
[2025-11-04 17:41:44] [STDERR] 2025-11-04 17:41:44,393 - gleitzeit.workers.signal_worker - INFO - No waiters for signal processing-complete in workflow workflow-72d17d06-2a7c-4814-9916-9321dfc74316 - keeping in registry
[2025-11-04 17:41:44] [STDERR] 2025-11-04 17:41:44,907 - gleitzeit.workers.signal_worker - INFO - SignalWorker found 2 signals in global registry
[2025-11-04 17:41:44] [STDERR] 2025-11-04 17:41:44,907 - gleitzeit.workers.signal_worker - INFO - Processing registry entry: workflow=workflow-72d17d06-2a7c-4814-9916-9321dfc74316, signal=workflow-completed
[2025-11-04 17:41:44] [STDERR] 2025-11-04 17:41:44,908 - gleitzeit.workers.signal_worker - INFO - No waiters for signal workflow-completed in workflow workflow-72d17d06-2a7c-4814-9916-9321dfc74316 - keeping in registry
[2025-11-04 17:41:44] [STDERR] 2025-11-04 17:41:44,908 - gleitzeit.workers.signal_worker - INFO - Processing registry entry: workflow=workflow-72d17d06-2a7c-4814-9916-9321dfc74316, signal=processing-complete
[2025-11-04 17:41:44] [STDERR] 2025-11-04 17:41:44,908 - gleitzeit.workers.signal_worker - INFO - No waiters for signal processing-complete in workflow workflow-72d17d06-2a7c-4814-9916-9321dfc74316 - keeping in registry
[2025-11-04 17:41:45] [STDERR] 2025-11-04 17:41:45,419 - gleitzeit.workers.signal_worker - INFO - SignalWorker found 2 signals in global registry
[2025-11-04 17:41:45] [STDERR] 2025-11-04 17:41:45,419 - gleitzeit.workers.signal_worker - INFO - Processing registry entry: workflow=workflow-72d17d06-2a7c-4814-9916-9321dfc74316, signal=workflow-completed
[2025-11-04 17:41:45] [STDERR] 2025-11-04 17:41:45,419 - gleitzeit.workers.signal_worker - INFO - No waiters for signal workflow-completed in workflow workflow-72d17d06-2a7c-4814-9916-9321dfc74316 - keeping in registry
[2025-11-04 17:41:45] [STDERR] 2025-11-04 17:41:45,419 - gleitzeit.workers.signal_worker - INFO - Processing registry entry: workflow=workflow-72d17d06-2a7c-4814-9916-9321dfc74316, signal=processing-complete
[2025-11-04 17:41:45] [STDERR] 2025-11-04 17:41:45,419 - gleitzeit.workers.signal_worker - INFO - No waiters for signal processing-complete in workflow workflow-72d17d06-2a7c-4814-9916-9321dfc74316 - keeping in registry
[2025-11-04 17:41:45] [STDERR] 2025-11-04 17:41:45,933 - gleitzeit.workers.signal_worker - INFO - SignalWorker found 2 signals in global registry
[2025-11-04 17:41:45] [STDERR] 2025-11-04 17:41:45,934 - gleitzeit.workers.signal_worker - INFO - Processing registry entry: workflow=workflow-72d17d06-2a7c-4814-9916-9321dfc74316, signal=workflow-completed
[2025-11-04 17:41:45] [STDERR] 2025-11-04 17:41:45,934 - gleitzeit.workers.signal_worker - INFO - No waiters for signal workflow-completed in workflow workflow-72d17d06-2a7c-4814-9916-9321dfc74316 - keeping in registry
[2025-11-04 17:41:45] [STDERR] 2025-11-04 17:41:45,934 - gleitzeit.workers.signal_worker - INFO - Processing registry entry: workflow=workflow-72d17d06-2a7c-4814-9916-9321dfc74316, signal=processing-complete
[2025-11-04 17:41:45] [STDERR] 2025-11-04 17:41:45,934 - gleitzeit.workers.signal_worker - INFO - No waiters for signal processing-complete in workflow workflow-72d17d06-2a7c-4814-9916-9321dfc74316 - keeping in registry
[2025-11-04 17:41:46] [STDERR] 2025-11-04 17:41:46,441 - gleitzeit.workers.signal_worker - INFO - SignalWorker found 2 signals in global registry
[2025-11-04 17:41:46] [STDERR] 2025-11-04 17:41:46,441 - gleitzeit.workers.signal_worker - INFO - Processing registry entry: workflow=workflow-72d17d06-2a7c-4814-9916-9321dfc74316, signal=workflow-completed
[2025-11-04 17:41:46] [STDERR] 2025-11-04 17:41:46,441 - gleitzeit.workers.signal_worker - INFO - No waiters for signal workflow-completed in workflow workflow-72d17d06-2a7c-4814-9916-9321dfc74316 - keeping in registry
[2025-11-04 17:41:46] [STDERR] 2025-11-04 17:41:46,441 - gleitzeit.workers.signal_worker - INFO - Processing registry entry: workflow=workflow-72d17d06-2a7c-4814-9916-9321dfc74316, signal=processing-complete
[2025-11-04 17:41:46] [STDERR] 2025-11-04 17:41:46,441 - gleitzeit.workers.signal_worker - INFO - No waiters for signal processing-complete in workflow workflow-72d17d06-2a7c-4814-9916-9321dfc74316 - keeping in registry
[2025-11-04 17:41:46] [STDERR] 2025-11-04 17:41:46,954 - gleitzeit.workers.signal_worker - INFO - SignalWorker found 2 signals in global registry
[2025-11-04 17:41:46] [STDERR] 2025-11-04 17:41:46,954 - gleitzeit.workers.signal_worker - INFO - Processing registry entry: workflow=workflow-72d17d06-2a7c-4814-9916-9321dfc74316, signal=workflow-completed
[2025-11-04 17:41:46] [STDERR] 2025-11-04 17:41:46,954 - gleitzeit.workers.signal_worker - INFO - No waiters for signal workflow-completed in workflow workflow-72d17d06-2a7c-4814-9916-9321dfc74316 - keeping in registry
[2025-11-04 17:41:46] [STDERR] 2025-11-04 17:41:46,954 - gleitzeit.workers.signal_worker - INFO - Processing registry entry: workflow=workflow-72d17d06-2a7c-4814-9916-9321dfc74316, signal=processing-complete
[2025-11-04 17:41:46] [STDERR] 2025-11-04 17:41:46,955 - gleitzeit.workers.signal_worker - INFO - No waiters for signal processing-complete in workflow workflow-72d17d06-2a7c-4814-9916-9321dfc74316 - keeping in registry
[2025-11-04 17:41:47] [STDERR] 2025-11-04 17:41:47,466 - gleitzeit.workers.signal_worker - INFO - SignalWorker found 2 signals in global registry
[2025-11-04 17:41:47] [STDERR] 2025-11-04 17:41:47,467 - gleitzeit.workers.signal_worker - INFO - Processing registry entry: workflow=workflow-72d17d06-2a7c-4814-9916-9321dfc74316, signal=workflow-completed
[2025-11-04 17:41:47] [STDERR] 2025-11-04 17:41:47,467 - gleitzeit.workers.signal_worker - INFO - No waiters for signal workflow-completed in workflow workflow-72d17d06-2a7c-4814-9916-9321dfc74316 - keeping in registry
[2025-11-04 17:41:47] [STDERR] 2025-11-04 17:41:47,467 - gleitzeit.workers.signal_worker - INFO - Processing registry entry: workflow=workflow-72d17d06-2a7c-4814-9916-9321dfc74316, signal=processing-complete
[2025-11-04 17:41:47] [STDERR] 2025-11-04 17:41:47,467 - gleitzeit.workers.signal_worker - INFO - No waiters for signal processing-complete in workflow workflow-72d17d06-2a7c-4814-9916-9321dfc74316 - keeping in registry
[2025-11-04 17:41:47] [STDERR] 2025-11-04 17:41:47,968 - gleitzeit.workers.signal_worker - INFO - Signal processing loop iteration 5260
[2025-11-04 17:41:47] [STDERR] 2025-11-04 17:41:47,983 - gleitzeit.workers.signal_worker - INFO - SignalWorker found 2 signals in global registry
[2025-11-04 17:41:47] [STDERR] 2025-11-04 17:41:47,983 - gleitzeit.workers.signal_worker - INFO - Processing registry entry: workflow=workflow-72d17d06-2a7c-4814-9916-9321dfc74316, signal=workflow-completed
[2025-11-04 17:41:47] [STDERR] 2025-11-04 17:41:47,984 - gleitzeit.workers.signal_worker - INFO - No waiters for signal workflow-completed in workflow workflow-72d17d06-2a7c-4814-9916-9321dfc74316 - keeping in registry
[2025-11-04 17:41:47] [STDERR] 2025-11-04 17:41:47,984 - gleitzeit.workers.signal_worker - INFO - Processing registry entry: workflow=workflow-72d17d06-2a7c-4814-9916-9321dfc74316, signal=processing-complete
[2025-11-04 17:41:47] [STDERR] 2025-11-04 17:41:47,984 - gleitzeit.workers.signal_worker - INFO - No waiters for signal processing-complete in workflow workflow-72d17d06-2a7c-4814-9916-9321dfc74316 - keeping in registry
[2025-11-04 17:41:48] [STDERR] 2025-11-04 17:41:48,495 - gleitzeit.workers.signal_worker - INFO - SignalWorker found 2 signals in global registry
[2025-11-04 17:41:48] [STDERR] 2025-11-04 17:41:48,495 - gleitzeit.workers.signal_worker - INFO - Processing registry entry: workflow=workflow-72d17d06-2a7c-4814-9916-9321dfc74316, signal=workflow-completed
[2025-11-04 17:41:48] [STDERR] 2025-11-04 17:41:48,495 - gleitzeit.workers.signal_worker - INFO - No waiters for signal workflow-completed in workflow workflow-72d17d06-2a7c-4814-9916-9321dfc74316 - keeping in registry
[2025-11-04 17:41:48] [STDERR] 2025-11-04 17:41:48,495 - gleitzeit.workers.signal_worker - INFO - Processing registry entry: workflow=workflow-72d17d06-2a7c-4814-9916-9321dfc74316, signal=processing-complete
[2025-11-04 17:41:48] [STDERR] 2025-11-04 17:41:48,495 - gleitzeit.workers.signal_worker - INFO - No waiters for signal processing-complete in workflow workflow-72d17d06-2a7c-4814-9916-9321dfc74316 - keeping in registry
[2025-11-04 17:41:49] [STDERR] 2025-11-04 17:41:49,007 - gleitzeit.workers.signal_worker - INFO - SignalWorker found 2 signals in global registry
[2025-11-04 17:41:49] [STDERR] 2025-11-04 17:41:49,007 - gleitzeit.workers.signal_worker - INFO - Processing registry entry: workflow=workflow-72d17d06-2a7c-4814-9916-9321dfc74316, signal=workflow-completed
[2025-11-04 17:41:49] [STDERR] 2025-11-04 17:41:49,007 - gleitzeit.workers.signal_worker - INFO - No waiters for signal workflow-completed in workflow workflow-72d17d06-2a7c-4814-9916-9321dfc74316 - keeping in registry
[2025-11-04 17:41:49] [STDERR] 2025-11-04 17:41:49,007 - gleitzeit.workers.signal_worker - INFO - Processing registry entry: workflow=workflow-72d17d06-2a7c-4814-9916-9321dfc74316, signal=processing-complete
[2025-11-04 17:41:49] [STDERR] 2025-11-04 17:41:49,008 - gleitzeit.workers.signal_worker - INFO - No waiters for signal processing-complete in workflow workflow-72d17d06-2a7c-4814-9916-9321dfc74316 - keeping in registry
[2025-11-04 17:41:49] [STDERR] 2025-11-04 17:41:49,514 - gleitzeit.workers.signal_worker - INFO - SignalWorker found 2 signals in global registry
[2025-11-04 17:41:49] [STDERR] 2025-11-04 17:41:49,514 - gleitzeit.workers.signal_worker - INFO - Processing registry entry: workflow=workflow-72d17d06-2a7c-4814-9916-9321dfc74316, signal=workflow-completed
[2025-11-04 17:41:49] [STDERR] 2025-11-04 17:41:49,514 - gleitzeit.workers.signal_worker - INFO - No waiters for signal workflow-completed in workflow workflow-72d17d06-2a7c-4814-9916-9321dfc74316 - keeping in registry
[2025-11-04 17:41:49] [STDERR] 2025-11-04 17:41:49,514 - gleitzeit.workers.signal_worker - INFO - Processing registry entry: workflow=workflow-72d17d06-2a7c-4814-9916-9321dfc74316, signal=processing-complete
[2025-11-04 17:41:49] [STDERR] 2025-11-04 17:41:49,514 - gleitzeit.workers.signal_worker - INFO - No waiters for signal processing-complete in workflow workflow-72d17d06-2a7c-4814-9916-9321dfc74316 - keeping in registry
[2025-11-04 17:41:50] [STDERR] 2025-11-04 17:41:50,022 - gleitzeit.workers.signal_worker - INFO - SignalWorker found 2 signals in global registry
[2025-11-04 17:41:50] [STDERR] 2025-11-04 17:41:50,022 - gleitzeit.workers.signal_worker - INFO - Processing registry entry: workflow=workflow-72d17d06-2a7c-4814-9916-9321dfc74316, signal=workflow-completed
[2025-11-04 17:41:50] [STDERR] 2025-11-04 17:41:50,022 - gleitzeit.workers.signal_worker - INFO - No waiters for signal workflow-completed in workflow workflow-72d17d06-2a7c-4814-9916-9321dfc74316 - keeping in registry
[2025-11-04 17:41:50] [STDERR] 2025-11-04 17:41:50,022 - gleitzeit.workers.signal_worker - INFO - Processing registry entry: workflow=workflow-72d17d06-2a7c-4814-9916-9321dfc74316, signal=processing-complete
[2025-11-04 17:41:50] [STDERR] 2025-11-04 17:41:50,023 - gleitzeit.workers.signal_worker - INFO - No waiters for signal processing-complete in workflow workflow-72d17d06-2a7c-4814-9916-9321dfc74316 - keeping in registry
[2025-11-04 17:41:50] [STDERR] 2025-11-04 17:41:50,543 - gleitzeit.workers.signal_worker - INFO - SignalWorker found 2 signals in global registry
[2025-11-04 17:41:50] [STDERR] 2025-11-04 17:41:50,543 - gleitzeit.workers.signal_worker - INFO - Processing registry entry: workflow=workflow-72d17d06-2a7c-4814-9916-9321dfc74316, signal=workflow-completed
[2025-11-04 17:41:50] [STDERR] 2025-11-04 17:41:50,543 - gleitzeit.workers.signal_worker - INFO - No waiters for signal workflow-completed in workflow workflow-72d17d06-2a7c-4814-9916-9321dfc74316 - keeping in registry
[2025-11-04 17:41:50] [STDERR] 2025-11-04 17:41:50,543 - gleitzeit.workers.signal_worker - INFO - Processing registry entry: workflow=workflow-72d17d06-2a7c-4814-9916-9321dfc74316, signal=processing-complete
[2025-11-04 17:41:50] [STDERR] 2025-11-04 17:41:50,543 - gleitzeit.workers.signal_worker - INFO - No waiters for signal processing-complete in workflow workflow-72d17d06-2a7c-4814-9916-9321dfc74316 - keeping in registry
[2025-11-04 17:41:51] [STDERR] 2025-11-04 17:41:51,053 - gleitzeit.workers.signal_worker - INFO - SignalWorker found 2 signals in global registry
[2025-11-04 17:41:51] [STDERR] 2025-11-04 17:41:51,053 - gleitzeit.workers.signal_worker - INFO - Processing registry entry: workflow=workflow-72d17d06-2a7c-4814-9916-9321dfc74316, signal=workflow-completed
[2025-11-04 17:41:51] [STDERR] 2025-11-04 17:41:51,053 - gleitzeit.workers.signal_worker - INFO - No waiters for signal workflow-completed in workflow workflow-72d17d06-2a7c-4814-9916-9321dfc74316 - keeping in registry
[2025-11-04 17:41:51] [STDERR] 2025-11-04 17:41:51,053 - gleitzeit.workers.signal_worker - INFO - Processing registry entry: workflow=workflow-72d17d06-2a7c-4814-9916-9321dfc74316, signal=processing-complete
[2025-11-04 17:41:51] [STDERR] 2025-11-04 17:41:51,054 - gleitzeit.workers.signal_worker - INFO - No waiters for signal processing-complete in workflow workflow-72d17d06-2a7c-4814-9916-9321dfc74316 - keeping in registry
[2025-11-04 17:41:51] [STDERR] 2025-11-04 17:41:51,570 - gleitzeit.workers.signal_worker - INFO - SignalWorker found 2 signals in global registry
[2025-11-04 17:41:51] [STDERR] 2025-11-04 17:41:51,570 - gleitzeit.workers.signal_worker - INFO - Processing registry entry: workflow=workflow-72d17d06-2a7c-4814-9916-9321dfc74316, signal=workflow-completed
[2025-11-04 17:41:51] [STDERR] 2025-11-04 17:41:51,571 - gleitzeit.workers.signal_worker - INFO - No waiters for signal workflow-completed in workflow workflow-72d17d06-2a7c-4814-9916-9321dfc74316 - keeping in registry
[2025-11-04 17:41:51] [STDERR] 2025-11-04 17:41:51,571 - gleitzeit.workers.signal_worker - INFO - Processing registry entry: workflow=workflow-72d17d06-2a7c-4814-9916-9321dfc74316, signal=processing-complete
[2025-11-04 17:41:51] [STDERR] 2025-11-04 17:41:51,571 - gleitzeit.workers.signal_worker - INFO - No waiters for signal processing-complete in workflow workflow-72d17d06-2a7c-4814-9916-9321dfc74316 - keeping in registry
[2025-11-04 17:41:52] [STDERR] 2025-11-04 17:41:52,088 - gleitzeit.workers.signal_worker - INFO - SignalWorker found 2 signals in global registry
[2025-11-04 17:41:52] [STDERR] 2025-11-04 17:41:52,089 - gleitzeit.workers.signal_worker - INFO - Processing registry entry: workflow=workflow-72d17d06-2a7c-4814-9916-9321dfc74316, signal=workflow-completed
[2025-11-04 17:41:52] [STDERR] 2025-11-04 17:41:52,089 - gleitzeit.workers.signal_worker - INFO - No waiters for signal workflow-completed in workflow workflow-72d17d06-2a7c-4814-9916-9321dfc74316 - keeping in registry
[2025-11-04 17:41:52] [STDERR] 2025-11-04 17:41:52,089 - gleitzeit.workers.signal_worker - INFO - Processing registry entry: workflow=workflow-72d17d06-2a7c-4814-9916-9321dfc74316, signal=processing-complete
[2025-11-04 17:41:52] [STDERR] 2025-11-04 17:41:52,089 - gleitzeit.workers.signal_worker - INFO - No waiters for signal processing-complete in workflow workflow-72d17d06-2a7c-4814-9916-9321dfc74316 - keeping in registry
[2025-11-04 17:41:52] [STDERR] 2025-11-04 17:41:52,606 - gleitzeit.workers.signal_worker - INFO - SignalWorker found 2 signals in global registry
[2025-11-04 17:41:52] [STDERR] 2025-11-04 17:41:52,606 - gleitzeit.workers.signal_worker - INFO - Processing registry entry: workflow=workflow-72d17d06-2a7c-4814-9916-9321dfc74316, signal=workflow-completed
[2025-11-04 17:41:52] [STDERR] 2025-11-04 17:41:52,606 - gleitzeit.workers.signal_worker - INFO - No waiters for signal workflow-completed in workflow workflow-72d17d06-2a7c-4814-9916-9321dfc74316 - keeping in registry
[2025-11-04 17:41:52] [STDERR] 2025-11-04 17:41:52,606 - gleitzeit.workers.signal_worker - INFO - Processing registry entry: workflow=workflow-72d17d06-2a7c-4814-9916-9321dfc74316, signal=processing-complete
[2025-11-04 17:41:52] [STDERR] 2025-11-04 17:41:52,607 - gleitzeit.workers.signal_worker - INFO - No waiters for signal processing-complete in workflow workflow-72d17d06-2a7c-4814-9916-9321dfc74316 - keeping in registry
[2025-11-04 17:41:53] [STDERR] 2025-11-04 17:41:53,121 - gleitzeit.workers.signal_worker - INFO - SignalWorker found 2 signals in global registry
[2025-11-04 17:41:53] [STDERR] 2025-11-04 17:41:53,121 - gleitzeit.workers.signal_worker - INFO - Processing registry entry: workflow=workflow-72d17d06-2a7c-4814-9916-9321dfc74316, signal=workflow-completed
[2025-11-04 17:41:53] [STDERR] 2025-11-04 17:41:53,122 - gleitzeit.workers.signal_worker - INFO - No waiters for signal workflow-completed in workflow workflow-72d17d06-2a7c-4814-9916-9321dfc74316 - keeping in registry
[2025-11-04 17:41:53] [STDERR] 2025-11-04 17:41:53,122 - gleitzeit.workers.signal_worker - INFO - Processing registry entry: workflow=workflow-72d17d06-2a7c-4814-9916-9321dfc74316, signal=processing-complete
[2025-11-04 17:41:53] [STDERR] 2025-11-04 17:41:53,122 - gleitzeit.workers.signal_worker - INFO - No waiters for signal processing-complete in workflow workflow-72d17d06-2a7c-4814-9916-9321dfc74316 - keeping in registry
[2025-11-04 17:41:53] [STDERR] 2025-11-04 17:41:53,629 - gleitzeit.workers.signal_worker - INFO - SignalWorker found 2 signals in global registry
[2025-11-04 17:41:53] [STDERR] 2025-11-04 17:41:53,629 - gleitzeit.workers.signal_worker - INFO - Processing registry entry: workflow=workflow-72d17d06-2a7c-4814-9916-9321dfc74316, signal=workflow-completed
[2025-11-04 17:41:53] [STDERR] 2025-11-04 17:41:53,629 - gleitzeit.workers.signal_worker - INFO - No waiters for signal workflow-completed in workflow workflow-72d17d06-2a7c-4814-9916-9321dfc74316 - keeping in registry
[2025-11-04 17:41:53] [STDERR] 2025-11-04 17:41:53,629 - gleitzeit.workers.signal_worker - INFO - Processing registry entry: workflow=workflow-72d17d06-2a7c-4814-9916-9321dfc74316, signal=processing-complete
[2025-11-04 17:41:53] [STDERR] 2025-11-04 17:41:53,629 - gleitzeit.workers.signal_worker - INFO - No waiters for signal processing-complete in workflow workflow-72d17d06-2a7c-4814-9916-9321dfc74316 - keeping in registry
[2025-11-04 17:41:54] [STDERR] 2025-11-04 17:41:54,145 - gleitzeit.workers.signal_worker - INFO - SignalWorker found 2 signals in global registry
[2025-11-04 17:41:54] [STDERR] 2025-11-04 17:41:54,145 - gleitzeit.workers.signal_worker - INFO - Processing registry entry: workflow=workflow-72d17d06-2a7c-4814-9916-9321dfc74316, signal=workflow-completed
[2025-11-04 17:41:54] [STDERR] 2025-11-04 17:41:54,145 - gleitzeit.workers.signal_worker - INFO - No waiters for signal workflow-completed in workflow workflow-72d17d06-2a7c-4814-9916-9321dfc74316 - keeping in registry
[2025-11-04 17:41:54] [STDERR] 2025-11-04 17:41:54,145 - gleitzeit.workers.signal_worker - INFO - Processing registry entry: workflow=workflow-72d17d06-2a7c-4814-9916-9321dfc74316, signal=processing-complete
[2025-11-04 17:41:54] [STDERR] 2025-11-04 17:41:54,146 - gleitzeit.workers.signal_worker - INFO - No waiters for signal processing-complete in workflow workflow-72d17d06-2a7c-4814-9916-9321dfc74316 - keeping in registry
[2025-11-04 17:41:54] [STDERR] 2025-11-04 17:41:54,652 - gleitzeit.workers.signal_worker - INFO - SignalWorker found 2 signals in global registry
[2025-11-04 17:41:54] [STDERR] 2025-11-04 17:41:54,652 - gleitzeit.workers.signal_worker - INFO - Processing registry entry: workflow=workflow-72d17d06-2a7c-4814-9916-9321dfc74316, signal=workflow-completed
[2025-11-04 17:41:54] [STDERR] 2025-11-04 17:41:54,652 - gleitzeit.workers.signal_worker - INFO - No waiters for signal workflow-completed in workflow workflow-72d17d06-2a7c-4814-9916-9321dfc74316 - keeping in registry
[2025-11-04 17:41:54] [STDERR] 2025-11-04 17:41:54,652 - gleitzeit.workers.signal_worker - INFO - Processing registry entry: workflow=workflow-72d17d06-2a7c-4814-9916-9321dfc74316, signal=processing-complete
[2025-11-04 17:41:54] [STDERR] 2025-11-04 17:41:54,652 - gleitzeit.workers.signal_worker - INFO - No waiters for signal processing-complete in workflow workflow-72d17d06-2a7c-4814-9916-9321dfc74316 - keeping in registry
[2025-11-04 17:41:55] [STDERR] 2025-11-04 17:41:55,164 - gleitzeit.workers.signal_worker - INFO - SignalWorker found 2 signals in global registry
[2025-11-04 17:41:55] [STDERR] 2025-11-04 17:41:55,164 - gleitzeit.workers.signal_worker - INFO - Processing registry entry: workflow=workflow-72d17d06-2a7c-4814-9916-9321dfc74316, signal=workflow-completed
[2025-11-04 17:41:55] [STDERR] 2025-11-04 17:41:55,164 - gleitzeit.workers.signal_worker - INFO - No waiters for signal workflow-completed in workflow workflow-72d17d06-2a7c-4814-9916-9321dfc74316 - keeping in registry
[2025-11-04 17:41:55] [STDERR] 2025-11-04 17:41:55,164 - gleitzeit.workers.signal_worker - INFO - Processing registry entry: workflow=workflow-72d17d06-2a7c-4814-9916-9321dfc74316, signal=processing-complete
[2025-11-04 17:41:55] [STDERR] 2025-11-04 17:41:55,165 - gleitzeit.workers.signal_worker - INFO - No waiters for signal processing-complete in workflow workflow-72d17d06-2a7c-4814-9916-9321dfc74316 - keeping in registry
[2025-11-04 17:41:55] [STDERR] 2025-11-04 17:41:55,679 - gleitzeit.workers.signal_worker - INFO - SignalWorker found 2 signals in global registry
[2025-11-04 17:41:55] [STDERR] 2025-11-04 17:41:55,679 - gleitzeit.workers.signal_worker - INFO - Processing registry entry: workflow=workflow-72d17d06-2a7c-4814-9916-9321dfc74316, signal=workflow-completed
[2025-11-04 17:41:55] [STDERR] 2025-11-04 17:41:55,680 - gleitzeit.workers.signal_worker - INFO - No waiters for signal workflow-completed in workflow workflow-72d17d06-2a7c-4814-9916-9321dfc74316 - keeping in registry
[2025-11-04 17:41:55] [STDERR] 2025-11-04 17:41:55,680 - gleitzeit.workers.signal_worker - INFO - Processing registry entry: workflow=workflow-72d17d06-2a7c-4814-9916-9321dfc74316, signal=processing-complete
[2025-11-04 17:41:55] [STDERR] 2025-11-04 17:41:55,680 - gleitzeit.workers.signal_worker - INFO - No waiters for signal processing-complete in workflow workflow-72d17d06-2a7c-4814-9916-9321dfc74316 - keeping in registry
[2025-11-04 17:41:56] [STDERR] 2025-11-04 17:41:56,188 - gleitzeit.workers.signal_worker - INFO - SignalWorker found 2 signals in global registry
[2025-11-04 17:41:56] [STDERR] 2025-11-04 17:41:56,188 - gleitzeit.workers.signal_worker - INFO - Processing registry entry: workflow=workflow-72d17d06-2a7c-4814-9916-9321dfc74316, signal=workflow-completed
[2025-11-04 17:41:56] [STDERR] 2025-11-04 17:41:56,188 - gleitzeit.workers.signal_worker - INFO - No waiters for signal workflow-completed in workflow workflow-72d17d06-2a7c-4814-9916-9321dfc74316 - keeping in registry
[2025-11-04 17:41:56] [STDERR] 2025-11-04 17:41:56,188 - gleitzeit.workers.signal_worker - INFO - Processing registry entry: workflow=workflow-72d17d06-2a7c-4814-9916-9321dfc74316, signal=processing-complete
[2025-11-04 17:41:56] [STDERR] 2025-11-04 17:41:56,188 - gleitzeit.workers.signal_worker - INFO - No waiters for signal processing-complete in workflow workflow-72d17d06-2a7c-4814-9916-9321dfc74316 - keeping in registry
[2025-11-04 17:41:56] [STDERR] 2025-11-04 17:41:56,705 - gleitzeit.workers.signal_worker - INFO - SignalWorker found 2 signals in global registry
[2025-11-04 17:41:56] [STDERR] 2025-11-04 17:41:56,705 - gleitzeit.workers.signal_worker - INFO - Processing registry entry: workflow=workflow-72d17d06-2a7c-4814-9916-9321dfc74316, signal=workflow-completed
[2025-11-04 17:41:56] [STDERR] 2025-11-04 17:41:56,705 - gleitzeit.workers.signal_worker - INFO - No waiters for signal workflow-completed in workflow workflow-72d17d06-2a7c-4814-9916-9321dfc74316 - keeping in registry
[2025-11-04 17:41:56] [STDERR] 2025-11-04 17:41:56,705 - gleitzeit.workers.signal_worker - INFO - Processing registry entry: workflow=workflow-72d17d06-2a7c-4814-9916-9321dfc74316, signal=processing-complete
[2025-11-04 17:41:56] [STDERR] 2025-11-04 17:41:56,706 - gleitzeit.workers.signal_worker - INFO - No waiters for signal processing-complete in workflow workflow-72d17d06-2a7c-4814-9916-9321dfc74316 - keeping in registry
[2025-11-04 17:41:57] [STDERR] 2025-11-04 17:41:57,212 - gleitzeit.workers.signal_worker - INFO - SignalWorker found 2 signals in global registry
[2025-11-04 17:41:57] [STDERR] 2025-11-04 17:41:57,212 - gleitzeit.workers.signal_worker - INFO - Processing registry entry: workflow=workflow-72d17d06-2a7c-4814-9916-9321dfc74316, signal=workflow-completed
[2025-11-04 17:41:57] [STDERR] 2025-11-04 17:41:57,212 - gleitzeit.workers.signal_worker - INFO - No waiters for signal workflow-completed in workflow workflow-72d17d06-2a7c-4814-9916-9321dfc74316 - keeping in registry
[2025-11-04 17:41:57] [STDERR] 2025-11-04 17:41:57,212 - gleitzeit.workers.signal_worker - INFO - Processing registry entry: workflow=workflow-72d17d06-2a7c-4814-9916-9321dfc74316, signal=processing-complete
[2025-11-04 17:41:57] [STDERR] 2025-11-04 17:41:57,212 - gleitzeit.workers.signal_worker - INFO - No waiters for signal processing-complete in workflow workflow-72d17d06-2a7c-4814-9916-9321dfc74316 - keeping in registry
[2025-11-04 17:41:57] [STDERR] 2025-11-04 17:41:57,729 - gleitzeit.workers.signal_worker - INFO - SignalWorker found 2 signals in global registry
[2025-11-04 17:41:57] [STDERR] 2025-11-04 17:41:57,729 - gleitzeit.workers.signal_worker - INFO - Processing registry entry: workflow=workflow-72d17d06-2a7c-4814-9916-9321dfc74316, signal=workflow-completed
[2025-11-04 17:41:57] [STDERR] 2025-11-04 17:41:57,729 - gleitzeit.workers.signal_worker - INFO - No waiters for signal workflow-completed in workflow workflow-72d17d06-2a7c-4814-9916-9321dfc74316 - keeping in registry
[2025-11-04 17:41:57] [STDERR] 2025-11-04 17:41:57,729 - gleitzeit.workers.signal_worker - INFO - Processing registry entry: workflow=workflow-72d17d06-2a7c-4814-9916-9321dfc74316, signal=processing-complete
[2025-11-04 17:41:57] [STDERR] 2025-11-04 17:41:57,729 - gleitzeit.workers.signal_worker - INFO - No waiters for signal processing-complete in workflow workflow-72d17d06-2a7c-4814-9916-9321dfc74316 - keeping in registry
[2025-11-04 17:41:58] [STDERR] 2025-11-04 17:41:58,231 - gleitzeit.workers.signal_worker - INFO - Signal processing loop iteration 5280
[2025-11-04 17:41:58] [STDERR] 2025-11-04 17:41:58,237 - gleitzeit.workers.signal_worker - INFO - SignalWorker found 2 signals in global registry
[2025-11-04 17:41:58] [STDERR] 2025-11-04 17:41:58,237 - gleitzeit.workers.signal_worker - INFO - Processing registry entry: workflow=workflow-72d17d06-2a7c-4814-9916-9321dfc74316, signal=workflow-completed
[2025-11-04 17:41:58] [STDERR] 2025-11-04 17:41:58,237 - gleitzeit.workers.signal_worker - INFO - No waiters for signal workflow-completed in workflow workflow-72d17d06-2a7c-4814-9916-9321dfc74316 - keeping in registry
[2025-11-04 17:41:58] [STDERR] 2025-11-04 17:41:58,237 - gleitzeit.workers.signal_worker - INFO - Processing registry entry: workflow=workflow-72d17d06-2a7c-4814-9916-9321dfc74316, signal=processing-complete
[2025-11-04 17:41:58] [STDERR] 2025-11-04 17:41:58,237 - gleitzeit.workers.signal_worker - INFO - No waiters for signal processing-complete in workflow workflow-72d17d06-2a7c-4814-9916-9321dfc74316 - keeping in registry
[2025-11-04 17:41:58] [STDERR] 2025-11-04 17:41:58,753 - gleitzeit.workers.signal_worker - INFO - SignalWorker found 2 signals in global registry
[2025-11-04 17:41:58] [STDERR] 2025-11-04 17:41:58,753 - gleitzeit.workers.signal_worker - INFO - Processing registry entry: workflow=workflow-72d17d06-2a7c-4814-9916-9321dfc74316, signal=workflow-completed
[2025-11-04 17:41:58] [STDERR] 2025-11-04 17:41:58,753 - gleitzeit.workers.signal_worker - INFO - No waiters for signal workflow-completed in workflow workflow-72d17d06-2a7c-4814-9916-9321dfc74316 - keeping in registry
[2025-11-04 17:41:58] [STDERR] 2025-11-04 17:41:58,753 - gleitzeit.workers.signal_worker - INFO - Processing registry entry: workflow=workflow-72d17d06-2a7c-4814-9916-9321dfc74316, signal=processing-complete
[2025-11-04 17:41:58] [STDERR] 2025-11-04 17:41:58,754 - gleitzeit.workers.signal_worker - INFO - No waiters for signal processing-complete in workflow workflow-72d17d06-2a7c-4814-9916-9321dfc74316 - keeping in registry
[2025-11-04 17:41:59] [STDERR] 2025-11-04 17:41:59,266 - gleitzeit.workers.signal_worker - INFO - SignalWorker found 2 signals in global registry
[2025-11-04 17:41:59] [STDERR] 2025-11-04 17:41:59,266 - gleitzeit.workers.signal_worker - INFO - Processing registry entry: workflow=workflow-72d17d06-2a7c-4814-9916-9321dfc74316, signal=workflow-completed
[2025-11-04 17:41:59] [STDERR] 2025-11-04 17:41:59,267 - gleitzeit.workers.signal_worker - INFO - No waiters for signal workflow-completed in workflow workflow-72d17d06-2a7c-4814-9916-9321dfc74316 - keeping in registry
[2025-11-04 17:41:59] [STDERR] 2025-11-04 17:41:59,267 - gleitzeit.workers.signal_worker - INFO - Processing registry entry: workflow=workflow-72d17d06-2a7c-4814-9916-9321dfc74316, signal=processing-complete
[2025-11-04 17:41:59] [STDERR] 2025-11-04 17:41:59,267 - gleitzeit.workers.signal_worker - INFO - No waiters for signal processing-complete in workflow workflow-72d17d06-2a7c-4814-9916-9321dfc74316 - keeping in registry
[2025-11-04 17:41:59] [STDERR] 2025-11-04 17:41:59,778 - gleitzeit.workers.signal_worker - INFO - SignalWorker found 2 signals in global registry
[2025-11-04 17:41:59] [STDERR] 2025-11-04 17:41:59,778 - gleitzeit.workers.signal_worker - INFO - Processing registry entry: workflow=workflow-72d17d06-2a7c-4814-9916-9321dfc74316, signal=workflow-completed
[2025-11-04 17:41:59] [STDERR] 2025-11-04 17:41:59,778 - gleitzeit.workers.signal_worker - INFO - No waiters for signal workflow-completed in workflow workflow-72d17d06-2a7c-4814-9916-9321dfc74316 - keeping in registry
[2025-11-04 17:41:59] [STDERR] 2025-11-04 17:41:59,778 - gleitzeit.workers.signal_worker - INFO - Processing registry entry: workflow=workflow-72d17d06-2a7c-4814-9916-9321dfc74316, signal=processing-complete
[2025-11-04 17:41:59] [STDERR] 2025-11-04 17:41:59,778 - gleitzeit.workers.signal_worker - INFO - No waiters for signal processing-complete in workflow workflow-72d17d06-2a7c-4814-9916-9321dfc74316 - keeping in registry
[2025-11-04 17:42:00] [STDERR] 2025-11-04 17:42:00,292 - gleitzeit.workers.signal_worker - INFO - SignalWorker found 2 signals in global registry
[2025-11-04 17:42:00] [STDERR] 2025-11-04 17:42:00,292 - gleitzeit.workers.signal_worker - INFO - Processing registry entry: workflow=workflow-72d17d06-2a7c-4814-9916-9321dfc74316, signal=workflow-completed
[2025-11-04 17:42:00] [STDERR] 2025-11-04 17:42:00,293 - gleitzeit.workers.signal_worker - INFO - No waiters for signal workflow-completed in workflow workflow-72d17d06-2a7c-4814-9916-9321dfc74316 - keeping in registry
[2025-11-04 17:42:00] [STDERR] 2025-11-04 17:42:00,293 - gleitzeit.workers.signal_worker - INFO - Processing registry entry: workflow=workflow-72d17d06-2a7c-4814-9916-9321dfc74316, signal=processing-complete
[2025-11-04 17:42:00] [STDERR] 2025-11-04 17:42:00,293 - gleitzeit.workers.signal_worker - INFO - No waiters for signal processing-complete in workflow workflow-72d17d06-2a7c-4814-9916-9321dfc74316 - keeping in registry
[2025-11-04 17:42:00] [STDERR] 2025-11-04 17:42:00,808 - gleitzeit.workers.signal_worker - INFO - SignalWorker found 2 signals in global registry
[2025-11-04 17:42:00] [STDERR] 2025-11-04 17:42:00,808 - gleitzeit.workers.signal_worker - INFO - Processing registry entry: workflow=workflow-72d17d06-2a7c-4814-9916-9321dfc74316, signal=workflow-completed
[2025-11-04 17:42:00] [STDERR] 2025-11-04 17:42:00,808 - gleitzeit.workers.signal_worker - INFO - No waiters for signal workflow-completed in workflow workflow-72d17d06-2a7c-4814-9916-9321dfc74316 - keeping in registry
[2025-11-04 17:42:00] [STDERR] 2025-11-04 17:42:00,808 - gleitzeit.workers.signal_worker - INFO - Processing registry entry: workflow=workflow-72d17d06-2a7c-4814-9916-9321dfc74316, signal=processing-complete
[2025-11-04 17:42:00] [STDERR] 2025-11-04 17:42:00,808 - gleitzeit.workers.signal_worker - INFO - No waiters for signal processing-complete in workflow workflow-72d17d06-2a7c-4814-9916-9321dfc74316 - keeping in registry
[2025-11-04 17:42:01] [STDERR] 2025-11-04 17:42:01,325 - gleitzeit.workers.signal_worker - INFO - SignalWorker found 2 signals in global registry
[2025-11-04 17:42:01] [STDERR] 2025-11-04 17:42:01,325 - gleitzeit.workers.signal_worker - INFO - Processing registry entry: workflow=workflow-72d17d06-2a7c-4814-9916-9321dfc74316, signal=workflow-completed
[2025-11-04 17:42:01] [STDERR] 2025-11-04 17:42:01,325 - gleitzeit.workers.signal_worker - INFO - No waiters for signal workflow-completed in workflow workflow-72d17d06-2a7c-4814-9916-9321dfc74316 - keeping in registry
[2025-11-04 17:42:01] [STDERR] 2025-11-04 17:42:01,325 - gleitzeit.workers.signal_worker - INFO - Processing registry entry: workflow=workflow-72d17d06-2a7c-4814-9916-9321dfc74316, signal=processing-complete
[2025-11-04 17:42:01] [STDERR] 2025-11-04 17:42:01,326 - gleitzeit.workers.signal_worker - INFO - No waiters for signal processing-complete in workflow workflow-72d17d06-2a7c-4814-9916-9321dfc74316 - keeping in registry
[2025-11-04 17:42:01] [STDERR] 2025-11-04 17:42:01,832 - gleitzeit.workers.signal_worker - INFO - SignalWorker found 2 signals in global registry
[2025-11-04 17:42:01] [STDERR] 2025-11-04 17:42:01,832 - gleitzeit.workers.signal_worker - INFO - Processing registry entry: workflow=workflow-72d17d06-2a7c-4814-9916-9321dfc74316, signal=workflow-completed
[2025-11-04 17:42:01] [STDERR] 2025-11-04 17:42:01,833 - gleitzeit.workers.signal_worker - INFO - No waiters for signal workflow-completed in workflow workflow-72d17d06-2a7c-4814-9916-9321dfc74316 - keeping in registry
[2025-11-04 17:42:01] [STDERR] 2025-11-04 17:42:01,833 - gleitzeit.workers.signal_worker - INFO - Processing registry entry: workflow=workflow-72d17d06-2a7c-4814-9916-9321dfc74316, signal=processing-complete
[2025-11-04 17:42:01] [STDERR] 2025-11-04 17:42:01,833 - gleitzeit.workers.signal_worker - INFO - No waiters for signal processing-complete in workflow workflow-72d17d06-2a7c-4814-9916-9321dfc74316 - keeping in registry
[2025-11-04 17:42:02] [STDERR] 2025-11-04 17:42:02,354 - gleitzeit.workers.signal_worker - INFO - SignalWorker found 2 signals in global registry
[2025-11-04 17:42:02] [STDERR] 2025-11-04 17:42:02,354 - gleitzeit.workers.signal_worker - INFO - Processing registry entry: workflow=workflow-72d17d06-2a7c-4814-9916-9321dfc74316, signal=workflow-completed
[2025-11-04 17:42:02] [STDERR] 2025-11-04 17:42:02,354 - gleitzeit.workers.signal_worker - INFO - No waiters for signal workflow-completed in workflow workflow-72d17d06-2a7c-4814-9916-9321dfc74316 - keeping in registry
[2025-11-04 17:42:02] [STDERR] 2025-11-04 17:42:02,354 - gleitzeit.workers.signal_worker - INFO - Processing registry entry: workflow=workflow-72d17d06-2a7c-4814-9916-9321dfc74316, signal=processing-complete
[2025-11-04 17:42:02] [STDERR] 2025-11-04 17:42:02,354 - gleitzeit.workers.signal_worker - INFO - No waiters for signal processing-complete in workflow workflow-72d17d06-2a7c-4814-9916-9321dfc74316 - keeping in registry
[2025-11-04 17:42:02] [STDERR] 2025-11-04 17:42:02,867 - gleitzeit.workers.signal_worker - INFO - SignalWorker found 2 signals in global registry
[2025-11-04 17:42:02] [STDERR] 2025-11-04 17:42:02,867 - gleitzeit.workers.signal_worker - INFO - Processing registry entry: workflow=workflow-72d17d06-2a7c-4814-9916-9321dfc74316, signal=workflow-completed
[2025-11-04 17:42:02] [STDERR] 2025-11-04 17:42:02,867 - gleitzeit.workers.signal_worker - INFO - No waiters for signal workflow-completed in workflow workflow-72d17d06-2a7c-4814-9916-9321dfc74316 - keeping in registry
[2025-11-04 17:42:02] [STDERR] 2025-11-04 17:42:02,867 - gleitzeit.workers.signal_worker - INFO - Processing registry entry: workflow=workflow-72d17d06-2a7c-4814-9916-9321dfc74316, signal=processing-complete
[2025-11-04 17:42:02] [STDERR] 2025-11-04 17:42:02,867 - gleitzeit.workers.signal_worker - INFO - No waiters for signal processing-complete in workflow workflow-72d17d06-2a7c-4814-9916-9321dfc74316 - keeping in registry
[2025-11-04 17:42:03] [STDERR] 2025-11-04 17:42:03,382 - gleitzeit.workers.signal_worker - INFO - SignalWorker found 2 signals in global registry
[2025-11-04 17:42:03] [STDERR] 2025-11-04 17:42:03,382 - gleitzeit.workers.signal_worker - INFO - Processing registry entry: workflow=workflow-72d17d06-2a7c-4814-9916-9321dfc74316, signal=workflow-completed
[2025-11-04 17:42:03] [STDERR] 2025-11-04 17:42:03,382 - gleitzeit.workers.signal_worker - INFO - No waiters for signal workflow-completed in workflow workflow-72d17d06-2a7c-4814-9916-9321dfc74316 - keeping in registry
[2025-11-04 17:42:03] [STDERR] 2025-11-04 17:42:03,382 - gleitzeit.workers.signal_worker - INFO - Processing registry entry: workflow=workflow-72d17d06-2a7c-4814-9916-9321dfc74316, signal=processing-complete
[2025-11-04 17:42:03] [STDERR] 2025-11-04 17:42:03,383 - gleitzeit.workers.signal_worker - INFO - No waiters for signal processing-complete in workflow workflow-72d17d06-2a7c-4814-9916-9321dfc74316 - keeping in registry
[2025-11-04 17:42:03] [STDERR] 2025-11-04 17:42:03,896 - gleitzeit.workers.signal_worker - INFO - SignalWorker found 2 signals in global registry
[2025-11-04 17:42:03] [STDERR] 2025-11-04 17:42:03,896 - gleitzeit.workers.signal_worker - INFO - Processing registry entry: workflow=workflow-72d17d06-2a7c-4814-9916-9321dfc74316, signal=workflow-completed
[2025-11-04 17:42:03] [STDERR] 2025-11-04 17:42:03,896 - gleitzeit.workers.signal_worker - INFO - No waiters for signal workflow-completed in workflow workflow-72d17d06-2a7c-4814-9916-9321dfc74316 - keeping in registry
[2025-11-04 17:42:03] [STDERR] 2025-11-04 17:42:03,896 - gleitzeit.workers.signal_worker - INFO - Processing registry entry: workflow=workflow-72d17d06-2a7c-4814-9916-9321dfc74316, signal=processing-complete
[2025-11-04 17:42:03] [STDERR] 2025-11-04 17:42:03,896 - gleitzeit.workers.signal_worker - INFO - No waiters for signal processing-complete in workflow workflow-72d17d06-2a7c-4814-9916-9321dfc74316 - keeping in registry
[2025-11-04 17:42:04] [STDERR] 2025-11-04 17:42:04,411 - gleitzeit.workers.signal_worker - INFO - SignalWorker found 2 signals in global registry
[2025-11-04 17:42:04] [STDERR] 2025-11-04 17:42:04,411 - gleitzeit.workers.signal_worker - INFO - Processing registry entry: workflow=workflow-72d17d06-2a7c-4814-9916-9321dfc74316, signal=workflow-completed
[2025-11-04 17:42:04] [STDERR] 2025-11-04 17:42:04,411 - gleitzeit.workers.signal_worker - INFO - No waiters for signal workflow-completed in workflow workflow-72d17d06-2a7c-4814-9916-9321dfc74316 - keeping in registry
[2025-11-04 17:42:04] [STDERR] 2025-11-04 17:42:04,411 - gleitzeit.workers.signal_worker - INFO - Processing registry entry: workflow=workflow-72d17d06-2a7c-4814-9916-9321dfc74316, signal=processing-complete
[2025-11-04 17:42:04] [STDERR] 2025-11-04 17:42:04,411 - gleitzeit.workers.signal_worker - INFO - No waiters for signal processing-complete in workflow workflow-72d17d06-2a7c-4814-9916-9321dfc74316 - keeping in registry
[2025-11-04 17:42:04] [STDERR] 2025-11-04 17:42:04,927 - gleitzeit.workers.signal_worker - INFO - SignalWorker found 2 signals in global registry
[2025-11-04 17:42:04] [STDERR] 2025-11-04 17:42:04,927 - gleitzeit.workers.signal_worker - INFO - Processing registry entry: workflow=workflow-72d17d06-2a7c-4814-9916-9321dfc74316, signal=workflow-completed
[2025-11-04 17:42:04] [STDERR] 2025-11-04 17:42:04,927 - gleitzeit.workers.signal_worker - INFO - No waiters for signal workflow-completed in workflow workflow-72d17d06-2a7c-4814-9916-9321dfc74316 - keeping in registry
[2025-11-04 17:42:04] [STDERR] 2025-11-04 17:42:04,927 - gleitzeit.workers.signal_worker - INFO - Processing registry entry: workflow=workflow-72d17d06-2a7c-4814-9916-9321dfc74316, signal=processing-complete
[2025-11-04 17:42:04] [STDERR] 2025-11-04 17:42:04,928 - gleitzeit.workers.signal_worker - INFO - No waiters for signal processing-complete in workflow workflow-72d17d06-2a7c-4814-9916-9321dfc74316 - keeping in registry
[2025-11-04 17:42:05] [STDERR] 2025-11-04 17:42:05,444 - gleitzeit.workers.signal_worker - INFO - SignalWorker found 2 signals in global registry
[2025-11-04 17:42:05] [STDERR] 2025-11-04 17:42:05,444 - gleitzeit.workers.signal_worker - INFO - Processing registry entry: workflow=workflow-72d17d06-2a7c-4814-9916-9321dfc74316, signal=workflow-completed
[2025-11-04 17:42:05] [STDERR] 2025-11-04 17:42:05,444 - gleitzeit.workers.signal_worker - INFO - No waiters for signal workflow-completed in workflow workflow-72d17d06-2a7c-4814-9916-9321dfc74316 - keeping in registry
[2025-11-04 17:42:05] [STDERR] 2025-11-04 17:42:05,444 - gleitzeit.workers.signal_worker - INFO - Processing registry entry: workflow=workflow-72d17d06-2a7c-4814-9916-9321dfc74316, signal=processing-complete
[2025-11-04 17:42:05] [STDERR] 2025-11-04 17:42:05,445 - gleitzeit.workers.signal_worker - INFO - No waiters for signal processing-complete in workflow workflow-72d17d06-2a7c-4814-9916-9321dfc74316 - keeping in registry
[2025-11-04 17:42:05] [STDERR] 2025-11-04 17:42:05,962 - gleitzeit.workers.signal_worker - INFO - SignalWorker found 2 signals in global registry
[2025-11-04 17:42:05] [STDERR] 2025-11-04 17:42:05,962 - gleitzeit.workers.signal_worker - INFO - Processing registry entry: workflow=workflow-72d17d06-2a7c-4814-9916-9321dfc74316, signal=workflow-completed
[2025-11-04 17:42:05] [STDERR] 2025-11-04 17:42:05,963 - gleitzeit.workers.signal_worker - INFO - No waiters for signal workflow-completed in workflow workflow-72d17d06-2a7c-4814-9916-9321dfc74316 - keeping in registry
[2025-11-04 17:42:05] [STDERR] 2025-11-04 17:42:05,963 - gleitzeit.workers.signal_worker - INFO - Processing registry entry: workflow=workflow-72d17d06-2a7c-4814-9916-9321dfc74316, signal=processing-complete
[2025-11-04 17:42:05] [STDERR] 2025-11-04 17:42:05,963 - gleitzeit.workers.signal_worker - INFO - No waiters for signal processing-complete in workflow workflow-72d17d06-2a7c-4814-9916-9321dfc74316 - keeping in registry
[2025-11-04 17:42:06] [STDERR] 2025-11-04 17:42:06,469 - gleitzeit.workers.signal_worker - INFO - SignalWorker found 2 signals in global registry
[2025-11-04 17:42:06] [STDERR] 2025-11-04 17:42:06,469 - gleitzeit.workers.signal_worker - INFO - Processing registry entry: workflow=workflow-72d17d06-2a7c-4814-9916-9321dfc74316, signal=workflow-completed
[2025-11-04 17:42:06] [STDERR] 2025-11-04 17:42:06,469 - gleitzeit.workers.signal_worker - INFO - No waiters for signal workflow-completed in workflow workflow-72d17d06-2a7c-4814-9916-9321dfc74316 - keeping in registry
[2025-11-04 17:42:06] [STDERR] 2025-11-04 17:42:06,469 - gleitzeit.workers.signal_worker - INFO - Processing registry entry: workflow=workflow-72d17d06-2a7c-4814-9916-9321dfc74316, signal=processing-complete
[2025-11-04 17:42:06] [STDERR] 2025-11-04 17:42:06,469 - gleitzeit.workers.signal_worker - INFO - No waiters for signal processing-complete in workflow workflow-72d17d06-2a7c-4814-9916-9321dfc74316 - keeping in registry
[2025-11-04 17:42:06] [STDERR] 2025-11-04 17:42:06,984 - gleitzeit.workers.signal_worker - INFO - SignalWorker found 2 signals in global registry
[2025-11-04 17:42:06] [STDERR] 2025-11-04 17:42:06,984 - gleitzeit.workers.signal_worker - INFO - Processing registry entry: workflow=workflow-72d17d06-2a7c-4814-9916-9321dfc74316, signal=workflow-completed
[2025-11-04 17:42:06] [STDERR] 2025-11-04 17:42:06,984 - gleitzeit.workers.signal_worker - INFO - No waiters for signal workflow-completed in workflow workflow-72d17d06-2a7c-4814-9916-9321dfc74316 - keeping in registry
[2025-11-04 17:42:06] [STDERR] 2025-11-04 17:42:06,984 - gleitzeit.workers.signal_worker - INFO - Processing registry entry: workflow=workflow-72d17d06-2a7c-4814-9916-9321dfc74316, signal=processing-complete
[2025-11-04 17:42:06] [STDERR] 2025-11-04 17:42:06,985 - gleitzeit.workers.signal_worker - INFO - No waiters for signal processing-complete in workflow workflow-72d17d06-2a7c-4814-9916-9321dfc74316 - keeping in registry
[2025-11-04 17:42:07] [STDERR] 2025-11-04 17:42:07,497 - gleitzeit.workers.signal_worker - INFO - SignalWorker found 2 signals in global registry
[2025-11-04 17:42:07] [STDERR] 2025-11-04 17:42:07,497 - gleitzeit.workers.signal_worker - INFO - Processing registry entry: workflow=workflow-72d17d06-2a7c-4814-9916-9321dfc74316, signal=workflow-completed
[2025-11-04 17:42:07] [STDERR] 2025-11-04 17:42:07,497 - gleitzeit.workers.signal_worker - INFO - No waiters for signal workflow-completed in workflow workflow-72d17d06-2a7c-4814-9916-9321dfc74316 - keeping in registry
[2025-11-04 17:42:07] [STDERR] 2025-11-04 17:42:07,497 - gleitzeit.workers.signal_worker - INFO - Processing registry entry: workflow=workflow-72d17d06-2a7c-4814-9916-9321dfc74316, signal=processing-complete
[2025-11-04 17:42:07] [STDERR] 2025-11-04 17:42:07,497 - gleitzeit.workers.signal_worker - INFO - No waiters for signal processing-complete in workflow workflow-72d17d06-2a7c-4814-9916-9321dfc74316 - keeping in registry
[2025-11-04 17:42:08] [STDERR] 2025-11-04 17:42:08,012 - gleitzeit.workers.signal_worker - INFO - SignalWorker found 2 signals in global registry
[2025-11-04 17:42:08] [STDERR] 2025-11-04 17:42:08,012 - gleitzeit.workers.signal_worker - INFO - Processing registry entry: workflow=workflow-72d17d06-2a7c-4814-9916-9321dfc74316, signal=workflow-completed
[2025-11-04 17:42:08] [STDERR] 2025-11-04 17:42:08,013 - gleitzeit.workers.signal_worker - INFO - No waiters for signal workflow-completed in workflow workflow-72d17d06-2a7c-4814-9916-9321dfc74316 - keeping in registry
[2025-11-04 17:42:08] [STDERR] 2025-11-04 17:42:08,013 - gleitzeit.workers.signal_worker - INFO - Processing registry entry: workflow=workflow-72d17d06-2a7c-4814-9916-9321dfc74316, signal=processing-complete
[2025-11-04 17:42:08] [STDERR] 2025-11-04 17:42:08,014 - gleitzeit.workers.signal_worker - INFO - No waiters for signal processing-complete in workflow workflow-72d17d06-2a7c-4814-9916-9321dfc74316 - keeping in registry
[2025-11-04 17:42:08] [STDERR] 2025-11-04 17:42:08,515 - gleitzeit.workers.signal_worker - INFO - Signal processing loop iteration 5300
[2025-11-04 17:42:08] [STDERR] 2025-11-04 17:42:08,522 - gleitzeit.workers.signal_worker - INFO - SignalWorker found 2 signals in global registry
[2025-11-04 17:42:08] [STDERR] 2025-11-04 17:42:08,522 - gleitzeit.workers.signal_worker - INFO - Processing registry entry: workflow=workflow-72d17d06-2a7c-4814-9916-9321dfc74316, signal=workflow-completed
[2025-11-04 17:42:08] [STDERR] 2025-11-04 17:42:08,522 - gleitzeit.workers.signal_worker - INFO - No waiters for signal workflow-completed in workflow workflow-72d17d06-2a7c-4814-9916-9321dfc74316 - keeping in registry
[2025-11-04 17:42:08] [STDERR] 2025-11-04 17:42:08,522 - gleitzeit.workers.signal_worker - INFO - Processing registry entry: workflow=workflow-72d17d06-2a7c-4814-9916-9321dfc74316, signal=processing-complete
[2025-11-04 17:42:08] [STDERR] 2025-11-04 17:42:08,522 - gleitzeit.workers.signal_worker - INFO - No waiters for signal processing-complete in workflow workflow-72d17d06-2a7c-4814-9916-9321dfc74316 - keeping in registry
[2025-11-04 17:42:09] [STDERR] 2025-11-04 17:42:09,037 - gleitzeit.workers.signal_worker - INFO - SignalWorker found 2 signals in global registry
[2025-11-04 17:42:09] [STDERR] 2025-11-04 17:42:09,037 - gleitzeit.workers.signal_worker - INFO - Processing registry entry: workflow=workflow-72d17d06-2a7c-4814-9916-9321dfc74316, signal=workflow-completed
[2025-11-04 17:42:09] [STDERR] 2025-11-04 17:42:09,037 - gleitzeit.workers.signal_worker - INFO - No waiters for signal workflow-completed in workflow workflow-72d17d06-2a7c-4814-9916-9321dfc74316 - keeping in registry
[2025-11-04 17:42:09] [STDERR] 2025-11-04 17:42:09,038 - gleitzeit.workers.signal_worker - INFO - Processing registry entry: workflow=workflow-72d17d06-2a7c-4814-9916-9321dfc74316, signal=processing-complete
[2025-11-04 17:42:09] [STDERR] 2025-11-04 17:42:09,038 - gleitzeit.workers.signal_worker - INFO - No waiters for signal processing-complete in workflow workflow-72d17d06-2a7c-4814-9916-9321dfc74316 - keeping in registry
[2025-11-04 17:42:09] [STDERR] 2025-11-04 17:42:09,544 - gleitzeit.workers.signal_worker - INFO - SignalWorker found 2 signals in global registry
[2025-11-04 17:42:09] [STDERR] 2025-11-04 17:42:09,544 - gleitzeit.workers.signal_worker - INFO - Processing registry entry: workflow=workflow-72d17d06-2a7c-4814-9916-9321dfc74316, signal=workflow-completed
[2025-11-04 17:42:09] [STDERR] 2025-11-04 17:42:09,544 - gleitzeit.workers.signal_worker - INFO - No waiters for signal workflow-completed in workflow workflow-72d17d06-2a7c-4814-9916-9321dfc74316 - keeping in registry
[2025-11-04 17:42:09] [STDERR] 2025-11-04 17:42:09,544 - gleitzeit.workers.signal_worker - INFO - Processing registry entry: workflow=workflow-72d17d06-2a7c-4814-9916-9321dfc74316, signal=processing-complete
[2025-11-04 17:42:09] [STDERR] 2025-11-04 17:42:09,544 - gleitzeit.workers.signal_worker - INFO - No waiters for signal processing-complete in workflow workflow-72d17d06-2a7c-4814-9916-9321dfc74316 - keeping in registry
[2025-11-04 17:42:10] [STDERR] 2025-11-04 17:42:10,059 - gleitzeit.workers.signal_worker - INFO - SignalWorker found 2 signals in global registry
[2025-11-04 17:42:10] [STDERR] 2025-11-04 17:42:10,059 - gleitzeit.workers.signal_worker - INFO - Processing registry entry: workflow=workflow-72d17d06-2a7c-4814-9916-9321dfc74316, signal=workflow-completed
[2025-11-04 17:42:10] [STDERR] 2025-11-04 17:42:10,059 - gleitzeit.workers.signal_worker - INFO - No waiters for signal workflow-completed in workflow workflow-72d17d06-2a7c-4814-9916-9321dfc74316 - keeping in registry
[2025-11-04 17:42:10] [STDERR] 2025-11-04 17:42:10,059 - gleitzeit.workers.signal_worker - INFO - Processing registry entry: workflow=workflow-72d17d06-2a7c-4814-9916-9321dfc74316, signal=processing-complete
[2025-11-04 17:42:10] [STDERR] 2025-11-04 17:42:10,059 - gleitzeit.workers.signal_worker - INFO - No waiters for signal processing-complete in workflow workflow-72d17d06-2a7c-4814-9916-9321dfc74316 - keeping in registry
[2025-11-04 17:42:10] [STDERR] 2025-11-04 17:42:10,566 - gleitzeit.workers.signal_worker - INFO - SignalWorker found 2 signals in global registry
[2025-11-04 17:42:10] [STDERR] 2025-11-04 17:42:10,566 - gleitzeit.workers.signal_worker - INFO - Processing registry entry: workflow=workflow-72d17d06-2a7c-4814-9916-9321dfc74316, signal=workflow-completed
[2025-11-04 17:42:10] [STDERR] 2025-11-04 17:42:10,566 - gleitzeit.workers.signal_worker - INFO - No waiters for signal workflow-completed in workflow workflow-72d17d06-2a7c-4814-9916-9321dfc74316 - keeping in registry
[2025-11-04 17:42:10] [STDERR] 2025-11-04 17:42:10,566 - gleitzeit.workers.signal_worker - INFO - Processing registry entry: workflow=workflow-72d17d06-2a7c-4814-9916-9321dfc74316, signal=processing-complete
[2025-11-04 17:42:10] [STDERR] 2025-11-04 17:42:10,566 - gleitzeit.workers.signal_worker - INFO - No waiters for signal processing-complete in workflow workflow-72d17d06-2a7c-4814-9916-9321dfc74316 - keeping in registry
[2025-11-04 17:42:11] [STDERR] 2025-11-04 17:42:11,077 - gleitzeit.workers.signal_worker - INFO - SignalWorker found 2 signals in global registry
[2025-11-04 17:42:11] [STDERR] 2025-11-04 17:42:11,077 - gleitzeit.workers.signal_worker - INFO - Processing registry entry: workflow=workflow-72d17d06-2a7c-4814-9916-9321dfc74316, signal=workflow-completed
[2025-11-04 17:42:11] [STDERR] 2025-11-04 17:42:11,077 - gleitzeit.workers.signal_worker - INFO - No waiters for signal workflow-completed in workflow workflow-72d17d06-2a7c-4814-9916-9321dfc74316 - keeping in registry
[2025-11-04 17:42:11] [STDERR] 2025-11-04 17:42:11,078 - gleitzeit.workers.signal_worker - INFO - Processing registry entry: workflow=workflow-72d17d06-2a7c-4814-9916-9321dfc74316, signal=processing-complete
[2025-11-04 17:42:11] [STDERR] 2025-11-04 17:42:11,078 - gleitzeit.workers.signal_worker - INFO - No waiters for signal processing-complete in workflow workflow-72d17d06-2a7c-4814-9916-9321dfc74316 - keeping in registry
[2025-11-04 17:42:11] [STDERR] 2025-11-04 17:42:11,594 - gleitzeit.workers.signal_worker - INFO - SignalWorker found 2 signals in global registry
[2025-11-04 17:42:11] [STDERR] 2025-11-04 17:42:11,594 - gleitzeit.workers.signal_worker - INFO - Processing registry entry: workflow=workflow-72d17d06-2a7c-4814-9916-9321dfc74316, signal=workflow-completed
[2025-11-04 17:42:11] [STDERR] 2025-11-04 17:42:11,594 - gleitzeit.workers.signal_worker - INFO - No waiters for signal workflow-completed in workflow workflow-72d17d06-2a7c-4814-9916-9321dfc74316 - keeping in registry
[2025-11-04 17:42:11] [STDERR] 2025-11-04 17:42:11,594 - gleitzeit.workers.signal_worker - INFO - Processing registry entry: workflow=workflow-72d17d06-2a7c-4814-9916-9321dfc74316, signal=processing-complete
[2025-11-04 17:42:11] [STDERR] 2025-11-04 17:42:11,594 - gleitzeit.workers.signal_worker - INFO - No waiters for signal processing-complete in workflow workflow-72d17d06-2a7c-4814-9916-9321dfc74316 - keeping in registry
[2025-11-04 17:42:12] [STDERR] 2025-11-04 17:42:12,112 - gleitzeit.workers.signal_worker - INFO - SignalWorker found 2 signals in global registry
[2025-11-04 17:42:12] [STDERR] 2025-11-04 17:42:12,112 - gleitzeit.workers.signal_worker - INFO - Processing registry entry: workflow=workflow-72d17d06-2a7c-4814-9916-9321dfc74316, signal=workflow-completed
[2025-11-04 17:42:12] [STDERR] 2025-11-04 17:42:12,112 - gleitzeit.workers.signal_worker - INFO - No waiters for signal workflow-completed in workflow workflow-72d17d06-2a7c-4814-9916-9321dfc74316 - keeping in registry
[2025-11-04 17:42:12] [STDERR] 2025-11-04 17:42:12,112 - gleitzeit.workers.signal_worker - INFO - Processing registry entry: workflow=workflow-72d17d06-2a7c-4814-9916-9321dfc74316, signal=processing-complete
[2025-11-04 17:42:12] [STDERR] 2025-11-04 17:42:12,113 - gleitzeit.workers.signal_worker - INFO - No waiters for signal processing-complete in workflow workflow-72d17d06-2a7c-4814-9916-9321dfc74316 - keeping in registry
[2025-11-04 17:42:12] [STDERR] 2025-11-04 17:42:12,629 - gleitzeit.workers.signal_worker - INFO - SignalWorker found 2 signals in global registry
[2025-11-04 17:42:12] [STDERR] 2025-11-04 17:42:12,629 - gleitzeit.workers.signal_worker - INFO - Processing registry entry: workflow=workflow-72d17d06-2a7c-4814-9916-9321dfc74316, signal=workflow-completed
[2025-11-04 17:42:12] [STDERR] 2025-11-04 17:42:12,630 - gleitzeit.workers.signal_worker - INFO - No waiters for signal workflow-completed in workflow workflow-72d17d06-2a7c-4814-9916-9321dfc74316 - keeping in registry
[2025-11-04 17:42:12] [STDERR] 2025-11-04 17:42:12,630 - gleitzeit.workers.signal_worker - INFO - Processing registry entry: workflow=workflow-72d17d06-2a7c-4814-9916-9321dfc74316, signal=processing-complete
[2025-11-04 17:42:12] [STDERR] 2025-11-04 17:42:12,630 - gleitzeit.workers.signal_worker - INFO - No waiters for signal processing-complete in workflow workflow-72d17d06-2a7c-4814-9916-9321dfc74316 - keeping in registry
[2025-11-04 17:42:13] [STDERR] 2025-11-04 17:42:13,145 - gleitzeit.workers.signal_worker - INFO - SignalWorker found 2 signals in global registry
[2025-11-04 17:42:13] [STDERR] 2025-11-04 17:42:13,145 - gleitzeit.workers.signal_worker - INFO - Processing registry entry: workflow=workflow-72d17d06-2a7c-4814-9916-9321dfc74316, signal=workflow-completed
[2025-11-04 17:42:13] [STDERR] 2025-11-04 17:42:13,145 - gleitzeit.workers.signal_worker - INFO - No waiters for signal workflow-completed in workflow workflow-72d17d06-2a7c-4814-9916-9321dfc74316 - keeping in registry
[2025-11-04 17:42:13] [STDERR] 2025-11-04 17:42:13,145 - gleitzeit.workers.signal_worker - INFO - Processing registry entry: workflow=workflow-72d17d06-2a7c-4814-9916-9321dfc74316, signal=processing-complete
[2025-11-04 17:42:13] [STDERR] 2025-11-04 17:42:13,146 - gleitzeit.workers.signal_worker - INFO - No waiters for signal processing-complete in workflow workflow-72d17d06-2a7c-4814-9916-9321dfc74316 - keeping in registry
[2025-11-04 17:42:13] [STDERR] 2025-11-04 17:42:13,655 - gleitzeit.workers.signal_worker - INFO - SignalWorker found 2 signals in global registry
[2025-11-04 17:42:13] [STDERR] 2025-11-04 17:42:13,655 - gleitzeit.workers.signal_worker - INFO - Processing registry entry: workflow=workflow-72d17d06-2a7c-4814-9916-9321dfc74316, signal=workflow-completed
[2025-11-04 17:42:13] [STDERR] 2025-11-04 17:42:13,655 - gleitzeit.workers.signal_worker - INFO - No waiters for signal workflow-completed in workflow workflow-72d17d06-2a7c-4814-9916-9321dfc74316 - keeping in registry
[2025-11-04 17:42:13] [STDERR] 2025-11-04 17:42:13,655 - gleitzeit.workers.signal_worker - INFO - Processing registry entry: workflow=workflow-72d17d06-2a7c-4814-9916-9321dfc74316, signal=processing-complete
[2025-11-04 17:42:13] [STDERR] 2025-11-04 17:42:13,655 - gleitzeit.workers.signal_worker - INFO - No waiters for signal processing-complete in workflow workflow-72d17d06-2a7c-4814-9916-9321dfc74316 - keeping in registry
[2025-11-04 17:42:14] [STDERR] 2025-11-04 17:42:14,171 - gleitzeit.workers.signal_worker - INFO - SignalWorker found 2 signals in global registry
[2025-11-04 17:42:14] [STDERR] 2025-11-04 17:42:14,171 - gleitzeit.workers.signal_worker - INFO - Processing registry entry: workflow=workflow-72d17d06-2a7c-4814-9916-9321dfc74316, signal=workflow-completed
[2025-11-04 17:42:14] [STDERR] 2025-11-04 17:42:14,171 - gleitzeit.workers.signal_worker - INFO - No waiters for signal workflow-completed in workflow workflow-72d17d06-2a7c-4814-9916-9321dfc74316 - keeping in registry
[2025-11-04 17:42:14] [STDERR] 2025-11-04 17:42:14,171 - gleitzeit.workers.signal_worker - INFO - Processing registry entry: workflow=workflow-72d17d06-2a7c-4814-9916-9321dfc74316, signal=processing-complete
[2025-11-04 17:42:14] [STDERR] 2025-11-04 17:42:14,172 - gleitzeit.workers.signal_worker - INFO - No waiters for signal processing-complete in workflow workflow-72d17d06-2a7c-4814-9916-9321dfc74316 - keeping in registry
[2025-11-04 17:42:14] [STDERR] 2025-11-04 17:42:14,683 - gleitzeit.workers.signal_worker - INFO - SignalWorker found 2 signals in global registry
[2025-11-04 17:42:14] [STDERR] 2025-11-04 17:42:14,683 - gleitzeit.workers.signal_worker - INFO - Processing registry entry: workflow=workflow-72d17d06-2a7c-4814-9916-9321dfc74316, signal=workflow-completed
[2025-11-04 17:42:14] [STDERR] 2025-11-04 17:42:14,683 - gleitzeit.workers.signal_worker - INFO - No waiters for signal workflow-completed in workflow workflow-72d17d06-2a7c-4814-9916-9321dfc74316 - keeping in registry
[2025-11-04 17:42:14] [STDERR] 2025-11-04 17:42:14,683 - gleitzeit.workers.signal_worker - INFO - Processing registry entry: workflow=workflow-72d17d06-2a7c-4814-9916-9321dfc74316, signal=processing-complete
[2025-11-04 17:42:14] [STDERR] 2025-11-04 17:42:14,684 - gleitzeit.workers.signal_worker - INFO - No waiters for signal processing-complete in workflow workflow-72d17d06-2a7c-4814-9916-9321dfc74316 - keeping in registry
[2025-11-04 17:42:15] [STDERR] 2025-11-04 17:42:15,198 - gleitzeit.workers.signal_worker - INFO - SignalWorker found 2 signals in global registry
[2025-11-04 17:42:15] [STDERR] 2025-11-04 17:42:15,198 - gleitzeit.workers.signal_worker - INFO - Processing registry entry: workflow=workflow-72d17d06-2a7c-4814-9916-9321dfc74316, signal=workflow-completed
[2025-11-04 17:42:15] [STDERR] 2025-11-04 17:42:15,199 - gleitzeit.workers.signal_worker - INFO - No waiters for signal workflow-completed in workflow workflow-72d17d06-2a7c-4814-9916-9321dfc74316 - keeping in registry
[2025-11-04 17:42:15] [STDERR] 2025-11-04 17:42:15,199 - gleitzeit.workers.signal_worker - INFO - Processing registry entry: workflow=workflow-72d17d06-2a7c-4814-9916-9321dfc74316, signal=processing-complete
[2025-11-04 17:42:15] [STDERR] 2025-11-04 17:42:15,199 - gleitzeit.workers.signal_worker - INFO - No waiters for signal processing-complete in workflow workflow-72d17d06-2a7c-4814-9916-9321dfc74316 - keeping in registry
[2025-11-04 17:42:15] [STDERR] 2025-11-04 17:42:15,729 - gleitzeit.workers.signal_worker - INFO - SignalWorker found 2 signals in global registry
[2025-11-04 17:42:15] [STDERR] 2025-11-04 17:42:15,729 - gleitzeit.workers.signal_worker - INFO - Processing registry entry: workflow=workflow-72d17d06-2a7c-4814-9916-9321dfc74316, signal=workflow-completed
[2025-11-04 17:42:15] [STDERR] 2025-11-04 17:42:15,729 - gleitzeit.workers.signal_worker - INFO - No waiters for signal workflow-completed in workflow workflow-72d17d06-2a7c-4814-9916-9321dfc74316 - keeping in registry
[2025-11-04 17:42:15] [STDERR] 2025-11-04 17:42:15,729 - gleitzeit.workers.signal_worker - INFO - Processing registry entry: workflow=workflow-72d17d06-2a7c-4814-9916-9321dfc74316, signal=processing-complete
[2025-11-04 17:42:15] [STDERR] 2025-11-04 17:42:15,730 - gleitzeit.workers.signal_worker - INFO - No waiters for signal processing-complete in workflow workflow-72d17d06-2a7c-4814-9916-9321dfc74316 - keeping in registry
[2025-11-04 17:42:16] [STDERR] 2025-11-04 17:42:16,246 - gleitzeit.workers.signal_worker - INFO - SignalWorker found 2 signals in global registry
[2025-11-04 17:42:16] [STDERR] 2025-11-04 17:42:16,246 - gleitzeit.workers.signal_worker - INFO - Processing registry entry: workflow=workflow-72d17d06-2a7c-4814-9916-9321dfc74316, signal=workflow-completed
[2025-11-04 17:42:16] [STDERR] 2025-11-04 17:42:16,247 - gleitzeit.workers.signal_worker - INFO - No waiters for signal workflow-completed in workflow workflow-72d17d06-2a7c-4814-9916-9321dfc74316 - keeping in registry
[2025-11-04 17:42:16] [STDERR] 2025-11-04 17:42:16,247 - gleitzeit.workers.signal_worker - INFO - Processing registry entry: workflow=workflow-72d17d06-2a7c-4814-9916-9321dfc74316, signal=processing-complete
[2025-11-04 17:42:16] [STDERR] 2025-11-04 17:42:16,247 - gleitzeit.workers.signal_worker - INFO - No waiters for signal processing-complete in workflow workflow-72d17d06-2a7c-4814-9916-9321dfc74316 - keeping in registry
